$ node --test tests/*.test.ts
✔ local: cookie flags preserve Astro production defaults and deletion scope (1.265426ms)
✔ local SvelteKit substitution: same-origin session mutations need no custom header (27.63051ms)
✔ local SvelteKit substitution: custom headers never override a missing or foreign origin (4.179649ms)
✔ local: safe methods pass origin guard; bad server origin configuration cannot admit mutations (0.709314ms)
✔ local: invalid runtime role and prototype permission keys fail closed (0.35001ms)
✔ local: missing and insufficient principals throw the exact permission error codes (0.377482ms)
✔ returns the session user when the read resolves [session-user.test.ts:11] (3.981058ms)
✔ returns undefined when there is no session [session-user.test.ts:17] (0.221405ms)
✔ falls back to undefined instead of hanging when the read never settles [session-user.test.ts:23] (20.423897ms)
✔ fails closed to undefined when the read rejects [session-user.test.ts:30] (0.502581ms)
✔ local: resolver catches synchronous throws and anchors pending reads (0.571365ms)
✔ local: SHA-256 hashes decoded token bytes with the upstream encoding (10.348731ms)
✔ local: session resolution returns only a frozen current database identity and role (1.666344ms)
✔ local: no cookie/store and malformed cookies incur zero storage calls (0.491324ms)
✔ local: expiry denies at and beyond the exact boundary without renewal (2.356829ms)
✔ local: missing, disabled and invalid records all deny (2.466194ms)
✔ local: current role changes are observed on every resolution (2.31122ms)
✔ local: revocation invalidates the same credential and is idempotent (1.301721ms)
✔ local: failed revocation propagates, while failed/stalled resolution denies (22.144863ms)
✔ local: a session that expires while its store read is pending cannot authenticate (4.283667ms)
✔ local: public hashing and resolution reject noncanonical trailing bits before storage (0.616153ms)
✔ local: stalled digest remains inside the resolver timeout and request lifetime (20.946038ms)
✔ local Node SQLite: empty auth schema creates no account, credential or default admin (16.992311ms)
✔ local Node SQLite: current role, disabled/deleted users, expiry and revocation across reopen (26.85104ms)
▶ rbac
  ▶ hasPermission
    ✔ returns false for null user [rbac.ts:15] (2.50638ms)
    ✔ returns false for undefined user [rbac.ts:19] (0.156077ms)
    ✔ allows subscriber to read content [rbac.ts:23] (0.175726ms)
    ✔ denies subscriber from creating content [rbac.ts:27] (0.201605ms)
    ✔ allows contributor to create content [rbac.ts:31] (0.198521ms)
    ✔ allows admin to do anything [rbac.ts:35] (0.163387ms)
    ✔ denies editor from managing users [rbac.ts:43] (0.184349ms)
    ✔ allows author to edit own media [rbac.ts:47] (0.154965ms)
    ✔ denies contributor from editing media [rbac.ts:51] (0.132831ms)
    ✔ allows editor to edit any media [rbac.ts:55] (0.279052ms)
    ✔ denies author from editing any media [rbac.ts:59] (0.180072ms)
    ✔ denies subscriber from reading drafts [rbac.ts:65] (0.130468ms)
    ✔ allows contributor to read drafts [rbac.ts:69] (0.148866ms)
    ✔ allows editor to read drafts [rbac.ts:73] (0.136487ms)
  ✔ hasPermission (6.359585ms)
  ▶ requirePermission
    ✔ throws for null user [rbac.ts:79] (0.486566ms)
    ✔ throws unauthorized for missing user [rbac.ts:83] (0.238482ms)
    ✔ throws forbidden for insufficient permissions [rbac.ts:92] (0.142576ms)
    ✔ does not throw for sufficient permissions [rbac.ts:101] (0.197148ms)
  ✔ requirePermission (1.251626ms)
  ▶ canActOnOwn
    ✔ allows action on own resource with own permission [rbac.ts:109] (0.187484ms)
    ✔ denies action on others resource without any permission [rbac.ts:113] (0.086791ms)
    ✔ allows editor to edit any resource [rbac.ts:117] (0.138419ms)
    ✔ allows author to edit own media [rbac.ts:122] (0.089736ms)
    ✔ denies author from editing others media [rbac.ts:126] (0.081994ms)
    ✔ denies contributor from editing any media (including own) [rbac.ts:130] (0.156928ms)
    ✔ allows editor to edit any media [rbac.ts:135] (0.129746ms)
    ✔ F17: empty-string ownerId is not treated as 'owned by user with id '' [rbac.ts:140] (0.135616ms)
  ✔ canActOnOwn (1.309263ms)
  ▶ requirePermissionOnResource
    ✔ allows author to edit own content [rbac.ts:169] (0.196317ms)
    ✔ throws for author editing others content [rbac.ts:176] (0.122125ms)
  ✔ requirePermissionOnResource (0.493577ms)
✔ rbac (10.155193ms)
✔ local workerd: portable auth core runs without nodejs_compat or a persistence adapter (259.255022ms)
(node:2320820) ExperimentalWarning: stripTypeScriptTypes is an experimental feature and might change at any time
(Use `node --trace-warnings ...` to show where the warning was created)
✔ raw D1: structured insert requires atomic adaptation before any taxonomy write (2890.425705ms)
✔ raw D1: structured update requires atomic adaptation before any taxonomy write (2302.47725ms)
✔ raw D1: structured delete requires atomic adaptation before any taxonomy write (2500.067785ms)
✔ raw D1: whole Source delete requires atomic adaptation before any taxonomy write (2402.616228ms)
✔ raw D1: whole Source reorder requires atomic adaptation before any taxonomy write (2359.3661ms)
✔ raw D1: whole Source pivot replacement requires atomic adaptation before any taxonomy write (2529.57427ms)
✔ raw D1: whole Source structure save requires atomic adaptation before any taxonomy write (2666.929106ms)
✔ raw D1: ordinary option storage and whole taxonomy reads remain available (1380.617359ms)
✔ scoped D1: structured insert requires atomic adaptation before any taxonomy write (2568.206545ms)
✔ scoped D1: structured update requires atomic adaptation before any taxonomy write (2877.31308ms)
✔ scoped D1: structured delete requires atomic adaptation before any taxonomy write (2573.529601ms)
✔ scoped D1: whole Source delete requires atomic adaptation before any taxonomy write (3385.010781ms)
✔ scoped D1: whole Source reorder requires atomic adaptation before any taxonomy write (2603.707118ms)
✔ scoped D1: whole Source pivot replacement requires atomic adaptation before any taxonomy write (2629.546371ms)
✔ scoped D1: whole Source structure save requires atomic adaptation before any taxonomy write (2577.296151ms)
✔ scoped D1: ordinary option storage and whole taxonomy reads remain available (1387.685111ms)
✔ Node: genuine v5 upgrade and persisted v15 reopen preserve content and operator objects (139.358036ms)
✔ Node: a future Source-named trigger collision is refused before any startup write (19.782797ms)
✔ Node: a real late-batch SQLite failure rolls back the complete v0→15 installation (46.981161ms)
✔ Node: a real late-batch SQLite failure rolls back the complete v4→15 installation (53.90048ms)
✔ raw D1: genuine v5 upgrade and persisted v15 reopen preserve content and operator objects (2530.672153ms)
✔ raw D1: a future Source-named trigger collision is refused before any startup write (921.123269ms)
✔ raw D1: a real late-batch SQLite failure rolls back the complete v0→15 installation (2548.505478ms)
✔ raw D1: a real late-batch SQLite failure rolls back the complete v4→15 installation (2984.640966ms)
✔ scoped D1: genuine v5 upgrade and persisted v15 reopen preserve content and operator objects (2234.431171ms)
✔ scoped D1: a future Source-named trigger collision is refused before any startup write (1059.338207ms)
✔ scoped D1: a real late-batch SQLite failure rolls back the complete v0→15 installation (2545.676025ms)
✔ scoped D1: a real late-batch SQLite failure rolls back the complete v4→15 installation (3305.421249ms)
✔ Node: actual existing and newly created content tables receive Source031 byline indexes (107.861141ms)
✔ Node: a converted legacy reference remains usable after actual persisted reopen and startup (76.319299ms)
✔ raw D1: actual existing and newly created content tables receive Source031 byline indexes (2122.20291ms)
✔ raw D1: a converted legacy reference remains usable after actual persisted reopen and startup (2376.899942ms)
✔ scoped D1: actual existing and newly created content tables receive Source031 byline indexes (2196.851622ms)
✔ scoped D1: a converted legacy reference remains usable after actual persisted reopen and startup (2391.261678ms)
✔ Node: actual redirect host persists its Source loop cache in canonical options (35.415493ms)
✔ Node: actual menu loader resolves a real canonical taxonomy term (18.373182ms)
✔ raw D1: actual redirect host persists its Source loop cache in canonical options (1224.073073ms)
✔ raw D1: actual menu loader resolves a real canonical taxonomy term (1091.908107ms)
✔ scoped D1: actual redirect host persists its Source loop cache in canonical options (1141.159909ms)
✔ scoped D1: actual menu loader resolves a real canonical taxonomy term (1070.706888ms)
✔ Node: complete declared startup census fits D1's100-bind budget and preserves real namespace values (36.466597ms)
✔ raw D1: complete declared startup census fits D1's100-bind budget and preserves real namespace values (461.741841ms)
✔ scoped D1: complete declared startup census fits D1's100-bind budget and preserves real namespace values (357.956052ms)
✔ Node: ordinary startup satisfies actual Menu storage readiness (58.353571ms)
✔ Node: ordinary startup satisfies actual sections storage readiness (22.83884ms)
✔ Node: ordinary startup satisfies actual widgets storage readiness (21.562999ms)
✔ Node: ordinary startup satisfies actual Comments and runtime-dependency readiness (23.842058ms)
✔ Node: ordinary startup satisfies actual Redirect publication storage readiness (20.262562ms)
✔ raw D1: ordinary startup satisfies actual Menu storage readiness (1448.809578ms)
✔ raw D1: ordinary startup satisfies actual sections storage readiness (1350.101347ms)
✔ raw D1: ordinary startup satisfies actual widgets storage readiness (1434.739548ms)
✔ raw D1: ordinary startup satisfies actual Comments and runtime-dependency readiness (1499.388404ms)
✔ raw D1: ordinary startup satisfies actual Redirect publication storage readiness (1301.805811ms)
✔ scoped D1: ordinary startup satisfies actual Menu storage readiness (1394.470826ms)
✔ scoped D1: ordinary startup satisfies actual sections storage readiness (1522.419285ms)
✔ scoped D1: ordinary startup satisfies actual widgets storage readiness (1676.361971ms)
✔ scoped D1: ordinary startup satisfies actual Comments and runtime-dependency readiness (1827.042458ms)
✔ scoped D1: ordinary startup satisfies actual Redirect publication storage readiness (1283.851947ms)
✔ Node: actual public Sections/Widgets factory SQL recognizes its genuine persisted SQLite objects (17.134399ms)
✔ Node: a real quoted timestamp default remains distinct from the public Menu expression (6.101595ms)
✔ Node: an actual Redirect trigger retains its observable literal whitespace (10.254981ms)
✔ raw D1: actual public Sections/Widgets factory SQL recognizes its genuine persisted SQLite objects (435.688003ms)
✔ raw D1: a real quoted timestamp default remains distinct from the public Menu expression (330.488918ms)
✔ raw D1: an actual Redirect trigger retains its observable literal whitespace (727.483897ms)
✔ scoped D1: actual public Sections/Widgets factory SQL recognizes its genuine persisted SQLite objects (352.618577ms)
✔ scoped D1: a real quoted timestamp default remains distinct from the public Menu expression (315.426759ms)
✔ scoped D1: an actual Redirect trigger retains its observable literal whitespace (762.557811ms)
✔ Node: ordinary canonical startup installs actual contiguous providers through 15 (31.955178ms)
✔ Node: fresh ordinary startup makes media and byline prerequisites storage available (76.923268ms)
✔ Node: fresh ordinary startup makes directed content links storage available (52.425751ms)
✔ Node: fresh ordinary startup makes menus storage available (28.024148ms)
✔ Node: fresh ordinary startup makes sections and site widgets storage available (27.40242ms)
✔ Node: fresh ordinary startup makes comments and moderation storage available (37.232559ms)
✔ Node: fresh ordinary startup makes redirects storage available (27.419526ms)
✔ raw D1: ordinary canonical startup installs actual contiguous providers through 15 (1645.757725ms)
✔ raw D1: fresh ordinary startup makes media and byline prerequisites storage available (1415.209123ms)
✔ raw D1: fresh ordinary startup makes directed content links storage available (1648.210665ms)
✔ raw D1: fresh ordinary startup makes menus storage available (1775.601451ms)
✔ raw D1: fresh ordinary startup makes sections and site widgets storage available (1760.71797ms)
✔ raw D1: fresh ordinary startup makes comments and moderation storage available (1388.568921ms)
✔ raw D1: fresh ordinary startup makes redirects storage available (1576.439732ms)
✔ scoped D1: ordinary canonical startup installs actual contiguous providers through 15 (1442.933319ms)
✔ scoped D1: fresh ordinary startup makes media and byline prerequisites storage available (1559.043631ms)
✔ scoped D1: fresh ordinary startup makes directed content links storage available (1493.899623ms)
✔ scoped D1: fresh ordinary startup makes menus storage available (1459.405765ms)
✔ scoped D1: fresh ordinary startup makes sections and site widgets storage available (1585.278356ms)
✔ scoped D1: fresh ordinary startup makes comments and moderation storage available (1414.720799ms)
✔ scoped D1: fresh ordinary startup makes redirects storage available (1675.490496ms)
✔ Node SQLite: a lowercase declared future trigger refuses startup before any write (63.011276ms)
✔ Node SQLite: a uppercase declared future trigger refuses startup before any write (18.223769ms)
✔ raw D1: a lowercase declared future trigger refuses startup before any write (2097.058722ms)
✔ raw D1: a uppercase declared future trigger refuses startup before any write (1907.280329ms)
✔ scoped D1: a lowercase declared future trigger refuses startup before any write (1910.933927ms)
✔ scoped D1: a uppercase declared future trigger refuses startup before any write (1969.682119ms)
(node:2321794) ExperimentalWarning: stripTypeScriptTypes is an experimental feature and might change at any time
(Use `node --trace-warnings ...` to show where the warning was created)
✔ Node SQLite: ordinary options persist across normal installation and reopen (85.267345ms)
✔ Node SQLite: real taxonomy seeds defaults indexes and group pivot semantics (22.609785ms)
✔ Node SQLite: normal v5 upgrade preserves every field and exact operator SQL (51.92347ms)
✔ Node SQLite: failed normal metadata upgrade rolls back all providers and preserves v5 values (19.521098ms)
✔ Node SQLite: external metadata foreign keys refuse the normal upgrade before writes (12.272675ms)
✔ Node SQLite: missing or changed owned trigger refuses normal readiness without writes (38.038359ms)
✔ raw D1: ordinary options persist across normal installation and reopen (1691.298573ms)
✔ raw D1: real taxonomy seeds defaults indexes and group pivot semantics (1444.827026ms)
✔ raw D1: normal v5 upgrade preserves every field and exact operator SQL (2588.486089ms)
✔ raw D1: failed normal metadata upgrade rolls back all providers and preserves v5 values (2204.058831ms)
✔ raw D1: external metadata foreign keys refuse the normal upgrade before writes (626.883347ms)
✔ raw D1: missing or changed owned trigger refuses normal readiness without writes (1620.421145ms)
✔ scoped D1: ordinary options persist across normal installation and reopen (1470.097534ms)
✔ scoped D1: real taxonomy seeds defaults indexes and group pivot semantics (1474.068725ms)
✔ scoped D1: normal v5 upgrade preserves every field and exact operator SQL (2059.20934ms)
✔ scoped D1: failed normal metadata upgrade rolls back all providers and preserves v5 values (2036.6538ms)
✔ scoped D1: external metadata foreign keys refuse the normal upgrade before writes (718.443673ms)
✔ scoped D1: missing or changed owned trigger refuses normal readiness without writes (1524.116275ms)
✔ Node SQLite: normal installer applies real contiguous providers through eight (53.780226ms)
✔ Node SQLite: normal installation enables actual settings and taxonomy storage (20.624726ms)
✔ Node SQLite: normal metadata upgrade enables the Source collection field cascade (25.029311ms)
✔ raw D1: normal installer applies real contiguous providers through eight (1575.10132ms)
✔ raw D1: normal installation enables actual settings and taxonomy storage (1483.190738ms)
✔ raw D1: normal metadata upgrade enables the Source collection field cascade (1775.571837ms)
✔ scoped D1: normal installer applies real contiguous providers through eight (1904.591908ms)
✔ scoped D1: normal installation enables actual settings and taxonomy storage (1341.674289ms)
✔ scoped D1: normal metadata upgrade enables the Source collection field cascade (1290.867272ms)
✔ Node: canonical upgrade carries an existing legacy reference into directed group edges (126.844574ms)
✔ raw D1: canonical upgrade carries an existing legacy reference into directed group edges (3132.117256ms)
✔ scoped D1: canonical upgrade carries an existing legacy reference into directed group edges (2542.880288ms)
✔ Node SQLite: normal option and plugin storage revision triggers retain actual Source values (71.157726ms)
✔ raw D1: normal option and plugin storage revision triggers retain actual Source values (1638.591003ms)
✔ scoped D1: normal option and plugin storage revision triggers retain actual Source values (1607.202073ms)
✔ arbitrary generated field identifiers retain historical quote equivalence (1.418598ms)
✔ arbitrary generated fields retain quote equivalence in a complete table (0.379311ms)
✔ a default matching a known column name retains double-quoted literal bytes (0.281635ms)
✔ a known schema name in a quoted SELECT expression retains literal bytes (0.17249ms)
✔ canonical schema comparison retains embedded double quotes in single-quoted defaults (1.36665ms)
✔ canonical schema comparison distinguishes a double-quoted timestamp literal from the expression (0.224268ms)
✔ canonical schema comparison preserves whitespace inside single-quoted defaults (0.158429ms)
✔ canonical schema comparison preserves doubled single quotes and enclosed whitespace (0.173892ms)
✔ canonical schema comparison preserves Unicode nonbreaking whitespace outside literals (0.137797ms)
✔ canonical schema comparison preserves vertical-tab token boundaries outside literals (0.121764ms)
✔ canonical schema comparison still accepts known quoted native identifiers and SQLite ASCII whitespace (0.308305ms)
✔ native atomic batch follows queued reads and commits the completed write bookmark (false) (63.761878ms)
✔ native atomic batch issued before reads remains first (false) (61.742605ms)
✔ failed native atomic batch rejects its caller and leaves later reads ordered (false) (63.048463ms)
✔ native atomic batch follows queued reads and commits the completed write bookmark (true) (42.423498ms)
✔ native atomic batch issued before reads remains first (true) (41.695274ms)
✔ failed native atomic batch rejects its caller and leaves later reads ordered (true) (41.803833ms)
✔ throwing native resolve preserves its completed D1 write bookmark in Kit's outer error response (false) (1534.53078ms)
✔ throwing native resolve preserves its completed D1 write bookmark in Kit's outer error response (true) (1392.598052ms)
✔ native D1 runtime scopes each request and commits its authenticated bookmark (1494.803517ms)
✔ Cloudflare host settings use the trusted binding configuration for D1 Sessions (0.742852ms)
✔ real D1 authenticates on raw storage before scoping and applies write/bookmark constraints (1638.853977ms)
✔ Node: 103 persisted drafts paginate without duplicates after storage reopens (235.411245ms)
✔ D1: 103 persisted drafts paginate without duplicates after storage reopens (7062.104203ms)
✔ Node: registry.test.ts:234: should update a collection (36.514834ms)
✔ Node: registry.test.ts:248: touches updatedAt for an empty update (21.432685ms)
✔ Node: registry.test.ts:336: should throw when updating non-existent collection (21.692973ms)
✔ D1: registry.test.ts:234: should update a collection (296.807481ms)
✔ D1: registry.test.ts:248: touches updatedAt for an empty update (199.192308ms)
✔ D1: registry.test.ts:336: should throw when updating non-existent collection (157.083673ms)
✔ workerd: collection metadata service runs on the actual D1 binding without nodejs_compat (800.67168ms)
✔ collection update: permission precedes hostile input and every storage access (6.737188ms)
✔ Node: metadata partial updates preserve omissions, undefined and explicit [] without schema DDL/version changes (49.094894ms)
✔ Node: strict bounded metadata/preconditions reject before storage and preserve every row (23.191154ms)
✔ Node: empty updates strictly advance timestamp even with a frozen clock and stale CAS never writes (29.92601ms)
✔ Node: changed schema version conflicts and missing collections report NOT_FOUND without writes (31.51352ms)
✔ Node: race between preflight and actual SQL cannot overwrite another metadata update (19.783581ms)
✔ Node: unexpected storage failures retain their error and roll back metadata (21.079623ms)
✔ Node: update returns its own committed row when another writer commits before the adapter returns (20.598759ms)
✔ Node: metadata survives storage/runtime restart and prior timestamp stays stale (63.800495ms)
✔ D1: metadata partial updates preserve omissions, undefined and explicit [] without schema DDL/version changes (389.379912ms)
✔ D1: strict bounded metadata/preconditions reject before storage and preserve every row (274.712423ms)
✔ D1: empty updates strictly advance timestamp even with a frozen clock and stale CAS never writes (252.814227ms)
✔ D1: changed schema version conflicts and missing collections report NOT_FOUND without writes (317.204861ms)
✔ D1: race between preflight and actual SQL cannot overwrite another metadata update (218.065172ms)
✔ D1: unexpected storage failures retain their error and roll back metadata (236.375463ms)
✔ D1: update returns its own committed row when another writer commits before the adapter returns (188.355849ms)
✔ D1: metadata survives storage/runtime restart and prior timestamp stays stale (423.0358ms)
✔ comments Node SQLite readiness preserves SQL literals: correct (13.74865ms)
✔ comments Node SQLite readiness preserves SQL literals: default case (5.194264ms)
✔ comments Node SQLite readiness preserves SQL literals: default whitespace (15.949256ms)
✔ comments Node SQLite readiness preserves SQL literals: partial index case (4.716114ms)
✔ comments Node SQLite readiness preserves SQL literals: collection default case (4.650505ms)
✔ comments Node SQLite readiness preserves SQL literals: source auto approval default (4.730747ms)
✔ comments Node SQLite readiness preserves SQL literals: comments quoted timestamp (4.584055ms)
✔ comments Node SQLite readiness preserves SQL literals: reactions quoted timestamp (4.770196ms)
✔ comments Node SQLite readiness preserves SQL literals: multiword type (5.025069ms)
✔ comments Node SQLite readiness preserves SQL literals: non-ASCII type whitespace (5.132181ms)
✔ comments Node SQLite readiness preserves SQL literals: collection Unicode type (5.612515ms)
✔ comments raw D1 readiness preserves SQL literals: correct (744.539275ms)
✔ comments raw D1 readiness preserves SQL literals: default case (82.351796ms)
✔ comments raw D1 readiness preserves SQL literals: default whitespace (76.71513ms)
✔ comments raw D1 readiness preserves SQL literals: partial index case (65.322368ms)
✔ comments raw D1 readiness preserves SQL literals: collection default case (62.845898ms)
✔ comments raw D1 readiness preserves SQL literals: source auto approval default (69.131986ms)
✔ comments raw D1 readiness preserves SQL literals: comments quoted timestamp (52.05304ms)
✔ comments raw D1 readiness preserves SQL literals: reactions quoted timestamp (55.748337ms)
✔ comments raw D1 readiness preserves SQL literals: multiword type (52.470809ms)
✔ comments raw D1 readiness preserves SQL literals: non-ASCII type whitespace (51.926299ms)
✔ comments raw D1 readiness preserves SQL literals: collection Unicode type (55.812273ms)
✔ comments Node SQLite readiness refuses missing options before requests (12.618063ms)
✔ comments Node SQLite readiness refuses missing rate limits before requests (5.382027ms)
✔ comments raw D1 readiness refuses missing options before requests (779.486334ms)
✔ comments raw D1 readiness refuses missing rate limits before requests (63.199728ms)
✔ ordinary content workspace exposes the real Comments inbox (112.202149ms)
✔ ordinary content workspace exposes both installed Sections and Widgets (0.9007ms)
✔ common management links retain the pinned Comments Menus Redirects Widgets Sections order (1.544963ms)
✔ Comments remains selected while editing actual collection comment settings (0.778756ms)
✔ Sections remains selected on its actual section editor route (0.598964ms)
✔ all installed management links resolve the application base with the current descendant selected (0.704203ms)
✔ the pinned editor-level navigation hides administrator Redirects even when read capability is present (0.639696ms)
✔ read capabilities below the pinned editor display floor expose no management links (0.601238ms)
✔ Redirects selection follows the current real route without requiring an activePage override (0.858416ms)
✔ missing feature routes remain absent even for an administrator (0.810524ms)
✔ schema administration and visible collections remain reachable alongside common navigation (0.817054ms)
✔ anonymous presentation has no management links (0.560636ms)
✔ content_update response data reflects the new title (78.801342ms)
✔ content_get returns the latest draft data after update (67.768883ms)
✔ multiple sequential updates all reflect on read (60.094153ms)
✔ publishing a draft makes its data the new live data on read (48.048575ms)
✔ partial updates merge with current draft (only title changes, body preserved) (58.845829ms)
✔ content_update on collection without revisions support reflects on read (47.371693ms)
✔ liveData is undefined when there is no draft revision (34.318252ms)
✔ liveData carries the published values when a draft revision exists (38.540618ms)
✔ Node: domain null slug remains distinct with omitted data (55.187204ms)
✔ Node: domain empty string slug remains distinct with omitted data (30.35692ms)
✔ Node: domain null slug remains distinct with explicit empty data (31.455659ms)
✔ Node: domain empty string slug remains distinct with explicit empty data (34.090548ms)
✔ D1: domain null slug remains distinct with omitted data (967.282957ms)
✔ D1: domain empty string slug remains distinct with omitted data (246.343687ms)
✔ D1: domain null slug remains distinct with explicit empty data (411.635868ms)
✔ D1: domain empty string slug remains distinct with explicit empty data (320.450011ms)
✔ Node: ordinary list and count retain indexed constructor own-key filters (59.307547ms)
✔ Node: ordinary list and count retain indexed prototype own-key filters (30.717073ms)
✔ D1: ordinary list and count retain indexed constructor own-key filters (1135.839528ms)
✔ D1: ordinary list and count retain indexed prototype own-key filters (318.127751ms)
✔ filters by author (83.353877ms)
✔ passes indexed custom-field filters through the list handler (45.101064ms)
✔ reports a missing collection the same way with and without field filters (47.537442ms)
✔ reports a missing collection ahead of an invalid field filter name (42.685096ms)
✔ reports a missing collection ahead of an oversized filter set (43.674049ms)
✔ rejects an oversized filter set on a collection that exists (43.774671ms)
✔ rejects an invalid field filter name on a collection that exists (50.600779ms)
✔ filters by an inclusive createdAt date range (39.230479ms)
✔ normalizes offset-bearing date bounds before comparing canonical storage (41.054563ms)
✔ includes a boundary timestamp when the upper bound is end-of-day (44.76701ms)
✔ treats a date-only upper bound as inclusive of the whole day (44.924267ms)
✔ supports an open-ended (from-only) range (49.313956ms)
✔ combines author and date range filters (59.675001ms)
✔ ignores a date range with no field (60.628851ms)
✔ a publishedAt range excludes never-published rows (53.848879ms)
✔ content_get on a trashed item returns NOT_FOUND (not the item) (97.984025ms)
✔ content_list does NOT include trashed items by default (58.522235ms)
✔ content_list_trashed returns only trashed items (57.419372ms)
✔ content_update on a trashed item is rejected (item not visible) (55.961647ms)
✔ content_publish on a trashed item is rejected (54.717328ms)
[emdash] draft hydration failed: Error: no such table: _cms_revisions
    at NodeSqliteCompatDatabase.prepare (file:///workspace/cms-full-search-query-api/src/lib/server/database/node-sqlite-compat.ts:82:36)
    at SqliteConnection.executeQuery (file:///workspace/cms-full-search-query-api/node_modules/.pnpm/kysely@0.29.2/node_modules/kysely/dist/dialect/sqlite/sqlite-driver.js:58:31)
    at file:///workspace/cms-full-search-query-api/node_modules/.pnpm/kysely@0.29.2/node_modules/kysely/dist/query-executor/query-executor-base.js:39:41
    at DefaultConnectionProvider.provideConnection (file:///workspace/cms-full-search-query-api/node_modules/.pnpm/kysely@0.29.2/node_modules/kysely/dist/driver/default-connection-provider.js:10:26)
    at async DefaultQueryExecutor.executeQuery (file:///workspace/cms-full-search-query-api/node_modules/.pnpm/kysely@0.29.2/node_modules/kysely/dist/query-executor/query-executor-base.js:38:28)
    at async SelectQueryBuilderImpl.execute (file:///workspace/cms-full-search-query-api/node_modules/.pnpm/kysely@0.29.2/node_modules/kysely/dist/query-builder/select-query-builder.js:318:24)
    at async SelectQueryBuilderImpl.executeTakeFirst (file:///workspace/cms-full-search-query-api/node_modules/.pnpm/kysely@0.29.2/node_modules/kysely/dist/query-builder/select-query-builder.js:322:26)
    at async RevisionRepository.findById (file:///workspace/cms-full-search-query-api/src/lib/server/database/lifecycle/upstream/database/repositories/revision.ts:111:15)
    at async hydrate (file:///workspace/cms-full-search-query-api/src/lib/server/database/content-service.ts:40:19)
    at async file:///workspace/cms-full-search-query-api/tests/content-composition-read-fault.test.ts:31:50 {
  code: 'ERR_SQLITE_ERROR',
  errcode: 1,
  errstr: 'SQL logic error'
}
[emdash] draft hydration failed: Error: no such table: _cms_revisions
    at NodeSqliteCompatDatabase.prepare (file:///workspace/cms-full-search-query-api/src/lib/server/database/node-sqlite-compat.ts:82:36)
    at SqliteConnection.executeQuery (file:///workspace/cms-full-search-query-api/node_modules/.pnpm/kysely@0.29.2/node_modules/kysely/dist/dialect/sqlite/sqlite-driver.js:58:31)
    at file:///workspace/cms-full-search-query-api/node_modules/.pnpm/kysely@0.29.2/node_modules/kysely/dist/query-executor/query-executor-base.js:39:41
    at DefaultConnectionProvider.provideConnection (file:///workspace/cms-full-search-query-api/node_modules/.pnpm/kysely@0.29.2/node_modules/kysely/dist/driver/default-connection-provider.js:10:26)
    at async DefaultQueryExecutor.executeQuery (file:///workspace/cms-full-search-query-api/node_modules/.pnpm/kysely@0.29.2/node_modules/kysely/dist/query-executor/query-executor-base.js:38:28)
    at async SelectQueryBuilderImpl.execute (file:///workspace/cms-full-search-query-api/node_modules/.pnpm/kysely@0.29.2/node_modules/kysely/dist/query-builder/select-query-builder.js:318:24)
    at async SelectQueryBuilderImpl.executeTakeFirst (file:///workspace/cms-full-search-query-api/node_modules/.pnpm/kysely@0.29.2/node_modules/kysely/dist/query-builder/select-query-builder.js:322:26)
    at async RevisionRepository.findById (file:///workspace/cms-full-search-query-api/src/lib/server/database/lifecycle/upstream/database/repositories/revision.ts:111:15)
    at async hydrate (file:///workspace/cms-full-search-query-api/src/lib/server/database/content-service.ts:40:19)
    at async Object.getTrashedContent (file:///workspace/cms-full-search-query-api/src/lib/server/database/content-service.ts:106:65) {
  code: 'ERR_SQLITE_ERROR',
  errcode: 1,
  errstr: 'SQL logic error'
}
✔ Node: ordinary active read falls back to stored live values when only revision hydration fails (80.803387ms)
✔ Node: ordinary trash read falls back to stored live values when only revision hydration fails (55.122102ms)
[emdash] draft hydration failed: Error: D1_ERROR: no such table: _cms_revisions: SQLITE_ERROR
    at Error (file:///workspace/cms-full-search-query-api/tests/helpers/async-d1-storage.ts:40:19)
    at hydrate (file:///workspace/cms-full-search-query-api/node_modules/.pnpm/devalue@5.9.4/node_modules/devalue/src/parse.js:107:24)
    at hydrate (file:///workspace/cms-full-search-query-api/node_modules/.pnpm/devalue@5.9.4/node_modules/devalue/src/parse.js:271:26)
    at unflatten (file:///workspace/cms-full-search-query-api/node_modules/.pnpm/devalue@5.9.4/node_modules/devalue/src/parse.js:278:9)
    ... 3 lines matching cause stack trace ...
    at async execute (file:///workspace/cms-full-search-query-api/tests/helpers/async-d1-storage.ts:55:18)
    at async D1Connection.executeQuery (file:///workspace/cms-full-search-query-api/src/lib/server/database/d1.ts:53:29)
    at async file:///workspace/cms-full-search-query-api/node_modules/.pnpm/kysely@0.29.2/node_modules/kysely/dist/query-executor/query-executor-base.js:39:24 {
  [cause]: Error: no such table: _cms_revisions: SQLITE_ERROR
      at Error (file:///workspace/cms-full-search-query-api/tests/helpers/async-d1-storage.ts:40:19)
      at hydrate (file:///workspace/cms-full-search-query-api/node_modules/.pnpm/devalue@5.9.4/node_modules/devalue/src/parse.js:107:24)
      at hydrate (file:///workspace/cms-full-search-query-api/node_modules/.pnpm/devalue@5.9.4/node_modules/devalue/src/parse.js:271:26)
      at hydrate (file:///workspace/cms-full-search-query-api/node_modules/.pnpm/devalue@5.9.4/node_modules/devalue/src/parse.js:107:32)
      at hydrate (file:///workspace/cms-full-search-query-api/node_modules/.pnpm/devalue@5.9.4/node_modules/devalue/src/parse.js:271:26)
      at unflatten (file:///workspace/cms-full-search-query-api/node_modules/.pnpm/devalue@5.9.4/node_modules/devalue/src/parse.js:278:9)
      at parse (file:///workspace/cms-full-search-query-api/node_modules/.pnpm/devalue@5.9.4/node_modules/devalue/src/parse.js:21:9)
      at file:///workspace/cms-full-search-query-api/tests/helpers/async-d1-storage.ts:50:21
      at process.processTicksAndRejections (node:internal/process/task_queues:104:5)
      at async execute (file:///workspace/cms-full-search-query-api/tests/helpers/async-d1-storage.ts:55:18) {
    [cause]: undefined
  }
}
✔ D1: ordinary active read falls back to stored live values when only revision hydration fails (1138.883403ms)
[emdash] draft hydration failed: Error: D1_ERROR: no such table: _cms_revisions: SQLITE_ERROR
    at Error (file:///workspace/cms-full-search-query-api/tests/helpers/async-d1-storage.ts:40:19)
    at hydrate (file:///workspace/cms-full-search-query-api/node_modules/.pnpm/devalue@5.9.4/node_modules/devalue/src/parse.js:107:24)
    at hydrate (file:///workspace/cms-full-search-query-api/node_modules/.pnpm/devalue@5.9.4/node_modules/devalue/src/parse.js:271:26)
    at unflatten (file:///workspace/cms-full-search-query-api/node_modules/.pnpm/devalue@5.9.4/node_modules/devalue/src/parse.js:278:9)
    ... 3 lines matching cause stack trace ...
    at async execute (file:///workspace/cms-full-search-query-api/tests/helpers/async-d1-storage.ts:55:18)
    at async D1Connection.executeQuery (file:///workspace/cms-full-search-query-api/src/lib/server/database/d1.ts:53:29)
    at async file:///workspace/cms-full-search-query-api/node_modules/.pnpm/kysely@0.29.2/node_modules/kysely/dist/query-executor/query-executor-base.js:39:24 {
  [cause]: Error: no such table: _cms_revisions: SQLITE_ERROR
      at Error (file:///workspace/cms-full-search-query-api/tests/helpers/async-d1-storage.ts:40:19)
      at hydrate (file:///workspace/cms-full-search-query-api/node_modules/.pnpm/devalue@5.9.4/node_modules/devalue/src/parse.js:107:24)
      at hydrate (file:///workspace/cms-full-search-query-api/node_modules/.pnpm/devalue@5.9.4/node_modules/devalue/src/parse.js:271:26)
      at hydrate (file:///workspace/cms-full-search-query-api/node_modules/.pnpm/devalue@5.9.4/node_modules/devalue/src/parse.js:107:32)
      at hydrate (file:///workspace/cms-full-search-query-api/node_modules/.pnpm/devalue@5.9.4/node_modules/devalue/src/parse.js:271:26)
      at unflatten (file:///workspace/cms-full-search-query-api/node_modules/.pnpm/devalue@5.9.4/node_modules/devalue/src/parse.js:278:9)
      at parse (file:///workspace/cms-full-search-query-api/node_modules/.pnpm/devalue@5.9.4/node_modules/devalue/src/parse.js:21:9)
      at file:///workspace/cms-full-search-query-api/tests/helpers/async-d1-storage.ts:50:21
      at process.processTicksAndRejections (node:internal/process/task_queues:104:5)
      at async execute (file:///workspace/cms-full-search-query-api/tests/helpers/async-d1-storage.ts:55:18) {
    [cause]: undefined
  }
}
✔ D1: ordinary trash read falls back to stored live values when only revision hydration fails (414.096306ms)
✔ generic draft save updates revisions and rejects stale mutations (94.246703ms)
✔ generic published save updates revisions and rejects stale mutations (51.844756ms)
✔ generic draft trash restore retains draft revision and clears live publication (53.307749ms)
✔ generic published trash restore retains draft revision and clears live publication (57.751562ms)
✔ generic ownership, null ownership and read-draft capability remain trusted gates (58.518347ms)
✔ generic lists remain bounded summaries and skipRevision retains only the newest pending autosave (67.899605ms)
✔ generic create denies anonymous before storage initialization (0.428556ms)
✔ generic create denies reader before storage initialization (0.112209ms)
▶ findMany complete basic/total declarations
  ✔ should return all content by default (107.037075ms)
  ✔ should filter by status (71.198102ms)
  ✔ should filter by authorId (59.258956ms)
  ✔ should filter by both status and authorId (52.428456ms)
  ✔ should apply limit (79.183187ms)
  ✔ should support cursor pagination (58.313468ms)
  ✔ should not include nextCursor when no more items (57.789099ms)
  ✔ should order by createdAt desc by default (65.912632ms)
  ✔ should support custom ordering (54.503691ms)
  ✔ should default limit to 50 (220.134606ms)
  ✔ should cap limit at 100 (44.255968ms)
  ✔ should not include soft-deleted content (65.260145ms)
  ✔ should return empty array when no items match (62.964843ms)
  ✔ reports total rows regardless of limit (48.42679ms)
  ✔ total respects the where clause (47.646574ms)
  ✔ total stays stable across cursor pages (61.284733ms)
✔ findMany complete basic/total declarations (1158.133743ms)
▶ count complete declarations
  ✔ should count all content of a type (64.043427ms)
  ✔ should count by status (87.375234ms)
  ✔ should count by authorId (73.597135ms)
  ✔ should count by both status and authorId (73.970337ms)
  ✔ should return 0 when no items match (74.222957ms)
  ✔ should not count soft-deleted content (88.549904ms)
✔ count complete declarations (462.402374ms)
✔ Node: ordinary slug-only save changes live metadata without a draft (73.742708ms)
✔ Node: ordinary explicit empty-data save stages a slug (36.717385ms)
[emdash:redirects] publishing redirect artifacts failed: Error: driver has already been destroyed
    at RuntimeDriver.acquireConnection (file:///workspace/cms-full-search-query-api/node_modules/.pnpm/kysely@0.29.2/node_modules/kysely/dist/driver/runtime-driver.js:44:19)
    at DefaultConnectionProvider.provideConnection (file:///workspace/cms-full-search-query-api/node_modules/.pnpm/kysely@0.29.2/node_modules/kysely/dist/driver/default-connection-provider.js:8:47)
    at DefaultQueryExecutor.provideConnection (file:///workspace/cms-full-search-query-api/node_modules/.pnpm/kysely@0.29.2/node_modules/kysely/dist/query-executor/default-query-executor.js:20:41)
    at TransactionBuilder.execute (file:///workspace/cms-full-search-query-api/node_modules/.pnpm/kysely@0.29.2/node_modules/kysely/dist/kysely.js:672:37)
    at withTransaction (file:///workspace/cms-full-search-query-api/src/lib/server/database/lifecycle/upstream/database/transaction.ts:63:41)
    at publishRedirectArtifacts (file:///workspace/cms-full-search-query-api/src/lib/server/redirects/artifacts.ts:185:8)
    at async publishRedirectChanges (file:///workspace/cms-full-search-query-api/src/lib/server/redirects/artifacts.ts:277:3)
✔ D1: ordinary slug-only save changes live metadata without a draft (1293.991481ms)
✔ D1: ordinary explicit empty-data save stages a slug (373.528502ms)
✔ lists only the trashed entries in the requested locale (123.699176ms)
✔ lists every locale when no locale is given (61.678656ms)
✔ returns each item's locale so the trash list can display it (45.510857ms)
✔ counts only the trashed entries in the requested locale (63.831709ms)
✔ revision tokens bind collection, entry and locale without using updatedAt as a wire precondition (5.966495ms)
✔ wire inputs carry schema data and reject caller identity, system columns and raw revisions (3.440872ms)
✔ local database: actual D1 values and atomic rollback use zero synchronous waits (280.96823ms)
✔ collection update: actual D1 values and atomic rollback use zero synchronous waits (237.317933ms)
✔ local database: custom Worker dispatch retains request data and the same actual DB (113.407979ms)
✔ direct fixtures: original persistent DB identifiers remain separate across restart (979.910995ms)
✔ fresh D1 fixtures keep separate real databases while sharing their runtime (815.544001ms)
✔ closing one D1 fixture rejects stale queries and leaves its peer intact (24.768815ms)
✔ D1 runtime groups rotate after 256 distinct databases without recycling a closed database (4463.742624ms)
✔ persistent D1 fixtures retain their dedicated runtime and actual data across restart (219.975831ms)
✔ control: installed Miniflare proxy exposes the delayed prior-notification race (287.483287ms)
✔ D1 fixture matches each response when a prior synchronous notification arrives late (808.827092ms)
✔ D1 fixture executes queries and atomic batches without synchronously blocking Node (26.012463ms)
✔ D1 fixture preserves actual D1 parameters, result metadata and malformed-batch rollback (141.219402ms)
✔ D1 fixture owns disposal and preserves isolated real D1 storage across restart (223.081832ms)
✔ source: raw binding reports supportsMultipleConnections: true (0.959128ms)
✔ source: lets concurrent queries overlap instead of serializing behind a mutex (6.252728ms)
✔ source: raw adapter declares the compound SELECT ceiling (0.235526ms)
✔ source: raw adapter exposes atomic batches (0.127332ms)
✔ source: forwards compiled statements to one binding batch and maps results (12.522836ms)
✔ source: preserves DELETE RETURNING rows through the raw binding dialect (9.896974ms)
✔ local: an unsettled first binding read does not block the next query (11.85608ms)
✔ Node: equivalent schema, scalar, CAS, soft-delete and persisted session contract (121.643966ms)
✔ Node: failed batch rolls back DML and CREATE/ALTER/DROP DDL (2.327092ms)
✔ Node: fresh/v1 auth failures roll back all DDL and migration markers (138.51589ms)
✔ Node: incomplete/future migration state fails without repair (75.155297ms)
✔ D1: equivalent schema, scalar, CAS, soft-delete and persisted session contract (802.314026ms)
✔ D1: failed batch rolls back DML and CREATE/ALTER/DROP DDL (106.505346ms)
✔ D1: fresh/v1 auth failures roll back all DDL and migration markers (1231.192235ms)
✔ D1: incomplete/future migration state fails without repair (1049.531314ms)
✔ D1: deterministic stale fresh/v1 callers recover the actual binding error envelope (706.555324ms)
✔ D1: concurrent same-slug creators map the real UNIQUE envelope to COLLECTION_EXISTS (282.037248ms)
✔ D1: startup accepts a complete upgrade between actual preflight reads (373.499939ms)
✔ D1: one actual batch forwards parameters/order, RETURNING rows, zero/positive changes and insert IDs (113.784805ms)
✔ D1: unrelated envelopes do not turn into successful migration race recovery (212.588282ms)
✔ local: envelope classifier keeps Node messages and ignores lookalike/unknown D1 formats (0.392933ms)
✔ D1: callback transactions, streaming and general introspection reject explicitly (72.769966ms)
✔ D1: raw parameter variants retain binding support/rejections without Node normalization (171.01049ms)
✔ D1 and Node: v1 content and hashed sessions persist across close/reopen and revocation (815.65541ms)
✔ local workerd: real D1-backed CMS/session core runs without nodejs_compat (489.964402ms)
▶ ported openNodeSqliteDatabase
  ✔ implements the statement contract Kysely uses (5.815128ms)
  ✔ supports direct statement calls (1.101463ms)
  ✔ can be closed more than once (0.359903ms)
  ✔ normalizes supported positional values without shifting parameters (0.515228ms)
  ✔ rejects an unsupported plain object before executing the statement (0.760368ms)
  ✔ rejects an unsupported array before executing the statement (0.563551ms)
  ✔ rejects an unsupported date before executing the statement (0.472203ms)
  ✔ rejects an unsupported boxed number before executing the statement (0.30442ms)
  ✔ applies connection defaults without changing the journal mode (0.711744ms)
  ✔ switches to WAL with NORMAL synchronization when requested (0.694428ms)
  ✔ keeps NORMAL synchronization when reopening an existing WAL database without the option (0.598393ms)
✔ ported openNodeSqliteDatabase (13.318473ms)
▶ ported EmDash SchemaRegistry assertions
  ✔ should create a collection (46.961412ms)
  ✔ F14: defaults supports to ['drafts', 'revisions'] when undefined (23.489119ms)
  ✔ F14: preserves explicit empty supports array (opt-out) (25.347107ms)
  ✔ should create the content table when creating a collection (25.01033ms)
  ✔ rejects an unregistered content table with a structured conflict (24.289933ms)
  ✔ should list collections (26.605718ms)
  ✔ should get a collection by slug (19.318068ms)
  ✔ should return null for non-existent collection (19.996052ms)
  ✔ should throw when creating duplicate collection (22.126207ms)
  ✔ should add column to content table when creating field (28.301688ms)
  ✔ should get a field by slug (28.345714ms)
  ✔ should reject reserved field slugs (24.383809ms)
✔ ported EmDash SchemaRegistry assertions (316.218919ms)
▶ ported EmDash ContentRepository draft assertions
  ✔ should create content with minimal data (39.871271ms)
  ✔ should throw error for duplicate type+slug (31.0791ms)
  ✔ should allow same slug for different types (34.240586ms)
  ✔ should allow null slug (27.411744ms)
  ✔ should generate unique ID (36.090904ms)
  ✔ should find content by ID (33.905697ms)
  ✔ should return null for non-existent ID (29.95246ms)
  ✔ should return null when type doesn't match (44.400797ms)
✔ ported EmDash ContentRepository draft assertions (277.624552ms)
✔ mutation authorization precedes hostile input access and storage; permitted callers still validate (3.7831ms)
✔ system migration, additive field and drafts survive close/reopen (122.392384ms)
✔ independent additive DDL failure rolls back metadata and schema guard (40.850978ms)
✔ batch failures roll back both DDL and DML (29.909224ms)
✔ SQL identifiers, unknown/system fields and client ownership claims are rejected; quoted values remain inert (40.542178ms)
✔ database constraints enforce required NULL, locale slug uniqueness and foreign keys; unique is metadata and service validates lengths (55.017088ms)
✔ anonymous/empty principals and missing permissions fail closed before any query (1.361675ms)
✔ owner permissions use persisted author; any permission permits another author (41.847761ms)
✔ two independent connections competing from the same revision yield exactly one successful update (35.466708ms)
✔ schema version conflicts and field bounds preserve existing definitions (124.834322ms)
✔ summary query excludes large bodies, clamps pages, orders ties, scopes locales and validates cursors (207.805256ms)
✔ unique flags remain metadata across collection/field underscore boundaries (41.08524ms)
✔ field length semantics preserve pinned Unicode codepoints and embedded NUL (28.013661ms)
✔ migrations reject unknown versions and unmanaged system tables without mutation (2.185137ms)
✔ schema defaults reject NUL before DDL while escaped quotes remain inert (25.350482ms)
✔ cursor OR branches keep locale and trash filters when titles and slugs are null (36.260621ms)
✔ concurrent same-slug collection creation reports a sanitized conflict and preserves unrelated failures (33.956269ms)
✔ version-one migration markers reject missing system tables without repair or mutation (81.349762ms)
✔ same-slug creation at the collection cap still reports duplicate while new slugs report the bound (188.533905ms)
✔ doctor returns actionable JSON failure without creating a missing database (336.045281ms)
✔ doctor reads the real installed migrations, collection and empty identity tables without writes (448.853113ms)
✔ doctor reports pending migrations from the actual registered provider universe (379.333852ms)
✔ doctor does not accept unknown or gapped native migration records as fully applied (362.12141ms)
✔ doctor reports actual orphaned content tables without including ordinary operator tables (431.551254ms)
✔ doctor detects noncanonical persisted content and nested/revision datetimes without repairing them (387.737624ms)
✔ doctor reports invalid datetime data as an inspection failure (348.803333ms)
✔ doctor combines actual Native Worker wiring diagnostics with a missing local database (343.807795ms)
✔ doctor provides Native TOML trigger guidance for a real maintenance handler (386.859368ms)
✔ doctor reports JSONC locations and does not print configuration values (306.32099ms)
✔ doctor reports TOML locations without including configuration source excerpts (345.124402ms)
✔ doctor accepts explicit database paths and prints native human-readable summaries (334.643903ms)
✔ doctor rejects invalid flags with a useful usage error (585.013516ms)
▶ draft preview applies defaults only to absent persisted keys
  ✔ string, schema default: absent key (1.724112ms)
  ✔ string, schema default: explicit null (0.395347ms)
  ✔ string, schema default: empty string (0.375627ms)
  ✔ string, schema default: false (0.143667ms)
  ✔ string, schema default: zero (0.143056ms)
  ✔ string, schema default: stored string (0.925286ms)
  ✔ string, schema default: inherited key (0.375156ms)
  ✔ string, absent default: absent key (0.336057ms)
  ✔ string, absent default: explicit null (0.276307ms)
  ✔ string, absent default: empty string (0.31766ms)
  ✔ string, absent default: false (0.176456ms)
  ✔ string, absent default: zero (0.140081ms)
  ✔ string, absent default: stored string (0.095844ms)
  ✔ string, absent default: inherited key (0.141994ms)
  ✔ string, null default: absent key (0.274585ms)
  ✔ string, null default: explicit null (0.100742ms)
  ✔ string, null default: empty string (0.088113ms)
  ✔ string, null default: false (0.088173ms)
  ✔ string, null default: zero (0.142034ms)
  ✔ string, null default: stored string (0.091028ms)
  ✔ string, null default: inherited key (0.121673ms)
  ✔ text, schema default: absent key (0.167864ms)
  ✔ text, schema default: explicit null (0.151108ms)
  ✔ text, schema default: empty string (0.167422ms)
  ✔ text, schema default: false (0.130807ms)
  ✔ text, schema default: zero (0.100211ms)
  ✔ text, schema default: stored string (0.082655ms)
  ✔ text, schema default: inherited key (0.090757ms)
  ✔ text, absent default: absent key (0.083546ms)
  ✔ text, absent default: explicit null (0.07983ms)
  ✔ text, absent default: empty string (0.117717ms)
  ✔ text, absent default: false (0.088884ms)
  ✔ text, absent default: zero (0.091879ms)
  ✔ text, absent default: stored string (0.094082ms)
  ✔ text, absent default: inherited key (0.11942ms)
  ✔ text, null default: absent key (0.129956ms)
  ✔ text, null default: explicit null (0.095334ms)
  ✔ text, null default: empty string (0.098078ms)
  ✔ text, null default: false (0.094833ms)
  ✔ text, null default: zero (0.100281ms)
  ✔ text, null default: stored string (0.161563ms)
  ✔ text, null default: inherited key (0.128984ms)
  ✔ string, constructor: absent (0.303739ms)
  ✔ string, constructor: inherited (0.179971ms)
  ✔ string, constructor: own (0.159421ms)
  ✔ string, constructor: null (0.11291ms)
  ✔ string, prototype: absent (0.183257ms)
  ✔ string, prototype: inherited (0.174984ms)
  ✔ string, prototype: own (0.122685ms)
  ✔ string, prototype: null (0.111488ms)
  ✔ text, constructor: absent (0.100631ms)
  ✔ text, constructor: inherited (0.124829ms)
  ✔ text, constructor: own (0.103116ms)
  ✔ text, constructor: null (0.121423ms)
  ✔ text, prototype: absent (0.105619ms)
  ✔ text, prototype: inherited (0.111898ms)
  ✔ text, prototype: own (0.104848ms)
  ✔ text, prototype: null (0.106932ms)
✔ draft preview applies defaults only to absent persisted keys (94.62941ms)
✔ local D1: locales, concurrent restore, retained data and persisted restart (927.256816ms)
✔ local D1: SQL ownership predicate and batch rollback protect retained trash (631.690327ms)
✔ Node: schema changed after restore preflight rolls back the guard and leaves trash intact (38.548147ms)
✔ D1: schema changed after restore preflight rolls back the guard and leaves trash intact (549.195628ms)
✔ Node: concurrent v1 trash index installers preserve rows and reach complete v2 (120.57477ms)
✔ Node: v1 wrong same-name objects reject migration without mutation (96.728517ms)
✔ Node: v1 incompatible index appearing after preflight rejects and rolls back installer changes (26.861017ms)
✔ Node: concurrent v2 trash index installers preserve rows and reach complete v2 (108.097097ms)
✔ Node: v2 wrong same-name objects reject migration without mutation (227.594807ms)
✔ Node: v2 incompatible index appearing after preflight rejects and rolls back installer changes (68.437327ms)
✔ Node: v1 trash index batch failure rolls back auth DDL, marker upgrade and index together (49.887577ms)
✔ Node: invalid known auth states reject before any trash index installer batch (94.363093ms)
✔ Node: backfilled existing index and retained trash survive storage restart with unchanged schema metadata (49.587856ms)
✔ D1: concurrent v1 trash index installers preserve rows and reach complete v2 (577.914327ms)
✔ D1: v1 wrong same-name objects reject migration without mutation (1207.103936ms)
✔ D1: v1 incompatible index appearing after preflight rejects and rolls back installer changes (396.19365ms)
✔ D1: concurrent v2 trash index installers preserve rows and reach complete v2 (760.85666ms)
✔ D1: v2 wrong same-name objects reject migration without mutation (3985.384466ms)
✔ D1: v2 incompatible index appearing after preflight rejects and rolls back installer changes (913.273393ms)
✔ D1: v1 trash index batch failure rolls back auth DDL, marker upgrade and index together (521.04805ms)
✔ D1: invalid known auth states reject before any trash index installer batch (1942.20281ms)
✔ D1: backfilled existing index and retained trash survive storage restart with unchanged schema metadata (1058.746019ms)
✔ Node: all-locale trash order uses the pinned deleted-leading index while retaining upstream tie sorting (66.670452ms)
✔ Node: explicit migration adds missing trash indexes idempotently without changing retained data or schema metadata (111.318569ms)
✔ Node: index batch failure rolls back every newly added index and leaves marker/data unchanged (57.666575ms)
✔ D1: all-locale trash order uses the pinned deleted-leading index while retaining upstream tie sorting (418.45562ms)
✔ D1: explicit migration adds missing trash indexes idempotently without changing retained data or schema metadata (538.43398ms)
✔ D1: index batch failure rolls back every newly added index and leaves marker/data unchanged (491.756396ms)
✔ Node: synthetic mixed-status fixture excludes active and published rows before pagination (39.163195ms)
▶ Node: 103 retained drafts paginate through repository/service and survive reopen
  ✔ default 50, cap 100 and last returned row produce honest continuation (3.051374ms)
  ✔ full default, custom and repository walks have no duplicates or missing tied rows (9.889342ms)
  ✔ omitted locale includes all locales and each exact-locale walk remains complete (23.683187ms)
  ✔ empty cursor is first page; exact terminal and beyond-terminal pages omit continuation (2.822539ms)
  ✔ malformed cursors report INVALID_CURSOR at both repository and service boundaries (2.117124ms)
  ✔ saved later page resumes after a storage reopen (4.549595ms)
  ✔ restoring a later-page row retains data, rejects stale tokens and survives reopen (9.302437ms)
✔ Node: 103 retained drafts paginate through repository/service and survive reopen (297.0621ms)
✔ D1: synthetic mixed-status fixture excludes active and published rows before pagination (416.19278ms)
▶ D1: 103 retained drafts paginate through repository/service and survive reopen
  ✔ default 50, cap 100 and last returned row produce honest continuation (36.420957ms)
  ✔ full default, custom and repository walks have no duplicates or missing tied rows (204.522752ms)
  ✔ omitted locale includes all locales and each exact-locale walk remains complete (339.011488ms)
  ✔ empty cursor is first page; exact terminal and beyond-terminal pages omit continuation (46.289137ms)
  ✔ malformed cursors report INVALID_CURSOR at both repository and service boundaries (0.890724ms)
  ✔ saved later page resumes after a storage reopen (194.285961ms)
  ✔ restoring a later-page row retains data, rejects stale tokens and survives reopen (264.823137ms)
✔ D1: 103 retained drafts paginate through repository/service and survive reopen (6864.779706ms)
✔ supplemental cursor wire uses UTF-8 standard base64 and preserves upstream string-only validation (0.576289ms)
✔ supplemental direct cursor decode rejects empty/malformed/oversized input with a short domain error (0.830473ms)
✔ Node: adapted trash-locale-filter.test.ts:57/65/75 value assertions (82.861208ms)
✔ D1: adapted trash-locale-filter.test.ts:57/65/75 value assertions (451.185633ms)
✔ workerd: draft restore uses actual D1 without nodejs_compat, with one concurrent CAS winner (1230.535848ms)
✔ draft trash: authorization precedes hostile input and every storage access (2.48238ms)
✔ draft trash: permitted malformed bounded inputs reject before storage (2.935731ms)
✔ Node draft trash: explicit locale scopes, omitted locale includes every locale and item locale is retained (90.988317ms)
✔ Node draft trash: default 50 and cap 100, deletedAt/id descending, bounded body-free summaries (371.476478ms)
✔ Node draft trash: restore retains stored columns and returns refreshed CAS even with frozen time (47.285407ms)
✔ Node draft trash: restore uses edit-own/any, persisted nonempty owner and no delete requirement (43.652939ms)
✔ Node draft trash: stale tokens conflict without writes, active restore conflicts and missing restores are NOT_FOUND (49.930145ms)
✔ Node draft trash: two real SQLite connections restoring the same token yield one success and one conflict (64.445179ms)
✔ Node draft trash: SQL owner predicate rejects ownership changed after authorized preflight on another connection (35.616344ms)
✔ Node draft trash: SQL CAS rejects restore won by another connection after preflight (39.666409ms)
✔ Node draft trash: restore returns its committed row when another connection writes before batch returns (35.236684ms)
✔ Node draft trash: unexpected storage errors roll back restore and guard rows (26.907419ms)
✔ Node draft trash: trashed data and restored revision survive real storage restart; prior token remains stale (79.751056ms)
✔ Node source: five collection output, manifest-build.test.ts:537 (64.129057ms)
✔ Node supplemental: 0/1/50/51/100 boundaries preserve ordered projection with bounded reads (252.072502ms)
✔ Node supplemental: each collection retains its 32-field cap, including ignored malformed rows (70.36742ms)
✔ Node supplemental: authorization precedes SQL; constructor fields remain unparsed; errors propagate (41.580933ms)
✔ Node supplemental: uncached collection and field changes appear on the next read (30.015071ms)
✔ D1 source: five collection output, manifest-build.test.ts:537 (3022.480368ms)
✔ D1 supplemental: 0/1/50/51/100 boundaries preserve ordered projection with bounded reads (10617.995007ms)
✔ D1 supplemental: each collection retains its 32-field cap, including ignored malformed rows (2320.043284ms)
✔ D1 supplemental: authorization precedes SQL; constructor fields remain unparsed; errors propagate (1662.772025ms)
✔ D1 supplemental: uncached collection and field changes appear on the next read (1431.884236ms)
✔ workerd supplemental: manifest executes on the actual local D1 binding without nodejs_compat (493.379981ms)
✔ source: includes manual collections that have no fields (41.012646ms)
✔ source subset: forwards declared validation on scalar fields and omits absent validation (31.278638ms)
✔ source: reflects schema mutations immediately with no cross-runtime cache (22.496596ms)
✔ manifest requires draft-read before querying; administrative schema policy is unchanged (1.258219ms)
✔ least-disclosure projection excludes storage/admin/default/content values and respects registry bounds (285.455004ms)
✔ pinned manifest limitation: a manual constructor collection is omitted pending a separate upstream-behavior fix (18.455058ms)
✔ Node: partial registry.test.ts:668 existing-field label/order expectations (72.948265ms)
✔ Node: adapted MCP schema.test.ts:1003 preserves concurrent partial field updates (44.265985ms)
✔ Node: supplemental paired 12-layout metadata-default change preserves raw/content omitted inserts (163.937202ms)
✔ Node: supplemental field-update validation observation applies to future writes and leaves old content readable (31.714433ms)
✔ D1: partial registry.test.ts:668 existing-field label/order expectations (1020.388217ms)
✔ D1: adapted MCP schema.test.ts:1003 preserves concurrent partial field updates (275.081384ms)
✔ D1: supplemental paired 12-layout metadata-default change preserves raw/content omitted inserts (2424.404776ms)
✔ D1: supplemental field-update validation observation applies to future writes and leaves old content readable (319.747619ms)
✔ field edit: schema permission precedes hostile input and storage (1.818887ms)
✔ Node: field metadata persists across reopen without DDL, content, token or collection changes (97.926629ms)
✔ Node: supplied-key edits preserve omissions; validation replaces and null/empty remain distinct (40.77465ms)
✔ Node: invalid and out-of-scope metadata fails without writes (71.087604ms)
✔ Node: independent concurrent partial edits preserve both writes and each operation's own receipt (28.36353ms)
✔ Node: independent storage handles make concurrent supplied-key edits without a shared mutex (34.22388ms)
✔ Node: legacy metadata edits preserve divergent SQL defaults, required layout, unique indexes and stored NULL across reopen (38.145903ms)
✔ Node: validation tightening affects future supplied writes while old content remains readable (38.337591ms)
✔ Node: edited defaults stay metadata; omitted raw/content inserts retain physical required defaults and optional NULL (33.935896ms)
✔ Node: failures during/after metadata UPDATE roll back every change and retain storage errors (27.872662ms)
✔ Node: field replacement between preflight and commit preserves the replacement identity (28.925505ms)
✔ D1: field metadata persists across reopen without DDL, content, token or collection changes (641.758478ms)
✔ D1: supplied-key edits preserve omissions; validation replaces and null/empty remain distinct (1034.0369ms)
✔ D1: invalid and out-of-scope metadata fails without writes (1112.175613ms)
✔ D1: independent concurrent partial edits preserve both writes and each operation's own receipt (228.937655ms)
✔ D1: independent storage handles make concurrent supplied-key edits without a shared mutex (2058.174095ms)
✔ D1: legacy metadata edits preserve divergent SQL defaults, required layout, unique indexes and stored NULL across reopen (519.968987ms)
✔ D1: validation tightening affects future supplied writes while old content remains readable (965.600666ms)
✔ D1: edited defaults stay metadata; omitted raw/content inserts retain physical required defaults and optional NULL (382.177422ms)
✔ D1: failures during/after metadata UPDATE roll back every change and retain storage errors (399.730127ms)
✔ D1: field replacement between preflight and commit preserves the replacement identity (312.722066ms)
✔ field label conversion accepts absent/matching Kit instance ids and removes them before the service (1.958644ms)
✔ field label form requires exact pair identity, a nonempty string and rejects broader field properties (0.59016ms)
✔ field label: permission precedes hostile input and all storage access (2.619972ms)
✔ Node: selected partial registry.test.ts:668 label assertion (49.525261ms)
✔ Node: string/text labels persist across restart while all other metadata, DDL, indexes, content and tokens remain unchanged (52.485575ms)
✔ Node: strict label-only validation rejects extra properties and invalid targets before storage without writes (32.138736ms)
✔ Node: whitespace and labels longer than 200 characters retain the pinned nonempty-only contract (45.611858ms)
✔ Node: schema:manage alone can relabel and schema/content readers cannot mutate any row (32.418729ms)
✔ Node: identical labels are successful no-op values and same-field concurrent edits are last-writer-wins (38.236473ms)
✔ Node: independent fields keep separate results and do not change each other's attributes (29.404503ms)
✔ Node: a pre-label collection metadata token remains valid and metadata forms cannot overwrite field labels (38.7481ms)
✔ Node: metadata writes between label preflight and commit neither conflict nor lose either update (37.04765ms)
✔ Node: label writes during metadata preflight leave metadata CAS valid and preserve both updates (39.862777ms)
✔ Node: additive fields coexist with label edits even when schema version changes after preflight (38.968057ms)
✔ Node: collection/field target pairs isolate same-slug fields and missing targets write nothing (40.228578ms)
✔ Node: deletion of a field after preflight cannot relabel a different identity or report success (41.607949ms)
✔ Node: replacement of a field after preflight cannot relabel a different identity or report success (40.044951ms)
✔ Node: replacement of a collection and its same-slug fields after preflight preserves the replacement identities (27.823607ms)
✔ Node: failures during and after the label UPDATE roll back every row and retain unexpected storage errors (38.254591ms)
✔ Node: the returned field belongs to this atomic write even when another label commits before the adapter returns (24.55647ms)
✔ Node: relabeling legacy columns retains divergent defaults, required layout, unique indexes and stored NULL values (37.863561ms)
✔ D1: selected partial registry.test.ts:668 label assertion (933.297805ms)
✔ D1: string/text labels persist across restart while all other metadata, DDL, indexes, content and tokens remain unchanged (586.583199ms)
✔ D1: strict label-only validation rejects extra properties and invalid targets before storage without writes (791.057353ms)
✔ D1: whitespace and labels longer than 200 characters retain the pinned nonempty-only contract (283.096653ms)
✔ D1: schema:manage alone can relabel and schema/content readers cannot mutate any row (290.966059ms)
✔ D1: identical labels are successful no-op values and same-field concurrent edits are last-writer-wins (335.494401ms)
✔ D1: independent fields keep separate results and do not change each other's attributes (249.004435ms)
✔ D1: a pre-label collection metadata token remains valid and metadata forms cannot overwrite field labels (332.42528ms)
✔ D1: metadata writes between label preflight and commit neither conflict nor lose either update (219.321339ms)
✔ D1: label writes during metadata preflight leave metadata CAS valid and preserve both updates (201.214282ms)
✔ D1: additive fields coexist with label edits even when schema version changes after preflight (275.375743ms)
✔ D1: collection/field target pairs isolate same-slug fields and missing targets write nothing (308.664587ms)
✔ D1: deletion of a field after preflight cannot relabel a different identity or report success (270.231761ms)
✔ D1: replacement of a field after preflight cannot relabel a different identity or report success (242.635049ms)
✔ D1: replacement of a collection and its same-slug fields after preflight preserves the replacement identities (313.835491ms)
✔ D1: failures during and after the label UPDATE roll back every row and retain unexpected storage errors (346.465534ms)
✔ D1: the returned field belongs to this atomic write even when another label commits before the adapter returns (224.685874ms)
✔ D1: relabeling legacy columns retains divergent defaults, required layout, unique indexes and stored NULL values (524.150915ms)
✔ options keep modes omit every domain metadata key, including submitted displayed values (5.309306ms)
✔ options set keys independently; label/default strings retain whitespace, empty default and unrestricted length (0.799543ms)
✔ validation native modes distinguish omission, null and empty replacement; one-sided bounds are independent (0.368464ms)
✔ native instance and selected values validate without introducing omitted metadata or unsupported edits (0.6514ms)
✔ options component owns a distinct registered instance with direct native spreads and explicit hidden values (10.840066ms)
✔ actual content service preserves arrays/media/numeric/boolean values through create/read/update (89.697982ms)
✔ actual content service reports every enum and numeric validation issue (45.650459ms)
✔ pinned constructor omission bug is preserved at the actual content service (57.112951ms)
▶ Zod Generator
  ▶ generateFieldSchema
    ✔ should generate string schema (2.680953ms)
    ✔ should generate number schema (0.570207ms)
    ✔ should generate integer schema (0.947906ms)
    ✔ should generate boolean schema (1.186304ms)
    ✔ should coerce stored 0/1 booleans to real booleans (0.574615ms)
    ✔ should preserve `.default(false)` chaining through the boolean preprocess (0.955317ms)
    ✔ should accept stored 0/1 booleans in partial-mode validation (2.445419ms)
    ✔ should generate url schema (0.669537ms)
    ✔ rejects url field value %j [dataset 0] (0.426341ms)
    ✔ rejects url field value %j [dataset 1] (0.229615ms)
    ✔ rejects url field value %j [dataset 2] (0.183466ms)
    ✔ rejects url field value %j [dataset 3] (0.151157ms)
    ✔ rejects url field value %j [dataset 4] (0.121513ms)
    ✔ rejects url field value %j [dataset 5] (0.138708ms)
    ✔ applies custom string validation to url fields (0.879093ms)
    ✔ should generate select schema with options (0.712822ms)
    ✔ should generate multiSelect schema (0.610177ms)
    ✔ should generate portableText schema (0.925382ms)
    ✔ should generate image schema (1.810183ms)
    ✔ accepts a dark variant on an image field and rejects a malformed one (1.90116ms)
    ✔ should make field optional when required is false (0.204367ms)
    ✔ should apply default value (0.234723ms)
    ✔ should apply string validation rules (0.449946ms)
    ✔ should apply number validation rules (0.625771ms)
  ✔ generateFieldSchema (21.129584ms)
  ▶ generateZodSchema
    ✔ should generate schema for collection with multiple fields (1.03025ms)
  ✔ generateZodSchema (1.112664ms)
  ▶ validateContent
    ✔ should return success for valid data (0.581084ms)
    ✔ should return errors for invalid data (0.493202ms)
  ✔ validateContent (1.188498ms)
  ▶ generateTypeScript
    ✔ should generate TypeScript interface (0.553343ms)
  ✔ generateTypeScript (0.660724ms)
  ▶ interface names derive from the singularized slug
    ✔ uses the slug, ignoring an arbitrary human label (0.371098ms)
    ✔ keeps names unique when singularization collapses two slugs (0.422575ms)
    ✔ keeps names unique when a suffixed name collides with another slug (0.213812ms)
    ✔ singularizes and PascalCases multi-word slugs (0.137948ms)
    ✔ singularizes a plural slug to describe a single entry (0.107152ms)
    ✔ leaves an already-singular slug unchanged (0.105098ms)
    ✔ references the same interface names in the EmDashCollections map (0.1928ms)
    ✔ includes BylineSummary in generated interface imports and byline property (0.129595ms)
  ✔ interface names derive from the singularized slug (1.900278ms)
  ▶ blocks fields in generated types
    ✔ emits retained version, per-type, and field unions (8.570151ms)
  ✔ blocks fields in generated types (8.641439ms)
  ▶ repeater fields in generated types
    ✔ builds a row object array from subFields (0.496687ms)
    ✔ types a sub-field that is not required as nullable (0.122515ms)
    ✔ enumerates the options of a select sub-field (0.140131ms)
    ✔ emits the media literal for an image sub-field (0.157838ms)
    ✔ maps a %s sub-field [dataset 0] (0.123586ms)
    ✔ maps a %s sub-field [dataset 1] (0.076525ms)
    ✔ maps a %s sub-field [dataset 2] (0.962518ms)
    ✔ maps a %s sub-field [dataset 3] (0.080531ms)
    ✔ maps a %s sub-field [dataset 4] (0.181523ms)
    ✔ maps a %s sub-field [dataset 5] (0.084507ms)
    ✔ maps a %s sub-field [dataset 6] (0.068062ms)
    ✔ maps a %s sub-field [dataset 7] (0.062264ms)
    ✔ maps a %s sub-field [dataset 8] (0.063987ms)
    ✔ falls back to unknown when subFields is absent (0.123636ms)
    ✔ falls back to unknown when subFields is empty (0.084677ms)
    ✔ falls back to unknown when subFields is %j [dataset 0] (0.084297ms)
    ✔ falls back to unknown when subFields is %j [dataset 1] (0.054973ms)
    ✔ falls back to unknown when subFields is %j [dataset 2] (0.055494ms)
    ✔ falls back to unknown when subFields is %j [dataset 3] (0.055133ms)
    ✔ falls back to unknown when subFields is %j [dataset 4] (0.161363ms)
    ▶ sub-field slugs that are not bare identifiers
      ✔ emits a parseable declaration file for %j [dataset 0] (1.135067ms)
      ✔ emits a parseable declaration file for %j [dataset 1] (0.588485ms)
      ✔ emits a parseable declaration file for %j [dataset 2] (0.499912ms)
      ✔ emits a parseable declaration file for %j [dataset 3] (1.225954ms)
      ✔ does not let a slug restructure the emitted type (1.372644ms)
    ✔ sub-field slugs that are not bare identifiers (5.037448ms)
    ▶ duplicate sub-field slugs
      ✔ declares a duplicated slug once (0.926724ms)
      ✔ keeps the last declaration of a duplicated slug (0.779603ms)
      ✔ declares the members the row schema accepts (1.10992ms)
    ✔ duplicate sub-field slugs (2.943247ms)
    ✔ keeps a required repeater non-optional (0.127963ms)
  ✔ repeater fields in generated types (11.935654ms)
  ▶ reference fields
    ✔ validates a field with no relation as the entry id string it stores (0.527223ms)
    ✔ leaves a field bound to a relation out of the data schema (0.151137ms)
    ✔ types a field with no relation as a string and omits a bound one (0.121132ms)
  ✔ reference fields (0.920615ms)
  ▶ reference interfaces in the generated file
    ✔ emits a page per bound field, typed to the target collection (0.27954ms)
    ✔ registers the references interface under EmDashCollectionReferences (0.137907ms)
    ✔ imports ReferencePage only when a bound reference field exists (0.224558ms)
    ✔ emits nothing for a collection whose reference fields are all unbound (0.28567ms)
    ✔ leaves the page un-narrowed when the target is not in the file (0.11999ms)
  ✔ reference interfaces in the generated file (1.594969ms)
✔ Zod Generator (49.969716ms)
▶ SchemaRegistry
  ▶ Collection Operations
    ✔ should create a collection (46.150311ms)
    ✔ F14: defaults supports to ['drafts', 'revisions'] when undefined (22.842961ms)
    ✔ F14: preserves explicit empty supports array (opt-out) (18.349573ms)
    ✔ defaults collections to routable and preserves explicit opt-out (20.201497ms)
    ✔ should create the content table when creating a collection (17.474796ms)
    ✔ rejects an unregistered content table with a structured conflict (18.665737ms)
    ✔ should list collections (18.725287ms)
    ▶ sidebar sort order
      ✔ has no explicit order by default (16.249193ms)
      ✔ lists explicitly ordered collections first, then the rest alphabetically (19.996329ms)
      ✔ applies the same order to listCollectionsWithFields (the manifest path) (19.741126ms)
      ✔ reorderCollections assigns positions in the given order (21.324678ms)
      ✔ reorderCollections clears the position of collections left out (17.586875ms)
      ✔ reorderCollections rejects unknown slugs without touching the order (17.695909ms)
      ✔ reorderCollections rejects duplicate slugs (16.549194ms)
      ✔ update preserves the position when sortOrder is omitted, and clears it on null (21.309204ms)
      ✔ rejects `reorder` as a collection slug (shadowed by the reorder route) (24.907787ms)
    ✔ sidebar sort order (176.02316ms)
    ✔ should get a collection by slug (22.020333ms)
    ✔ should return null for non-existent collection (18.2758ms)
    ✔ should update a collection (17.090139ms)
    ✔ touches updatedAt for an empty update (18.447757ms)
    ✔ collections are visible in the sidebar by default (22.864106ms)
    ✔ creates a collection hidden from the sidebar (22.756013ms)
    ✔ toggles hidden on an existing collection (20.71822ms)
    ✔ preserves hidden when an update omits it (19.033851ms)
    ✔ groups a collection into a sidebar folder and moves it back inline (27.482631ms)
    ✔ clears a collection icon with an empty string (20.490938ms)
    ✔ persists collection admin list columns (20.29351ms)
    ✔ should throw when updating non-existent collection (15.890371ms)
    ✔ should delete a collection (18.034765ms)
    ✔ should throw when creating duplicate collection (17.372056ms)
    ✔ should reject reserved collection slugs (15.483718ms)
    ✔ should validate collection slug format (18.121085ms)
  ✔ Collection Operations (655.567572ms)
  ▶ Field Operations
    ✔ preserves unsupported stored field types instead of treating them as strings (24.148444ms)
    ✔ preserves unsupported stored repeater sub-field types (19.654196ms)
    ✔ should create a field (18.906619ms)
    ✔ keeps an indexed field's physical index in sync (36.356342ms)
    ✔ keeps metadata and its physical index aligned when indexed changes from %s to %s during concurrent updates [dataset 0] (23.905677ms)
    ✔ keeps metadata and its physical index aligned when indexed changes from %s to %s during concurrent updates [dataset 1] (22.726859ms)
    ✔ drops the index when an indexed field moves to a type that cannot carry one (40.159071ms)
    ✔ reuses an existing generated index when enabling indexed metadata (31.777838ms)
    ✔ uses the generated index for indexed custom field ordering (28.549579ms)
    ✔ rejects indexes for non-scalar fields (30.729417ms)
    ✔ should add column to content table when creating field (25.613172ms)
    ✔ should list fields for a collection (20.906435ms)
    ✔ should get a field by slug (20.268062ms)
    ✔ should update a field (19.425261ms)
    ✔ updates a field type when the column affinity is unchanged (#1397) (26.682805ms)
    ✔ rejects a field type change that would alter the column type (#1397) (24.240612ms)
    ✔ should delete a field (25.59873ms)
    ✔ should reject reserved field slugs (24.741587ms)
    ✔ should map field types to correct column types (45.690807ms)
    ✔ should reorder fields (33.029805ms)
  ✔ Field Operations (544.623431ms)
  ▶ Collection with Fields
    ✔ should get collection with all fields (22.499817ms)
    ✔ should cascade delete fields when deleting collection (22.461749ms)
  ✔ Collection with Fields (45.135079ms)
✔ SchemaRegistry (1246.150453ms)
✔ Node: create derives SEO support unless explicitly overridden (57.446233ms)
✔ Node: update derives supplied SEO support while preserving explicit and omitted values (24.29205ms)
✔ Node: collection reorder touches listed and cleared timestamps without a version bump and rejects stale CAS (27.816394ms)
✔ Node: deleting titleField clears its pointer and touches only that collection timestamp without a version bump (31.874153ms)
✔ Node: deleting dateField clears its pointer and touches only that collection timestamp without a version bump (30.257495ms)
✔ Node: deleting an unreferenced field leaves collection metadata timestamps intact (34.116054ms)
✔ Node: actual create and partial update reject nested lossy JSON with zero persisted changes (36.879681ms)
✔ D1: create derives SEO support unless explicitly overridden (929.961224ms)
✔ D1: update derives supplied SEO support while preserving explicit and omitted values (112.609003ms)
✔ D1: collection reorder touches listed and cleared timestamps without a version bump and rejects stale CAS (154.15574ms)
✔ D1: deleting titleField clears its pointer and touches only that collection timestamp without a version bump (205.083764ms)
✔ D1: deleting dateField clears its pointer and touches only that collection timestamp without a version bump (190.925065ms)
✔ D1: deleting an unreferenced field leaves collection metadata timestamps intact (191.037735ms)
✔ D1: actual create and partial update reject nested lossy JSON with zero persisted changes (197.439538ms)
✔ the persisted registry creates every pinned EmDash 1.1.0 field type (101.22056ms)
✔ defaults collections to routable and preserves explicit opt-out (27.106774ms)
✔ version 1 metadata upgrade retains physical columns, rows, and divergent legacy defaults (93.718378ms)
✔ version 2 metadata upgrade retains physical columns, rows, and divergent legacy defaults (43.03388ms)
✔ failure during each new metadata/identity DDL restores the exact legacy schema and rows (185.894589ms)
✔ incomplete identity layouts and temporary metadata objects reject without repair (78.742305ms)
✔ own JSON keys round-trip with normal prototypes and no global mutation (2.904229ms)
✔ custom transport cannot disguise lossy JSON, cycles, getters or custom objects (0.331239ms)
✔ malformed custom decoder data fails without exposing the supplied value (0.49046ms)
[emdash:redirects] publishing redirect artifacts failed: Error: database is not open
    at NodeSqliteCompatDatabase.prepare (file:///workspace/cms-full-search-query-api/src/lib/server/database/node-sqlite-compat.ts:82:36)
    at SqliteConnection.executeQuery (file:///workspace/cms-full-search-query-api/node_modules/.pnpm/kysely@0.29.2/node_modules/kysely/dist/dialect/sqlite/sqlite-driver.js:58:31)
    at file:///workspace/cms-full-search-query-api/node_modules/.pnpm/kysely@0.29.2/node_modules/kysely/dist/query-executor/query-executor-base.js:39:41
    at DefaultConnectionProvider.provideConnection (file:///workspace/cms-full-search-query-api/node_modules/.pnpm/kysely@0.29.2/node_modules/kysely/dist/driver/default-connection-provider.js:10:26)
    at async DefaultQueryExecutor.executeQuery (file:///workspace/cms-full-search-query-api/node_modules/.pnpm/kysely@0.29.2/node_modules/kysely/dist/query-executor/query-executor-base.js:38:28)
    at async SelectQueryBuilderImpl.execute (file:///workspace/cms-full-search-query-api/node_modules/.pnpm/kysely@0.29.2/node_modules/kysely/dist/query-builder/select-query-builder.js:318:24)
    at async SelectQueryBuilderImpl.executeTakeFirst (file:///workspace/cms-full-search-query-api/node_modules/.pnpm/kysely@0.29.2/node_modules/kysely/dist/query-builder/select-query-builder.js:322:26)
    at async publishRedirectArtifacts (file:///workspace/cms-full-search-query-api/src/lib/server/redirects/artifacts.ts:156:16)
    at async publishRedirectChanges (file:///workspace/cms-full-search-query-api/src/lib/server/redirects/artifacts.ts:277:3) {
  code: 'ERR_INVALID_STATE'
}
✔ Node: live metadata saves keep staged data and slug unpublished (64.143441ms)
✔ Node: revision restore cannot replace a save before-refetch (54.153533ms)
✔ Node: revision restore cannot replace a save after-refetch (30.640162ms)
✔ Node: plain restore cannot replace a save before-refetch (27.836735ms)
✔ Node: plain restore cannot replace a save after-refetch (35.453705ms)
[emdash:redirects] publishing redirect artifacts failed: Error: driver has already been destroyed
    at RuntimeDriver.acquireConnection (file:///workspace/cms-full-search-query-api/node_modules/.pnpm/kysely@0.29.2/node_modules/kysely/dist/driver/runtime-driver.js:44:19)
    at DefaultConnectionProvider.provideConnection (file:///workspace/cms-full-search-query-api/node_modules/.pnpm/kysely@0.29.2/node_modules/kysely/dist/driver/default-connection-provider.js:8:47)
    at DefaultQueryExecutor.provideConnection (file:///workspace/cms-full-search-query-api/node_modules/.pnpm/kysely@0.29.2/node_modules/kysely/dist/query-executor/default-query-executor.js:20:41)
    at DefaultQueryExecutor.executeQuery (file:///workspace/cms-full-search-query-api/node_modules/.pnpm/kysely@0.29.2/node_modules/kysely/dist/query-executor/query-executor-base.js:38:39)
    at SelectQueryBuilderImpl.execute (file:///workspace/cms-full-search-query-api/node_modules/.pnpm/kysely@0.29.2/node_modules/kysely/dist/query-builder/select-query-builder.js:318:51)
    at publishRedirectArtifacts (file:///workspace/cms-full-search-query-api/src/lib/server/redirects/artifacts.ts:170:4)
    at process.processTicksAndRejections (node:internal/process/task_queues:104:5)
    at async publishRedirectChanges (file:///workspace/cms-full-search-query-api/src/lib/server/redirects/artifacts.ts:277:3)
✔ D1: live metadata saves keep staged data and slug unpublished (1187.285865ms)
✔ D1: revision restore cannot replace a save before-refetch (328.771685ms)
✔ D1: revision restore cannot replace a save after-refetch (267.811213ms)
✔ D1: plain restore cannot replace a save before-refetch (279.793522ms)
✔ D1: plain restore cannot replace a save after-refetch (212.7817ms)
✔ Node: fresh canonical startup publishes, stages, rolls back and retains history on reopen (148.967211ms)
✔ Node: v4 canonical startup publishes, stages, rolls back and retains history on reopen (109.450662ms)
✔ D1: fresh canonical startup publishes, stages, rolls back and retains history on reopen (865.851289ms)
✔ D1: v4 canonical startup publishes, stages, rolls back and retains history on reopen (911.198606ms)
(node:2324171) ExperimentalWarning: stripTypeScriptTypes is an experimental feature and might change at any time
(Use `node --trace-warnings ...` to show where the warning was created)
✔ Node: real later metadata replacement is accepted on canonical restart (18.197375ms)
✔ Node: malformed latest static metadata rejects before dynamic descriptors (6.255156ms)
✔ D1: real later metadata replacement is accepted on canonical restart (799.744232ms)
✔ D1: malformed latest static metadata rejects before dynamic descriptors (39.67927ms)
▶ packages/core/tests/integration/content/blank-array-field.test.ts
  ✔ saves blank strings as null on create (62.415701ms)
  ✔ saves an entry read back with a stored blank body (41.176851ms)
  ✔ still rejects a blank body on a required field (41.317363ms)
✔ packages/core/tests/integration/content/blank-array-field.test.ts (145.924631ms)
▶ packages/core/tests/integration/content/deleted-field-stranded-entry.test.ts
  ✔ publishes the existing draft without another save (48.526299ms)
✔ packages/core/tests/integration/content/deleted-field-stranded-entry.test.ts (48.831858ms)
(node:2324231) ExperimentalWarning: stripTypeScriptTypes is an experimental feature and might change at any time
(Use `node --trace-warnings ...` to show where the warning was created)
✔ Node: exact managed version-suffix FTS survives restart, index repair and live effects (40.33769ms)
✔ Node: complete source group may precede config or remain disabled (27.207805ms)
✔ Node: incomplete, spoofed and malformed managed ownership rejects without startup writes (107.261119ms)
✔ Node: managed group, trigger and metadata races abort before index backfill (110.028962ms)
✔ Node: unrelated operator and live search row writes remain allowed during backfill (13.871499ms)
✔ Node: maximum declared fields fit the native D1 binding budget during backfill (57.20159ms)
✔ Node: every orphan version-suffix companion rejects preflight (169.284389ms)
✔ Node: every orphan version-suffix companion rejects batch races (216.342685ms)
✔ Node: separate namespace companion lookalikes remain ordinary operators (11.399122ms)
✔ D1: exact managed version-suffix FTS survives restart, index repair and live effects (1098.272277ms)
✔ D1: complete source group may precede config or remain disabled (323.987661ms)
✔ D1: incomplete, spoofed and malformed managed ownership rejects without startup writes (2164.416286ms)
✔ D1: managed group, trigger and metadata races abort before index backfill (2024.470623ms)
✔ D1: unrelated operator and live search row writes remain allowed during backfill (196.919965ms)
✔ D1: maximum declared fields fit the native D1 binding budget during backfill (898.633462ms)
✔ D1: every orphan version-suffix companion rejects preflight (3264.106179ms)
✔ D1: every orphan version-suffix companion rejects batch races (3858.220597ms)
✔ D1: separate namespace companion lookalikes remain ordinary operators (282.92161ms)
✔ Node: invalid mixed publication date preserves the pinned partial draft commit (63.750247ms)
[revisions] Failed to prune revisions for post/01M43YJ5NWY2QFER87Q99WFRWC: Error: review prune fault
    at Object.run (file:///workspace/cms-full-search-query-api/src/lib/server/database/node-sqlite-compat.ts:87:38)
    at SqliteConnection.executeQuery (file:///workspace/cms-full-search-query-api/node_modules/.pnpm/kysely@0.29.2/node_modules/kysely/dist/dialect/sqlite/sqlite-driver.js:64:51)
    at file:///workspace/cms-full-search-query-api/node_modules/.pnpm/kysely@0.29.2/node_modules/kysely/dist/query-executor/query-executor-base.js:39:41
    at DefaultConnectionProvider.provideConnection (file:///workspace/cms-full-search-query-api/node_modules/.pnpm/kysely@0.29.2/node_modules/kysely/dist/driver/default-connection-provider.js:10:26)
    at async DefaultQueryExecutor.executeQuery (file:///workspace/cms-full-search-query-api/node_modules/.pnpm/kysely@0.29.2/node_modules/kysely/dist/query-executor/query-executor-base.js:38:28)
    at async RevisionRepository.pruneOldRevisions (file:///workspace/cms-full-search-query-api/src/lib/server/database/lifecycle/upstream/database/repositories/revision.ts:313:18)
    at async RevisionRepository.pruneQueuedEntry (file:///workspace/cms-full-search-query-api/src/lib/server/database/lifecycle/upstream/database/repositories/revision.ts:335:18)
    at async task (file:///workspace/cms-full-search-query-api/src/lib/server/database/lifecycle/service.ts:113:12)
    at async Object.flush (file:///workspace/cms-full-search-query-api/tests/lifecycle-review-regressions.test.ts:27:61)
    at async TestContext.<anonymous> (file:///workspace/cms-full-search-query-api/tests/lifecycle-review-regressions.test.ts:125:12) {
  code: 'ERR_SQLITE_ERROR',
  errcode: 1811,
  errstr: 'constraint failed'
}
[revisions] Failed to schedule pruning for post/01M43YJ5R9V72EMV3CQXQ1D7K0: Error: no such column: missing_capture_column
    at NodeSqliteCompatDatabase.prepare (file:///workspace/cms-full-search-query-api/src/lib/server/database/node-sqlite-compat.ts:82:36)
    at SqliteConnection.executeQuery (file:///workspace/cms-full-search-query-api/node_modules/.pnpm/kysely@0.29.2/node_modules/kysely/dist/dialect/sqlite/sqlite-driver.js:58:31)
    at file:///workspace/cms-full-search-query-api/node_modules/.pnpm/kysely@0.29.2/node_modules/kysely/dist/query-executor/query-executor-base.js:39:41
    at DefaultConnectionProvider.provideConnection (file:///workspace/cms-full-search-query-api/node_modules/.pnpm/kysely@0.29.2/node_modules/kysely/dist/driver/default-connection-provider.js:10:26)
    at async DefaultQueryExecutor.executeQuery (file:///workspace/cms-full-search-query-api/node_modules/.pnpm/kysely@0.29.2/node_modules/kysely/dist/query-executor/query-executor-base.js:38:28)
    at async Object.unpublish (file:///workspace/cms-full-search-query-api/src/lib/server/database/lifecycle/service.ts:242:23)
    at async TestContext.<anonymous> (file:///workspace/cms-full-search-query-api/tests/lifecycle-review-regressions.test.ts:158:19)
    at async Test.run (node:internal/test_runner/test:1389:7)
    at async Test.processPendingSubtests (node:internal/test_runner/test:960:7) {
  code: 'ERR_SQLITE_ERROR',
  errcode: 1,
  errstr: 'SQL logic error'
}
✔ Node: slug-only update preserves the pinned public runtime live write (39.751257ms)
✔ Node: unpublish cycles drain actual queued history at the source retention cap (226.079608ms)
✔ Node: accepted ISO metadata SQL fault preserves the pinned mixed draft commit (29.955206ms)
✔ Node: unpublish pruning preserves a newer queued boundary and the current draft (47.114862ms)
✔ Node: accepted unpublish isolates a real prune fault and retains queued work for retry (70.2353ms)
✔ Node: a real queue-capture SELECT fault cannot reject an accepted unpublish (35.078291ms)
✔ D1: invalid mixed publication date preserves the pinned partial draft commit (981.846194ms)
✔ D1: slug-only update preserves the pinned public runtime live write (284.435017ms)
✔ D1: unpublish cycles drain actual queued history at the source retention cap (5321.747552ms)
✔ D1: accepted ISO metadata SQL fault preserves the pinned mixed draft commit (315.113487ms)
✔ D1: unpublish pruning preserves a newer queued boundary and the current draft (1055.739534ms)
[revisions] Failed to prune revisions for post/01M43YJDMGFWDYAPEQZ620H2B8: Error: D1_ERROR: review prune fault: SQLITE_CONSTRAINT (extended: SQLITE_CONSTRAINT_TRIGGER)
    at Error (file:///workspace/cms-full-search-query-api/tests/helpers/async-d1-storage.ts:40:19)
    at hydrate (file:///workspace/cms-full-search-query-api/node_modules/.pnpm/devalue@5.9.4/node_modules/devalue/src/parse.js:107:24)
    at hydrate (file:///workspace/cms-full-search-query-api/node_modules/.pnpm/devalue@5.9.4/node_modules/devalue/src/parse.js:271:26)
    at unflatten (file:///workspace/cms-full-search-query-api/node_modules/.pnpm/devalue@5.9.4/node_modules/devalue/src/parse.js:278:9)
    ... 3 lines matching cause stack trace ...
    at async execute (file:///workspace/cms-full-search-query-api/tests/helpers/async-d1-storage.ts:55:18)
    at async D1Connection.executeQuery (file:///workspace/cms-full-search-query-api/src/lib/server/database/d1.ts:53:29)
    at async file:///workspace/cms-full-search-query-api/node_modules/.pnpm/kysely@0.29.2/node_modules/kysely/dist/query-executor/query-executor-base.js:39:24 {
  [cause]: Error: review prune fault: SQLITE_CONSTRAINT (extended: SQLITE_CONSTRAINT_TRIGGER)
      at Error (file:///workspace/cms-full-search-query-api/tests/helpers/async-d1-storage.ts:40:19)
      at hydrate (file:///workspace/cms-full-search-query-api/node_modules/.pnpm/devalue@5.9.4/node_modules/devalue/src/parse.js:107:24)
      at hydrate (file:///workspace/cms-full-search-query-api/node_modules/.pnpm/devalue@5.9.4/node_modules/devalue/src/parse.js:271:26)
      at hydrate (file:///workspace/cms-full-search-query-api/node_modules/.pnpm/devalue@5.9.4/node_modules/devalue/src/parse.js:107:32)
      at hydrate (file:///workspace/cms-full-search-query-api/node_modules/.pnpm/devalue@5.9.4/node_modules/devalue/src/parse.js:271:26)
      at unflatten (file:///workspace/cms-full-search-query-api/node_modules/.pnpm/devalue@5.9.4/node_modules/devalue/src/parse.js:278:9)
      at parse (file:///workspace/cms-full-search-query-api/node_modules/.pnpm/devalue@5.9.4/node_modules/devalue/src/parse.js:21:9)
      at file:///workspace/cms-full-search-query-api/tests/helpers/async-d1-storage.ts:50:21
      at process.processTicksAndRejections (node:internal/process/task_queues:104:5)
      at async execute (file:///workspace/cms-full-search-query-api/tests/helpers/async-d1-storage.ts:55:18) {
    [cause]: undefined
  }
}
✔ D1: accepted unpublish isolates a real prune fault and retains queued work for retry (1072.935448ms)
[revisions] Failed to schedule pruning for post/01M43YJER15GNSHG14XB9AB6FS: Error: D1_ERROR: no such column: missing_capture_column at offset 7: SQLITE_ERROR
    at Error (file:///workspace/cms-full-search-query-api/tests/helpers/async-d1-storage.ts:40:19)
    at hydrate (file:///workspace/cms-full-search-query-api/node_modules/.pnpm/devalue@5.9.4/node_modules/devalue/src/parse.js:107:24)
    at hydrate (file:///workspace/cms-full-search-query-api/node_modules/.pnpm/devalue@5.9.4/node_modules/devalue/src/parse.js:271:26)
    at unflatten (file:///workspace/cms-full-search-query-api/node_modules/.pnpm/devalue@5.9.4/node_modules/devalue/src/parse.js:278:9)
    ... 3 lines matching cause stack trace ...
    at async execute (file:///workspace/cms-full-search-query-api/tests/helpers/async-d1-storage.ts:55:18)
    at async D1Connection.executeQuery (file:///workspace/cms-full-search-query-api/src/lib/server/database/d1.ts:53:29)
    at async file:///workspace/cms-full-search-query-api/node_modules/.pnpm/kysely@0.29.2/node_modules/kysely/dist/query-executor/query-executor-base.js:39:24 {
  [cause]: Error: no such column: missing_capture_column at offset 7: SQLITE_ERROR
      at Error (file:///workspace/cms-full-search-query-api/tests/helpers/async-d1-storage.ts:40:19)
      at hydrate (file:///workspace/cms-full-search-query-api/node_modules/.pnpm/devalue@5.9.4/node_modules/devalue/src/parse.js:107:24)
      at hydrate (file:///workspace/cms-full-search-query-api/node_modules/.pnpm/devalue@5.9.4/node_modules/devalue/src/parse.js:271:26)
      at hydrate (file:///workspace/cms-full-search-query-api/node_modules/.pnpm/devalue@5.9.4/node_modules/devalue/src/parse.js:107:32)
      at hydrate (file:///workspace/cms-full-search-query-api/node_modules/.pnpm/devalue@5.9.4/node_modules/devalue/src/parse.js:271:26)
      at unflatten (file:///workspace/cms-full-search-query-api/node_modules/.pnpm/devalue@5.9.4/node_modules/devalue/src/parse.js:278:9)
      at parse (file:///workspace/cms-full-search-query-api/node_modules/.pnpm/devalue@5.9.4/node_modules/devalue/src/parse.js:21:9)
      at file:///workspace/cms-full-search-query-api/tests/helpers/async-d1-storage.ts:50:21
      at process.processTicksAndRejections (node:internal/process/task_queues:104:5)
      at async execute (file:///workspace/cms-full-search-query-api/tests/helpers/async-d1-storage.ts:55:18) {
    [cause]: undefined
  }
}
✔ D1: a real queue-capture SELECT fault cannot reject an accepted unpublish (302.533423ms)
[revisions] Failed to schedule pruning for post/01M43YJ5DW9A5B0EPSJQR5RF9G: Error: native synchronous scheduler fault
    at TestContext.<anonymous> (file:///workspace/cms-full-search-query-api/tests/lifecycle-scheduling-regressions.test.ts:35:30)
    at async Test.run (node:internal/test_runner/test:1389:7)
    at async startSubtestAfterBootstrap (node:internal/test_runner/harness:387:3)
[revisions] Failed to schedule pruning for post/01M43YJ5GA4PHTPS3D02J1GJHK: Error: native synchronous scheduler fault
    at TestContext.<anonymous> (file:///workspace/cms-full-search-query-api/tests/lifecycle-scheduling-regressions.test.ts:35:30)
    at async Test.run (node:internal/test_runner/test:1389:7)
    at async Test.processPendingSubtests (node:internal/test_runner/test:960:7)
[revisions] Failed to schedule pruning for post/01M43YJ5JK9Z4DTV1C1AJTS2DV: Error: native synchronous scheduler fault
    at TestContext.<anonymous> (file:///workspace/cms-full-search-query-api/tests/lifecycle-scheduling-regressions.test.ts:35:30)
    at async Test.run (node:internal/test_runner/test:1389:7)
    at async Test.processPendingSubtests (node:internal/test_runner/test:960:7)
[revisions] Failed to schedule pruning for post/01M43YJ5M7WEZ0EE36PYFGS0HK: Error: native synchronous scheduler fault
    at TestContext.<anonymous> (file:///workspace/cms-full-search-query-api/tests/lifecycle-scheduling-regressions.test.ts:35:30)
    at async Test.run (node:internal/test_runner/test:1389:7)
    at async Test.processPendingSubtests (node:internal/test_runner/test:960:7)
✔ Node: save survives scheduler failure and queued work retries (99.982763ms)
✔ Node: restore-draft survives scheduler failure and queued work retries (60.404416ms)
✔ Node: restore-plain survives scheduler failure and queued work retries (64.904052ms)
✔ Node: unpublish survives scheduler failure and queued work retries (49.652628ms)
[revisions] Failed to schedule pruning for post/01M43YJ6FKRNJDJMQS3MBP0SVE: Error: native synchronous scheduler fault
    at TestContext.<anonymous> (file:///workspace/cms-full-search-query-api/tests/lifecycle-scheduling-regressions.test.ts:35:30)
    at process.processTicksAndRejections (node:internal/process/task_queues:104:5)
    at async Test.run (node:internal/test_runner/test:1389:7)
    at async Test.processPendingSubtests (node:internal/test_runner/test:960:7)
✔ D1: save survives scheduler failure and queued work retries (2098.755454ms)
[revisions] Failed to schedule pruning for post/01M43YJ7VGET07ZQXRXSMGGWAR: Error: native synchronous scheduler fault
    at TestContext.<anonymous> (file:///workspace/cms-full-search-query-api/tests/lifecycle-scheduling-regressions.test.ts:35:30)
    at process.processTicksAndRejections (node:internal/process/task_queues:104:5)
    at async Test.run (node:internal/test_runner/test:1389:7)
    at async Test.processPendingSubtests (node:internal/test_runner/test:960:7)
✔ D1: restore-draft survives scheduler failure and queued work retries (1165.407538ms)
[revisions] Failed to schedule pruning for post/01M43YJ8YHDZRQ0VSCA6BMW9Q1: Error: native synchronous scheduler fault
    at TestContext.<anonymous> (file:///workspace/cms-full-search-query-api/tests/lifecycle-scheduling-regressions.test.ts:35:30)
    at process.processTicksAndRejections (node:internal/process/task_queues:104:5)
    at async Test.run (node:internal/test_runner/test:1389:7)
    at async Test.processPendingSubtests (node:internal/test_runner/test:960:7)
✔ D1: restore-plain survives scheduler failure and queued work retries (945.039956ms)
[revisions] Failed to schedule pruning for post/01M43YJ9X45KBJ8K7G82YGAV9J: Error: native synchronous scheduler fault
    at TestContext.<anonymous> (file:///workspace/cms-full-search-query-api/tests/lifecycle-scheduling-regressions.test.ts:35:30)
    at process.processTicksAndRejections (node:internal/process/task_queues:104:5)
    at async Test.run (node:internal/test_runner/test:1389:7)
    at async Test.processPendingSubtests (node:internal/test_runner/test:960:7)
✔ D1: unpublish survives scheduler failure and queued work retries (1026.732482ms)
✔ Node: staged slug collision preserves its public code and both complete entries (76.355096ms)
✔ D1: staged slug collision preserves its public code and both complete entries (1222.746065ms)
✔ Node: forward cross-collection and self-reference triggers survive the complete rebuild (89.608809ms)
✔ Node: reverse cross-collection and self-reference triggers survive the complete rebuild (54.610847ms)
✔ Node: unchanged-owner cross-collection and self-reference triggers survive the complete rebuild (57.646162ms)
✔ D1: forward cross-collection and self-reference triggers survive the complete rebuild (1692.789248ms)
✔ D1: reverse cross-collection and self-reference triggers survive the complete rebuild (964.968418ms)
✔ D1: unchanged-owner cross-collection and self-reference triggers survive the complete rebuild (948.0918ms)
✔ Node: preinstalled view content dependency rejects without writes (31.735375ms)
✔ Node: race view content dependency rejects without writes (26.785675ms)
✔ Node: preinstalled external-trigger content dependency rejects without writes (14.617889ms)
✔ Node: race external-trigger content dependency rejects without writes (27.499341ms)
✔ Node: qualified, joined, grouped and mutating content dependencies reject unchanged (77.648345ms)
✔ Node: unrelated operator views, triggers, CTE names, literals and comments remain unchanged (48.63278ms)
✔ D1: preinstalled view content dependency rejects without writes (874.727952ms)
✔ D1: race view content dependency rejects without writes (364.675165ms)
✔ D1: preinstalled external-trigger content dependency rejects without writes (247.565628ms)
✔ D1: race external-trigger content dependency rejects without writes (327.353342ms)
✔ D1: qualified, joined, grouped and mutating content dependencies reject unchanged (1548.304085ms)
✔ D1: unrelated operator views, triggers, CTE names, literals and comments remain unchanged (460.854976ms)
✔ Node: existing-table rejects fresh orphan content without migration writes (13.532743ms)
✔ Node: existing-view rejects fresh orphan content without migration writes (4.345849ms)
✔ Node: race-table rejects fresh orphan content without migration writes (14.605457ms)
✔ D1: existing-table rejects fresh orphan content without migration writes (671.698487ms)
✔ D1: existing-view rejects fresh orphan content without migration writes (37.591463ms)
✔ D1: race-table rejects fresh orphan content without migration writes (78.372481ms)
✔ Node: fresh preinstalled reserved table names reject in both cases (20.910672ms)
✔ Node: fresh preinstalled reserved view names reject in both cases (10.770223ms)
✔ Node: fresh preinstalled reserved index names reject in both cases (6.635334ms)
✔ Node: fresh racing reserved table names reject in both cases (16.698903ms)
✔ Node: fresh racing reserved view names reject in both cases (15.479656ms)
✔ Node: fresh racing reserved index names reject in both cases (10.012852ms)
✔ Node: fresh content-like operator trigger names occupy a separate namespace (83.653049ms)
✔ Node: v4 preinstalled reserved table names reject in both cases (26.858016ms)
✔ Node: v4 preinstalled reserved view names reject in both cases (26.573377ms)
✔ Node: v4 preinstalled reserved index names reject in both cases (30.814185ms)
✔ Node: v4 racing reserved table names reject in both cases (44.77302ms)
✔ Node: v4 racing reserved view names reject in both cases (34.333445ms)
✔ Node: v4 racing reserved index names reject in both cases (37.089321ms)
✔ Node: v4 content-like operator trigger names occupy a separate namespace (182.723703ms)
✔ Node: v5 preinstalled reserved table names reject in both cases (15.399155ms)
✔ Node: v5 preinstalled reserved view names reject in both cases (15.701591ms)
✔ Node: v5 preinstalled reserved index names reject in both cases (17.222532ms)
✔ Node: v5 racing reserved table names reject in both cases (41.770248ms)
✔ Node: v5 racing reserved view names reject in both cases (29.040683ms)
✔ Node: v5 racing reserved index names reject in both cases (27.836789ms)
✔ Node: v5 content-like operator trigger names occupy a separate namespace (153.177143ms)
✔ Node: v8 preinstalled reserved table names reject in both cases (29.287696ms)
✔ Node: v8 preinstalled reserved view names reject in both cases (26.871867ms)
✔ Node: v8 preinstalled reserved index names reject in both cases (28.664387ms)
✔ Node: v8 racing reserved table names reject in both cases (67.37793ms)
✔ Node: v8 racing reserved view names reject in both cases (70.758592ms)
✔ Node: v8 racing reserved index names reject in both cases (59.31146ms)
✔ Node: v8 content-like operator trigger names occupy a separate namespace (178.060624ms)
✔ Node: v4 attached mixed-case trigger owners retain original SQL and effects (55.145164ms)
✔ Node: v4 preinstalled orphan field metadata rejects without writes (11.521194ms)
✔ Node: v4 racing orphan field metadata rejects without writes (17.418787ms)
✔ Node: v4 unmanaged operator FK violations do not reject valid CMS metadata (45.408177ms)
✔ Node: v5 attached mixed-case trigger owners retain original SQL and effects (35.072809ms)
✔ Node: v5 preinstalled orphan field metadata rejects without writes (9.941915ms)
✔ Node: v5 racing orphan field metadata rejects without writes (17.3676ms)
✔ Node: v5 unmanaged operator FK violations do not reject valid CMS metadata (34.889012ms)
✔ Node: v8 attached mixed-case trigger owners retain original SQL and effects (48.352582ms)
✔ Node: v8 preinstalled orphan field metadata rejects without writes (16.137608ms)
✔ Node: v8 racing orphan field metadata rejects without writes (42.054271ms)
✔ Node: v8 unmanaged operator FK violations do not reject valid CMS metadata (54.942899ms)
✔ D1: fresh preinstalled reserved table names reject in both cases (1005.849749ms)
✔ D1: fresh preinstalled reserved view names reject in both cases (110.242467ms)
✔ D1: fresh preinstalled reserved index names reject in both cases (150.799326ms)
✔ D1: fresh racing reserved table names reject in both cases (298.101685ms)
✔ D1: fresh racing reserved view names reject in both cases (244.810605ms)
✔ D1: fresh racing reserved index names reject in both cases (209.787838ms)
✔ D1: fresh content-like operator trigger names occupy a separate namespace (867.670734ms)
✔ D1: v4 preinstalled reserved table names reject in both cases (500.283587ms)
✔ D1: v4 preinstalled reserved view names reject in both cases (380.011754ms)
✔ D1: v4 preinstalled reserved index names reject in both cases (554.487264ms)
✔ D1: v4 racing reserved table names reject in both cases (732.42333ms)
✔ D1: v4 racing reserved view names reject in both cases (675.474432ms)
✔ D1: v4 racing reserved index names reject in both cases (814.118906ms)
✔ D1: v4 content-like operator trigger names occupy a separate namespace (1831.007996ms)
✔ D1: v5 preinstalled reserved table names reject in both cases (431.076617ms)
✔ D1: v5 preinstalled reserved view names reject in both cases (415.351352ms)
✔ D1: v5 preinstalled reserved index names reject in both cases (449.946744ms)
✔ D1: v5 racing reserved table names reject in both cases (960.696312ms)
✔ D1: v5 racing reserved view names reject in both cases (787.911876ms)
✔ D1: v5 racing reserved index names reject in both cases (768.065137ms)
✔ D1: v5 content-like operator trigger names occupy a separate namespace (2253.554888ms)
✔ D1: v8 preinstalled reserved table names reject in both cases (670.689565ms)
✔ D1: v8 preinstalled reserved view names reject in both cases (663.290632ms)
✔ D1: v8 preinstalled reserved index names reject in both cases (578.185998ms)
✔ D1: v8 racing reserved table names reject in both cases (877.908702ms)
✔ D1: v8 racing reserved view names reject in both cases (1280.894699ms)
✔ D1: v8 racing reserved index names reject in both cases (1371.069752ms)
✔ D1: v8 content-like operator trigger names occupy a separate namespace (3218.065262ms)
✔ D1: v4 attached mixed-case trigger owners retain original SQL and effects (486.522519ms)
✔ D1: v4 preinstalled orphan field metadata rejects without writes (217.953047ms)
✔ D1: v4 racing orphan field metadata rejects without writes (287.062757ms)
✔ D1: v4 unmanaged operator FK violations do not reject valid CMS metadata (415.704636ms)
✔ D1: v5 attached mixed-case trigger owners retain original SQL and effects (375.115368ms)
✔ D1: v5 preinstalled orphan field metadata rejects without writes (212.900617ms)
✔ D1: v5 racing orphan field metadata rejects without writes (410.530522ms)
✔ D1: v5 unmanaged operator FK violations do not reject valid CMS metadata (469.297868ms)
✔ D1: v8 attached mixed-case trigger owners retain original SQL and effects (501.902257ms)
✔ D1: v8 preinstalled orphan field metadata rejects without writes (340.814839ms)
✔ D1: v8 racing orphan field metadata rejects without writes (504.847159ms)
✔ D1: v8 unmanaged operator FK violations do not reject valid CMS metadata (622.89053ms)
✔ Node: literal reserved prefix allows acms_tool already present (60.045526ms)
✔ Node: literal reserved prefix allows acms_tool arriving before fresh batch (41.198997ms)
✔ Node: literal reserved prefix allows xcmsZoperator already present (32.728308ms)
✔ Node: literal reserved prefix allows xcmsZoperator arriving before fresh batch (28.202081ms)
✔ D1: literal reserved prefix allows acms_tool already present (798.230494ms)
✔ D1: literal reserved prefix allows acms_tool arriving before fresh batch (137.849365ms)
✔ D1: literal reserved prefix allows xcmsZoperator already present (175.784366ms)
✔ D1: literal reserved prefix allows xcmsZoperator arriving before fresh batch (148.765938ms)
✔ Node: literal reserved prefix still rejects _cms_partial without startup writes (2.308448ms)
✔ Node: literal reserved prefix still rejects _CMS_PARTIAL without startup writes (1.727903ms)
✔ D1: literal reserved prefix still rejects _cms_partial without startup writes (16.669099ms)
✔ D1: literal reserved prefix still rejects _CMS_PARTIAL without startup writes (14.428163ms)
✔ Node: uppercase orphan table rejects without migration writes (17.293609ms)
✔ Node: uppercase orphan view rejects without migration writes (5.678243ms)
✔ Node: uppercase orphan race-table rejects without migration writes (28.330683ms)
✔ Node: fresh preserves an unrelated operator FK with an ec_note column (53.892824ms)
✔ Node: v4 preserves an unrelated operator FK with an ec_note column (49.769317ms)
✔ Node: actual quoted/comment-separated inbound content FKs and their races preserve every row (67.387354ms)
✔ Node: operator FK comments and escaped literals mentioning content remain unmanaged (64.126373ms)
✔ D1: uppercase orphan table rejects without migration writes (731.937949ms)
✔ D1: uppercase orphan view rejects without migration writes (37.389028ms)
✔ D1: uppercase orphan race-table rejects without migration writes (125.187638ms)
✔ D1: fresh preserves an unrelated operator FK with an ec_note column (393.56845ms)
✔ D1: v4 preserves an unrelated operator FK with an ec_note column (687.70381ms)
✔ D1: actual quoted/comment-separated inbound content FKs and their races preserve every row (1676.326311ms)
✔ D1: operator FK comments and escaped literals mentioning content remain unmanaged (618.484715ms)
✔ Node: v0 every validated static prerequisite DDL is guarded before startup writes (122.856185ms)
✔ Node: v0 every not-yet-installed static name remains absent until the guarded upgrade (676.053131ms)
✔ Node: v0 future static names use SQLite case-insensitive shared namespace (837.976483ms)
✔ Node: v0 intermediate metadata/lifecycle names cannot appear before startup writes (19.381955ms)
✔ Node: v0 ordinary operator writes remain outside the prerequisite snapshot (53.024819ms)
✔ Node: v1 every validated static prerequisite DDL is guarded before startup writes (31.28475ms)
✔ Node: v1 every not-yet-installed static name remains absent until the guarded upgrade (789.228102ms)
✔ Node: v1 future static names use SQLite case-insensitive shared namespace (1187.058932ms)
✔ Node: v1 intermediate metadata/lifecycle names cannot appear before startup writes (37.410138ms)
✔ Node: v1 raced marker rows and missing marker table reject unchanged (10.382351ms)
✔ Node: v1 ordinary operator writes remain outside the prerequisite snapshot (30.997997ms)
✔ Node: v2 every validated static prerequisite DDL is guarded before startup writes (49.112197ms)
✔ Node: v2 every not-yet-installed static name remains absent until the guarded upgrade (1019.224318ms)
✔ Node: v2 future static names use SQLite case-insensitive shared namespace (1612.449944ms)
✔ Node: v2 intermediate metadata/lifecycle names cannot appear before startup writes (44.598397ms)
✔ Node: v2 raced marker rows and missing marker table reject unchanged (12.479365ms)
✔ Node: v2 ordinary operator writes remain outside the prerequisite snapshot (34.559563ms)
✔ Node: v2 mutable auth roles, sessions and profiles are not DDL prerequisites (26.853564ms)
✔ Node: v3 every validated static prerequisite DDL is guarded before startup writes (53.397522ms)
✔ Node: v3 every not-yet-installed static name remains absent until the guarded upgrade (1089.623702ms)
✔ Node: v3 future static names use SQLite case-insensitive shared namespace (1948.711274ms)
✔ Node: v3 intermediate metadata/lifecycle names cannot appear before startup writes (45.326163ms)
✔ Node: v3 raced marker rows and missing marker table reject unchanged (11.234335ms)
✔ Node: v3 ordinary operator writes remain outside the prerequisite snapshot (26.742367ms)
✔ Node: v3 mutable auth roles, sessions and profiles are not DDL prerequisites (30.347488ms)
✔ Node: v4 every validated static prerequisite DDL is guarded before startup writes (188.432559ms)
✔ Node: v4 every not-yet-installed static name remains absent until the guarded upgrade (1963.976207ms)
✔ Node: v4 future static names use SQLite case-insensitive shared namespace (3214.605003ms)
✔ Node: v4 intermediate metadata/lifecycle names cannot appear before startup writes (78.733771ms)
✔ Node: v4 raced marker rows and missing marker table reject unchanged (21.285078ms)
✔ Node: v4 ordinary operator writes remain outside the prerequisite snapshot (38.648553ms)
✔ Node: v4 mutable auth roles, sessions and profiles are not DDL prerequisites (46.400337ms)
✔ Node: v5 every validated static prerequisite DDL is guarded before startup writes (266.845851ms)
✔ Node: v5 intermediate metadata/lifecycle names cannot appear before startup writes (63.876016ms)
✔ Node: v5 raced marker rows and missing marker table reject unchanged (18.682757ms)
✔ Node: v5 ordinary operator writes remain outside the prerequisite snapshot (37.145624ms)
✔ Node: v5 mutable auth roles, sessions and profiles are not DDL prerequisites (32.048073ms)
✔ D1: v0 every validated static prerequisite DDL is guarded before startup writes (2013.247246ms)
✔ D1: v0 every not-yet-installed static name remains absent until the guarded upgrade (8881.469118ms)
✔ D1: v0 future static names use SQLite case-insensitive shared namespace (13632.480579ms)
✔ D1: v0 intermediate metadata/lifecycle names cannot appear before startup writes (339.701732ms)
✔ D1: v0 ordinary operator writes remain outside the prerequisite snapshot (181.064018ms)
✔ D1: v1 every validated static prerequisite DDL is guarded before startup writes (728.257771ms)
✔ D1: v1 every not-yet-installed static name remains absent until the guarded upgrade (18738.512984ms)
✔ D1: v1 future static names use SQLite case-insensitive shared namespace (26537.511133ms)
✔ D1: v1 intermediate metadata/lifecycle names cannot appear before startup writes (618.368533ms)
✔ D1: v1 raced marker rows and missing marker table reject unchanged (185.699717ms)
✔ D1: v1 ordinary operator writes remain outside the prerequisite snapshot (160.487306ms)
✔ D1: v2 every validated static prerequisite DDL is guarded before startup writes (894.426552ms)
✔ D1: v2 every not-yet-installed static name remains absent until the guarded upgrade (21967.022583ms)
✔ D1: v2 future static names use SQLite case-insensitive shared namespace (40271.150673ms)
✔ D1: v2 intermediate metadata/lifecycle names cannot appear before startup writes (1143.48712ms)
✔ D1: v2 raced marker rows and missing marker table reject unchanged (278.522063ms)
✔ D1: v2 ordinary operator writes remain outside the prerequisite snapshot (192.181215ms)
✔ D1: v2 mutable auth roles, sessions and profiles are not DDL prerequisites (244.137025ms)
✔ D1: v3 every validated static prerequisite DDL is guarded before startup writes (1199.143488ms)
✔ D1: v3 every not-yet-installed static name remains absent until the guarded upgrade (18431.140313ms)
✔ D1: v3 future static names use SQLite case-insensitive shared namespace (24119.05854ms)
✔ D1: v3 intermediate metadata/lifecycle names cannot appear before startup writes (568.913926ms)
✔ D1: v3 raced marker rows and missing marker table reject unchanged (202.988083ms)
✔ D1: v3 ordinary operator writes remain outside the prerequisite snapshot (130.844321ms)
✔ D1: v3 mutable auth roles, sessions and profiles are not DDL prerequisites (135.793454ms)
✔ D1: v4 every validated static prerequisite DDL is guarded before startup writes (2585.97127ms)
✔ D1: v4 every not-yet-installed static name remains absent until the guarded upgrade (26067.277325ms)
✔ D1: v4 future static names use SQLite case-insensitive shared namespace (48197.68532ms)
✔ D1: v4 intermediate metadata/lifecycle names cannot appear before startup writes (1663.829963ms)
✔ D1: v4 raced marker rows and missing marker table reject unchanged (412.499512ms)
✔ D1: v4 ordinary operator writes remain outside the prerequisite snapshot (196.355563ms)
✔ D1: v4 mutable auth roles, sessions and profiles are not DDL prerequisites (195.280814ms)
✔ D1: v5 every validated static prerequisite DDL is guarded before startup writes (3417.562556ms)
✔ D1: v5 intermediate metadata/lifecycle names cannot appear before startup writes (1127.082891ms)
✔ D1: v5 raced marker rows and missing marker table reject unchanged (393.76829ms)
✔ D1: v5 ordinary operator writes remain outside the prerequisite snapshot (164.924024ms)
✔ D1: v5 mutable auth roles, sessions and profiles are not DDL prerequisites (149.248054ms)
✔ Node: quoted legacy systems without field literal upgrade without rewriting field literals (111.604858ms)
✔ Node: quoted legacy systems with leading literal upgrade without rewriting field literals (87.516984ms)
✔ Node: unquoted legacy systems with leading literal upgrade without rewriting field literals (84.750755ms)
✔ D1: quoted legacy systems without field literal upgrade without rewriting field literals (1369.288645ms)
✔ D1: quoted legacy systems with leading literal upgrade without rewriting field literals (632.746879ms)
✔ D1: unquoted legacy systems with leading literal upgrade without rewriting field literals (706.344707ms)
✔ Node: fresh canonical startup creates all lifecycle system columns and atomically stores revision pointers (82.750912ms)
✔ Node: immutable v1/v2 layouts reach canonical v8 after frozen v5 with legacy data, metadata and foreign keys intact (100.289504ms)
✔ Node: v4 upgrade preserves rows, tokens, physical defaults, indexes, triggers and auth metadata on reopen (87.086184ms)
✔ Node: unsupported legacy and partially installed layouts reject with no writes (134.169283ms)
✔ Node: latest layouts validate required content columns and every static lifecycle object without repair (223.364103ms)
✔ Node: failure after each lifecycle rebuild stage rolls back DDL, markers and rows (313.809041ms)
✔ Node: fresh and legacy concurrent startup share one complete migration winner (150.384411ms)
✔ Node: a content schema write between preflight and batch cannot be overwritten (35.841915ms)
✔ D1: fresh canonical startup creates all lifecycle system columns and atomically stores revision pointers (867.629964ms)
✔ D1: immutable v1/v2 layouts reach canonical v8 after frozen v5 with legacy data, metadata and foreign keys intact (653.528195ms)
✔ D1: v4 upgrade preserves rows, tokens, physical defaults, indexes, triggers and auth metadata on reopen (871.997179ms)
✔ D1: unsupported legacy and partially installed layouts reject with no writes (2884.057082ms)
✔ D1: latest layouts validate required content columns and every static lifecycle object without repair (2679.860499ms)
✔ D1: failure after each lifecycle rebuild stage rolls back DDL, markers and rows (3651.52383ms)
✔ D1: fresh and legacy concurrent startup share one complete migration winner (929.807551ms)
✔ D1: a content schema write between preflight and batch cannot be overwritten (1200.365498ms)
✔ Node fresh: should create all tables from migrations [revisions-only scope] (41.126997ms)
✔ Node fresh: should create content with all fields [status/author storage scope] (35.24213ms)
✔ Node fresh: should persist primaryBylineId on create [column storage scope] (23.201031ms)
✔ Node v4: should create all tables from migrations [revisions-only scope] (31.385009ms)
✔ Node v4: should create content with all fields [status/author storage scope] (28.470667ms)
✔ Node v4: should persist primaryBylineId on create [column storage scope] (46.246515ms)
✔ D1 fresh: should create all tables from migrations [revisions-only scope] (751.208031ms)
✔ D1 fresh: should create content with all fields [status/author storage scope] (156.352972ms)
✔ D1 fresh: should persist primaryBylineId on create [column storage scope] (150.627ms)
✔ D1 v4: should create all tables from migrations [revisions-only scope] (237.096415ms)
✔ D1 v4: should create content with all fields [status/author storage scope] (254.227382ms)
✔ D1 v4: should persist primaryBylineId on create [column storage scope] (231.859988ms)
▶ packages/core/tests/integration/content/draft-save-live-content-changed.test.ts
  ✔ is false for draft-only data save on revision collections (83.506552ms)
  ✔ is false when data+slug are staged as a draft revision (47.878944ms)
  ✔ is true when live metadata changes on a revision collection (51.736465ms)
  ✔ defaults unclassified update fields to live-changing (48.129651ms)
  ✔ is true for data updates on collections without revisions (36.787777ms)
✔ packages/core/tests/integration/content/draft-save-live-content-changed.test.ts (269.418756ms)
▶ packages/core/tests/integration/content/draft-save-updated-at.test.ts
  ✔ Save (draft staging) on a published entry does not bump updated_at (44.188484ms)
  ✔ Autosave (skipRevision) on an existing draft does not bump updated_at (39.341673ms)
  ✔ Discard Draft restores updated_at from before the draft saves (49.533876ms)
  ✔ a subsequent Publish advances updated_at exactly once (34.14827ms)
  ✔ draft-only saves still bump version so _rev concurrency detection keeps working (35.143329ms)
  ✔ Restore Revision (to draft) on a published entry does not bump updated_at (34.375002ms)
  ✔ collections without revision support keep the bump-on-write behavior (31.00801ms)
✔ packages/core/tests/integration/content/draft-save-updated-at.test.ts (268.515734ms)
▶ packages/core/tests/unit/api/publish-revision-cas.test.ts
  ✔ publishes only the expected revision and returns the next _rev (41.591893ms)
  ✔ rejects an approved revision after a newer draft save without mutating live or draft (35.534278ms)
  ✔ allows only one of two concurrent publishes for the same _rev (33.805774ms)
  ✔ supports conditional publish for a collection without revisions (34.783807ms)
  ✔ applies the same revision condition to unpublish and discard-draft (41.167083ms)
  ✔ keeps revisionless publish calls backward compatible (31.360931ms)
  ✔ rejects malformed revision conditions as conflicts (41.303769ms)
✔ packages/core/tests/unit/api/publish-revision-cas.test.ts (260.404125ms)
▶ packages/core/tests/integration/content/atomic-publication.test.ts
  ✔ rolls back every promoted column when the staged slug constraint rejects (35.413096ms)
  ✔ never leaves a dangling pointer when staging races guarded revision deletion (38.724724ms)
✔ packages/core/tests/integration/content/atomic-publication.test.ts (74.371582ms)
▶ packages/core/tests/integration/content/revision-retention.test.ts
  ✔ bounds history through request-lifetime work without a scheduled tick (75.029383ms)
✔ packages/core/tests/integration/content/revision-retention.test.ts (75.178287ms)
✔ node: replacing items rolls back deletion and partial insertion on SQL failure (18.579408ms)
✔ node: an absent menu cannot receive orphan items (4.18245ms)
✔ node: reordering ignores foreign menu items and retains the requested menu scope (7.352746ms)
✔ node: a failed reorder rolls back earlier updates in the same operation (9.364216ms)
✔ node: cloning failure leaves neither a partial translation nor cloned items (12.802235ms)
✔ node: replacing one locale leaves the other translation intact (6.297216ms)
✔ raw-d1: replacing items rolls back deletion and partial insertion on SQL failure (640.323115ms)
✔ raw-d1: an absent menu cannot receive orphan items (559.257198ms)
✔ raw-d1: reordering ignores foreign menu items and retains the requested menu scope (617.479955ms)
✔ raw-d1: a failed reorder rolls back earlier updates in the same operation (623.121107ms)
✔ raw-d1: cloning failure leaves neither a partial translation nor cloned items (636.731294ms)
✔ raw-d1: replacing one locale leaves the other translation intact (608.251816ms)
✔ scoped-d1: replacing items rolls back deletion and partial insertion on SQL failure (533.368405ms)
✔ scoped-d1: an absent menu cannot receive orphan items (497.921318ms)
✔ scoped-d1: reordering ignores foreign menu items and retains the requested menu scope (616.240233ms)
✔ scoped-d1: a failed reorder rolls back earlier updates in the same operation (638.713779ms)
✔ scoped-d1: cloning failure leaves neither a partial translation nor cloned items (707.64583ms)
✔ scoped-d1: replacing one locale leaves the other translation intact (679.738387ms)
✔ raw-d1: cloning refuses a source edited item during its batch (618.735382ms)
✔ raw-d1: cloning refuses a source moved item during its batch (623.598814ms)
✔ raw-d1: cloning refuses a source reordered item during its batch (572.144896ms)
✔ raw-d1: cloning refuses a source deleted source during its batch (628.974107ms)
✔ scoped-d1: cloning refuses a source edited item during its batch (681.757059ms)
✔ scoped-d1: cloning refuses a source moved item during its batch (671.284004ms)
✔ scoped-d1: cloning refuses a source reordered item during its batch (674.863969ms)
✔ scoped-d1: cloning refuses a source deleted source during its batch (700.41011ms)
✔ native menu cache hints preserve the pinned Source tag value (0.616939ms)
✔ real D1 menu create succeeds and persists (714.518975ms)
✔ real D1 atomic replacement preserves hierarchy and removes old rows (513.736399ms)
✔ real D1 translation cloning retains logical item groups and parent links (583.759489ms)
✔ real D1 reorder and explicit menu deletion persist without cascade FKs (575.737788ms)
✔ node: native menu routes persist CRUD, hierarchy, locale and error envelopes (55.23064ms)
✔ d1: native menu routes persist CRUD, hierarchy, locale and error envelopes (1284.784834ms)
✔ node: menu readiness accepts only the complete owned schema and never installs it (24.489968ms)
✔ d1: menu readiness accepts only the complete owned schema and never installs it (1009.727097ms)
✔ node: menu readiness preserves embedded double quotes in locale defaults (8.432815ms)
✔ node: menu readiness preserves repeated literal whitespace in locale defaults (7.302824ms)
✔ node: menu readiness preserves escaped single quote followed by double quotes in locale defaults (7.004104ms)
✔ d1: menu readiness preserves embedded double quotes in locale defaults (741.772461ms)
✔ d1: menu readiness preserves repeated literal whitespace in locale defaults (743.031456ms)
✔ d1: menu readiness preserves escaped single quote followed by double quotes in locale defaults (720.822573ms)
✔ node: menu readiness distinguishes a quoted timestamp default from the SQL expression (9.208858ms)
✔ d1: menu readiness distinguishes a quoted timestamp default from the SQL expression (710.505339ms)
✔ actual native menu handler lists empty persisted storage successfully (13.198009ms)
✔ actual native menu handler persists a menu and its translation identity (8.430139ms)
✔ compiled login retains signed-in workspace controls alongside the legacy warning (50.884483ms)
✔ compiled login retains the native sign-out form alongside the legacy warning (0.509585ms)
✔ compiled signed-out legacy login keeps the warning and blocks all unavailable controls (0.396555ms)
✔ compiled healthy signed-in login keeps the existing workspace and sign-out controls (0.344787ms)
✔ auth JSON parser rejects declared oversized body before reading (optional=false) (29.410452ms)
✔ auth JSON parser rejects declared oversized body before reading (optional=true) (0.606931ms)
✔ optional auth JSON parser retains pinned unreadable-body default (1.872522ms)
✔ auth JSON parser retains pinned invalid JSON error code (0.909816ms)
✔ Node: passkey options probabilistically delete expired counters and preserve current counters (36.097975ms)
✔ D1: passkey options probabilistically delete expired counters and preserve current counters (934.198046ms)
✔ base-prefixed production routes resolve SSR navigation targets and retain denial boundaries (5569.430562ms)
✔ creation distinguishes omitted pattern from selected literal empty and untrimmed regex sources (3.079825ms)
✔ validation keep/set/clear preserve replacement, explicit empty and absent-pattern semantics (0.673842ms)
✔ malformed or missing selected pattern reports the native pattern field before the callback (1.036577ms)
✔ replacement preserves unchanged textarea-normalized sources using untrusted JSON snapshots (0.746822ms)
✔ compiled scalar preview displays values without an HTML regex constraint (75.271017ms)
✔ pattern metadata syntax is a string source, including empty, with a localized malformed-pattern issue (2.454604ms)
✔ Node/string: adapted all-fields.test.ts:58 should enforce pattern (55.151179ms)
✔ Node/text: adapted all-fields.test.ts:58 should enforce pattern (34.373785ms)
✔ Node: pattern metadata persists, projects unchanged and replaces without changing content, defaults, DDL or tokens (112.26442ms)
✔ Node: full/partial supplied string patterns preserve null, omission, metadata defaults and legacy other-field writes (1927.155621ms)
✔ Node: pattern sources use JavaScript search semantics without trimming, implicit anchors or flags (39.875272ms)
✔ Node: invalid schema requests write nothing; malformed legacy regex eagerly throws while read/projection/trash remain available (123.47516ms)
✔ D1/string: adapted all-fields.test.ts:58 should enforce pattern (812.655598ms)
✔ D1/text: adapted all-fields.test.ts:58 should enforce pattern (151.334136ms)
✔ D1: pattern metadata persists, projects unchanged and replaces without changing content, defaults, DDL or tokens (1090.781138ms)
✔ D1: full/partial supplied string patterns preserve null, omission, metadata defaults and legacy other-field writes (27771.883474ms)
✔ D1: pattern sources use JavaScript search semantics without trimming, implicit anchors or flags (407.233355ms)
✔ D1: invalid schema requests write nothing; malformed legacy regex eagerly throws while read/projection/trash remain available (1882.229734ms)
✔ preview fields preserve descriptor metadata and own entry order while mapping scalar kinds (1.624655ms)
✔ preview fields preserve supplied defaults, null validation and future metadata without mutating inputs (0.453172ms)
✔ ordinary node equal public URLs still acquire and release Source lease without redirect writes (37.358292ms)
✔ ordinary node equal public URLs preserve Source occupied lease refusal (653.613338ms)
✔ ordinary raw equal public URLs still acquire and release Source lease without redirect writes (1410.676442ms)
✔ ordinary raw equal public URLs preserve Source occupied lease refusal (2167.015482ms)
✔ ordinary scoped equal public URLs still acquire and release Source lease without redirect writes (1259.602652ms)
✔ ordinary scoped equal public URLs preserve Source occupied lease refusal (2339.766953ms)
✔ ordinary node held redirect lease preserves Source busy error and full rollback (368.798679ms)
✔ ordinary node changed lease generation rolls shadow removal and content back (21.755446ms)
✔ ordinary node partial redirect schema refuses the content save before writing (15.498075ms)
✔ ordinary node stale content CAS does not write a redirect or change the externally updated version (18.464423ms)
✔ ordinary node existing redirect timestamp follows Source JS Date for Tue, 01 Jan 2030 00:00:00 GMT (25.08017ms)
✔ ordinary node existing redirect timestamp follows Source JS Date for 2030-01-01T00:00:00.1235Z (40.566408ms)
✔ ordinary node existing redirect timestamp follows Source JS Date for not-a-date (44.141738ms)
✔ ordinary raw held redirect lease preserves Source busy error and full rollback (2352.857332ms)
✔ ordinary raw changed lease generation rolls shadow removal and content back (1279.658944ms)
✔ ordinary raw partial redirect schema refuses the content save before writing (1390.391533ms)
✔ ordinary raw stale content CAS does not write a redirect or change the externally updated version (1344.633265ms)
✔ ordinary raw existing redirect timestamp follows Source JS Date for Tue, 01 Jan 2030 00:00:00 GMT (1738.959638ms)
✔ ordinary raw existing redirect timestamp follows Source JS Date for 2030-01-01T00:00:00.1235Z (1438.574997ms)
✔ ordinary raw existing redirect timestamp follows Source JS Date for not-a-date (1365.900981ms)
✔ ordinary scoped held redirect lease preserves Source busy error and full rollback (2035.132852ms)
✔ ordinary scoped changed lease generation rolls shadow removal and content back (1426.605494ms)
✔ ordinary scoped partial redirect schema refuses the content save before writing (1281.566756ms)
✔ ordinary scoped stale content CAS does not write a redirect or change the externally updated version (1338.327536ms)
✔ ordinary scoped existing redirect timestamp follows Source JS Date for Tue, 01 Jan 2030 00:00:00 GMT (1573.228808ms)
✔ ordinary scoped existing redirect timestamp follows Source JS Date for 2030-01-01T00:00:00.1235Z (1401.277563ms)
✔ ordinary scoped existing redirect timestamp follows Source JS Date for not-a-date (1273.848427ms)
✔ actual raw D1 content save commits redirects and collapses/reverts its chain (1875.771445ms)
✔ actual raw D1 redirect failure rolls content back in the same physical batch (1372.691736ms)
✔ actual raw D1 occupied redirect lease refuses the whole content save (2109.827105ms)
✔ actual scoped D1 content save commits redirects and collapses/reverts its chain (1690.000305ms)
✔ actual scoped D1 redirect failure rolls content back in the same physical batch (1305.897979ms)
✔ actual scoped D1 occupied redirect lease refuses the whole content save (1892.268297ms)
✔ actual content service slug save persists and publishes its automatic redirect (56.538585ms)
✔ actual successive content saves collapse chains and a reverted slug stays reachable (30.036977ms)
✔ redirect write failure rolls the actual content save back (19.000524ms)
✔ a surviving locale holder keeps the old public path available (24.040322ms)
✔ staging a draft revision leaves live slug and redirects untouched (19.719504ms)
✔ content updates on current canonical storage preserve zero-redirect-table behavior (11.031116ms)
✔ ordinary occupied lease precedes invalid stored timestamp as in Source repository (678.525601ms)
✔ ordinary selected-row snapshot change rolls back then prepares the real replacement state (45.877436ms)
✔ ordinary changing selected-row snapshot exhausts exactly five complete attempts with native conflict (28.693129ms)
✔ ordinary legacy null redirect timestamp follows Source JS acceptance with an exact null snapshot (37.733726ms)
✔ ordinary interrupted Source guard migration preserves nullable raw configuration revision (17.918128ms)
✔ native deferred task host handoff cannot synchronously reject its caller (90.012184ms)
✔ public redirect caches keep independent databases separate (66.359844ms)
✔ published writes invalidate the cache through a real database wrapper (18.999903ms)
✔ ordinary node publishing an already-live changed staged slug commits and publishes its redirect (83.903019ms)
✔ ordinary node redirect write refusal rolls back publication and retains the actual draft (26.594508ms)
✔ ordinary node reconciled post-commit transport failure still publishes the actual redirect (29.607843ms)
✔ ordinary node unconfirmed pre-commit transport failure cannot publish content or artifacts (36.63757ms)
✔ ordinary node first publish promotes its draft without creating or publishing a redirect (43.505433ms)
✔ ordinary raw publishing an already-live changed staged slug commits and publishes its redirect (1849.04443ms)
✔ ordinary raw redirect write refusal rolls back publication and retains the actual draft (1690.387657ms)
✔ ordinary raw reconciled post-commit transport failure still publishes the actual redirect (1649.84945ms)
✔ ordinary raw unconfirmed pre-commit transport failure cannot publish content or artifacts (1527.830477ms)
✔ ordinary raw first publish promotes its draft without creating or publishing a redirect (1219.035385ms)
✔ ordinary scoped publishing an already-live changed staged slug commits and publishes its redirect (1550.8042ms)
✔ ordinary scoped redirect write refusal rolls back publication and retains the actual draft (1638.220954ms)
✔ ordinary scoped reconciled post-commit transport failure still publishes the actual redirect (1718.612125ms)
✔ ordinary scoped unconfirmed pre-commit transport failure cannot publish content or artifacts (1670.120364ms)
✔ ordinary scoped first publish promotes its draft without creating or publishing a redirect (1488.744373ms)
✔ actual trusted redirect HTTP transport creates, lists, edits and deletes through Source handlers (66.589779ms)
✔ actual redirect HTTP parsing preserves Source JSON, path and pagination diagnostics (12.346184ms)
✔ actual redirect HTTP 404 summary, pruning and clearing mutate real stored paths (13.000107ms)
✔ actual historical5 redirect HTTP storage returns 503 without creating redirect tables (4.49644ms)
✔ actual raw D1 trusted redirect HTTP CRUD and 404 transport reaches persisted rows (1460.524917ms)
✔ actual scoped D1 trusted redirect HTTP CRUD and 404 transport reaches persisted rows (1280.086436ms)
✔ anonymous scoped D1 redirects retain deferred hits and deduplicated misses (1778.882485ms)
✔ real D1 publishes large sharded rules and preserves pattern order (2684.476727ms)
✔ real D1 repairs and serves a published redirect generation (821.363707ms)
✔ public exact redirect precedes the page resolver (103.004438ms)
✔ public pattern redirects preserve captured paths (30.341667ms)
✔ terminal rules return Gone without a Location header (27.547218ms)
✔ public misses create a persisted deduplicated 404 log without changing the response (29.129934ms)
▶ development HTTP remote boundaries fail closed
  ✔ the route handles unavailable content and owns a disabled collection-qualified form (1248.095127ms)
  ✔ valid anonymous schema/content reads return 401 envelopes (73.73982ms)
  ✔ valid anonymous mutations deny access and client claims are rejected (55.987385ms)
Remote function schema validation failed: [
  {
    kind: 'schema',
    type: 'string',
    input: 1,
    expected: 'string',
    received: '1',
    message: 'Invalid type: Expected string but received 1',
    requirement: undefined,
    path: [ [Object] ],
    issues: undefined,
    lang: undefined,
    abortEarly: undefined,
    abortPipeEarly: undefined
  }
]
Remote function schema validation failed: [
  {
    kind: 'validation',
    type: 'min_length',
    input: '',
    expected: '>=1',
    received: '0',
    message: 'Invalid length: Expected >=1 but received 0',
    requirement: 1,
    path: [ [Object] ],
    issues: undefined,
    lang: undefined,
    abortEarly: undefined,
    abortPipeEarly: undefined
  }
]
Remote function schema validation failed: [
  {
    kind: 'validation',
    type: 'max_length',
    input: 'xxxxxxxxxxxxxxxxxxxxxxxxxxxxxxxxxxxxxxxxxxxxxxxxxxxxxxxxxxxxxxxxxxxxxxxxxxxxxxxxxxxxxxxxxxxxxxxxxxxxxxxxxxxxxxxxxxxxxxxxxxxxxxxxx',
    expected: '<=128',
    received: '129',
    message: 'Invalid length: Expected <=128 but received 129',
    requirement: 128,
    path: [ [Object] ],
    issues: undefined,
    lang: undefined,
    abortEarly: undefined,
    abortPipeEarly: undefined
  }
]
  ✔ query schemas reject invalid collection-qualified arguments before authorization (27.330728ms)
  ✔ decoded form validation identifies the rejected collection, data or revision field (34.963846ms)
✔ development HTTP remote boundaries fail closed (3755.120418ms)
✔ Node: required/optional string/text defaults and cleared bounds preserve exact submitted/omitted validation (3402.557737ms)
✔ Node: legacy required empty/null values remain readable and untouched by omitted patches, trash, restore and reopen (112.102397ms)
✔ D1: required/optional string/text defaults and cleared bounds preserve exact submitted/omitted validation (54620.807645ms)
✔ D1: legacy required empty/null values remain readable and untouched by omitted patches, trash, restore and reopen (1624.530282ms)
✔ Node: global maintenance consumes the oldest ten snapshots across collections (86.014037ms)
✔ Node: an actual prune SQL failure leaves that entry queued and continues the batch (131.597499ms)
✔ Node: a later queue write survives global snapshot acknowledgement (59.630288ms)
✔ Node: an empty global queue never reads or deletes revision history (26.711372ms)
✔ Node: global pruning keeps older protected live and draft pointers (60.252243ms)
✔ D1: global maintenance consumes the oldest ten snapshots across collections (1226.945099ms)
✔ D1: an actual prune SQL failure leaves that entry queued and continues the batch (2017.845254ms)
✔ D1: a later queue write survives global snapshot acknowledgement (1011.549566ms)
✔ D1: an empty global queue never reads or deletes revision history (179.813512ms)
✔ D1: global pruning keeps older protected live and draft pointers (1131.749027ms)
✔ Node: the trusted maintenance entry opens real persistent storage and can run again after restart (143.497285ms)
✔ D1: the trusted maintenance entry uses the actual Worker D1 binding and persists across runtime reopen (1705.428309ms)
✔ Worker: a trusted scheduled handler must expose actual revision maintenance without a public route (0.529817ms)
✔ RV1: whole Source callbacks and namespace-only coordinator retain their recorded hashes (350.45837ms)
▶ RV1 reference Node complete repository pruning callbacks
  ✔ does not delete a revision inserted after the queued prune snapshot (149.324703ms)
  ✔ prunes through the queued revision while preserving referenced live and draft revisions (98.108051ms)
✔ RV1 reference Node complete repository pruning callbacks (248.669333ms)
▶ RV1 reference D1 complete repository pruning callbacks
  ✔ does not delete a revision inserted after the queued prune snapshot (2468.791086ms)
  ✔ prunes through the queued revision while preserving referenced live and draft revisions (1411.205786ms)
✔ RV1 reference D1 complete repository pruning callbacks (3880.478476ms)
▶ RV1 product Node complete repository pruning callbacks
  ✔ does not delete a revision inserted after the queued prune snapshot (112.368618ms)
  ✔ prunes through the queued revision while preserving referenced live and draft revisions (73.657133ms)
✔ RV1 product Node complete repository pruning callbacks (186.539453ms)
▶ RV1 product D1 complete repository pruning callbacks
  ✔ does not delete a revision inserted after the queued prune snapshot (1432.33596ms)
  ✔ prunes through the queued revision while preserving referenced live and draft revisions (1387.356876ms)
✔ RV1 product D1 complete repository pruning callbacks (2820.166332ms)
▶ RV1 reference complete cleanup callbacks
  ▶ Revision Pruning
    ✔ prunes old revisions keeping the most recent N (380.649715ms)
    ✔ is a no-op when revision count is at or below keepCount (50.83129ms)
    ✔ prunes eligible history while preserving old live and current draft revisions (102.570679ms)
  ✔ Revision Pruning (535.177464ms)
  ▶ Scheduled cleanup revision projection
    ✔ prunes revision entries queued by revision writes (82.409212ms)
    ✔ processes the oldest queued revision entries first (51.731897ms)
    ✔ does not query the full revision history (27.266061ms)
  ✔ Scheduled cleanup revision projection (162.081043ms)
✔ RV1 reference complete cleanup callbacks (697.920643ms)
▶ RV1 product complete cleanup callbacks
  ▶ Revision Pruning
    ✔ prunes old revisions keeping the most recent N (295.969998ms)
    ✔ is a no-op when revision count is at or below keepCount (42.652215ms)
    ✔ prunes eligible history while preserving old live and current draft revisions (85.990622ms)
  ✔ Revision Pruning (425.109019ms)
  ▶ Scheduled cleanup revision projection
    ✔ prunes revision entries queued by revision writes (71.595504ms)
    ✔ processes the oldest queued revision entries first (72.605419ms)
    ✔ does not query the full revision history (26.697828ms)
  ✔ Scheduled cleanup revision projection (171.237575ms)
✔ RV1 product complete cleanup callbacks (596.542862ms)

 WARN  inlineDynamicImports option is deprecated, please use codeSplitting: false instead.


(!) outDir /tmp/cms-revision-scheduled-moUZ4l/build is not inside project root and will not be emptied.
Use --emptyOutDir to override.

✔ workerd: a real scheduled event anchors global pruning and keeps persistent D1 state across restart (1836.411413ms)
✔ sqlite.test.ts:25 — configured runtime opens a fresh database file in WAL mode (100.391797ms)
✔ configured storage persists content and resolves current trusted roles across runtime restart (94.866679ms)
✔ unconfigured runtime clears foreign locals and creates no trusted presentation or identity (0.786052ms)
✔ concurrent first requests share a migrated adapter while sessions remain request-specific (28.388222ms)
✔ runtime rejects untrusted or malformed origins before opening configured storage (7.774913ms)
✔ runtime host configuration opts into one persistent adapter and trusted public origin (0.633623ms)
✔ configured runtime migrates the persistent database before resolving an anonymous session (77.766841ms)
✔ trusted D1 platform configuration migrates local storage, resolves fresh roles and forwards request waitUntil (2557.57804ms)
✔ runtime close prevents an in-flight configuration from opening a new database afterward (8.163863ms)
✔ all close callers await an already-started migration and its request cannot use the closing adapter (2086.936744ms)
✔ the actual fixture listener obtains its first port without a released reservation (191.402179ms)
✔ independent ordinary fixtures keep distinct directly bound listeners (260.981737ms)
✔ a genuine process restart retains the reported trusted origin and releases its listener (258.288636ms)
✔ Node: 24 paired scalar DDL/metadata/omission/NULL/duplicate cases survive restart (623.916616ms)
✔ Node: opening a legacy table preserves divergent defaults/indexes and stored values (25.42876ms)
✔ Node: authorized future fields retain stale/racing schema CAS and independent DDL rollback (31.398792ms)
✔ Node: metadata defaults and unenforced uniqueness round-trip through content; required empty strings are rejected (29.735249ms)
✔ D1: 24 paired scalar DDL/metadata/omission/NULL/duplicate cases survive restart (10088.680954ms)
✔ D1: opening a legacy table preserves divergent defaults/indexes and stored values (408.758064ms)
✔ D1: authorized future fields retain stale/racing schema CAS and independent DDL rollback (969.9608ms)
✔ D1: metadata defaults and unenforced uniqueness round-trip through content; required empty strings are rejected (252.833357ms)
✔ native form instance keys match the collection and never enter service inputs (7.500578ms)
✔ native supports preserve omission, explicit empty arrays and supported flags (0.70407ms)
✔ decimal strings convert safely while blank optional bounds stay omitted (0.911592ms)
✔ native field validation gives bound/default issue paths that block the handler (0.432982ms)
✔ client claims and content revision tokens remain invalid schema form inputs (4.388184ms)
✔ schema controls need a trusted valid manager, explicit mutation opt-in and storage (1.244914ms)
✔ UI capability denies invalid or unauthorized principals before configuration and storage inspection (0.300612ms)
✔ Node: registry.test.ts:37: should create a collection (6 assertions) (40.747209ms)
✔ Node: registry.test.ts:53: defaults supports when undefined (1 assertions) (23.788018ms)
✔ Node: registry.test.ts:63: preserves explicit empty supports opt-out (1 assertions) (35.015404ms)
✔ Node: registry.test.ts:86: creates the content table (1 assertions) (19.715849ms)
✔ Node: registry.test.ts:113: lists collections sorted by slug (2 assertions) (26.664076ms)
✔ Node: registry.test.ts:351: rejects duplicate collections (1 assertions) (19.196899ms)
✔ Node: registry.test.ts:359: rejects reserved collection slugs (2 assertions) (18.109152ms)
✔ Node: registry.test.ts:369: validates collection slug format (3 assertions) (17.074414ms)
✔ Node: registry.test.ts:439: creates a required string field (5 assertions) (25.901148ms)
✔ Node: registry.test.ts:610: adds the physical content column (1 assertions) (24.350715ms)
✔ Node: registry.test.ts:654: gets a field by slug with validation (2 assertions) (20.270605ms)
✔ D1: registry.test.ts:37: should create a collection (6 assertions) (980.923201ms)
✔ D1: registry.test.ts:53: defaults supports when undefined (1 assertions) (206.213014ms)
✔ D1: registry.test.ts:63: preserves explicit empty supports opt-out (1 assertions) (129.241166ms)
✔ D1: registry.test.ts:86: creates the content table (1 assertions) (126.94914ms)
✔ D1: registry.test.ts:113: lists collections sorted by slug (2 assertions) (119.248051ms)
✔ D1: registry.test.ts:351: rejects duplicate collections (1 assertions) (117.150966ms)
✔ D1: registry.test.ts:359: rejects reserved collection slugs (2 assertions) (87.289145ms)
✔ D1: registry.test.ts:369: validates collection slug format (3 assertions) (82.597806ms)
✔ D1: registry.test.ts:439: creates a required string field (5 assertions) (129.089769ms)
✔ D1: registry.test.ts:610: adds the physical content column (1 assertions) (176.01125ms)
✔ D1: registry.test.ts:654: gets a field by slug with validation (2 assertions) (175.564185ms)
✔ schema service checks permission before touching storage or parsing inputs (2.308333ms)
✔ node: recognizes exactly the complete source-managed group (11.349733ms)
✔ d1: recognizes exactly the complete source-managed group (4.257554ms)
✔ SEC1 uncompressed public-coordinate bytes: x=zero, y=zero (1.702469ms)
✔ SEC1 uncompressed public-coordinate bytes: x=zero, y=one-byte (0.132199ms)
✔ SEC1 uncompressed public-coordinate bytes: x=zero, y=31-byte (0.099069ms)
✔ SEC1 uncompressed public-coordinate bytes: x=zero, y=32-byte (0.085249ms)
✔ SEC1 uncompressed public-coordinate bytes: x=one-byte, y=zero (0.122125ms)
✔ SEC1 uncompressed public-coordinate bytes: x=one-byte, y=one-byte (0.07942ms)
✔ SEC1 uncompressed public-coordinate bytes: x=one-byte, y=31-byte (0.596059ms)
✔ SEC1 uncompressed public-coordinate bytes: x=one-byte, y=32-byte (0.156956ms)
✔ SEC1 uncompressed public-coordinate bytes: x=31-byte, y=zero (0.289216ms)
✔ SEC1 uncompressed public-coordinate bytes: x=31-byte, y=one-byte (0.170267ms)
✔ SEC1 uncompressed public-coordinate bytes: x=31-byte, y=31-byte (0.288655ms)
✔ SEC1 uncompressed public-coordinate bytes: x=31-byte, y=32-byte (0.097988ms)
✔ SEC1 uncompressed public-coordinate bytes: x=32-byte, y=zero (0.061403ms)
✔ SEC1 uncompressed public-coordinate bytes: x=32-byte, y=one-byte (0.048713ms)
✔ SEC1 uncompressed public-coordinate bytes: x=32-byte, y=31-byte (0.045719ms)
✔ SEC1 uncompressed public-coordinate bytes: x=32-byte, y=32-byte (0.051347ms)
✔ SEC1 uncompressed public-coordinate bytes: public NIST P-256 generator (0.053741ms)
✔ Node: final pinned Source021 sections are ready without obsolete category objects (9.597091ms)
✔ D1: final pinned Source021 sections are ready without obsolete category objects (848.289995ms)
✔ content palette insertion carries the pinned default title (1.437385ms)
✔ menu palette insertion carries the pinned default title (0.183864ms)
✔ component palette insertion leaves prop defaults to the renderer until actually edited (0.230484ms)
✔ Node: sections readiness rejects a quoted timestamp literal in place of the Source expression (6.638407ms)
✔ Node: widgets readiness rejects a quoted timestamp literal in place of the Source expression (3.006321ms)
✔ D1: sections readiness rejects a quoted timestamp literal in place of the Source expression (1056.426672ms)
✔ D1: widgets readiness rejects a quoted timestamp literal in place of the Source expression (56.379689ms)
✔ Node: sections readiness rejects non-SQLite NBSP that swallows a timestamp default into the column type (1.925782ms)
✔ Node: widgets readiness rejects non-SQLite NBSP that swallows a timestamp default into the column type (1.887796ms)
✔ D1: sections readiness rejects non-SQLite NBSP that swallows a timestamp default into the column type (26.575751ms)
✔ D1: widgets readiness rejects non-SQLite NBSP that swallows a timestamp default into the column type (26.802523ms)
✔ Node: sections readiness rejects when double quotes remain inside a different SQL default literal (7.162757ms)
✔ Node: sections readiness rejects when literal case remains significant (1.89746ms)
✔ Node: sections readiness rejects when literal whitespace remains significant (1.615105ms)
✔ Node: sections readiness rejects when doubled single-quote escaping remains inside the literal (1.18095ms)
✔ Node: sections readiness accepts CREATE keyword case, identifier quoting and outside-literal whitespace (1.853854ms)
✔ D1: sections readiness rejects when double quotes remain inside a different SQL default literal (757.108059ms)
✔ D1: sections readiness rejects when literal case remains significant (31.638513ms)
✔ D1: sections readiness rejects when literal whitespace remains significant (21.598599ms)
✔ D1: sections readiness rejects when doubled single-quote escaping remains inside the literal (33.972721ms)
✔ D1: sections readiness accepts CREATE keyword case, identifier quoting and outside-literal whitespace (19.200614ms)
✔ Node: actual complete Source DDL is ready and absent/partial storage is never silently installed (20.572431ms)
✔ D1: actual complete Source DDL is ready and absent/partial storage is never silently installed (860.617698ms)
✔ native SEO API exists: ../src/lib/seo/meta.ts (12.102123ms)
✔ native SEO API exists: ../src/lib/seo/contributions.ts (4.700355ms)
✔ native SEO API exists: ../src/lib/seo/metadata.ts (9.822647ms)
✔ native SEO API exists: ../src/lib/server/seo/panel.ts (9.477517ms)
✔ native head renders the supplied document title and description safely (136.487397ms)
✔ native head renders the canonical, noindex and Open Graph URL (8.036093ms)
✔ native head keeps page title distinct from the suffixed document title (6.14214ms)
✔ native head renders configured verification and the default social image (5.688308ms)
✔ native head applies supplied contribution precedence before base metadata (4.848048ms)
✔ native head embeds one safe JSON-LD script with the original structured values (7.264184ms)
✔ server bridge derives the supported content and publication permissions from a current role (1.762265ms)
✔ request-scoped cookie resolution observes role changes, revocation and expiry, with writes disabled by default (69.149017ms)
✔ unconfigured handle clears stale locals and does not open or migrate storage (0.505339ms)
✔ clean migration registers empty auth tables and version two, and is idempotent (63.445196ms)
✔ version-one upgrade preserves definitions/drafts across migration and restart (62.596752ms)
✔ incomplete, untracked and future migration states reject without repair (146.326597ms)
✔ failed auth DDL or marker commits roll back the entire clean/upgrade batch (88.319483ms)
✔ two independent clean and upgrade callers reach a fully migrated database (109.362866ms)
✔ startup accepts a complete concurrent upgrade between its preflight reads (47.826932ms)
✔ Node: empty trash counts zero; adapted upstream locale count values are 1 scoped/3 all (60.969991ms)
✔ Node: counts exceed page caps, change after trash/restore and persist across reopen (233.093389ms)
✔ Node: count predicate retains the draft-only bound on synthetic mixed statuses (24.135078ms)
✔ Node: count input is scoped and strict, and reads require both existing permissions (40.516999ms)
✔ D1: empty trash counts zero; adapted upstream locale count values are 1 scoped/3 all (559.663465ms)
✔ D1: counts exceed page caps, change after trash/restore and persist across reopen (4081.903427ms)
✔ D1: count predicate retains the draft-only bound on synthetic mixed statuses (211.378582ms)
✔ D1: count input is scoped and strict, and reads require both existing permissions (180.744097ms)
✔ 913cb1bb9b7f08c3ff0d258b4420e53835b6a58e:packages/core/tests/unit/database/repositories/cursor.test.ts:10 — round-trips a valid cursor (2.535816ms)
✔ 913cb1bb9b7f08c3ff0d258b4420e53835b6a58e:packages/core/tests/unit/database/repositories/cursor.test.ts:16 — throws InvalidCursorError on empty string (0.423115ms)
✔ 913cb1bb9b7f08c3ff0d258b4420e53835b6a58e:packages/core/tests/unit/database/repositories/cursor.test.ts:20 — throws InvalidCursorError on non-base64 input (0.267972ms)
✔ 913cb1bb9b7f08c3ff0d258b4420e53835b6a58e:packages/core/tests/unit/database/repositories/cursor.test.ts:24 — throws InvalidCursorError on base64 of malformed JSON (0.240031ms)
✔ 913cb1bb9b7f08c3ff0d258b4420e53835b6a58e:packages/core/tests/unit/database/repositories/cursor.test.ts:29 — throws InvalidCursorError on base64 JSON missing required fields (0.204527ms)
✔ 913cb1bb9b7f08c3ff0d258b4420e53835b6a58e:packages/core/tests/unit/database/repositories/cursor.test.ts:34 — throws InvalidCursorError when id is not a string (0.158067ms)
✔ 913cb1bb9b7f08c3ff0d258b4420e53835b6a58e:packages/core/tests/unit/database/repositories/cursor.test.ts:39 — rejects oversized cursors before attempting to decode (DoS guard) (0.108523ms)
✔ 913cb1bb9b7f08c3ff0d258b4420e53835b6a58e:packages/core/tests/unit/database/repositories/cursor.test.ts:49 — error message truncates very long cursors (0.23337ms)
✔ supplemental: UTF-8 standard-base64 round trip retains Unicode values (0.408963ms)
✔ supplemental: empty fields, arbitrary timestamp/ID and extra context remain accepted (0.320692ms)
✔ supplemental: decoder bound accepts 4096 characters and rejects 4100 (3.887024ms)
✔ supplemental: non-object JSON and non-string orderValue remain invalid (0.419409ms)
✔ supplemental: message truncation retains the exact first 47 characters (0.150265ms)
✔ Node: navigation reads actual persisted descriptors and refreshed metadata (44.439267ms)
✔ D1: navigation reads actual persisted descriptors and refreshed metadata (919.443529ms)
✔ anonymous and denied navigation avoids all storage inspection (0.381743ms)
✔ authenticated unconfigured navigation preserves the principal and explicit storage availability (0.239179ms)
✔ non-GET page rendering preserves principal display state without inspecting storage (1.246821ms)
✔ shell provides a keyboard skip link to its actual main landmark (153.240364ms)
✔ shell renders persisted collection descriptors while omitting hidden collections (1.033962ms)
✔ authenticated principals without schema permission have no administration link (0.816185ms)
✔ grouped collection navigation is a real accessible disclosure (1.048483ms)
✔ collection navigation resolves the application base and actual active descendant path (0.797336ms)
✔ shell has an accessible navigation toggle and controlled sidebar landmark (0.595554ms)
✔ unavailable feature families are not advertised as working destinations (0.553751ms)
✔ Node editor saves an actual scalar draft, publishes separately and recovers trash after restart (123.374878ms)
✔ D1 editor saves an actual scalar draft, publishes separately and recovers trash after restart (1058.199ms)
✔ an accepted in-flight snapshot advances only its own baseline and preserves later keystrokes (0.589097ms)
✔ a background refresh preserves a dirty writer copy and its stale comparison token (0.138639ms)
✔ a conflict keeps the writer copy and stops autosave until an explicit save-anyway choice (0.492242ms)
✔ terminal validation rejection stays dirty and is not autosaved again until content changes (0.552002ms)
✔ pending submissions and read-only permissions cannot call a mutation twice (0.287083ms)
ℹ tests 1492
ℹ suites 44
ℹ pass 1492
ℹ fail 0
ℹ cancelled 0
ℹ skipped 0
ℹ todo 0
ℹ duration_ms 409882.403307
