$ node --test tests/*.test.ts
✔ local: cookie flags preserve Astro production defaults and deletion scope (1.165817ms)
✔ local SvelteKit substitution: same-origin session mutations need no custom header (25.041894ms)
✔ local SvelteKit substitution: custom headers never override a missing or foreign origin (3.880358ms)
✔ local: safe methods pass origin guard; bad server origin configuration cannot admit mutations (0.583499ms)
✔ local: invalid runtime role and prototype permission keys fail closed (0.253442ms)
✔ local: missing and insufficient principals throw the exact permission error codes (0.268485ms)
✔ returns the session user when the read resolves [session-user.test.ts:11] (3.389298ms)
✔ returns undefined when there is no session [session-user.test.ts:17] (0.294824ms)
✔ falls back to undefined instead of hanging when the read never settles [session-user.test.ts:23] (21.221315ms)
✔ fails closed to undefined when the read rejects [session-user.test.ts:30] (0.475537ms)
✔ local: resolver catches synchronous throws and anchors pending reads (0.357389ms)
✔ local: SHA-256 hashes decoded token bytes with the upstream encoding (4.701707ms)
✔ local: session resolution returns only a frozen current database identity and role (1.599501ms)
✔ local: no cookie/store and malformed cookies incur zero storage calls (0.324279ms)
✔ local: expiry denies at and beyond the exact boundary without renewal (4.331489ms)
✔ local: missing, disabled and invalid records all deny (1.874185ms)
✔ local: current role changes are observed on every resolution (2.240237ms)
✔ local: revocation invalidates the same credential and is idempotent (0.877883ms)
✔ local: failed revocation propagates, while failed/stalled resolution denies (21.60239ms)
✔ local: a session that expires while its store read is pending cannot authenticate (0.757712ms)
✔ local: public hashing and resolution reject noncanonical trailing bits before storage (0.437679ms)
✔ local: stalled digest remains inside the resolver timeout and request lifetime (21.610091ms)
✔ local Node SQLite: empty auth schema creates no account, credential or default admin (18.24568ms)
✔ local Node SQLite: current role, disabled/deleted users, expiry and revocation across reopen (28.268632ms)
▶ rbac
  ▶ hasPermission
    ✔ returns false for null user [rbac.ts:15] (3.282447ms)
    ✔ returns false for undefined user [rbac.ts:19] (0.197698ms)
    ✔ allows subscriber to read content [rbac.ts:23] (0.200663ms)
    ✔ denies subscriber from creating content [rbac.ts:27] (0.233973ms)
    ✔ allows contributor to create content [rbac.ts:31] (0.198559ms)
    ✔ allows admin to do anything [rbac.ts:35] (0.241804ms)
    ✔ denies editor from managing users [rbac.ts:43] (0.194213ms)
    ✔ allows author to edit own media [rbac.ts:47] (0.213251ms)
    ✔ denies contributor from editing media [rbac.ts:51] (0.157187ms)
    ✔ allows editor to edit any media [rbac.ts:55] (0.23236ms)
    ✔ denies author from editing any media [rbac.ts:59] (0.128294ms)
    ✔ denies subscriber from reading drafts [rbac.ts:65] (0.104948ms)
    ✔ allows contributor to read drafts [rbac.ts:69] (0.14555ms)
    ✔ allows editor to read drafts [rbac.ts:73] (0.124557ms)
  ✔ hasPermission (7.429478ms)
  ▶ requirePermission
    ✔ throws for null user [rbac.ts:79] (0.53719ms)
    ✔ throws unauthorized for missing user [rbac.ts:83] (0.206241ms)
    ✔ throws forbidden for insufficient permissions [rbac.ts:92] (0.145179ms)
    ✔ does not throw for sufficient permissions [rbac.ts:101] (0.153291ms)
  ✔ requirePermission (1.250224ms)
  ▶ canActOnOwn
    ✔ allows action on own resource with own permission [rbac.ts:109] (0.187613ms)
    ✔ denies action on others resource without any permission [rbac.ts:113] (0.124408ms)
    ✔ allows editor to edit any resource [rbac.ts:117] (0.094052ms)
    ✔ allows author to edit own media [rbac.ts:122] (0.077807ms)
    ✔ denies author from editing others media [rbac.ts:126] (0.141423ms)
    ✔ denies contributor from editing any media (including own) [rbac.ts:130] (0.121523ms)
    ✔ allows editor to edit any media [rbac.ts:135] (0.120551ms)
    ✔ F17: empty-string ownerId is not treated as 'owned by user with id '' [rbac.ts:140] (0.114142ms)
  ✔ canActOnOwn (1.254411ms)
  ▶ requirePermissionOnResource
    ✔ allows author to edit own content [rbac.ts:169] (0.167122ms)
    ✔ throws for author editing others content [rbac.ts:176] (0.117327ms)
  ✔ requirePermissionOnResource (0.405852ms)
✔ rbac (11.089976ms)
✔ local workerd: portable auth core runs without nodejs_compat or a persistence adapter (262.25585ms)
(node:2310175) ExperimentalWarning: stripTypeScriptTypes is an experimental feature and might change at any time
(Use `node --trace-warnings ...` to show where the warning was created)
✔ raw D1: structured insert requires atomic adaptation before any taxonomy write (2755.145233ms)
✔ raw D1: structured update requires atomic adaptation before any taxonomy write (2659.623421ms)
✔ raw D1: structured delete requires atomic adaptation before any taxonomy write (2453.574158ms)
✔ raw D1: whole Source delete requires atomic adaptation before any taxonomy write (2657.503008ms)
✔ raw D1: whole Source reorder requires atomic adaptation before any taxonomy write (2771.868567ms)
✔ raw D1: whole Source pivot replacement requires atomic adaptation before any taxonomy write (3042.695123ms)
✔ raw D1: whole Source structure save requires atomic adaptation before any taxonomy write (2483.991495ms)
✔ raw D1: ordinary option storage and whole taxonomy reads remain available (1629.87355ms)
✔ scoped D1: structured insert requires atomic adaptation before any taxonomy write (2751.236827ms)
✔ scoped D1: structured update requires atomic adaptation before any taxonomy write (2524.664574ms)
✔ scoped D1: structured delete requires atomic adaptation before any taxonomy write (2728.807105ms)
✔ scoped D1: whole Source delete requires atomic adaptation before any taxonomy write (2812.95781ms)
✔ scoped D1: whole Source reorder requires atomic adaptation before any taxonomy write (3169.349936ms)
✔ scoped D1: whole Source pivot replacement requires atomic adaptation before any taxonomy write (3717.141572ms)
✔ scoped D1: whole Source structure save requires atomic adaptation before any taxonomy write (3494.919495ms)
✔ scoped D1: ordinary option storage and whole taxonomy reads remain available (1673.836726ms)
✔ Node: genuine v5 upgrade and persisted v15 reopen preserve content and operator objects (141.123455ms)
✔ Node: a future Source-named trigger collision is refused before any startup write (13.027937ms)
✔ Node: a real late-batch SQLite failure rolls back the complete v0→15 installation (43.158369ms)
✔ Node: a real late-batch SQLite failure rolls back the complete v4→15 installation (47.921468ms)
✔ raw D1: genuine v5 upgrade and persisted v15 reopen preserve content and operator objects (2208.489946ms)
✔ raw D1: a future Source-named trigger collision is refused before any startup write (935.007112ms)
✔ raw D1: a real late-batch SQLite failure rolls back the complete v0→15 installation (2655.587909ms)
✔ raw D1: a real late-batch SQLite failure rolls back the complete v4→15 installation (3124.211301ms)
✔ scoped D1: genuine v5 upgrade and persisted v15 reopen preserve content and operator objects (2452.402291ms)
✔ scoped D1: a future Source-named trigger collision is refused before any startup write (1123.875494ms)
✔ scoped D1: a real late-batch SQLite failure rolls back the complete v0→15 installation (2754.754696ms)
✔ scoped D1: a real late-batch SQLite failure rolls back the complete v4→15 installation (3669.997617ms)
✔ Node: actual existing and newly created content tables receive Source031 byline indexes (91.788987ms)
✔ Node: a converted legacy reference remains usable after actual persisted reopen and startup (77.750978ms)
✔ raw D1: actual existing and newly created content tables receive Source031 byline indexes (2199.033487ms)
✔ raw D1: a converted legacy reference remains usable after actual persisted reopen and startup (2419.553777ms)
✔ scoped D1: actual existing and newly created content tables receive Source031 byline indexes (2006.254567ms)
✔ scoped D1: a converted legacy reference remains usable after actual persisted reopen and startup (2634.821705ms)
✔ Node: actual redirect host persists its Source loop cache in canonical options (43.242578ms)
✔ Node: actual menu loader resolves a real canonical taxonomy term (18.679687ms)
✔ raw D1: actual redirect host persists its Source loop cache in canonical options (1368.563469ms)
✔ raw D1: actual menu loader resolves a real canonical taxonomy term (1223.004329ms)
✔ scoped D1: actual redirect host persists its Source loop cache in canonical options (1276.000664ms)
✔ scoped D1: actual menu loader resolves a real canonical taxonomy term (1240.050008ms)
✔ Node: complete declared startup census fits D1's100-bind budget and preserves real namespace values (23.598469ms)
✔ raw D1: complete declared startup census fits D1's100-bind budget and preserves real namespace values (507.709413ms)
✔ scoped D1: complete declared startup census fits D1's100-bind budget and preserves real namespace values (412.327178ms)
✔ Node: ordinary startup satisfies actual Menu storage readiness (70.506859ms)
✔ Node: ordinary startup satisfies actual sections storage readiness (29.543855ms)
✔ Node: ordinary startup satisfies actual widgets storage readiness (36.511036ms)
✔ Node: ordinary startup satisfies actual Comments and runtime-dependency readiness (26.319714ms)
✔ Node: ordinary startup satisfies actual Redirect publication storage readiness (19.976122ms)
✔ raw D1: ordinary startup satisfies actual Menu storage readiness (1436.671826ms)
✔ raw D1: ordinary startup satisfies actual sections storage readiness (1706.608683ms)
✔ raw D1: ordinary startup satisfies actual widgets storage readiness (1383.457972ms)
✔ raw D1: ordinary startup satisfies actual Comments and runtime-dependency readiness (1255.959534ms)
✔ raw D1: ordinary startup satisfies actual Redirect publication storage readiness (1278.336438ms)
✔ scoped D1: ordinary startup satisfies actual Menu storage readiness (1343.8677ms)
✔ scoped D1: ordinary startup satisfies actual sections storage readiness (1648.046087ms)
✔ scoped D1: ordinary startup satisfies actual widgets storage readiness (1468.203052ms)
✔ scoped D1: ordinary startup satisfies actual Comments and runtime-dependency readiness (1589.238674ms)
✔ scoped D1: ordinary startup satisfies actual Redirect publication storage readiness (1527.087408ms)
✔ Node: actual public Sections/Widgets factory SQL recognizes its genuine persisted SQLite objects (21.100613ms)
✔ Node: a real quoted timestamp default remains distinct from the public Menu expression (9.958542ms)
✔ Node: an actual Redirect trigger retains its observable literal whitespace (11.615083ms)
✔ raw D1: actual public Sections/Widgets factory SQL recognizes its genuine persisted SQLite objects (484.785912ms)
✔ raw D1: a real quoted timestamp default remains distinct from the public Menu expression (321.47781ms)
✔ raw D1: an actual Redirect trigger retains its observable literal whitespace (983.253638ms)
✔ scoped D1: actual public Sections/Widgets factory SQL recognizes its genuine persisted SQLite objects (414.583737ms)
✔ scoped D1: a real quoted timestamp default remains distinct from the public Menu expression (331.811055ms)
✔ scoped D1: an actual Redirect trigger retains its observable literal whitespace (672.954142ms)
✔ Node: ordinary canonical startup installs actual contiguous providers through 15 (33.246084ms)
✔ Node: fresh ordinary startup makes media and byline prerequisites storage available (44.920404ms)
✔ Node: fresh ordinary startup makes directed content links storage available (35.405307ms)
✔ Node: fresh ordinary startup makes menus storage available (27.98006ms)
✔ Node: fresh ordinary startup makes sections and site widgets storage available (27.052831ms)
✔ Node: fresh ordinary startup makes comments and moderation storage available (27.228998ms)
✔ Node: fresh ordinary startup makes redirects storage available (27.106513ms)
✔ raw D1: ordinary canonical startup installs actual contiguous providers through 15 (1537.32632ms)
✔ raw D1: fresh ordinary startup makes media and byline prerequisites storage available (1349.663289ms)
✔ raw D1: fresh ordinary startup makes directed content links storage available (1821.079458ms)
✔ raw D1: fresh ordinary startup makes menus storage available (1631.062128ms)
✔ raw D1: fresh ordinary startup makes sections and site widgets storage available (1591.499464ms)
✔ raw D1: fresh ordinary startup makes comments and moderation storage available (1677.785809ms)
✔ raw D1: fresh ordinary startup makes redirects storage available (1921.579941ms)
✔ scoped D1: ordinary canonical startup installs actual contiguous providers through 15 (1576.517421ms)
✔ scoped D1: fresh ordinary startup makes media and byline prerequisites storage available (1840.405281ms)
✔ scoped D1: fresh ordinary startup makes directed content links storage available (1659.920979ms)
✔ scoped D1: fresh ordinary startup makes menus storage available (1510.724936ms)
✔ scoped D1: fresh ordinary startup makes sections and site widgets storage available (1789.582378ms)
✔ scoped D1: fresh ordinary startup makes comments and moderation storage available (1949.52907ms)
✔ scoped D1: fresh ordinary startup makes redirects storage available (1532.642435ms)
✔ Node SQLite: a lowercase declared future trigger refuses startup before any write (69.558471ms)
✔ Node SQLite: a uppercase declared future trigger refuses startup before any write (13.664123ms)
✔ raw D1: a lowercase declared future trigger refuses startup before any write (2806.237559ms)
✔ raw D1: a uppercase declared future trigger refuses startup before any write (2738.469845ms)
✔ scoped D1: a lowercase declared future trigger refuses startup before any write (2491.041701ms)
✔ scoped D1: a uppercase declared future trigger refuses startup before any write (2378.889483ms)
(node:2311600) ExperimentalWarning: stripTypeScriptTypes is an experimental feature and might change at any time
(Use `node --trace-warnings ...` to show where the warning was created)
✔ Node SQLite: ordinary options persist across normal installation and reopen (96.272573ms)
✔ Node SQLite: real taxonomy seeds defaults indexes and group pivot semantics (27.207637ms)
✖ Node SQLite: normal v5 upgrade preserves every field and exact operator SQL (8.033403ms)
✖ Node SQLite: failed normal metadata upgrade rolls back all providers and preserves v5 values (8.039001ms)
✖ Node SQLite: external metadata foreign keys refuse the normal upgrade before writes (6.433816ms)
✔ Node SQLite: missing or changed owned trigger refuses normal readiness without writes (50.54047ms)
✔ raw D1: ordinary options persist across normal installation and reopen (1848.09666ms)
✔ raw D1: real taxonomy seeds defaults indexes and group pivot semantics (1446.365738ms)
✖ raw D1: normal v5 upgrade preserves every field and exact operator SQL (502.787805ms)
✖ raw D1: failed normal metadata upgrade rolls back all providers and preserves v5 values (506.504792ms)
✖ raw D1: external metadata foreign keys refuse the normal upgrade before writes (519.355442ms)
✔ raw D1: missing or changed owned trigger refuses normal readiness without writes (2290.158762ms)
✔ scoped D1: ordinary options persist across normal installation and reopen (1935.498962ms)
✔ scoped D1: real taxonomy seeds defaults indexes and group pivot semantics (1684.333074ms)
✖ scoped D1: normal v5 upgrade preserves every field and exact operator SQL (768.79198ms)
✖ scoped D1: failed normal metadata upgrade rolls back all providers and preserves v5 values (591.488624ms)
✖ scoped D1: external metadata foreign keys refuse the normal upgrade before writes (727.492666ms)
✔ scoped D1: missing or changed owned trigger refuses normal readiness without writes (1627.812145ms)
✔ Node SQLite: normal installer applies real contiguous providers through eight (56.229184ms)
✔ Node SQLite: normal installation enables actual settings and taxonomy storage (19.77678ms)
✔ Node SQLite: normal metadata upgrade enables the Source collection field cascade (17.065941ms)
✔ raw D1: normal installer applies real contiguous providers through eight (1761.120529ms)
✔ raw D1: normal installation enables actual settings and taxonomy storage (1723.631157ms)
✔ raw D1: normal metadata upgrade enables the Source collection field cascade (1535.033532ms)
✔ scoped D1: normal installer applies real contiguous providers through eight (2366.431288ms)
✔ scoped D1: normal installation enables actual settings and taxonomy storage (1516.543243ms)
✔ scoped D1: normal metadata upgrade enables the Source collection field cascade (1648.847139ms)
✔ Node: canonical upgrade carries an existing legacy reference into directed group edges (109.848379ms)
✔ raw D1: canonical upgrade carries an existing legacy reference into directed group edges (2908.033077ms)
✔ scoped D1: canonical upgrade carries an existing legacy reference into directed group edges (3452.992841ms)
✔ Node SQLite: normal option and plugin storage revision triggers retain actual Source values (65.760886ms)
✔ raw D1: normal option and plugin storage revision triggers retain actual Source values (1993.473328ms)
✔ scoped D1: normal option and plugin storage revision triggers retain actual Source values (1857.308812ms)
✔ arbitrary generated field identifiers retain historical quote equivalence (1.18899ms)
✔ arbitrary generated fields retain quote equivalence in a complete table (0.328504ms)
✔ a default matching a known column name retains double-quoted literal bytes (0.190016ms)
✔ a known schema name in a quoted SELECT expression retains literal bytes (0.161082ms)
✔ canonical schema comparison retains embedded double quotes in single-quoted defaults (1.32216ms)
✔ canonical schema comparison distinguishes a double-quoted timestamp literal from the expression (0.147432ms)
✔ canonical schema comparison preserves whitespace inside single-quoted defaults (0.115915ms)
✔ canonical schema comparison preserves doubled single quotes and enclosed whitespace (0.237027ms)
✔ canonical schema comparison preserves Unicode nonbreaking whitespace outside literals (0.125469ms)
✔ canonical schema comparison preserves vertical-tab token boundaries outside literals (0.1131ms)
✔ canonical schema comparison still accepts known quoted native identifiers and SQLite ASCII whitespace (0.27256ms)
✔ native atomic batch follows queued reads and commits the completed write bookmark (false) (68.212457ms)
✔ native atomic batch issued before reads remains first (false) (67.286563ms)
✔ failed native atomic batch rejects its caller and leaves later reads ordered (false) (67.753457ms)
✔ native atomic batch follows queued reads and commits the completed write bookmark (true) (42.614625ms)
✔ native atomic batch issued before reads remains first (true) (41.057952ms)
✔ failed native atomic batch rejects its caller and leaves later reads ordered (true) (40.805723ms)
✔ throwing native resolve preserves its completed D1 write bookmark in Kit's outer error response (false) (1861.08022ms)
✔ throwing native resolve preserves its completed D1 write bookmark in Kit's outer error response (true) (1983.481261ms)
✔ native D1 runtime scopes each request and commits its authenticated bookmark (1657.11254ms)
✔ Cloudflare host settings use the trusted binding configuration for D1 Sessions (1.026029ms)
✔ real D1 authenticates on raw storage before scoping and applies write/bookmark constraints (1778.150584ms)
✔ Node: 103 persisted drafts paginate without duplicates after storage reopens (253.962093ms)
✔ D1: 103 persisted drafts paginate without duplicates after storage reopens (7412.127883ms)
✔ Node: registry.test.ts:234: should update a collection (35.307892ms)
✔ Node: registry.test.ts:248: touches updatedAt for an empty update (21.185475ms)
✔ Node: registry.test.ts:336: should throw when updating non-existent collection (18.905985ms)
✔ D1: registry.test.ts:234: should update a collection (271.389365ms)
✔ D1: registry.test.ts:248: touches updatedAt for an empty update (204.926381ms)
✔ D1: registry.test.ts:336: should throw when updating non-existent collection (179.692181ms)
✔ workerd: collection metadata service runs on the actual D1 binding without nodejs_compat (781.098248ms)
✖ collection update: permission precedes hostile input and every storage access (1.202239ms)
✔ Node: metadata partial updates preserve omissions, undefined and explicit [] without schema DDL/version changes (49.717155ms)
✖ Node: strict bounded metadata/preconditions reject before storage and preserve every row (24.937847ms)
✔ Node: empty updates strictly advance timestamp even with a frozen clock and stale CAS never writes (25.891362ms)
✔ Node: changed schema version conflicts and missing collections report NOT_FOUND without writes (31.853466ms)
✔ Node: race between preflight and actual SQL cannot overwrite another metadata update (26.532804ms)
✔ Node: unexpected storage failures retain their error and roll back metadata (27.573504ms)
✔ Node: update returns its own committed row when another writer commits before the adapter returns (19.660904ms)
✔ Node: metadata survives storage/runtime restart and prior timestamp stays stale (53.338326ms)
✔ D1: metadata partial updates preserve omissions, undefined and explicit [] without schema DDL/version changes (344.336583ms)
✖ D1: strict bounded metadata/preconditions reject before storage and preserve every row (222.587325ms)
✔ D1: empty updates strictly advance timestamp even with a frozen clock and stale CAS never writes (289.973033ms)
✔ D1: changed schema version conflicts and missing collections report NOT_FOUND without writes (274.029632ms)
✔ D1: race between preflight and actual SQL cannot overwrite another metadata update (226.367719ms)
✔ D1: unexpected storage failures retain their error and roll back metadata (247.860682ms)
✔ D1: update returns its own committed row when another writer commits before the adapter returns (203.408677ms)
✔ D1: metadata survives storage/runtime restart and prior timestamp stays stale (429.573405ms)
✔ comments Node SQLite readiness preserves SQL literals: correct (13.045506ms)
✔ comments Node SQLite readiness preserves SQL literals: default case (4.835098ms)
✔ comments Node SQLite readiness preserves SQL literals: default whitespace (8.090928ms)
✔ comments Node SQLite readiness preserves SQL literals: partial index case (4.456869ms)
✔ comments Node SQLite readiness preserves SQL literals: collection default case (4.645993ms)
✔ comments Node SQLite readiness preserves SQL literals: source auto approval default (4.512452ms)
✔ comments Node SQLite readiness preserves SQL literals: comments quoted timestamp (4.637821ms)
✔ comments Node SQLite readiness preserves SQL literals: reactions quoted timestamp (4.666313ms)
✔ comments Node SQLite readiness preserves SQL literals: multiword type (4.709208ms)
✔ comments Node SQLite readiness preserves SQL literals: non-ASCII type whitespace (4.312361ms)
✔ comments Node SQLite readiness preserves SQL literals: collection Unicode type (4.996121ms)
✔ comments raw D1 readiness preserves SQL literals: correct (759.267793ms)
✔ comments raw D1 readiness preserves SQL literals: default case (71.190337ms)
✔ comments raw D1 readiness preserves SQL literals: default whitespace (83.17716ms)
✔ comments raw D1 readiness preserves SQL literals: partial index case (62.76781ms)
✔ comments raw D1 readiness preserves SQL literals: collection default case (61.212143ms)
✔ comments raw D1 readiness preserves SQL literals: source auto approval default (61.737489ms)
✔ comments raw D1 readiness preserves SQL literals: comments quoted timestamp (44.472235ms)
✔ comments raw D1 readiness preserves SQL literals: reactions quoted timestamp (48.290448ms)
✔ comments raw D1 readiness preserves SQL literals: multiword type (50.951494ms)
✔ comments raw D1 readiness preserves SQL literals: non-ASCII type whitespace (62.697975ms)
✔ comments raw D1 readiness preserves SQL literals: collection Unicode type (64.563913ms)
✔ comments Node SQLite readiness refuses missing options before requests (11.480744ms)
✔ comments Node SQLite readiness refuses missing rate limits before requests (5.079484ms)
✔ comments raw D1 readiness refuses missing options before requests (740.793555ms)
✔ comments raw D1 readiness refuses missing rate limits before requests (69.228416ms)
✔ ordinary content workspace exposes the real Comments inbox (112.574585ms)
✔ ordinary content workspace exposes both installed Sections and Widgets (1.048887ms)
✔ common management links retain the pinned Comments Menus Redirects Widgets Sections order (1.754717ms)
✔ Comments remains selected while editing actual collection comment settings (0.818571ms)
✔ Sections remains selected on its actual section editor route (0.657919ms)
✔ all installed management links resolve the application base with the current descendant selected (0.771789ms)
✔ the pinned editor-level navigation hides administrator Redirects even when read capability is present (0.669026ms)
✔ read capabilities below the pinned editor display floor expose no management links (0.612741ms)
✔ Redirects selection follows the current real route without requiring an activePage override (1.041645ms)
✔ missing feature routes remain absent even for an administrator (0.812671ms)
✔ schema administration and visible collections remain reachable alongside common navigation (0.647153ms)
✔ anonymous presentation has no management links (0.626621ms)
✔ content_update response data reflects the new title (76.843987ms)
✔ content_get returns the latest draft data after update (44.005675ms)
✔ multiple sequential updates all reflect on read (53.77002ms)
✔ publishing a draft makes its data the new live data on read (58.661216ms)
✔ partial updates merge with current draft (only title changes, body preserved) (54.028518ms)
✔ content_update on collection without revisions support reflects on read (61.924545ms)
✔ liveData is undefined when there is no draft revision (39.893755ms)
✔ liveData carries the published values when a draft revision exists (45.828905ms)
✔ Node: domain null slug remains distinct with omitted data (86.843825ms)
✔ Node: domain empty string slug remains distinct with omitted data (36.313134ms)
✔ Node: domain null slug remains distinct with explicit empty data (36.548468ms)
✔ Node: domain empty string slug remains distinct with explicit empty data (35.968867ms)
✔ D1: domain null slug remains distinct with omitted data (1055.13585ms)
✔ D1: domain empty string slug remains distinct with omitted data (272.446098ms)
✔ D1: domain null slug remains distinct with explicit empty data (251.970184ms)
✔ D1: domain empty string slug remains distinct with explicit empty data (322.482366ms)
✔ Node: ordinary list and count retain indexed constructor own-key filters (63.958151ms)
✔ Node: ordinary list and count retain indexed prototype own-key filters (32.749358ms)
✔ D1: ordinary list and count retain indexed constructor own-key filters (995.155518ms)
✔ D1: ordinary list and count retain indexed prototype own-key filters (323.973697ms)
✔ filters by author (69.747061ms)
✔ passes indexed custom-field filters through the list handler (42.542265ms)
✔ reports a missing collection the same way with and without field filters (46.003502ms)
✔ reports a missing collection ahead of an invalid field filter name (40.94835ms)
✔ reports a missing collection ahead of an oversized filter set (43.474757ms)
✔ rejects an oversized filter set on a collection that exists (43.81617ms)
✔ rejects an invalid field filter name on a collection that exists (51.045164ms)
✔ filters by an inclusive createdAt date range (38.704428ms)
✔ normalizes offset-bearing date bounds before comparing canonical storage (51.765362ms)
✔ includes a boundary timestamp when the upper bound is end-of-day (49.65548ms)
✔ treats a date-only upper bound as inclusive of the whole day (45.237867ms)
✔ supports an open-ended (from-only) range (38.107842ms)
✔ combines author and date range filters (41.168942ms)
✔ ignores a date range with no field (39.09829ms)
✔ a publishedAt range excludes never-published rows (46.987696ms)
✔ content_get on a trashed item returns NOT_FOUND (not the item) (85.331106ms)
✔ content_list does NOT include trashed items by default (58.52788ms)
✔ content_list_trashed returns only trashed items (54.304833ms)
✔ content_update on a trashed item is rejected (item not visible) (62.334221ms)
✔ content_publish on a trashed item is rejected (47.375449ms)
[emdash] draft hydration failed: Error: no such table: _cms_revisions
    at NodeSqliteCompatDatabase.prepare (file:///workspace/cms-full-search-query-api/src/lib/server/database/node-sqlite-compat.ts:82:36)
    at SqliteConnection.executeQuery (file:///workspace/cms-full-search-query-api/node_modules/.pnpm/kysely@0.29.2/node_modules/kysely/dist/dialect/sqlite/sqlite-driver.js:58:31)
    at file:///workspace/cms-full-search-query-api/node_modules/.pnpm/kysely@0.29.2/node_modules/kysely/dist/query-executor/query-executor-base.js:39:41
    at DefaultConnectionProvider.provideConnection (file:///workspace/cms-full-search-query-api/node_modules/.pnpm/kysely@0.29.2/node_modules/kysely/dist/driver/default-connection-provider.js:10:26)
    at async DefaultQueryExecutor.executeQuery (file:///workspace/cms-full-search-query-api/node_modules/.pnpm/kysely@0.29.2/node_modules/kysely/dist/query-executor/query-executor-base.js:38:28)
    at async SelectQueryBuilderImpl.execute (file:///workspace/cms-full-search-query-api/node_modules/.pnpm/kysely@0.29.2/node_modules/kysely/dist/query-builder/select-query-builder.js:318:24)
    at async SelectQueryBuilderImpl.executeTakeFirst (file:///workspace/cms-full-search-query-api/node_modules/.pnpm/kysely@0.29.2/node_modules/kysely/dist/query-builder/select-query-builder.js:322:26)
    at async RevisionRepository.findById (file:///workspace/cms-full-search-query-api/src/lib/server/database/lifecycle/upstream/database/repositories/revision.ts:111:15)
    at async hydrate (file:///workspace/cms-full-search-query-api/src/lib/server/database/content-service.ts:40:19)
    at async file:///workspace/cms-full-search-query-api/tests/content-composition-read-fault.test.ts:31:50 {
  code: 'ERR_SQLITE_ERROR',
  errcode: 1,
  errstr: 'SQL logic error'
}
[emdash] draft hydration failed: Error: no such table: _cms_revisions
    at NodeSqliteCompatDatabase.prepare (file:///workspace/cms-full-search-query-api/src/lib/server/database/node-sqlite-compat.ts:82:36)
    at SqliteConnection.executeQuery (file:///workspace/cms-full-search-query-api/node_modules/.pnpm/kysely@0.29.2/node_modules/kysely/dist/dialect/sqlite/sqlite-driver.js:58:31)
    at file:///workspace/cms-full-search-query-api/node_modules/.pnpm/kysely@0.29.2/node_modules/kysely/dist/query-executor/query-executor-base.js:39:41
    at DefaultConnectionProvider.provideConnection (file:///workspace/cms-full-search-query-api/node_modules/.pnpm/kysely@0.29.2/node_modules/kysely/dist/driver/default-connection-provider.js:10:26)
    at async DefaultQueryExecutor.executeQuery (file:///workspace/cms-full-search-query-api/node_modules/.pnpm/kysely@0.29.2/node_modules/kysely/dist/query-executor/query-executor-base.js:38:28)
    at async SelectQueryBuilderImpl.execute (file:///workspace/cms-full-search-query-api/node_modules/.pnpm/kysely@0.29.2/node_modules/kysely/dist/query-builder/select-query-builder.js:318:24)
    at async SelectQueryBuilderImpl.executeTakeFirst (file:///workspace/cms-full-search-query-api/node_modules/.pnpm/kysely@0.29.2/node_modules/kysely/dist/query-builder/select-query-builder.js:322:26)
    at async RevisionRepository.findById (file:///workspace/cms-full-search-query-api/src/lib/server/database/lifecycle/upstream/database/repositories/revision.ts:111:15)
    at async hydrate (file:///workspace/cms-full-search-query-api/src/lib/server/database/content-service.ts:40:19)
    at async Object.getTrashedContent (file:///workspace/cms-full-search-query-api/src/lib/server/database/content-service.ts:106:65) {
  code: 'ERR_SQLITE_ERROR',
  errcode: 1,
  errstr: 'SQL logic error'
}
✔ Node: ordinary active read falls back to stored live values when only revision hydration fails (67.884482ms)
✔ Node: ordinary trash read falls back to stored live values when only revision hydration fails (42.155224ms)
[emdash] draft hydration failed: Error: D1_ERROR: no such table: _cms_revisions: SQLITE_ERROR
    at Error (file:///workspace/cms-full-search-query-api/tests/helpers/async-d1-storage.ts:40:19)
    at hydrate (file:///workspace/cms-full-search-query-api/node_modules/.pnpm/devalue@5.9.4/node_modules/devalue/src/parse.js:107:24)
    at hydrate (file:///workspace/cms-full-search-query-api/node_modules/.pnpm/devalue@5.9.4/node_modules/devalue/src/parse.js:271:26)
    at unflatten (file:///workspace/cms-full-search-query-api/node_modules/.pnpm/devalue@5.9.4/node_modules/devalue/src/parse.js:278:9)
    ... 3 lines matching cause stack trace ...
    at async execute (file:///workspace/cms-full-search-query-api/tests/helpers/async-d1-storage.ts:55:18)
    at async D1Connection.executeQuery (file:///workspace/cms-full-search-query-api/src/lib/server/database/d1.ts:53:29)
    at async file:///workspace/cms-full-search-query-api/node_modules/.pnpm/kysely@0.29.2/node_modules/kysely/dist/query-executor/query-executor-base.js:39:24 {
  [cause]: Error: no such table: _cms_revisions: SQLITE_ERROR
      at Error (file:///workspace/cms-full-search-query-api/tests/helpers/async-d1-storage.ts:40:19)
      at hydrate (file:///workspace/cms-full-search-query-api/node_modules/.pnpm/devalue@5.9.4/node_modules/devalue/src/parse.js:107:24)
      at hydrate (file:///workspace/cms-full-search-query-api/node_modules/.pnpm/devalue@5.9.4/node_modules/devalue/src/parse.js:271:26)
      at hydrate (file:///workspace/cms-full-search-query-api/node_modules/.pnpm/devalue@5.9.4/node_modules/devalue/src/parse.js:107:32)
      at hydrate (file:///workspace/cms-full-search-query-api/node_modules/.pnpm/devalue@5.9.4/node_modules/devalue/src/parse.js:271:26)
      at unflatten (file:///workspace/cms-full-search-query-api/node_modules/.pnpm/devalue@5.9.4/node_modules/devalue/src/parse.js:278:9)
      at parse (file:///workspace/cms-full-search-query-api/node_modules/.pnpm/devalue@5.9.4/node_modules/devalue/src/parse.js:21:9)
      at file:///workspace/cms-full-search-query-api/tests/helpers/async-d1-storage.ts:50:21
      at process.processTicksAndRejections (node:internal/process/task_queues:104:5)
      at async execute (file:///workspace/cms-full-search-query-api/tests/helpers/async-d1-storage.ts:55:18) {
    [cause]: undefined
  }
}
✔ D1: ordinary active read falls back to stored live values when only revision hydration fails (1098.259184ms)
[emdash] draft hydration failed: Error: D1_ERROR: no such table: _cms_revisions: SQLITE_ERROR
    at Error (file:///workspace/cms-full-search-query-api/tests/helpers/async-d1-storage.ts:40:19)
    at hydrate (file:///workspace/cms-full-search-query-api/node_modules/.pnpm/devalue@5.9.4/node_modules/devalue/src/parse.js:107:24)
    at hydrate (file:///workspace/cms-full-search-query-api/node_modules/.pnpm/devalue@5.9.4/node_modules/devalue/src/parse.js:271:26)
    at unflatten (file:///workspace/cms-full-search-query-api/node_modules/.pnpm/devalue@5.9.4/node_modules/devalue/src/parse.js:278:9)
    ... 3 lines matching cause stack trace ...
    at async execute (file:///workspace/cms-full-search-query-api/tests/helpers/async-d1-storage.ts:55:18)
    at async D1Connection.executeQuery (file:///workspace/cms-full-search-query-api/src/lib/server/database/d1.ts:53:29)
    at async file:///workspace/cms-full-search-query-api/node_modules/.pnpm/kysely@0.29.2/node_modules/kysely/dist/query-executor/query-executor-base.js:39:24 {
  [cause]: Error: no such table: _cms_revisions: SQLITE_ERROR
      at Error (file:///workspace/cms-full-search-query-api/tests/helpers/async-d1-storage.ts:40:19)
      at hydrate (file:///workspace/cms-full-search-query-api/node_modules/.pnpm/devalue@5.9.4/node_modules/devalue/src/parse.js:107:24)
      at hydrate (file:///workspace/cms-full-search-query-api/node_modules/.pnpm/devalue@5.9.4/node_modules/devalue/src/parse.js:271:26)
      at hydrate (file:///workspace/cms-full-search-query-api/node_modules/.pnpm/devalue@5.9.4/node_modules/devalue/src/parse.js:107:32)
      at hydrate (file:///workspace/cms-full-search-query-api/node_modules/.pnpm/devalue@5.9.4/node_modules/devalue/src/parse.js:271:26)
      at unflatten (file:///workspace/cms-full-search-query-api/node_modules/.pnpm/devalue@5.9.4/node_modules/devalue/src/parse.js:278:9)
      at parse (file:///workspace/cms-full-search-query-api/node_modules/.pnpm/devalue@5.9.4/node_modules/devalue/src/parse.js:21:9)
      at file:///workspace/cms-full-search-query-api/tests/helpers/async-d1-storage.ts:50:21
      at process.processTicksAndRejections (node:internal/process/task_queues:104:5)
      at async execute (file:///workspace/cms-full-search-query-api/tests/helpers/async-d1-storage.ts:55:18) {
    [cause]: undefined
  }
}
✔ D1: ordinary trash read falls back to stored live values when only revision hydration fails (353.653191ms)
✔ generic draft save updates revisions and rejects stale mutations (91.419542ms)
✔ generic published save updates revisions and rejects stale mutations (62.370134ms)
✔ generic draft trash restore retains draft revision and clears live publication (48.528052ms)
✔ generic published trash restore retains draft revision and clears live publication (61.650664ms)
✔ generic ownership, null ownership and read-draft capability remain trusted gates (65.595041ms)
✔ generic lists remain bounded summaries and skipRevision retains only the newest pending autosave (68.566967ms)
✖ generic create denies anonymous before storage initialization (0.440662ms)
✖ generic create denies reader before storage initialization (0.107011ms)
▶ findMany complete basic/total declarations
  ✔ should return all content by default (88.342898ms)
  ✔ should filter by status (61.865877ms)
  ✔ should filter by authorId (51.981631ms)
  ✔ should filter by both status and authorId (55.364441ms)
  ✔ should apply limit (59.218197ms)
  ✔ should support cursor pagination (47.414949ms)
  ✔ should not include nextCursor when no more items (50.34975ms)
  ✔ should order by createdAt desc by default (49.855506ms)
  ✔ should support custom ordering (45.751529ms)
  ✔ should default limit to 50 (149.441992ms)
  ✔ should cap limit at 100 (46.568056ms)
  ✔ should not include soft-deleted content (50.320095ms)
  ✔ should return empty array when no items match (59.208854ms)
  ✔ reports total rows regardless of limit (47.173446ms)
  ✔ total respects the where clause (48.457455ms)
  ✔ total stays stable across cursor pages (56.411479ms)
✔ findMany complete basic/total declarations (970.139192ms)
▶ count complete declarations
  ✔ should count all content of a type (53.57052ms)
  ✔ should count by status (63.283978ms)
  ✔ should count by authorId (55.562764ms)
  ✔ should count by both status and authorId (76.804879ms)
  ✔ should return 0 when no items match (79.230503ms)
  ✔ should not count soft-deleted content (74.294125ms)
✔ count complete declarations (403.255114ms)
✔ Node: ordinary slug-only save changes live metadata without a draft (62.904298ms)
✔ Node: ordinary explicit empty-data save stages a slug (33.871876ms)
[emdash:redirects] publishing redirect artifacts failed: Error: driver has already been destroyed
    at RuntimeDriver.acquireConnection (file:///workspace/cms-full-search-query-api/node_modules/.pnpm/kysely@0.29.2/node_modules/kysely/dist/driver/runtime-driver.js:44:19)
    at DefaultConnectionProvider.provideConnection (file:///workspace/cms-full-search-query-api/node_modules/.pnpm/kysely@0.29.2/node_modules/kysely/dist/driver/default-connection-provider.js:8:47)
    at DefaultQueryExecutor.provideConnection (file:///workspace/cms-full-search-query-api/node_modules/.pnpm/kysely@0.29.2/node_modules/kysely/dist/query-executor/default-query-executor.js:20:41)
    at TransactionBuilder.execute (file:///workspace/cms-full-search-query-api/node_modules/.pnpm/kysely@0.29.2/node_modules/kysely/dist/kysely.js:672:37)
    at withTransaction (file:///workspace/cms-full-search-query-api/src/lib/server/database/lifecycle/upstream/database/transaction.ts:63:41)
    at publishRedirectArtifacts (file:///workspace/cms-full-search-query-api/src/lib/server/redirects/artifacts.ts:185:8)
    at async publishRedirectChanges (file:///workspace/cms-full-search-query-api/src/lib/server/redirects/artifacts.ts:277:3)
✔ D1: ordinary slug-only save changes live metadata without a draft (982.306148ms)
✔ D1: ordinary explicit empty-data save stages a slug (324.929307ms)
✔ lists only the trashed entries in the requested locale (83.97979ms)
✔ lists every locale when no locale is given (54.171906ms)
✔ returns each item's locale so the trash list can display it (52.029092ms)
✔ counts only the trashed entries in the requested locale (54.072266ms)
✔ revision tokens bind collection, entry and locale without using updatedAt as a wire precondition (2.985753ms)
✔ wire inputs carry schema data and reject caller identity, system columns and raw revisions (0.795437ms)
✔ local database: actual D1 values and atomic rollback use zero synchronous waits (216.66551ms)
✔ collection update: actual D1 values and atomic rollback use zero synchronous waits (156.154816ms)
✔ local database: custom Worker dispatch retains request data and the same actual DB (84.865833ms)
✔ direct fixtures: original persistent DB identifiers remain separate across restart (774.944945ms)
✔ fresh D1 fixtures keep separate real databases while sharing their runtime (678.071668ms)
✔ closing one D1 fixture rejects stale queries and leaves its peer intact (17.468595ms)
✔ D1 runtime groups rotate after 256 distinct databases without recycling a closed database (3539.406947ms)
✔ persistent D1 fixtures retain their dedicated runtime and actual data across restart (189.260759ms)
✔ control: installed Miniflare proxy exposes the delayed prior-notification race (290.416275ms)
✔ D1 fixture matches each response when a prior synchronous notification arrives late (718.171497ms)
✔ D1 fixture executes queries and atomic batches without synchronously blocking Node (25.827872ms)
✔ D1 fixture preserves actual D1 parameters, result metadata and malformed-batch rollback (112.173741ms)
✔ D1 fixture owns disposal and preserves isolated real D1 storage across restart (182.56801ms)
✔ source: raw binding reports supportsMultipleConnections: true (0.753874ms)
✔ source: lets concurrent queries overlap instead of serializing behind a mutex (6.002952ms)
✔ source: raw adapter declares the compound SELECT ceiling (0.190357ms)
✔ source: raw adapter exposes atomic batches (0.200822ms)
✔ source: forwards compiled statements to one binding batch and maps results (12.368381ms)
✔ source: preserves DELETE RETURNING rows through the raw binding dialect (5.947449ms)
✔ local: an unsettled first binding read does not block the next query (10.805228ms)
✔ Node: equivalent schema, scalar, CAS, soft-delete and persisted session contract (115.483441ms)
✔ Node: failed batch rolls back DML and CREATE/ALTER/DROP DDL (2.087381ms)
✔ Node: fresh/v1 auth failures roll back all DDL and migration markers (128.180936ms)
✔ Node: incomplete/future migration state fails without repair (93.325161ms)
✔ D1: equivalent schema, scalar, CAS, soft-delete and persisted session contract (696.647946ms)
✔ D1: failed batch rolls back DML and CREATE/ALTER/DROP DDL (97.712222ms)
✔ D1: fresh/v1 auth failures roll back all DDL and migration markers (1038.988156ms)
✔ D1: incomplete/future migration state fails without repair (1085.761523ms)
✔ D1: deterministic stale fresh/v1 callers recover the actual binding error envelope (602.177262ms)
✔ D1: concurrent same-slug creators map the real UNIQUE envelope to COLLECTION_EXISTS (225.731936ms)
✔ D1: startup accepts a complete upgrade between actual preflight reads (376.419457ms)
✔ D1: one actual batch forwards parameters/order, RETURNING rows, zero/positive changes and insert IDs (112.189054ms)
✔ D1: unrelated envelopes do not turn into successful migration race recovery (183.195123ms)
✔ local: envelope classifier keeps Node messages and ignores lookalike/unknown D1 formats (0.455796ms)
✔ D1: callback transactions, streaming and general introspection reject explicitly (84.09993ms)
✔ D1: raw parameter variants retain binding support/rejections without Node normalization (189.883176ms)
✔ D1 and Node: v1 content and hashed sessions persist across close/reopen and revocation (729.224011ms)
✔ local workerd: real D1-backed CMS/session core runs without nodejs_compat (534.248683ms)
▶ ported openNodeSqliteDatabase
  ✔ implements the statement contract Kysely uses (7.712163ms)
  ✔ supports direct statement calls (0.730309ms)
  ✔ can be closed more than once (0.459341ms)
  ✔ normalizes supported positional values without shifting parameters (0.739513ms)
  ✔ rejects an unsupported plain object before executing the statement (1.065283ms)
  ✔ rejects an unsupported array before executing the statement (0.507283ms)
  ✔ rejects an unsupported date before executing the statement (0.390407ms)
  ✔ rejects an unsupported boxed number before executing the statement (0.422766ms)
  ✔ applies connection defaults without changing the journal mode (0.887035ms)
  ✔ switches to WAL with NORMAL synchronization when requested (0.429797ms)
  ✔ keeps NORMAL synchronization when reopening an existing WAL database without the option (0.539742ms)
✔ ported openNodeSqliteDatabase (15.604379ms)
▶ ported EmDash SchemaRegistry assertions
  ✔ should create a collection (43.488755ms)
  ✔ F14: defaults supports to ['drafts', 'revisions'] when undefined (23.605867ms)
  ✔ F14: preserves explicit empty supports array (opt-out) (22.417911ms)
  ✔ should create the content table when creating a collection (17.990049ms)
  ✔ rejects an unregistered content table with a structured conflict (19.504427ms)
  ✔ should list collections (20.845194ms)
  ✔ should get a collection by slug (22.174525ms)
  ✔ should return null for non-existent collection (19.235603ms)
  ✔ should throw when creating duplicate collection (24.515677ms)
  ✔ should add column to content table when creating field (22.143068ms)
  ✔ should get a field by slug (29.382751ms)
  ✔ should reject reserved field slugs (21.66631ms)
✔ ported EmDash SchemaRegistry assertions (288.833111ms)
▶ ported EmDash ContentRepository draft assertions
  ✔ should create content with minimal data (41.842197ms)
  ✔ should throw error for duplicate type+slug (72.870604ms)
  ✔ should allow same slug for different types (24.051309ms)
  ✔ should allow null slug (43.905628ms)
  ✔ should generate unique ID (34.188731ms)
  ✔ should find content by ID (37.679179ms)
  ✔ should return null for non-existent ID (36.263403ms)
  ✔ should return null when type doesn't match (32.071105ms)
✔ ported EmDash ContentRepository draft assertions (323.591239ms)
✔ mutation authorization precedes hostile input access and storage; permitted callers still validate (3.774449ms)
✔ system migration, additive field and drafts survive close/reopen (103.787583ms)
✔ independent additive DDL failure rolls back metadata and schema guard (29.042017ms)
✔ batch failures roll back both DDL and DML (20.728789ms)
✔ SQL identifiers, unknown/system fields and client ownership claims are rejected; quoted values remain inert (34.514031ms)
✔ database constraints enforce required NULL, locale slug uniqueness and foreign keys; unique is metadata and service validates lengths (44.457037ms)
✔ anonymous/empty principals and missing permissions fail closed before any query (1.367918ms)
✔ owner permissions use persisted author; any permission permits another author (47.460671ms)
✔ two independent connections competing from the same revision yield exactly one successful update (50.0718ms)
✔ schema version conflicts and field bounds preserve existing definitions (140.563713ms)
✔ summary query excludes large bodies, clamps pages, orders ties, scopes locales and validates cursors (230.734162ms)
✔ unique flags remain metadata across collection/field underscore boundaries (46.738941ms)
✔ field length semantics preserve pinned Unicode codepoints and embedded NUL (39.384269ms)
✔ migrations reject unknown versions and unmanaged system tables without mutation (2.016895ms)
✔ schema defaults reject NUL before DDL while escaped quotes remain inert (25.591085ms)
✔ cursor OR branches keep locale and trash filters when titles and slugs are null (31.323631ms)
✔ concurrent same-slug collection creation reports a sanitized conflict and preserves unrelated failures (29.796724ms)
✔ version-one migration markers reject missing system tables without repair or mutation (101.447583ms)
✔ same-slug creation at the collection cap still reports duplicate while new slugs report the bound (184.992869ms)
✔ doctor returns actionable JSON failure without creating a missing database (385.707773ms)
✔ doctor reads the real installed migrations, collection and empty identity tables without writes (381.5859ms)
✔ doctor reports pending migrations from the actual registered provider universe (273.469784ms)
✔ doctor does not accept unknown or gapped native migration records as fully applied (396.743598ms)
✔ doctor reports actual orphaned content tables without including ordinary operator tables (419.935803ms)
✔ doctor detects noncanonical persisted content and nested/revision datetimes without repairing them (435.066008ms)
✔ doctor reports invalid datetime data as an inspection failure (459.782368ms)
✔ doctor combines actual Native Worker wiring diagnostics with a missing local database (364.02376ms)
✔ doctor provides Native TOML trigger guidance for a real maintenance handler (323.280486ms)
✔ doctor reports JSONC locations and does not print configuration values (374.487054ms)
✔ doctor reports TOML locations without including configuration source excerpts (412.005187ms)
✔ doctor accepts explicit database paths and prints native human-readable summaries (510.137991ms)
✔ doctor rejects invalid flags with a useful usage error (931.377008ms)
▶ draft preview applies defaults only to absent persisted keys
  ✔ string, schema default: absent key (1.760239ms)
  ✔ string, schema default: explicit null (0.523237ms)
  ✔ string, schema default: empty string (0.262705ms)
  ✔ string, schema default: false (0.228444ms)
  ✔ string, schema default: zero (0.178839ms)
  ✔ string, schema default: stored string (0.177447ms)
  ✔ string, schema default: inherited key (0.247403ms)
  ✔ string, absent default: absent key (0.226911ms)
  ✔ string, absent default: explicit null (0.313061ms)
  ✔ string, absent default: empty string (0.307933ms)
  ✔ string, absent default: false (0.151728ms)
  ✔ string, absent default: zero (0.280091ms)
  ✔ string, absent default: stored string (0.081963ms)
  ✔ string, absent default: inherited key (0.123045ms)
  ✔ string, null default: absent key (0.208514ms)
  ✔ string, null default: explicit null (0.133802ms)
  ✔ string, null default: empty string (0.063736ms)
  ✔ string, null default: false (0.067982ms)
  ✔ string, null default: zero (0.143506ms)
  ✔ string, null default: stored string (0.063866ms)
  ✔ string, null default: inherited key (0.052198ms)
  ✔ text, schema default: absent key (0.121242ms)
  ✔ text, schema default: explicit null (0.14626ms)
  ✔ text, schema default: empty string (0.284989ms)
  ✔ text, schema default: false (0.068783ms)
  ✔ text, schema default: zero (0.057657ms)
  ✔ text, schema default: stored string (0.055744ms)
  ✔ text, schema default: inherited key (0.056515ms)
  ✔ text, absent default: absent key (0.063326ms)
  ✔ text, absent default: explicit null (0.142244ms)
  ✔ text, absent default: empty string (0.130557ms)
  ✔ text, absent default: false (0.064788ms)
  ✔ text, absent default: zero (0.051548ms)
  ✔ text, absent default: stored string (0.049614ms)
  ✔ text, absent default: inherited key (0.076956ms)
  ✔ text, null default: absent key (0.095033ms)
  ✔ text, null default: explicit null (0.056004ms)
  ✔ text, null default: empty string (0.049685ms)
  ✔ text, null default: false (0.050516ms)
  ✔ text, null default: zero (0.051377ms)
  ✔ text, null default: stored string (0.122024ms)
  ✔ text, null default: inherited key (0.117326ms)
  ✔ string, constructor: absent (0.253822ms)
  ✔ string, constructor: inherited (0.206731ms)
  ✔ string, constructor: own (0.081683ms)
  ✔ string, constructor: null (0.062454ms)
  ✔ string, prototype: absent (0.113101ms)
  ✔ string, prototype: inherited (0.13924ms)
  ✔ string, prototype: own (0.069545ms)
  ✔ string, prototype: null (0.057166ms)
  ✔ text, constructor: absent (0.05947ms)
  ✔ text, constructor: inherited (0.069725ms)
  ✔ text, constructor: own (0.053911ms)
  ✔ text, constructor: null (0.048783ms)
  ✔ text, prototype: absent (0.049204ms)
  ✔ text, prototype: inherited (0.048032ms)
  ✔ text, prototype: own (0.048653ms)
  ✔ text, prototype: null (0.073551ms)
✔ draft preview applies defaults only to absent persisted keys (85.208989ms)
✔ local D1: locales, concurrent restore, retained data and persisted restart (814.743668ms)
✔ local D1: SQL ownership predicate and batch rollback protect retained trash (518.437082ms)
✔ Node: schema changed after restore preflight rolls back the guard and leaves trash intact (42.93369ms)
✔ D1: schema changed after restore preflight rolls back the guard and leaves trash intact (552.2111ms)
✔ Node: concurrent v1 trash index installers preserve rows and reach complete v2 (95.722828ms)
✔ Node: v1 wrong same-name objects reject migration without mutation (65.062726ms)
✔ Node: v1 incompatible index appearing after preflight rejects and rolls back installer changes (27.797405ms)
✔ Node: concurrent v2 trash index installers preserve rows and reach complete v2 (88.407782ms)
✔ Node: v2 wrong same-name objects reject migration without mutation (284.859909ms)
✔ Node: v2 incompatible index appearing after preflight rejects and rolls back installer changes (98.190599ms)
✔ Node: v1 trash index batch failure rolls back auth DDL, marker upgrade and index together (78.103921ms)
✔ Node: invalid known auth states reject before any trash index installer batch (101.636287ms)
✔ Node: backfilled existing index and retained trash survive storage restart with unchanged schema metadata (72.416919ms)
✔ D1: concurrent v1 trash index installers preserve rows and reach complete v2 (797.156958ms)
✔ D1: v1 wrong same-name objects reject migration without mutation (1871.439401ms)
✔ D1: v1 incompatible index appearing after preflight rejects and rolls back installer changes (594.923378ms)
✔ D1: concurrent v2 trash index installers preserve rows and reach complete v2 (733.158964ms)
✔ D1: v2 wrong same-name objects reject migration without mutation (4330.75086ms)
✔ D1: v2 incompatible index appearing after preflight rejects and rolls back installer changes (912.873427ms)
✔ D1: v1 trash index batch failure rolls back auth DDL, marker upgrade and index together (674.395829ms)
✔ D1: invalid known auth states reject before any trash index installer batch (2190.060063ms)
✔ D1: backfilled existing index and retained trash survive storage restart with unchanged schema metadata (1000.347913ms)
✔ Node: all-locale trash order uses the pinned deleted-leading index while retaining upstream tie sorting (71.011533ms)
✔ Node: explicit migration adds missing trash indexes idempotently without changing retained data or schema metadata (92.844756ms)
✔ Node: index batch failure rolls back every newly added index and leaves marker/data unchanged (66.057115ms)
✔ D1: all-locale trash order uses the pinned deleted-leading index while retaining upstream tie sorting (531.581231ms)
✔ D1: explicit migration adds missing trash indexes idempotently without changing retained data or schema metadata (764.099312ms)
✔ D1: index batch failure rolls back every newly added index and leaves marker/data unchanged (734.028247ms)
✔ Node: synthetic mixed-status fixture excludes active and published rows before pagination (49.898398ms)
▶ Node: 103 retained drafts paginate through repository/service and survive reopen
  ✔ default 50, cap 100 and last returned row produce honest continuation (3.394079ms)
  ✔ full default, custom and repository walks have no duplicates or missing tied rows (12.408761ms)
  ✔ omitted locale includes all locales and each exact-locale walk remains complete (37.223087ms)
  ✔ empty cursor is first page; exact terminal and beyond-terminal pages omit continuation (4.525343ms)
  ✔ malformed cursors report INVALID_CURSOR at both repository and service boundaries (1.443833ms)
  ✔ saved later page resumes after a storage reopen (17.725745ms)
  ✔ restoring a later-page row retains data, rejects stale tokens and survives reopen (12.988273ms)
✔ Node: 103 retained drafts paginate through repository/service and survive reopen (454.193569ms)
✔ D1: synthetic mixed-status fixture excludes active and published rows before pagination (495.270547ms)
▶ D1: 103 retained drafts paginate through repository/service and survive reopen
  ✔ default 50, cap 100 and last returned row produce honest continuation (59.858763ms)
  ✔ full default, custom and repository walks have no duplicates or missing tied rows (200.595873ms)
  ✔ omitted locale includes all locales and each exact-locale walk remains complete (359.766159ms)
  ✔ empty cursor is first page; exact terminal and beyond-terminal pages omit continuation (77.681906ms)
  ✔ malformed cursors report INVALID_CURSOR at both repository and service boundaries (1.037462ms)
  ✔ saved later page resumes after a storage reopen (203.378033ms)
  ✔ restoring a later-page row retains data, rejects stale tokens and survives reopen (350.559386ms)
✔ D1: 103 retained drafts paginate through repository/service and survive reopen (7463.287126ms)
✔ supplemental cursor wire uses UTF-8 standard base64 and preserves upstream string-only validation (0.633494ms)
✔ supplemental direct cursor decode rejects empty/malformed/oversized input with a short domain error (5.166949ms)
✔ Node: adapted trash-locale-filter.test.ts:57/65/75 value assertions (112.83745ms)
✔ D1: adapted trash-locale-filter.test.ts:57/65/75 value assertions (808.121195ms)
✔ workerd: draft restore uses actual D1 without nodejs_compat, with one concurrent CAS winner (1249.484598ms)
✖ draft trash: authorization precedes hostile input and every storage access (1.536373ms)
✖ draft trash: permitted malformed bounded inputs reject before storage (0.371199ms)
✔ Node draft trash: explicit locale scopes, omitted locale includes every locale and item locale is retained (85.088315ms)
✔ Node draft trash: default 50 and cap 100, deletedAt/id descending, bounded body-free summaries (246.763767ms)
✔ Node draft trash: restore retains stored columns and returns refreshed CAS even with frozen time (49.482874ms)
✔ Node draft trash: restore uses edit-own/any, persisted nonempty owner and no delete requirement (41.565264ms)
✔ Node draft trash: stale tokens conflict without writes, active restore conflicts and missing restores are NOT_FOUND (45.307257ms)
✔ Node draft trash: two real SQLite connections restoring the same token yield one success and one conflict (86.059437ms)
✔ Node draft trash: SQL owner predicate rejects ownership changed after authorized preflight on another connection (44.467753ms)
✔ Node draft trash: SQL CAS rejects restore won by another connection after preflight (44.120471ms)
✔ Node draft trash: restore returns its committed row when another connection writes before batch returns (38.745704ms)
✔ Node draft trash: unexpected storage errors roll back restore and guard rows (28.295471ms)
✔ Node draft trash: trashed data and restored revision survive real storage restart; prior token remains stale (110.550417ms)
✔ Node source: five collection output, manifest-build.test.ts:537 (91.143549ms)
✔ Node supplemental: 0/1/50/51/100 boundaries preserve ordered projection with bounded reads (225.970627ms)
✔ Node supplemental: each collection retains its 32-field cap, including ignored malformed rows (59.949435ms)
✔ Node supplemental: authorization precedes SQL; constructor fields remain unparsed; errors propagate (24.448011ms)
✔ Node supplemental: uncached collection and field changes appear on the next read (24.772897ms)
✔ D1 source: five collection output, manifest-build.test.ts:537 (3368.209889ms)
✔ D1 supplemental: 0/1/50/51/100 boundaries preserve ordered projection with bounded reads (13198.636025ms)
✔ D1 supplemental: each collection retains its 32-field cap, including ignored malformed rows (2939.666115ms)
✔ D1 supplemental: authorization precedes SQL; constructor fields remain unparsed; errors propagate (2256.255662ms)
✔ D1 supplemental: uncached collection and field changes appear on the next read (1885.532667ms)
✔ workerd supplemental: manifest executes on the actual local D1 binding without nodejs_compat (619.399742ms)
✔ source: includes manual collections that have no fields (60.215996ms)
✔ source subset: forwards declared validation on scalar fields and omits absent validation (36.25203ms)
✔ source: reflects schema mutations immediately with no cross-runtime cache (25.566813ms)
✔ manifest requires draft-read before querying; administrative schema policy is unchanged (1.705388ms)
✔ least-disclosure projection excludes storage/admin/default/content values and respects registry bounds (547.57525ms)
✔ pinned manifest limitation: a manual constructor collection is omitted pending a separate upstream-behavior fix (36.832124ms)
✔ Node: partial registry.test.ts:668 existing-field label/order expectations (40.977815ms)
✔ Node: adapted MCP schema.test.ts:1003 preserves concurrent partial field updates (33.521018ms)
✔ Node: supplemental paired 12-layout metadata-default change preserves raw/content omitted inserts (181.520315ms)
✔ Node: supplemental field-update validation observation applies to future writes and leaves old content readable (37.120663ms)
✔ D1: partial registry.test.ts:668 existing-field label/order expectations (1015.781219ms)
✔ D1: adapted MCP schema.test.ts:1003 preserves concurrent partial field updates (207.548751ms)
✔ D1: supplemental paired 12-layout metadata-default change preserves raw/content omitted inserts (2462.782059ms)
✔ D1: supplemental field-update validation observation applies to future writes and leaves old content readable (456.146908ms)
✖ field edit: schema permission precedes hostile input and storage (1.270803ms)
✔ Node: field metadata persists across reopen without DDL, content, token or collection changes (109.689276ms)
✔ Node: supplied-key edits preserve omissions; validation replaces and null/empty remain distinct (41.097275ms)
✔ Node: invalid and out-of-scope metadata fails without writes (70.11266ms)
✔ Node: independent concurrent partial edits preserve both writes and each operation's own receipt (29.539345ms)
✔ Node: independent storage handles make concurrent supplied-key edits without a shared mutex (65.043754ms)
✔ Node: legacy metadata edits preserve divergent SQL defaults, required layout, unique indexes and stored NULL across reopen (38.752375ms)
✔ Node: validation tightening affects future supplied writes while old content remains readable (34.364719ms)
✔ Node: edited defaults stay metadata; omitted raw/content inserts retain physical required defaults and optional NULL (30.175462ms)
✔ Node: failures during/after metadata UPDATE roll back every change and retain storage errors (32.793883ms)
✔ Node: field replacement between preflight and commit preserves the replacement identity (29.254115ms)
✔ D1: field metadata persists across reopen without DDL, content, token or collection changes (769.99046ms)
✔ D1: supplied-key edits preserve omissions; validation replaces and null/empty remain distinct (1219.407628ms)
✔ D1: invalid and out-of-scope metadata fails without writes (1757.136276ms)
✔ D1: independent concurrent partial edits preserve both writes and each operation's own receipt (231.738469ms)
✔ D1: independent storage handles make concurrent supplied-key edits without a shared mutex (2112.223926ms)
✔ D1: legacy metadata edits preserve divergent SQL defaults, required layout, unique indexes and stored NULL across reopen (682.57606ms)
✔ D1: validation tightening affects future supplied writes while old content remains readable (1806.886704ms)
✔ D1: edited defaults stay metadata; omitted raw/content inserts retain physical required defaults and optional NULL (632.857695ms)
✔ D1: failures during/after metadata UPDATE roll back every change and retain storage errors (442.686456ms)
✔ D1: field replacement between preflight and commit preserves the replacement identity (259.953432ms)
✔ field label conversion accepts absent/matching Kit instance ids and removes them before the service (1.881949ms)
✔ field label form requires exact pair identity, a nonempty string and rejects broader field properties (0.597151ms)
✖ field label: permission precedes hostile input and all storage access (1.580956ms)
✔ Node: selected partial registry.test.ts:668 label assertion (53.605393ms)
✔ Node: string/text labels persist across restart while all other metadata, DDL, indexes, content and tokens remain unchanged (80.216877ms)
✖ Node: strict label-only validation rejects extra properties and invalid targets before storage without writes (34.635187ms)
✔ Node: whitespace and labels longer than 200 characters retain the pinned nonempty-only contract (37.835986ms)
✔ Node: schema:manage alone can relabel and schema/content readers cannot mutate any row (49.938209ms)
✔ Node: identical labels are successful no-op values and same-field concurrent edits are last-writer-wins (30.677506ms)
✔ Node: independent fields keep separate results and do not change each other's attributes (30.035767ms)
✔ Node: a pre-label collection metadata token remains valid and metadata forms cannot overwrite field labels (43.785461ms)
✔ Node: metadata writes between label preflight and commit neither conflict nor lose either update (42.143824ms)
✔ Node: label writes during metadata preflight leave metadata CAS valid and preserve both updates (34.780642ms)
✔ Node: additive fields coexist with label edits even when schema version changes after preflight (48.861179ms)
✔ Node: collection/field target pairs isolate same-slug fields and missing targets write nothing (34.256072ms)
✔ Node: deletion of a field after preflight cannot relabel a different identity or report success (29.912491ms)
✔ Node: replacement of a field after preflight cannot relabel a different identity or report success (27.810948ms)
✔ Node: replacement of a collection and its same-slug fields after preflight preserves the replacement identities (27.262301ms)
✔ Node: failures during and after the label UPDATE roll back every row and retain unexpected storage errors (30.554288ms)
✔ Node: the returned field belongs to this atomic write even when another label commits before the adapter returns (29.891761ms)
✔ Node: relabeling legacy columns retains divergent defaults, required layout, unique indexes and stored NULL values (60.65971ms)
✔ D1: selected partial registry.test.ts:668 label assertion (951.235206ms)
✔ D1: string/text labels persist across restart while all other metadata, DDL, indexes, content and tokens remain unchanged (748.856108ms)
✖ D1: strict label-only validation rejects extra properties and invalid targets before storage without writes (920.575299ms)
✔ D1: whitespace and labels longer than 200 characters retain the pinned nonempty-only contract (340.656083ms)
✔ D1: schema:manage alone can relabel and schema/content readers cannot mutate any row (381.773416ms)
✔ D1: identical labels are successful no-op values and same-field concurrent edits are last-writer-wins (525.286891ms)
✔ D1: independent fields keep separate results and do not change each other's attributes (513.176986ms)
✔ D1: a pre-label collection metadata token remains valid and metadata forms cannot overwrite field labels (506.348881ms)
✔ D1: metadata writes between label preflight and commit neither conflict nor lose either update (230.79493ms)
✔ D1: label writes during metadata preflight leave metadata CAS valid and preserve both updates (305.398922ms)
✔ D1: additive fields coexist with label edits even when schema version changes after preflight (235.227518ms)
✔ D1: collection/field target pairs isolate same-slug fields and missing targets write nothing (476.18172ms)
✔ D1: deletion of a field after preflight cannot relabel a different identity or report success (266.289414ms)
✔ D1: replacement of a field after preflight cannot relabel a different identity or report success (241.946057ms)
✔ D1: replacement of a collection and its same-slug fields after preflight preserves the replacement identities (320.655319ms)
✔ D1: failures during and after the label UPDATE roll back every row and retain unexpected storage errors (333.810542ms)
✔ D1: the returned field belongs to this atomic write even when another label commits before the adapter returns (231.592773ms)
✔ D1: relabeling legacy columns retains divergent defaults, required layout, unique indexes and stored NULL values (676.344562ms)
✔ options keep modes omit every domain metadata key, including submitted displayed values (1.968227ms)
✔ options set keys independently; label/default strings retain whitespace, empty default and unrestricted length (0.720446ms)
✔ validation native modes distinguish omission, null and empty replacement; one-sided bounds are independent (0.40476ms)
✔ native instance and selected values validate without introducing omitted metadata or unsupported edits (0.813256ms)
✔ options component owns a distinct registered instance with direct native spreads and explicit hidden values (5.78433ms)
✔ actual content service preserves arrays/media/numeric/boolean values through create/read/update (130.132225ms)
✔ actual content service reports every enum and numeric validation issue (60.286231ms)
✔ pinned constructor omission bug is preserved at the actual content service (55.285702ms)
▶ Zod Generator
  ▶ generateFieldSchema
    ✔ should generate string schema (2.718718ms)
    ✔ should generate number schema (0.625794ms)
    ✔ should generate integer schema (0.964795ms)
    ✔ should generate boolean schema (1.137014ms)
    ✔ should coerce stored 0/1 booleans to real booleans (0.636991ms)
    ✔ should preserve `.default(false)` chaining through the boolean preprocess (0.959307ms)
    ✔ should accept stored 0/1 booleans in partial-mode validation (2.419147ms)
    ✔ should generate url schema (0.896872ms)
    ✔ rejects url field value %j [dataset 0] (0.433854ms)
    ✔ rejects url field value %j [dataset 1] (0.226762ms)
    ✔ rejects url field value %j [dataset 2] (0.168164ms)
    ✔ rejects url field value %j [dataset 3] (0.249596ms)
    ✔ rejects url field value %j [dataset 4] (0.183496ms)
    ✔ rejects url field value %j [dataset 5] (0.142145ms)
    ✔ applies custom string validation to url fields (0.872215ms)
    ✔ should generate select schema with options (0.699915ms)
    ✔ should generate multiSelect schema (0.7366ms)
    ✔ should generate portableText schema (0.922461ms)
    ✔ should generate image schema (2.058273ms)
    ✔ accepts a dark variant on an image field and rejects a malformed one (1.819563ms)
    ✔ should make field optional when required is false (0.20611ms)
    ✔ should apply default value (0.315636ms)
    ✔ should apply string validation rules (0.46459ms)
    ✔ should apply number validation rules (0.61692ms)
  ✔ generateFieldSchema (21.92796ms)
  ▶ generateZodSchema
    ✔ should generate schema for collection with multiple fields (0.986016ms)
  ✔ generateZodSchema (1.069893ms)
  ▶ validateContent
    ✔ should return success for valid data (0.554245ms)
    ✔ should return errors for invalid data (0.459262ms)
  ✔ validateContent (1.117495ms)
  ▶ generateTypeScript
    ✔ should generate TypeScript interface (0.57082ms)
  ✔ generateTypeScript (0.672224ms)
  ▶ interface names derive from the singularized slug
    ✔ uses the slug, ignoring an arbitrary human label (0.368285ms)
    ✔ keeps names unique when singularization collapses two slugs (0.411009ms)
    ✔ keeps names unique when a suffixed name collides with another slug (0.188795ms)
    ✔ singularizes and PascalCases multi-word slugs (0.130467ms)
    ✔ singularizes a plural slug to describe a single entry (0.113841ms)
    ✔ leaves an already-singular slug unchanged (0.128434ms)
    ✔ references the same interface names in the EmDashCollections map (0.176547ms)
    ✔ includes BylineSummary in generated interface imports and byline property (0.135154ms)
  ✔ interface names derive from the singularized slug (2.131143ms)
  ▶ blocks fields in generated types
    ✔ emits retained version, per-type, and field unions (6.878711ms)
  ✔ blocks fields in generated types (6.962807ms)
  ▶ repeater fields in generated types
    ✔ builds a row object array from subFields (0.585733ms)
    ✔ types a sub-field that is not required as nullable (0.171118ms)
    ✔ enumerates the options of a select sub-field (0.181924ms)
    ✔ emits the media literal for an image sub-field (0.148925ms)
    ✔ maps a %s sub-field [dataset 0] (0.169625ms)
    ✔ maps a %s sub-field [dataset 1] (0.090577ms)
    ✔ maps a %s sub-field [dataset 2] (0.160042ms)
    ✔ maps a %s sub-field [dataset 3] (0.064147ms)
    ✔ maps a %s sub-field [dataset 4] (0.063536ms)
    ✔ maps a %s sub-field [dataset 5] (0.180632ms)
    ✔ maps a %s sub-field [dataset 6] (0.090396ms)
    ✔ maps a %s sub-field [dataset 7] (0.076506ms)
    ✔ maps a %s sub-field [dataset 8] (0.066871ms)
    ✔ falls back to unknown when subFields is absent (0.245861ms)
    ✔ falls back to unknown when subFields is empty (0.114512ms)
    ✔ falls back to unknown when subFields is %j [dataset 0] (0.095083ms)
    ✔ falls back to unknown when subFields is %j [dataset 1] (0.062505ms)
    ✔ falls back to unknown when subFields is %j [dataset 2] (0.062855ms)
    ✔ falls back to unknown when subFields is %j [dataset 3] (0.059199ms)
    ✔ falls back to unknown when subFields is %j [dataset 4] (0.056425ms)
    ▶ sub-field slugs that are not bare identifiers
      ✔ emits a parseable declaration file for %j [dataset 0] (1.2801ms)
      ✔ emits a parseable declaration file for %j [dataset 1] (0.661327ms)
      ✔ emits a parseable declaration file for %j [dataset 2] (0.505272ms)
      ✔ emits a parseable declaration file for %j [dataset 3] (0.743591ms)
      ✔ does not let a slug restructure the emitted type (1.118186ms)
    ✔ sub-field slugs that are not bare identifiers (4.520356ms)
    ▶ duplicate sub-field slugs
      ✔ declares a duplicated slug once (0.865034ms)
      ✔ keeps the last declaration of a duplicated slug (0.600555ms)
      ✔ declares the members the row schema accepts (1.052417ms)
    ✔ duplicate sub-field slugs (2.661413ms)
    ✔ keeps a required repeater non-optional (0.168554ms)
  ✔ repeater fields in generated types (13.586033ms)
  ▶ reference fields
    ✔ validates a field with no relation as the entry id string it stores (0.567376ms)
    ✔ leaves a field bound to a relation out of the data schema (0.209145ms)
    ✔ types a field with no relation as a string and omits a bound one (0.138209ms)
  ✔ reference fields (1.301763ms)
  ▶ reference interfaces in the generated file
    ✔ emits a page per bound field, typed to the target collection (0.319402ms)
    ✔ registers the references interface under EmDashCollectionReferences (0.194713ms)
    ✔ imports ReferencePage only when a bound reference field exists (0.156636ms)
    ✔ emits nothing for a collection whose reference fields are all unbound (0.131118ms)
    ✔ leaves the page un-narrowed when the target is not in the file (0.11266ms)
  ✔ reference interfaces in the generated file (1.066498ms)
✔ Zod Generator (50.609351ms)
▶ SchemaRegistry
  ▶ Collection Operations
    ✔ should create a collection (56.771733ms)
    ✔ F14: defaults supports to ['drafts', 'revisions'] when undefined (22.281583ms)
    ✔ F14: preserves explicit empty supports array (opt-out) (20.532616ms)
    ✔ defaults collections to routable and preserves explicit opt-out (22.339851ms)
    ✔ should create the content table when creating a collection (20.890526ms)
    ✔ rejects an unregistered content table with a structured conflict (21.9284ms)
    ✔ should list collections (20.464975ms)
    ▶ sidebar sort order
      ✔ has no explicit order by default (20.688021ms)
      ✔ lists explicitly ordered collections first, then the rest alphabetically (23.560291ms)
      ✔ applies the same order to listCollectionsWithFields (the manifest path) (28.138433ms)
      ✔ reorderCollections assigns positions in the given order (25.543882ms)
      ✔ reorderCollections clears the position of collections left out (26.34532ms)
      ✔ reorderCollections rejects unknown slugs without touching the order (32.128789ms)
      ✔ reorderCollections rejects duplicate slugs (27.431017ms)
      ✔ update preserves the position when sortOrder is omitted, and clears it on null (26.897753ms)
      ✔ rejects `reorder` as a collection slug (shadowed by the reorder route) (20.149318ms)
    ✔ sidebar sort order (231.800877ms)
    ✔ should get a collection by slug (16.976445ms)
    ✔ should return null for non-existent collection (16.538384ms)
    ✔ should update a collection (22.176485ms)
    ✔ touches updatedAt for an empty update (18.332569ms)
    ✔ collections are visible in the sidebar by default (18.706303ms)
    ✔ creates a collection hidden from the sidebar (24.951949ms)
    ✔ toggles hidden on an existing collection (23.171716ms)
    ✔ preserves hidden when an update omits it (18.567213ms)
    ✔ groups a collection into a sidebar folder and moves it back inline (19.969493ms)
    ✔ clears a collection icon with an empty string (18.925283ms)
    ✔ persists collection admin list columns (22.996964ms)
    ✔ should throw when updating non-existent collection (29.468401ms)
    ✔ should delete a collection (34.512378ms)
    ✔ should throw when creating duplicate collection (29.016411ms)
    ✔ should reject reserved collection slugs (33.402276ms)
    ✔ should validate collection slug format (22.266705ms)
  ✔ Collection Operations (790.039061ms)
  ▶ Field Operations
    ✔ preserves unsupported stored field types instead of treating them as strings (27.158103ms)
    ✔ preserves unsupported stored repeater sub-field types (40.192533ms)
    ✔ should create a field (32.434649ms)
    ✔ keeps an indexed field's physical index in sync (42.878247ms)
    ✔ keeps metadata and its physical index aligned when indexed changes from %s to %s during concurrent updates [dataset 0] (35.767589ms)
    ✔ keeps metadata and its physical index aligned when indexed changes from %s to %s during concurrent updates [dataset 1] (20.86885ms)
    ✔ drops the index when an indexed field moves to a type that cannot carry one (22.281697ms)
    ✔ reuses an existing generated index when enabling indexed metadata (21.480311ms)
    ✔ uses the generated index for indexed custom field ordering (35.503841ms)
    ✔ rejects indexes for non-scalar fields (38.495517ms)
    ✔ should add column to content table when creating field (28.669138ms)
    ✔ should list fields for a collection (38.038177ms)
    ✔ should get a field by slug (25.442349ms)
    ✔ should update a field (30.743592ms)
    ✔ updates a field type when the column affinity is unchanged (#1397) (37.817735ms)
    ✔ rejects a field type change that would alter the column type (#1397) (18.908798ms)
    ✔ should delete a field (24.909756ms)
    ✔ should reject reserved field slugs (17.487238ms)
    ✔ should map field types to correct column types (47.721181ms)
    ✔ should reorder fields (23.899424ms)
  ✔ Field Operations (612.277222ms)
  ▶ Collection with Fields
    ✔ should get collection with all fields (21.546351ms)
    ✔ should cascade delete fields when deleting collection (19.602152ms)
  ✔ Collection with Fields (41.308273ms)
✔ SchemaRegistry (1444.055005ms)
✔ Node: create derives SEO support unless explicitly overridden (60.502171ms)
✔ Node: update derives supplied SEO support while preserving explicit and omitted values (29.827252ms)
✔ Node: collection reorder touches listed and cleared timestamps without a version bump and rejects stale CAS (26.288903ms)
✔ Node: deleting titleField clears its pointer and touches only that collection timestamp without a version bump (31.115042ms)
✔ Node: deleting dateField clears its pointer and touches only that collection timestamp without a version bump (30.165261ms)
✔ Node: deleting an unreferenced field leaves collection metadata timestamps intact (37.64159ms)
✔ Node: actual create and partial update reject nested lossy JSON with zero persisted changes (35.591984ms)
✔ D1: create derives SEO support unless explicitly overridden (962.130876ms)
✔ D1: update derives supplied SEO support while preserving explicit and omitted values (181.003964ms)
✔ D1: collection reorder touches listed and cleared timestamps without a version bump and rejects stale CAS (193.568868ms)
✔ D1: deleting titleField clears its pointer and touches only that collection timestamp without a version bump (221.884483ms)
✔ D1: deleting dateField clears its pointer and touches only that collection timestamp without a version bump (274.71855ms)
✔ D1: deleting an unreferenced field leaves collection metadata timestamps intact (181.595ms)
✔ D1: actual create and partial update reject nested lossy JSON with zero persisted changes (172.997666ms)
✔ the persisted registry creates every pinned EmDash 1.1.0 field type (119.365293ms)
✔ defaults collections to routable and preserves explicit opt-out (33.852014ms)
✔ version 1 metadata upgrade retains physical columns, rows, and divergent legacy defaults (98.757426ms)
✔ version 2 metadata upgrade retains physical columns, rows, and divergent legacy defaults (50.399105ms)
✔ failure during each new metadata/identity DDL restores the exact legacy schema and rows (192.592517ms)
✔ incomplete identity layouts and temporary metadata objects reject without repair (106.622802ms)
✔ own JSON keys round-trip with normal prototypes and no global mutation (3.138627ms)
✔ custom transport cannot disguise lossy JSON, cycles, getters or custom objects (0.494244ms)
✔ malformed custom decoder data fails without exposing the supplied value (0.746434ms)
[emdash:redirects] publishing redirect artifacts failed: Error: database is not open
    at NodeSqliteCompatDatabase.prepare (file:///workspace/cms-full-search-query-api/src/lib/server/database/node-sqlite-compat.ts:82:36)
    at SqliteConnection.executeQuery (file:///workspace/cms-full-search-query-api/node_modules/.pnpm/kysely@0.29.2/node_modules/kysely/dist/dialect/sqlite/sqlite-driver.js:58:31)
    at file:///workspace/cms-full-search-query-api/node_modules/.pnpm/kysely@0.29.2/node_modules/kysely/dist/query-executor/query-executor-base.js:39:41
    at DefaultConnectionProvider.provideConnection (file:///workspace/cms-full-search-query-api/node_modules/.pnpm/kysely@0.29.2/node_modules/kysely/dist/driver/default-connection-provider.js:10:26)
    at async DefaultQueryExecutor.executeQuery (file:///workspace/cms-full-search-query-api/node_modules/.pnpm/kysely@0.29.2/node_modules/kysely/dist/query-executor/query-executor-base.js:38:28)
    at async SelectQueryBuilderImpl.execute (file:///workspace/cms-full-search-query-api/node_modules/.pnpm/kysely@0.29.2/node_modules/kysely/dist/query-builder/select-query-builder.js:318:24)
    at async SelectQueryBuilderImpl.executeTakeFirst (file:///workspace/cms-full-search-query-api/node_modules/.pnpm/kysely@0.29.2/node_modules/kysely/dist/query-builder/select-query-builder.js:322:26)
    at async publishRedirectArtifacts (file:///workspace/cms-full-search-query-api/src/lib/server/redirects/artifacts.ts:156:16)
    at async publishRedirectChanges (file:///workspace/cms-full-search-query-api/src/lib/server/redirects/artifacts.ts:277:3) {
  code: 'ERR_INVALID_STATE'
}
✔ Node: live metadata saves keep staged data and slug unpublished (78.897955ms)
✔ Node: revision restore cannot replace a save before-refetch (34.776626ms)
✔ Node: revision restore cannot replace a save after-refetch (38.485032ms)
✔ Node: plain restore cannot replace a save before-refetch (41.756898ms)
✔ Node: plain restore cannot replace a save after-refetch (26.621294ms)
[emdash:redirects] publishing redirect artifacts failed: Error: driver has already been destroyed
    at RuntimeDriver.acquireConnection (file:///workspace/cms-full-search-query-api/node_modules/.pnpm/kysely@0.29.2/node_modules/kysely/dist/driver/runtime-driver.js:44:19)
    at DefaultConnectionProvider.provideConnection (file:///workspace/cms-full-search-query-api/node_modules/.pnpm/kysely@0.29.2/node_modules/kysely/dist/driver/default-connection-provider.js:8:47)
    at DefaultQueryExecutor.provideConnection (file:///workspace/cms-full-search-query-api/node_modules/.pnpm/kysely@0.29.2/node_modules/kysely/dist/query-executor/default-query-executor.js:20:41)
    at DefaultQueryExecutor.executeQuery (file:///workspace/cms-full-search-query-api/node_modules/.pnpm/kysely@0.29.2/node_modules/kysely/dist/query-executor/query-executor-base.js:38:39)
    at SelectQueryBuilderImpl.execute (file:///workspace/cms-full-search-query-api/node_modules/.pnpm/kysely@0.29.2/node_modules/kysely/dist/query-builder/select-query-builder.js:318:51)
    at publishRedirectArtifacts (file:///workspace/cms-full-search-query-api/src/lib/server/redirects/artifacts.ts:170:4)
    at process.processTicksAndRejections (node:internal/process/task_queues:104:5)
    at async publishRedirectChanges (file:///workspace/cms-full-search-query-api/src/lib/server/redirects/artifacts.ts:277:3)
✔ D1: live metadata saves keep staged data and slug unpublished (1475.082189ms)
✔ D1: revision restore cannot replace a save before-refetch (441.583106ms)
✔ D1: revision restore cannot replace a save after-refetch (423.474675ms)
✔ D1: plain restore cannot replace a save before-refetch (322.99626ms)
✔ D1: plain restore cannot replace a save after-refetch (301.096915ms)
✔ Node: fresh canonical startup publishes, stages, rolls back and retains history on reopen (120.422991ms)
✔ Node: v4 canonical startup publishes, stages, rolls back and retains history on reopen (86.824584ms)
✔ D1: fresh canonical startup publishes, stages, rolls back and retains history on reopen (1196.025816ms)
✔ D1: v4 canonical startup publishes, stages, rolls back and retains history on reopen (904.159878ms)
(node:2314028) ExperimentalWarning: stripTypeScriptTypes is an experimental feature and might change at any time
(Use `node --trace-warnings ...` to show where the warning was created)
✔ Node: real later metadata replacement is accepted on canonical restart (35.586413ms)
✔ Node: malformed latest static metadata rejects before dynamic descriptors (11.975985ms)
✔ D1: real later metadata replacement is accepted on canonical restart (752.169191ms)
✔ D1: malformed latest static metadata rejects before dynamic descriptors (40.725181ms)
▶ packages/core/tests/integration/content/blank-array-field.test.ts
  ✔ saves blank strings as null on create (71.077672ms)
  ✔ saves an entry read back with a stored blank body (44.500948ms)
  ✔ still rejects a blank body on a required field (44.114887ms)
✔ packages/core/tests/integration/content/blank-array-field.test.ts (160.715116ms)
▶ packages/core/tests/integration/content/deleted-field-stranded-entry.test.ts
  ✔ publishes the existing draft without another save (44.41577ms)
✔ packages/core/tests/integration/content/deleted-field-stranded-entry.test.ts (44.635641ms)
(node:2314085) ExperimentalWarning: stripTypeScriptTypes is an experimental feature and might change at any time
(Use `node --trace-warnings ...` to show where the warning was created)
✔ Node: exact managed version-suffix FTS survives restart, index repair and live effects (59.891801ms)
✔ Node: complete source group may precede config or remain disabled (28.03427ms)
✔ Node: incomplete, spoofed and malformed managed ownership rejects without startup writes (126.184753ms)
✔ Node: managed group, trigger and metadata races abort before index backfill (153.258907ms)
✔ Node: unrelated operator and live search row writes remain allowed during backfill (17.936642ms)
✔ Node: maximum declared fields fit the native D1 binding budget during backfill (72.7291ms)
✔ Node: every orphan version-suffix companion rejects preflight (204.673346ms)
✔ Node: every orphan version-suffix companion rejects batch races (226.616352ms)
✔ Node: separate namespace companion lookalikes remain ordinary operators (12.208867ms)
✔ D1: exact managed version-suffix FTS survives restart, index repair and live effects (1096.161576ms)
✔ D1: complete source group may precede config or remain disabled (329.10793ms)
✔ D1: incomplete, spoofed and malformed managed ownership rejects without startup writes (2761.301115ms)
✔ D1: managed group, trigger and metadata races abort before index backfill (2367.627728ms)
✔ D1: unrelated operator and live search row writes remain allowed during backfill (187.970663ms)
✔ D1: maximum declared fields fit the native D1 binding budget during backfill (844.403024ms)
✔ D1: every orphan version-suffix companion rejects preflight (3402.115616ms)
✔ D1: every orphan version-suffix companion rejects batch races (3448.881277ms)
✔ D1: separate namespace companion lookalikes remain ordinary operators (280.242859ms)
✔ Node: invalid mixed publication date preserves the pinned partial draft commit (70.539131ms)
[revisions] Failed to prune revisions for post/01M43XQRFQZTYCH3ZS1D5DK0N3: Error: review prune fault
    at Object.run (file:///workspace/cms-full-search-query-api/src/lib/server/database/node-sqlite-compat.ts:87:38)
    at SqliteConnection.executeQuery (file:///workspace/cms-full-search-query-api/node_modules/.pnpm/kysely@0.29.2/node_modules/kysely/dist/dialect/sqlite/sqlite-driver.js:64:51)
    at file:///workspace/cms-full-search-query-api/node_modules/.pnpm/kysely@0.29.2/node_modules/kysely/dist/query-executor/query-executor-base.js:39:41
    at DefaultConnectionProvider.provideConnection (file:///workspace/cms-full-search-query-api/node_modules/.pnpm/kysely@0.29.2/node_modules/kysely/dist/driver/default-connection-provider.js:10:26)
    at async DefaultQueryExecutor.executeQuery (file:///workspace/cms-full-search-query-api/node_modules/.pnpm/kysely@0.29.2/node_modules/kysely/dist/query-executor/query-executor-base.js:38:28)
    at async RevisionRepository.pruneOldRevisions (file:///workspace/cms-full-search-query-api/src/lib/server/database/lifecycle/upstream/database/repositories/revision.ts:313:18)
    at async RevisionRepository.pruneQueuedEntry (file:///workspace/cms-full-search-query-api/src/lib/server/database/lifecycle/upstream/database/repositories/revision.ts:335:18)
    at async task (file:///workspace/cms-full-search-query-api/src/lib/server/database/lifecycle/service.ts:113:12)
    at async Object.flush (file:///workspace/cms-full-search-query-api/tests/lifecycle-review-regressions.test.ts:27:61)
    at async TestContext.<anonymous> (file:///workspace/cms-full-search-query-api/tests/lifecycle-review-regressions.test.ts:125:12) {
  code: 'ERR_SQLITE_ERROR',
  errcode: 1811,
  errstr: 'constraint failed'
}
[revisions] Failed to schedule pruning for post/01M43XQRJAB5NAZCD8ZKVWKZ2V: Error: no such column: missing_capture_column
    at NodeSqliteCompatDatabase.prepare (file:///workspace/cms-full-search-query-api/src/lib/server/database/node-sqlite-compat.ts:82:36)
    at SqliteConnection.executeQuery (file:///workspace/cms-full-search-query-api/node_modules/.pnpm/kysely@0.29.2/node_modules/kysely/dist/dialect/sqlite/sqlite-driver.js:58:31)
    at file:///workspace/cms-full-search-query-api/node_modules/.pnpm/kysely@0.29.2/node_modules/kysely/dist/query-executor/query-executor-base.js:39:41
    at DefaultConnectionProvider.provideConnection (file:///workspace/cms-full-search-query-api/node_modules/.pnpm/kysely@0.29.2/node_modules/kysely/dist/driver/default-connection-provider.js:10:26)
    at async DefaultQueryExecutor.executeQuery (file:///workspace/cms-full-search-query-api/node_modules/.pnpm/kysely@0.29.2/node_modules/kysely/dist/query-executor/query-executor-base.js:38:28)
    at async Object.unpublish (file:///workspace/cms-full-search-query-api/src/lib/server/database/lifecycle/service.ts:242:23)
    at async TestContext.<anonymous> (file:///workspace/cms-full-search-query-api/tests/lifecycle-review-regressions.test.ts:158:19)
    at async Test.run (node:internal/test_runner/test:1389:7)
    at async Test.processPendingSubtests (node:internal/test_runner/test:960:7) {
  code: 'ERR_SQLITE_ERROR',
  errcode: 1,
  errstr: 'SQL logic error'
}
✔ Node: slug-only update preserves the pinned public runtime live write (46.028548ms)
✔ Node: unpublish cycles drain actual queued history at the source retention cap (229.840424ms)
✔ Node: accepted ISO metadata SQL fault preserves the pinned mixed draft commit (31.052304ms)
✔ Node: unpublish pruning preserves a newer queued boundary and the current draft (44.899958ms)
✔ Node: accepted unpublish isolates a real prune fault and retains queued work for retry (68.328121ms)
✔ Node: a real queue-capture SELECT fault cannot reject an accepted unpublish (48.136844ms)
✔ D1: invalid mixed publication date preserves the pinned partial draft commit (1000.145481ms)
✔ D1: slug-only update preserves the pinned public runtime live write (264.038294ms)
✔ D1: unpublish cycles drain actual queued history at the source retention cap (6348.700054ms)
✔ D1: accepted ISO metadata SQL fault preserves the pinned mixed draft commit (249.506582ms)
✔ D1: unpublish pruning preserves a newer queued boundary and the current draft (975.358179ms)
[revisions] Failed to prune revisions for post/01M43XR1AD0ZZHW0T1EPBNNWSB: Error: D1_ERROR: review prune fault: SQLITE_CONSTRAINT (extended: SQLITE_CONSTRAINT_TRIGGER)
    at Error (file:///workspace/cms-full-search-query-api/tests/helpers/async-d1-storage.ts:40:19)
    at hydrate (file:///workspace/cms-full-search-query-api/node_modules/.pnpm/devalue@5.9.4/node_modules/devalue/src/parse.js:107:24)
    at hydrate (file:///workspace/cms-full-search-query-api/node_modules/.pnpm/devalue@5.9.4/node_modules/devalue/src/parse.js:271:26)
    at unflatten (file:///workspace/cms-full-search-query-api/node_modules/.pnpm/devalue@5.9.4/node_modules/devalue/src/parse.js:278:9)
    ... 3 lines matching cause stack trace ...
    at async execute (file:///workspace/cms-full-search-query-api/tests/helpers/async-d1-storage.ts:55:18)
    at async D1Connection.executeQuery (file:///workspace/cms-full-search-query-api/src/lib/server/database/d1.ts:53:29)
    at async file:///workspace/cms-full-search-query-api/node_modules/.pnpm/kysely@0.29.2/node_modules/kysely/dist/query-executor/query-executor-base.js:39:24 {
  [cause]: Error: review prune fault: SQLITE_CONSTRAINT (extended: SQLITE_CONSTRAINT_TRIGGER)
      at Error (file:///workspace/cms-full-search-query-api/tests/helpers/async-d1-storage.ts:40:19)
      at hydrate (file:///workspace/cms-full-search-query-api/node_modules/.pnpm/devalue@5.9.4/node_modules/devalue/src/parse.js:107:24)
      at hydrate (file:///workspace/cms-full-search-query-api/node_modules/.pnpm/devalue@5.9.4/node_modules/devalue/src/parse.js:271:26)
      at hydrate (file:///workspace/cms-full-search-query-api/node_modules/.pnpm/devalue@5.9.4/node_modules/devalue/src/parse.js:107:32)
      at hydrate (file:///workspace/cms-full-search-query-api/node_modules/.pnpm/devalue@5.9.4/node_modules/devalue/src/parse.js:271:26)
      at unflatten (file:///workspace/cms-full-search-query-api/node_modules/.pnpm/devalue@5.9.4/node_modules/devalue/src/parse.js:278:9)
      at parse (file:///workspace/cms-full-search-query-api/node_modules/.pnpm/devalue@5.9.4/node_modules/devalue/src/parse.js:21:9)
      at file:///workspace/cms-full-search-query-api/tests/helpers/async-d1-storage.ts:50:21
      at process.processTicksAndRejections (node:internal/process/task_queues:104:5)
      at async execute (file:///workspace/cms-full-search-query-api/tests/helpers/async-d1-storage.ts:55:18) {
    [cause]: undefined
  }
}
✔ D1: accepted unpublish isolates a real prune fault and retains queued work for retry (1025.858358ms)
[revisions] Failed to schedule pruning for post/01M43XR2APW8FA0W967A17SYVM: Error: D1_ERROR: no such column: missing_capture_column at offset 7: SQLITE_ERROR
    at Error (file:///workspace/cms-full-search-query-api/tests/helpers/async-d1-storage.ts:40:19)
    at hydrate (file:///workspace/cms-full-search-query-api/node_modules/.pnpm/devalue@5.9.4/node_modules/devalue/src/parse.js:107:24)
    at hydrate (file:///workspace/cms-full-search-query-api/node_modules/.pnpm/devalue@5.9.4/node_modules/devalue/src/parse.js:271:26)
    at unflatten (file:///workspace/cms-full-search-query-api/node_modules/.pnpm/devalue@5.9.4/node_modules/devalue/src/parse.js:278:9)
    ... 3 lines matching cause stack trace ...
    at async execute (file:///workspace/cms-full-search-query-api/tests/helpers/async-d1-storage.ts:55:18)
    at async D1Connection.executeQuery (file:///workspace/cms-full-search-query-api/src/lib/server/database/d1.ts:53:29)
    at async file:///workspace/cms-full-search-query-api/node_modules/.pnpm/kysely@0.29.2/node_modules/kysely/dist/query-executor/query-executor-base.js:39:24 {
  [cause]: Error: no such column: missing_capture_column at offset 7: SQLITE_ERROR
      at Error (file:///workspace/cms-full-search-query-api/tests/helpers/async-d1-storage.ts:40:19)
      at hydrate (file:///workspace/cms-full-search-query-api/node_modules/.pnpm/devalue@5.9.4/node_modules/devalue/src/parse.js:107:24)
      at hydrate (file:///workspace/cms-full-search-query-api/node_modules/.pnpm/devalue@5.9.4/node_modules/devalue/src/parse.js:271:26)
      at hydrate (file:///workspace/cms-full-search-query-api/node_modules/.pnpm/devalue@5.9.4/node_modules/devalue/src/parse.js:107:32)
      at hydrate (file:///workspace/cms-full-search-query-api/node_modules/.pnpm/devalue@5.9.4/node_modules/devalue/src/parse.js:271:26)
      at unflatten (file:///workspace/cms-full-search-query-api/node_modules/.pnpm/devalue@5.9.4/node_modules/devalue/src/parse.js:278:9)
      at parse (file:///workspace/cms-full-search-query-api/node_modules/.pnpm/devalue@5.9.4/node_modules/devalue/src/parse.js:21:9)
      at file:///workspace/cms-full-search-query-api/tests/helpers/async-d1-storage.ts:50:21
      at process.processTicksAndRejections (node:internal/process/task_queues:104:5)
      at async execute (file:///workspace/cms-full-search-query-api/tests/helpers/async-d1-storage.ts:55:18) {
    [cause]: undefined
  }
}
✔ D1: a real queue-capture SELECT fault cannot reject an accepted unpublish (273.749384ms)
[revisions] Failed to schedule pruning for post/01M43XQR504FNR544GHC1Y29GK: Error: native synchronous scheduler fault
    at TestContext.<anonymous> (file:///workspace/cms-full-search-query-api/tests/lifecycle-scheduling-regressions.test.ts:35:30)
    at async Test.run (node:internal/test_runner/test:1389:7)
    at async startSubtestAfterBootstrap (node:internal/test_runner/harness:387:3)
[revisions] Failed to schedule pruning for post/01M43XQR7BH269QHEC32J5ZY73: Error: native synchronous scheduler fault
    at TestContext.<anonymous> (file:///workspace/cms-full-search-query-api/tests/lifecycle-scheduling-regressions.test.ts:35:30)
    at async Test.run (node:internal/test_runner/test:1389:7)
    at async Test.processPendingSubtests (node:internal/test_runner/test:960:7)
[revisions] Failed to schedule pruning for post/01M43XQR8YTE52WSBPHG8V3FTG: Error: native synchronous scheduler fault
    at TestContext.<anonymous> (file:///workspace/cms-full-search-query-api/tests/lifecycle-scheduling-regressions.test.ts:35:30)
    at async Test.run (node:internal/test_runner/test:1389:7)
    at async Test.processPendingSubtests (node:internal/test_runner/test:960:7)
[revisions] Failed to schedule pruning for post/01M43XQRAYBBNZ7FS2YPYE2DPV: Error: native synchronous scheduler fault
    at TestContext.<anonymous> (file:///workspace/cms-full-search-query-api/tests/lifecycle-scheduling-regressions.test.ts:35:30)
    at async Test.run (node:internal/test_runner/test:1389:7)
    at async Test.processPendingSubtests (node:internal/test_runner/test:960:7)
✔ Node: save survives scheduler failure and queued work retries (91.020186ms)
✔ Node: restore-draft survives scheduler failure and queued work retries (58.786942ms)
✔ Node: restore-plain survives scheduler failure and queued work retries (52.939046ms)
✔ Node: unpublish survives scheduler failure and queued work retries (55.238369ms)
[revisions] Failed to schedule pruning for post/01M43XQS7MM5RD8SPJYMSHXKFQ: Error: native synchronous scheduler fault
    at TestContext.<anonymous> (file:///workspace/cms-full-search-query-api/tests/lifecycle-scheduling-regressions.test.ts:35:30)
    at process.processTicksAndRejections (node:internal/process/task_queues:104:5)
    at async Test.run (node:internal/test_runner/test:1389:7)
    at async Test.processPendingSubtests (node:internal/test_runner/test:960:7)
✔ D1: save survives scheduler failure and queued work retries (2261.168017ms)
[revisions] Failed to schedule pruning for post/01M43XQTQ59RD8ESSXGD82NWJQ: Error: native synchronous scheduler fault
    at TestContext.<anonymous> (file:///workspace/cms-full-search-query-api/tests/lifecycle-scheduling-regressions.test.ts:35:30)
    at process.processTicksAndRejections (node:internal/process/task_queues:104:5)
    at async Test.run (node:internal/test_runner/test:1389:7)
    at async Test.processPendingSubtests (node:internal/test_runner/test:960:7)
✔ D1: restore-draft survives scheduler failure and queued work retries (1477.403899ms)
[revisions] Failed to schedule pruning for post/01M43XQW5QW5X4WXGYG85VYBDM: Error: native synchronous scheduler fault
    at TestContext.<anonymous> (file:///workspace/cms-full-search-query-api/tests/lifecycle-scheduling-regressions.test.ts:35:30)
    at process.processTicksAndRejections (node:internal/process/task_queues:104:5)
    at async Test.run (node:internal/test_runner/test:1389:7)
    at async Test.processPendingSubtests (node:internal/test_runner/test:960:7)
✔ D1: restore-plain survives scheduler failure and queued work retries (1312.25144ms)
[revisions] Failed to schedule pruning for post/01M43XQXEY32ZH0T6W7DZ9VXPP: Error: native synchronous scheduler fault
    at TestContext.<anonymous> (file:///workspace/cms-full-search-query-api/tests/lifecycle-scheduling-regressions.test.ts:35:30)
    at process.processTicksAndRejections (node:internal/process/task_queues:104:5)
    at async Test.run (node:internal/test_runner/test:1389:7)
    at async Test.processPendingSubtests (node:internal/test_runner/test:960:7)
✔ D1: unpublish survives scheduler failure and queued work retries (1167.766649ms)
✔ Node: staged slug collision preserves its public code and both complete entries (74.137644ms)
✔ D1: staged slug collision preserves its public code and both complete entries (1196.221082ms)
✔ Node: forward cross-collection and self-reference triggers survive the complete rebuild (104.772605ms)
✔ Node: reverse cross-collection and self-reference triggers survive the complete rebuild (57.828329ms)
✔ Node: unchanged-owner cross-collection and self-reference triggers survive the complete rebuild (53.846202ms)
✔ D1: forward cross-collection and self-reference triggers survive the complete rebuild (1737.313854ms)
✔ D1: reverse cross-collection and self-reference triggers survive the complete rebuild (981.139926ms)
✔ D1: unchanged-owner cross-collection and self-reference triggers survive the complete rebuild (857.42454ms)
✔ Node: preinstalled view content dependency rejects without writes (32.696911ms)
✔ Node: race view content dependency rejects without writes (23.308412ms)
✔ Node: preinstalled external-trigger content dependency rejects without writes (10.437648ms)
✔ Node: race external-trigger content dependency rejects without writes (22.950292ms)
✔ Node: qualified, joined, grouped and mutating content dependencies reject unchanged (81.161649ms)
✔ Node: unrelated operator views, triggers, CTE names, literals and comments remain unchanged (49.178683ms)
✔ D1: preinstalled view content dependency rejects without writes (864.052353ms)
✔ D1: race view content dependency rejects without writes (342.578446ms)
✔ D1: preinstalled external-trigger content dependency rejects without writes (219.457035ms)
✔ D1: race external-trigger content dependency rejects without writes (269.794875ms)
✔ D1: qualified, joined, grouped and mutating content dependencies reject unchanged (1439.452367ms)
✔ D1: unrelated operator views, triggers, CTE names, literals and comments remain unchanged (448.881561ms)
✔ Node: existing-table rejects fresh orphan content without migration writes (13.967634ms)
✔ Node: existing-view rejects fresh orphan content without migration writes (4.693545ms)
✔ Node: race-table rejects fresh orphan content without migration writes (14.581106ms)
✔ D1: existing-table rejects fresh orphan content without migration writes (701.532007ms)
✔ D1: existing-view rejects fresh orphan content without migration writes (36.006649ms)
✔ D1: race-table rejects fresh orphan content without migration writes (99.013132ms)
✔ Node: fresh preinstalled reserved table names reject in both cases (23.656136ms)
✔ Node: fresh preinstalled reserved view names reject in both cases (6.688464ms)
✔ Node: fresh preinstalled reserved index names reject in both cases (6.511708ms)
✔ Node: fresh racing reserved table names reject in both cases (15.941551ms)
✔ Node: fresh racing reserved view names reject in both cases (16.356955ms)
✔ Node: fresh racing reserved index names reject in both cases (9.734702ms)
✔ Node: fresh content-like operator trigger names occupy a separate namespace (88.971979ms)
✔ Node: v4 preinstalled reserved table names reject in both cases (26.06692ms)
✔ Node: v4 preinstalled reserved view names reject in both cases (23.694955ms)
✔ Node: v4 preinstalled reserved index names reject in both cases (32.557016ms)
✔ Node: v4 racing reserved table names reject in both cases (36.269305ms)
✔ Node: v4 racing reserved view names reject in both cases (36.421534ms)
✔ Node: v4 racing reserved index names reject in both cases (45.603865ms)
✔ Node: v4 content-like operator trigger names occupy a separate namespace (206.511677ms)
✔ Node: v5 preinstalled reserved table names reject in both cases (15.959749ms)
✔ Node: v5 preinstalled reserved view names reject in both cases (18.089904ms)
✔ Node: v5 preinstalled reserved index names reject in both cases (21.667678ms)
✔ Node: v5 racing reserved table names reject in both cases (28.167857ms)
✔ Node: v5 racing reserved view names reject in both cases (28.463372ms)
✔ Node: v5 racing reserved index names reject in both cases (38.666047ms)
✔ Node: v5 content-like operator trigger names occupy a separate namespace (146.415991ms)
✔ Node: v8 preinstalled reserved table names reject in both cases (27.426373ms)
✔ Node: v8 preinstalled reserved view names reject in both cases (27.440935ms)
✔ Node: v8 preinstalled reserved index names reject in both cases (30.390288ms)
✔ Node: v8 racing reserved table names reject in both cases (44.535409ms)
✔ Node: v8 racing reserved view names reject in both cases (50.083398ms)
✔ Node: v8 racing reserved index names reject in both cases (44.756552ms)
✔ Node: v8 content-like operator trigger names occupy a separate namespace (196.832369ms)
✔ Node: v4 attached mixed-case trigger owners retain original SQL and effects (40.061102ms)
✔ Node: v4 preinstalled orphan field metadata rejects without writes (13.453879ms)
✔ Node: v4 racing orphan field metadata rejects without writes (21.986887ms)
✔ Node: v4 unmanaged operator FK violations do not reject valid CMS metadata (43.391978ms)
✔ Node: v5 attached mixed-case trigger owners retain original SQL and effects (47.170458ms)
✔ Node: v5 preinstalled orphan field metadata rejects without writes (9.872555ms)
✔ Node: v5 racing orphan field metadata rejects without writes (15.451466ms)
✔ Node: v5 unmanaged operator FK violations do not reject valid CMS metadata (49.452714ms)
✔ Node: v8 attached mixed-case trigger owners retain original SQL and effects (83.142618ms)
✔ Node: v8 preinstalled orphan field metadata rejects without writes (42.426754ms)
✔ Node: v8 racing orphan field metadata rejects without writes (32.000144ms)
✔ Node: v8 unmanaged operator FK violations do not reject valid CMS metadata (38.617699ms)
✔ D1: fresh preinstalled reserved table names reject in both cases (857.012965ms)
✔ D1: fresh preinstalled reserved view names reject in both cases (122.749251ms)
✔ D1: fresh preinstalled reserved index names reject in both cases (150.054396ms)
✔ D1: fresh racing reserved table names reject in both cases (190.405344ms)
✔ D1: fresh racing reserved view names reject in both cases (182.274231ms)
✔ D1: fresh racing reserved index names reject in both cases (155.748961ms)
✔ D1: fresh content-like operator trigger names occupy a separate namespace (680.904979ms)
✔ D1: v4 preinstalled reserved table names reject in both cases (514.863131ms)
✔ D1: v4 preinstalled reserved view names reject in both cases (407.863514ms)
✔ D1: v4 preinstalled reserved index names reject in both cases (451.975895ms)
✔ D1: v4 racing reserved table names reject in both cases (828.74423ms)
✔ D1: v4 racing reserved view names reject in both cases (781.655824ms)
✔ D1: v4 racing reserved index names reject in both cases (841.137593ms)
✔ D1: v4 content-like operator trigger names occupy a separate namespace (1976.532827ms)
✔ D1: v5 preinstalled reserved table names reject in both cases (503.373414ms)
✔ D1: v5 preinstalled reserved view names reject in both cases (395.463667ms)
✔ D1: v5 preinstalled reserved index names reject in both cases (322.114329ms)
✔ D1: v5 racing reserved table names reject in both cases (687.41961ms)
✔ D1: v5 racing reserved view names reject in both cases (688.425238ms)
✔ D1: v5 racing reserved index names reject in both cases (696.714878ms)
✔ D1: v5 content-like operator trigger names occupy a separate namespace (1601.453634ms)
✔ D1: v8 preinstalled reserved table names reject in both cases (513.676961ms)
✔ D1: v8 preinstalled reserved view names reject in both cases (487.072505ms)
✔ D1: v8 preinstalled reserved index names reject in both cases (568.729398ms)
✔ D1: v8 racing reserved table names reject in both cases (1043.499336ms)
✔ D1: v8 racing reserved view names reject in both cases (924.515501ms)
✔ D1: v8 racing reserved index names reject in both cases (961.70029ms)
✔ D1: v8 content-like operator trigger names occupy a separate namespace (2043.118655ms)
✔ D1: v4 attached mixed-case trigger owners retain original SQL and effects (516.069411ms)
✔ D1: v4 preinstalled orphan field metadata rejects without writes (149.936684ms)
✔ D1: v4 racing orphan field metadata rejects without writes (309.158795ms)
✔ D1: v4 unmanaged operator FK violations do not reject valid CMS metadata (404.799653ms)
✔ D1: v5 attached mixed-case trigger owners retain original SQL and effects (467.589236ms)
✔ D1: v5 preinstalled orphan field metadata rejects without writes (233.631054ms)
✔ D1: v5 racing orphan field metadata rejects without writes (360.64502ms)
✔ D1: v5 unmanaged operator FK violations do not reject valid CMS metadata (449.284124ms)
✔ D1: v8 attached mixed-case trigger owners retain original SQL and effects (548.304238ms)
✔ D1: v8 preinstalled orphan field metadata rejects without writes (263.431106ms)
✔ D1: v8 racing orphan field metadata rejects without writes (385.583434ms)
✔ D1: v8 unmanaged operator FK violations do not reject valid CMS metadata (491.510728ms)
✔ Node: literal reserved prefix allows acms_tool already present (54.20952ms)
✔ Node: literal reserved prefix allows acms_tool arriving before fresh batch (33.58521ms)
✔ Node: literal reserved prefix allows xcmsZoperator already present (35.192106ms)
✔ Node: literal reserved prefix allows xcmsZoperator arriving before fresh batch (42.184425ms)
✔ D1: literal reserved prefix allows acms_tool already present (794.225676ms)
✔ D1: literal reserved prefix allows acms_tool arriving before fresh batch (133.643805ms)
✔ D1: literal reserved prefix allows xcmsZoperator already present (106.001272ms)
✔ D1: literal reserved prefix allows xcmsZoperator arriving before fresh batch (110.202538ms)
✔ Node: literal reserved prefix still rejects _cms_partial without startup writes (2.083387ms)
✔ Node: literal reserved prefix still rejects _CMS_PARTIAL without startup writes (1.022429ms)
✔ D1: literal reserved prefix still rejects _cms_partial without startup writes (10.832611ms)
✔ D1: literal reserved prefix still rejects _CMS_PARTIAL without startup writes (17.60629ms)
✔ Node: uppercase orphan table rejects without migration writes (14.994007ms)
✔ Node: uppercase orphan view rejects without migration writes (6.049392ms)
✔ Node: uppercase orphan race-table rejects without migration writes (17.143087ms)
✔ Node: fresh preserves an unrelated operator FK with an ec_note column (47.078772ms)
✔ Node: v4 preserves an unrelated operator FK with an ec_note column (47.740827ms)
✔ Node: actual quoted/comment-separated inbound content FKs and their races preserve every row (69.194913ms)
✔ Node: operator FK comments and escaped literals mentioning content remain unmanaged (65.298577ms)
✔ D1: uppercase orphan table rejects without migration writes (750.196238ms)
✔ D1: uppercase orphan view rejects without migration writes (37.457031ms)
✔ D1: uppercase orphan race-table rejects without migration writes (136.090419ms)
✔ D1: fresh preserves an unrelated operator FK with an ec_note column (412.387806ms)
✔ D1: v4 preserves an unrelated operator FK with an ec_note column (581.145706ms)
✔ D1: actual quoted/comment-separated inbound content FKs and their races preserve every row (1416.295569ms)
✔ D1: operator FK comments and escaped literals mentioning content remain unmanaged (598.822261ms)
✔ Node: v0 every validated static prerequisite DDL is guarded before startup writes (134.006562ms)
✔ Node: v0 every not-yet-installed static name remains absent until the guarded upgrade (547.992735ms)
✔ Node: v0 future static names use SQLite case-insensitive shared namespace (676.082368ms)
✔ Node: v0 intermediate metadata/lifecycle names cannot appear before startup writes (22.93232ms)
✔ Node: v0 ordinary operator writes remain outside the prerequisite snapshot (33.014652ms)
✔ Node: v1 every validated static prerequisite DDL is guarded before startup writes (25.524043ms)
✔ Node: v1 every not-yet-installed static name remains absent until the guarded upgrade (931.956151ms)
✔ Node: v1 future static names use SQLite case-insensitive shared namespace (1267.240147ms)
✔ Node: v1 intermediate metadata/lifecycle names cannot appear before startup writes (27.479986ms)
✔ Node: v1 raced marker rows and missing marker table reject unchanged (8.899119ms)
✔ Node: v1 ordinary operator writes remain outside the prerequisite snapshot (32.011398ms)
✔ Node: v2 every validated static prerequisite DDL is guarded before startup writes (44.672072ms)
✔ Node: v2 every not-yet-installed static name remains absent until the guarded upgrade (1179.72627ms)
✔ Node: v2 future static names use SQLite case-insensitive shared namespace (1714.326277ms)
✔ Node: v2 intermediate metadata/lifecycle names cannot appear before startup writes (35.568696ms)
✔ Node: v2 raced marker rows and missing marker table reject unchanged (21.847436ms)
✔ Node: v2 ordinary operator writes remain outside the prerequisite snapshot (29.730619ms)
✔ Node: v2 mutable auth roles, sessions and profiles are not DDL prerequisites (31.611817ms)
✔ Node: v3 every validated static prerequisite DDL is guarded before startup writes (55.680052ms)
✔ Node: v3 every not-yet-installed static name remains absent until the guarded upgrade (1270.741928ms)
✔ Node: v3 future static names use SQLite case-insensitive shared namespace (1616.49401ms)
✔ Node: v3 intermediate metadata/lifecycle names cannot appear before startup writes (45.858927ms)
✔ Node: v3 raced marker rows and missing marker table reject unchanged (14.084082ms)
✔ Node: v3 ordinary operator writes remain outside the prerequisite snapshot (34.912698ms)
✔ Node: v3 mutable auth roles, sessions and profiles are not DDL prerequisites (46.55838ms)
✔ Node: v4 every validated static prerequisite DDL is guarded before startup writes (206.150517ms)
✔ Node: v4 every not-yet-installed static name remains absent until the guarded upgrade (1737.393361ms)
✔ Node: v4 future static names use SQLite case-insensitive shared namespace (2566.549793ms)
✔ Node: v4 intermediate metadata/lifecycle names cannot appear before startup writes (80.595615ms)
✔ Node: v4 raced marker rows and missing marker table reject unchanged (29.229414ms)
✔ Node: v4 ordinary operator writes remain outside the prerequisite snapshot (29.960158ms)
✔ Node: v4 mutable auth roles, sessions and profiles are not DDL prerequisites (32.478709ms)
✔ Node: v5 every validated static prerequisite DDL is guarded before startup writes (167.799953ms)
✔ Node: v5 intermediate metadata/lifecycle names cannot appear before startup writes (55.034456ms)
✔ Node: v5 raced marker rows and missing marker table reject unchanged (24.108959ms)
✔ Node: v5 ordinary operator writes remain outside the prerequisite snapshot (33.346724ms)
✔ Node: v5 mutable auth roles, sessions and profiles are not DDL prerequisites (47.213188ms)
✔ D1: v0 every validated static prerequisite DDL is guarded before startup writes (1786.932088ms)
✔ D1: v0 every not-yet-installed static name remains absent until the guarded upgrade (7660.566593ms)
✔ D1: v0 future static names use SQLite case-insensitive shared namespace (13691.075431ms)
✔ D1: v0 intermediate metadata/lifecycle names cannot appear before startup writes (557.227627ms)
✔ D1: v0 ordinary operator writes remain outside the prerequisite snapshot (172.538371ms)
✔ D1: v1 every validated static prerequisite DDL is guarded before startup writes (790.992108ms)
✔ D1: v1 every not-yet-installed static name remains absent until the guarded upgrade (18273.344225ms)
✔ D1: v1 future static names use SQLite case-insensitive shared namespace (23748.181133ms)
✔ D1: v1 intermediate metadata/lifecycle names cannot appear before startup writes (604.315944ms)
✔ D1: v1 raced marker rows and missing marker table reject unchanged (171.141915ms)
✔ D1: v1 ordinary operator writes remain outside the prerequisite snapshot (146.866711ms)
✔ D1: v2 every validated static prerequisite DDL is guarded before startup writes (839.163443ms)
✔ D1: v2 every not-yet-installed static name remains absent until the guarded upgrade (21141.279558ms)
✔ D1: v2 future static names use SQLite case-insensitive shared namespace (29235.312357ms)
✔ D1: v2 intermediate metadata/lifecycle names cannot appear before startup writes (803.371342ms)
✔ D1: v2 raced marker rows and missing marker table reject unchanged (176.615682ms)
✔ D1: v2 ordinary operator writes remain outside the prerequisite snapshot (138.582176ms)
✔ D1: v2 mutable auth roles, sessions and profiles are not DDL prerequisites (180.08584ms)
✔ D1: v3 every validated static prerequisite DDL is guarded before startup writes (1049.657111ms)
✔ D1: v3 every not-yet-installed static name remains absent until the guarded upgrade (17901.329183ms)
✔ D1: v3 future static names use SQLite case-insensitive shared namespace (24863.003418ms)
✔ D1: v3 intermediate metadata/lifecycle names cannot appear before startup writes (633.379661ms)
✔ D1: v3 raced marker rows and missing marker table reject unchanged (185.739549ms)
✔ D1: v3 ordinary operator writes remain outside the prerequisite snapshot (154.875677ms)
✔ D1: v3 mutable auth roles, sessions and profiles are not DDL prerequisites (150.849745ms)
✔ D1: v4 every validated static prerequisite DDL is guarded before startup writes (2704.693743ms)
✔ D1: v4 every not-yet-installed static name remains absent until the guarded upgrade (24574.171012ms)
✔ D1: v4 future static names use SQLite case-insensitive shared namespace (41606.968307ms)
✔ D1: v4 intermediate metadata/lifecycle names cannot appear before startup writes (1103.728738ms)
✔ D1: v4 raced marker rows and missing marker table reject unchanged (352.013626ms)
✔ D1: v4 ordinary operator writes remain outside the prerequisite snapshot (183.505231ms)
✔ D1: v4 mutable auth roles, sessions and profiles are not DDL prerequisites (210.411411ms)
✔ D1: v5 every validated static prerequisite DDL is guarded before startup writes (3428.200908ms)
✔ D1: v5 intermediate metadata/lifecycle names cannot appear before startup writes (1265.947675ms)
✔ D1: v5 raced marker rows and missing marker table reject unchanged (439.753254ms)
✔ D1: v5 ordinary operator writes remain outside the prerequisite snapshot (217.709357ms)
✔ D1: v5 mutable auth roles, sessions and profiles are not DDL prerequisites (205.128069ms)
✔ Node: quoted legacy systems without field literal upgrade without rewriting field literals (104.631809ms)
✔ Node: quoted legacy systems with leading literal upgrade without rewriting field literals (61.437148ms)
✔ Node: unquoted legacy systems with leading literal upgrade without rewriting field literals (57.471415ms)
✔ D1: quoted legacy systems without field literal upgrade without rewriting field literals (1588.551351ms)
✔ D1: quoted legacy systems with leading literal upgrade without rewriting field literals (793.387041ms)
✔ D1: unquoted legacy systems with leading literal upgrade without rewriting field literals (809.266451ms)
✔ Node: fresh canonical startup creates all lifecycle system columns and atomically stores revision pointers (79.53054ms)
✔ Node: immutable v1/v2 layouts reach canonical v8 after frozen v5 with legacy data, metadata and foreign keys intact (93.399461ms)
✔ Node: v4 upgrade preserves rows, tokens, physical defaults, indexes, triggers and auth metadata on reopen (90.606423ms)
✔ Node: unsupported legacy and partially installed layouts reject with no writes (137.046889ms)
✔ Node: latest layouts validate required content columns and every static lifecycle object without repair (240.982576ms)
✔ Node: failure after each lifecycle rebuild stage rolls back DDL, markers and rows (258.87012ms)
✔ Node: fresh and legacy concurrent startup share one complete migration winner (97.652496ms)
✔ Node: a content schema write between preflight and batch cannot be overwritten (30.428017ms)
✔ D1: fresh canonical startup creates all lifecycle system columns and atomically stores revision pointers (826.49028ms)
✔ D1: immutable v1/v2 layouts reach canonical v8 after frozen v5 with legacy data, metadata and foreign keys intact (496.723974ms)
✔ D1: v4 upgrade preserves rows, tokens, physical defaults, indexes, triggers and auth metadata on reopen (794.105656ms)
✔ D1: unsupported legacy and partially installed layouts reject with no writes (2116.219517ms)
✔ D1: latest layouts validate required content columns and every static lifecycle object without repair (2488.42173ms)
✔ D1: failure after each lifecycle rebuild stage rolls back DDL, markers and rows (2929.439437ms)
✔ D1: fresh and legacy concurrent startup share one complete migration winner (666.666892ms)
✔ D1: a content schema write between preflight and batch cannot be overwritten (1010.155966ms)
✔ Node fresh: should create all tables from migrations [revisions-only scope] (42.856125ms)
✔ Node fresh: should create content with all fields [status/author storage scope] (34.327348ms)
✔ Node fresh: should persist primaryBylineId on create [column storage scope] (23.535778ms)
✔ Node v4: should create all tables from migrations [revisions-only scope] (33.526267ms)
✔ Node v4: should create content with all fields [status/author storage scope] (28.718158ms)
✔ Node v4: should persist primaryBylineId on create [column storage scope] (37.627066ms)
✔ D1 fresh: should create all tables from migrations [revisions-only scope] (811.395809ms)
✔ D1 fresh: should create content with all fields [status/author storage scope] (159.192071ms)
✔ D1 fresh: should persist primaryBylineId on create [column storage scope] (141.534096ms)
✔ D1 v4: should create all tables from migrations [revisions-only scope] (225.354139ms)
✔ D1 v4: should create content with all fields [status/author storage scope] (276.618169ms)
✔ D1 v4: should persist primaryBylineId on create [column storage scope] (225.85389ms)
▶ packages/core/tests/integration/content/draft-save-live-content-changed.test.ts
  ✔ is false for draft-only data save on revision collections (68.636252ms)
  ✔ is false when data+slug are staged as a draft revision (35.939831ms)
  ✔ is true when live metadata changes on a revision collection (44.23144ms)
  ✔ defaults unclassified update fields to live-changing (41.897229ms)
  ✔ is true for data updates on collections without revisions (43.907728ms)
✔ packages/core/tests/integration/content/draft-save-live-content-changed.test.ts (235.934169ms)
▶ packages/core/tests/integration/content/draft-save-updated-at.test.ts
  ✔ Save (draft staging) on a published entry does not bump updated_at (44.467249ms)
  ✔ Autosave (skipRevision) on an existing draft does not bump updated_at (69.681799ms)
  ✔ Discard Draft restores updated_at from before the draft saves (48.110154ms)
  ✔ a subsequent Publish advances updated_at exactly once (40.749253ms)
  ✔ draft-only saves still bump version so _rev concurrency detection keeps working (39.6099ms)
  ✔ Restore Revision (to draft) on a published entry does not bump updated_at (34.801809ms)
  ✔ collections without revision support keep the bump-on-write behavior (30.325747ms)
✔ packages/core/tests/integration/content/draft-save-updated-at.test.ts (308.747168ms)
▶ packages/core/tests/unit/api/publish-revision-cas.test.ts
  ✔ publishes only the expected revision and returns the next _rev (46.901366ms)
  ✔ rejects an approved revision after a newer draft save without mutating live or draft (48.486639ms)
  ✔ allows only one of two concurrent publishes for the same _rev (35.150573ms)
  ✔ supports conditional publish for a collection without revisions (31.489017ms)
  ✔ applies the same revision condition to unpublish and discard-draft (54.503038ms)
  ✔ keeps revisionless publish calls backward compatible (36.50207ms)
  ✔ rejects malformed revision conditions as conflicts (38.875045ms)
✔ packages/core/tests/unit/api/publish-revision-cas.test.ts (292.562663ms)
▶ packages/core/tests/integration/content/atomic-publication.test.ts
  ✔ rolls back every promoted column when the staged slug constraint rejects (42.507107ms)
  ✔ never leaves a dangling pointer when staging races guarded revision deletion (38.188833ms)
✔ packages/core/tests/integration/content/atomic-publication.test.ts (80.991925ms)
▶ packages/core/tests/integration/content/revision-retention.test.ts
  ✔ bounds history through request-lifetime work without a scheduled tick (74.697859ms)
✔ packages/core/tests/integration/content/revision-retention.test.ts (74.881095ms)
✔ node: replacing items rolls back deletion and partial insertion on SQL failure (19.387937ms)
✔ node: an absent menu cannot receive orphan items (4.931071ms)
✔ node: reordering ignores foreign menu items and retains the requested menu scope (8.250077ms)
✔ node: a failed reorder rolls back earlier updates in the same operation (5.551258ms)
✔ node: cloning failure leaves neither a partial translation nor cloned items (5.95096ms)
✔ node: replacing one locale leaves the other translation intact (10.664278ms)
✔ raw-d1: replacing items rolls back deletion and partial insertion on SQL failure (717.398289ms)
✔ raw-d1: an absent menu cannot receive orphan items (512.24812ms)
✔ raw-d1: reordering ignores foreign menu items and retains the requested menu scope (692.081945ms)
✔ raw-d1: a failed reorder rolls back earlier updates in the same operation (601.211098ms)
✔ raw-d1: cloning failure leaves neither a partial translation nor cloned items (644.486946ms)
✔ raw-d1: replacing one locale leaves the other translation intact (622.99265ms)
✔ scoped-d1: replacing items rolls back deletion and partial insertion on SQL failure (599.546992ms)
✔ scoped-d1: an absent menu cannot receive orphan items (540.955546ms)
✔ scoped-d1: reordering ignores foreign menu items and retains the requested menu scope (663.159139ms)
✔ scoped-d1: a failed reorder rolls back earlier updates in the same operation (586.181175ms)
✔ scoped-d1: cloning failure leaves neither a partial translation nor cloned items (724.46864ms)
✔ scoped-d1: replacing one locale leaves the other translation intact (713.541758ms)
✔ raw-d1: cloning refuses a source edited item during its batch (637.533669ms)
✔ raw-d1: cloning refuses a source moved item during its batch (607.701053ms)
✔ raw-d1: cloning refuses a source reordered item during its batch (653.201849ms)
✔ raw-d1: cloning refuses a source deleted source during its batch (795.815412ms)
✔ scoped-d1: cloning refuses a source edited item during its batch (644.915296ms)
✔ scoped-d1: cloning refuses a source moved item during its batch (693.248456ms)
✔ scoped-d1: cloning refuses a source reordered item during its batch (595.181957ms)
✔ scoped-d1: cloning refuses a source deleted source during its batch (572.755953ms)
✔ native menu cache hints preserve the pinned Source tag value (0.603358ms)
✔ real D1 menu create succeeds and persists (645.970607ms)
✔ real D1 atomic replacement preserves hierarchy and removes old rows (558.446775ms)
✔ real D1 translation cloning retains logical item groups and parent links (569.969318ms)
✔ real D1 reorder and explicit menu deletion persist without cascade FKs (581.753548ms)
✔ node: native menu routes persist CRUD, hierarchy, locale and error envelopes (52.412404ms)
✔ d1: native menu routes persist CRUD, hierarchy, locale and error envelopes (1318.716819ms)
✔ node: menu readiness accepts only the complete owned schema and never installs it (20.285078ms)
✔ d1: menu readiness accepts only the complete owned schema and never installs it (1058.398784ms)
✔ node: menu readiness preserves embedded double quotes in locale defaults (17.755726ms)
✔ node: menu readiness preserves repeated literal whitespace in locale defaults (10.927974ms)
✔ node: menu readiness preserves escaped single quote followed by double quotes in locale defaults (7.780574ms)
✔ d1: menu readiness preserves embedded double quotes in locale defaults (762.343524ms)
✔ d1: menu readiness preserves repeated literal whitespace in locale defaults (743.039777ms)
✔ d1: menu readiness preserves escaped single quote followed by double quotes in locale defaults (790.619933ms)
✔ node: menu readiness distinguishes a quoted timestamp default from the SQL expression (16.568231ms)
✔ d1: menu readiness distinguishes a quoted timestamp default from the SQL expression (729.779227ms)
✔ actual native menu handler lists empty persisted storage successfully (13.267721ms)
✔ actual native menu handler persists a menu and its translation identity (11.272051ms)
✔ compiled login retains signed-in workspace controls alongside the legacy warning (70.330066ms)
✔ compiled login retains the native sign-out form alongside the legacy warning (0.404088ms)
✔ compiled signed-out legacy login keeps the warning and blocks all unavailable controls (0.354884ms)
✔ compiled healthy signed-in login keeps the existing workspace and sign-out controls (0.308864ms)
✔ auth JSON parser rejects declared oversized body before reading (optional=false) (27.230883ms)
✔ auth JSON parser rejects declared oversized body before reading (optional=true) (0.6052ms)
✔ optional auth JSON parser retains pinned unreadable-body default (1.69631ms)
✔ auth JSON parser retains pinned invalid JSON error code (0.877309ms)
✔ Node: passkey options probabilistically delete expired counters and preserve current counters (44.296332ms)
✔ D1: passkey options probabilistically delete expired counters and preserve current counters (918.717751ms)
✔ base-prefixed production routes resolve SSR navigation targets and retain denial boundaries (5903.542165ms)
✔ creation distinguishes omitted pattern from selected literal empty and untrimmed regex sources (2.426538ms)
✔ validation keep/set/clear preserve replacement, explicit empty and absent-pattern semantics (0.723418ms)
✔ malformed or missing selected pattern reports the native pattern field before the callback (1.158622ms)
✔ replacement preserves unchanged textarea-normalized sources using untrusted JSON snapshots (0.744459ms)
✔ compiled scalar preview displays values without an HTML regex constraint (51.635652ms)
✔ pattern metadata syntax is a string source, including empty, with a localized malformed-pattern issue (2.118355ms)
✔ Node/string: adapted all-fields.test.ts:58 should enforce pattern (74.984984ms)
✔ Node/text: adapted all-fields.test.ts:58 should enforce pattern (26.555027ms)
✔ Node: pattern metadata persists, projects unchanged and replaces without changing content, defaults, DDL or tokens (133.446694ms)
✔ Node: full/partial supplied string patterns preserve null, omission, metadata defaults and legacy other-field writes (2153.909889ms)
✔ Node: pattern sources use JavaScript search semantics without trimming, implicit anchors or flags (54.770019ms)
✔ Node: invalid schema requests write nothing; malformed legacy regex eagerly throws while read/projection/trash remain available (165.844266ms)
✔ D1/string: adapted all-fields.test.ts:58 should enforce pattern (833.952056ms)
✔ D1/text: adapted all-fields.test.ts:58 should enforce pattern (199.370705ms)
✔ D1: pattern metadata persists, projects unchanged and replaces without changing content, defaults, DDL or tokens (1069.144841ms)
✔ D1: full/partial supplied string patterns preserve null, omission, metadata defaults and legacy other-field writes (25717.748207ms)
✔ D1: pattern sources use JavaScript search semantics without trimming, implicit anchors or flags (404.403744ms)
✔ D1: invalid schema requests write nothing; malformed legacy regex eagerly throws while read/projection/trash remain available (1880.442191ms)
✔ preview fields preserve descriptor metadata and own entry order while mapping scalar kinds (1.455302ms)
✔ preview fields preserve supplied defaults, null validation and future metadata without mutating inputs (0.327467ms)
✔ ordinary node equal public URLs still acquire and release Source lease without redirect writes (36.134433ms)
✔ ordinary node equal public URLs preserve Source occupied lease refusal (654.009419ms)
✔ ordinary raw equal public URLs still acquire and release Source lease without redirect writes (1430.449877ms)
✔ ordinary raw equal public URLs preserve Source occupied lease refusal (2207.848902ms)
✔ ordinary scoped equal public URLs still acquire and release Source lease without redirect writes (1352.19988ms)
✔ ordinary scoped equal public URLs preserve Source occupied lease refusal (2280.275145ms)
✔ ordinary node held redirect lease preserves Source busy error and full rollback (353.425065ms)
✔ ordinary node changed lease generation rolls shadow removal and content back (18.687668ms)
✔ ordinary node partial redirect schema refuses the content save before writing (15.458544ms)
✔ ordinary node stale content CAS does not write a redirect or change the externally updated version (16.005236ms)
✔ ordinary node existing redirect timestamp follows Source JS Date for Tue, 01 Jan 2030 00:00:00 GMT (23.653742ms)
✔ ordinary node existing redirect timestamp follows Source JS Date for 2030-01-01T00:00:00.1235Z (19.999589ms)
✔ ordinary node existing redirect timestamp follows Source JS Date for not-a-date (17.267023ms)
✔ ordinary raw held redirect lease preserves Source busy error and full rollback (2120.026013ms)
✔ ordinary raw changed lease generation rolls shadow removal and content back (1312.545555ms)
✔ ordinary raw partial redirect schema refuses the content save before writing (1326.442463ms)
✔ ordinary raw stale content CAS does not write a redirect or change the externally updated version (1309.334509ms)
✔ ordinary raw existing redirect timestamp follows Source JS Date for Tue, 01 Jan 2030 00:00:00 GMT (1352.263707ms)
✔ ordinary raw existing redirect timestamp follows Source JS Date for 2030-01-01T00:00:00.1235Z (1285.043988ms)
✔ ordinary raw existing redirect timestamp follows Source JS Date for not-a-date (1306.036417ms)
✔ ordinary scoped held redirect lease preserves Source busy error and full rollback (1849.259249ms)
✔ ordinary scoped changed lease generation rolls shadow removal and content back (1256.817447ms)
✔ ordinary scoped partial redirect schema refuses the content save before writing (1145.571739ms)
✔ ordinary scoped stale content CAS does not write a redirect or change the externally updated version (1183.922096ms)
✔ ordinary scoped existing redirect timestamp follows Source JS Date for Tue, 01 Jan 2030 00:00:00 GMT (1343.246506ms)
✔ ordinary scoped existing redirect timestamp follows Source JS Date for 2030-01-01T00:00:00.1235Z (1333.275465ms)
✔ ordinary scoped existing redirect timestamp follows Source JS Date for not-a-date (1379.632591ms)
✔ actual raw D1 content save commits redirects and collapses/reverts its chain (1777.639483ms)
✔ actual raw D1 redirect failure rolls content back in the same physical batch (1424.109413ms)
✔ actual raw D1 occupied redirect lease refuses the whole content save (1901.909305ms)
✔ actual scoped D1 content save commits redirects and collapses/reverts its chain (1797.642393ms)
✔ actual scoped D1 redirect failure rolls content back in the same physical batch (1259.581866ms)
✔ actual scoped D1 occupied redirect lease refuses the whole content save (1953.578944ms)
✔ actual content service slug save persists and publishes its automatic redirect (53.686916ms)
✔ actual successive content saves collapse chains and a reverted slug stays reachable (34.263381ms)
✔ redirect write failure rolls the actual content save back (22.224463ms)
✔ a surviving locale holder keeps the old public path available (27.589053ms)
✔ staging a draft revision leaves live slug and redirects untouched (23.235502ms)
✔ content updates on current canonical storage preserve zero-redirect-table behavior (9.020253ms)
✔ ordinary occupied lease precedes invalid stored timestamp as in Source repository (698.232426ms)
✔ ordinary selected-row snapshot change rolls back then prepares the real replacement state (21.433994ms)
✔ ordinary changing selected-row snapshot exhausts exactly five complete attempts with native conflict (27.603966ms)
✔ ordinary legacy null redirect timestamp follows Source JS acceptance with an exact null snapshot (24.538529ms)
✔ ordinary interrupted Source guard migration preserves nullable raw configuration revision (21.848718ms)
✔ native deferred task host handoff cannot synchronously reject its caller (99.365177ms)
✔ public redirect caches keep independent databases separate (46.990104ms)
✔ published writes invalidate the cache through a real database wrapper (16.021503ms)
✔ ordinary node publishing an already-live changed staged slug commits and publishes its redirect (56.794705ms)
✔ ordinary node redirect write refusal rolls back publication and retains the actual draft (22.246225ms)
✔ ordinary node reconciled post-commit transport failure still publishes the actual redirect (25.662929ms)
✔ ordinary node unconfirmed pre-commit transport failure cannot publish content or artifacts (23.523776ms)
✔ ordinary node first publish promotes its draft without creating or publishing a redirect (20.187075ms)
✔ ordinary raw publishing an already-live changed staged slug commits and publishes its redirect (1707.996293ms)
✔ ordinary raw redirect write refusal rolls back publication and retains the actual draft (1680.938233ms)
✔ ordinary raw reconciled post-commit transport failure still publishes the actual redirect (1624.492061ms)
✔ ordinary raw unconfirmed pre-commit transport failure cannot publish content or artifacts (1570.193921ms)
✔ ordinary raw first publish promotes its draft without creating or publishing a redirect (1198.99632ms)
✔ ordinary scoped publishing an already-live changed staged slug commits and publishes its redirect (1644.01982ms)
✔ ordinary scoped redirect write refusal rolls back publication and retains the actual draft (1631.061608ms)
✔ ordinary scoped reconciled post-commit transport failure still publishes the actual redirect (1632.55474ms)
✔ ordinary scoped unconfirmed pre-commit transport failure cannot publish content or artifacts (1576.555086ms)
✔ ordinary scoped first publish promotes its draft without creating or publishing a redirect (1396.877013ms)
✔ actual trusted redirect HTTP transport creates, lists, edits and deletes through Source handlers (52.902726ms)
✔ actual redirect HTTP parsing preserves Source JSON, path and pagination diagnostics (11.296175ms)
✔ actual redirect HTTP 404 summary, pruning and clearing mutate real stored paths (11.282434ms)
✔ actual historical5 redirect HTTP storage returns 503 without creating redirect tables (3.268421ms)
✔ actual raw D1 trusted redirect HTTP CRUD and 404 transport reaches persisted rows (1406.455784ms)
✔ actual scoped D1 trusted redirect HTTP CRUD and 404 transport reaches persisted rows (1425.162463ms)
✔ anonymous scoped D1 redirects retain deferred hits and deduplicated misses (1719.528451ms)
✔ real D1 publishes large sharded rules and preserves pattern order (2541.900574ms)
✔ real D1 repairs and serves a published redirect generation (893.836312ms)
✔ public exact redirect precedes the page resolver (105.025364ms)
✔ public pattern redirects preserve captured paths (31.050291ms)
✔ terminal rules return Gone without a Location header (40.725754ms)
✔ public misses create a persisted deduplicated 404 log without changing the response (34.548547ms)
▶ development HTTP remote boundaries fail closed
  ✔ the route handles unavailable content and owns a disabled collection-qualified form (1265.653634ms)
  ✔ valid anonymous schema/content reads return 401 envelopes (73.164277ms)
  ✔ valid anonymous mutations deny access and client claims are rejected (52.746683ms)
Remote function schema validation failed: [
  {
    kind: 'schema',
    type: 'string',
    input: 1,
    expected: 'string',
    received: '1',
    message: 'Invalid type: Expected string but received 1',
    requirement: undefined,
    path: [ [Object] ],
    issues: undefined,
    lang: undefined,
    abortEarly: undefined,
    abortPipeEarly: undefined
  }
]
Remote function schema validation failed: [
  {
    kind: 'validation',
    type: 'min_length',
    input: '',
    expected: '>=1',
    received: '0',
    message: 'Invalid length: Expected >=1 but received 0',
    requirement: 1,
    path: [ [Object] ],
    issues: undefined,
    lang: undefined,
    abortEarly: undefined,
    abortPipeEarly: undefined
  }
]
Remote function schema validation failed: [
  {
    kind: 'validation',
    type: 'max_length',
    input: 'xxxxxxxxxxxxxxxxxxxxxxxxxxxxxxxxxxxxxxxxxxxxxxxxxxxxxxxxxxxxxxxxxxxxxxxxxxxxxxxxxxxxxxxxxxxxxxxxxxxxxxxxxxxxxxxxxxxxxxxxxxxxxxxxx',
    expected: '<=128',
    received: '129',
    message: 'Invalid length: Expected <=128 but received 129',
    requirement: 128,
    path: [ [Object] ],
    issues: undefined,
    lang: undefined,
    abortEarly: undefined,
    abortPipeEarly: undefined
  }
]
  ✔ query schemas reject invalid collection-qualified arguments before authorization (26.178755ms)
  ✔ decoded form validation identifies the rejected collection, data or revision field (71.210671ms)
✔ development HTTP remote boundaries fail closed (3879.437129ms)
✔ Node: required/optional string/text defaults and cleared bounds preserve exact submitted/omitted validation (3491.207748ms)
✔ Node: legacy required empty/null values remain readable and untouched by omitted patches, trash, restore and reopen (147.011658ms)
✔ D1: required/optional string/text defaults and cleared bounds preserve exact submitted/omitted validation (38397.665095ms)
✔ D1: legacy required empty/null values remain readable and untouched by omitted patches, trash, restore and reopen (1381.903996ms)
✔ Node: global maintenance consumes the oldest ten snapshots across collections (84.615303ms)
✔ Node: an actual prune SQL failure leaves that entry queued and continues the batch (118.783385ms)
✔ Node: a later queue write survives global snapshot acknowledgement (63.122986ms)
✔ Node: an empty global queue never reads or deletes revision history (47.910411ms)
✔ Node: global pruning keeps older protected live and draft pointers (81.420956ms)
✔ D1: global maintenance consumes the oldest ten snapshots across collections (1331.428923ms)
✔ D1: an actual prune SQL failure leaves that entry queued and continues the batch (2419.805583ms)
✔ D1: a later queue write survives global snapshot acknowledgement (885.665628ms)
✔ D1: an empty global queue never reads or deletes revision history (168.708978ms)
✔ D1: global pruning keeps older protected live and draft pointers (1079.401734ms)
✔ Node: the trusted maintenance entry opens real persistent storage and can run again after restart (164.884366ms)
✔ D1: the trusted maintenance entry uses the actual Worker D1 binding and persists across runtime reopen (1383.085369ms)
✔ Worker: a trusted scheduled handler must expose actual revision maintenance without a public route (0.352389ms)
✔ RV1: whole Source callbacks and namespace-only coordinator retain their recorded hashes (320.622715ms)
▶ RV1 reference Node complete repository pruning callbacks
  ✔ does not delete a revision inserted after the queued prune snapshot (84.988492ms)
  ✔ prunes through the queued revision while preserving referenced live and draft revisions (73.05855ms)
✔ RV1 reference Node complete repository pruning callbacks (159.061896ms)
▶ RV1 reference D1 complete repository pruning callbacks
  ✔ does not delete a revision inserted after the queued prune snapshot (1920.549682ms)
  ✔ prunes through the queued revision while preserving referenced live and draft revisions (981.373876ms)
✔ RV1 reference D1 complete repository pruning callbacks (2902.316548ms)
▶ RV1 product Node complete repository pruning callbacks
  ✔ does not delete a revision inserted after the queued prune snapshot (51.122063ms)
  ✔ prunes through the queued revision while preserving referenced live and draft revisions (73.637042ms)
✔ RV1 product Node complete repository pruning callbacks (125.137793ms)
▶ RV1 product D1 complete repository pruning callbacks
  ✔ does not delete a revision inserted after the queued prune snapshot (886.620071ms)
  ✔ prunes through the queued revision while preserving referenced live and draft revisions (877.016534ms)
✔ RV1 product D1 complete repository pruning callbacks (1764.182315ms)
▶ RV1 reference complete cleanup callbacks
  ▶ Revision Pruning
    ✔ prunes old revisions keeping the most recent N (200.123574ms)
    ✔ is a no-op when revision count is at or below keepCount (42.654321ms)
    ✔ prunes eligible history while preserving old live and current draft revisions (51.7334ms)
  ✔ Revision Pruning (295.43344ms)
  ▶ Scheduled cleanup revision projection
    ✔ prunes revision entries queued by revision writes (68.699179ms)
    ✔ processes the oldest queued revision entries first (39.82851ms)
    ✔ does not query the full revision history (23.271003ms)
  ✔ Scheduled cleanup revision projection (132.17697ms)
✔ RV1 reference complete cleanup callbacks (428.174147ms)
▶ RV1 product complete cleanup callbacks
  ▶ Revision Pruning
    ✔ prunes old revisions keeping the most recent N (131.022867ms)
    ✔ is a no-op when revision count is at or below keepCount (29.280755ms)
    ✔ prunes eligible history while preserving old live and current draft revisions (53.544189ms)
  ✔ Revision Pruning (214.23325ms)
  ▶ Scheduled cleanup revision projection
    ✔ prunes revision entries queued by revision writes (65.656691ms)
    ✔ processes the oldest queued revision entries first (34.184537ms)
    ✔ does not query the full revision history (19.463328ms)
  ✔ Scheduled cleanup revision projection (119.518998ms)
✔ RV1 product complete cleanup callbacks (333.93379ms)

 WARN  inlineDynamicImports option is deprecated, please use codeSplitting: false instead.


(!) outDir /tmp/cms-revision-scheduled-kmUOfZ/build is not inside project root and will not be emptied.
Use --emptyOutDir to override.

✔ workerd: a real scheduled event anchors global pruning and keeps persistent D1 state across restart (840.509666ms)
✔ sqlite.test.ts:25 — configured runtime opens a fresh database file in WAL mode (69.37864ms)
✔ configured storage persists content and resolves current trusted roles across runtime restart (69.440341ms)
✔ unconfigured runtime clears foreign locals and creates no trusted presentation or identity (0.540641ms)
✔ concurrent first requests share a migrated adapter while sessions remain request-specific (22.945215ms)
✔ runtime rejects untrusted or malformed origins before opening configured storage (1.668675ms)
✔ runtime host configuration opts into one persistent adapter and trusted public origin (0.594643ms)
✔ configured runtime migrates the persistent database before resolving an anonymous session (23.145265ms)
✔ trusted D1 platform configuration migrates local storage, resolves fresh roles and forwards request waitUntil (1862.167328ms)
✔ runtime close prevents an in-flight configuration from opening a new database afterward (5.611039ms)
✔ all close callers await an already-started migration and its request cannot use the closing adapter (1344.014452ms)
✔ the actual fixture listener obtains its first port without a released reservation (158.941817ms)
✔ independent ordinary fixtures keep distinct directly bound listeners (164.852215ms)
✔ a genuine process restart retains the reported trusted origin and releases its listener (130.802625ms)
✔ Node: 24 paired scalar DDL/metadata/omission/NULL/duplicate cases survive restart (524.900845ms)
✔ Node: opening a legacy table preserves divergent defaults/indexes and stored values (34.340908ms)
✔ Node: authorized future fields retain stale/racing schema CAS and independent DDL rollback (79.466667ms)
✔ Node: metadata defaults and unenforced uniqueness round-trip through content; required empty strings are rejected (28.791411ms)
✔ D1: 24 paired scalar DDL/metadata/omission/NULL/duplicate cases survive restart (8860.819426ms)
✔ D1: opening a legacy table preserves divergent defaults/indexes and stored values (383.258795ms)
✔ D1: authorized future fields retain stale/racing schema CAS and independent DDL rollback (852.047011ms)
✔ D1: metadata defaults and unenforced uniqueness round-trip through content; required empty strings are rejected (269.338185ms)
✔ native form instance keys match the collection and never enter service inputs (3.112122ms)
✔ native supports preserve omission, explicit empty arrays and supported flags (0.501533ms)
✔ decimal strings convert safely while blank optional bounds stay omitted (0.780742ms)
✔ native field validation gives bound/default issue paths that block the handler (0.387602ms)
✔ client claims and content revision tokens remain invalid schema form inputs (0.247312ms)
✔ schema controls need a trusted valid manager, explicit mutation opt-in and storage (1.308043ms)
✔ UI capability denies invalid or unauthorized principals before configuration and storage inspection (0.279019ms)
✔ Node: registry.test.ts:37: should create a collection (6 assertions) (36.932779ms)
✔ Node: registry.test.ts:53: defaults supports when undefined (1 assertions) (21.969177ms)
✔ Node: registry.test.ts:63: preserves explicit empty supports opt-out (1 assertions) (19.858989ms)
✔ Node: registry.test.ts:86: creates the content table (1 assertions) (19.668033ms)
✔ Node: registry.test.ts:113: lists collections sorted by slug (2 assertions) (22.581917ms)
✔ Node: registry.test.ts:351: rejects duplicate collections (1 assertions) (22.696278ms)
✔ Node: registry.test.ts:359: rejects reserved collection slugs (2 assertions) (23.567467ms)
✔ Node: registry.test.ts:369: validates collection slug format (3 assertions) (20.061829ms)
✔ Node: registry.test.ts:439: creates a required string field (5 assertions) (21.899442ms)
✔ Node: registry.test.ts:610: adds the physical content column (1 assertions) (27.876194ms)
✔ Node: registry.test.ts:654: gets a field by slug with validation (2 assertions) (20.835916ms)
✔ D1: registry.test.ts:37: should create a collection (6 assertions) (854.621291ms)
✔ D1: registry.test.ts:53: defaults supports when undefined (1 assertions) (106.350146ms)
✔ D1: registry.test.ts:63: preserves explicit empty supports opt-out (1 assertions) (122.474299ms)
✔ D1: registry.test.ts:86: creates the content table (1 assertions) (97.805494ms)
✔ D1: registry.test.ts:113: lists collections sorted by slug (2 assertions) (126.18977ms)
✔ D1: registry.test.ts:351: rejects duplicate collections (1 assertions) (81.211342ms)
✔ D1: registry.test.ts:359: rejects reserved collection slugs (2 assertions) (62.645715ms)
✔ D1: registry.test.ts:369: validates collection slug format (3 assertions) (90.140276ms)
✔ D1: registry.test.ts:439: creates a required string field (5 assertions) (133.323084ms)
✔ D1: registry.test.ts:610: adds the physical content column (1 assertions) (134.830857ms)
✔ D1: registry.test.ts:654: gets a field by slug with validation (2 assertions) (103.430054ms)
✖ schema service checks permission before touching storage or parsing inputs (1.155303ms)
✔ node: recognizes exactly the complete source-managed group (7.029309ms)
✔ d1: recognizes exactly the complete source-managed group (1.797598ms)
✔ SEC1 uncompressed public-coordinate bytes: x=zero, y=zero (1.579761ms)
✔ SEC1 uncompressed public-coordinate bytes: x=zero, y=one-byte (0.130165ms)
✔ SEC1 uncompressed public-coordinate bytes: x=zero, y=31-byte (0.097847ms)
✔ SEC1 uncompressed public-coordinate bytes: x=zero, y=32-byte (0.079849ms)
✔ SEC1 uncompressed public-coordinate bytes: x=one-byte, y=zero (0.141533ms)
✔ SEC1 uncompressed public-coordinate bytes: x=one-byte, y=one-byte (0.081242ms)
✔ SEC1 uncompressed public-coordinate bytes: x=one-byte, y=31-byte (0.250476ms)
✔ SEC1 uncompressed public-coordinate bytes: x=one-byte, y=32-byte (0.123536ms)
✔ SEC1 uncompressed public-coordinate bytes: x=31-byte, y=zero (0.211637ms)
✔ SEC1 uncompressed public-coordinate bytes: x=31-byte, y=one-byte (0.227141ms)
✔ SEC1 uncompressed public-coordinate bytes: x=31-byte, y=31-byte (0.10688ms)
✔ SEC1 uncompressed public-coordinate bytes: x=31-byte, y=32-byte (0.561903ms)
✔ SEC1 uncompressed public-coordinate bytes: x=32-byte, y=zero (0.071307ms)
✔ SEC1 uncompressed public-coordinate bytes: x=32-byte, y=one-byte (0.043115ms)
✔ SEC1 uncompressed public-coordinate bytes: x=32-byte, y=31-byte (0.203976ms)
✔ SEC1 uncompressed public-coordinate bytes: x=32-byte, y=32-byte (0.063145ms)
✔ SEC1 uncompressed public-coordinate bytes: public NIST P-256 generator (0.067552ms)
✔ Node: final pinned Source021 sections are ready without obsolete category objects (14.570615ms)
✔ D1: final pinned Source021 sections are ready without obsolete category objects (788.308653ms)
✔ content palette insertion carries the pinned default title (1.526631ms)
✔ menu palette insertion carries the pinned default title (0.223245ms)
✔ component palette insertion leaves prop defaults to the renderer until actually edited (0.282043ms)
✔ Node: sections readiness rejects a quoted timestamp literal in place of the Source expression (9.86233ms)
✔ Node: widgets readiness rejects a quoted timestamp literal in place of the Source expression (3.073141ms)
✔ D1: sections readiness rejects a quoted timestamp literal in place of the Source expression (682.517685ms)
✔ D1: widgets readiness rejects a quoted timestamp literal in place of the Source expression (54.542786ms)
✔ Node: sections readiness rejects non-SQLite NBSP that swallows a timestamp default into the column type (2.461213ms)
✔ Node: widgets readiness rejects non-SQLite NBSP that swallows a timestamp default into the column type (1.13288ms)
✔ D1: sections readiness rejects non-SQLite NBSP that swallows a timestamp default into the column type (19.898421ms)
✔ D1: widgets readiness rejects non-SQLite NBSP that swallows a timestamp default into the column type (19.995562ms)
✔ Node: sections readiness rejects when double quotes remain inside a different SQL default literal (6.527296ms)
✔ Node: sections readiness rejects when literal case remains significant (1.671448ms)
✔ Node: sections readiness rejects when literal whitespace remains significant (1.183947ms)
✔ Node: sections readiness rejects when doubled single-quote escaping remains inside the literal (1.011688ms)
✔ Node: sections readiness accepts CREATE keyword case, identifier quoting and outside-literal whitespace (1.698028ms)
✔ D1: sections readiness rejects when double quotes remain inside a different SQL default literal (620.074849ms)
✔ D1: sections readiness rejects when literal case remains significant (41.361199ms)
✔ D1: sections readiness rejects when literal whitespace remains significant (24.825014ms)
✔ D1: sections readiness rejects when doubled single-quote escaping remains inside the literal (19.261425ms)
✔ D1: sections readiness accepts CREATE keyword case, identifier quoting and outside-literal whitespace (17.674834ms)
✔ Node: actual complete Source DDL is ready and absent/partial storage is never silently installed (15.538923ms)
✔ D1: actual complete Source DDL is ready and absent/partial storage is never silently installed (752.371048ms)
✔ native SEO API exists: ../src/lib/seo/meta.ts (4.771801ms)
✔ native SEO API exists: ../src/lib/seo/contributions.ts (2.181764ms)
✔ native SEO API exists: ../src/lib/seo/metadata.ts (2.109206ms)
✔ native SEO API exists: ../src/lib/server/seo/panel.ts (3.245611ms)
✔ native head renders the supplied document title and description safely (167.681435ms)
✔ native head renders the canonical, noindex and Open Graph URL (12.866448ms)
✔ native head keeps page title distinct from the suffixed document title (7.220426ms)
✔ native head renders configured verification and the default social image (5.894936ms)
✔ native head applies supplied contribution precedence before base metadata (5.052553ms)
✔ native head embeds one safe JSON-LD script with the original structured values (5.075367ms)
✖ server bridge derives the supported content and publication permissions from a current role (1.974002ms)
✔ request-scoped cookie resolution observes role changes, revocation and expiry, with writes disabled by default (69.234734ms)
✔ unconfigured handle clears stale locals and does not open or migrate storage (0.362023ms)
✔ clean migration registers empty auth tables and version two, and is idempotent (74.47713ms)
✔ version-one upgrade preserves definitions/drafts across migration and restart (75.613307ms)
✔ incomplete, untracked and future migration states reject without repair (139.598641ms)
✔ failed auth DDL or marker commits roll back the entire clean/upgrade batch (87.252618ms)
✔ two independent clean and upgrade callers reach a fully migrated database (91.307848ms)
✔ startup accepts a complete concurrent upgrade between its preflight reads (48.752081ms)
✔ Node: empty trash counts zero; adapted upstream locale count values are 1 scoped/3 all (51.557441ms)
✔ Node: counts exceed page caps, change after trash/restore and persist across reopen (242.459822ms)
✔ Node: count predicate retains the draft-only bound on synthetic mixed statuses (26.756494ms)
✔ Node: count input is scoped and strict, and reads require both existing permissions (45.805629ms)
✔ D1: empty trash counts zero; adapted upstream locale count values are 1 scoped/3 all (673.984597ms)
✔ D1: counts exceed page caps, change after trash/restore and persist across reopen (3827.069635ms)
✔ D1: count predicate retains the draft-only bound on synthetic mixed statuses (183.89558ms)
✔ D1: count input is scoped and strict, and reads require both existing permissions (215.192388ms)
✔ 913cb1bb9b7f08c3ff0d258b4420e53835b6a58e:packages/core/tests/unit/database/repositories/cursor.test.ts:10 — round-trips a valid cursor (1.558499ms)
✔ 913cb1bb9b7f08c3ff0d258b4420e53835b6a58e:packages/core/tests/unit/database/repositories/cursor.test.ts:16 — throws InvalidCursorError on empty string (0.428062ms)
✔ 913cb1bb9b7f08c3ff0d258b4420e53835b6a58e:packages/core/tests/unit/database/repositories/cursor.test.ts:20 — throws InvalidCursorError on non-base64 input (0.17963ms)
✔ 913cb1bb9b7f08c3ff0d258b4420e53835b6a58e:packages/core/tests/unit/database/repositories/cursor.test.ts:24 — throws InvalidCursorError on base64 of malformed JSON (0.183265ms)
✔ 913cb1bb9b7f08c3ff0d258b4420e53835b6a58e:packages/core/tests/unit/database/repositories/cursor.test.ts:29 — throws InvalidCursorError on base64 JSON missing required fields (0.147481ms)
✔ 913cb1bb9b7f08c3ff0d258b4420e53835b6a58e:packages/core/tests/unit/database/repositories/cursor.test.ts:34 — throws InvalidCursorError when id is not a string (0.15292ms)
✔ 913cb1bb9b7f08c3ff0d258b4420e53835b6a58e:packages/core/tests/unit/database/repositories/cursor.test.ts:39 — rejects oversized cursors before attempting to decode (DoS guard) (0.109244ms)
✔ 913cb1bb9b7f08c3ff0d258b4420e53835b6a58e:packages/core/tests/unit/database/repositories/cursor.test.ts:49 — error message truncates very long cursors (0.355784ms)
✔ supplemental: UTF-8 standard-base64 round trip retains Unicode values (0.350246ms)
✔ supplemental: empty fields, arbitrary timestamp/ID and extra context remain accepted (1.309705ms)
✔ supplemental: decoder bound accepts 4096 characters and rejects 4100 (0.75939ms)
✔ supplemental: non-object JSON and non-string orderValue remain invalid (0.320561ms)
✔ supplemental: message truncation retains the exact first 47 characters (0.183496ms)
✔ Node: navigation reads actual persisted descriptors and refreshed metadata (42.747044ms)
✔ D1: navigation reads actual persisted descriptors and refreshed metadata (931.388676ms)
✔ anonymous and denied navigation avoids all storage inspection (0.679109ms)
✔ authenticated unconfigured navigation preserves the principal and explicit storage availability (0.332368ms)
✔ non-GET page rendering preserves principal display state without inspecting storage (2.668583ms)
✔ shell provides a keyboard skip link to its actual main landmark (127.847562ms)
✔ shell renders persisted collection descriptors while omitting hidden collections (1.043686ms)
✔ authenticated principals without schema permission have no administration link (0.704056ms)
✔ grouped collection navigation is a real accessible disclosure (0.820631ms)
✔ collection navigation resolves the application base and actual active descendant path (0.807842ms)
✔ shell has an accessible navigation toggle and controlled sidebar landmark (0.616144ms)
✔ unavailable feature families are not advertised as working destinations (0.566269ms)
✔ Node editor saves an actual scalar draft, publishes separately and recovers trash after restart (98.942832ms)
✔ D1 editor saves an actual scalar draft, publishes separately and recovers trash after restart (906.456441ms)
✔ an accepted in-flight snapshot advances only its own baseline and preserves later keystrokes (0.607622ms)
✔ a background refresh preserves a dirty writer copy and its stale comparison token (0.194021ms)
✔ a conflict keeps the writer copy and stops autosave until an explicit save-anyway choice (0.74654ms)
✔ terminal validation rejection stays dirty and is not autosaved again until content changes (0.636715ms)
✔ pending submissions and read-only permissions cannot call a mutation twice (0.288984ms)
ℹ tests 1492
ℹ suites 44
ℹ pass 1470
ℹ fail 22
ℹ cancelled 0
ℹ skipped 0
ℹ todo 0
ℹ duration_ms 391625.794537

✖ failing tests:

test at tests/canonical-installation-values.test.ts:102:3
✖ Node SQLite: normal v5 upgrade preserves every field and exact operator SQL (8.033403ms)
  Error: no such column: c.search_config
      at NodeSqliteCompatDatabase.prepare (file:///workspace/cms-full-search-query-api/src/lib/server/database/node-sqlite-compat.ts:82:36)
      at SqliteConnection.executeQuery (file:///workspace/cms-full-search-query-api/node_modules/.pnpm/kysely@0.29.2/node_modules/kysely/dist/dialect/sqlite/sqlite-driver.js:58:31)
      at file:///workspace/cms-full-search-query-api/node_modules/.pnpm/kysely@0.29.2/node_modules/kysely/dist/query-executor/query-executor-base.js:39:41
      at DefaultConnectionProvider.provideConnection (file:///workspace/cms-full-search-query-api/node_modules/.pnpm/kysely@0.29.2/node_modules/kysely/dist/driver/default-connection-provider.js:10:26)
      at async DefaultQueryExecutor.executeQuery (file:///workspace/cms-full-search-query-api/node_modules/.pnpm/kysely@0.29.2/node_modules/kysely/dist/query-executor/query-executor-base.js:38:28)
      at async FTSManager.schemaMutationPlan (file:///workspace/cms-full-search-query-api/src/lib/server/content-picker/fts-manager.ts:138:18)
      at async SchemaRegistry.createField (file:///workspace/cms-full-search-query-api/src/lib/server/database/registry.ts:270:43)
      at async TestContext.<anonymous> (file:///workspace/cms-full-search-query-api/tests/canonical-installation-values.test.ts:106:7)
      at async Test.run (node:internal/test_runner/test:1389:7)
      at async Test.processPendingSubtests (node:internal/test_runner/test:960:7) {
    code: 'ERR_SQLITE_ERROR',
    errcode: 1,
    errstr: 'SQL logic error'
  }

test at tests/canonical-installation-values.test.ts:132:3
✖ Node SQLite: failed normal metadata upgrade rolls back all providers and preserves v5 values (8.039001ms)
  Error: no such column: c.search_config
      at NodeSqliteCompatDatabase.prepare (file:///workspace/cms-full-search-query-api/src/lib/server/database/node-sqlite-compat.ts:82:36)
      at SqliteConnection.executeQuery (file:///workspace/cms-full-search-query-api/node_modules/.pnpm/kysely@0.29.2/node_modules/kysely/dist/dialect/sqlite/sqlite-driver.js:58:31)
      at file:///workspace/cms-full-search-query-api/node_modules/.pnpm/kysely@0.29.2/node_modules/kysely/dist/query-executor/query-executor-base.js:39:41
      at DefaultConnectionProvider.provideConnection (file:///workspace/cms-full-search-query-api/node_modules/.pnpm/kysely@0.29.2/node_modules/kysely/dist/driver/default-connection-provider.js:10:26)
      at async DefaultQueryExecutor.executeQuery (file:///workspace/cms-full-search-query-api/node_modules/.pnpm/kysely@0.29.2/node_modules/kysely/dist/query-executor/query-executor-base.js:38:28)
      at async FTSManager.schemaMutationPlan (file:///workspace/cms-full-search-query-api/src/lib/server/content-picker/fts-manager.ts:138:18)
      at async SchemaRegistry.createField (file:///workspace/cms-full-search-query-api/src/lib/server/database/registry.ts:270:43)
      at async TestContext.<anonymous> (file:///workspace/cms-full-search-query-api/tests/canonical-installation-values.test.ts:136:7)
      at async Test.run (node:internal/test_runner/test:1389:7)
      at async Test.processPendingSubtests (node:internal/test_runner/test:960:7) {
    code: 'ERR_SQLITE_ERROR',
    errcode: 1,
    errstr: 'SQL logic error'
  }

test at tests/canonical-installation-values.test.ts:160:3
✖ Node SQLite: external metadata foreign keys refuse the normal upgrade before writes (6.433816ms)
  Error: no such column: c.search_config
      at NodeSqliteCompatDatabase.prepare (file:///workspace/cms-full-search-query-api/src/lib/server/database/node-sqlite-compat.ts:82:36)
      at SqliteConnection.executeQuery (file:///workspace/cms-full-search-query-api/node_modules/.pnpm/kysely@0.29.2/node_modules/kysely/dist/dialect/sqlite/sqlite-driver.js:58:31)
      at file:///workspace/cms-full-search-query-api/node_modules/.pnpm/kysely@0.29.2/node_modules/kysely/dist/query-executor/query-executor-base.js:39:41
      at DefaultConnectionProvider.provideConnection (file:///workspace/cms-full-search-query-api/node_modules/.pnpm/kysely@0.29.2/node_modules/kysely/dist/driver/default-connection-provider.js:10:26)
      at async DefaultQueryExecutor.executeQuery (file:///workspace/cms-full-search-query-api/node_modules/.pnpm/kysely@0.29.2/node_modules/kysely/dist/query-executor/query-executor-base.js:38:28)
      at async FTSManager.schemaMutationPlan (file:///workspace/cms-full-search-query-api/src/lib/server/content-picker/fts-manager.ts:138:18)
      at async SchemaRegistry.createField (file:///workspace/cms-full-search-query-api/src/lib/server/database/registry.ts:270:43)
      at async TestContext.<anonymous> (file:///workspace/cms-full-search-query-api/tests/canonical-installation-values.test.ts:164:21)
      at async Test.run (node:internal/test_runner/test:1389:7)
      at async Test.processPendingSubtests (node:internal/test_runner/test:960:7) {
    code: 'ERR_SQLITE_ERROR',
    errcode: 1,
    errstr: 'SQL logic error'
  }

test at tests/canonical-installation-values.test.ts:102:3
✖ raw D1: normal v5 upgrade preserves every field and exact operator SQL (502.787805ms)
  Error: D1_ERROR: no such column: c.search_config at offset 36: SQLITE_ERROR
      at process.processTicksAndRejections (node:internal/process/task_queues:104:5)
      at async D1Connection.executeQuery (file:///workspace/cms-full-search-query-api/src/lib/server/database/d1.ts:53:29)
      at async file:///workspace/cms-full-search-query-api/node_modules/.pnpm/kysely@0.29.2/node_modules/kysely/dist/query-executor/query-executor-base.js:39:24
      at async DefaultConnectionProvider.provideConnection (file:///workspace/cms-full-search-query-api/node_modules/.pnpm/kysely@0.29.2/node_modules/kysely/dist/driver/default-connection-provider.js:10:20)
      at async DefaultQueryExecutor.executeQuery (file:///workspace/cms-full-search-query-api/node_modules/.pnpm/kysely@0.29.2/node_modules/kysely/dist/query-executor/query-executor-base.js:38:28)
      at async FTSManager.schemaMutationPlan (file:///workspace/cms-full-search-query-api/src/lib/server/content-picker/fts-manager.ts:138:18)
      at async SchemaRegistry.createField (file:///workspace/cms-full-search-query-api/src/lib/server/database/registry.ts:270:43)
      at async TestContext.<anonymous> (file:///workspace/cms-full-search-query-api/tests/canonical-installation-values.test.ts:106:7)
      at async Test.run (node:internal/test_runner/test:1389:7)
      at async Test.processPendingSubtests (node:internal/test_runner/test:960:7) {
    [cause]: Error: no such column: c.search_config at offset 36: SQLITE_ERROR
        at D1DatabaseSessionAlwaysPrimary._sendOrThrow (cloudflare-internal:d1-api:140:24)
        at async cloudflare-internal:d1-api:366:41 {
      [cause]: undefined
    }
  }

test at tests/canonical-installation-values.test.ts:132:3
✖ raw D1: failed normal metadata upgrade rolls back all providers and preserves v5 values (506.504792ms)
  Error: D1_ERROR: no such column: c.search_config at offset 36: SQLITE_ERROR
      at process.processTicksAndRejections (node:internal/process/task_queues:104:5)
      at async D1Connection.executeQuery (file:///workspace/cms-full-search-query-api/src/lib/server/database/d1.ts:53:29)
      at async file:///workspace/cms-full-search-query-api/node_modules/.pnpm/kysely@0.29.2/node_modules/kysely/dist/query-executor/query-executor-base.js:39:24
      at async DefaultConnectionProvider.provideConnection (file:///workspace/cms-full-search-query-api/node_modules/.pnpm/kysely@0.29.2/node_modules/kysely/dist/driver/default-connection-provider.js:10:20)
      at async DefaultQueryExecutor.executeQuery (file:///workspace/cms-full-search-query-api/node_modules/.pnpm/kysely@0.29.2/node_modules/kysely/dist/query-executor/query-executor-base.js:38:28)
      at async FTSManager.schemaMutationPlan (file:///workspace/cms-full-search-query-api/src/lib/server/content-picker/fts-manager.ts:138:18)
      at async SchemaRegistry.createField (file:///workspace/cms-full-search-query-api/src/lib/server/database/registry.ts:270:43)
      at async TestContext.<anonymous> (file:///workspace/cms-full-search-query-api/tests/canonical-installation-values.test.ts:136:7)
      at async Test.run (node:internal/test_runner/test:1389:7)
      at async Test.processPendingSubtests (node:internal/test_runner/test:960:7) {
    [cause]: Error: no such column: c.search_config at offset 36: SQLITE_ERROR
        at D1DatabaseSessionAlwaysPrimary._sendOrThrow (cloudflare-internal:d1-api:140:24)
        at async cloudflare-internal:d1-api:366:41 {
      [cause]: undefined
    }
  }

test at tests/canonical-installation-values.test.ts:160:3
✖ raw D1: external metadata foreign keys refuse the normal upgrade before writes (519.355442ms)
  Error: D1_ERROR: no such column: c.search_config at offset 36: SQLITE_ERROR
      at process.processTicksAndRejections (node:internal/process/task_queues:104:5)
      at async D1Connection.executeQuery (file:///workspace/cms-full-search-query-api/src/lib/server/database/d1.ts:53:29)
      at async file:///workspace/cms-full-search-query-api/node_modules/.pnpm/kysely@0.29.2/node_modules/kysely/dist/query-executor/query-executor-base.js:39:24
      at async DefaultConnectionProvider.provideConnection (file:///workspace/cms-full-search-query-api/node_modules/.pnpm/kysely@0.29.2/node_modules/kysely/dist/driver/default-connection-provider.js:10:20)
      at async DefaultQueryExecutor.executeQuery (file:///workspace/cms-full-search-query-api/node_modules/.pnpm/kysely@0.29.2/node_modules/kysely/dist/query-executor/query-executor-base.js:38:28)
      at async FTSManager.schemaMutationPlan (file:///workspace/cms-full-search-query-api/src/lib/server/content-picker/fts-manager.ts:138:18)
      at async SchemaRegistry.createField (file:///workspace/cms-full-search-query-api/src/lib/server/database/registry.ts:270:43)
      at async TestContext.<anonymous> (file:///workspace/cms-full-search-query-api/tests/canonical-installation-values.test.ts:164:21)
      at async Test.run (node:internal/test_runner/test:1389:7)
      at async Test.processPendingSubtests (node:internal/test_runner/test:960:7) {
    [cause]: Error: no such column: c.search_config at offset 36: SQLITE_ERROR
        at D1DatabaseSessionAlwaysPrimary._sendOrThrow (cloudflare-internal:d1-api:140:24)
        at async cloudflare-internal:d1-api:366:41 {
      [cause]: undefined
    }
  }

test at tests/canonical-installation-values.test.ts:102:3
✖ scoped D1: normal v5 upgrade preserves every field and exact operator SQL (768.79198ms)
  Error: D1_ERROR: no such column: c.search_config at offset 36: SQLITE_ERROR
      at process.processTicksAndRejections (node:internal/process/task_queues:104:5)
      at async file:///workspace/cms-full-search-query-api/src/lib/server/database/coalescing-d1.ts:206:32 {
    [cause]: Error: no such column: c.search_config at offset 36: SQLITE_ERROR
        at D1DatabaseSessionAlwaysPrimary._sendOrThrow (cloudflare-internal:d1-api:140:24)
        at async cloudflare-internal:d1-api:366:41 {
      [cause]: undefined
    }
  }

test at tests/canonical-installation-values.test.ts:132:3
✖ scoped D1: failed normal metadata upgrade rolls back all providers and preserves v5 values (591.488624ms)
  Error: D1_ERROR: no such column: c.search_config at offset 36: SQLITE_ERROR
      at process.processTicksAndRejections (node:internal/process/task_queues:104:5)
      at async file:///workspace/cms-full-search-query-api/src/lib/server/database/coalescing-d1.ts:206:32 {
    [cause]: Error: no such column: c.search_config at offset 36: SQLITE_ERROR
        at D1DatabaseSessionAlwaysPrimary._sendOrThrow (cloudflare-internal:d1-api:140:24)
        at async cloudflare-internal:d1-api:366:41 {
      [cause]: undefined
    }
  }

test at tests/canonical-installation-values.test.ts:160:3
✖ scoped D1: external metadata foreign keys refuse the normal upgrade before writes (727.492666ms)
  Error: D1_ERROR: no such column: c.search_config at offset 36: SQLITE_ERROR
      at process.processTicksAndRejections (node:internal/process/task_queues:104:5)
      at async file:///workspace/cms-full-search-query-api/src/lib/server/database/coalescing-d1.ts:206:32 {
    [cause]: Error: no such column: c.search_config at offset 36: SQLITE_ERROR
        at D1DatabaseSessionAlwaysPrimary._sendOrThrow (cloudflare-internal:d1-api:140:24)
        at async cloudflare-internal:d1-api:366:41 {
      [cause]: undefined
    }
  }

test at tests/collection-update.test.ts:24:1
✖ collection update: permission precedes hostile input and every storage access (1.202239ms)
  Error: storage accessed
      at Object.get (file:///workspace/cms-full-search-query-api/tests/collection-update.test.ts:26:76)
      at new SchemaRegistry (file:///workspace/cms-full-search-query-api/src/lib/server/database/registry.ts:46:63)
      at cmsService (file:///workspace/cms-full-search-query-api/src/lib/server/database/service.ts:36:20)
      at assert.rejects.code.code (file:///workspace/cms-full-search-query-api/tests/collection-update.test.ts:31:32)
      at waitForActual (node:assert:632:21)
      at strict.rejects (node:assert:769:31)
      at TestContext.<anonymous> (file:///workspace/cms-full-search-query-api/tests/collection-update.test.ts:31:18)
      at Test.runInAsyncScope (node:async_hooks:227:14)
      at Test.run (node:internal/test_runner/test:1382:25)
      at Test.start (node:internal/test_runner/test:1242:17)

test at tests/collection-update.test.ts:66:3
✖ Node: strict bounded metadata/preconditions reject before storage and preserve every row (24.937847ms)
  AssertionError [ERR_ASSERTION]: Expected values to be strictly equal:
  
  3 !== 0
  
      at TestContext.<anonymous> (file:///workspace/cms-full-search-query-api/tests/collection-update.test.ts:86:14)
      at async Test.run (node:internal/test_runner/test:1389:7)
      at async Test.processPendingSubtests (node:internal/test_runner/test:960:7) {
    generatedMessage: true,
    code: 'ERR_ASSERTION',
    actual: 3,
    expected: 0,
    operator: 'strictEqual',
    diff: 'simple'
  }

test at tests/collection-update.test.ts:66:3
✖ D1: strict bounded metadata/preconditions reject before storage and preserve every row (222.587325ms)
  AssertionError [ERR_ASSERTION]: Expected values to be strictly equal:
  
  3 !== 0
  
      at TestContext.<anonymous> (file:///workspace/cms-full-search-query-api/tests/collection-update.test.ts:86:14)
      at process.processTicksAndRejections (node:internal/process/task_queues:104:5)
      at async Test.run (node:internal/test_runner/test:1389:7)
      at async Test.processPendingSubtests (node:internal/test_runner/test:960:7) {
    generatedMessage: true,
    code: 'ERR_ASSERTION',
    actual: 3,
    expected: 0,
    operator: 'strictEqual',
    diff: 'simple'
  }

test at tests/content-composition-regressions.test.ts:55:83
✖ generic create denies anonymous before storage initialization (0.440662ms)
  Error: unexpected storage initialization
      at get db (file:///workspace/cms-full-search-query-api/tests/content-composition-regressions.test.ts:57:45)
      at new SchemaRegistry (file:///workspace/cms-full-search-query-api/src/lib/server/database/registry.ts:46:63)
      at cmsService (file:///workspace/cms-full-search-query-api/src/lib/server/database/service.ts:36:20)
      at TestContext.<anonymous> (file:///workspace/cms-full-search-query-api/tests/content-composition-regressions.test.ts:58:16)
      at Test.runInAsyncScope (node:async_hooks:227:14)
      at Test.run (node:internal/test_runner/test:1382:25)
      at Test.processPendingSubtests (node:internal/test_runner/test:960:18)
      at Test.postRun (node:internal/test_runner/test:1522:19)
      at Test.run (node:internal/test_runner/test:1447:12)
      at async Test.processPendingSubtests (node:internal/test_runner/test:960:7)

test at tests/content-composition-regressions.test.ts:55:83
✖ generic create denies reader before storage initialization (0.107011ms)
  Error: unexpected storage initialization
      at get db (file:///workspace/cms-full-search-query-api/tests/content-composition-regressions.test.ts:57:45)
      at new SchemaRegistry (file:///workspace/cms-full-search-query-api/src/lib/server/database/registry.ts:46:63)
      at cmsService (file:///workspace/cms-full-search-query-api/src/lib/server/database/service.ts:36:20)
      at TestContext.<anonymous> (file:///workspace/cms-full-search-query-api/tests/content-composition-regressions.test.ts:58:16)
      at Test.runInAsyncScope (node:async_hooks:227:14)
      at Test.run (node:internal/test_runner/test:1382:25)
      at Test.processPendingSubtests (node:internal/test_runner/test:960:18)
      at Test.postRun (node:internal/test_runner/test:1522:19)
      at Test.run (node:internal/test_runner/test:1447:12)
      at async Test.processPendingSubtests (node:internal/test_runner/test:960:7)

test at tests/draft-trash.test.ts:39:1
✖ draft trash: authorization precedes hostile input and every storage access (1.536373ms)
  Error: storage accessed
      at Object.get (file:///workspace/cms-full-search-query-api/tests/draft-trash.test.ts:41:76)
      at new SchemaRegistry (file:///workspace/cms-full-search-query-api/src/lib/server/database/registry.ts:46:63)
      at cmsService (file:///workspace/cms-full-search-query-api/src/lib/server/database/service.ts:36:20)
      at TestContext.<anonymous> (file:///workspace/cms-full-search-query-api/tests/draft-trash.test.ts:46:21)
      at Test.runInAsyncScope (node:async_hooks:227:14)
      at Test.run (node:internal/test_runner/test:1382:25)
      at Test.start (node:internal/test_runner/test:1242:17)
      at startSubtestAfterBootstrap (node:internal/test_runner/harness:387:17)

test at tests/draft-trash.test.ts:53:1
✖ draft trash: permitted malformed bounded inputs reject before storage (0.371199ms)
  Error: storage accessed
      at Object.get (file:///workspace/cms-full-search-query-api/tests/draft-trash.test.ts:55:76)
      at new SchemaRegistry (file:///workspace/cms-full-search-query-api/src/lib/server/database/registry.ts:46:63)
      at cmsService (file:///workspace/cms-full-search-query-api/src/lib/server/database/service.ts:36:20)
      at TestContext.<anonymous> (file:///workspace/cms-full-search-query-api/tests/draft-trash.test.ts:56:19)
      at Test.runInAsyncScope (node:async_hooks:227:14)
      at Test.run (node:internal/test_runner/test:1382:25)
      at Test.processPendingSubtests (node:internal/test_runner/test:960:18)
      at Test.postRun (node:internal/test_runner/test:1522:19)
      at Test.run (node:internal/test_runner/test:1447:12)
      at async startSubtestAfterBootstrap (node:internal/test_runner/harness:387:3)

test at tests/field-edit.test.ts:31:1
✖ field edit: schema permission precedes hostile input and storage (1.270803ms)
  Error: storage accessed
      at Object.get (file:///workspace/cms-full-search-query-api/tests/field-edit.test.ts:33:76)
      at new SchemaRegistry (file:///workspace/cms-full-search-query-api/src/lib/server/database/registry.ts:46:63)
      at cmsService (file:///workspace/cms-full-search-query-api/src/lib/server/database/service.ts:36:20)
      at assert.rejects.code.code (file:///workspace/cms-full-search-query-api/tests/field-edit.test.ts:38:32)
      at waitForActual (node:assert:632:21)
      at strict.rejects (node:assert:769:31)
      at TestContext.<anonymous> (file:///workspace/cms-full-search-query-api/tests/field-edit.test.ts:38:18)
      at Test.runInAsyncScope (node:async_hooks:227:14)
      at Test.run (node:internal/test_runner/test:1382:25)
      at Test.start (node:internal/test_runner/test:1242:17)

test at tests/field-label.test.ts:35:1
✖ field label: permission precedes hostile input and all storage access (1.580956ms)
  Error: storage accessed
      at Object.get (file:///workspace/cms-full-search-query-api/tests/field-label.test.ts:37:76)
      at new SchemaRegistry (file:///workspace/cms-full-search-query-api/src/lib/server/database/registry.ts:46:63)
      at cmsService (file:///workspace/cms-full-search-query-api/src/lib/server/database/service.ts:36:20)
      at assert.rejects.code.code (file:///workspace/cms-full-search-query-api/tests/field-label.test.ts:43:32)
      at waitForActual (node:assert:632:21)
      at strict.rejects (node:assert:769:31)
      at TestContext.<anonymous> (file:///workspace/cms-full-search-query-api/tests/field-label.test.ts:43:18)
      at Test.runInAsyncScope (node:async_hooks:227:14)
      at Test.run (node:internal/test_runner/test:1382:25)
      at Test.start (node:internal/test_runner/test:1242:17)

test at tests/field-label.test.ts:108:3
✖ Node: strict label-only validation rejects extra properties and invalid targets before storage without writes (34.635187ms)
  AssertionError [ERR_ASSERTION]: Expected values to be strictly equal:
  
  4 !== 0
  
      at TestContext.<anonymous> (file:///workspace/cms-full-search-query-api/tests/field-label.test.ts:135:14)
      at async Test.run (node:internal/test_runner/test:1389:7)
      at async Test.processPendingSubtests (node:internal/test_runner/test:960:7) {
    generatedMessage: true,
    code: 'ERR_ASSERTION',
    actual: 4,
    expected: 0,
    operator: 'strictEqual',
    diff: 'simple'
  }

test at tests/field-label.test.ts:108:3
✖ D1: strict label-only validation rejects extra properties and invalid targets before storage without writes (920.575299ms)
  AssertionError [ERR_ASSERTION]: Expected values to be strictly equal:
  
  4 !== 0
  
      at TestContext.<anonymous> (file:///workspace/cms-full-search-query-api/tests/field-label.test.ts:135:14)
      at process.processTicksAndRejections (node:internal/process/task_queues:104:5)
      at async Test.run (node:internal/test_runner/test:1389:7)
      at async Test.processPendingSubtests (node:internal/test_runner/test:960:7) {
    generatedMessage: true,
    code: 'ERR_ASSERTION',
    actual: 4,
    expected: 0,
    operator: 'strictEqual',
    diff: 'simple'
  }

test at tests/schema-admin.test.ts:8:1
✖ schema service checks permission before touching storage or parsing inputs (1.155303ms)
  Error: storage reached
      at get db (file:///workspace/cms-full-search-query-api/tests/schema-admin.test.ts:10:48)
      at new SchemaRegistry (file:///workspace/cms-full-search-query-api/src/lib/server/database/registry.ts:46:63)
      at cmsService (file:///workspace/cms-full-search-query-api/src/lib/server/database/service.ts:36:20)
      at TestContext.<anonymous> (file:///workspace/cms-full-search-query-api/tests/schema-admin.test.ts:12:21)
      at Test.runInAsyncScope (node:async_hooks:227:14)
      at Test.run (node:internal/test_runner/test:1382:25)
      at Test.start (node:internal/test_runner/test:1242:17)
      at startSubtestAfterBootstrap (node:internal/test_runner/harness:387:17)

test at tests/session-composition.test.ts:12:1
✖ server bridge derives the supported content and publication permissions from a current role (1.974002ms)
  AssertionError [ERR_ASSERTION]: Expected values to be strictly equal:
  
  24 !== 23
  
      at TestContext.<anonymous> (file:///workspace/cms-full-search-query-api/tests/session-composition.test.ts:21:10)
      at Test.runInAsyncScope (node:async_hooks:227:14)
      at Test.run (node:internal/test_runner/test:1382:25)
      at Test.start (node:internal/test_runner/test:1242:17)
      at startSubtestAfterBootstrap (node:internal/test_runner/harness:387:17) {
    generatedMessage: true,
    code: 'ERR_ASSERTION',
    actual: 24,
    expected: 23,
    operator: 'strictEqual',
    diff: 'simple'
  }
[ELIFECYCLE] Test failed. See above for more details.
