
[validate] start: frozen dependency install
? Verifying lockfile against supply-chain policies (534 entries)...
Update available! 12.6.0 → 12.9.1.
Changelog: https://pnpm.io/v/12.9.1
To update, run: curl -fsSL https://get.pnpm.io/install.sh | sh -
✓ Lockfile passes supply-chain policies (534 entries in 4.4s)
Lockfile is up to date, resolution step is skipped
Done in 4.5s using pnpm v12.6.0
[validate] finished: frozen dependency install

[validate] start: type and Svelte checks
$ svelte-kit sync && svelte-check --tsconfig ./tsconfig.json
Loading svelte-check in workspace: /workspace/cms-complete-seo-storage-backend
Getting Svelte diagnostics...

svelte-check found 0 errors and 0 warnings
[validate] finished: type and Svelte checks

[validate] start: service tests
$ node --test tests/*.test.ts
✔ local: cookie flags preserve Astro production defaults and deletion scope (1.789027ms)
✔ local SvelteKit substitution: same-origin session mutations need no custom header (26.749947ms)
✔ local SvelteKit substitution: custom headers never override a missing or foreign origin (3.871475ms)
✔ local: safe methods pass origin guard; bad server origin configuration cannot admit mutations (0.480842ms)
✔ local: invalid runtime role and prototype permission keys fail closed (0.261342ms)
✔ local: missing and insufficient principals throw the exact permission error codes (0.272039ms)
✔ returns the session user when the read resolves [session-user.test.ts:11] (3.93548ms)
✔ returns undefined when there is no session [session-user.test.ts:17] (0.298518ms)
✔ falls back to undefined instead of hanging when the read never settles [session-user.test.ts:23] (20.746776ms)
✔ fails closed to undefined when the read rejects [session-user.test.ts:30] (0.388153ms)
✔ local: resolver catches synchronous throws and anchors pending reads (0.361193ms)
✔ local: SHA-256 hashes decoded token bytes with the upstream encoding (6.390628ms)
✔ local: session resolution returns only a frozen current database identity and role (1.226653ms)
✔ local: no cookie/store and malformed cookies incur zero storage calls (0.641994ms)
✔ local: expiry denies at and beyond the exact boundary without renewal (1.838551ms)
✔ local: missing, disabled and invalid records all deny (3.362801ms)
✔ local: current role changes are observed on every resolution (1.692322ms)
✔ local: revocation invalidates the same credential and is idempotent (0.871159ms)
✔ local: failed revocation propagates, while failed/stalled resolution denies (20.729174ms)
✔ local: a session that expires while its store read is pending cannot authenticate (0.598489ms)
✔ local: public hashing and resolution reject noncanonical trailing bits before storage (0.355123ms)
✔ local: stalled digest remains inside the resolver timeout and request lifetime (20.291577ms)
✔ local Node SQLite: empty auth schema creates no account, credential or default admin (24.769162ms)
✔ local Node SQLite: current role, disabled/deleted users, expiry and revocation across reopen (11.21259ms)
▶ rbac
  ▶ hasPermission
    ✔ returns false for null user [rbac.ts:15] (1.648496ms)
    ✔ returns false for undefined user [rbac.ts:19] (0.123736ms)
    ✔ allows subscriber to read content [rbac.ts:23] (0.131147ms)
    ✔ denies subscriber from creating content [rbac.ts:27] (0.142624ms)
    ✔ allows contributor to create content [rbac.ts:31] (0.10706ms)
    ✔ allows admin to do anything [rbac.ts:35] (0.135734ms)
    ✔ denies editor from managing users [rbac.ts:43] (0.143435ms)
    ✔ allows author to edit own media [rbac.ts:47] (0.125518ms)
    ✔ denies contributor from editing media [rbac.ts:51] (0.152458ms)
    ✔ allows editor to edit any media [rbac.ts:55] (0.203536ms)
    ✔ denies author from editing any media [rbac.ts:59] (0.121743ms)
    ✔ denies subscriber from reading drafts [rbac.ts:65] (0.071397ms)
    ✔ allows contributor to read drafts [rbac.ts:69] (0.083826ms)
    ✔ allows editor to read drafts [rbac.ts:73] (0.064426ms)
  ✔ hasPermission (4.297865ms)
  ▶ requirePermission
    ✔ throws for null user [rbac.ts:79] (0.468353ms)
    ✔ throws unauthorized for missing user [rbac.ts:83] (0.14662ms)
    ✔ throws forbidden for insufficient permissions [rbac.ts:92] (0.097807ms)
    ✔ does not throw for sufficient permissions [rbac.ts:101] (0.123335ms)
  ✔ requirePermission (1.054203ms)
  ▶ canActOnOwn
    ✔ allows action on own resource with own permission [rbac.ts:109] (0.167331ms)
    ✔ denies action on others resource without any permission [rbac.ts:113] (0.056715ms)
    ✔ allows editor to edit any resource [rbac.ts:117] (0.057377ms)
    ✔ allows author to edit own media [rbac.ts:122] (0.050005ms)
    ✔ denies author from editing others media [rbac.ts:126] (0.043956ms)
    ✔ denies contributor from editing any media (including own) [rbac.ts:130] (0.051557ms)
    ✔ allows editor to edit any media [rbac.ts:135] (0.081923ms)
    ✔ F17: empty-string ownerId is not treated as 'owned by user with id '' [rbac.ts:140] (0.085378ms)
  ✔ canActOnOwn (0.769636ms)
  ▶ requirePermissionOnResource
    ✔ allows author to edit own content [rbac.ts:169] (0.110466ms)
    ✔ throws for author editing others content [rbac.ts:176] (0.08695ms)
  ✔ requirePermissionOnResource (0.303445ms)
✔ rbac (6.905211ms)
✔ local workerd: portable auth core runs without nodejs_compat or a persistence adapter (262.308961ms)
(node:2589965) ExperimentalWarning: stripTypeScriptTypes is an experimental feature and might change at any time
(Use `node --trace-warnings ...` to show where the warning was created)
✔ raw D1: structured insert uses only its actual atomic capability (2814.36835ms)
✔ raw D1: structured update uses only its actual atomic capability (2645.692771ms)
✔ raw D1: structured delete uses only its actual atomic capability (2887.45597ms)
✔ raw D1: whole Source delete uses only its actual atomic capability (3285.566837ms)
✔ raw D1: whole Source reorder uses only its actual atomic capability (3285.607338ms)
✔ raw D1: whole Source pivot replacement uses only its actual atomic capability (2690.674789ms)
✔ raw D1: whole Source structure save uses only its actual atomic capability (3316.905483ms)
✔ raw D1: ordinary option storage and whole taxonomy reads remain available (2867.385631ms)
✔ scoped D1: structured insert uses only its actual atomic capability (5044.069297ms)
✔ scoped D1: structured update uses only its actual atomic capability (3982.627319ms)
✔ scoped D1: structured delete uses only its actual atomic capability (5405.889755ms)
✔ scoped D1: whole Source delete uses only its actual atomic capability (4458.761878ms)
✔ scoped D1: whole Source reorder uses only its actual atomic capability (5112.362179ms)
✔ scoped D1: whole Source pivot replacement uses only its actual atomic capability (4403.95368ms)
✔ scoped D1: whole Source structure save uses only its actual atomic capability (3621.1415ms)
✔ scoped D1: ordinary option storage and whole taxonomy reads remain available (2551.965708ms)
✔ Node: genuine v5 upgrade and persisted v17 reopen preserve content and operator objects (141.438882ms)
✔ Node: a future Source-named trigger collision is refused before any startup write (27.351602ms)
✔ Node: a real late-batch SQLite failure rolls back the complete v0→17 installation (38.87392ms)
✔ Node: a real late-batch SQLite failure rolls back the complete v4→17 installation (45.758205ms)
✔ raw D1: genuine v5 upgrade and persisted v17 reopen preserve content and operator objects (2713.68938ms)
✔ raw D1: a future Source-named trigger collision is refused before any startup write (1043.303563ms)
✔ raw D1: a real late-batch SQLite failure rolls back the complete v0→17 installation (2432.292271ms)
✔ raw D1: a real late-batch SQLite failure rolls back the complete v4→17 installation (3233.220143ms)
✔ scoped D1: genuine v5 upgrade and persisted v17 reopen preserve content and operator objects (3177.912474ms)
✔ scoped D1: a future Source-named trigger collision is refused before any startup write (1297.187332ms)
✔ scoped D1: a real late-batch SQLite failure rolls back the complete v0→17 installation (3060.295593ms)
✔ scoped D1: a real late-batch SQLite failure rolls back the complete v4→17 installation (3130.680044ms)
✔ Node: actual existing and newly created content tables receive Source031 byline indexes (122.90966ms)
✔ Node: a converted legacy reference remains usable after actual persisted reopen and startup (84.690287ms)
✔ raw D1: actual existing and newly created content tables receive Source031 byline indexes (2248.608145ms)
✔ raw D1: a converted legacy reference remains usable after actual persisted reopen and startup (2994.546515ms)
✔ scoped D1: actual existing and newly created content tables receive Source031 byline indexes (2978.977988ms)
✔ scoped D1: a converted legacy reference remains usable after actual persisted reopen and startup (3241.07794ms)
✔ Node: actual redirect host persists its Source loop cache in canonical options (54.066523ms)
✔ Node: actual menu loader resolves a real canonical taxonomy term (17.448219ms)
✔ raw D1: actual redirect host persists its Source loop cache in canonical options (1340.789608ms)
✔ raw D1: actual menu loader resolves a real canonical taxonomy term (1360.14853ms)
✔ scoped D1: actual redirect host persists its Source loop cache in canonical options (1124.198053ms)
✔ scoped D1: actual menu loader resolves a real canonical taxonomy term (1234.190591ms)
✔ Node: complete declared startup census fits D1's100-bind budget and preserves real namespace values (19.862861ms)
✔ raw D1: complete declared startup census fits D1's100-bind budget and preserves real namespace values (457.189576ms)
✔ scoped D1: complete declared startup census fits D1's100-bind budget and preserves real namespace values (326.757121ms)
✔ Node: ordinary startup satisfies actual Menu storage readiness (101.668264ms)
✔ Node: ordinary startup satisfies actual sections storage readiness (30.610984ms)
✔ Node: ordinary startup satisfies actual widgets storage readiness (63.688142ms)
✔ Node: ordinary startup satisfies actual Comments and runtime-dependency readiness (37.707242ms)
✔ Node: ordinary startup satisfies actual Redirect publication storage readiness (44.996499ms)
✔ raw D1: ordinary startup satisfies actual Menu storage readiness (3090.876022ms)
✔ raw D1: ordinary startup satisfies actual sections storage readiness (2091.402605ms)
✔ raw D1: ordinary startup satisfies actual widgets storage readiness (1814.142402ms)
✔ raw D1: ordinary startup satisfies actual Comments and runtime-dependency readiness (2339.862314ms)
✔ raw D1: ordinary startup satisfies actual Redirect publication storage readiness (2182.214048ms)
✔ scoped D1: ordinary startup satisfies actual Menu storage readiness (2889.914084ms)
✔ scoped D1: ordinary startup satisfies actual sections storage readiness (2028.255685ms)
✔ scoped D1: ordinary startup satisfies actual widgets storage readiness (2330.096139ms)
✔ scoped D1: ordinary startup satisfies actual Comments and runtime-dependency readiness (2575.005365ms)
✔ scoped D1: ordinary startup satisfies actual Redirect publication storage readiness (3006.30429ms)
✔ Node: actual public Sections/Widgets factory SQL recognizes its genuine persisted SQLite objects (56.778114ms)
✔ Node: a real quoted timestamp default remains distinct from the public Menu expression (32.483641ms)
✔ Node: an actual Redirect trigger retains its observable literal whitespace (13.856731ms)
✔ raw D1: actual public Sections/Widgets factory SQL recognizes its genuine persisted SQLite objects (730.349906ms)
✔ raw D1: a real quoted timestamp default remains distinct from the public Menu expression (435.412374ms)
✔ raw D1: an actual Redirect trigger retains its observable literal whitespace (1122.229309ms)
✔ scoped D1: actual public Sections/Widgets factory SQL recognizes its genuine persisted SQLite objects (502.764954ms)
✔ scoped D1: a real quoted timestamp default remains distinct from the public Menu expression (523.871772ms)
✔ scoped D1: an actual Redirect trigger retains its observable literal whitespace (935.797879ms)
✔ Node: ordinary canonical startup installs actual contiguous providers through 17 (74.561244ms)
✔ Node: fresh ordinary startup makes media and byline prerequisites storage available (74.298549ms)
✔ Node: fresh ordinary startup makes directed content links storage available (64.132343ms)
✔ Node: fresh ordinary startup makes menus storage available (71.318744ms)
✔ Node: fresh ordinary startup makes sections and site widgets storage available (63.299873ms)
✔ Node: fresh ordinary startup makes comments and moderation storage available (49.593992ms)
✔ Node: fresh ordinary startup makes redirects storage available (67.969355ms)
✔ raw D1: ordinary canonical startup installs actual contiguous providers through 17 (2800.68888ms)
✔ raw D1: fresh ordinary startup makes media and byline prerequisites storage available (2527.669978ms)
✔ raw D1: fresh ordinary startup makes directed content links storage available (1680.789261ms)
✔ raw D1: fresh ordinary startup makes menus storage available (1597.771911ms)
✔ raw D1: fresh ordinary startup makes sections and site widgets storage available (2315.00896ms)
✔ raw D1: fresh ordinary startup makes comments and moderation storage available (2874.988298ms)
✔ raw D1: fresh ordinary startup makes redirects storage available (2456.251957ms)
✔ scoped D1: ordinary canonical startup installs actual contiguous providers through 17 (2442.936469ms)
✔ scoped D1: fresh ordinary startup makes media and byline prerequisites storage available (1931.729828ms)
✔ scoped D1: fresh ordinary startup makes directed content links storage available (2879.949798ms)
✔ scoped D1: fresh ordinary startup makes menus storage available (3040.475579ms)
✔ scoped D1: fresh ordinary startup makes sections and site widgets storage available (1995.797838ms)
✔ scoped D1: fresh ordinary startup makes comments and moderation storage available (2920.664232ms)
✔ scoped D1: fresh ordinary startup makes redirects storage available (1852.514829ms)
✔ Node SQLite: a lowercase declared future trigger refuses startup before any write (87.003081ms)
✔ Node SQLite: a uppercase declared future trigger refuses startup before any write (23.963728ms)
✔ raw D1: a lowercase declared future trigger refuses startup before any write (3374.55932ms)
✔ raw D1: a uppercase declared future trigger refuses startup before any write (2775.673133ms)
✔ scoped D1: a lowercase declared future trigger refuses startup before any write (3463.87345ms)
✔ scoped D1: a uppercase declared future trigger refuses startup before any write (3026.653394ms)
(node:2591564) ExperimentalWarning: stripTypeScriptTypes is an experimental feature and might change at any time
(Use `node --trace-warnings ...` to show where the warning was created)
✔ Node SQLite: ordinary options persist across normal installation and reopen (191.10287ms)
✔ Node SQLite: real taxonomy seeds defaults indexes and group pivot semantics (68.586363ms)
✔ Node SQLite: normal v5 upgrade preserves every field and exact operator SQL (169.089242ms)
✔ Node SQLite: failed normal metadata upgrade rolls back all providers and preserves v5 values (58.254522ms)
✔ Node SQLite: external metadata foreign keys refuse the normal upgrade before writes (47.130396ms)
✔ Node SQLite: missing or changed owned trigger refuses normal readiness without writes (111.63685ms)
✔ raw D1: ordinary options persist across normal installation and reopen (3405.180826ms)
✔ raw D1: real taxonomy seeds defaults indexes and group pivot semantics (2416.838769ms)
✔ raw D1: normal v5 upgrade preserves every field and exact operator SQL (4633.591213ms)
✔ raw D1: failed normal metadata upgrade rolls back all providers and preserves v5 values (4096.368063ms)
✔ raw D1: external metadata foreign keys refuse the normal upgrade before writes (1355.812678ms)
✔ raw D1: missing or changed owned trigger refuses normal readiness without writes (2563.776565ms)
✔ scoped D1: ordinary options persist across normal installation and reopen (2152.257733ms)
✔ scoped D1: real taxonomy seeds defaults indexes and group pivot semantics (2778.010196ms)
✔ scoped D1: normal v5 upgrade preserves every field and exact operator SQL (4006.008576ms)
✔ scoped D1: failed normal metadata upgrade rolls back all providers and preserves v5 values (5035.337315ms)
✔ scoped D1: external metadata foreign keys refuse the normal upgrade before writes (1415.547361ms)
✔ scoped D1: missing or changed owned trigger refuses normal readiness without writes (2537.749075ms)
✔ Node SQLite: normal installer applies real contiguous providers through eight (174.179313ms)
✔ Node SQLite: normal installation enables actual settings and taxonomy storage (61.296283ms)
✔ Node SQLite: normal metadata upgrade enables the Source collection field cascade (53.903625ms)
✔ raw D1: normal installer applies real contiguous providers through eight (3238.952327ms)
✔ raw D1: normal installation enables actual settings and taxonomy storage (2187.726933ms)
✔ raw D1: normal metadata upgrade enables the Source collection field cascade (1588.524856ms)
✔ scoped D1: normal installer applies real contiguous providers through eight (2726.181548ms)
✔ scoped D1: normal installation enables actual settings and taxonomy storage (3521.671107ms)
✔ scoped D1: normal metadata upgrade enables the Source collection field cascade (3034.822477ms)
✔ Node: canonical upgrade carries an existing legacy reference into directed group edges (212.513439ms)
✔ raw D1: canonical upgrade carries an existing legacy reference into directed group edges (6685.456558ms)
✔ scoped D1: canonical upgrade carries an existing legacy reference into directed group edges (6345.88544ms)
✔ Node SQLite: normal option and plugin storage revision triggers retain actual Source values (138.669639ms)
✔ raw D1: normal option and plugin storage revision triggers retain actual Source values (3122.327521ms)
✔ scoped D1: normal option and plugin storage revision triggers retain actual Source values (3961.174745ms)
✔ arbitrary generated field identifiers retain historical quote equivalence (1.430678ms)
✔ arbitrary generated fields retain quote equivalence in a complete table (0.387161ms)
✔ a default matching a known column name retains double-quoted literal bytes (0.164667ms)
✔ a known schema name in a quoted SELECT expression retains literal bytes (0.168182ms)
✔ canonical schema comparison retains embedded double quotes in single-quoted defaults (3.551663ms)
✔ canonical schema comparison distinguishes a double-quoted timestamp literal from the expression (0.387923ms)
✔ canonical schema comparison preserves whitespace inside single-quoted defaults (0.134982ms)
✔ canonical schema comparison preserves doubled single quotes and enclosed whitespace (0.189404ms)
✔ canonical schema comparison preserves Unicode nonbreaking whitespace outside literals (0.756496ms)
✔ canonical schema comparison preserves vertical-tab token boundaries outside literals (0.185809ms)
✔ canonical schema comparison still accepts known quoted native identifiers and SQLite ASCII whitespace (0.810898ms)
✔ native atomic batch follows queued reads and commits the completed write bookmark (false) (68.87832ms)
✔ native atomic batch issued before reads remains first (false) (64.386942ms)
✔ failed native atomic batch rejects its caller and leaves later reads ordered (false) (63.112178ms)
✔ native atomic batch follows queued reads and commits the completed write bookmark (true) (44.151413ms)
✔ native atomic batch issued before reads remains first (true) (42.594085ms)
✔ failed native atomic batch rejects its caller and leaves later reads ordered (true) (41.998547ms)
✔ throwing native resolve preserves its completed D1 write bookmark in Kit's outer error response (false) (1984.701925ms)
✔ throwing native resolve preserves its completed D1 write bookmark in Kit's outer error response (true) (2061.30716ms)
✔ native D1 runtime scopes each request and commits its authenticated bookmark (2805.138334ms)
✔ Cloudflare host settings use the trusted binding configuration for D1 Sessions (1.644628ms)
✔ real D1 authenticates on raw storage before scoping and applies write/bookmark constraints (1820.816105ms)
✔ Node: 103 persisted drafts paginate without duplicates after storage reopens (367.758911ms)
✔ D1: 103 persisted drafts paginate without duplicates after storage reopens (10552.629141ms)
✔ Node: registry.test.ts:234: should update a collection (116.30565ms)
✔ Node: registry.test.ts:248: touches updatedAt for an empty update (55.911098ms)
✔ Node: registry.test.ts:336: should throw when updating non-existent collection (81.367414ms)
✔ D1: registry.test.ts:234: should update a collection (623.596631ms)
✔ D1: registry.test.ts:248: touches updatedAt for an empty update (456.96722ms)
✔ D1: registry.test.ts:336: should throw when updating non-existent collection (541.775432ms)
✔ workerd: collection metadata service runs on the actual D1 binding without nodejs_compat (1322.811842ms)
✔ collection update: permission precedes hostile input and every storage access (2.740273ms)
✔ Node: metadata partial updates preserve omissions, undefined and explicit [] without schema DDL/version changes (74.212613ms)
✔ Node: strict bounded metadata/preconditions reject before storage and preserve every row (44.604247ms)
✔ Node: empty updates strictly advance timestamp even with a frozen clock and stale CAS never writes (54.60481ms)
✔ Node: changed schema version conflicts and missing collections report NOT_FOUND without writes (28.612291ms)
✔ Node: race between preflight and actual SQL cannot overwrite another metadata update (38.942017ms)
✔ Node: unexpected storage failures retain their error and roll back metadata (25.265046ms)
✔ Node: update returns its own committed row when another writer commits before the adapter returns (37.409927ms)
✔ Node: metadata survives storage/runtime restart and prior timestamp stays stale (101.977462ms)
✔ D1: metadata partial updates preserve omissions, undefined and explicit [] without schema DDL/version changes (895.404912ms)
✔ D1: strict bounded metadata/preconditions reject before storage and preserve every row (475.203144ms)
✔ D1: empty updates strictly advance timestamp even with a frozen clock and stale CAS never writes (465.581795ms)
✔ D1: changed schema version conflicts and missing collections report NOT_FOUND without writes (524.405234ms)
✔ D1: race between preflight and actual SQL cannot overwrite another metadata update (289.341652ms)
✔ D1: unexpected storage failures retain their error and roll back metadata (535.909747ms)
✔ D1: update returns its own committed row when another writer commits before the adapter returns (395.205891ms)
✔ D1: metadata survives storage/runtime restart and prior timestamp stays stale (952.574033ms)
✔ comments Node SQLite readiness preserves SQL literals: correct (17.683886ms)
✔ comments Node SQLite readiness preserves SQL literals: default case (6.764113ms)
✔ comments Node SQLite readiness preserves SQL literals: default whitespace (7.417685ms)
✔ comments Node SQLite readiness preserves SQL literals: partial index case (5.956812ms)
✔ comments Node SQLite readiness preserves SQL literals: collection default case (8.807502ms)
✔ comments Node SQLite readiness preserves SQL literals: source auto approval default (13.826165ms)
✔ comments Node SQLite readiness preserves SQL literals: comments quoted timestamp (4.749189ms)
✔ comments Node SQLite readiness preserves SQL literals: reactions quoted timestamp (6.600018ms)
✔ comments Node SQLite readiness preserves SQL literals: multiword type (11.290408ms)
✔ comments Node SQLite readiness preserves SQL literals: non-ASCII type whitespace (10.80538ms)
✔ comments Node SQLite readiness preserves SQL literals: collection Unicode type (9.012249ms)
✔ comments raw D1 readiness preserves SQL literals: correct (1486.813047ms)
✔ comments raw D1 readiness preserves SQL literals: default case (90.864938ms)
✔ comments raw D1 readiness preserves SQL literals: default whitespace (69.904745ms)
✔ comments raw D1 readiness preserves SQL literals: partial index case (89.280209ms)
✔ comments raw D1 readiness preserves SQL literals: collection default case (81.266148ms)
✔ comments raw D1 readiness preserves SQL literals: source auto approval default (83.921174ms)
✔ comments raw D1 readiness preserves SQL literals: comments quoted timestamp (83.314904ms)
✔ comments raw D1 readiness preserves SQL literals: reactions quoted timestamp (110.329391ms)
✔ comments raw D1 readiness preserves SQL literals: multiword type (93.371706ms)
✔ comments raw D1 readiness preserves SQL literals: non-ASCII type whitespace (86.920251ms)
✔ comments raw D1 readiness preserves SQL literals: collection Unicode type (102.848737ms)
✔ comments Node SQLite readiness refuses missing options before requests (14.073647ms)
✔ comments Node SQLite readiness refuses missing rate limits before requests (5.331643ms)
✔ comments raw D1 readiness refuses missing options before requests (1240.567882ms)
✔ comments raw D1 readiness refuses missing rate limits before requests (205.64208ms)
✔ ordinary content workspace exposes the real Comments inbox (256.608456ms)
✔ ordinary content workspace exposes both installed Sections and Widgets (2.153603ms)
✔ common management links retain the pinned Comments Menus Redirects Widgets Sections order (9.529765ms)
✔ Comments remains selected while editing actual collection comment settings (3.011962ms)
✔ Sections remains selected on its actual section editor route (1.066852ms)
✔ all installed management links resolve the application base with the current descendant selected (1.038118ms)
✔ the pinned editor-level navigation hides administrator Redirects even when read capability is present (7.123944ms)
✔ read capabilities below the pinned editor display floor expose no management links (0.711167ms)
✔ Redirects selection follows the current real route without requiring an activePage override (1.074983ms)
✔ missing feature routes remain absent even for an administrator (0.920712ms)
✔ schema administration and visible collections remain reachable alongside common navigation (0.65903ms)
✔ anonymous presentation has no management links (1.251789ms)
✔ content_update response data reflects the new title (219.752662ms)
✔ content_get returns the latest draft data after update (127.93893ms)
✔ multiple sequential updates all reflect on read (142.190153ms)
✔ publishing a draft makes its data the new live data on read (279.070145ms)
✔ partial updates merge with current draft (only title changes, body preserved) (108.959379ms)
✔ content_update on collection without revisions support reflects on read (142.311985ms)
✔ liveData is undefined when there is no draft revision (126.589716ms)
✔ liveData carries the published values when a draft revision exists (116.857243ms)
✔ Node: domain null slug remains distinct with omitted data (317.863556ms)
✔ Node: domain empty string slug remains distinct with omitted data (150.478414ms)
✔ Node: domain null slug remains distinct with explicit empty data (54.431688ms)
✔ Node: domain empty string slug remains distinct with explicit empty data (70.031044ms)
✔ D1: domain null slug remains distinct with omitted data (2502.460823ms)
✔ D1: domain empty string slug remains distinct with omitted data (442.19069ms)
✔ D1: domain null slug remains distinct with explicit empty data (553.897526ms)
✔ D1: domain empty string slug remains distinct with explicit empty data (520.378543ms)
✔ Node: ordinary list and count retain indexed constructor own-key filters (131.050259ms)
✔ Node: ordinary list and count retain indexed prototype own-key filters (81.466981ms)
✔ D1: ordinary list and count retain indexed constructor own-key filters (2254.439707ms)
✔ D1: ordinary list and count retain indexed prototype own-key filters (764.30477ms)
✔ filters by author (142.821791ms)
✔ passes indexed custom-field filters through the list handler (106.970329ms)
✔ reports a missing collection the same way with and without field filters (76.403079ms)
✔ reports a missing collection ahead of an invalid field filter name (162.96639ms)
✔ reports a missing collection ahead of an oversized filter set (137.088514ms)
✔ rejects an oversized filter set on a collection that exists (164.514202ms)
✔ rejects an invalid field filter name on a collection that exists (115.696632ms)
✔ filters by an inclusive createdAt date range (82.942135ms)
✔ normalizes offset-bearing date bounds before comparing canonical storage (99.718398ms)
✔ includes a boundary timestamp when the upper bound is end-of-day (64.171058ms)
✔ treats a date-only upper bound as inclusive of the whole day (68.300456ms)
✔ supports an open-ended (from-only) range (90.465098ms)
✔ combines author and date range filters (99.462884ms)
✔ ignores a date range with no field (73.051157ms)
✔ a publishedAt range excludes never-published rows (47.630918ms)
✔ content_get on a trashed item returns NOT_FOUND (not the item) (188.51461ms)
✔ content_list does NOT include trashed items by default (113.661217ms)
✔ content_list_trashed returns only trashed items (47.281551ms)
✔ content_update on a trashed item is rejected (item not visible) (57.550726ms)
✔ content_publish on a trashed item is rejected (67.764417ms)
[emdash] draft hydration failed: Error: no such table: _cms_revisions
    at NodeSqliteCompatDatabase.prepare (file:///workspace/cms-complete-seo-storage-backend/src/lib/server/database/node-sqlite-compat.ts:82:36)
    at SqliteConnection.executeQuery (file:///workspace/cms-complete-seo-storage-backend/node_modules/.pnpm/kysely@0.29.2/node_modules/kysely/dist/dialect/sqlite/sqlite-driver.js:58:31)
    at file:///workspace/cms-complete-seo-storage-backend/node_modules/.pnpm/kysely@0.29.2/node_modules/kysely/dist/query-executor/query-executor-base.js:39:41
    at DefaultConnectionProvider.provideConnection (file:///workspace/cms-complete-seo-storage-backend/node_modules/.pnpm/kysely@0.29.2/node_modules/kysely/dist/driver/default-connection-provider.js:10:26)
    at async DefaultQueryExecutor.executeQuery (file:///workspace/cms-complete-seo-storage-backend/node_modules/.pnpm/kysely@0.29.2/node_modules/kysely/dist/query-executor/query-executor-base.js:38:28)
    at async SelectQueryBuilderImpl.execute (file:///workspace/cms-complete-seo-storage-backend/node_modules/.pnpm/kysely@0.29.2/node_modules/kysely/dist/query-builder/select-query-builder.js:318:24)
    at async SelectQueryBuilderImpl.executeTakeFirst (file:///workspace/cms-complete-seo-storage-backend/node_modules/.pnpm/kysely@0.29.2/node_modules/kysely/dist/query-builder/select-query-builder.js:322:26)
    at async RevisionRepository.findById (file:///workspace/cms-complete-seo-storage-backend/src/lib/server/database/lifecycle/upstream/database/repositories/revision.ts:103:15)
    at async hydrate (file:///workspace/cms-complete-seo-storage-backend/src/lib/server/database/content-service.ts:42:19)
    at async file:///workspace/cms-complete-seo-storage-backend/tests/content-composition-read-fault.test.ts:31:50 {
  code: 'ERR_SQLITE_ERROR',
  errcode: 1,
  errstr: 'SQL logic error'
}
[emdash] draft hydration failed: Error: no such table: _cms_revisions
    at NodeSqliteCompatDatabase.prepare (file:///workspace/cms-complete-seo-storage-backend/src/lib/server/database/node-sqlite-compat.ts:82:36)
    at SqliteConnection.executeQuery (file:///workspace/cms-complete-seo-storage-backend/node_modules/.pnpm/kysely@0.29.2/node_modules/kysely/dist/dialect/sqlite/sqlite-driver.js:58:31)
    at file:///workspace/cms-complete-seo-storage-backend/node_modules/.pnpm/kysely@0.29.2/node_modules/kysely/dist/query-executor/query-executor-base.js:39:41
    at DefaultConnectionProvider.provideConnection (file:///workspace/cms-complete-seo-storage-backend/node_modules/.pnpm/kysely@0.29.2/node_modules/kysely/dist/driver/default-connection-provider.js:10:26)
    at async DefaultQueryExecutor.executeQuery (file:///workspace/cms-complete-seo-storage-backend/node_modules/.pnpm/kysely@0.29.2/node_modules/kysely/dist/query-executor/query-executor-base.js:38:28)
    at async SelectQueryBuilderImpl.execute (file:///workspace/cms-complete-seo-storage-backend/node_modules/.pnpm/kysely@0.29.2/node_modules/kysely/dist/query-builder/select-query-builder.js:318:24)
    at async SelectQueryBuilderImpl.executeTakeFirst (file:///workspace/cms-complete-seo-storage-backend/node_modules/.pnpm/kysely@0.29.2/node_modules/kysely/dist/query-builder/select-query-builder.js:322:26)
    at async RevisionRepository.findById (file:///workspace/cms-complete-seo-storage-backend/src/lib/server/database/lifecycle/upstream/database/repositories/revision.ts:103:15)
    at async hydrate (file:///workspace/cms-complete-seo-storage-backend/src/lib/server/database/content-service.ts:42:19)
    at async Object.getTrashedContent (file:///workspace/cms-complete-seo-storage-backend/src/lib/server/database/content-service.ts:108:65) {
  code: 'ERR_SQLITE_ERROR',
  errcode: 1,
  errstr: 'SQL logic error'
}
✔ Node: ordinary active read falls back to stored live values when only revision hydration fails (190.891988ms)
✔ Node: ordinary trash read falls back to stored live values when only revision hydration fails (70.138011ms)
[emdash] draft hydration failed: Error: D1_ERROR: no such table: _cms_revisions: SQLITE_ERROR
    at Error (file:///workspace/cms-complete-seo-storage-backend/tests/helpers/async-d1-storage.ts:41:19)
    at hydrate (file:///workspace/cms-complete-seo-storage-backend/node_modules/.pnpm/devalue@5.9.4/node_modules/devalue/src/parse.js:107:24)
    at hydrate (file:///workspace/cms-complete-seo-storage-backend/node_modules/.pnpm/devalue@5.9.4/node_modules/devalue/src/parse.js:271:26)
    at unflatten (file:///workspace/cms-complete-seo-storage-backend/node_modules/.pnpm/devalue@5.9.4/node_modules/devalue/src/parse.js:278:9)
    ... 3 lines matching cause stack trace ...
    at async execute (file:///workspace/cms-complete-seo-storage-backend/tests/helpers/async-d1-storage.ts:56:18)
    at async D1Connection.executeQuery (file:///workspace/cms-complete-seo-storage-backend/src/lib/server/database/d1.ts:55:29)
    at async file:///workspace/cms-complete-seo-storage-backend/node_modules/.pnpm/kysely@0.29.2/node_modules/kysely/dist/query-executor/query-executor-base.js:39:24 {
  [cause]: Error: no such table: _cms_revisions: SQLITE_ERROR
      at Error (file:///workspace/cms-complete-seo-storage-backend/tests/helpers/async-d1-storage.ts:41:19)
      at hydrate (file:///workspace/cms-complete-seo-storage-backend/node_modules/.pnpm/devalue@5.9.4/node_modules/devalue/src/parse.js:107:24)
      at hydrate (file:///workspace/cms-complete-seo-storage-backend/node_modules/.pnpm/devalue@5.9.4/node_modules/devalue/src/parse.js:271:26)
      at hydrate (file:///workspace/cms-complete-seo-storage-backend/node_modules/.pnpm/devalue@5.9.4/node_modules/devalue/src/parse.js:107:32)
      at hydrate (file:///workspace/cms-complete-seo-storage-backend/node_modules/.pnpm/devalue@5.9.4/node_modules/devalue/src/parse.js:271:26)
      at unflatten (file:///workspace/cms-complete-seo-storage-backend/node_modules/.pnpm/devalue@5.9.4/node_modules/devalue/src/parse.js:278:9)
      at parse (file:///workspace/cms-complete-seo-storage-backend/node_modules/.pnpm/devalue@5.9.4/node_modules/devalue/src/parse.js:21:9)
      at file:///workspace/cms-complete-seo-storage-backend/tests/helpers/async-d1-storage.ts:51:21
      at process.processTicksAndRejections (node:internal/process/task_queues:104:5)
      at async execute (file:///workspace/cms-complete-seo-storage-backend/tests/helpers/async-d1-storage.ts:56:18) {
    [cause]: undefined
  }
}
✔ D1: ordinary active read falls back to stored live values when only revision hydration fails (1749.430747ms)
[emdash] draft hydration failed: Error: D1_ERROR: no such table: _cms_revisions: SQLITE_ERROR
    at Error (file:///workspace/cms-complete-seo-storage-backend/tests/helpers/async-d1-storage.ts:41:19)
    at hydrate (file:///workspace/cms-complete-seo-storage-backend/node_modules/.pnpm/devalue@5.9.4/node_modules/devalue/src/parse.js:107:24)
    at hydrate (file:///workspace/cms-complete-seo-storage-backend/node_modules/.pnpm/devalue@5.9.4/node_modules/devalue/src/parse.js:271:26)
    at unflatten (file:///workspace/cms-complete-seo-storage-backend/node_modules/.pnpm/devalue@5.9.4/node_modules/devalue/src/parse.js:278:9)
    ... 3 lines matching cause stack trace ...
    at async execute (file:///workspace/cms-complete-seo-storage-backend/tests/helpers/async-d1-storage.ts:56:18)
    at async D1Connection.executeQuery (file:///workspace/cms-complete-seo-storage-backend/src/lib/server/database/d1.ts:55:29)
    at async file:///workspace/cms-complete-seo-storage-backend/node_modules/.pnpm/kysely@0.29.2/node_modules/kysely/dist/query-executor/query-executor-base.js:39:24 {
  [cause]: Error: no such table: _cms_revisions: SQLITE_ERROR
      at Error (file:///workspace/cms-complete-seo-storage-backend/tests/helpers/async-d1-storage.ts:41:19)
      at hydrate (file:///workspace/cms-complete-seo-storage-backend/node_modules/.pnpm/devalue@5.9.4/node_modules/devalue/src/parse.js:107:24)
      at hydrate (file:///workspace/cms-complete-seo-storage-backend/node_modules/.pnpm/devalue@5.9.4/node_modules/devalue/src/parse.js:271:26)
      at hydrate (file:///workspace/cms-complete-seo-storage-backend/node_modules/.pnpm/devalue@5.9.4/node_modules/devalue/src/parse.js:107:32)
      at hydrate (file:///workspace/cms-complete-seo-storage-backend/node_modules/.pnpm/devalue@5.9.4/node_modules/devalue/src/parse.js:271:26)
      at unflatten (file:///workspace/cms-complete-seo-storage-backend/node_modules/.pnpm/devalue@5.9.4/node_modules/devalue/src/parse.js:278:9)
      at parse (file:///workspace/cms-complete-seo-storage-backend/node_modules/.pnpm/devalue@5.9.4/node_modules/devalue/src/parse.js:21:9)
      at file:///workspace/cms-complete-seo-storage-backend/tests/helpers/async-d1-storage.ts:51:21
      at process.processTicksAndRejections (node:internal/process/task_queues:104:5)
      at async execute (file:///workspace/cms-complete-seo-storage-backend/tests/helpers/async-d1-storage.ts:56:18) {
    [cause]: undefined
  }
}
✔ D1: ordinary trash read falls back to stored live values when only revision hydration fails (520.049684ms)
✔ generic draft save updates revisions and rejects stale mutations (246.275576ms)
✔ generic published save updates revisions and rejects stale mutations (89.026964ms)
✔ generic draft trash restore retains draft revision and clears live publication (98.70106ms)
✔ generic published trash restore retains draft revision and clears live publication (77.377492ms)
✔ generic ownership, null ownership and read-draft capability remain trusted gates (68.9383ms)
✔ generic lists remain bounded summaries and skipRevision retains only the newest pending autosave (60.943559ms)
✔ generic create denies anonymous before storage initialization (0.415594ms)
✔ generic create denies reader before storage initialization (0.119499ms)
▶ findMany complete basic/total declarations
  ✔ should return all content by default (126.619582ms)
  ✔ should filter by status (102.708881ms)
  ✔ should filter by authorId (175.967816ms)
  ✔ should filter by both status and authorId (100.303334ms)
  ✔ should apply limit (66.762749ms)
  ✔ should support cursor pagination (65.040428ms)
  ✔ should not include nextCursor when no more items (87.30556ms)
  ✔ should order by createdAt desc by default (90.786765ms)
  ✔ should support custom ordering (92.847668ms)
  ✔ should default limit to 50 (272.092307ms)
  ✔ should cap limit at 100 (88.59765ms)
  ✔ should not include soft-deleted content (108.650039ms)
  ✔ should return empty array when no items match (89.224059ms)
  ✔ reports total rows regardless of limit (101.260406ms)
  ✔ total respects the where clause (87.780002ms)
  ✔ total stays stable across cursor pages (76.93296ms)
✔ findMany complete basic/total declarations (1737.138971ms)
▶ count complete declarations
  ✔ should count all content of a type (117.062326ms)
  ✔ should count by status (105.165758ms)
  ✔ should count by authorId (121.113372ms)
  ✔ should count by both status and authorId (97.846022ms)
  ✔ should return 0 when no items match (115.821353ms)
  ✔ should not count soft-deleted content (134.093551ms)
✔ count complete declarations (693.355925ms)
✔ Node: ordinary slug-only save changes live metadata without a draft (129.048197ms)
✔ Node: ordinary explicit empty-data save stages a slug (50.581455ms)
[emdash:redirects] publishing redirect artifacts failed: Error: driver has already been destroyed
    at RuntimeDriver.acquireConnection (file:///workspace/cms-complete-seo-storage-backend/node_modules/.pnpm/kysely@0.29.2/node_modules/kysely/dist/driver/runtime-driver.js:44:19)
    at DefaultConnectionProvider.provideConnection (file:///workspace/cms-complete-seo-storage-backend/node_modules/.pnpm/kysely@0.29.2/node_modules/kysely/dist/driver/default-connection-provider.js:8:47)
    at DefaultQueryExecutor.provideConnection (file:///workspace/cms-complete-seo-storage-backend/node_modules/.pnpm/kysely@0.29.2/node_modules/kysely/dist/query-executor/default-query-executor.js:20:41)
    at TransactionBuilder.execute (file:///workspace/cms-complete-seo-storage-backend/node_modules/.pnpm/kysely@0.29.2/node_modules/kysely/dist/kysely.js:672:37)
    at withTransaction (file:///workspace/cms-complete-seo-storage-backend/src/lib/server/database/lifecycle/upstream/database/transaction.ts:63:41)
    at publishRedirectArtifacts (file:///workspace/cms-complete-seo-storage-backend/src/lib/server/redirects/artifacts.ts:185:8)
    at async publishRedirectChanges (file:///workspace/cms-complete-seo-storage-backend/src/lib/server/redirects/artifacts.ts:277:3)
✔ D1: ordinary slug-only save changes live metadata without a draft (1422.683689ms)
✔ D1: ordinary explicit empty-data save stages a slug (851.264418ms)
✔ lists only the trashed entries in the requested locale (141.391415ms)
✔ lists every locale when no locale is given (89.09111ms)
✔ returns each item's locale so the trash list can display it (88.536528ms)
✔ counts only the trashed entries in the requested locale (97.196868ms)
✔ revision tokens bind collection, entry and locale without using updatedAt as a wire precondition (7.758746ms)
✔ wire inputs carry schema data and reject caller identity, system columns and raw revisions (0.921373ms)
✔ local database: actual D1 values and atomic rollback use zero synchronous waits (531.381869ms)
✔ collection update: actual D1 values and atomic rollback use zero synchronous waits (388.660137ms)
✔ local database: custom Worker dispatch retains request data and the same actual DB (179.217774ms)
✔ direct fixtures: original persistent DB identifiers remain separate across restart (1301.813243ms)
✔ fresh D1 fixtures keep separate real databases while sharing their runtime (1238.600873ms)
✔ closing one D1 fixture rejects stale queries and leaves its peer intact (46.522518ms)
✔ D1 runtime groups rotate after 256 distinct databases without recycling a closed database (5036.823015ms)
✔ persistent D1 fixtures retain their dedicated runtime and actual data across restart (252.891989ms)
✔ control: installed Miniflare proxy exposes the delayed prior-notification race (445.744113ms)
✔ D1 fixture matches each response when a prior synchronous notification arrives late (995.064358ms)
✔ D1 fixture executes queries and atomic batches without synchronously blocking Node (30.956912ms)
✔ D1 fixture preserves actual D1 parameters, result metadata and malformed-batch rollback (244.094918ms)
✔ D1 fixture owns disposal and preserves isolated real D1 storage across restart (1251.413287ms)
✔ source: raw binding reports supportsMultipleConnections: true (0.772339ms)
✔ source: lets concurrent queries overlap instead of serializing behind a mutex (9.387563ms)
✔ source: raw adapter declares the compound SELECT ceiling (0.911858ms)
✔ source: raw adapter exposes atomic batches (0.161412ms)
✔ source: forwards compiled statements to one binding batch and maps results (15.978761ms)
✔ source: preserves DELETE RETURNING rows through the raw binding dialect (9.32525ms)
✔ local: an unsettled first binding read does not block the next query (14.414253ms)
✔ Node: equivalent schema, scalar, CAS, soft-delete and persisted session contract (175.619573ms)
✔ Node: failed batch rolls back DML and CREATE/ALTER/DROP DDL (4.221573ms)
✔ Node: fresh/v1 auth failures roll back all DDL and migration markers (191.199666ms)
✔ Node: incomplete/future migration state fails without repair (169.27836ms)
✔ D1: equivalent schema, scalar, CAS, soft-delete and persisted session contract (1463.292377ms)
✔ D1: failed batch rolls back DML and CREATE/ALTER/DROP DDL (175.620695ms)
✔ D1: fresh/v1 auth failures roll back all DDL and migration markers (1904.623102ms)
✔ D1: incomplete/future migration state fails without repair (1810.262509ms)
✔ D1: deterministic stale fresh/v1 callers recover the actual binding error envelope (1062.357826ms)
✔ D1: concurrent same-slug creators map the real UNIQUE envelope to COLLECTION_EXISTS (429.379448ms)
✔ D1: startup accepts a complete upgrade between actual preflight reads (568.283745ms)
✔ D1: one actual batch forwards parameters/order, RETURNING rows, zero/positive changes and insert IDs (159.392168ms)
✔ D1: unrelated envelopes do not turn into successful migration race recovery (323.531394ms)
✔ local: envelope classifier keeps Node messages and ignores lookalike/unknown D1 formats (0.672069ms)
✔ D1: callback transactions, streaming and general introspection reject explicitly (157.568026ms)
✔ D1: raw parameter variants retain binding support/rejections without Node normalization (363.811823ms)
✔ D1 and Node: v1 content and hashed sessions persist across close/reopen and revocation (1285.884455ms)
✔ local workerd: real D1-backed CMS/session core runs without nodejs_compat (816.787149ms)
▶ ported openNodeSqliteDatabase
  ✔ implements the statement contract Kysely uses (23.735606ms)
  ✔ supports direct statement calls (3.281893ms)
  ✔ can be closed more than once (0.475313ms)
  ✔ normalizes supported positional values without shifting parameters (0.510716ms)
  ✔ rejects an unsupported plain object before executing the statement (0.788082ms)
  ✔ rejects an unsupported array before executing the statement (0.423595ms)
  ✔ rejects an unsupported date before executing the statement (1.401322ms)
  ✔ rejects an unsupported boxed number before executing the statement (0.315904ms)
  ✔ applies connection defaults without changing the journal mode (3.696114ms)
  ✔ switches to WAL with NORMAL synchronization when requested (0.520731ms)
  ✔ keeps NORMAL synchronization when reopening an existing WAL database without the option (0.478127ms)
✔ ported openNodeSqliteDatabase (37.314998ms)
▶ ported EmDash SchemaRegistry assertions
  ✔ should create a collection (62.172016ms)
  ✔ F14: defaults supports to ['drafts', 'revisions'] when undefined (32.341617ms)
  ✔ F14: preserves explicit empty supports array (opt-out) (32.107155ms)
  ✔ should create the content table when creating a collection (58.552136ms)
  ✔ rejects an unregistered content table with a structured conflict (22.149186ms)
  ✔ should list collections (49.448419ms)
  ✔ should get a collection by slug (29.294445ms)
  ✔ should return null for non-existent collection (28.115066ms)
  ✔ should throw when creating duplicate collection (46.744323ms)
  ✔ should add column to content table when creating field (37.506985ms)
  ✔ should get a field by slug (32.907465ms)
  ✔ should reject reserved field slugs (41.580891ms)
✔ ported EmDash SchemaRegistry assertions (474.853379ms)
▶ ported EmDash ContentRepository draft assertions
  ✔ should create content with minimal data (44.947568ms)
  ✔ should throw error for duplicate type+slug (52.605045ms)
  ✔ should allow same slug for different types (29.596698ms)
  ✔ should allow null slug (32.570179ms)
  ✔ should generate unique ID (65.206228ms)
  ✔ should find content by ID (29.56421ms)
  ✔ should return null for non-existent ID (46.42224ms)
  ✔ should return null when type doesn't match (50.767108ms)
✔ ported EmDash ContentRepository draft assertions (352.362952ms)
✔ mutation authorization precedes hostile input access and storage; permitted callers still validate (6.527438ms)
✔ system migration, additive field and drafts survive close/reopen (134.181493ms)
✔ independent additive DDL failure rolls back metadata and schema guard (37.52469ms)
✔ batch failures roll back both DDL and DML (27.866619ms)
✔ SQL identifiers, unknown/system fields and client ownership claims are rejected; quoted values remain inert (37.843363ms)
✔ database constraints enforce required NULL, locale slug uniqueness and foreign keys; unique is metadata and service validates lengths (60.462776ms)
✔ anonymous/empty principals and missing permissions fail closed before any query (0.920141ms)
✔ owner permissions use persisted author; any permission permits another author (30.854713ms)
✔ two independent connections competing from the same revision yield exactly one successful update (37.475131ms)
✔ schema version conflicts and field bounds preserve existing definitions (140.970529ms)
✔ summary query excludes large bodies, clamps pages, orders ties, scopes locales and validates cursors (309.371266ms)
✔ unique flags remain metadata across collection/field underscore boundaries (32.422937ms)
✔ field length semantics preserve pinned Unicode codepoints and embedded NUL (51.346201ms)
✔ migrations reject unknown versions and unmanaged system tables without mutation (3.260645ms)
✔ schema defaults reject NUL before DDL while escaped quotes remain inert (39.082353ms)
✔ cursor OR branches keep locale and trash filters when titles and slugs are null (60.013987ms)
✔ concurrent same-slug collection creation reports a sanitized conflict and preserves unrelated failures (59.318803ms)
✔ version-one migration markers reject missing system tables without repair or mutation (128.054121ms)
✔ same-slug creation at the collection cap still reports duplicate while new slugs report the bound (527.261065ms)
✔ doctor returns actionable JSON failure without creating a missing database (421.21566ms)
✔ doctor reads the real installed migrations, collection and empty identity tables without writes (556.691059ms)
✔ doctor reports pending migrations from the actual registered provider universe (454.097566ms)
✔ doctor does not accept unknown or gapped native migration records as fully applied (559.221445ms)
✔ doctor reports actual orphaned content tables without including ordinary operator tables (600.26783ms)
✔ doctor detects noncanonical persisted content and nested/revision datetimes without repairing them (547.475536ms)
✔ doctor reports invalid datetime data as an inspection failure (590.314746ms)
✔ doctor combines actual Native Worker wiring diagnostics with a missing local database (589.006393ms)
✔ doctor provides Native TOML trigger guidance for a real maintenance handler (609.640187ms)
✔ doctor reports JSONC locations and does not print configuration values (508.04165ms)
✔ doctor reports TOML locations without including configuration source excerpts (564.981881ms)
✔ doctor accepts explicit database paths and prints native human-readable summaries (504.266396ms)
✔ doctor rejects invalid flags with a useful usage error (1019.43557ms)
▶ draft preview applies defaults only to absent persisted keys
  ✔ string, schema default: absent key (2.43158ms)
  ✔ string, schema default: explicit null (0.403586ms)
  ✔ string, schema default: empty string (0.204156ms)
  ✔ string, schema default: false (0.132098ms)
  ✔ string, schema default: zero (0.167111ms)
  ✔ string, schema default: stored string (0.109795ms)
  ✔ string, schema default: inherited key (0.158658ms)
  ✔ string, absent default: absent key (0.156424ms)
  ✔ string, absent default: explicit null (0.178128ms)
  ✔ string, absent default: empty string (0.21309ms)
  ✔ string, absent default: false (0.112228ms)
  ✔ string, absent default: zero (0.110435ms)
  ✔ string, absent default: stored string (0.174502ms)
  ✔ string, absent default: inherited key (0.144137ms)
  ✔ string, null default: absent key (0.141032ms)
  ✔ string, null default: explicit null (0.108022ms)
  ✔ string, null default: empty string (0.095073ms)
  ✔ string, null default: false (0.058848ms)
  ✔ string, null default: zero (0.802515ms)
  ✔ string, null default: stored string (0.067472ms)
  ✔ string, null default: inherited key (0.270556ms)
  ✔ text, schema default: absent key (0.17953ms)
  ✔ text, schema default: explicit null (0.608273ms)
  ✔ text, schema default: empty string (0.078999ms)
  ✔ text, schema default: false (0.09325ms)
  ✔ text, schema default: zero (0.236926ms)
  ✔ text, schema default: stored string (0.064777ms)
  ✔ text, schema default: inherited key (0.510827ms)
  ✔ text, absent default: absent key (0.10654ms)
  ✔ text, absent default: explicit null (0.064286ms)
  ✔ text, absent default: empty string (0.837887ms)
  ✔ text, absent default: false (0.084938ms)
  ✔ text, absent default: zero (0.061513ms)
  ✔ text, absent default: stored string (0.054402ms)
  ✔ text, absent default: inherited key (0.075063ms)
  ✔ text, null default: absent key (0.097877ms)
  ✔ text, null default: explicit null (0.06002ms)
  ✔ text, null default: empty string (5.108468ms)
  ✔ text, null default: false (0.097757ms)
  ✔ text, null default: zero (0.069915ms)
  ✔ text, null default: stored string (0.102915ms)
  ✔ text, null default: inherited key (0.058297ms)
  ✔ string, constructor: absent (0.299439ms)
  ✔ string, constructor: inherited (0.471578ms)
  ✔ string, constructor: own (0.089314ms)
  ✔ string, constructor: null (0.099039ms)
  ✔ string, prototype: absent (0.143125ms)
  ✔ string, prototype: inherited (0.111337ms)
  ✔ string, prototype: own (0.069414ms)
  ✔ string, prototype: null (0.060961ms)
  ✔ text, constructor: absent (0.065398ms)
  ✔ text, constructor: inherited (0.354782ms)
  ✔ text, constructor: own (0.065839ms)
  ✔ text, constructor: null (0.055944ms)
  ✔ text, prototype: absent (0.055634ms)
  ✔ text, prototype: inherited (0.05329ms)
  ✔ text, prototype: own (0.052649ms)
  ✔ text, prototype: null (0.052769ms)
✔ draft preview applies defaults only to absent persisted keys (135.031043ms)
✔ local D1: locales, concurrent restore, retained data and persisted restart (1439.227522ms)
✔ local D1: SQL ownership predicate and batch rollback protect retained trash (928.80264ms)
✔ Node: schema changed after restore preflight rolls back the guard and leaves trash intact (68.551257ms)
✔ D1: schema changed after restore preflight rolls back the guard and leaves trash intact (750.317791ms)
✔ Node: concurrent v1 trash index installers preserve rows and reach complete v2 (214.104671ms)
✔ Node: v1 wrong same-name objects reject migration without mutation (109.502752ms)
✔ Node: v1 incompatible index appearing after preflight rejects and rolls back installer changes (43.02067ms)
✔ Node: concurrent v2 trash index installers preserve rows and reach complete v2 (114.873551ms)
✔ Node: v2 wrong same-name objects reject migration without mutation (288.247258ms)
✔ Node: v2 incompatible index appearing after preflight rejects and rolls back installer changes (120.760664ms)
✔ Node: v1 trash index batch failure rolls back auth DDL, marker upgrade and index together (126.481939ms)
✔ Node: invalid known auth states reject before any trash index installer batch (191.413734ms)
✔ Node: backfilled existing index and retained trash survive storage restart with unchanged schema metadata (91.803807ms)
✔ D1: concurrent v1 trash index installers preserve rows and reach complete v2 (954.570263ms)
✔ D1: v1 wrong same-name objects reject migration without mutation (1596.29677ms)
✔ D1: v1 incompatible index appearing after preflight rejects and rolls back installer changes (759.537887ms)
✔ D1: concurrent v2 trash index installers preserve rows and reach complete v2 (920.166408ms)
✔ D1: v2 wrong same-name objects reject migration without mutation (5797.789502ms)
✔ D1: v2 incompatible index appearing after preflight rejects and rolls back installer changes (1659.927331ms)
✔ D1: v1 trash index batch failure rolls back auth DDL, marker upgrade and index together (1287.390985ms)
✔ D1: invalid known auth states reject before any trash index installer batch (2546.941475ms)
✔ D1: backfilled existing index and retained trash survive storage restart with unchanged schema metadata (931.503928ms)
✔ Node: one-row all-locale trash plan matches the complete pinned Source index set (51.668682ms)
✔ Node: explicit migration adds missing trash indexes idempotently without changing retained data or schema metadata (113.756741ms)
✔ Node: index batch failure rolls back every newly added index and leaves marker/data unchanged (79.637991ms)
✔ D1: one-row all-locale trash plan matches the complete pinned Source index set (457.35563ms)
✔ D1: explicit migration adds missing trash indexes idempotently without changing retained data or schema metadata (628.701491ms)
✔ D1: index batch failure rolls back every newly added index and leaves marker/data unchanged (897.847498ms)
✔ Node: synthetic mixed-status fixture excludes active and published rows before pagination (93.445326ms)
▶ Node: 103 retained drafts paginate through repository/service and survive reopen
  ✔ default 50, cap 100 and last returned row produce honest continuation (5.582148ms)
  ✔ full default, custom and repository walks have no duplicates or missing tied rows (43.678368ms)
  ✔ omitted locale includes all locales and each exact-locale walk remains complete (16.710712ms)
  ✔ empty cursor is first page; exact terminal and beyond-terminal pages omit continuation (3.294575ms)
  ✔ malformed cursors report INVALID_CURSOR at both repository and service boundaries (1.451158ms)
  ✔ saved later page resumes after a storage reopen (8.984805ms)
  ✔ restoring a later-page row retains data, rejects stale tokens and survives reopen (28.985475ms)
✔ Node: 103 retained drafts paginate through repository/service and survive reopen (761.332511ms)
✔ D1: synthetic mixed-status fixture excludes active and published rows before pagination (668.251909ms)
▶ D1: 103 retained drafts paginate through repository/service and survive reopen
  ✔ default 50, cap 100 and last returned row produce honest continuation (53.716921ms)
  ✔ full default, custom and repository walks have no duplicates or missing tied rows (181.52913ms)
  ✔ omitted locale includes all locales and each exact-locale walk remains complete (324.665328ms)
  ✔ empty cursor is first page; exact terminal and beyond-terminal pages omit continuation (71.660563ms)
  ✔ malformed cursors report INVALID_CURSOR at both repository and service boundaries (0.786631ms)
  ✔ saved later page resumes after a storage reopen (226.411287ms)
  ✔ restoring a later-page row retains data, rejects stale tokens and survives reopen (377.635387ms)
✔ D1: 103 retained drafts paginate through repository/service and survive reopen (9393.569959ms)
✔ supplemental cursor wire uses UTF-8 standard base64 and preserves upstream string-only validation (0.463716ms)
✔ supplemental direct cursor decode rejects empty/malformed/oversized input with a short domain error (8.972897ms)
✔ Node: adapted trash-locale-filter.test.ts:57/65/75 value assertions (127.225341ms)
✔ D1: adapted trash-locale-filter.test.ts:57/65/75 value assertions (1078.200984ms)
✔ workerd: draft restore uses actual D1 without nodejs_compat, with one concurrent CAS winner (1059.425415ms)
✔ draft trash: authorization precedes hostile input and every storage access (25.652652ms)
✔ draft trash: permitted malformed bounded inputs reject before storage (4.767724ms)
✔ Node draft trash: explicit locale scopes, omitted locale includes every locale and item locale is retained (117.102522ms)
✔ Node draft trash: default 50 and cap 100, deletedAt/id descending, bounded body-free summaries (671.479248ms)
✔ Node draft trash: restore retains stored columns and returns refreshed CAS even with frozen time (62.830868ms)
✔ Node draft trash: restore uses edit-own/any, persisted nonempty owner and no delete requirement (62.909686ms)
✔ Node draft trash: stale tokens conflict without writes, active restore conflicts and missing restores are NOT_FOUND (34.811304ms)
✔ Node draft trash: two real SQLite connections restoring the same token yield one success and one conflict (62.241273ms)
✔ Node draft trash: SQL owner predicate rejects ownership changed after authorized preflight on another connection (52.24915ms)
✔ Node draft trash: SQL CAS rejects restore won by another connection after preflight (63.26612ms)
✔ Node draft trash: restore returns its committed row when another connection writes before batch returns (64.024438ms)
✔ Node draft trash: unexpected storage errors roll back restore and guard rows (34.794079ms)
✔ Node draft trash: trashed data and restored revision survive real storage restart; prior token remains stale (106.233083ms)
✔ Node source: five collection output, manifest-build.test.ts:537 (116.824488ms)
✔ Node supplemental: 0/1/50/51/100 boundaries preserve ordered projection with bounded reads (233.383156ms)
✔ Node supplemental: each collection retains its 32-field cap, including ignored malformed rows (35.787272ms)
✔ Node supplemental: authorization precedes SQL; constructor fields remain unparsed; errors propagate (19.099466ms)
✔ Node supplemental: uncached collection and field changes appear on the next read (18.716982ms)
✔ D1 source: five collection output, manifest-build.test.ts:537 (3240.831089ms)
✔ D1 supplemental: 0/1/50/51/100 boundaries preserve ordered projection with bounded reads (19647.960679ms)
✔ D1 supplemental: each collection retains its 32-field cap, including ignored malformed rows (2491.335246ms)
✔ D1 supplemental: authorization precedes SQL; constructor fields remain unparsed; errors propagate (2891.860793ms)
✔ D1 supplemental: uncached collection and field changes appear on the next read (2084.835743ms)
✔ workerd supplemental: manifest executes on the actual local D1 binding without nodejs_compat (689.750727ms)
✔ source: includes manual collections that have no fields (72.721483ms)
✔ source subset: forwards declared validation on scalar fields and omits absent validation (45.170243ms)
✔ source: reflects schema mutations immediately with no cross-runtime cache (49.408213ms)
✔ manifest requires draft-read before querying; administrative schema policy is unchanged (1.606762ms)
✔ least-disclosure projection excludes storage/admin/default/content values and respects registry bounds (806.676774ms)
✔ pinned manifest limitation: a manual constructor collection is omitted pending a separate upstream-behavior fix (26.548665ms)
✔ Node: partial registry.test.ts:668 existing-field label/order expectations (75.099352ms)
✔ Node: adapted MCP schema.test.ts:1003 preserves concurrent partial field updates (44.790222ms)
✔ Node: supplemental paired 12-layout metadata-default change preserves raw/content omitted inserts (226.054479ms)
✔ Node: supplemental field-update validation observation applies to future writes and leaves old content readable (37.323706ms)
✔ D1: partial registry.test.ts:668 existing-field label/order expectations (1234.099563ms)
✔ D1: adapted MCP schema.test.ts:1003 preserves concurrent partial field updates (294.979524ms)
✔ D1: supplemental paired 12-layout metadata-default change preserves raw/content omitted inserts (3904.53021ms)
✔ D1: supplemental field-update validation observation applies to future writes and leaves old content readable (392.995589ms)
✔ field edit: schema permission precedes hostile input and storage (6.243721ms)
✔ Node: field metadata persists across reopen without DDL, content, token or collection changes (114.50706ms)
✔ Node: supplied-key edits preserve omissions; validation replaces and null/empty remain distinct (150.871402ms)
✔ Node: invalid and out-of-scope metadata fails without writes (138.922094ms)
✔ Node: independent concurrent partial edits preserve both writes and each operation's own receipt (31.245775ms)
✔ Node: independent storage handles make concurrent supplied-key edits without a shared mutex (53.934547ms)
✔ Node: legacy metadata edits preserve divergent SQL defaults, required layout, unique indexes and stored NULL across reopen (52.694486ms)
✔ Node: validation tightening affects future supplied writes while old content remains readable (52.18465ms)
✔ Node: edited defaults stay metadata; omitted raw/content inserts retain physical required defaults and optional NULL (43.5157ms)
✔ Node: failures during/after metadata UPDATE roll back every change and retain storage errors (98.257738ms)
✔ Node: field replacement between preflight and commit preserves the replacement identity (85.80571ms)
✔ D1: field metadata persists across reopen without DDL, content, token or collection changes (920.734745ms)
✔ D1: supplied-key edits preserve omissions; validation replaces and null/empty remain distinct (2472.238131ms)
✔ D1: invalid and out-of-scope metadata fails without writes (1422.260128ms)
✔ D1: independent concurrent partial edits preserve both writes and each operation's own receipt (369.648969ms)
✔ D1: independent storage handles make concurrent supplied-key edits without a shared mutex (3505.826896ms)
✔ D1: legacy metadata edits preserve divergent SQL defaults, required layout, unique indexes and stored NULL across reopen (769.408227ms)
✔ D1: validation tightening affects future supplied writes while old content remains readable (1832.232849ms)
✔ D1: edited defaults stay metadata; omitted raw/content inserts retain physical required defaults and optional NULL (476.62227ms)
✔ D1: failures during/after metadata UPDATE roll back every change and retain storage errors (480.805007ms)
✔ D1: field replacement between preflight and commit preserves the replacement identity (245.414619ms)
✔ field label conversion accepts absent/matching Kit instance ids and removes them before the service (1.925059ms)
✔ field label form requires exact pair identity, a nonempty string and rejects broader field properties (0.616174ms)
✔ field label: permission precedes hostile input and all storage access (5.215038ms)
✔ Node: selected partial registry.test.ts:668 label assertion (84.277154ms)
✔ Node: string/text labels persist across restart while all other metadata, DDL, indexes, content and tokens remain unchanged (106.877954ms)
✔ Node: strict label-only validation rejects extra properties and invalid targets before storage without writes (47.436293ms)
✔ Node: whitespace and labels longer than 200 characters retain the pinned nonempty-only contract (68.732925ms)
✔ Node: schema:manage alone can relabel and schema/content readers cannot mutate any row (37.515805ms)
✔ Node: identical labels are successful no-op values and same-field concurrent edits are last-writer-wins (59.311205ms)
✔ Node: independent fields keep separate results and do not change each other's attributes (37.941052ms)
✔ Node: a pre-label collection metadata token remains valid and metadata forms cannot overwrite field labels (52.584921ms)
✔ Node: metadata writes between label preflight and commit neither conflict nor lose either update (33.817694ms)
✔ Node: label writes during metadata preflight leave metadata CAS valid and preserve both updates (32.819927ms)
✔ Node: additive fields coexist with label edits even when schema version changes after preflight (39.480243ms)
✔ Node: collection/field target pairs isolate same-slug fields and missing targets write nothing (37.054322ms)
✔ Node: deletion of a field after preflight cannot relabel a different identity or report success (27.540263ms)
✔ Node: replacement of a field after preflight cannot relabel a different identity or report success (37.941082ms)
✔ Node: replacement of a collection and its same-slug fields after preflight preserves the replacement identities (32.611204ms)
✔ Node: failures during and after the label UPDATE roll back every row and retain unexpected storage errors (28.182466ms)
✔ Node: the returned field belongs to this atomic write even when another label commits before the adapter returns (37.424327ms)
✔ Node: relabeling legacy columns retains divergent defaults, required layout, unique indexes and stored NULL values (45.620268ms)
✔ D1: selected partial registry.test.ts:668 label assertion (1265.641688ms)
✔ D1: string/text labels persist across restart while all other metadata, DDL, indexes, content and tokens remain unchanged (841.793466ms)
✔ D1: strict label-only validation rejects extra properties and invalid targets before storage without writes (1336.251491ms)
✔ D1: whitespace and labels longer than 200 characters retain the pinned nonempty-only contract (408.089577ms)
✔ D1: schema:manage alone can relabel and schema/content readers cannot mutate any row (599.031904ms)
✔ D1: identical labels are successful no-op values and same-field concurrent edits are last-writer-wins (489.958026ms)
✔ D1: independent fields keep separate results and do not change each other's attributes (207.229882ms)
✔ D1: a pre-label collection metadata token remains valid and metadata forms cannot overwrite field labels (299.24592ms)
✔ D1: metadata writes between label preflight and commit neither conflict nor lose either update (162.21088ms)
✔ D1: label writes during metadata preflight leave metadata CAS valid and preserve both updates (265.673989ms)
✔ D1: additive fields coexist with label edits even when schema version changes after preflight (269.979404ms)
✔ D1: collection/field target pairs isolate same-slug fields and missing targets write nothing (366.316034ms)
✔ D1: deletion of a field after preflight cannot relabel a different identity or report success (239.794105ms)
✔ D1: replacement of a field after preflight cannot relabel a different identity or report success (223.093846ms)
✔ D1: replacement of a collection and its same-slug fields after preflight preserves the replacement identities (291.193681ms)
✔ D1: failures during and after the label UPDATE roll back every row and retain unexpected storage errors (321.456261ms)
✔ D1: the returned field belongs to this atomic write even when another label commits before the adapter returns (175.446511ms)
✔ D1: relabeling legacy columns retains divergent defaults, required layout, unique indexes and stored NULL values (815.470829ms)
✔ options keep modes omit every domain metadata key, including submitted displayed values (27.107325ms)
✔ options set keys independently; label/default strings retain whitespace, empty default and unrestricted length (0.808984ms)
✔ validation native modes distinguish omission, null and empty replacement; one-sided bounds are independent (0.3327ms)
✔ native instance and selected values validate without introducing omitted metadata or unsupported edits (0.676565ms)
✔ options component owns a distinct registered instance with direct native spreads and explicit hidden values (8.685713ms)
✔ actual content service preserves arrays/media/numeric/boolean values through create/read/update (154.532099ms)
✔ actual content service reports every enum and numeric validation issue (62.442716ms)
✔ pinned constructor omission bug is preserved at the actual content service (78.522684ms)
▶ Zod Generator
  ▶ generateFieldSchema
    ✔ should generate string schema (2.826792ms)
    ✔ should generate number schema (0.641362ms)
    ✔ should generate integer schema (1.48647ms)
    ✔ should generate boolean schema (1.328664ms)
    ✔ should coerce stored 0/1 booleans to real booleans (0.695003ms)
    ✔ should preserve `.default(false)` chaining through the boolean preprocess (1.002074ms)
    ✔ should accept stored 0/1 booleans in partial-mode validation (3.222886ms)
    ✔ should generate url schema (1.002524ms)
    ✔ rejects url field value %j [dataset 0] (0.604597ms)
    ✔ rejects url field value %j [dataset 1] (0.327611ms)
    ✔ rejects url field value %j [dataset 2] (0.228202ms)
    ✔ rejects url field value %j [dataset 3] (0.170586ms)
    ✔ rejects url field value %j [dataset 4] (0.140721ms)
    ✔ rejects url field value %j [dataset 5] (0.142724ms)
    ✔ applies custom string validation to url fields (0.9863ms)
    ✔ should generate select schema with options (0.908383ms)
    ✔ should generate multiSelect schema (0.649905ms)
    ✔ should generate portableText schema (3.328835ms)
    ✔ should generate image schema (1.750106ms)
    ✔ accepts a dark variant on an image field and rejects a malformed one (9.377311ms)
    ✔ should make field optional when required is false (0.262754ms)
    ✔ should apply default value (0.208222ms)
    ✔ should apply string validation rules (0.487381ms)
    ✔ should apply number validation rules (1.993712ms)
  ✔ generateFieldSchema (35.463403ms)
  ▶ generateZodSchema
    ✔ should generate schema for collection with multiple fields (1.057056ms)
  ✔ generateZodSchema (1.554813ms)
  ▶ validateContent
    ✔ should return success for valid data (0.795153ms)
    ✔ should return errors for invalid data (0.530557ms)
  ✔ validateContent (1.41979ms)
  ▶ generateTypeScript
    ✔ should generate TypeScript interface (0.483325ms)
  ✔ generateTypeScript (0.5934ms)
  ▶ interface names derive from the singularized slug
    ✔ uses the slug, ignoring an arbitrary human label (0.343375ms)
    ✔ keeps names unique when singularization collapses two slugs (0.549214ms)
    ✔ keeps names unique when a suffixed name collides with another slug (0.213781ms)
    ✔ singularizes and PascalCases multi-word slugs (0.129795ms)
    ✔ singularizes a plural slug to describe a single entry (0.115533ms)
    ✔ leaves an already-singular slug unchanged (21.575425ms)
    ✔ references the same interface names in the EmDashCollections map (0.294512ms)
    ✔ includes BylineSummary in generated interface imports and byline property (0.150316ms)
  ✔ interface names derive from the singularized slug (23.681764ms)
  ▶ blocks fields in generated types
    ✔ emits retained version, per-type, and field unions (10.739355ms)
  ✔ blocks fields in generated types (10.835149ms)
  ▶ repeater fields in generated types
    ✔ builds a row object array from subFields (0.521002ms)
    ✔ types a sub-field that is not required as nullable (0.143516ms)
    ✔ enumerates the options of a select sub-field (0.158748ms)
    ✔ emits the media literal for an image sub-field (0.136054ms)
    ✔ maps a %s sub-field [dataset 0] (0.11309ms)
    ✔ maps a %s sub-field [dataset 1] (0.074251ms)
    ✔ maps a %s sub-field [dataset 2] (0.149244ms)
    ✔ maps a %s sub-field [dataset 3] (0.09944ms)
    ✔ maps a %s sub-field [dataset 4] (0.064106ms)
    ✔ maps a %s sub-field [dataset 5] (0.072209ms)
    ✔ maps a %s sub-field [dataset 6] (0.058208ms)
    ✔ maps a %s sub-field [dataset 7] (0.534492ms)
    ✔ maps a %s sub-field [dataset 8] (3.271949ms)
    ✔ falls back to unknown when subFields is absent (0.127091ms)
    ✔ falls back to unknown when subFields is empty (0.141762ms)
    ✔ falls back to unknown when subFields is %j [dataset 0] (0.0936ms)
    ✔ falls back to unknown when subFields is %j [dataset 1] (0.063845ms)
    ✔ falls back to unknown when subFields is %j [dataset 2] (0.057357ms)
    ✔ falls back to unknown when subFields is %j [dataset 3] (0.109855ms)
    ✔ falls back to unknown when subFields is %j [dataset 4] (0.056484ms)
    ▶ sub-field slugs that are not bare identifiers
      ✔ emits a parseable declaration file for %j [dataset 0] (2.044948ms)
      ✔ emits a parseable declaration file for %j [dataset 1] (0.828353ms)
      ✔ emits a parseable declaration file for %j [dataset 2] (1.690366ms)
      ✔ emits a parseable declaration file for %j [dataset 3] (0.632959ms)
      ✔ does not let a slug restructure the emitted type (1.434953ms)
    ✔ sub-field slugs that are not bare identifiers (7.814486ms)
    ▶ duplicate sub-field slugs
      ✔ declares a duplicated slug once (1.151688ms)
      ✔ keeps the last declaration of a duplicated slug (0.808584ms)
      ✔ declares the members the row schema accepts (1.1527ms)
    ✔ duplicate sub-field slugs (3.255996ms)
    ✔ keeps a required repeater non-optional (0.129775ms)
  ✔ repeater fields in generated types (17.814171ms)
  ▶ reference fields
    ✔ validates a field with no relation as the entry id string it stores (0.586339ms)
    ✔ leaves a field bound to a relation out of the data schema (0.370256ms)
    ✔ types a field with no relation as a string and omits a bound one (0.135303ms)
  ✔ reference fields (1.228053ms)
  ▶ reference interfaces in the generated file
    ✔ emits a page per bound field, typed to the target collection (0.30645ms)
    ✔ registers the references interface under EmDashCollectionReferences (0.141733ms)
    ✔ imports ReferencePage only when a bound reference field exists (0.147452ms)
    ✔ emits nothing for a collection whose reference fields are all unbound (0.123926ms)
    ✔ leaves the page un-narrowed when the target is not in the file (0.10658ms)
  ✔ reference interfaces in the generated file (0.961212ms)
✔ Zod Generator (94.509144ms)
▶ SchemaRegistry
  ▶ Collection Operations
    ✔ should create a collection (83.159342ms)
    ✔ F14: defaults supports to ['drafts', 'revisions'] when undefined (37.817786ms)
    ✔ F14: preserves explicit empty supports array (opt-out) (45.651751ms)
    ✔ defaults collections to routable and preserves explicit opt-out (44.51753ms)
    ✔ should create the content table when creating a collection (65.040935ms)
    ✔ rejects an unregistered content table with a structured conflict (48.045163ms)
    ✔ should list collections (73.060583ms)
    ▶ sidebar sort order
      ✔ has no explicit order by default (67.647507ms)
      ✔ lists explicitly ordered collections first, then the rest alphabetically (38.345759ms)
      ✔ applies the same order to listCollectionsWithFields (the manifest path) (45.957239ms)
      ✔ reorderCollections assigns positions in the given order (40.77961ms)
      ✔ reorderCollections clears the position of collections left out (75.787712ms)
      ✔ reorderCollections rejects unknown slugs without touching the order (46.407125ms)
      ✔ reorderCollections rejects duplicate slugs (54.881521ms)
      ✔ update preserves the position when sortOrder is omitted, and clears it on null (21.602735ms)
      ✔ rejects `reorder` as a collection slug (shadowed by the reorder route) (25.329047ms)
    ✔ sidebar sort order (417.717503ms)
    ✔ should get a collection by slug (51.005204ms)
    ✔ should return null for non-existent collection (22.801975ms)
    ✔ should update a collection (28.810831ms)
    ✔ touches updatedAt for an empty update (48.744222ms)
    ✔ collections are visible in the sidebar by default (25.940133ms)
    ✔ creates a collection hidden from the sidebar (27.618001ms)
    ✔ toggles hidden on an existing collection (53.366567ms)
    ✔ preserves hidden when an update omits it (27.894165ms)
    ✔ groups a collection into a sidebar folder and moves it back inline (24.573613ms)
    ✔ clears a collection icon with an empty string (47.548177ms)
    ✔ persists collection admin list columns (36.073939ms)
    ✔ should throw when updating non-existent collection (44.593934ms)
    ✔ should delete a collection (27.0374ms)
    ✔ should throw when creating duplicate collection (21.987272ms)
    ✔ should reject reserved collection slugs (21.934172ms)
    ✔ should validate collection slug format (33.178505ms)
  ✔ Collection Operations (1360.850897ms)
  ▶ Field Operations
    ✔ preserves unsupported stored field types instead of treating them as strings (44.039131ms)
    ✔ preserves unsupported stored repeater sub-field types (70.771955ms)
    ✔ should create a field (43.781505ms)
    ✔ keeps an indexed field's physical index in sync (87.494668ms)
    ✔ keeps metadata and its physical index aligned when indexed changes from %s to %s during concurrent updates [dataset 0] (80.112871ms)
    ✔ keeps metadata and its physical index aligned when indexed changes from %s to %s during concurrent updates [dataset 1] (65.34375ms)
    ✔ drops the index when an indexed field moves to a type that cannot carry one (45.820114ms)
    ✔ reuses an existing generated index when enabling indexed metadata (66.635418ms)
    ✔ uses the generated index for indexed custom field ordering (57.423479ms)
    ✔ rejects indexes for non-scalar fields (64.246463ms)
    ✔ should add column to content table when creating field (41.571439ms)
    ✔ should list fields for a collection (66.583639ms)
    ✔ should get a field by slug (61.549256ms)
    ✔ should update a field (66.578181ms)
    ✔ updates a field type when the column affinity is unchanged (#1397) (80.75204ms)
    ✔ rejects a field type change that would alter the column type (#1397) (76.129348ms)
    ✔ should delete a field (53.604711ms)
    ✔ should reject reserved field slugs (75.820025ms)
    ✔ should map field types to correct column types (69.789002ms)
    ✔ should reorder fields (26.112174ms)
  ✔ Field Operations (1245.629136ms)
  ▶ Collection with Fields
    ✔ should get collection with all fields (39.694292ms)
    ✔ should cascade delete fields when deleting collection (20.724082ms)
  ✔ Collection with Fields (60.660067ms)
✔ SchemaRegistry (2667.610775ms)
✔ Node: create derives SEO support unless explicitly overridden (66.75688ms)
✔ Node: update derives supplied SEO support while preserving explicit and omitted values (31.852315ms)
✔ Node: collection reorder touches listed and cleared timestamps without a version bump and rejects stale CAS (56.523275ms)
✔ Node: deleting titleField clears its pointer and touches only that collection timestamp without a version bump (35.030503ms)
✔ Node: deleting dateField clears its pointer and touches only that collection timestamp without a version bump (74.885242ms)
✔ Node: deleting an unreferenced field leaves collection metadata timestamps intact (46.815557ms)
✔ Node: actual create and partial update reject nested lossy JSON with zero persisted changes (48.977171ms)
✔ D1: create derives SEO support unless explicitly overridden (1442.958435ms)
✔ D1: update derives supplied SEO support while preserving explicit and omitted values (393.877088ms)
✔ D1: collection reorder touches listed and cleared timestamps without a version bump and rejects stale CAS (425.640261ms)
✔ D1: deleting titleField clears its pointer and touches only that collection timestamp without a version bump (370.232264ms)
✔ D1: deleting dateField clears its pointer and touches only that collection timestamp without a version bump (479.693571ms)
✔ D1: deleting an unreferenced field leaves collection metadata timestamps intact (315.562381ms)
✔ D1: actual create and partial update reject nested lossy JSON with zero persisted changes (323.84957ms)
✔ the persisted registry creates every pinned EmDash 1.1.0 field type (122.892782ms)
✔ defaults collections to routable and preserves explicit opt-out (31.303263ms)
✔ version 1 metadata upgrade retains physical columns, rows, and divergent legacy defaults (132.041367ms)
✔ version 2 metadata upgrade retains physical columns, rows, and divergent legacy defaults (53.401015ms)
✔ failure during each new metadata/identity DDL restores the exact legacy schema and rows (365.901117ms)
✔ incomplete identity layouts and temporary metadata objects reject without repair (107.418416ms)
✔ own JSON keys round-trip with normal prototypes and no global mutation (4.113942ms)
✔ custom transport cannot disguise lossy JSON, cycles, getters or custom objects (0.6665ms)
✔ malformed custom decoder data fails without exposing the supplied value (1.079319ms)
✔ Node: live metadata saves keep staged data and slug unpublished (87.352492ms)
✔ Node: revision restore cannot replace a save before-refetch (46.608735ms)
✔ Node: revision restore cannot replace a save after-refetch (46.558109ms)
✔ Node: plain restore cannot replace a save before-refetch (30.897344ms)
✔ Node: plain restore cannot replace a save after-refetch (74.915693ms)
[emdash:redirects] publishing redirect artifacts failed: Error: driver has already been destroyed
    at RuntimeDriver.acquireConnection (file:///workspace/cms-complete-seo-storage-backend/node_modules/.pnpm/kysely@0.29.2/node_modules/kysely/dist/driver/runtime-driver.js:44:19)
    at DefaultConnectionProvider.provideConnection (file:///workspace/cms-complete-seo-storage-backend/node_modules/.pnpm/kysely@0.29.2/node_modules/kysely/dist/driver/default-connection-provider.js:8:47)
    at DefaultQueryExecutor.provideConnection (file:///workspace/cms-complete-seo-storage-backend/node_modules/.pnpm/kysely@0.29.2/node_modules/kysely/dist/query-executor/default-query-executor.js:20:41)
    at TransactionBuilder.execute (file:///workspace/cms-complete-seo-storage-backend/node_modules/.pnpm/kysely@0.29.2/node_modules/kysely/dist/kysely.js:672:37)
    at withTransaction (file:///workspace/cms-complete-seo-storage-backend/src/lib/server/database/lifecycle/upstream/database/transaction.ts:63:41)
    at publishRedirectArtifacts (file:///workspace/cms-complete-seo-storage-backend/src/lib/server/redirects/artifacts.ts:185:8)
    at async publishRedirectChanges (file:///workspace/cms-complete-seo-storage-backend/src/lib/server/redirects/artifacts.ts:277:3)
✔ D1: live metadata saves keep staged data and slug unpublished (1737.453364ms)
[emdash:redirects] publishing redirect artifacts failed: Error: driver has already been destroyed
    at RuntimeDriver.acquireConnection (file:///workspace/cms-complete-seo-storage-backend/node_modules/.pnpm/kysely@0.29.2/node_modules/kysely/dist/driver/runtime-driver.js:44:19)
    at DefaultConnectionProvider.provideConnection (file:///workspace/cms-complete-seo-storage-backend/node_modules/.pnpm/kysely@0.29.2/node_modules/kysely/dist/driver/default-connection-provider.js:8:47)
    at DefaultQueryExecutor.provideConnection (file:///workspace/cms-complete-seo-storage-backend/node_modules/.pnpm/kysely@0.29.2/node_modules/kysely/dist/query-executor/default-query-executor.js:20:41)
    at ConnectionBuilder.execute (file:///workspace/cms-complete-seo-storage-backend/node_modules/.pnpm/kysely@0.29.2/node_modules/kysely/dist/kysely.js:644:37)
    at publishD1RedirectArtifacts (file:///workspace/cms-complete-seo-storage-backend/src/lib/server/redirects/artifact-publication-d1.ts:43:25)
    at publishRedirectArtifacts (file:///workspace/cms-complete-seo-storage-backend/src/lib/server/redirects/artifacts.ts:184:12)
    at async publishRedirectChanges (file:///workspace/cms-complete-seo-storage-backend/src/lib/server/redirects/artifacts.ts:277:3)
✔ D1: revision restore cannot replace a save before-refetch (452.842877ms)
✔ D1: revision restore cannot replace a save after-refetch (497.350281ms)
✔ D1: plain restore cannot replace a save before-refetch (349.106877ms)
✔ D1: plain restore cannot replace a save after-refetch (300.242287ms)
✔ Node: fresh canonical startup publishes, stages, rolls back and retains history on reopen (296.046968ms)
✔ Node: v4 canonical startup publishes, stages, rolls back and retains history on reopen (133.81014ms)
✔ D1: fresh canonical startup publishes, stages, rolls back and retains history on reopen (1784.804779ms)
✔ D1: v4 canonical startup publishes, stages, rolls back and retains history on reopen (1934.042544ms)
(node:2596440) ExperimentalWarning: stripTypeScriptTypes is an experimental feature and might change at any time
(Use `node --trace-warnings ...` to show where the warning was created)
✔ Node: real later metadata replacement is accepted on canonical restart (31.749017ms)
✔ Node: malformed latest static metadata rejects before dynamic descriptors (17.638382ms)
✔ D1: real later metadata replacement is accepted on canonical restart (1533.54718ms)
✔ D1: malformed latest static metadata rejects before dynamic descriptors (86.49874ms)
▶ packages/core/tests/integration/content/blank-array-field.test.ts
  ✔ saves blank strings as null on create (190.710987ms)
  ✔ saves an entry read back with a stored blank body (120.692991ms)
  ✔ still rejects a blank body on a required field (74.334832ms)
✔ packages/core/tests/integration/content/blank-array-field.test.ts (386.94624ms)
▶ packages/core/tests/integration/content/deleted-field-stranded-entry.test.ts
  ✔ publishes the existing draft without another save (78.45398ms)
✔ packages/core/tests/integration/content/deleted-field-stranded-entry.test.ts (78.951676ms)
(node:2596619) ExperimentalWarning: stripTypeScriptTypes is an experimental feature and might change at any time
(Use `node --trace-warnings ...` to show where the warning was created)
✔ Node: exact managed version-suffix FTS survives restart, index repair and live effects (61.448598ms)
✔ Node: complete source group may precede config or remain disabled (33.317668ms)
✔ Node: incomplete, spoofed and malformed managed ownership rejects without startup writes (174.9029ms)
✔ Node: managed group, trigger and metadata races abort before index backfill (150.251626ms)
✔ Node: unrelated operator and live search row writes remain allowed during backfill (35.477529ms)
✔ Node: maximum declared fields fit the native D1 binding budget during backfill (118.179019ms)
✔ Node: every orphan version-suffix companion rejects preflight (241.815201ms)
✔ Node: every orphan version-suffix companion rejects batch races (449.746067ms)
✔ Node: separate namespace companion lookalikes remain ordinary operators (13.949496ms)
✔ D1: exact managed version-suffix FTS survives restart, index repair and live effects (1897.539788ms)
✔ D1: complete source group may precede config or remain disabled (708.488348ms)
✔ D1: incomplete, spoofed and malformed managed ownership rejects without startup writes (4638.552238ms)
✔ D1: managed group, trigger and metadata races abort before index backfill (3746.893253ms)
✔ D1: unrelated operator and live search row writes remain allowed during backfill (601.745422ms)
✔ D1: maximum declared fields fit the native D1 binding budget during backfill (1980.730588ms)
✔ D1: every orphan version-suffix companion rejects preflight (6722.889465ms)
✔ D1: every orphan version-suffix companion rejects batch races (5011.830206ms)
✔ D1: separate namespace companion lookalikes remain ordinary operators (369.574301ms)
✔ Node: invalid mixed publication date preserves the pinned partial draft commit (140.951203ms)
[revisions] Failed to prune revisions for post/01M4562ZRHKVT98ZST1FY3K568: Error: review prune fault
    at Object.run (file:///workspace/cms-complete-seo-storage-backend/src/lib/server/database/node-sqlite-compat.ts:87:38)
    at SqliteConnection.executeQuery (file:///workspace/cms-complete-seo-storage-backend/node_modules/.pnpm/kysely@0.29.2/node_modules/kysely/dist/dialect/sqlite/sqlite-driver.js:64:51)
    at file:///workspace/cms-complete-seo-storage-backend/node_modules/.pnpm/kysely@0.29.2/node_modules/kysely/dist/query-executor/query-executor-base.js:39:41
    at DefaultConnectionProvider.provideConnection (file:///workspace/cms-complete-seo-storage-backend/node_modules/.pnpm/kysely@0.29.2/node_modules/kysely/dist/driver/default-connection-provider.js:10:26)
    at async DefaultQueryExecutor.executeQuery (file:///workspace/cms-complete-seo-storage-backend/node_modules/.pnpm/kysely@0.29.2/node_modules/kysely/dist/query-executor/query-executor-base.js:38:28)
    at async RevisionRepository.pruneOldRevisions (file:///workspace/cms-complete-seo-storage-backend/src/lib/server/database/lifecycle/upstream/database/repositories/revision.ts:305:18)
    at async RevisionRepository.pruneQueuedEntry (file:///workspace/cms-complete-seo-storage-backend/src/lib/server/database/lifecycle/upstream/database/repositories/revision.ts:327:18)
    at async task (file:///workspace/cms-complete-seo-storage-backend/src/lib/server/database/lifecycle/service.ts:127:12)
    at async Object.flush (file:///workspace/cms-complete-seo-storage-backend/tests/lifecycle-review-regressions.test.ts:27:61)
    at async TestContext.<anonymous> (file:///workspace/cms-complete-seo-storage-backend/tests/lifecycle-review-regressions.test.ts:125:12) {
  code: 'ERR_SQLITE_ERROR',
  errcode: 1811,
  errstr: 'constraint failed'
}
[revisions] Failed to schedule pruning for post/01M4562ZZ8YZ9JHB1RQ7PD2Q9F: Error: no such column: missing_capture_column
    at NodeSqliteCompatDatabase.prepare (file:///workspace/cms-complete-seo-storage-backend/src/lib/server/database/node-sqlite-compat.ts:82:36)
    at SqliteConnection.executeQuery (file:///workspace/cms-complete-seo-storage-backend/node_modules/.pnpm/kysely@0.29.2/node_modules/kysely/dist/dialect/sqlite/sqlite-driver.js:58:31)
    at file:///workspace/cms-complete-seo-storage-backend/node_modules/.pnpm/kysely@0.29.2/node_modules/kysely/dist/query-executor/query-executor-base.js:39:41
    at DefaultConnectionProvider.provideConnection (file:///workspace/cms-complete-seo-storage-backend/node_modules/.pnpm/kysely@0.29.2/node_modules/kysely/dist/driver/default-connection-provider.js:10:26)
    at async DefaultQueryExecutor.executeQuery (file:///workspace/cms-complete-seo-storage-backend/node_modules/.pnpm/kysely@0.29.2/node_modules/kysely/dist/query-executor/query-executor-base.js:38:28)
    at async Object.unpublish (file:///workspace/cms-complete-seo-storage-backend/src/lib/server/database/lifecycle/service.ts:337:23)
    at async TestContext.<anonymous> (file:///workspace/cms-complete-seo-storage-backend/tests/lifecycle-review-regressions.test.ts:158:19)
    at async Test.run (node:internal/test_runner/test:1389:7)
    at async Test.processPendingSubtests (node:internal/test_runner/test:960:7) {
  code: 'ERR_SQLITE_ERROR',
  errcode: 1,
  errstr: 'SQL logic error'
}
✔ Node: slug-only update preserves the pinned public runtime live write (110.120305ms)
✔ Node: unpublish cycles drain actual queued history at the source retention cap (696.393131ms)
✔ Node: accepted ISO metadata SQL fault preserves the pinned mixed draft commit (75.086068ms)
✔ Node: unpublish pruning preserves a newer queued boundary and the current draft (112.766252ms)
✔ Node: accepted unpublish isolates a real prune fault and retains queued work for retry (205.002375ms)
✔ Node: a real queue-capture SELECT fault cannot reject an accepted unpublish (104.924361ms)
✔ D1: invalid mixed publication date preserves the pinned partial draft commit (2174.142526ms)
✔ D1: slug-only update preserves the pinned public runtime live write (613.467858ms)
✔ D1: unpublish cycles drain actual queued history at the source retention cap (9739.870409ms)
✔ D1: accepted ISO metadata SQL fault preserves the pinned mixed draft commit (449.396035ms)
✔ D1: unpublish pruning preserves a newer queued boundary and the current draft (1919.608291ms)
[revisions] Failed to prune revisions for post/01M4563ERCHMD5NTQG6EN9GX6F: Error: D1_ERROR: review prune fault: SQLITE_CONSTRAINT (extended: SQLITE_CONSTRAINT_TRIGGER)
    at Error (file:///workspace/cms-complete-seo-storage-backend/tests/helpers/async-d1-storage.ts:41:19)
    at hydrate (file:///workspace/cms-complete-seo-storage-backend/node_modules/.pnpm/devalue@5.9.4/node_modules/devalue/src/parse.js:107:24)
    at hydrate (file:///workspace/cms-complete-seo-storage-backend/node_modules/.pnpm/devalue@5.9.4/node_modules/devalue/src/parse.js:271:26)
    at unflatten (file:///workspace/cms-complete-seo-storage-backend/node_modules/.pnpm/devalue@5.9.4/node_modules/devalue/src/parse.js:278:9)
    ... 3 lines matching cause stack trace ...
    at async execute (file:///workspace/cms-complete-seo-storage-backend/tests/helpers/async-d1-storage.ts:56:18)
    at async D1Connection.executeQuery (file:///workspace/cms-complete-seo-storage-backend/src/lib/server/database/d1.ts:55:29)
    at async file:///workspace/cms-complete-seo-storage-backend/node_modules/.pnpm/kysely@0.29.2/node_modules/kysely/dist/query-executor/query-executor-base.js:39:24 {
  [cause]: Error: review prune fault: SQLITE_CONSTRAINT (extended: SQLITE_CONSTRAINT_TRIGGER)
      at Error (file:///workspace/cms-complete-seo-storage-backend/tests/helpers/async-d1-storage.ts:41:19)
      at hydrate (file:///workspace/cms-complete-seo-storage-backend/node_modules/.pnpm/devalue@5.9.4/node_modules/devalue/src/parse.js:107:24)
      at hydrate (file:///workspace/cms-complete-seo-storage-backend/node_modules/.pnpm/devalue@5.9.4/node_modules/devalue/src/parse.js:271:26)
      at hydrate (file:///workspace/cms-complete-seo-storage-backend/node_modules/.pnpm/devalue@5.9.4/node_modules/devalue/src/parse.js:107:32)
      at hydrate (file:///workspace/cms-complete-seo-storage-backend/node_modules/.pnpm/devalue@5.9.4/node_modules/devalue/src/parse.js:271:26)
      at unflatten (file:///workspace/cms-complete-seo-storage-backend/node_modules/.pnpm/devalue@5.9.4/node_modules/devalue/src/parse.js:278:9)
      at parse (file:///workspace/cms-complete-seo-storage-backend/node_modules/.pnpm/devalue@5.9.4/node_modules/devalue/src/parse.js:21:9)
      at file:///workspace/cms-complete-seo-storage-backend/tests/helpers/async-d1-storage.ts:51:21
      at process.processTicksAndRejections (node:internal/process/task_queues:104:5)
      at async execute (file:///workspace/cms-complete-seo-storage-backend/tests/helpers/async-d1-storage.ts:56:18) {
    [cause]: undefined
  }
}
✔ D1: accepted unpublish isolates a real prune fault and retains queued work for retry (1823.707262ms)
[revisions] Failed to schedule pruning for post/01M4563GJEHVAJ6XFKAJJ6NRVK: Error: D1_ERROR: no such column: missing_capture_column at offset 7: SQLITE_ERROR
    at Error (file:///workspace/cms-complete-seo-storage-backend/tests/helpers/async-d1-storage.ts:41:19)
    at hydrate (file:///workspace/cms-complete-seo-storage-backend/node_modules/.pnpm/devalue@5.9.4/node_modules/devalue/src/parse.js:107:24)
    at hydrate (file:///workspace/cms-complete-seo-storage-backend/node_modules/.pnpm/devalue@5.9.4/node_modules/devalue/src/parse.js:271:26)
    at unflatten (file:///workspace/cms-complete-seo-storage-backend/node_modules/.pnpm/devalue@5.9.4/node_modules/devalue/src/parse.js:278:9)
    ... 3 lines matching cause stack trace ...
    at async execute (file:///workspace/cms-complete-seo-storage-backend/tests/helpers/async-d1-storage.ts:56:18)
    at async D1Connection.executeQuery (file:///workspace/cms-complete-seo-storage-backend/src/lib/server/database/d1.ts:55:29)
    at async file:///workspace/cms-complete-seo-storage-backend/node_modules/.pnpm/kysely@0.29.2/node_modules/kysely/dist/query-executor/query-executor-base.js:39:24 {
  [cause]: Error: no such column: missing_capture_column at offset 7: SQLITE_ERROR
      at Error (file:///workspace/cms-complete-seo-storage-backend/tests/helpers/async-d1-storage.ts:41:19)
      at hydrate (file:///workspace/cms-complete-seo-storage-backend/node_modules/.pnpm/devalue@5.9.4/node_modules/devalue/src/parse.js:107:24)
      at hydrate (file:///workspace/cms-complete-seo-storage-backend/node_modules/.pnpm/devalue@5.9.4/node_modules/devalue/src/parse.js:271:26)
      at hydrate (file:///workspace/cms-complete-seo-storage-backend/node_modules/.pnpm/devalue@5.9.4/node_modules/devalue/src/parse.js:107:32)
      at hydrate (file:///workspace/cms-complete-seo-storage-backend/node_modules/.pnpm/devalue@5.9.4/node_modules/devalue/src/parse.js:271:26)
      at unflatten (file:///workspace/cms-complete-seo-storage-backend/node_modules/.pnpm/devalue@5.9.4/node_modules/devalue/src/parse.js:278:9)
      at parse (file:///workspace/cms-complete-seo-storage-backend/node_modules/.pnpm/devalue@5.9.4/node_modules/devalue/src/parse.js:21:9)
      at file:///workspace/cms-complete-seo-storage-backend/tests/helpers/async-d1-storage.ts:51:21
      at process.processTicksAndRejections (node:internal/process/task_queues:104:5)
      at async execute (file:///workspace/cms-complete-seo-storage-backend/tests/helpers/async-d1-storage.ts:56:18) {
    [cause]: undefined
  }
}
✔ D1: a real queue-capture SELECT fault cannot reject an accepted unpublish (469.369949ms)
[revisions] Failed to schedule pruning for post/01M4562ZEZE0WXJPDEVVN2RCMA: Error: native synchronous scheduler fault
    at TestContext.<anonymous> (file:///workspace/cms-complete-seo-storage-backend/tests/lifecycle-scheduling-regressions.test.ts:35:30)
    at async Test.run (node:internal/test_runner/test:1389:7)
    at async startSubtestAfterBootstrap (node:internal/test_runner/harness:387:3)
[revisions] Failed to schedule pruning for post/01M4562ZJR88GANW9Q69FYR00Y: Error: native synchronous scheduler fault
    at TestContext.<anonymous> (file:///workspace/cms-complete-seo-storage-backend/tests/lifecycle-scheduling-regressions.test.ts:35:30)
    at async Test.run (node:internal/test_runner/test:1389:7)
    at async Test.processPendingSubtests (node:internal/test_runner/test:960:7)
[revisions] Failed to schedule pruning for post/01M4562ZP5FEJC6SH5ADA6SBFQ: Error: native synchronous scheduler fault
    at TestContext.<anonymous> (file:///workspace/cms-complete-seo-storage-backend/tests/lifecycle-scheduling-regressions.test.ts:35:30)
    at async Test.run (node:internal/test_runner/test:1389:7)
    at async Test.processPendingSubtests (node:internal/test_runner/test:960:7)
[revisions] Failed to schedule pruning for post/01M4562ZSCV2A2PF4J9D5W90C7: Error: native synchronous scheduler fault
    at TestContext.<anonymous> (file:///workspace/cms-complete-seo-storage-backend/tests/lifecycle-scheduling-regressions.test.ts:35:30)
    at async Test.run (node:internal/test_runner/test:1389:7)
    at async Test.processPendingSubtests (node:internal/test_runner/test:960:7)
✔ Node: save survives scheduler failure and queued work retries (149.973715ms)
✔ Node: restore-draft survives scheduler failure and queued work retries (129.40336ms)
✔ Node: restore-plain survives scheduler failure and queued work retries (69.421995ms)
✔ Node: unpublish survives scheduler failure and queued work retries (171.304508ms)
[revisions] Failed to schedule pruning for post/01M45631CSK24PZK875VZ8SAJA: Error: native synchronous scheduler fault
    at TestContext.<anonymous> (file:///workspace/cms-complete-seo-storage-backend/tests/lifecycle-scheduling-regressions.test.ts:35:30)
    at process.processTicksAndRejections (node:internal/process/task_queues:104:5)
    at async Test.run (node:internal/test_runner/test:1389:7)
    at async Test.processPendingSubtests (node:internal/test_runner/test:960:7)
✔ D1: save survives scheduler failure and queued work retries (4004.111952ms)
[revisions] Failed to schedule pruning for post/01M456343N59N6QQ5VME556CYS: Error: native synchronous scheduler fault
    at TestContext.<anonymous> (file:///workspace/cms-complete-seo-storage-backend/tests/lifecycle-scheduling-regressions.test.ts:35:30)
    at process.processTicksAndRejections (node:internal/process/task_queues:104:5)
    at async Test.run (node:internal/test_runner/test:1389:7)
    at async Test.processPendingSubtests (node:internal/test_runner/test:960:7)
✔ D1: restore-draft survives scheduler failure and queued work retries (2361.585533ms)
[revisions] Failed to schedule pruning for post/01M45636BTDHDTMXGSKD2DB7KH: Error: native synchronous scheduler fault
    at TestContext.<anonymous> (file:///workspace/cms-complete-seo-storage-backend/tests/lifecycle-scheduling-regressions.test.ts:35:30)
    at process.processTicksAndRejections (node:internal/process/task_queues:104:5)
    at async Test.run (node:internal/test_runner/test:1389:7)
    at async Test.processPendingSubtests (node:internal/test_runner/test:960:7)
✔ D1: restore-plain survives scheduler failure and queued work retries (2262.566123ms)
[revisions] Failed to schedule pruning for post/01M45638GH6XN2ER7NER3EZP39: Error: native synchronous scheduler fault
    at TestContext.<anonymous> (file:///workspace/cms-complete-seo-storage-backend/tests/lifecycle-scheduling-regressions.test.ts:35:30)
    at process.processTicksAndRejections (node:internal/process/task_queues:104:5)
    at async Test.run (node:internal/test_runner/test:1389:7)
    at async Test.processPendingSubtests (node:internal/test_runner/test:960:7)
✔ D1: unpublish survives scheduler failure and queued work retries (1772.092761ms)
✔ Node: staged slug collision preserves its public code and both complete entries (237.372353ms)
✔ D1: staged slug collision preserves its public code and both complete entries (3369.234994ms)
✔ Node: forward cross-collection and self-reference triggers survive the complete rebuild (314.242733ms)
✔ Node: reverse cross-collection and self-reference triggers survive the complete rebuild (209.603924ms)
✔ Node: unchanged-owner cross-collection and self-reference triggers survive the complete rebuild (180.412078ms)
✔ D1: forward cross-collection and self-reference triggers survive the complete rebuild (3845.658197ms)
✔ D1: reverse cross-collection and self-reference triggers survive the complete rebuild (2733.14672ms)
✔ D1: unchanged-owner cross-collection and self-reference triggers survive the complete rebuild (1577.863093ms)
✔ Node: preinstalled view content dependency rejects without writes (57.607898ms)
✔ Node: race view content dependency rejects without writes (33.118413ms)
✔ Node: preinstalled external-trigger content dependency rejects without writes (11.285173ms)
✔ Node: race external-trigger content dependency rejects without writes (29.052963ms)
✔ Node: qualified, joined, grouped and mutating content dependencies reject unchanged (112.855833ms)
✔ Node: unrelated operator views, triggers, CTE names, literals and comments remain unchanged (67.095864ms)
✔ D1: preinstalled view content dependency rejects without writes (2313.502232ms)
✔ D1: race view content dependency rejects without writes (783.330861ms)
✔ D1: preinstalled external-trigger content dependency rejects without writes (292.561502ms)
✔ D1: race external-trigger content dependency rejects without writes (523.33169ms)
✔ D1: qualified, joined, grouped and mutating content dependencies reject unchanged (2434.390603ms)
✔ D1: unrelated operator views, triggers, CTE names, literals and comments remain unchanged (811.014249ms)
✔ Node: existing-table rejects fresh orphan content without migration writes (46.640502ms)
✔ Node: existing-view rejects fresh orphan content without migration writes (5.557739ms)
✔ Node: race-table rejects fresh orphan content without migration writes (25.501233ms)
✔ D1: existing-table rejects fresh orphan content without migration writes (1109.74596ms)
✔ D1: existing-view rejects fresh orphan content without migration writes (54.193134ms)
✔ D1: race-table rejects fresh orphan content without migration writes (134.808061ms)
✔ Node: fresh preinstalled reserved table names reject in both cases (29.90428ms)
✔ Node: fresh preinstalled reserved view names reject in both cases (11.667687ms)
✔ Node: fresh preinstalled reserved index names reject in both cases (10.879283ms)
✔ Node: fresh racing reserved table names reject in both cases (23.708573ms)
✔ Node: fresh racing reserved view names reject in both cases (32.735128ms)
✔ Node: fresh racing reserved index names reject in both cases (15.042721ms)
✔ Node: fresh content-like operator trigger names occupy a separate namespace (185.159522ms)
✔ Node: v4 preinstalled reserved table names reject in both cases (39.391415ms)
✔ Node: v4 preinstalled reserved view names reject in both cases (55.307255ms)
✔ Node: v4 preinstalled reserved index names reject in both cases (27.781354ms)
✔ Node: v4 racing reserved table names reject in both cases (112.408564ms)
✔ Node: v4 racing reserved view names reject in both cases (73.709777ms)
✔ Node: v4 racing reserved index names reject in both cases (50.99783ms)
✔ Node: v4 content-like operator trigger names occupy a separate namespace (361.873226ms)
✔ Node: v5 preinstalled reserved table names reject in both cases (17.265906ms)
✔ Node: v5 preinstalled reserved view names reject in both cases (20.5002ms)
✔ Node: v5 preinstalled reserved index names reject in both cases (36.848249ms)
✔ Node: v5 racing reserved table names reject in both cases (48.653301ms)
✔ Node: v5 racing reserved view names reject in both cases (62.553338ms)
✔ Node: v5 racing reserved index names reject in both cases (199.742403ms)
✔ Node: v5 content-like operator trigger names occupy a separate namespace (279.08889ms)
✔ Node: v8 preinstalled reserved table names reject in both cases (40.186029ms)
✔ Node: v8 preinstalled reserved view names reject in both cases (73.227149ms)
✔ Node: v8 preinstalled reserved index names reject in both cases (57.849459ms)
✔ Node: v8 racing reserved table names reject in both cases (99.726314ms)
✔ Node: v8 racing reserved view names reject in both cases (144.21014ms)
✔ Node: v8 racing reserved index names reject in both cases (115.064574ms)
✔ Node: v8 content-like operator trigger names occupy a separate namespace (366.305503ms)
✔ Node: v4 attached mixed-case trigger owners retain original SQL and effects (49.448205ms)
✔ Node: v4 preinstalled orphan field metadata rejects without writes (12.399853ms)
✔ Node: v4 racing orphan field metadata rejects without writes (44.701223ms)
✔ Node: v4 unmanaged operator FK violations do not reject valid CMS metadata (50.221143ms)
✔ Node: v5 attached mixed-case trigger owners retain original SQL and effects (82.369014ms)
✔ Node: v5 preinstalled orphan field metadata rejects without writes (9.694794ms)
✔ Node: v5 racing orphan field metadata rejects without writes (20.217672ms)
✔ Node: v5 unmanaged operator FK violations do not reject valid CMS metadata (92.875245ms)
✔ Node: v8 attached mixed-case trigger owners retain original SQL and effects (86.693461ms)
✔ Node: v8 preinstalled orphan field metadata rejects without writes (25.997433ms)
✔ Node: v8 racing orphan field metadata rejects without writes (43.310035ms)
✔ Node: v8 unmanaged operator FK violations do not reject valid CMS metadata (83.615729ms)
✔ D1: fresh preinstalled reserved table names reject in both cases (1723.545364ms)
✔ D1: fresh preinstalled reserved view names reject in both cases (430.891167ms)
✔ D1: fresh preinstalled reserved index names reject in both cases (547.495777ms)
✔ D1: fresh racing reserved table names reject in both cases (543.571872ms)
✔ D1: fresh racing reserved view names reject in both cases (408.63299ms)
✔ D1: fresh racing reserved index names reject in both cases (265.914657ms)
✔ D1: fresh content-like operator trigger names occupy a separate namespace (2047.008745ms)
✔ D1: v4 preinstalled reserved table names reject in both cases (1107.876959ms)
✔ D1: v4 preinstalled reserved view names reject in both cases (704.426789ms)
✔ D1: v4 preinstalled reserved index names reject in both cases (1055.050827ms)
✔ D1: v4 racing reserved table names reject in both cases (1727.978431ms)
✔ D1: v4 racing reserved view names reject in both cases (1352.36831ms)
✔ D1: v4 racing reserved index names reject in both cases (1317.769309ms)
✔ D1: v4 content-like operator trigger names occupy a separate namespace (2930.953112ms)
✔ D1: v5 preinstalled reserved table names reject in both cases (496.643519ms)
✔ D1: v5 preinstalled reserved view names reject in both cases (504.986331ms)
✔ D1: v5 preinstalled reserved index names reject in both cases (557.682748ms)
✔ D1: v5 racing reserved table names reject in both cases (1228.33973ms)
✔ D1: v5 racing reserved view names reject in both cases (1319.16118ms)
✔ D1: v5 racing reserved index names reject in both cases (1038.131167ms)
✔ D1: v5 content-like operator trigger names occupy a separate namespace (2448.75412ms)
✔ D1: v8 preinstalled reserved table names reject in both cases (701.745129ms)
✔ D1: v8 preinstalled reserved view names reject in both cases (590.102117ms)
✔ D1: v8 preinstalled reserved index names reject in both cases (691.786393ms)
✔ D1: v8 racing reserved table names reject in both cases (1699.356768ms)
✔ D1: v8 racing reserved view names reject in both cases (1401.624807ms)
✔ D1: v8 racing reserved index names reject in both cases (1486.206767ms)
✔ D1: v8 content-like operator trigger names occupy a separate namespace (2778.880733ms)
✔ D1: v4 attached mixed-case trigger owners retain original SQL and effects (753.693599ms)
✔ D1: v4 preinstalled orphan field metadata rejects without writes (300.468658ms)
✔ D1: v4 racing orphan field metadata rejects without writes (500.998228ms)
✔ D1: v4 unmanaged operator FK violations do not reject valid CMS metadata (598.115738ms)
✔ D1: v5 attached mixed-case trigger owners retain original SQL and effects (500.138308ms)
✔ D1: v5 preinstalled orphan field metadata rejects without writes (179.545542ms)
✔ D1: v5 racing orphan field metadata rejects without writes (374.360363ms)
✔ D1: v5 unmanaged operator FK violations do not reject valid CMS metadata (490.829152ms)
✔ D1: v8 attached mixed-case trigger owners retain original SQL and effects (504.536206ms)
✔ D1: v8 preinstalled orphan field metadata rejects without writes (303.079871ms)
✔ D1: v8 racing orphan field metadata rejects without writes (433.029765ms)
✔ D1: v8 unmanaged operator FK violations do not reject valid CMS metadata (1059.636455ms)
✔ Node: literal reserved prefix allows acms_tool already present (151.524099ms)
✔ Node: literal reserved prefix allows acms_tool arriving before fresh batch (103.476731ms)
✔ Node: literal reserved prefix allows xcmsZoperator already present (110.417636ms)
✔ Node: literal reserved prefix allows xcmsZoperator arriving before fresh batch (66.515583ms)
✔ D1: literal reserved prefix allows acms_tool already present (1690.0158ms)
✔ D1: literal reserved prefix allows acms_tool arriving before fresh batch (471.691822ms)
✔ D1: literal reserved prefix allows xcmsZoperator already present (436.49166ms)
✔ D1: literal reserved prefix allows xcmsZoperator arriving before fresh batch (429.844011ms)
✔ Node: literal reserved prefix still rejects _cms_partial without startup writes (64.531494ms)
✔ Node: literal reserved prefix still rejects _CMS_PARTIAL without startup writes (4.501883ms)
✔ D1: literal reserved prefix still rejects _cms_partial without startup writes (85.209334ms)
✔ D1: literal reserved prefix still rejects _CMS_PARTIAL without startup writes (37.514025ms)
✔ Node: uppercase orphan table rejects without migration writes (51.357664ms)
✔ Node: uppercase orphan view rejects without migration writes (12.577182ms)
✔ Node: uppercase orphan race-table rejects without migration writes (56.911864ms)
✔ Node: fresh preserves an unrelated operator FK with an ec_note column (98.458556ms)
✔ Node: v4 preserves an unrelated operator FK with an ec_note column (57.391924ms)
✔ Node: actual quoted/comment-separated inbound content FKs and their races preserve every row (222.911674ms)
✔ Node: operator FK comments and escaped literals mentioning content remain unmanaged (217.135266ms)
✔ D1: uppercase orphan table rejects without migration writes (1645.068786ms)
✔ D1: uppercase orphan view rejects without migration writes (153.379036ms)
✔ D1: uppercase orphan race-table rejects without migration writes (324.335322ms)
✔ D1: fresh preserves an unrelated operator FK with an ec_note column (1118.944905ms)
✔ D1: v4 preserves an unrelated operator FK with an ec_note column (2007.368278ms)
✔ D1: actual quoted/comment-separated inbound content FKs and their races preserve every row (3768.888354ms)
✔ D1: operator FK comments and escaped literals mentioning content remain unmanaged (1134.175117ms)
✔ Node: v0 every validated static prerequisite DDL is guarded before startup writes (457.257799ms)
✔ Node: v0 every not-yet-installed static name remains absent until the guarded upgrade (1337.462658ms)
✔ Node: v0 future static names use SQLite case-insensitive shared namespace (1306.1137ms)
✔ Node: v0 intermediate metadata/lifecycle names cannot appear before startup writes (22.562199ms)
✔ Node: v0 ordinary operator writes remain outside the prerequisite snapshot (76.729963ms)
✔ Node: v1 every validated static prerequisite DDL is guarded before startup writes (40.66005ms)
✔ Node: v1 every not-yet-installed static name remains absent until the guarded upgrade (2114.619602ms)
✔ Node: v1 future static names use SQLite case-insensitive shared namespace (1948.194287ms)
✔ Node: v1 intermediate metadata/lifecycle names cannot appear before startup writes (45.545874ms)
✔ Node: v1 raced marker rows and missing marker table reject unchanged (11.017998ms)
✔ Node: v1 ordinary operator writes remain outside the prerequisite snapshot (57.086311ms)
✔ Node: v2 every validated static prerequisite DDL is guarded before startup writes (68.079747ms)
✔ Node: v2 every not-yet-installed static name remains absent until the guarded upgrade (1822.006308ms)
✔ Node: v2 future static names use SQLite case-insensitive shared namespace (2113.51431ms)
✔ Node: v2 intermediate metadata/lifecycle names cannot appear before startup writes (86.101867ms)
✔ Node: v2 raced marker rows and missing marker table reject unchanged (15.385946ms)
✔ Node: v2 ordinary operator writes remain outside the prerequisite snapshot (48.986929ms)
✔ Node: v2 mutable auth roles, sessions and profiles are not DDL prerequisites (42.33513ms)
✔ Node: v3 every validated static prerequisite DDL is guarded before startup writes (144.769642ms)
✔ Node: v3 every not-yet-installed static name remains absent until the guarded upgrade (1951.190436ms)
✔ Node: v3 future static names use SQLite case-insensitive shared namespace (3752.446209ms)
✔ Node: v3 intermediate metadata/lifecycle names cannot appear before startup writes (146.348531ms)
✔ Node: v3 raced marker rows and missing marker table reject unchanged (29.148905ms)
✔ Node: v3 ordinary operator writes remain outside the prerequisite snapshot (69.653068ms)
✔ Node: v3 mutable auth roles, sessions and profiles are not DDL prerequisites (55.943358ms)
✔ Node: v4 every validated static prerequisite DDL is guarded before startup writes (433.879102ms)
✔ Node: v4 every not-yet-installed static name remains absent until the guarded upgrade (3425.465466ms)
✔ Node: v4 future static names use SQLite case-insensitive shared namespace (3634.45484ms)
✔ Node: v4 intermediate metadata/lifecycle names cannot appear before startup writes (101.2231ms)
✔ Node: v4 raced marker rows and missing marker table reject unchanged (33.263951ms)
✔ Node: v4 ordinary operator writes remain outside the prerequisite snapshot (32.967035ms)
✔ Node: v4 mutable auth roles, sessions and profiles are not DDL prerequisites (32.367957ms)
✔ Node: v5 every validated static prerequisite DDL is guarded before startup writes (336.222872ms)
✔ Node: v5 intermediate metadata/lifecycle names cannot appear before startup writes (56.066148ms)
✔ Node: v5 raced marker rows and missing marker table reject unchanged (45.583713ms)
✔ Node: v5 ordinary operator writes remain outside the prerequisite snapshot (30.907636ms)
✔ Node: v5 mutable auth roles, sessions and profiles are not DDL prerequisites (64.08027ms)
✔ D1: v0 every validated static prerequisite DDL is guarded before startup writes (3346.704443ms)
✔ D1: v0 every not-yet-installed static name remains absent until the guarded upgrade (14570.376801ms)
✔ D1: v0 future static names use SQLite case-insensitive shared namespace (20421.809198ms)
✔ D1: v0 intermediate metadata/lifecycle names cannot appear before startup writes (466.714071ms)
✔ D1: v0 ordinary operator writes remain outside the prerequisite snapshot (315.45851ms)
✔ D1: v1 every validated static prerequisite DDL is guarded before startup writes (1671.80484ms)
✔ D1: v1 every not-yet-installed static name remains absent until the guarded upgrade (25556.428841ms)
✔ D1: v1 future static names use SQLite case-insensitive shared namespace (38988.230605ms)
✔ D1: v1 intermediate metadata/lifecycle names cannot appear before startup writes (793.067043ms)
✔ D1: v1 raced marker rows and missing marker table reject unchanged (211.876102ms)
✔ D1: v1 ordinary operator writes remain outside the prerequisite snapshot (139.242838ms)
✔ D1: v2 every validated static prerequisite DDL is guarded before startup writes (1474.520931ms)
✔ D1: v2 every not-yet-installed static name remains absent until the guarded upgrade (30590.271321ms)
✔ D1: v2 future static names use SQLite case-insensitive shared namespace (41854.508245ms)
✔ D1: v2 intermediate metadata/lifecycle names cannot appear before startup writes (1647.756776ms)
✔ D1: v2 raced marker rows and missing marker table reject unchanged (501.661903ms)
✔ D1: v2 ordinary operator writes remain outside the prerequisite snapshot (443.023549ms)
✔ D1: v2 mutable auth roles, sessions and profiles are not DDL prerequisites (279.921411ms)
✔ D1: v3 every validated static prerequisite DDL is guarded before startup writes (2563.968299ms)
✔ D1: v3 every not-yet-installed static name remains absent until the guarded upgrade (34155.417394ms)
✔ D1: v3 future static names use SQLite case-insensitive shared namespace (45061.372381ms)
✔ D1: v3 intermediate metadata/lifecycle names cannot appear before startup writes (631.336312ms)
✔ D1: v3 raced marker rows and missing marker table reject unchanged (222.864402ms)
✔ D1: v3 ordinary operator writes remain outside the prerequisite snapshot (122.583583ms)
✔ D1: v3 mutable auth roles, sessions and profiles are not DDL prerequisites (153.198366ms)
✔ D1: v4 every validated static prerequisite DDL is guarded before startup writes (2939.134146ms)
✔ D1: v4 every not-yet-installed static name remains absent until the guarded upgrade (32126.285859ms)
✔ D1: v4 future static names use SQLite case-insensitive shared namespace (49074.604699ms)
✔ D1: v4 intermediate metadata/lifecycle names cannot appear before startup writes (1242.208496ms)
✔ D1: v4 raced marker rows and missing marker table reject unchanged (363.0519ms)
✔ D1: v4 ordinary operator writes remain outside the prerequisite snapshot (245.706421ms)
✔ D1: v4 mutable auth roles, sessions and profiles are not DDL prerequisites (210.885652ms)
✔ D1: v5 every validated static prerequisite DDL is guarded before startup writes (3636.294888ms)
✔ D1: v5 intermediate metadata/lifecycle names cannot appear before startup writes (1205.806612ms)
✔ D1: v5 raced marker rows and missing marker table reject unchanged (383.7969ms)
✔ D1: v5 ordinary operator writes remain outside the prerequisite snapshot (238.465539ms)
✔ D1: v5 mutable auth roles, sessions and profiles are not DDL prerequisites (233.476878ms)
✔ Node: quoted legacy systems without field literal upgrade without rewriting field literals (248.547633ms)
✔ Node: quoted legacy systems with leading literal upgrade without rewriting field literals (122.210769ms)
✔ Node: unquoted legacy systems with leading literal upgrade without rewriting field literals (110.970236ms)
✔ D1: quoted legacy systems without field literal upgrade without rewriting field literals (2668.66469ms)
✔ D1: quoted legacy systems with leading literal upgrade without rewriting field literals (986.273847ms)
✔ D1: unquoted legacy systems with leading literal upgrade without rewriting field literals (1016.868714ms)
✔ Node: fresh canonical startup creates all lifecycle system columns and atomically stores revision pointers (134.662943ms)
✔ Node: immutable v1/v2 layouts reach canonical v8 after frozen v5 with legacy data, metadata and foreign keys intact (112.092984ms)
✔ Node: v4 upgrade preserves rows, tokens, physical defaults, indexes, triggers and auth metadata on reopen (197.418807ms)
✔ Node: unsupported legacy and partially installed layouts reject with no writes (235.332193ms)
✔ Node: latest layouts validate required content columns and every static lifecycle object without repair (343.266076ms)
✔ Node: failure after each lifecycle rebuild stage rolls back DDL, markers and rows (500.879545ms)
✔ Node: fresh and legacy concurrent startup share one complete migration winner (160.900024ms)
✔ Node: a content schema write between preflight and batch cannot be overwritten (48.96724ms)
✔ D1: fresh canonical startup creates all lifecycle system columns and atomically stores revision pointers (1268.139261ms)
✔ D1: immutable v1/v2 layouts reach canonical v8 after frozen v5 with legacy data, metadata and foreign keys intact (888.258462ms)
✔ D1: v4 upgrade preserves rows, tokens, physical defaults, indexes, triggers and auth metadata on reopen (1029.071153ms)
✔ D1: unsupported legacy and partially installed layouts reject with no writes (3291.396144ms)
✔ D1: latest layouts validate required content columns and every static lifecycle object without repair (4511.165334ms)
✔ D1: failure after each lifecycle rebuild stage rolls back DDL, markers and rows (3806.605655ms)
✔ D1: fresh and legacy concurrent startup share one complete migration winner (1050.50625ms)
✔ D1: a content schema write between preflight and batch cannot be overwritten (1413.646584ms)
✔ Node fresh: should create all tables from migrations [revisions-only scope] (68.361473ms)
✔ Node fresh: should create content with all fields [status/author storage scope] (45.632211ms)
✔ Node fresh: should persist primaryBylineId on create [column storage scope] (31.653449ms)
✔ Node v4: should create all tables from migrations [revisions-only scope] (55.595781ms)
✔ Node v4: should create content with all fields [status/author storage scope] (44.49178ms)
✔ Node v4: should persist primaryBylineId on create [column storage scope] (65.278066ms)
✔ D1 fresh: should create all tables from migrations [revisions-only scope] (1390.134349ms)
✔ D1 fresh: should create content with all fields [status/author storage scope] (267.97639ms)
✔ D1 fresh: should persist primaryBylineId on create [column storage scope] (371.106259ms)
✔ D1 v4: should create all tables from migrations [revisions-only scope] (434.01388ms)
✔ D1 v4: should create content with all fields [status/author storage scope] (513.052965ms)
✔ D1 v4: should persist primaryBylineId on create [column storage scope] (725.960998ms)
▶ packages/core/tests/integration/content/draft-save-live-content-changed.test.ts
  ✔ is false for draft-only data save on revision collections (160.231391ms)
  ✔ is false when data+slug are staged as a draft revision (84.574134ms)
  ✔ is true when live metadata changes on a revision collection (75.448154ms)
  ✔ defaults unclassified update fields to live-changing (109.45579ms)
  ✔ is true for data updates on collections without revisions (85.695406ms)
✔ packages/core/tests/integration/content/draft-save-live-content-changed.test.ts (516.873898ms)
▶ packages/core/tests/integration/content/draft-save-updated-at.test.ts
  ✔ Save (draft staging) on a published entry does not bump updated_at (53.574489ms)
  ✔ Autosave (skipRevision) on an existing draft does not bump updated_at (98.146054ms)
  ✔ Discard Draft restores updated_at from before the draft saves (64.670896ms)
  ✔ a subsequent Publish advances updated_at exactly once (37.850572ms)
  ✔ draft-only saves still bump version so _rev concurrency detection keeps working (55.451125ms)
  ✔ Restore Revision (to draft) on a published entry does not bump updated_at (37.891743ms)
  ✔ collections without revision support keep the bump-on-write behavior (43.940187ms)
✔ packages/core/tests/integration/content/draft-save-updated-at.test.ts (392.162161ms)
▶ packages/core/tests/unit/api/publish-revision-cas.test.ts
  ✔ publishes only the expected revision and returns the next _rev (34.902149ms)
  ✔ rejects an approved revision after a newer draft save without mutating live or draft (81.866112ms)
  ✔ allows only one of two concurrent publishes for the same _rev (122.707399ms)
  ✔ supports conditional publish for a collection without revisions (99.780435ms)
  ✔ applies the same revision condition to unpublish and discard-draft (94.188827ms)
  ✔ keeps revisionless publish calls backward compatible (117.97457ms)
  ✔ rejects malformed revision conditions as conflicts (144.61265ms)
✔ packages/core/tests/unit/api/publish-revision-cas.test.ts (696.530748ms)
▶ packages/core/tests/integration/content/atomic-publication.test.ts
  ✔ rolls back every promoted column when the staged slug constraint rejects (119.903252ms)
  ✔ never leaves a dangling pointer when staging races guarded revision deletion (92.274095ms)
✔ packages/core/tests/integration/content/atomic-publication.test.ts (212.445559ms)
▶ packages/core/tests/integration/content/revision-retention.test.ts
  ✔ bounds history through request-lifetime work without a scheduled tick (183.537158ms)
✔ packages/core/tests/integration/content/revision-retention.test.ts (183.790898ms)
✔ node: replacing items rolls back deletion and partial insertion on SQL failure (19.489547ms)
✔ node: an absent menu cannot receive orphan items (4.410836ms)
✔ node: reordering ignores foreign menu items and retains the requested menu scope (6.744037ms)
✔ node: a failed reorder rolls back earlier updates in the same operation (7.140702ms)
✔ node: cloning failure leaves neither a partial translation nor cloned items (5.844768ms)
✔ node: replacing one locale leaves the other translation intact (15.616166ms)
✔ raw-d1: replacing items rolls back deletion and partial insertion on SQL failure (1078.629283ms)
✔ raw-d1: an absent menu cannot receive orphan items (953.501903ms)
✔ raw-d1: reordering ignores foreign menu items and retains the requested menu scope (840.296138ms)
✔ raw-d1: a failed reorder rolls back earlier updates in the same operation (1074.036994ms)
✔ raw-d1: cloning failure leaves neither a partial translation nor cloned items (955.991315ms)
✔ raw-d1: replacing one locale leaves the other translation intact (843.938564ms)
✔ scoped-d1: replacing items rolls back deletion and partial insertion on SQL failure (960.845702ms)
✔ scoped-d1: an absent menu cannot receive orphan items (770.464834ms)
✔ scoped-d1: reordering ignores foreign menu items and retains the requested menu scope (1117.669207ms)
✔ scoped-d1: a failed reorder rolls back earlier updates in the same operation (1156.548887ms)
✔ scoped-d1: cloning failure leaves neither a partial translation nor cloned items (956.563432ms)
✔ scoped-d1: replacing one locale leaves the other translation intact (1823.267046ms)
✔ raw-d1: cloning refuses a source edited item during its batch (1624.352119ms)
✔ raw-d1: cloning refuses a source moved item during its batch (1436.69166ms)
✔ raw-d1: cloning refuses a source reordered item during its batch (1291.451436ms)
✔ raw-d1: cloning refuses a source deleted source during its batch (1157.064748ms)
✔ scoped-d1: cloning refuses a source edited item during its batch (1477.805695ms)
✔ scoped-d1: cloning refuses a source moved item during its batch (1112.706986ms)
✔ scoped-d1: cloning refuses a source reordered item during its batch (1405.156105ms)
✔ scoped-d1: cloning refuses a source deleted source during its batch (1345.528964ms)
✔ native menu cache hints preserve the pinned Source tag value (0.662744ms)
✔ real D1 menu create succeeds and persists (1107.990339ms)
✔ real D1 atomic replacement preserves hierarchy and removes old rows (820.532019ms)
✔ real D1 translation cloning retains logical item groups and parent links (965.869076ms)
✔ real D1 reorder and explicit menu deletion persist without cascade FKs (905.589784ms)
✔ node: native menu routes persist CRUD, hierarchy, locale and error envelopes (159.610232ms)
✔ d1: native menu routes persist CRUD, hierarchy, locale and error envelopes (3202.579692ms)
✔ node: menu readiness accepts only the complete owned schema and never installs it (22.900104ms)
✔ d1: menu readiness accepts only the complete owned schema and never installs it (1212.826075ms)
✔ node: menu readiness preserves embedded double quotes in locale defaults (11.373212ms)
✔ node: menu readiness preserves repeated literal whitespace in locale defaults (10.574403ms)
✔ node: menu readiness preserves escaped single quote followed by double quotes in locale defaults (25.576829ms)
✔ d1: menu readiness preserves embedded double quotes in locale defaults (1308.048061ms)
✔ d1: menu readiness preserves repeated literal whitespace in locale defaults (965.958762ms)
✔ d1: menu readiness preserves escaped single quote followed by double quotes in locale defaults (1161.325532ms)
✔ node: menu readiness distinguishes a quoted timestamp default from the SQL expression (8.462183ms)
✔ d1: menu readiness distinguishes a quoted timestamp default from the SQL expression (1493.650812ms)
✔ actual native menu handler lists empty persisted storage successfully (29.891151ms)
✔ actual native menu handler persists a menu and its translation identity (8.764246ms)
✔ compiled login retains signed-in workspace controls alongside the legacy warning (180.726953ms)
✔ compiled login retains the native sign-out form alongside the legacy warning (1.48027ms)
✔ compiled signed-out legacy login keeps the warning and blocks all unavailable controls (0.353611ms)
✔ compiled healthy signed-in login keeps the existing workspace and sign-out controls (0.932339ms)
✔ auth JSON parser rejects declared oversized body before reading (optional=false) (62.980715ms)
✔ auth JSON parser rejects declared oversized body before reading (optional=true) (0.335744ms)
✔ optional auth JSON parser retains pinned unreadable-body default (1.011237ms)
✔ auth JSON parser retains pinned invalid JSON error code (2.857847ms)
✔ Node: passkey options probabilistically delete expired counters and preserve current counters (115.840203ms)
✔ D1: passkey options probabilistically delete expired counters and preserve current counters (2098.682894ms)
✔ base-prefixed production routes resolve SSR navigation targets and retain denial boundaries (11000.099565ms)
✔ creation distinguishes omitted pattern from selected literal empty and untrimmed regex sources (3.220851ms)
✔ validation keep/set/clear preserve replacement, explicit empty and absent-pattern semantics (4.842152ms)
✔ malformed or missing selected pattern reports the native pattern field before the callback (2.589033ms)
✔ replacement preserves unchanged textarea-normalized sources using untrusted JSON snapshots (0.923374ms)
✔ compiled scalar preview displays values without an HTML regex constraint (92.540577ms)
✔ pattern metadata syntax is a string source, including empty, with a localized malformed-pattern issue (1.968122ms)
✔ Node/string: adapted all-fields.test.ts:58 should enforce pattern (98.315979ms)
✔ Node/text: adapted all-fields.test.ts:58 should enforce pattern (93.767828ms)
✔ Node: pattern metadata persists, projects unchanged and replaces without changing content, defaults, DDL or tokens (177.81773ms)
✔ Node: full/partial supplied string patterns preserve null, omission, metadata defaults and legacy other-field writes (3282.183803ms)
✔ Node: pattern sources use JavaScript search semantics without trimming, implicit anchors or flags (222.07699ms)
✔ Node: invalid schema requests write nothing; malformed legacy regex eagerly throws while read/projection/trash remain available (482.721022ms)
✔ D1/string: adapted all-fields.test.ts:58 should enforce pattern (1534.33368ms)
✔ D1/text: adapted all-fields.test.ts:58 should enforce pattern (206.621917ms)
✔ D1: pattern metadata persists, projects unchanged and replaces without changing content, defaults, DDL or tokens (1870.633398ms)
✔ D1: full/partial supplied string patterns preserve null, omission, metadata defaults and legacy other-field writes (54326.883689ms)
✔ D1: pattern sources use JavaScript search semantics without trimming, implicit anchors or flags (891.05777ms)
✔ D1: invalid schema requests write nothing; malformed legacy regex eagerly throws while read/projection/trash remain available (2700.051733ms)
✔ preview fields preserve descriptor metadata and own entry order while mapping scalar kinds (4.214311ms)
✔ preview fields preserve supplied defaults, null validation and future metadata without mutating inputs (0.449935ms)
✔ ordinary node equal public URLs still acquire and release Source lease without redirect writes (82.108926ms)
✔ ordinary node equal public URLs preserve Source occupied lease refusal (726.194252ms)
✔ ordinary raw equal public URLs still acquire and release Source lease without redirect writes (2618.262497ms)
✔ ordinary raw equal public URLs preserve Source occupied lease refusal (3737.053042ms)
✔ ordinary scoped equal public URLs still acquire and release Source lease without redirect writes (2964.819784ms)
✔ ordinary scoped equal public URLs preserve Source occupied lease refusal (4690.981629ms)
✔ ordinary node held redirect lease preserves Source busy error and full rollback (393.619227ms)
✔ ordinary node changed lease generation rolls shadow removal and content back (75.585292ms)
✔ ordinary node partial redirect schema refuses the content save before writing (36.300922ms)
✔ ordinary node stale content CAS does not write a redirect or change the externally updated version (54.956977ms)
✔ ordinary node existing redirect timestamp follows Source JS Date for Tue, 01 Jan 2030 00:00:00 GMT (61.681164ms)
✔ ordinary node existing redirect timestamp follows Source JS Date for 2030-01-01T00:00:00.1235Z (51.041987ms)
✔ ordinary node existing redirect timestamp follows Source JS Date for not-a-date (48.742897ms)
✔ ordinary raw held redirect lease preserves Source busy error and full rollback (3982.818175ms)
✔ ordinary raw changed lease generation rolls shadow removal and content back (2915.089024ms)
✔ ordinary raw partial redirect schema refuses the content save before writing (3351.216232ms)
✔ ordinary raw stale content CAS does not write a redirect or change the externally updated version (3324.179276ms)
✔ ordinary raw existing redirect timestamp follows Source JS Date for Tue, 01 Jan 2030 00:00:00 GMT (3784.656207ms)
✔ ordinary raw existing redirect timestamp follows Source JS Date for 2030-01-01T00:00:00.1235Z (2588.118394ms)
✔ ordinary raw existing redirect timestamp follows Source JS Date for not-a-date (3116.438835ms)
✔ ordinary scoped held redirect lease preserves Source busy error and full rollback (3355.35375ms)
✔ ordinary scoped changed lease generation rolls shadow removal and content back (2831.379842ms)
✔ ordinary scoped partial redirect schema refuses the content save before writing (2243.875247ms)
✔ ordinary scoped stale content CAS does not write a redirect or change the externally updated version (2406.178652ms)
✔ ordinary scoped existing redirect timestamp follows Source JS Date for Tue, 01 Jan 2030 00:00:00 GMT (2294.323113ms)
✔ ordinary scoped existing redirect timestamp follows Source JS Date for 2030-01-01T00:00:00.1235Z (2296.242582ms)
✔ ordinary scoped existing redirect timestamp follows Source JS Date for not-a-date (3255.239139ms)
✔ actual raw D1 content save commits redirects and collapses/reverts its chain (3723.994086ms)
✔ actual raw D1 redirect failure rolls content back in the same physical batch (2003.409875ms)
✔ actual raw D1 occupied redirect lease refuses the whole content save (2779.560229ms)
✔ actual scoped D1 content save commits redirects and collapses/reverts its chain (3102.743567ms)
✔ actual scoped D1 redirect failure rolls content back in the same physical batch (2684.333146ms)
✔ actual scoped D1 occupied redirect lease refuses the whole content save (2653.264763ms)
✔ actual content service slug save persists and publishes its automatic redirect (91.873426ms)
✔ actual successive content saves collapse chains and a reverted slug stays reachable (49.550993ms)
✔ redirect write failure rolls the actual content save back (42.442382ms)
✔ a surviving locale holder keeps the old public path available (22.471221ms)
✔ staging a draft revision leaves live slug and redirects untouched (24.412973ms)
✔ content updates on current canonical storage preserve zero-redirect-table behavior (11.591043ms)
✔ ordinary occupied lease precedes invalid stored timestamp as in Source repository (749.469455ms)
✔ ordinary selected-row snapshot change rolls back then prepares the real replacement state (63.716348ms)
✔ ordinary changing selected-row snapshot exhausts exactly five complete attempts with native conflict (33.018889ms)
✔ ordinary legacy null redirect timestamp follows Source JS acceptance with an exact null snapshot (47.588481ms)
✔ ordinary interrupted Source guard migration preserves nullable raw configuration revision (31.56572ms)
✔ native deferred task host handoff cannot synchronously reject its caller (189.402078ms)
✔ public redirect caches keep independent databases separate (118.353278ms)
✔ published writes invalidate the cache through a real database wrapper (32.707412ms)
✔ ordinary node publishing an already-live changed staged slug commits and publishes its redirect (168.388598ms)
✔ ordinary node redirect write refusal rolls back publication and retains the actual draft (70.141745ms)
✔ ordinary node reconciled post-commit transport failure still publishes the actual redirect (48.71547ms)
✔ ordinary node unconfirmed pre-commit transport failure cannot publish content or artifacts (60.875658ms)
✔ ordinary node first publish promotes its draft without creating or publishing a redirect (44.383534ms)
✔ ordinary raw publishing an already-live changed staged slug commits and publishes its redirect (3273.993779ms)
✔ ordinary raw redirect write refusal rolls back publication and retains the actual draft (2339.404514ms)
✔ ordinary raw reconciled post-commit transport failure still publishes the actual redirect (2597.139672ms)
✔ ordinary raw unconfirmed pre-commit transport failure cannot publish content or artifacts (3002.099083ms)
✔ ordinary raw first publish promotes its draft without creating or publishing a redirect (2271.301582ms)
✔ ordinary scoped publishing an already-live changed staged slug commits and publishes its redirect (2068.813634ms)
✔ ordinary scoped redirect write refusal rolls back publication and retains the actual draft (3894.582838ms)
✔ ordinary scoped reconciled post-commit transport failure still publishes the actual redirect (2838.88658ms)
✔ ordinary scoped unconfirmed pre-commit transport failure cannot publish content or artifacts (2817.148702ms)
✔ ordinary scoped first publish promotes its draft without creating or publishing a redirect (1750.77137ms)
✔ actual trusted redirect HTTP transport creates, lists, edits and deletes through Source handlers (81.932522ms)
✔ actual redirect HTTP parsing preserves Source JSON, path and pagination diagnostics (13.33896ms)
✔ actual redirect HTTP 404 summary, pruning and clearing mutate real stored paths (14.089277ms)
✔ actual historical5 redirect HTTP storage returns 503 without creating redirect tables (3.910377ms)
✔ actual raw D1 trusted redirect HTTP CRUD and 404 transport reaches persisted rows (2391.893953ms)
✔ actual scoped D1 trusted redirect HTTP CRUD and 404 transport reaches persisted rows (2867.801262ms)
✔ anonymous scoped D1 redirects retain deferred hits and deduplicated misses (2582.683939ms)
✔ real D1 publishes large sharded rules and preserves pattern order (3639.550994ms)
✔ real D1 repairs and serves a published redirect generation (1064.565515ms)
✔ public exact redirect precedes the page resolver (171.500687ms)
✔ public pattern redirects preserve captured paths (56.706088ms)
✔ terminal rules return Gone without a Location header (75.522325ms)
✔ public misses create a persisted deduplicated 404 log without changing the response (53.209904ms)
▶ development HTTP remote boundaries fail closed
  ✔ the route handles unavailable content and owns a disabled collection-qualified form (1844.759666ms)
  ✔ valid anonymous schema/content reads return 401 envelopes (69.336155ms)
  ✔ valid anonymous mutations deny access and client claims are rejected (58.320757ms)
Remote function schema validation failed: [
  {
    kind: 'schema',
    type: 'string',
    input: 1,
    expected: 'string',
    received: '1',
    message: 'Invalid type: Expected string but received 1',
    requirement: undefined,
    path: [ [Object] ],
    issues: undefined,
    lang: undefined,
    abortEarly: undefined,
    abortPipeEarly: undefined
  }
]
Remote function schema validation failed: [
  {
    kind: 'validation',
    type: 'min_length',
    input: '',
    expected: '>=1',
    received: '0',
    message: 'Invalid length: Expected >=1 but received 0',
    requirement: 1,
    path: [ [Object] ],
    issues: undefined,
    lang: undefined,
    abortEarly: undefined,
    abortPipeEarly: undefined
  }
]
Remote function schema validation failed: [
  {
    kind: 'validation',
    type: 'max_length',
    input: 'xxxxxxxxxxxxxxxxxxxxxxxxxxxxxxxxxxxxxxxxxxxxxxxxxxxxxxxxxxxxxxxxxxxxxxxxxxxxxxxxxxxxxxxxxxxxxxxxxxxxxxxxxxxxxxxxxxxxxxxxxxxxxxxxx',
    expected: '<=128',
    received: '129',
    message: 'Invalid length: Expected <=128 but received 129',
    requirement: 128,
    path: [ [Object] ],
    issues: undefined,
    lang: undefined,
    abortEarly: undefined,
    abortPipeEarly: undefined
  }
]
  ✔ query schemas reject invalid collection-qualified arguments before authorization (12.855378ms)
  ✔ decoded form validation identifies the rejected collection, data or revision field (20.525831ms)
✔ development HTTP remote boundaries fail closed (6601.465498ms)
✔ Node: required/optional string/text defaults and cleared bounds preserve exact submitted/omitted validation (5093.420349ms)
✔ Node: legacy required empty/null values remain readable and untouched by omitted patches, trash, restore and reopen (137.553112ms)
✔ D1: required/optional string/text defaults and cleared bounds preserve exact submitted/omitted validation (81963.543136ms)
✔ D1: legacy required empty/null values remain readable and untouched by omitted patches, trash, restore and reopen (3331.155499ms)
✔ Node: global maintenance consumes the oldest ten snapshots across collections (118.135875ms)
✔ Node: an actual prune SQL failure leaves that entry queued and continues the batch (189.524828ms)
✔ Node: a later queue write survives global snapshot acknowledgement (99.835685ms)
✔ Node: an empty global queue never reads or deletes revision history (80.403454ms)
✔ Node: global pruning keeps older protected live and draft pointers (230.196595ms)
✔ D1: global maintenance consumes the oldest ten snapshots across collections (2081.809918ms)
✔ D1: an actual prune SQL failure leaves that entry queued and continues the batch (2616.44466ms)
✔ D1: a later queue write survives global snapshot acknowledgement (1374.074895ms)
✔ D1: an empty global queue never reads or deletes revision history (224.651936ms)
✔ D1: global pruning keeps older protected live and draft pointers (1424.01143ms)
✔ Node: the trusted maintenance entry opens real persistent storage and can run again after restart (201.265298ms)
✔ D1: the trusted maintenance entry uses the actual Worker D1 binding and persists across runtime reopen (2717.646754ms)
✔ Worker: a trusted scheduled handler must expose actual revision maintenance without a public route (0.405658ms)
✔ RV1: whole Source callbacks and namespace-only coordinator retain their recorded hashes (492.323941ms)
▶ RV1 reference Node complete repository pruning callbacks
  ✔ does not delete a revision inserted after the queued prune snapshot (122.355345ms)
  ✔ prunes through the queued revision while preserving referenced live and draft revisions (139.534697ms)
✔ RV1 reference Node complete repository pruning callbacks (262.900297ms)
▶ RV1 reference D1 complete repository pruning callbacks
  ✔ does not delete a revision inserted after the queued prune snapshot (3969.682668ms)
  ✔ prunes through the queued revision while preserving referenced live and draft revisions (2382.429676ms)
✔ RV1 reference D1 complete repository pruning callbacks (6352.487466ms)
▶ RV1 product Node complete repository pruning callbacks
  ✔ does not delete a revision inserted after the queued prune snapshot (89.861024ms)
  ✔ prunes through the queued revision while preserving referenced live and draft revisions (114.567853ms)
✔ RV1 product Node complete repository pruning callbacks (205.277148ms)
▶ RV1 product D1 complete repository pruning callbacks
  ✔ does not delete a revision inserted after the queued prune snapshot (1596.852867ms)
  ✔ prunes through the queued revision while preserving referenced live and draft revisions (1685.43339ms)
✔ RV1 product D1 complete repository pruning callbacks (3282.645255ms)
▶ RV1 reference complete cleanup callbacks
  ▶ Revision Pruning
    ✔ prunes old revisions keeping the most recent N (322.616017ms)
    ✔ is a no-op when revision count is at or below keepCount (75.792045ms)
    ✔ prunes eligible history while preserving old live and current draft revisions (100.669561ms)
  ✔ Revision Pruning (500.415811ms)
  ▶ Scheduled cleanup revision projection
    ✔ prunes revision entries queued by revision writes (74.920874ms)
    ✔ processes the oldest queued revision entries first (72.696029ms)
    ✔ does not query the full revision history (27.095116ms)
  ✔ Scheduled cleanup revision projection (175.021913ms)
✔ RV1 reference complete cleanup callbacks (680.998411ms)
▶ RV1 product complete cleanup callbacks
  ▶ Revision Pruning
    ✔ prunes old revisions keeping the most recent N (214.331427ms)
    ✔ is a no-op when revision count is at or below keepCount (48.862884ms)
    ✔ prunes eligible history while preserving old live and current draft revisions (88.922167ms)
  ✔ Revision Pruning (352.754786ms)
  ▶ Scheduled cleanup revision projection
    ✔ prunes revision entries queued by revision writes (196.797379ms)
    ✔ processes the oldest queued revision entries first (80.989724ms)
    ✔ does not query the full revision history (39.218538ms)
  ✔ Scheduled cleanup revision projection (317.351207ms)
✔ RV1 product complete cleanup callbacks (670.315587ms)

 WARN  inlineDynamicImports option is deprecated, please use codeSplitting: false instead.


(!) outDir /tmp/cms-revision-scheduled-kLwNg6/build is not inside project root and will not be emptied.
Use --emptyOutDir to override.

✔ workerd: a real scheduled event anchors global pruning and keeps persistent D1 state across restart (1156.476619ms)
✔ sqlite.test.ts:25 — configured runtime opens a fresh database file in WAL mode (229.336957ms)
✔ configured storage persists content and resolves current trusted roles across runtime restart (113.813674ms)
✔ unconfigured runtime clears foreign locals and creates no trusted presentation or identity (0.630546ms)
✔ concurrent first requests share a migrated adapter while sessions remain request-specific (92.7293ms)
✔ runtime rejects untrusted or malformed origins before opening configured storage (2.80145ms)
✔ runtime host configuration opts into one persistent adapter and trusted public origin (0.838326ms)
✔ configured runtime migrates the persistent database before resolving an anonymous session (40.027577ms)
✔ trusted D1 platform configuration migrates local storage, resolves fresh roles and forwards request waitUntil (4752.532124ms)
✔ runtime close prevents an in-flight configuration from opening a new database afterward (4.644504ms)
✔ all close callers await an already-started migration and its request cannot use the closing adapter (2311.463903ms)
✔ the actual fixture listener obtains its first port without a released reservation (151.016212ms)
✔ independent ordinary fixtures keep distinct directly bound listeners (213.023738ms)
✔ a genuine process restart retains the reported trusted origin and releases its listener (215.594918ms)
✔ Node: 24 paired scalar DDL/metadata/omission/NULL/duplicate cases survive restart (1019.052761ms)
✔ Node: opening a legacy table preserves divergent defaults/indexes and stored values (75.868065ms)
✔ Node: authorized future fields retain stale/racing schema CAS and independent DDL rollback (106.857637ms)
✔ Node: metadata defaults and unenforced uniqueness round-trip through content; required empty strings are rejected (83.850022ms)
✔ D1: 24 paired scalar DDL/metadata/omission/NULL/duplicate cases survive restart (11062.420973ms)
✔ D1: opening a legacy table preserves divergent defaults/indexes and stored values (530.194147ms)
✔ D1: authorized future fields retain stale/racing schema CAS and independent DDL rollback (1739.274708ms)
✔ D1: metadata defaults and unenforced uniqueness round-trip through content; required empty strings are rejected (454.114237ms)
✔ native form instance keys match the collection and never enter service inputs (6.177323ms)
✔ native supports preserve omission, explicit empty arrays and supported flags (0.600481ms)
✔ decimal strings convert safely while blank optional bounds stay omitted (0.841732ms)
✔ native field validation gives bound/default issue paths that block the handler (1.805037ms)
✔ client claims and content revision tokens remain invalid schema form inputs (0.298017ms)
✔ schema controls need a trusted valid manager, explicit mutation opt-in and storage (1.317336ms)
✔ UI capability denies invalid or unauthorized principals before configuration and storage inspection (0.267491ms)
✔ Node: registry.test.ts:37: should create a collection (6 assertions) (121.153997ms)
✔ Node: registry.test.ts:53: defaults supports when undefined (1 assertions) (58.614608ms)
✔ Node: registry.test.ts:63: preserves explicit empty supports opt-out (1 assertions) (50.255084ms)
✔ Node: registry.test.ts:86: creates the content table (1 assertions) (53.510309ms)
✔ Node: registry.test.ts:113: lists collections sorted by slug (2 assertions) (72.361887ms)
✔ Node: registry.test.ts:351: rejects duplicate collections (1 assertions) (41.933429ms)
✔ Node: registry.test.ts:359: rejects reserved collection slugs (2 assertions) (24.971274ms)
✔ Node: registry.test.ts:369: validates collection slug format (3 assertions) (45.510012ms)
✔ Node: registry.test.ts:439: creates a required string field (5 assertions) (49.321096ms)
✔ Node: registry.test.ts:610: adds the physical content column (1 assertions) (72.740038ms)
✔ Node: registry.test.ts:654: gets a field by slug with validation (2 assertions) (77.263877ms)
✔ D1: registry.test.ts:37: should create a collection (6 assertions) (1724.383296ms)
✔ D1: registry.test.ts:53: defaults supports when undefined (1 assertions) (269.591208ms)
✔ D1: registry.test.ts:63: preserves explicit empty supports opt-out (1 assertions) (173.602725ms)
✔ D1: registry.test.ts:86: creates the content table (1 assertions) (275.164075ms)
✔ D1: registry.test.ts:113: lists collections sorted by slug (2 assertions) (263.486224ms)
✔ D1: registry.test.ts:351: rejects duplicate collections (1 assertions) (208.515066ms)
✔ D1: registry.test.ts:359: rejects reserved collection slugs (2 assertions) (189.034715ms)
✔ D1: registry.test.ts:369: validates collection slug format (3 assertions) (119.412702ms)
✔ D1: registry.test.ts:439: creates a required string field (5 assertions) (310.029185ms)
✔ D1: registry.test.ts:610: adds the physical content column (1 assertions) (411.562252ms)
✔ D1: registry.test.ts:654: gets a field by slug with validation (2 assertions) (375.820428ms)
✔ schema service checks permission before touching storage or parsing inputs (5.20205ms)
✔ coalescing actual D1 refuses registered dynamic operations before flushing, preparing or enqueuing (250.019216ms)
✔ coalescing actual D1 refuses serialized dynamic operations before flushing, preparing or enqueuing (140.722471ms)
✔ coalescing actual D1 ordinary atomic writes and real result positions remain intact (254.495322ms)
✔ node: recognizes exactly the complete source-managed group (11.175607ms)
✔ d1: recognizes exactly the complete source-managed group (2.264867ms)
✔ SEC1 uncompressed public-coordinate bytes: x=zero, y=zero (1.096614ms)
✔ SEC1 uncompressed public-coordinate bytes: x=zero, y=one-byte (0.151748ms)
✔ SEC1 uncompressed public-coordinate bytes: x=zero, y=31-byte (0.092088ms)
✔ SEC1 uncompressed public-coordinate bytes: x=zero, y=32-byte (0.08029ms)
✔ SEC1 uncompressed public-coordinate bytes: x=one-byte, y=zero (0.107271ms)
✔ SEC1 uncompressed public-coordinate bytes: x=one-byte, y=one-byte (0.082203ms)
✔ SEC1 uncompressed public-coordinate bytes: x=one-byte, y=31-byte (0.123034ms)
✔ SEC1 uncompressed public-coordinate bytes: x=one-byte, y=32-byte (0.086771ms)
✔ SEC1 uncompressed public-coordinate bytes: x=31-byte, y=zero (0.198678ms)
✔ SEC1 uncompressed public-coordinate bytes: x=31-byte, y=one-byte (0.168583ms)
✔ SEC1 uncompressed public-coordinate bytes: x=31-byte, y=31-byte (0.084847ms)
✔ SEC1 uncompressed public-coordinate bytes: x=31-byte, y=32-byte (0.104267ms)
✔ SEC1 uncompressed public-coordinate bytes: x=32-byte, y=zero (0.060591ms)
✔ SEC1 uncompressed public-coordinate bytes: x=32-byte, y=one-byte (0.048573ms)
✔ SEC1 uncompressed public-coordinate bytes: x=32-byte, y=31-byte (0.046059ms)
✔ SEC1 uncompressed public-coordinate bytes: x=32-byte, y=32-byte (0.059409ms)
✔ SEC1 uncompressed public-coordinate bytes: public NIST P-256 generator (0.061142ms)
✔ Node: final pinned Source021 sections are ready without obsolete category objects (16.941133ms)
✔ D1: final pinned Source021 sections are ready without obsolete category objects (1714.148348ms)
✔ content palette insertion carries the pinned default title (4.86778ms)
✔ menu palette insertion carries the pinned default title (0.207422ms)
✔ component palette insertion leaves prop defaults to the renderer until actually edited (0.197937ms)
✔ Node: sections readiness rejects a quoted timestamp literal in place of the Source expression (7.860056ms)
✔ Node: widgets readiness rejects a quoted timestamp literal in place of the Source expression (2.988982ms)
✔ D1: sections readiness rejects a quoted timestamp literal in place of the Source expression (1007.734329ms)
✔ D1: widgets readiness rejects a quoted timestamp literal in place of the Source expression (60.956636ms)
✔ Node: sections readiness rejects non-SQLite NBSP that swallows a timestamp default into the column type (3.26765ms)
✔ Node: widgets readiness rejects non-SQLite NBSP that swallows a timestamp default into the column type (2.240359ms)
✔ D1: sections readiness rejects non-SQLite NBSP that swallows a timestamp default into the column type (19.635694ms)
✔ D1: widgets readiness rejects non-SQLite NBSP that swallows a timestamp default into the column type (19.056344ms)
✔ Node: sections readiness rejects when double quotes remain inside a different SQL default literal (16.357658ms)
✔ Node: sections readiness rejects when literal case remains significant (5.851764ms)
✔ Node: sections readiness rejects when literal whitespace remains significant (1.267601ms)
✔ Node: sections readiness rejects when doubled single-quote escaping remains inside the literal (1.054952ms)
✔ Node: sections readiness accepts CREATE keyword case, identifier quoting and outside-literal whitespace (26.412126ms)
✔ D1: sections readiness rejects when double quotes remain inside a different SQL default literal (1725.625048ms)
✔ D1: sections readiness rejects when literal case remains significant (40.452572ms)
✔ D1: sections readiness rejects when literal whitespace remains significant (73.688556ms)
✔ D1: sections readiness rejects when doubled single-quote escaping remains inside the literal (77.167931ms)
✔ D1: sections readiness accepts CREATE keyword case, identifier quoting and outside-literal whitespace (43.410265ms)
✔ Node: actual complete Source DDL is ready and absent/partial storage is never silently installed (59.20616ms)
✔ D1: actual complete Source DDL is ready and absent/partial storage is never silently installed (1962.902271ms)
✔ native SEO API exists: ../src/lib/seo/meta.ts (13.1646ms)
✔ native SEO API exists: ../src/lib/seo/contributions.ts (13.139452ms)
✔ native SEO API exists: ../src/lib/seo/metadata.ts (7.319245ms)
✔ native SEO API exists: ../src/lib/server/seo/panel.ts (22.449453ms)
✔ native head renders the supplied document title and description safely (341.750153ms)
✔ native head renders the canonical, noindex and Open Graph URL (14.614945ms)
✔ native head keeps page title distinct from the suffixed document title (10.093245ms)
✔ native head renders configured verification and the default social image (18.707742ms)
✔ native head applies supplied contribution precedence before base metadata (10.269288ms)
✔ native head embeds one safe JSON-LD script with the original structured values (36.300031ms)
✔ persisted SEO API is available: SeoRepository (352.285572ms)
✔ persisted SEO API is available: handleSitemapData (19.516684ms)
✔ persisted SEO API is available: getHreflangAlternatesWithDb (284.488727ms)
✔ ordinary node installation provides persisted SEO storage (52.942021ms)
✔ ordinary d1 installation provides persisted SEO storage (1787.168639ms)
✔ server bridge derives the supported content and publication permissions from a current role (3.362982ms)
✔ request-scoped cookie resolution observes role changes, revocation and expiry, with writes disabled by default (151.891627ms)
✔ unconfigured handle clears stale locals and does not open or migrate storage (0.84669ms)
✔ clean migration registers empty auth tables and version two, and is idempotent (140.166315ms)
✔ version-one upgrade preserves definitions/drafts across migration and restart (127.522008ms)
✔ incomplete, untracked and future migration states reject without repair (298.623036ms)
✔ failed auth DDL or marker commits roll back the entire clean/upgrade batch (168.535632ms)
✔ two independent clean and upgrade callers reach a fully migrated database (209.278298ms)
✔ startup accepts a complete concurrent upgrade between its preflight reads (184.970981ms)
✔ Node: empty trash counts zero; adapted upstream locale count values are 1 scoped/3 all (124.944933ms)
✔ Node: counts exceed page caps, change after trash/restore and persist across reopen (686.45921ms)
✔ Node: count predicate retains the draft-only bound on synthetic mixed statuses (114.460983ms)
✔ Node: count input is scoped and strict, and reads require both existing permissions (54.239848ms)
✔ D1: empty trash counts zero; adapted upstream locale count values are 1 scoped/3 all (1157.651085ms)
✔ D1: counts exceed page caps, change after trash/restore and persist across reopen (7051.813053ms)
✔ D1: count predicate retains the draft-only bound on synthetic mixed statuses (518.603229ms)
✔ D1: count input is scoped and strict, and reads require both existing permissions (482.602557ms)
✔ 913cb1bb9b7f08c3ff0d258b4420e53835b6a58e:packages/core/tests/unit/database/repositories/cursor.test.ts:10 — round-trips a valid cursor (5.943512ms)
✔ 913cb1bb9b7f08c3ff0d258b4420e53835b6a58e:packages/core/tests/unit/database/repositories/cursor.test.ts:16 — throws InvalidCursorError on empty string (0.409635ms)
✔ 913cb1bb9b7f08c3ff0d258b4420e53835b6a58e:packages/core/tests/unit/database/repositories/cursor.test.ts:20 — throws InvalidCursorError on non-base64 input (0.201873ms)
✔ 913cb1bb9b7f08c3ff0d258b4420e53835b6a58e:packages/core/tests/unit/database/repositories/cursor.test.ts:24 — throws InvalidCursorError on base64 of malformed JSON (0.764166ms)
✔ 913cb1bb9b7f08c3ff0d258b4420e53835b6a58e:packages/core/tests/unit/database/repositories/cursor.test.ts:29 — throws InvalidCursorError on base64 JSON missing required fields (0.665368ms)
✔ 913cb1bb9b7f08c3ff0d258b4420e53835b6a58e:packages/core/tests/unit/database/repositories/cursor.test.ts:34 — throws InvalidCursorError when id is not a string (0.263946ms)
✔ 913cb1bb9b7f08c3ff0d258b4420e53835b6a58e:packages/core/tests/unit/database/repositories/cursor.test.ts:39 — rejects oversized cursors before attempting to decode (DoS guard) (0.124306ms)
✔ 913cb1bb9b7f08c3ff0d258b4420e53835b6a58e:packages/core/tests/unit/database/repositories/cursor.test.ts:49 — error message truncates very long cursors (0.229625ms)
✔ supplemental: UTF-8 standard-base64 round trip retains Unicode values (0.252048ms)
✔ supplemental: empty fields, arbitrary timestamp/ID and extra context remain accepted (0.372999ms)
✔ supplemental: decoder bound accepts 4096 characters and rejects 4100 (14.856916ms)
✔ supplemental: non-object JSON and non-string orderValue remain invalid (0.344296ms)
✔ supplemental: message truncation retains the exact first 47 characters (0.216374ms)
✔ Node: navigation reads actual persisted descriptors and refreshed metadata (123.425485ms)
✔ D1: navigation reads actual persisted descriptors and refreshed metadata (2142.60933ms)
✔ anonymous and denied navigation avoids all storage inspection (0.359419ms)
✔ authenticated unconfigured navigation preserves the principal and explicit storage availability (0.176154ms)
✔ non-GET page rendering preserves principal display state without inspecting storage (6.120048ms)
✔ shell provides a keyboard skip link to its actual main landmark (293.225804ms)
✔ shell renders persisted collection descriptors while omitting hidden collections (2.708522ms)
✔ authenticated principals without schema permission have no administration link (0.817356ms)
✔ grouped collection navigation is a real accessible disclosure (2.747991ms)
✔ collection navigation resolves the application base and actual active descendant path (0.982464ms)
✔ shell has an accessible navigation toggle and controlled sidebar landmark (2.209293ms)
✔ unavailable feature families are not advertised as working destinations (1.156054ms)
✔ Node editor saves an actual scalar draft, publishes separately and recovers trash after restart (410.905131ms)
✔ D1 editor saves an actual scalar draft, publishes separately and recovers trash after restart (2310.77575ms)
✔ an accepted in-flight snapshot advances only its own baseline and preserves later keystrokes (20.99135ms)
✔ a background refresh preserves a dirty writer copy and its stale comparison token (0.336775ms)
✔ a conflict keeps the writer copy and stops autosave until an explicit save-anyway choice (2.229203ms)
✔ terminal validation rejection stays dirty and is not autosaved again until content changes (0.530485ms)
✔ pending submissions and read-only permissions cannot call a mutation twice (0.198759ms)
ℹ tests 1500
ℹ suites 44
ℹ pass 1500
ℹ fail 0
ℹ cancelled 0
ℹ skipped 0
ℹ todo 0
ℹ duration_ms 589768.484205
[validate] finished: service tests

[validate] start: auth source assertions
$ node scripts/check-bulk-taxonomy-source.mjs && node scripts/check-seo-source-ports.mjs && vitest run --config vitest.source-ports.config.ts && node scripts/check-redirect-source-ports.mjs && vitest run --config vitest.redirect-source.config.ts && pnpm test:bulk-taxonomy-native && pnpm test:menu-source && pnpm test:menu-native-ui && node scripts/check-redirect-integration-source.mjs && vitest run --config vitest.redirect-integration-source.config.ts && vitest run --config vitest.redirect-ui-native.config.ts && pnpm test:sections-widgets-core && pnpm test:sections-widgets-converter && pnpm test:sections-widgets-transport && pnpm test:sections-widgets-core-d1 && pnpm test:comments-source && pnpm test:comments-native && pnpm test:canonical-installation-source && pnpm test:content-picker-source && pnpm test:content-picker-native-ui && pnpm test:writable-editor-source && pnpm test:writable-editor-ui && node scripts/check-canonical-feature-storage-source.mjs && pnpm test:block-registry-native && pnpm test:block-registry-source && pnpm test:doctor-source && pnpm test:taxonomy && pnpm test:schema-admin-source && pnpm test:schema-admin-response-native && pnpm test:schema-admin-index-native && pnpm test:byline-source && pnpm test:byline-native && pnpm test:seo-storage-source && pnpm test:seo-storage-native
{"pin":"913cb1bb9b7f08c3ff0d258b4420e53835b6a58e","sourceFiles":14,"declarations":14,"expects":25,"elements":29,"productTestsRun":0}
{"pin":"913cb1bb9b7f08c3ff0d258b4420e53835b6a58e","wholeAuthorities":30,"wholeSourceFiles":9,"inventoryDeclarations":169,"inventoryExpectExpressions":351,"copiedDeclarations":72,"copiedExpectExpressions":110,"productTestsRun":0}

 RUN  v4.1.10 /workspace/cms-complete-seo-storage-backend


 Test Files  9 passed (9)
      Tests  115 passed (115)
   Start at  04:52:23
   Duration  850ms (transform 364ms, setup 0ms, import 693ms, tests 314ms, environment 1ms)

{"pin":"913cb1bb9b7f08c3ff0d258b4420e53835b6a58e","wholeSourceFiles":15,"wholeAuthorities":53,"declarations":211,"expectExpressions":484,"productTestsRun":0}

 RUN  v4.1.10 /workspace/cms-complete-seo-storage-backend


 Test Files  12 passed (12)
      Tests  203 passed (203)
   Start at  04:52:24
   Duration  4.39s (transform 380ms, setup 0ms, import 1.54s, tests 1.35s, environment 1ms)

$ vitest run --config vitest.bulk-taxonomy-native.config.ts

 RUN  v4.1.10 /workspace/cms-complete-seo-storage-backend


 Test Files  1 passed (1)
      Tests  14 passed (14)
   Start at  04:52:29
   Duration  1.63s (transform 640ms, setup 0ms, import 777ms, tests 146ms, environment 577ms)

$ node scripts/check-menu-source.mjs && vitest run --config vitest.menu-source.config.ts
{"pin":"913cb1bb9b7f08c3ff0d258b4420e53835b6a58e","authorities":51,"wholeTests":12,"testDeclarations":204,"expectExpressions":495,"productTestsRun":0}

 RUN  v4.1.10 /workspace/cms-complete-seo-storage-backend


 Test Files  6 passed (6)
      Tests  128 passed (128)
   Start at  04:52:32
   Duration  3.14s (transform 601ms, setup 0ms, import 1.60s, tests 847ms, environment 0ms)

$ vitest run --config vitest.menu-native-ui.config.ts

 RUN  v4.1.10 /workspace/cms-complete-seo-storage-backend


 Test Files  1 passed (1)
      Tests  6 passed (6)
   Start at  04:52:35
   Duration  1.63s (transform 753ms, setup 0ms, import 910ms, tests 106ms, environment 503ms)

{"pin":"913cb1bb9b7f08c3ff0d258b4420e53835b6a58e","wholeSourceFiles":7,"wholeAuthorities":29,"declarations":18,"expectExpressions":42,"elementExpressions":9,"typeExpressions":1,"productTestsRun":0}

 RUN  v4.1.10 /workspace/cms-complete-seo-storage-backend


 Test Files  4 passed (4)
      Tests  12 passed (12)
   Start at  04:52:38
   Duration  2.69s (transform 934ms, setup 0ms, import 1.57s, tests 635ms, environment 0ms)


 RUN  v4.1.10 /workspace/cms-complete-seo-storage-backend


 Test Files  2 passed (2)
      Tests  4 passed (4)
   Start at  04:52:41
   Duration  2.09s (transform 1.48s, setup 0ms, import 1.85s, tests 506ms, environment 1.22s)

$ node scripts/check-sections-widgets-source.mjs && vitest run --config vitest.sections-widgets-core.config.ts
{"sourcePin":"913cb1bb9b7f08c3ff0d258b4420e53835b6a58e","exactAuthorities":77,"selectedWholeTestFiles":8,"selectedExpandedCallbacks":73,"executedCallbacks":0}

 RUN  v4.1.10 /workspace/cms-complete-seo-storage-backend


 Test Files  4 passed (4)
      Tests  38 passed (38)
   Start at  04:52:43
   Duration  1.46s (transform 316ms, setup 0ms, import 774ms, tests 144ms, environment 0ms)

$ node scripts/check-sections-widgets-converter-source.mjs && vitest run --config vitest.sections-widgets-converter.config.ts
{"sourcePin":"913cb1bb9b7f08c3ff0d258b4420e53835b6a58e","separateWholeDependencyTests":2,"callbacks":140,"executedCallbacks":0}

 RUN  v4.1.10 /workspace/cms-complete-seo-storage-backend


 Test Files  2 passed (2)
      Tests  140 passed (140)
   Start at  04:52:45
   Duration  517ms (transform 239ms, setup 0ms, import 439ms, tests 114ms, environment 0ms)

$ vitest run --config vitest.sections-widgets-transport.config.ts

 RUN  v4.1.10 /workspace/cms-complete-seo-storage-backend


 Test Files  1 passed (1)
      Tests  3 passed (3)
   Start at  04:52:47
   Duration  803ms (transform 542ms, setup 0ms, import 643ms, tests 28ms, environment 0ms)

$ node scripts/check-sections-widgets-source.mjs && vitest run --config vitest.sections-widgets-d1.config.ts
{"sourcePin":"913cb1bb9b7f08c3ff0d258b4420e53835b6a58e","exactAuthorities":77,"selectedWholeTestFiles":8,"selectedExpandedCallbacks":73,"executedCallbacks":0}

 RUN  v4.1.10 /workspace/cms-complete-seo-storage-backend


 Test Files  4 passed (4)
      Tests  38 passed (38)
   Start at  04:52:48
   Duration  14.80s (transform 348ms, setup 0ms, import 1.45s, tests 12.72s, environment 0ms)

$ node scripts/check-comments-source.mjs && vitest run --config vitest.comments-source.config.ts
{
  "pin": "913cb1bb9b7f08c3ff0d258b4420e53835b6a58e",
  "authorities": 85,
  "wholeProducts": 32,
  "wholeFiles": 8,
  "declarations": 109,
  "expects": 245,
  "elements": 6,
  "executed": 0,
  "counts": [
    {
      "source": "packages/admin/tests/components/CommentInbox.test.tsx",
      "declarations": 4,
      "expects": 4,
      "elements": 6,
      "callbackSha256": [
        "917a47a84ea4959c6af3b8ee020663e1be97c591d67fc3d3d55d6af9c4ed35e8",
        "e46be065bab3573b31ee29160dcf7036711c97995868a4145e6ad6938110de87",
        "04ac39278bc866c77b623ab9952f072924dabfa12cfd23ce6b4608ea0017237b",
        "bc529120b8475391a6324f4414b20c49cce18d6eff001327cf56abded417a77a"
      ]
    },
    {
      "source": "packages/core/tests/integration/comments/hooks.test.ts",
      "declarations": 19,
      "expects": 45,
      "elements": 0,
      "callbackSha256": [
        "9da58b220c2d9b8193badde7b59eb096a0f48086e0781be57fa16e03f0e67900",
        "35fe25131ee8328e006817c1ad2ca03fcb8506eecba91c64fb12a3a8d6f01deb",
        "a8ea0c0c452390da7e0f195b39323a44f2d5c1562773b8bda52842dbe88350f9",
        "0131b0c4570805a6535bfb03b2ea9e34338ee878bcda0f74ccc816c8ce06fbbb",
        "fc2c37ed1d6efdd3803af14b5efd9ec2029e5e4b55b858757b7d9a7cd9566d4b",
        "f757aa3f669a689c33a38e550b2954bb5ebffe8a7c81f48133b2c7c4276c98f6",
        "b9d48b7390291a7ddcd5a5774cedcbd77eb9b5871738dc8193c06a76acddb87e",
        "a69e70b117a68f9c9da761b15d79463263b95bfd3dbc23af93f88aaafb720795",
        "ff1093bb106e5a0301f3c68feb60eaeb6bf00507181343349a6885ab708b4e89",
        "dc96d4a54960330762643da7be3e8f846736f508189eafffafe2dcbaf7c37ac0",
        "92bdeb0519cdd69cd6c099288746dcb412e1416e26c8bde44f3b8bd4604d3f0e",
        "b0291f3d3f331a8512eb66f119922a737c27e8be9248912ff560d66c2d00c5fc",
        "1463ab571f956b7f6e1d830620c6b90172f06829297972d044534e972d515f07",
        "cc52ff5a5ef6810c2908c36c2e930a0548b30dc609eb39227634cde9418a22a2",
        "e5219f9b2899d4810adc4002d97704d49ae0a53087199454fc7d5bd52fb2df20",
        "a80970e65860f6885b6fd512ebd06726b8a7113b3d24da2e278095387243585a",
        "ab6599da9ccb3cbfc6a411e2f9e83d5773cb4527898498e4523142da69c8a33d",
        "0547886a915ab9958f7d7ea1b8011d63af7a98083b02c34960ba7d36c161c89b",
        "26adf43cf714274916462efc6a4a6a16ccb72ed7ca0d94029944c422a04540ea"
      ]
    },
    {
      "source": "packages/core/tests/integration/comments/notifications.test.ts",
      "declarations": 16,
      "expects": 42,
      "elements": 0,
      "callbackSha256": [
        "8b7dedb2c1082d1ba2790f94bf1e826656f9136a049e442db25f95bc670145a6",
        "a991502b7360b744dc940b41add67c6f768581e3ac3e53fa21f856e648ef19bd",
        "086c5320e170c86623db990116b7935bbed14059d8502bd310b3c7824ad10bdf",
        "327d89d822b45a3b605a4f933532a29723eb881d1a3db5c4557aa3cf8da16aaa",
        "48dab2467ff3973021754e4b808bf2b73ed03893ec829ab3787fa25cc36e50ac",
        "7e47c0e375de7d7284196eea32dc134b9eaf921c3845ed79c5b682945493a569",
        "c125b2ee1a364d8d19d5904afe9366f14a436cb97c4d13f76ac328ee65698790",
        "0c31bb2c7afc948aaf67cb7fc1bb765e533dc585640dae93f4e5fb5d769a7e13",
        "9a63e69e93b29002e6555885c64a143a7946ef1eb8f5f2623344bff9fcc111bf",
        "b8dd93a2c14e840155ab4d4537180e63e30914ede7cdc61320ce4fb83c2e4304",
        "d6f3ae4ffe9f532687b366bb39ca5b853332f906a422b3817c6e66651e64832e",
        "cc7125186cba9d852fdf2c8c9e1cfd88a2a03d5d29273f64cf8c2a58da135cc7",
        "bfe9d24ef54eb8196589913b0677eab31ab32e12d8ec6bcd5994f36e109fe4f3",
        "6beb1371707bdbfa26cc53765cda3b66632212eda21eb8691f45d140c0a8ab39",
        "9e47dfce5cd6e6234be0ad1041fcbe61866b25118ab6778a44e7cd95f021ae93",
        "47c203d83cf9c2feff47d4fceb671f5e4ac4859ed80c185df467634d4300f645"
      ]
    },
    {
      "source": "packages/core/tests/integration/comments/reactions.test.ts",
      "declarations": 12,
      "expects": 24,
      "elements": 0,
      "callbackSha256": [
        "be5555fd932cf013282dae83114f92f73e1efc33c23fd507fbee18b2ca4731b2",
        "1fec9e9f88c6796b86af7d2389edc863a8be911ab73687f580e648389a31dda7",
        "f5ed3f857a9c033b47ce32530447714740afebafa7ee48cdc28e940f94dd61eb",
        "a1d6f7def605e1674d422b0d20eddd2aca465755ce3fe761f1cffcf8d63e9ca3",
        "c453b17849de93167aa835d084d7ff66166dd5c5b2db63854f3edaf2072665da",
        "41c423528d1386eb73a0130c26c377f54a872bbd0e7d313c92a4fd5ff1dd6008",
        "14be4a97cc5905a26f3089b085d1bedb7c15bea3caa49fd74d39e05fd12f8dc1",
        "584d5b016cf0fa606e66b53efb5b2d7de6a21b776e8ac621c465140097c17576",
        "e92ba7892113d4ed1ce719f37b400bf340265b92e12a53baca771636986d2a87",
        "b14868353cc3da78e4ae6688c0b406d5ab572dfc813fcc6ad3117926bea24d59",
        "5032708773a0c9551bb6c99ac767724da25ab5a801035947e3d5200d5c786402",
        "cb61c72ee8e5b554de2316b43356e92a2e778cf4dd106fcf2badd99693995b8b"
      ]
    },
    {
      "source": "packages/core/tests/integration/comments/repository.test.ts",
      "declarations": 32,
      "expects": 88,
      "elements": 0,
      "callbackSha256": [
        "7f515c8401b5d39cd4d73e0a502f870d701521cf36022990d2c6ad1f51868fb6",
        "5c839c76b879d95ff94a7f29a649bcd976b62ec27d1d2fa577f5b18426c2bd88",
        "9ec3e701c50f238246aac08c0d3288fb8d59e0c7a164a77cd4d306e7e1502c05",
        "af5fd3f72ca9b56bba5cd85309e06408a791980d084e9d8730fa6322f3c999fb",
        "20640a8c8265df14170626073091ee6b7299ac0618f85364d4de8433b11669a2",
        "c461a440b78d4ba62371148492b860ea6639fe44bfcf4fd2af2d5d7c6bea7791",
        "445812ccf1ac99b42b561d7891aa9091ebe4f4dad743af1297d53f874660ca94",
        "1a43d5e71caf85bdc13cd804dc1999a66cd94f500317877176714e7fba106e7f",
        "fde9f4363b1fa93aaee0047ad084f2eb0f8c417423a6313e55b177195e74837b",
        "a2cae246439eafb3d956b498630cc912c52dae9755c9aa7b065f75bece25a75e",
        "5feb42ea5a619cafb892ac2a53ccd6da4ba21e14904ed1958dd73cdb38099f12",
        "b2bd108340f8dde3e1a9140e05beef305e24b0febfc69fa68347fd23cf76e7ed",
        "f6f57e3ad920d34026ebacf0f4ab691c33e494e674b509e21c26cfe269c3ec82",
        "60d5e656518c020365f2dff61a008fb6bc8add951fbd869f2a49e2b20136bfd6",
        "e4e75e3faba8fcaae234b305e080a035fb4efd8eb3a59f2b39cc19d998f32701",
        "04d4ba095f119df931da72eaac2afb673222f366d84c10f54216360db8b07485",
        "977852c0a1c9b3e7187c2a58aac55c44c395a124452ce9a14089f4fb64ed3649",
        "90c648031c0d4a0d03d96f75c5cb857150d8c5499abc6b8d18f489384e3a9b82",
        "450ee62d33c0c16579fa1048ad9594975085fcec5790f036f6e3e70173776000",
        "19e14cdf9ace273cbb5f6b5969a1eb591ddbe5301914349a133a112c7321e254",
        "6a1af0604e321f6a6c02c08ab60e2d9f53a5cd40eb096efb8d03d0cd8ba016e5",
        "971a556d013740a6e4e9972f6988ae931fd3531cf7a7447d5ab6db2509251017",
        "715059ba9e3d79f3bc9b950c77eb00f717141b35e486e22a3c608de45b7874b3",
        "4ab2787ffa1c873b04230cbace289498c3c7d3e89496971d937693bed9c601ae",
        "0bf669f94e348bea9842c1d0d7c5bc2be0e417b56b68c2556ebdb9c75c47d111",
        "270ac04b6871f9f3a75ad38f0eaee1a50ac8c2b2ac006dcd74e39a7be5f3afda",
        "1ea68a1d55596bded7255ddbfeb8f105577f5809ff2dc554ce81aac59e6d0a75",
        "832d65a992b736348c7279d21e5d0117059bde0fc56faf8a50e741be249ba831",
        "d425f93948065e16a0642e3cb61b10153634aedd0ec073ba9ccc85fef456ceae",
        "80b3b1b22fd7becd894b8d3535449278dc9a222ac4627d5b19ba7c01098f804f",
        "5cf54347fa6e3799f72e56bc9edbf1f6b1ac3bec6597b472d521da4521bfdade",
        "bc6238f2087a6a1f61cab7b80c2c7a1db57b00cf58daa3801d8bf92353111496"
      ]
    },
    {
      "source": "packages/core/tests/unit/comments/ranking.test.ts",
      "declarations": 8,
      "expects": 14,
      "elements": 0,
      "callbackSha256": [
        "3bbe9c689a18bc080c750c203e0e741cef9b2c9949dd9253751273bf39ccb8c7",
        "5b85122f289bd637ceb7bd4b7323b70bc6a3f5d1c1a7064d84b175669a7b9333",
        "4c780ac86d604b40565022ed85ad750b3b1915cdbd35b9c8d9361e38ef567e1a",
        "30009ade89fd200a7e00d7f5fe658a042291b492a885f5998375889102e60961",
        "6b76c9c17695c7066a080f96703708a9099160da574884c4d38c25ef6f506d5f",
        "2a8fe02c809a1895cf2ffc2fa5ec6e6949af36a02135c3af6f6611595e0385fb",
        "5d3a2a8d14760c46def49d1731d1ab8edf97994c6c8e053b7834a7b566af22c7",
        "72078f3b746adcbb194a0e6f413d7e4370827423a4fccb2d366dda47faa10e4d"
      ]
    },
    {
      "source": "packages/core/tests/unit/comments/turnstile.test.ts",
      "declarations": 1,
      "expects": 3,
      "elements": 0,
      "callbackSha256": [
        "4d972e8fc5abfd1010b9eeb4ae5c3369a16ae6a769edabf57f831cf4c41c76a0"
      ]
    },
    {
      "source": "packages/core/tests/unit/api/csrf.test.ts",
      "declarations": 17,
      "expects": 25,
      "elements": 0,
      "callbackSha256": [
        "17383e7001416411c23116b6913f77c7d022432503f6064e3639304504b78d7c",
        "a7693d9465e9afb288f8d766fa162628b59f1f74b0236e4123d2638d53172cb9",
        "d0c9fbb247b10828af5b3775d6c4d2b274b99618aae8017afc4af9d525989857",
        "7c4b404412dcce14e3d630a8c5d542e0e38b5866dfb42de1b1ef71e2e557013a",
        "25a5d5f36506200295c916dd7b5f8b28ad420684603724abb9e01ee02a066c46",
        "d1e645fe8b3b0c80421eb077b60bb59e9d897dfb9e188a19a45e276ca139e291",
        "a3f50633837fb063e2f982b7500312cf83d65f25ab50f627e0cfe5608167afb2",
        "026798f7203ecb4ad84f37359e1e3b3438ae7bb2dd7a260af81eb3bdcc6d57a8",
        "ea3096ee0faca24142c89f27a0ea0e8979742b4e6f79e8cff4a18c47f099f537",
        "d13e951fd6b65d4aee5eb492cc53b211e8e289f55f1e869bc25ed5b1faab178d",
        "b256a3879b1bc7f6ac8c7825b946b01bf9b40fabb12f42298a2a30123997447c",
        "96b6842a048a15570a3156a9d0e3184eb495a8e5919888befe7f779970b25f07",
        "f691e663df54558107f096131026662eead28298028399cfaf917bd9161ee99a",
        "039428031cbf3c3a6ac801812b1e241a3fd2b4828c989afa941a7577966bd4de",
        "111973d312f31dc6c2286dba1be1549c45d36fbbd866cc43ea6937f31af58d6f",
        "ce67559c173653ac6feb92a372ec1f3cc58bce78a88a8b5e68bc7e9bb78b5538",
        "62892c7e293a0fd7de52cb5c7c8550576ab9c8fc25050ec88230cc85bef5ff59"
      ]
    }
  ]
}

 RUN  v4.1.10 /workspace/cms-complete-seo-storage-backend


 Test Files  7 passed (7)
      Tests  105 passed (105)
   Start at  04:53:04
   Duration  3.21s (transform 638ms, setup 113ms, import 1.64s, tests 498ms, environment 1ms)

$ vitest run --config vitest.comments-native.config.ts

 RUN  v4.1.10 /workspace/cms-complete-seo-storage-backend


 Test Files  3 passed (3)
      Tests  14 passed (14)
   Start at  04:53:08
   Duration  3.65s (transform 792ms, setup 0ms, import 1.18s, tests 490ms, environment 1.61s)

$ node scripts/check-canonical-installation-source.mjs && vitest run --config vitest.canonical-installation.config.ts
Canonical source guard:38 whole pinned authorities and MIT exact;3 whole import-adapted runtime bodies and2 whole finite Native atomic-adapted taxonomy bodies verified. Only the whole pagination2-callback/6-expression family selected. Protected whole families remain unexecuted. This byte check grants zero product/test parity credit.

 RUN  v4.1.10 /workspace/cms-complete-seo-storage-backend


 Test Files  1 passed (1)
      Tests  2 passed (2)
   Start at  04:53:12
   Duration  689ms (transform 303ms, setup 0ms, import 497ms, tests 66ms, environment 0ms)

$ node scripts/check-content-picker-source.mjs && vitest run --config vitest.content-picker-source.config.ts
{"pin":"913cb1bb9b7f08c3ff0d258b4420e53835b6a58e","authorities":31,"wholeTests":4,"testDeclarations":22,"expectExpressions":25,"productTestsRun":0}

 RUN  v4.1.10 /workspace/cms-complete-seo-storage-backend


 Test Files  4 passed (4)
      Tests  22 passed (22)
   Start at  04:53:13
   Duration  4.39s (transform 723ms, setup 0ms, import 1.70s, tests 2.20s, environment 0ms)

$ vitest run --config vitest.content-picker-native-ui.config.ts

 RUN  v4.1.10 /workspace/cms-complete-seo-storage-backend


 Test Files  4 passed (4)
      Tests  24 passed (24)
   Start at  04:53:18
   Duration  4.49s (transform 952ms, setup 0ms, import 1.45s, tests 345ms, environment 2.17s)

$ node scripts/check-writable-editor-source.mjs && vitest run --config vitest.writable-editor-source.config.ts
{"pin":"913cb1bb9b7f08c3ff0d258b4420e53835b6a58e","wholeAuthorities":15,"sourceDeclarations":227,"sourceExpectExpressions":578,"executedWholeFamilies":1,"executedUniqueSourceCallbacks":7,"limitations":"Whole editor/list and e2e families remain unexecuted; no extra Source credit from this guard."}

 RUN  v4.1.10 /workspace/cms-complete-seo-storage-backend


 Test Files  1 passed (1)
      Tests  7 passed (7)
   Start at  04:53:23
   Duration  175ms (transform 29ms, setup 0ms, import 46ms, tests 16ms, environment 0ms)

$ pnpm build && vitest run --config vitest.writable-editor-native.config.ts
$ vite build
vite v8.3.2 building ssr environment for production...
transforming...
✓ 616 modules transformed.
rendering chunks...
vite v8.3.2 building client environment for production...
transforming...
✓ 356 modules transformed.
rendering chunks...
computing gzip size...
.svelte-kit/output/client/_app/version.json                                   0.02 kB │ gzip:  0.04 kB
.svelte-kit/output/client/.vite/manifest.json                                15.20 kB │ gzip:  1.80 kB
.svelte-kit/output/client/_app/immutable/assets/20.DrcXZYa3.css               0.17 kB │ gzip:  0.13 kB
.svelte-kit/output/client/_app/immutable/assets/MenuDialog.CSb6g0e0.css       0.20 kB │ gzip:  0.17 kB
.svelte-kit/output/client/_app/immutable/assets/6.Dcp-D_B2.css                0.22 kB │ gzip:  0.15 kB
.svelte-kit/output/client/_app/immutable/assets/21.gKqYElxg.css               0.36 kB │ gzip:  0.22 kB
.svelte-kit/output/client/_app/immutable/assets/EditorForm.BHWZld0R.css       0.44 kB │ gzip:  0.23 kB
.svelte-kit/output/client/_app/immutable/assets/DraftPreview.fwW3PV90.css     0.48 kB │ gzip:  0.25 kB
.svelte-kit/output/client/_app/immutable/assets/8.CVJ5M564.css                0.57 kB │ gzip:  0.29 kB
.svelte-kit/output/client/_app/immutable/assets/16.B4jjrLtW.css               0.68 kB │ gzip:  0.31 kB
.svelte-kit/output/client/_app/immutable/assets/13.CccxuyKJ.css               0.70 kB │ gzip:  0.35 kB
.svelte-kit/output/client/_app/immutable/assets/17.DYOooGE9.css               1.60 kB │ gzip:  0.40 kB
.svelte-kit/output/client/_app/immutable/assets/14.C1Ra8cmf.css               2.18 kB │ gzip:  0.68 kB
.svelte-kit/output/client/_app/immutable/assets/15.CvGkr_1p.css               2.27 kB │ gzip:  0.85 kB
.svelte-kit/output/client/_app/immutable/assets/admin.CSBm7Oz-.css            2.57 kB │ gzip:  0.88 kB
.svelte-kit/output/client/_app/immutable/assets/7.D2HNaFcR.css                3.13 kB │ gzip:  0.93 kB
.svelte-kit/output/client/_app/immutable/assets/WorkspaceShell.CG4u5kwz.css  37.08 kB │ gzip:  5.01 kB
.svelte-kit/output/client/_app/immutable/chunks/Dkq-kC-k.js                   0.02 kB │ gzip:  0.04 kB
.svelte-kit/output/client/_app/immutable/nodes/0.jeR0z0to.js                  0.06 kB │ gzip:  0.08 kB
.svelte-kit/output/client/_app/immutable/nodes/2.jeR0z0to.js                  0.06 kB │ gzip:  0.08 kB
.svelte-kit/output/client/_app/immutable/nodes/3.jeR0z0to.js                  0.06 kB │ gzip:  0.08 kB
.svelte-kit/output/client/_app/immutable/nodes/4.jeR0z0to.js                  0.06 kB │ gzip:  0.08 kB
.svelte-kit/output/client/_app/immutable/nodes/5.jeR0z0to.js                  0.06 kB │ gzip:  0.08 kB
.svelte-kit/output/client/_app/immutable/entry/start.BQvdrGRI.js              0.08 kB │ gzip:  0.09 kB
.svelte-kit/output/client/_app/immutable/chunks/4UOtecw_.js                   0.10 kB │ gzip:  0.11 kB
.svelte-kit/output/client/_app/immutable/chunks/DAFmNtUq.js                   0.15 kB │ gzip:  0.14 kB
.svelte-kit/output/client/_app/immutable/chunks/Dhtp89aq.js                   0.15 kB │ gzip:  0.14 kB
.svelte-kit/output/client/_app/immutable/chunks/BeMOnYEs.js                   0.25 kB │ gzip:  0.19 kB
.svelte-kit/output/client/_app/immutable/chunks/Cx8fqBW5.js                   0.29 kB │ gzip:  0.16 kB
.svelte-kit/output/client/_app/immutable/chunks/CCR8XGpg.js                   0.34 kB │ gzip:  0.19 kB
.svelte-kit/output/client/_app/immutable/nodes/1.BLNK25To.js                  0.35 kB │ gzip:  0.26 kB
.svelte-kit/output/client/_app/immutable/chunks/CwkGC_it.js                   0.44 kB │ gzip:  0.22 kB
.svelte-kit/output/client/_app/immutable/chunks/CVxkVKuJ.js                   0.66 kB │ gzip:  0.44 kB
.svelte-kit/output/client/_app/immutable/chunks/Bjy-W4x2.js                   1.36 kB │ gzip:  0.65 kB
.svelte-kit/output/client/_app/immutable/chunks/DYqxRLhk.js                   1.51 kB │ gzip:  0.76 kB
.svelte-kit/output/client/_app/immutable/nodes/6.DQOfHic6.js                  1.86 kB │ gzip:  1.03 kB
.svelte-kit/output/client/_app/immutable/chunks/B0Rck3uI.js                   1.97 kB │ gzip:  0.76 kB
.svelte-kit/output/client/_app/immutable/chunks/C_aDlaWP.js                   2.82 kB │ gzip:  1.24 kB
.svelte-kit/output/client/_app/immutable/nodes/10.BMQ2zngM.js                 3.00 kB │ gzip:  1.36 kB
.svelte-kit/output/client/_app/immutable/nodes/20.CADZpMKu.js                 3.07 kB │ gzip:  1.52 kB
.svelte-kit/output/client/_app/immutable/nodes/12.CjgFl7a4.js                 3.42 kB │ gzip:  1.64 kB
.svelte-kit/output/client/_app/immutable/chunks/CEhtMEE4.js                   3.52 kB │ gzip:  1.20 kB
.svelte-kit/output/client/_app/immutable/chunks/CrB7sU3I.js                   3.92 kB │ gzip:  1.21 kB
.svelte-kit/output/client/_app/immutable/nodes/8.Dp1ttcDK.js                  4.32 kB │ gzip:  1.96 kB
.svelte-kit/output/client/_app/immutable/nodes/16.DOx0OOXh.js                 5.19 kB │ gzip:  2.10 kB
.svelte-kit/output/client/_app/immutable/nodes/11.2nwznJUb.js                 5.90 kB │ gzip:  1.99 kB
.svelte-kit/output/client/_app/immutable/nodes/19.D0U5aCXa.js                 5.90 kB │ gzip:  2.63 kB
.svelte-kit/output/client/_app/immutable/nodes/13.DQHU-2Km.js                 6.03 kB │ gzip:  2.53 kB
.svelte-kit/output/client/_app/immutable/nodes/9.CAQGDt1f.js                  6.13 kB │ gzip:  2.22 kB
.svelte-kit/output/client/_app/immutable/nodes/21.DWgRPBFO.js                 6.48 kB │ gzip:  2.65 kB
.svelte-kit/output/client/_app/immutable/nodes/18.CHNikBs7.js                 8.09 kB │ gzip:  3.37 kB
.svelte-kit/output/client/_app/immutable/entry/app.Cf4qnY-u.js                9.55 kB │ gzip:  3.51 kB
.svelte-kit/output/client/_app/immutable/nodes/22.CNo1Z0Vl.js                13.94 kB │ gzip:  5.15 kB
.svelte-kit/output/client/_app/immutable/chunks/CpLG0a0t.js                  14.34 kB │ gzip:  5.41 kB
.svelte-kit/output/client/_app/immutable/nodes/15.ChnIZY4c.js                14.47 kB │ gzip:  5.06 kB
.svelte-kit/output/client/_app/immutable/nodes/7.D9pbDkqD.js                 15.61 kB │ gzip:  5.39 kB
.svelte-kit/output/client/_app/immutable/chunks/Bj0C51NV.js                  16.72 kB │ gzip:  6.37 kB
.svelte-kit/output/client/_app/immutable/nodes/17.CCmDL9Fx.js                17.87 kB │ gzip:  4.94 kB
.svelte-kit/output/client/_app/immutable/chunks/ClZBn6hS.js                  32.96 kB │ gzip: 13.32 kB
.svelte-kit/output/client/_app/immutable/chunks/ewlj2F3Z.js                  43.62 kB │ gzip: 15.98 kB
.svelte-kit/output/client/_app/immutable/nodes/14.BxeqXlnn.js                50.89 kB │ gzip: 15.85 kB
.svelte-kit/output/client/_app/immutable/chunks/Bl_xBNqa.js                  56.93 kB │ gzip: 21.59 kB

[33m[MODULE_LEVEL_DIRECTIVE] [0mThe semantics of the module level directive "use client" in "node_modules/.pnpm/@tanstack+react-query@5.90.21_react@19.3.0/node_modules/@tanstack/react-query/build/modern/useInfiniteQuery.js" may not be preserved when bundling.
   [38;5;246m╭[0m[38;5;246m─[0m[38;5;246m[[0m node_modules/.pnpm/@tanstack+react-query@5.90.21_react@19.3.0/node_modules/@tanstack/react-query/build/modern/useInfiniteQuery.js:1:1 [38;5;246m][0m
   [38;5;246m│[0m
 [38;5;246m1 │[0m "use client";
 [38;5;240m  │[0m ──────┬──────  
 [38;5;240m  │[0m       ╰──────── module level directive may not be preserved
 [38;5;240m  │[0m 
 [38;5;240m  │[0m [38;5;115mHelp[0m: For more information, see https://rolldown.rs/in-depth/directives#other-directives
[38;5;246m───╯[0m

[33m[MODULE_LEVEL_DIRECTIVE] [0mThe semantics of the module level directive "use client" in "node_modules/.pnpm/@tanstack+react-query@5.90.21_react@19.3.0/node_modules/@tanstack/react-query/build/modern/useMutation.js" may not be preserved when bundling.
   [38;5;246m╭[0m[38;5;246m─[0m[38;5;246m[[0m node_modules/.pnpm/@tanstack+react-query@5.90.21_react@19.3.0/node_modules/@tanstack/react-query/build/modern/useMutation.js:1:1 [38;5;246m][0m
   [38;5;246m│[0m
 [38;5;246m1 │[0m "use client";
 [38;5;240m  │[0m ──────┬──────  
 [38;5;240m  │[0m       ╰──────── module level directive may not be preserved
 [38;5;240m  │[0m 
 [38;5;240m  │[0m [38;5;115mHelp[0m: For more information, see https://rolldown.rs/in-depth/directives#other-directives
[38;5;246m───╯[0m

[33m[MODULE_LEVEL_DIRECTIVE] [0mThe semantics of the module level directive "use client" in "node_modules/.pnpm/@tanstack+react-query@5.90.21_react@19.3.0/node_modules/@tanstack/react-query/build/modern/HydrationBoundary.js" may not be preserved when bundling.
   [38;5;246m╭[0m[38;5;246m─[0m[38;5;246m[[0m node_modules/.pnpm/@tanstack+react-query@5.90.21_react@19.3.0/node_modules/@tanstack/react-query/build/modern/HydrationBoundary.js:1:1 [38;5;246m][0m
   [38;5;246m│[0m
 [38;5;246m1 │[0m "use client";
 [38;5;240m  │[0m ──────┬──────  
 [38;5;240m  │[0m       ╰──────── module level directive may not be preserved
 [38;5;240m  │[0m 
 [38;5;240m  │[0m [38;5;115mHelp[0m: For more information, see https://rolldown.rs/in-depth/directives#other-directives
[38;5;246m───╯[0m

[33m[MODULE_LEVEL_DIRECTIVE] [0mThe semantics of the module level directive "use client" in "node_modules/.pnpm/@tanstack+react-query@5.90.21_react@19.3.0/node_modules/@tanstack/react-query/build/modern/useIsFetching.js" may not be preserved when bundling.
   [38;5;246m╭[0m[38;5;246m─[0m[38;5;246m[[0m node_modules/.pnpm/@tanstack+react-query@5.90.21_react@19.3.0/node_modules/@tanstack/react-query/build/modern/useIsFetching.js:1:1 [38;5;246m][0m
   [38;5;246m│[0m
 [38;5;246m1 │[0m "use client";
 [38;5;240m  │[0m ──────┬──────  
 [38;5;240m  │[0m       ╰──────── module level directive may not be preserved
 [38;5;240m  │[0m 
 [38;5;240m  │[0m [38;5;115mHelp[0m: For more information, see https://rolldown.rs/in-depth/directives#other-directives
[38;5;246m───╯[0m

[33m[MODULE_LEVEL_DIRECTIVE] [0mThe semantics of the module level directive "use client" in "node_modules/.pnpm/@tanstack+react-query@5.90.21_react@19.3.0/node_modules/@tanstack/react-query/build/modern/QueryErrorResetBoundary.js" may not be preserved when bundling.
   [38;5;246m╭[0m[38;5;246m─[0m[38;5;246m[[0m node_modules/.pnpm/@tanstack+react-query@5.90.21_react@19.3.0/node_modules/@tanstack/react-query/build/modern/QueryErrorResetBoundary.js:1:1 [38;5;246m][0m
   [38;5;246m│[0m
 [38;5;246m1 │[0m "use client";
 [38;5;240m  │[0m ──────┬──────  
 [38;5;240m  │[0m       ╰──────── module level directive may not be preserved
 [38;5;240m  │[0m 
 [38;5;240m  │[0m [38;5;115mHelp[0m: For more information, see https://rolldown.rs/in-depth/directives#other-directives
[38;5;246m───╯[0m

[33m[MODULE_LEVEL_DIRECTIVE] [0mThe semantics of the module level directive "use client" in "node_modules/.pnpm/@tanstack+react-query@5.90.21_react@19.3.0/node_modules/@tanstack/react-query/build/modern/QueryClientProvider.js" may not be preserved when bundling.
   [38;5;246m╭[0m[38;5;246m─[0m[38;5;246m[[0m node_modules/.pnpm/@tanstack+react-query@5.90.21_react@19.3.0/node_modules/@tanstack/react-query/build/modern/QueryClientProvider.js:1:1 [38;5;246m][0m
   [38;5;246m│[0m
 [38;5;246m1 │[0m "use client";
 [38;5;240m  │[0m ──────┬──────  
 [38;5;240m  │[0m       ╰──────── module level directive may not be preserved
 [38;5;240m  │[0m 
 [38;5;240m  │[0m [38;5;115mHelp[0m: For more information, see https://rolldown.rs/in-depth/directives#other-directives
[38;5;246m───╯[0m

[33m[MODULE_LEVEL_DIRECTIVE] [0mThe semantics of the module level directive "use client" in "node_modules/.pnpm/@tanstack+react-query@5.90.21_react@19.3.0/node_modules/@tanstack/react-query/build/modern/useMutationState.js" may not be preserved when bundling.
   [38;5;246m╭[0m[38;5;246m─[0m[38;5;246m[[0m node_modules/.pnpm/@tanstack+react-query@5.90.21_react@19.3.0/node_modules/@tanstack/react-query/build/modern/useMutationState.js:1:1 [38;5;246m][0m
   [38;5;246m│[0m
 [38;5;246m1 │[0m "use client";
 [38;5;240m  │[0m ──────┬──────  
 [38;5;240m  │[0m       ╰──────── module level directive may not be preserved
 [38;5;240m  │[0m 
 [38;5;240m  │[0m [38;5;115mHelp[0m: For more information, see https://rolldown.rs/in-depth/directives#other-directives
[38;5;246m───╯[0m

[33m[MODULE_LEVEL_DIRECTIVE] [0mThe semantics of the module level directive "use client" in "node_modules/.pnpm/@tanstack+react-query@5.90.21_react@19.3.0/node_modules/@tanstack/react-query/build/modern/useQueries.js" may not be preserved when bundling.
   [38;5;246m╭[0m[38;5;246m─[0m[38;5;246m[[0m node_modules/.pnpm/@tanstack+react-query@5.90.21_react@19.3.0/node_modules/@tanstack/react-query/build/modern/useQueries.js:1:1 [38;5;246m][0m
   [38;5;246m│[0m
 [38;5;246m1 │[0m "use client";
 [38;5;240m  │[0m ──────┬──────  
 [38;5;240m  │[0m       ╰──────── module level directive may not be preserved
 [38;5;240m  │[0m 
 [38;5;240m  │[0m [38;5;115mHelp[0m: For more information, see https://rolldown.rs/in-depth/directives#other-directives
[38;5;246m───╯[0m

[33m[MODULE_LEVEL_DIRECTIVE] [0mThe semantics of the module level directive "use client" in "node_modules/.pnpm/@tanstack+react-query@5.90.21_react@19.3.0/node_modules/@tanstack/react-query/build/modern/useSuspenseQuery.js" may not be preserved when bundling.
   [38;5;246m╭[0m[38;5;246m─[0m[38;5;246m[[0m node_modules/.pnpm/@tanstack+react-query@5.90.21_react@19.3.0/node_modules/@tanstack/react-query/build/modern/useSuspenseQuery.js:1:1 [38;5;246m][0m
   [38;5;246m│[0m
 [38;5;246m1 │[0m "use client";
 [38;5;240m  │[0m ──────┬──────  
 [38;5;240m  │[0m       ╰──────── module level directive may not be preserved
 [38;5;240m  │[0m 
 [38;5;240m  │[0m [38;5;115mHelp[0m: For more information, see https://rolldown.rs/in-depth/directives#other-directives
[38;5;246m───╯[0m

[33m[MODULE_LEVEL_DIRECTIVE] [0mThe semantics of the module level directive "use client" in "node_modules/.pnpm/@tanstack+react-query@5.90.21_react@19.3.0/node_modules/@tanstack/react-query/build/modern/useSuspenseInfiniteQuery.js" may not be preserved when bundling.
   [38;5;246m╭[0m[38;5;246m─[0m[38;5;246m[[0m node_modules/.pnpm/@tanstack+react-query@5.90.21_react@19.3.0/node_modules/@tanstack/react-query/build/modern/useSuspenseInfiniteQuery.js:1:1 [38;5;246m][0m
   [38;5;246m│[0m
 [38;5;246m1 │[0m "use client";
 [38;5;240m  │[0m ──────┬──────  
 [38;5;240m  │[0m       ╰──────── module level directive may not be preserved
 [38;5;240m  │[0m 
 [38;5;240m  │[0m [38;5;115mHelp[0m: For more information, see https://rolldown.rs/in-depth/directives#other-directives
[38;5;246m───╯[0m

[33m[MODULE_LEVEL_DIRECTIVE] [0mThe semantics of the module level directive "use client" in "node_modules/.pnpm/@tanstack+react-query@5.90.21_react@19.3.0/node_modules/@tanstack/react-query/build/modern/useQuery.js" may not be preserved when bundling.
   [38;5;246m╭[0m[38;5;246m─[0m[38;5;246m[[0m node_modules/.pnpm/@tanstack+react-query@5.90.21_react@19.3.0/node_modules/@tanstack/react-query/build/modern/useQuery.js:1:1 [38;5;246m][0m
   [38;5;246m│[0m
 [38;5;246m1 │[0m "use client";
 [38;5;240m  │[0m ──────┬──────  
 [38;5;240m  │[0m       ╰──────── module level directive may not be preserved
 [38;5;240m  │[0m 
 [38;5;240m  │[0m [38;5;115mHelp[0m: For more information, see https://rolldown.rs/in-depth/directives#other-directives
[38;5;246m───╯[0m

[33m[MODULE_LEVEL_DIRECTIVE] [0mThe semantics of the module level directive "use client" in "node_modules/.pnpm/@tanstack+react-query@5.90.21_react@19.3.0/node_modules/@tanstack/react-query/build/modern/useSuspenseQueries.js" may not be preserved when bundling.
   [38;5;246m╭[0m[38;5;246m─[0m[38;5;246m[[0m node_modules/.pnpm/@tanstack+react-query@5.90.21_react@19.3.0/node_modules/@tanstack/react-query/build/modern/useSuspenseQueries.js:1:1 [38;5;246m][0m
   [38;5;246m│[0m
 [38;5;246m1 │[0m "use client";
 [38;5;240m  │[0m ──────┬──────  
 [38;5;240m  │[0m       ╰──────── module level directive may not be preserved
 [38;5;240m  │[0m 
 [38;5;240m  │[0m [38;5;115mHelp[0m: For more information, see https://rolldown.rs/in-depth/directives#other-directives
[38;5;246m───╯[0m

[33m[MODULE_LEVEL_DIRECTIVE] [0mThe semantics of the module level directive "use client" in "node_modules/.pnpm/@tanstack+react-query@5.90.21_react@19.3.0/node_modules/@tanstack/react-query/build/modern/IsRestoringProvider.js" may not be preserved when bundling.
   [38;5;246m╭[0m[38;5;246m─[0m[38;5;246m[[0m node_modules/.pnpm/@tanstack+react-query@5.90.21_react@19.3.0/node_modules/@tanstack/react-query/build/modern/IsRestoringProvider.js:1:1 [38;5;246m][0m
   [38;5;246m│[0m
 [38;5;246m1 │[0m "use client";
 [38;5;240m  │[0m ──────┬──────  
 [38;5;240m  │[0m       ╰──────── module level directive may not be preserved
 [38;5;240m  │[0m 
 [38;5;240m  │[0m [38;5;115mHelp[0m: For more information, see https://rolldown.rs/in-depth/directives#other-directives
[38;5;246m───╯[0m

[33m[MODULE_LEVEL_DIRECTIVE] [0mThe semantics of the module level directive "use client" in "node_modules/.pnpm/@tanstack+react-query@5.90.21_react@19.3.0/node_modules/@tanstack/react-query/build/modern/useBaseQuery.js" may not be preserved when bundling.
   [38;5;246m╭[0m[38;5;246m─[0m[38;5;246m[[0m node_modules/.pnpm/@tanstack+react-query@5.90.21_react@19.3.0/node_modules/@tanstack/react-query/build/modern/useBaseQuery.js:1:1 [38;5;246m][0m
   [38;5;246m│[0m
 [38;5;246m1 │[0m "use client";
 [38;5;240m  │[0m ──────┬──────  
 [38;5;240m  │[0m       ╰──────── module level directive may not be preserved
 [38;5;240m  │[0m 
 [38;5;240m  │[0m [38;5;115mHelp[0m: For more information, see https://rolldown.rs/in-depth/directives#other-directives
[38;5;246m───╯[0m

[33m[MODULE_LEVEL_DIRECTIVE] [0mThe semantics of the module level directive "use client" in "node_modules/.pnpm/@tanstack+react-query@5.90.21_react@19.3.0/node_modules/@tanstack/react-query/build/modern/errorBoundaryUtils.js" may not be preserved when bundling.
   [38;5;246m╭[0m[38;5;246m─[0m[38;5;246m[[0m node_modules/.pnpm/@tanstack+react-query@5.90.21_react@19.3.0/node_modules/@tanstack/react-query/build/modern/errorBoundaryUtils.js:1:1 [38;5;246m][0m
   [38;5;246m│[0m
 [38;5;246m1 │[0m "use client";
 [38;5;240m  │[0m ──────┬──────  
 [38;5;240m  │[0m       ╰──────── module level directive may not be preserved
 [38;5;240m  │[0m 
 [38;5;240m  │[0m [38;5;115mHelp[0m: For more information, see https://rolldown.rs/in-depth/directives#other-directives
[38;5;246m───╯[0m

✓ built in 679ms
computing gzip size...
.svelte-kit/output/server/.vite/manifest.json                                                               54.82 kB │ gzip:  5.30 kB
.svelte-kit/output/server/_app/immutable/assets/_page.DrcXZYa3.css                                           0.17 kB │ gzip:  0.13 kB
.svelte-kit/output/server/_app/immutable/assets/MenuDialog.CSb6g0e0.css                                      0.20 kB │ gzip:  0.17 kB
.svelte-kit/output/server/_app/immutable/assets/_page.Dcp-D_B2.css                                           0.22 kB │ gzip:  0.15 kB
.svelte-kit/output/server/_app/immutable/assets/_page.gKqYElxg.css                                           0.36 kB │ gzip:  0.22 kB
.svelte-kit/output/server/_app/immutable/assets/EditorForm.BHWZld0R.css                                      0.44 kB │ gzip:  0.23 kB
.svelte-kit/output/server/_app/immutable/assets/DraftPreview.fwW3PV90.css                                    0.48 kB │ gzip:  0.25 kB
.svelte-kit/output/server/_app/immutable/assets/_page.CVJ5M564.css                                           0.57 kB │ gzip:  0.29 kB
.svelte-kit/output/server/_app/immutable/assets/_page.B4jjrLtW.css                                           0.68 kB │ gzip:  0.31 kB
.svelte-kit/output/server/_app/immutable/assets/_page.CccxuyKJ.css                                           0.70 kB │ gzip:  0.35 kB
.svelte-kit/output/server/_app/immutable/assets/_page.DYOooGE9.css                                           1.60 kB │ gzip:  0.40 kB
.svelte-kit/output/server/_app/immutable/assets/_page.C1Ra8cmf.css                                           2.18 kB │ gzip:  0.68 kB
.svelte-kit/output/server/_app/immutable/assets/_page.CvGkr_1p.css                                           2.27 kB │ gzip:  0.85 kB
.svelte-kit/output/server/_app/immutable/assets/admin.CSBm7Oz-.css                                           2.57 kB │ gzip:  0.88 kB
.svelte-kit/output/server/_app/immutable/assets/_page.D2HNaFcR.css                                           3.13 kB │ gzip:  0.93 kB
.svelte-kit/output/server/_app/immutable/assets/WorkspaceShell.CG4u5kwz.css                                 37.08 kB │ gzip:  5.01 kB
.svelte-kit/output/server/chunks/navigation.js                                                               0.03 kB │ gzip:  0.04 kB
.svelte-kit/output/server/chunks/repository2.js                                                              0.09 kB │ gzip:  0.08 kB
.svelte-kit/output/server/chunks/taxonomies2.js                                                              0.09 kB │ gzip:  0.08 kB
.svelte-kit/output/server/chunks/chunks.js                                                                   0.10 kB │ gzip:  0.09 kB
.svelte-kit/output/server/chunks/object-cache2.js                                                            0.10 kB │ gzip:  0.09 kB
.svelte-kit/output/server/remote-entry.js                                                                    0.16 kB │ gzip:  0.12 kB
.svelte-kit/output/server/chunks/server.js                                                                   0.16 kB │ gzip:  0.12 kB
.svelte-kit/output/server/chunks/transaction2.js                                                             0.19 kB │ gzip:  0.15 kB
.svelte-kit/output/server/entries/endpoints/api/comments/_server.ts.js                                       0.20 kB │ gzip:  0.16 kB
.svelte-kit/output/server/entries/endpoints/api/admin/comments/_server.ts.js                                 0.21 kB │ gzip:  0.16 kB
.svelte-kit/output/server/entries/pages/_page.server.ts.js                                                   0.22 kB │ gzip:  0.16 kB
.svelte-kit/output/server/env.js                                                                             0.22 kB │ gzip:  0.14 kB
.svelte-kit/output/server/chunks/remote-4cga8b.js                                                            0.22 kB │ gzip:  0.14 kB
.svelte-kit/output/server/entries/endpoints/api/redirects/404s/summary/_server.ts.js                         0.22 kB │ gzip:  0.17 kB
.svelte-kit/output/server/entries/endpoints/api/admin/comments/bulk/_server.ts.js                            0.22 kB │ gzip:  0.17 kB
.svelte-kit/output/server/entries/endpoints/api/admin/comments/counts/_server.ts.js                          0.22 kB │ gzip:  0.17 kB
.svelte-kit/output/server/chunks/navigation2.js                                                              0.22 kB │ gzip:  0.17 kB
.svelte-kit/output/server/chunks/remote-5e9re.js                                                             0.23 kB │ gzip:  0.14 kB
.svelte-kit/output/server/chunks/remote-6z7yaa.js                                                            0.23 kB │ gzip:  0.14 kB
.svelte-kit/output/server/entries/pages/redirects/_page.server.ts.js                                         0.23 kB │ gzip:  0.18 kB
.svelte-kit/output/server/entries/endpoints/api/admin/comments/_id_/status/_server.ts.js                     0.23 kB │ gzip:  0.17 kB
.svelte-kit/output/server/chunks/remote-1ghd0c5.js                                                           0.24 kB │ gzip:  0.15 kB
.svelte-kit/output/server/chunks/remote-126fj8m.js                                                           0.24 kB │ gzip:  0.15 kB
.svelte-kit/output/server/entries/pages/content/_collection_/_layout.server.ts.js                            0.24 kB │ gzip:  0.18 kB
.svelte-kit/output/server/entries/endpoints/api/comments/_collection_/_contentId_/_server.ts.js              0.25 kB │ gzip:  0.18 kB
.svelte-kit/output/server/chunks/remote-15ax3ep.js                                                           0.26 kB │ gzip:  0.15 kB
.svelte-kit/output/server/entries/endpoints/api/admin/comments/settings/_collection_/_server.ts.js           0.26 kB │ gzip:  0.17 kB
.svelte-kit/output/server/entries/endpoints/api/redirects/_server.ts.js                                      0.26 kB │ gzip:  0.18 kB
.svelte-kit/output/server/chunks/object-cache-configuration.js                                               0.27 kB │ gzip:  0.19 kB
.svelte-kit/output/server/entries/endpoints/api/comments/_collection_/_contentId_/reactions/_server.ts.js    0.27 kB │ gzip:  0.18 kB
.svelte-kit/output/server/chunks/contract.js                                                                 0.28 kB │ gzip:  0.19 kB
.svelte-kit/output/server/entries/endpoints/api/content-picker/manifest/_server.ts.js                        0.28 kB │ gzip:  0.20 kB
.svelte-kit/output/server/chunks/env.js                                                                      0.28 kB │ gzip:  0.17 kB
.svelte-kit/output/server/entries/endpoints/api/admin/comments/_id_/_server.ts.js                            0.29 kB │ gzip:  0.19 kB
.svelte-kit/output/server/entries/endpoints/api/content-picker/collections/_server.ts.js                     0.32 kB │ gzip:  0.22 kB
.svelte-kit/output/server/entries/endpoints/api/setup/status/_server.ts.js                                   0.33 kB │ gzip:  0.23 kB
.svelte-kit/output/server/entries/endpoints/api/redirects/_id_/_server.ts.js                                 0.33 kB │ gzip:  0.20 kB
.svelte-kit/output/server/entries/endpoints/api/redirects/404s/_server.ts.js                                 0.34 kB │ gzip:  0.20 kB
.svelte-kit/output/server/entries/pages/widgets/_page.server.ts.js                                           0.36 kB │ gzip:  0.23 kB
.svelte-kit/output/server/entries/pages/sections/_layout.server.ts.js                                        0.36 kB │ gzip:  0.23 kB
.svelte-kit/output/server/entries/endpoints/api/content-picker/content/_collection_/_server.ts.js            0.36 kB │ gzip:  0.24 kB
.svelte-kit/output/server/internal.js                                                                        0.40 kB │ gzip:  0.19 kB
.svelte-kit/output/server/entries/fallbacks/layout.svelte.js                                                 0.42 kB │ gzip:  0.30 kB
.svelte-kit/output/server/chunks/collection-slugs-state.js                                                   0.48 kB │ gzip:  0.29 kB
.svelte-kit/output/server/chunks/context.js                                                                  0.50 kB │ gzip:  0.29 kB
.svelte-kit/output/server/chunks/deferred-tasks.js                                                           0.50 kB │ gzip:  0.29 kB
.svelte-kit/output/server/chunks/chrome-tags.js                                                              0.52 kB │ gzip:  0.33 kB
.svelte-kit/output/server/entries/endpoints/api/auth/me/_server.ts.js                                        0.53 kB │ gzip:  0.32 kB
.svelte-kit/output/server/entries/fallbacks/error.svelte.js                                                  0.56 kB │ gzip:  0.35 kB
.svelte-kit/output/server/chunks/storage.js                                                                  0.56 kB │ gzip:  0.32 kB
.svelte-kit/output/server/chunks/chunks2.js                                                                  0.56 kB │ gzip:  0.39 kB
.svelte-kit/output/server/entries/endpoints/api/auth/passkey/options/_server.ts.js                           0.60 kB │ gzip:  0.34 kB
.svelte-kit/output/server/entries/pages/comments/settings/_collection_/_page.server.ts.js                    0.61 kB │ gzip:  0.35 kB
.svelte-kit/output/server/entries/pages/schema/_layout.server.ts.js                                          0.61 kB │ gzip:  0.36 kB
.svelte-kit/output/server/chunks/current-user.js                                                             0.66 kB │ gzip:  0.38 kB
.svelte-kit/output/server/entries/pages/content/_collection_/_id_/workflow/_page.server.ts.js                0.67 kB │ gzip:  0.32 kB
.svelte-kit/output/server/chunks/editor-display.js                                                           0.77 kB │ gzip:  0.37 kB
.svelte-kit/output/server/chunks/store.js                                                                    0.78 kB │ gzip:  0.42 kB
.svelte-kit/output/server/entries/pages/trash/_collection_/_page.server.ts.js                                0.79 kB │ gzip:  0.41 kB
.svelte-kit/output/server/entries/endpoints/api/setup/admin/verify/_server.ts.js                             0.83 kB │ gzip:  0.43 kB
.svelte-kit/output/server/entries/pages/menus/_layout.server.ts.js                                           0.85 kB │ gzip:  0.48 kB
.svelte-kit/output/server/entries/endpoints/api/setup/admin/_server.ts.js                                    0.87 kB │ gzip:  0.46 kB
.svelte-kit/output/server/entries/endpoints/api/menus/_name_/items/_server.ts.js                             0.89 kB │ gzip:  0.45 kB
.svelte-kit/output/server/entries/endpoints/api/menus/_name_/reorder/_server.ts.js                           0.90 kB │ gzip:  0.45 kB
.svelte-kit/output/server/entries/endpoints/api/byline-fields/_slug_/usage/_server.ts.js                     0.91 kB │ gzip:  0.47 kB
.svelte-kit/output/server/chunks/i18n-config.js                                                              0.93 kB │ gzip:  0.49 kB
.svelte-kit/output/server/chunks/widgets.js                                                                  0.95 kB │ gzip:  0.47 kB
.svelte-kit/output/server/entries/endpoints/api/menus/_server.ts.js                                          1.01 kB │ gzip:  0.47 kB
.svelte-kit/output/server/entries/endpoints/api/taxonomies/_name_/translations/_server.ts.js                 1.04 kB │ gzip:  0.51 kB
.svelte-kit/output/server/chunks/status.js                                                                   1.04 kB │ gzip:  0.55 kB
.svelte-kit/output/server/chunks/transaction.js                                                              1.07 kB │ gzip:  0.51 kB
.svelte-kit/output/server/entries/endpoints/api/byline-fields/reorder/_server.ts.js                          1.08 kB │ gzip:  0.47 kB
.svelte-kit/output/server/chunks/write-plan.js                                                               1.13 kB │ gzip:  0.56 kB
.svelte-kit/output/server/entries/endpoints/api/taxonomies/_name_/reorder/_server.ts.js                      1.14 kB │ gzip:  0.52 kB
.svelte-kit/output/server/chunks/paths.js                                                                    1.15 kB │ gzip:  0.64 kB
.svelte-kit/output/server/chunks/context2.js                                                                 1.18 kB │ gzip:  0.67 kB
.svelte-kit/output/server/entries/endpoints/api/auth/logout/_server.ts.js                                    1.28 kB │ gzip:  0.62 kB
.svelte-kit/output/server/chunks/request.js                                                                  1.30 kB │ gzip:  0.68 kB
.svelte-kit/output/server/chunks/internal2.js                                                                1.30 kB │ gzip:  0.54 kB
.svelte-kit/output/server/chunks/namespaces.js                                                               1.34 kB │ gzip:  0.63 kB
.svelte-kit/output/server/entries/endpoints/api/taxonomies/_server.ts.js                                     1.36 kB │ gzip:  0.57 kB
.svelte-kit/output/server/entries/endpoints/api/auth/passkey/verify/_server.ts.js                            1.39 kB │ gzip:  0.63 kB
.svelte-kit/output/server/chunks/base64.js                                                                   1.41 kB │ gzip:  0.65 kB
.svelte-kit/output/server/entries/endpoints/api/menus/_name_/items/_id_/_server.ts.js                        1.47 kB │ gzip:  0.55 kB
.svelte-kit/output/server/chunks/identity-schemas.js                                                         1.48 kB │ gzip:  0.55 kB
.svelte-kit/output/server/entries/pages/sections/_slug_/_page.svelte.js                                      1.50 kB │ gzip:  0.58 kB
.svelte-kit/output/server/entries/endpoints/api/menus/_name_/_server.ts.js                                   1.52 kB │ gzip:  0.52 kB
.svelte-kit/output/server/entries/endpoints/api/taxonomies/_name_/terms/_server.ts.js                        1.59 kB │ gzip:  0.63 kB
.svelte-kit/output/server/entries/endpoints/api/byline-fields/_server.ts.js                                  1.64 kB │ gzip:  0.59 kB
.svelte-kit/output/server/chunks/atomic-query-loop.js                                                        1.66 kB │ gzip:  0.73 kB
.svelte-kit/output/server/entries/endpoints/api/menus/_name_/translations/_server.ts.js                      1.70 kB │ gzip:  0.68 kB
.svelte-kit/output/server/chunks/slugify.js                                                                  1.77 kB │ gzip:  0.91 kB
.svelte-kit/output/server/entries/hooks.universal.js                                                         1.77 kB │ gzip:  0.73 kB
.svelte-kit/output/server/chunks/migrations2.js                                                              1.78 kB │ gzip:  0.67 kB
.svelte-kit/output/server/entries/endpoints/api/sections/_server.ts.js                                       1.83 kB │ gzip:  0.63 kB
.svelte-kit/output/server/chunks/parse2.js                                                                   1.85 kB │ gzip:  0.90 kB
.svelte-kit/output/server/chunks/DraftPreview.js                                                             1.88 kB │ gzip:  0.79 kB
.svelte-kit/output/server/chunks/schemas5.js                                                                 1.91 kB │ gzip:  0.49 kB
.svelte-kit/output/server/chunks/workspace.remote.js                                                         1.95 kB │ gzip:  0.76 kB
.svelte-kit/output/server/chunks/readiness.js                                                                1.98 kB │ gzip:  0.92 kB
.svelte-kit/output/server/entries/endpoints/api/widget-areas/_name_/reorder/_server.ts.js                    2.00 kB │ gzip:  0.86 kB
.svelte-kit/output/server/chunks/db-errors.js                                                                2.01 kB │ gzip:  0.97 kB
.svelte-kit/output/server/entries/pages/comments/_page.server.ts.js                                          2.02 kB │ gzip:  0.86 kB
.svelte-kit/output/server/chunks/validate2.js                                                                2.05 kB │ gzip:  0.95 kB
.svelte-kit/output/server/chunks/validate.js                                                                 2.08 kB │ gzip:  0.97 kB
.svelte-kit/output/server/chunks/editor-autosave.remote.js                                                   2.09 kB │ gzip:  0.74 kB
.svelte-kit/output/server/entries/endpoints/api/widget-components/_server.ts.js                              2.13 kB │ gzip:  0.77 kB
.svelte-kit/output/server/chunks/init-lock.js                                                                2.15 kB │ gzip:  1.00 kB
.svelte-kit/output/server/chunks/turnstile.js                                                                2.20 kB │ gzip:  1.13 kB
.svelte-kit/output/server/entries/endpoints/api/taxonomies/_name_/_server.ts.js                              2.23 kB │ gzip:  0.69 kB
.svelte-kit/output/server/entries/endpoints/api/widget-areas/_name_/_server.ts.js                            2.31 kB │ gzip:  0.79 kB
.svelte-kit/output/server/entries/endpoints/api/widget-areas/_name_/widgets/_server.ts.js                    2.35 kB │ gzip:  0.98 kB
.svelte-kit/output/server/entries/endpoints/api/taxonomies/_name_/terms/_slug_/translations/_server.ts.js    2.39 kB │ gzip:  0.81 kB
.svelte-kit/output/server/entries/endpoints/api/byline-fields/_slug_/_server.ts.js                           2.40 kB │ gzip:  0.69 kB
.svelte-kit/output/server/chunks/BlockSettings.js                                                            2.42 kB │ gzip:  0.90 kB
.svelte-kit/output/server/entries/endpoints/api/taxonomies/_name_/terms/_slug_/_server.ts.js                 2.44 kB │ gzip:  0.69 kB
.svelte-kit/output/server/chunks/passkey-browser.js                                                          2.46 kB │ gzip:  0.78 kB
.svelte-kit/output/server/chunks/schema.js                                                                   2.51 kB │ gzip:  0.76 kB
.svelte-kit/output/server/entries/pages/sections/_page.svelte.js                                             2.52 kB │ gzip:  0.87 kB
.svelte-kit/output/server/entries/endpoints/api/bylines/_id_/translations/_server.ts.js                      2.54 kB │ gzip:  0.91 kB
.svelte-kit/output/server/entries/pages/_page.svelte.js                                                      2.60 kB │ gzip:  1.05 kB
.svelte-kit/output/server/entries/endpoints/api/sections/_slug_/_server.ts.js                                2.60 kB │ gzip:  0.69 kB
.svelte-kit/output/server/chunks/http2.js                                                                    2.64 kB │ gzip:  1.19 kB
.svelte-kit/output/server/chunks/content-write.js                                                            2.64 kB │ gzip:  0.95 kB
.svelte-kit/output/server/entries/endpoints/api/widget-areas/_server.ts.js                                   2.64 kB │ gzip:  0.98 kB
.svelte-kit/output/server/chunks/session.js                                                                  2.65 kB │ gzip:  1.10 kB
.svelte-kit/output/server/entries/endpoints/api/bylines/_server.ts.js                                        2.88 kB │ gzip:  1.08 kB
.svelte-kit/output/server/chunks/types2.js                                                                   2.92 kB │ gzip:  1.23 kB
.svelte-kit/output/server/chunks/schema-common.js                                                            2.93 kB │ gzip:  1.32 kB
.svelte-kit/output/server/entries/endpoints/api/bylines/_id_/_server.ts.js                                   2.98 kB │ gzip:  1.00 kB
.svelte-kit/output/server/chunks/settings.js                                                                 2.99 kB │ gzip:  1.21 kB
.svelte-kit/output/server/chunks/types3.js                                                                   3.32 kB │ gzip:  1.38 kB
.svelte-kit/output/server/chunks/taxonomy-migrations.js                                                      3.35 kB │ gzip:  0.96 kB
.svelte-kit/output/server/chunks/request-cache.js                                                            3.48 kB │ gzip:  1.49 kB
.svelte-kit/output/server/chunks/d1.js                                                                       3.51 kB │ gzip:  1.19 kB
.svelte-kit/output/server/chunks/field-handlers.js                                                           3.67 kB │ gzip:  0.93 kB
.svelte-kit/output/server/entries/endpoints/api/widget-areas/_name_/widgets/_id_/_server.ts.js               3.79 kB │ gzip:  1.07 kB
.svelte-kit/output/server/chunks/types.js                                                                    3.90 kB │ gzip:  1.62 kB
.svelte-kit/output/server/chunks/node.js                                                                     3.93 kB │ gzip:  1.45 kB
.svelte-kit/output/server/chunks/repository4.js                                                              4.07 kB │ gzip:  1.49 kB
.svelte-kit/output/server/chunks/dialect-helpers.js                                                          4.17 kB │ gzip:  1.74 kB
.svelte-kit/output/server/entries/pages/setup/_page.svelte.js                                                4.41 kB │ gzip:  1.59 kB
.svelte-kit/output/server/chunks/schemas3.js                                                                 4.54 kB │ gzip:  1.50 kB
.svelte-kit/output/server/chunks/request4.js                                                                 4.63 kB │ gzip:  1.90 kB
.svelte-kit/output/server/entries/pages/comments/settings/_collection_/_page.svelte.js                       4.78 kB │ gzip:  1.52 kB
.svelte-kit/output/server/entries/pages/login/_page.svelte.js                                                4.81 kB │ gzip:  1.65 kB
.svelte-kit/output/server/entries/pages/menus/_page.svelte.js                                                4.98 kB │ gzip:  1.56 kB
.svelte-kit/output/server/chunks/namespace.js                                                                5.00 kB │ gzip:  1.68 kB
.svelte-kit/output/server/chunks/manifest.js                                                                 5.25 kB │ gzip:  1.96 kB
.svelte-kit/output/server/entries/endpoints/api/content/_collection_/_id_/terms/_taxonomy_/_server.ts.js     5.29 kB │ gzip:  1.54 kB
.svelte-kit/output/server/entries/pages/content/_collection_/_id_/_page.svelte.js                            5.37 kB │ gzip:  1.40 kB
.svelte-kit/output/server/chunks/migration-provider.js                                                       5.68 kB │ gzip:  2.10 kB
.svelte-kit/output/server/chunks/auth.remote.js                                                              5.88 kB │ gzip:  1.74 kB
.svelte-kit/output/server/chunks/schemas2.js                                                                 5.99 kB │ gzip:  1.66 kB
.svelte-kit/output/server/chunks/MenuDialog.js                                                               6.05 kB │ gzip:  1.45 kB
.svelte-kit/output/server/entries/pages/schema/_page.svelte.js                                               6.18 kB │ gzip:  1.77 kB
.svelte-kit/output/server/chunks/i18n-resolve.js                                                             6.32 kB │ gzip:  2.52 kB
.svelte-kit/output/server/chunks/exports.js                                                                  6.90 kB │ gzip:  2.18 kB
.svelte-kit/output/server/chunks/admin.js                                                                    7.21 kB │ gzip:  1.76 kB
.svelte-kit/output/server/chunks/repository3.js                                                              7.42 kB │ gzip:  2.01 kB
.svelte-kit/output/server/chunks/state.js                                                                    8.13 kB │ gzip:  3.06 kB
.svelte-kit/output/server/entries/pages/trash/_collection_/_page.svelte.js                                   9.18 kB │ gzip:  2.68 kB
.svelte-kit/output/server/chunks/routing.js                                                                  9.39 kB │ gzip:  3.13 kB
.svelte-kit/output/server/entries/pages/content/_collection_/_page.svelte.js                                 9.56 kB │ gzip:  1.87 kB
.svelte-kit/output/server/chunks/taxonomies.js                                                               9.95 kB │ gzip:  3.58 kB
.svelte-kit/output/server/entries/pages/redirects/_page.svelte.js                                           10.08 kB │ gzip:  2.74 kB
.svelte-kit/output/server/chunks/schemas4.js                                                                10.23 kB │ gzip:  2.61 kB
.svelte-kit/output/server/entries/endpoints/api/taxonomies/bulk-tag/_server.ts.js                           10.52 kB │ gzip:  3.15 kB
.svelte-kit/output/server/chunks/shared.js                                                                  11.15 kB │ gzip:  3.49 kB
.svelte-kit/output/server/entries/endpoints/sitemap-_collection_.xml/_server.ts.js                          11.31 kB │ gzip:  4.21 kB
.svelte-kit/output/server/chunks/object-cache.js                                                            11.47 kB │ gzip:  4.03 kB
.svelte-kit/output/server/chunks/schemas.js                                                                 11.98 kB │ gzip:  3.88 kB
.svelte-kit/output/server/entries/pages/content/_collection_/_id_/workflow/_page.svelte.js                  12.84 kB │ gzip:  2.27 kB
.svelte-kit/output/server/entries/pages/widgets/_page.svelte.js                                             13.24 kB │ gzip:  3.31 kB
.svelte-kit/output/server/chunks/schema.remote.js                                                           13.32 kB │ gzip:  3.36 kB
.svelte-kit/output/server/chunks/WorkspaceShell.js                                                          13.48 kB │ gzip:  3.54 kB
.svelte-kit/output/server/entries/pages/comments/_page.svelte.js                                            13.73 kB │ gzip:  3.66 kB
.svelte-kit/output/server/chunks/EditorForm.js                                                              19.22 kB │ gzip:  5.36 kB
.svelte-kit/output/server/entries/pages/menus/_name_/_page.svelte.js                                        20.44 kB │ gzip:  5.20 kB
.svelte-kit/output/server/entries/pages/schema/_collection_/_page.svelte.js                                 20.66 kB │ gzip:  3.59 kB
.svelte-kit/output/server/chunks/content.remote.js                                                          20.89 kB │ gzip:  4.48 kB
.svelte-kit/output/server/chunks/collection-indexes.js                                                      21.94 kB │ gzip:  5.84 kB
.svelte-kit/output/server/chunks/registry.js                                                                23.17 kB │ gzip:  5.91 kB
.svelte-kit/output/server/chunks/http.js                                                                    24.75 kB │ gzip:  7.34 kB
.svelte-kit/output/server/chunks/error.js                                                                   26.57 kB │ gzip:  5.92 kB
.svelte-kit/output/server/chunks/parse.js                                                                   28.03 kB │ gzip:  6.49 kB
.svelte-kit/output/server/chunks/repository.js                                                              28.50 kB │ gzip:  8.02 kB
.svelte-kit/output/server/chunks/handlers2.js                                                               30.53 kB │ gzip:  7.65 kB
.svelte-kit/output/server/chunks/sql-recognition.js                                                         30.55 kB │ gzip:  4.86 kB
.svelte-kit/output/server/chunks/schema2.js                                                                 30.93 kB │ gzip:  9.94 kB
.svelte-kit/output/server/chunks/handlers.js                                                                34.24 kB │ gzip:  7.90 kB
.svelte-kit/output/server/chunks/identity-request.js                                                        35.41 kB │ gzip:  9.03 kB
.svelte-kit/output/server/chunks/runtime.js                                                                 36.87 kB │ gzip:  9.71 kB
.svelte-kit/output/server/chunks/request3.js                                                                36.99 kB │ gzip:  9.55 kB
.svelte-kit/output/server/chunks/utils.js                                                                   37.43 kB │ gzip: 10.84 kB
.svelte-kit/output/server/entries/hooks.server.js                                                           37.44 kB │ gzip: 11.65 kB
.svelte-kit/output/server/chunks/internal.js                                                                42.00 kB │ gzip: 11.85 kB
.svelte-kit/output/server/chunks/artifacts.js                                                               51.29 kB │ gzip: 15.22 kB
.svelte-kit/output/server/chunks/bylines.js                                                                 51.64 kB │ gzip: 14.23 kB
.svelte-kit/output/server/chunks/request2.js                                                                52.19 kB │ gzip: 15.18 kB
.svelte-kit/output/server/chunks/remote.js                                                                  55.47 kB │ gzip: 12.15 kB
.svelte-kit/output/server/chunks/service.js                                                                 90.99 kB │ gzip: 21.35 kB
.svelte-kit/output/server/chunks/migrations.js                                                             102.60 kB │ gzip: 24.16 kB
.svelte-kit/output/server/chunks/content.js                                                                114.20 kB │ gzip: 26.83 kB
.svelte-kit/output/server/chunks/async.js                                                                  121.99 kB │ gzip: 31.86 kB
.svelte-kit/output/server/index.js                                                                         132.41 kB │ gzip: 33.27 kB

✓ built in 3.34s

Run npm run preview to preview your production build locally.

> Using @sveltejs/adapter-auto
  Could not detect a supported production environment. See https://svelte.dev/docs/kit/adapters to learn how to configure your app to run on the platform of your choosing
  ✔ done
[33m[PLUGIN_TIMINGS] [0mJavaScript callbacks ran for 3.2s of this 3.3s build (97%).
The slowest callbacks, timed inside each callback (the wait before a callback starts is excluded, the time it awaits is included):
  - plugin vite-plugin-sveltekit-compile writeBundle (77%, 2.6s, 1 call)
Additional callback time came from the callbacks below and from callbacks under 1s.
2 callbacks are listed without a time. Their calls overlapped, so the time inside one call includes work from other calls. To find their cost, profile the build with `node --cpu-prof`:
  - plugin vite-plugin-sveltekit-guard resolveId (2026 calls)
  - plugin vite-plugin-svelte:preprocess transform (56 calls)
See https://rolldown.rs/reference/InputOptions.checks#bundlertimings for more details.


 RUN  v4.1.10 /workspace/cms-complete-seo-storage-backend


 Test Files  4 passed (4)
      Tests  23 passed (23)
   Start at  04:53:28
   Duration  12.66s (transform 1.57s, setup 0ms, import 1.75s, tests 8.34s, environment 2.08s)

{"pin":"913cb1bb9b7f08c3ff0d258b4420e53835b6a58e","wholeFiles":49,"wholeTestFiles":11,"bytes":325597,"productTestsRun":0,"sourceCausalCredit":0}
$ TZ=America/New_York node --test tests/blocks/provider-defaults-original.test.ts tests/blocks/catalogue-fixture.test.ts tests/blocks/provider-preservation.test.ts tests/blocks/comments-readiness-defaults-original.test.ts
✔ node finite catalogue names, bound index lookup and PRAGMA use actual block storage (84.093279ms)
✔ d1 finite catalogue names, bound index lookup and PRAGMA use actual block storage (1931.909958ms)
✔ Node: Comments readiness follows installed14 creation default and stays read-only (85.06956ms)
✔ Node: Comments readiness follows installed15 creation default and stays read-only (65.883936ms)
✔ Node: Comments readiness follows installed16 creation default and stays read-only (65.306454ms)
✔ raw D1: Comments readiness follows installed14 creation default and stays read-only (1202.773432ms)
✔ raw D1: Comments readiness follows installed15 creation default and stays read-only (541.720894ms)
✔ raw D1: Comments readiness follows installed16 creation default and stays read-only (154.578303ms)
✔ ordinary node startup installs both block registry tables (58.553196ms)
✔ ordinary node startup provides Source creation defaults and keeps explicit false (35.885033ms)
✔ ordinary d1 startup installs both block registry tables (1487.267865ms)
✔ ordinary d1 startup provides Source creation defaults and keeps explicit false (325.246797ms)
✖ node fresh16 persists exact tables/defaults and recognizes a reopened store without startup writes (86.866799ms)
✖ node installed16 near-miss block or metadata defaults are refused without repair (24.141354ms)
✖ node forward16 preserves all metadata/content values and operator objects from 8 (51.879768ms)
✖ node forward16 preserves all metadata/content values and operator objects from 14 (69.348697ms)
✔ node Source UTC timestamp metadata CAS remains literal and monotonic in a non-UTC host (27.166994ms)
✔ node real omitted Source metadata creation defaults permit persisted collection and field creation (17.440435ms)
✔ node rebuild refuses external metadata parent foreign keys before any atomic writes (73.852795ms)
✔ node unknown partial block installation rejects without repair or row changes (20.866358ms)
✖ node every forward rebuild DDL failure rolls back complete historical data and marker state (70.191647ms)
✖ d1 fresh16 persists exact tables/defaults and recognizes a reopened store without startup writes (529.690864ms)
✖ d1 installed16 near-miss block or metadata defaults are refused without repair (608.23016ms)
✖ d1 forward16 preserves all metadata/content values and operator objects from 8 (416.265543ms)
✖ d1 forward16 preserves all metadata/content values and operator objects from 14 (520.277153ms)
✔ d1 Source UTC timestamp metadata CAS remains literal and monotonic in a non-UTC host (112.119258ms)
✔ d1 real omitted Source metadata creation defaults permit persisted collection and field creation (79.58779ms)
✔ d1 rebuild refuses external metadata parent foreign keys before any atomic writes (1399.339772ms)
✔ d1 unknown partial block installation rejects without repair or row changes (475.534531ms)
✖ d1 every forward rebuild DDL failure rolls back complete historical data and marker state (1028.087668ms)
ℹ tests 30
ℹ suites 0
ℹ pass 20
ℹ fail 10
ℹ cancelled 0
ℹ skipped 0
ℹ todo 0
ℹ duration_ms 9249.3329

✖ failing tests:

test at tests/blocks/provider-preservation.test.ts:71:3
✖ node fresh16 persists exact tables/defaults and recognizes a reopened store without startup writes (86.866799ms)
  AssertionError [ERR_ASSERTION]: Expected values to be strictly equal:
  
  17 !== 16
  
      at TestContext.<anonymous> (file:///workspace/cms-complete-seo-storage-backend/tests/blocks/provider-preservation.test.ts:85:14)
      at async Test.run (node:internal/test_runner/test:1389:7)
      at async startSubtestAfterBootstrap (node:internal/test_runner/harness:387:3) {
    generatedMessage: true,
    code: 'ERR_ASSERTION',
    actual: 17,
    expected: 16,
    operator: 'strictEqual',
    diff: 'simple'
  }

test at tests/blocks/provider-preservation.test.ts:90:3
✖ node installed16 near-miss block or metadata defaults are refused without repair (24.141354ms)
  AssertionError [ERR_ASSERTION]: Expected values to be strictly equal:
  
  17 !== 16
  
      at TestContext.<anonymous> (file:///workspace/cms-complete-seo-storage-backend/tests/blocks/provider-preservation.test.ts:94:47)
      at async Test.run (node:internal/test_runner/test:1389:7)
      at async Test.processPendingSubtests (node:internal/test_runner/test:960:7) {
    generatedMessage: true,
    code: 'ERR_ASSERTION',
    actual: 17,
    expected: 16,
    operator: 'strictEqual',
    diff: 'simple'
  }

test at tests/blocks/provider-preservation.test.ts:108:41
✖ node forward16 preserves all metadata/content values and operator objects from 8 (51.879768ms)
  AssertionError [ERR_ASSERTION]: Expected values to be strictly equal:
  
  17 !== 16
  
      at TestContext.<anonymous> (file:///workspace/cms-complete-seo-storage-backend/tests/blocks/provider-preservation.test.ts:122:14)
      at async Test.run (node:internal/test_runner/test:1389:7)
      at async Test.processPendingSubtests (node:internal/test_runner/test:960:7) {
    generatedMessage: true,
    code: 'ERR_ASSERTION',
    actual: 17,
    expected: 16,
    operator: 'strictEqual',
    diff: 'simple'
  }

test at tests/blocks/provider-preservation.test.ts:108:41
✖ node forward16 preserves all metadata/content values and operator objects from 14 (69.348697ms)
  AssertionError [ERR_ASSERTION]: Expected values to be strictly equal:
  
  17 !== 16
  
      at TestContext.<anonymous> (file:///workspace/cms-complete-seo-storage-backend/tests/blocks/provider-preservation.test.ts:122:14)
      at async Test.run (node:internal/test_runner/test:1389:7)
      at async Test.processPendingSubtests (node:internal/test_runner/test:960:7) {
    generatedMessage: true,
    code: 'ERR_ASSERTION',
    actual: 17,
    expected: 16,
    operator: 'strictEqual',
    diff: 'simple'
  }

test at tests/blocks/provider-preservation.test.ts:203:3
✖ node every forward rebuild DDL failure rolls back complete historical data and marker state (70.191647ms)
  AssertionError [ERR_ASSERTION]: Expected values to be strictly equal:
  
  17 !== 16
  
      at TestContext.<anonymous> (file:///workspace/cms-complete-seo-storage-backend/tests/blocks/provider-preservation.test.ts:215:16)
      at async Test.run (node:internal/test_runner/test:1389:7)
      at async Test.processPendingSubtests (node:internal/test_runner/test:960:7) {
    generatedMessage: true,
    code: 'ERR_ASSERTION',
    actual: 17,
    expected: 16,
    operator: 'strictEqual',
    diff: 'simple'
  }

test at tests/blocks/provider-preservation.test.ts:71:3
✖ d1 fresh16 persists exact tables/defaults and recognizes a reopened store without startup writes (529.690864ms)
  AssertionError [ERR_ASSERTION]: Expected values to be strictly equal:
  
  17 !== 16
  
      at TestContext.<anonymous> (file:///workspace/cms-complete-seo-storage-backend/tests/blocks/provider-preservation.test.ts:85:14)
      at process.processTicksAndRejections (node:internal/process/task_queues:104:5)
      at async Test.run (node:internal/test_runner/test:1389:7)
      at async Test.processPendingSubtests (node:internal/test_runner/test:960:7) {
    generatedMessage: true,
    code: 'ERR_ASSERTION',
    actual: 17,
    expected: 16,
    operator: 'strictEqual',
    diff: 'simple'
  }

test at tests/blocks/provider-preservation.test.ts:90:3
✖ d1 installed16 near-miss block or metadata defaults are refused without repair (608.23016ms)
  AssertionError [ERR_ASSERTION]: Expected values to be strictly equal:
  
  17 !== 16
  
      at TestContext.<anonymous> (file:///workspace/cms-complete-seo-storage-backend/tests/blocks/provider-preservation.test.ts:94:47)
      at process.processTicksAndRejections (node:internal/process/task_queues:104:5)
      at async Test.run (node:internal/test_runner/test:1389:7)
      at async Test.processPendingSubtests (node:internal/test_runner/test:960:7) {
    generatedMessage: true,
    code: 'ERR_ASSERTION',
    actual: 17,
    expected: 16,
    operator: 'strictEqual',
    diff: 'simple'
  }

test at tests/blocks/provider-preservation.test.ts:108:41
✖ d1 forward16 preserves all metadata/content values and operator objects from 8 (416.265543ms)
  AssertionError [ERR_ASSERTION]: Expected values to be strictly equal:
  
  17 !== 16
  
      at TestContext.<anonymous> (file:///workspace/cms-complete-seo-storage-backend/tests/blocks/provider-preservation.test.ts:122:14)
      at process.processTicksAndRejections (node:internal/process/task_queues:104:5)
      at async Test.run (node:internal/test_runner/test:1389:7)
      at async Test.processPendingSubtests (node:internal/test_runner/test:960:7) {
    generatedMessage: true,
    code: 'ERR_ASSERTION',
    actual: 17,
    expected: 16,
    operator: 'strictEqual',
    diff: 'simple'
  }

test at tests/blocks/provider-preservation.test.ts:108:41
✖ d1 forward16 preserves all metadata/content values and operator objects from 14 (520.277153ms)
  AssertionError [ERR_ASSERTION]: Expected values to be strictly equal:
  
  17 !== 16
  
      at TestContext.<anonymous> (file:///workspace/cms-complete-seo-storage-backend/tests/blocks/provider-preservation.test.ts:122:14)
      at process.processTicksAndRejections (node:internal/process/task_queues:104:5)
      at async Test.run (node:internal/test_runner/test:1389:7)
      at async Test.processPendingSubtests (node:internal/test_runner/test:960:7) {
    generatedMessage: true,
    code: 'ERR_ASSERTION',
    actual: 17,
    expected: 16,
    operator: 'strictEqual',
    diff: 'simple'
  }

test at tests/blocks/provider-preservation.test.ts:203:3
✖ d1 every forward rebuild DDL failure rolls back complete historical data and marker state (1028.087668ms)
  AssertionError [ERR_ASSERTION]: Expected values to be strictly equal:
  
  17 !== 16
  
      at TestContext.<anonymous> (file:///workspace/cms-complete-seo-storage-backend/tests/blocks/provider-preservation.test.ts:215:16)
      at process.processTicksAndRejections (node:internal/process/task_queues:104:5)
      at async Test.run (node:internal/test_runner/test:1389:7)
      at async Test.processPendingSubtests (node:internal/test_runner/test:960:7) {
    generatedMessage: true,
    code: 'ERR_ASSERTION',
    actual: 17,
    expected: 16,
    operator: 'strictEqual',
    diff: 'simple'
  }
[ELIFECYCLE] Command failed with exit code 1.
[ELIFECYCLE] Command failed with exit code 1.
