
[validate] start: frozen dependency install
? Verifying lockfile against supply-chain policies (534 entries)...
[WARN] Request took 10534ms: https://registry.npmjs.org/@bramus%2Fspecificity
[WARN] Request took 10560ms: https://registry.npmjs.org/@babel%2Ftraverse
[WARN] Request took 10567ms: https://registry.npmjs.org/@babel%2Fhelper-string-parser
[WARN] Request took 10695ms: https://registry.npmjs.org/@asamuzakjp%2Fcss-color
[WARN] Request took 10809ms: https://registry.npmjs.org/@babel%2Ftemplate
[WARN] Request took 10817ms: https://registry.npmjs.org/@csstools%2Fcss-calc
[WARN] Request took 10857ms: https://registry.npmjs.org/@cloudflare%2Fworkerd-linux-64
[WARN] Request took 70442ms: https://registry.npmjs.org/@babel%2Fcompat-data
[WARN] Request took 70462ms: https://registry.npmjs.org/@babel%2Fgenerator
[WARN] Request took 70491ms: https://registry.npmjs.org/@emnapi%2Fruntime
[WARN] Request took 70495ms: https://registry.npmjs.org/@babel%2Fcode-frame
[WARN] Request took 70497ms: https://registry.npmjs.org/@babel%2Fhelper-module-transforms
[WARN] Request took 70514ms: https://registry.npmjs.org/@babel%2Fhelper-compilation-targets
[WARN] Request took 70618ms: https://registry.npmjs.org/@babel%2Fhelper-validator-identifier
[WARN] Request took 70639ms: https://registry.npmjs.org/@base-ui%2Freact
[WARN] Request took 70648ms: https://registry.npmjs.org/@csstools%2Fcss-parser-algorithms
[WARN] Request took 70717ms: https://registry.npmjs.org/@asamuzakjp%2Fdom-selector
[WARN] Request took 70729ms: https://registry.npmjs.org/@blazediff%2Fcore
[WARN] Request took 70744ms: https://registry.npmjs.org/@esbuild%2Fdarwin-arm64
[WARN] Request took 70795ms: https://registry.npmjs.org/@babel%2Fhelper-validator-option
[WARN] Request took 70819ms: https://registry.npmjs.org/@base-ui%2Futils
[WARN] Request took 70831ms: https://registry.npmjs.org/@babel%2Ftypes
[WARN] Request took 70850ms: https://registry.npmjs.org/@babel%2Fhelper-globals
[WARN] Request took 70882ms: https://registry.npmjs.org/@babel%2Fcore
[WARN] Request took 70892ms: https://registry.npmjs.org/@babel%2Fhelper-module-imports
[WARN] Request took 70954ms: https://registry.npmjs.org/@babel%2Fparser
[WARN] Request took 70955ms: https://registry.npmjs.org/@cloudflare%2Funenv-preset
[WARN] Request took 70978ms: https://registry.npmjs.org/@date-fns%2Ftz
[WARN] Request took 70981ms: https://registry.npmjs.org/@csstools%2Fcss-color-parser
[WARN] Request took 70982ms: https://registry.npmjs.org/@cspotcode%2Fsource-map-support
[WARN] Request took 71008ms: https://registry.npmjs.org/@cloudflare%2Fworkerd-darwin-arm64
[WARN] Request took 71036ms: https://registry.npmjs.org/@esbuild%2Faix-ppc64
[WARN] Request took 71048ms: https://registry.npmjs.org/@esbuild%2Fandroid-arm
[WARN] Request took 71053ms: https://registry.npmjs.org/@cloudflare%2Fworkers-types
[WARN] Request took 71056ms: https://registry.npmjs.org/@esbuild%2Flinux-arm64
[WARN] Request took 71063ms: https://registry.npmjs.org/@csstools%2Fcss-tokenizer
[WARN] Request took 71086ms: https://registry.npmjs.org/@babel%2Fhelpers
[WARN] Request took 71099ms: https://registry.npmjs.org/@cloudflare%2Fworkerd-windows-64
[WARN] Request took 71146ms: https://registry.npmjs.org/@esbuild%2Fdarwin-x64
[WARN] Request took 71152ms: https://registry.npmjs.org/@esbuild%2Ffreebsd-arm64
[WARN] Request took 71168ms: https://registry.npmjs.org/@csstools%2Fcss-syntax-patches-for-csstree
[WARN] Request took 71184ms: https://registry.npmjs.org/@csstools%2Fcolor-helpers
[WARN] Request took 71186ms: https://registry.npmjs.org/@esbuild%2Flinux-arm
[WARN] Request took 71191ms: https://registry.npmjs.org/@babel%2Fruntime
[WARN] Request took 71192ms: https://registry.npmjs.org/@cloudflare%2Fworkerd-darwin-64
[WARN] Request took 71198ms: https://registry.npmjs.org/@esbuild%2Fandroid-arm64
[WARN] Request took 71228ms: https://registry.npmjs.org/@esbuild%2Ffreebsd-x64
[WARN] Request took 71233ms: https://registry.npmjs.org/@cloudflare%2Fworkerd-linux-arm64
[WARN] Request took 71250ms: https://registry.npmjs.org/@esbuild%2Fandroid-x64
[WARN] Request took 71281ms: https://registry.npmjs.org/@cloudflare%2Fkumo
[WARN] Request took 70330ms: https://registry.npmjs.org/@esbuild%2Flinux-ia32
[WARN] Request took 70315ms: https://registry.npmjs.org/@esbuild%2Flinux-loong64
[WARN] Request took 70133ms: https://registry.npmjs.org/@esbuild%2Flinux-mips64el
[WARN] Request took 70222ms: https://registry.npmjs.org/@cloudflare%2Fworkerd-linux-64
[WARN] Request took 10274ms: https://registry.npmjs.org/mdast-util-to-hast
[WARN] Request took 10294ms: https://registry.npmjs.org/mrmime
[WARN] Request took 10277ms: https://registry.npmjs.org/pg-connection-string
[WARN] Request took 10293ms: https://registry.npmjs.org/pg-int8
[WARN] Request took 10310ms: https://registry.npmjs.org/pg-types
[WARN] Request took 10304ms: https://registry.npmjs.org/stackback
[WARN] Request took 10327ms: https://registry.npmjs.org/source-map-js
[WARN] Request took 10303ms: https://registry.npmjs.org/svelte-check
[WARN] Request took 10384ms: https://registry.npmjs.org/sharp
[WARN] Request took 70476ms: https://registry.npmjs.org/supports-color
✓ Lockfile passes supply-chain policies (534 entries in 2m 23.8s)
Lockfile is up to date, resolution step is skipped
Done in 2m 23.9s using pnpm v12.6.0
[validate] finished: frozen dependency install

[validate] start: type and Svelte checks
$ svelte-kit sync && svelte-check --tsconfig ./tsconfig.json
Loading svelte-check in workspace: /workspace/cms-complete-seo-storage-backend
Getting Svelte diagnostics...

svelte-check found 0 errors and 0 warnings
[validate] finished: type and Svelte checks

[validate] start: service tests
$ node --test tests/*.test.ts
✔ local: cookie flags preserve Astro production defaults and deletion scope (1.213351ms)
✔ local SvelteKit substitution: same-origin session mutations need no custom header (29.378279ms)
✔ local SvelteKit substitution: custom headers never override a missing or foreign origin (4.566015ms)
✔ local: safe methods pass origin guard; bad server origin configuration cannot admit mutations (0.573251ms)
✔ local: invalid runtime role and prototype permission keys fail closed (1.326552ms)
✔ local: missing and insufficient principals throw the exact permission error codes (0.27316ms)
✔ returns the session user when the read resolves [session-user.test.ts:11] (11.719005ms)
✔ returns undefined when there is no session [session-user.test.ts:17] (0.165799ms)
✔ falls back to undefined instead of hanging when the read never settles [session-user.test.ts:23] (22.767804ms)
✔ fails closed to undefined when the read rejects [session-user.test.ts:30] (0.395383ms)
✔ local: resolver catches synchronous throws and anchors pending reads (0.3468ms)
✔ local: SHA-256 hashes decoded token bytes with the upstream encoding (20.88733ms)
✔ local: session resolution returns only a frozen current database identity and role (3.500416ms)
✔ local: no cookie/store and malformed cookies incur zero storage calls (0.481513ms)
✔ local: expiry denies at and beyond the exact boundary without renewal (15.543457ms)
✔ local: missing, disabled and invalid records all deny (5.013437ms)
✔ local: current role changes are observed on every resolution (2.274886ms)
✔ local: revocation invalidates the same credential and is idempotent (1.599242ms)
✔ local: failed revocation propagates, while failed/stalled resolution denies (26.552686ms)
✔ local: a session that expires while its store read is pending cannot authenticate (0.775464ms)
✔ local: public hashing and resolution reject noncanonical trailing bits before storage (0.382404ms)
✔ local: stalled digest remains inside the resolver timeout and request lifetime (26.14251ms)
✔ local Node SQLite: empty auth schema creates no account, credential or default admin (14.689645ms)
✔ local Node SQLite: current role, disabled/deleted users, expiry and revocation across reopen (36.621955ms)
▶ rbac
  ▶ hasPermission
    ✔ returns false for null user [rbac.ts:15] (4.015158ms)
    ✔ returns false for undefined user [rbac.ts:19] (0.139159ms)
    ✔ allows subscriber to read content [rbac.ts:23] (0.314913ms)
    ✔ denies subscriber from creating content [rbac.ts:27] (0.298338ms)
    ✔ allows contributor to create content [rbac.ts:31] (0.12049ms)
    ✔ allows admin to do anything [rbac.ts:35] (0.187922ms)
    ✔ denies editor from managing users [rbac.ts:43] (0.700722ms)
    ✔ allows author to edit own media [rbac.ts:47] (0.117827ms)
    ✔ denies contributor from editing media [rbac.ts:51] (0.282464ms)
    ✔ allows editor to edit any media [rbac.ts:55] (0.461793ms)
    ✔ denies author from editing any media [rbac.ts:59] (0.10668ms)
    ✔ denies subscriber from reading drafts [rbac.ts:65] (0.068393ms)
    ✔ allows contributor to read drafts [rbac.ts:69] (0.091237ms)
    ✔ allows editor to read drafts [rbac.ts:73] (0.062594ms)
  ✔ hasPermission (8.136366ms)
  ▶ requirePermission
    ✔ throws for null user [rbac.ts:79] (0.694763ms)
    ✔ throws unauthorized for missing user [rbac.ts:83] (0.141082ms)
    ✔ throws forbidden for insufficient permissions [rbac.ts:92] (0.09301ms)
    ✔ does not throw for sufficient permissions [rbac.ts:101] (0.346209ms)
  ✔ requirePermission (1.54556ms)
  ▶ canActOnOwn
    ✔ allows action on own resource with own permission [rbac.ts:109] (0.1262ms)
    ✔ denies action on others resource without any permission [rbac.ts:113] (0.084386ms)
    ✔ allows editor to edit any resource [rbac.ts:117] (0.062053ms)
    ✔ allows author to edit own media [rbac.ts:122] (0.138928ms)
    ✔ denies author from editing others media [rbac.ts:126] (0.110195ms)
    ✔ denies contributor from editing any media (including own) [rbac.ts:130] (0.069154ms)
    ✔ allows editor to edit any media [rbac.ts:135] (0.08643ms)
    ✔ F17: empty-string ownerId is not treated as 'owned by user with id '' [rbac.ts:140] (0.23277ms)
  ✔ canActOnOwn (1.250106ms)
  ▶ requirePermissionOnResource
    ✔ allows author to edit own content [rbac.ts:169] (0.12649ms)
    ✔ throws for author editing others content [rbac.ts:176] (0.083065ms)
  ✔ requirePermissionOnResource (0.751428ms)
✔ rbac (12.232505ms)
✔ local workerd: portable auth core runs without nodejs_compat or a persistence adapter (327.417047ms)
(node:2567789) ExperimentalWarning: stripTypeScriptTypes is an experimental feature and might change at any time
(Use `node --trace-warnings ...` to show where the warning was created)
✔ raw D1: structured insert uses only its actual atomic capability (5900.656181ms)
✔ raw D1: structured update uses only its actual atomic capability (3754.13005ms)
✔ raw D1: structured delete uses only its actual atomic capability (3669.432366ms)
✔ raw D1: whole Source delete uses only its actual atomic capability (3216.805435ms)
✔ raw D1: whole Source reorder uses only its actual atomic capability (5567.187114ms)
✔ raw D1: whole Source pivot replacement uses only its actual atomic capability (3683.759237ms)
✔ raw D1: whole Source structure save uses only its actual atomic capability (4919.139795ms)
✔ raw D1: ordinary option storage and whole taxonomy reads remain available (2655.525087ms)
✔ scoped D1: structured insert uses only its actual atomic capability (5580.460935ms)
✔ scoped D1: structured update uses only its actual atomic capability (4717.832503ms)
✔ scoped D1: structured delete uses only its actual atomic capability (5371.789179ms)
✔ scoped D1: whole Source delete uses only its actual atomic capability (5402.299148ms)
✔ scoped D1: whole Source reorder uses only its actual atomic capability (5501.944113ms)
✔ scoped D1: whole Source pivot replacement uses only its actual atomic capability (4460.801935ms)
✔ scoped D1: whole Source structure save uses only its actual atomic capability (4513.003005ms)
✔ scoped D1: ordinary option storage and whole taxonomy reads remain available (1727.679835ms)
✔ Node: genuine v5 upgrade and persisted v17 reopen preserve content and operator objects (216.610663ms)
✔ Node: a future Source-named trigger collision is refused before any startup write (17.422656ms)
✔ Node: a real late-batch SQLite failure rolls back the complete v0→17 installation (89.877156ms)
✔ Node: a real late-batch SQLite failure rolls back the complete v4→17 installation (114.360035ms)
✔ raw D1: genuine v5 upgrade and persisted v17 reopen preserve content and operator objects (3151.739201ms)
✔ raw D1: a future Source-named trigger collision is refused before any startup write (1551.607992ms)
✔ raw D1: a real late-batch SQLite failure rolls back the complete v0→17 installation (3769.032469ms)
✔ raw D1: a real late-batch SQLite failure rolls back the complete v4→17 installation (5070.620911ms)
✔ scoped D1: genuine v5 upgrade and persisted v17 reopen preserve content and operator objects (3724.503434ms)
✔ scoped D1: a future Source-named trigger collision is refused before any startup write (1595.900913ms)
✔ scoped D1: a real late-batch SQLite failure rolls back the complete v0→17 installation (4638.943656ms)
✔ scoped D1: a real late-batch SQLite failure rolls back the complete v4→17 installation (5717.482322ms)
✔ Node: actual existing and newly created content tables receive Source031 byline indexes (212.346073ms)
✔ Node: a converted legacy reference remains usable after actual persisted reopen and startup (188.561267ms)
✔ raw D1: actual existing and newly created content tables receive Source031 byline indexes (3854.577732ms)
✔ raw D1: a converted legacy reference remains usable after actual persisted reopen and startup (3318.761512ms)
✔ scoped D1: actual existing and newly created content tables receive Source031 byline indexes (3992.862668ms)
✔ scoped D1: a converted legacy reference remains usable after actual persisted reopen and startup (4566.207442ms)
✔ Node: actual redirect host persists its Source loop cache in canonical options (116.448484ms)
✔ Node: actual menu loader resolves a real canonical taxonomy term (73.652759ms)
✔ raw D1: actual redirect host persists its Source loop cache in canonical options (2035.185196ms)
✔ raw D1: actual menu loader resolves a real canonical taxonomy term (1696.980444ms)
✔ scoped D1: actual redirect host persists its Source loop cache in canonical options (1465.068563ms)
✔ scoped D1: actual menu loader resolves a real canonical taxonomy term (2119.172913ms)
✔ Node: complete declared startup census fits D1's100-bind budget and preserves real namespace values (43.768582ms)
✔ raw D1: complete declared startup census fits D1's100-bind budget and preserves real namespace values (806.509426ms)
✔ scoped D1: complete declared startup census fits D1's100-bind budget and preserves real namespace values (599.331728ms)
✔ Node: ordinary startup satisfies actual Menu storage readiness (92.679013ms)
✔ Node: ordinary startup satisfies actual sections storage readiness (41.073078ms)
✔ Node: ordinary startup satisfies actual widgets storage readiness (33.819134ms)
✔ Node: ordinary startup satisfies actual Comments and runtime-dependency readiness (24.135719ms)
✔ Node: ordinary startup satisfies actual Redirect publication storage readiness (42.870254ms)
✔ raw D1: ordinary startup satisfies actual Menu storage readiness (1935.356435ms)
✔ raw D1: ordinary startup satisfies actual sections storage readiness (2948.737059ms)
✔ raw D1: ordinary startup satisfies actual widgets storage readiness (3158.950379ms)
✔ raw D1: ordinary startup satisfies actual Comments and runtime-dependency readiness (2405.901651ms)
✔ raw D1: ordinary startup satisfies actual Redirect publication storage readiness (2360.032757ms)
✔ scoped D1: ordinary startup satisfies actual Menu storage readiness (1732.990521ms)
✔ scoped D1: ordinary startup satisfies actual sections storage readiness (1486.382851ms)
✔ scoped D1: ordinary startup satisfies actual widgets storage readiness (1688.176646ms)
✔ scoped D1: ordinary startup satisfies actual Comments and runtime-dependency readiness (2301.415552ms)
✔ scoped D1: ordinary startup satisfies actual Redirect publication storage readiness (2268.967791ms)
✔ Node: actual public Sections/Widgets factory SQL recognizes its genuine persisted SQLite objects (73.382175ms)
✔ Node: a real quoted timestamp default remains distinct from the public Menu expression (17.820739ms)
✔ Node: an actual Redirect trigger retains its observable literal whitespace (72.050421ms)
✔ raw D1: actual public Sections/Widgets factory SQL recognizes its genuine persisted SQLite objects (935.971562ms)
✔ raw D1: a real quoted timestamp default remains distinct from the public Menu expression (445.773506ms)
✔ raw D1: an actual Redirect trigger retains its observable literal whitespace (1048.726478ms)
✔ scoped D1: actual public Sections/Widgets factory SQL recognizes its genuine persisted SQLite objects (746.979454ms)
✔ scoped D1: a real quoted timestamp default remains distinct from the public Menu expression (448.873188ms)
✔ scoped D1: an actual Redirect trigger retains its observable literal whitespace (1550.947109ms)
✔ Node: ordinary canonical startup installs actual contiguous providers through 17 (34.202534ms)
✔ Node: fresh ordinary startup makes media and byline prerequisites storage available (66.309823ms)
✔ Node: fresh ordinary startup makes directed content links storage available (46.728354ms)
✔ Node: fresh ordinary startup makes menus storage available (70.287152ms)
✔ Node: fresh ordinary startup makes sections and site widgets storage available (48.761314ms)
✔ Node: fresh ordinary startup makes comments and moderation storage available (29.670972ms)
✔ Node: fresh ordinary startup makes redirects storage available (37.781224ms)
✔ raw D1: ordinary canonical startup installs actual contiguous providers through 17 (1876.141015ms)
✔ raw D1: fresh ordinary startup makes media and byline prerequisites storage available (2061.1768ms)
✔ raw D1: fresh ordinary startup makes directed content links storage available (2560.743703ms)
✔ raw D1: fresh ordinary startup makes menus storage available (1835.725687ms)
✔ raw D1: fresh ordinary startup makes sections and site widgets storage available (2355.305323ms)
✔ raw D1: fresh ordinary startup makes comments and moderation storage available (2200.469725ms)
✔ raw D1: fresh ordinary startup makes redirects storage available (3196.185617ms)
✔ scoped D1: ordinary canonical startup installs actual contiguous providers through 17 (3180.076706ms)
✔ scoped D1: fresh ordinary startup makes media and byline prerequisites storage available (2000.207643ms)
✔ scoped D1: fresh ordinary startup makes directed content links storage available (2322.50162ms)
✔ scoped D1: fresh ordinary startup makes menus storage available (2702.058372ms)
✔ scoped D1: fresh ordinary startup makes sections and site widgets storage available (1693.881335ms)
✔ scoped D1: fresh ordinary startup makes comments and moderation storage available (1929.727652ms)
✔ scoped D1: fresh ordinary startup makes redirects storage available (2264.954758ms)
✔ Node SQLite: a lowercase declared future trigger refuses startup before any write (110.486143ms)
✔ Node SQLite: a uppercase declared future trigger refuses startup before any write (44.318209ms)
✔ raw D1: a lowercase declared future trigger refuses startup before any write (4383.842382ms)
✔ raw D1: a uppercase declared future trigger refuses startup before any write (3288.925998ms)
✔ scoped D1: a lowercase declared future trigger refuses startup before any write (3511.117185ms)
✔ scoped D1: a uppercase declared future trigger refuses startup before any write (3148.776482ms)
(node:2570406) ExperimentalWarning: stripTypeScriptTypes is an experimental feature and might change at any time
(Use `node --trace-warnings ...` to show where the warning was created)
✔ Node SQLite: ordinary options persist across normal installation and reopen (158.102275ms)
✔ Node SQLite: real taxonomy seeds defaults indexes and group pivot semantics (40.100781ms)
✔ Node SQLite: normal v5 upgrade preserves every field and exact operator SQL (102.88608ms)
✔ Node SQLite: failed normal metadata upgrade rolls back all providers and preserves v5 values (46.799219ms)
✔ Node SQLite: external metadata foreign keys refuse the normal upgrade before writes (15.691417ms)
✔ Node SQLite: missing or changed owned trigger refuses normal readiness without writes (79.049024ms)
✔ raw D1: ordinary options persist across normal installation and reopen (3118.056779ms)
✔ raw D1: real taxonomy seeds defaults indexes and group pivot semantics (2500.944223ms)
✔ raw D1: normal v5 upgrade preserves every field and exact operator SQL (3731.383636ms)
✔ raw D1: failed normal metadata upgrade rolls back all providers and preserves v5 values (3373.00635ms)
✔ raw D1: external metadata foreign keys refuse the normal upgrade before writes (1003.755434ms)
✔ raw D1: missing or changed owned trigger refuses normal readiness without writes (2790.928627ms)
✔ scoped D1: ordinary options persist across normal installation and reopen (2007.560079ms)
✔ scoped D1: real taxonomy seeds defaults indexes and group pivot semantics (1755.056815ms)
✔ scoped D1: normal v5 upgrade preserves every field and exact operator SQL (4321.368632ms)
✔ scoped D1: failed normal metadata upgrade rolls back all providers and preserves v5 values (2838.356728ms)
✔ scoped D1: external metadata foreign keys refuse the normal upgrade before writes (1065.832865ms)
✔ scoped D1: missing or changed owned trigger refuses normal readiness without writes (1943.544438ms)
✔ Node SQLite: normal installer applies real contiguous providers through eight (99.813061ms)
✔ Node SQLite: normal installation enables actual settings and taxonomy storage (20.764528ms)
✔ Node SQLite: normal metadata upgrade enables the Source collection field cascade (38.509235ms)
✔ raw D1: normal installer applies real contiguous providers through eight (1804.439765ms)
✔ raw D1: normal installation enables actual settings and taxonomy storage (2267.184234ms)
✔ raw D1: normal metadata upgrade enables the Source collection field cascade (2247.286955ms)
✔ scoped D1: normal installer applies real contiguous providers through eight (2303.897794ms)
✔ scoped D1: normal installation enables actual settings and taxonomy storage (1727.618059ms)
✔ scoped D1: normal metadata upgrade enables the Source collection field cascade (2213.83129ms)
✔ Node: canonical upgrade carries an existing legacy reference into directed group edges (212.205769ms)
✔ raw D1: canonical upgrade carries an existing legacy reference into directed group edges (5916.963233ms)
✔ scoped D1: canonical upgrade carries an existing legacy reference into directed group edges (6745.327071ms)
✔ Node SQLite: normal option and plugin storage revision triggers retain actual Source values (115.642737ms)
✔ raw D1: normal option and plugin storage revision triggers retain actual Source values (2183.137706ms)
✔ scoped D1: normal option and plugin storage revision triggers retain actual Source values (2059.298826ms)
✔ arbitrary generated field identifiers retain historical quote equivalence (1.184908ms)
✔ arbitrary generated fields retain quote equivalence in a complete table (0.318168ms)
✔ a default matching a known column name retains double-quoted literal bytes (0.191277ms)
✔ a known schema name in a quoted SELECT expression retains literal bytes (0.16653ms)
✔ canonical schema comparison retains embedded double quotes in single-quoted defaults (3.78584ms)
✔ canonical schema comparison distinguishes a double-quoted timestamp literal from the expression (0.174061ms)
✔ canonical schema comparison preserves whitespace inside single-quoted defaults (0.11995ms)
✔ canonical schema comparison preserves doubled single quotes and enclosed whitespace (0.136875ms)
✔ canonical schema comparison preserves Unicode nonbreaking whitespace outside literals (0.135604ms)
✔ canonical schema comparison preserves vertical-tab token boundaries outside literals (0.117947ms)
✔ canonical schema comparison still accepts known quoted native identifiers and SQLite ASCII whitespace (0.298388ms)
✔ native atomic batch follows queued reads and commits the completed write bookmark (false) (97.627907ms)
✔ native atomic batch issued before reads remains first (false) (72.701946ms)
✔ failed native atomic batch rejects its caller and leaves later reads ordered (false) (75.966665ms)
✔ native atomic batch follows queued reads and commits the completed write bookmark (true) (44.283846ms)
✔ native atomic batch issued before reads remains first (true) (55.760166ms)
✔ failed native atomic batch rejects its caller and leaves later reads ordered (true) (41.777886ms)
✔ throwing native resolve preserves its completed D1 write bookmark in Kit's outer error response (false) (3615.616965ms)
✔ throwing native resolve preserves its completed D1 write bookmark in Kit's outer error response (true) (3178.268566ms)
✔ native D1 runtime scopes each request and commits its authenticated bookmark (2238.805328ms)
✔ Cloudflare host settings use the trusted binding configuration for D1 Sessions (0.503595ms)
✔ real D1 authenticates on raw storage before scoping and applies write/bookmark constraints (2800.36197ms)
✔ Node: 103 persisted drafts paginate without duplicates after storage reopens (511.487778ms)
✔ D1: 103 persisted drafts paginate without duplicates after storage reopens (10244.828839ms)
✔ Node: registry.test.ts:234: should update a collection (96.700241ms)
✔ Node: registry.test.ts:248: touches updatedAt for an empty update (52.144821ms)
✔ Node: registry.test.ts:336: should throw when updating non-existent collection (21.837647ms)
✔ D1: registry.test.ts:234: should update a collection (666.322843ms)
✔ D1: registry.test.ts:248: touches updatedAt for an empty update (514.297082ms)
✔ D1: registry.test.ts:336: should throw when updating non-existent collection (436.847006ms)
✔ workerd: collection metadata service runs on the actual D1 binding without nodejs_compat (1460.032202ms)
✔ collection update: permission precedes hostile input and every storage access (2.20126ms)
✔ Node: metadata partial updates preserve omissions, undefined and explicit [] without schema DDL/version changes (79.785748ms)
✔ Node: strict bounded metadata/preconditions reject before storage and preserve every row (70.658235ms)
✔ Node: empty updates strictly advance timestamp even with a frozen clock and stale CAS never writes (32.961443ms)
✔ Node: changed schema version conflicts and missing collections report NOT_FOUND without writes (48.352867ms)
✔ Node: race between preflight and actual SQL cannot overwrite another metadata update (26.885183ms)
✔ Node: unexpected storage failures retain their error and roll back metadata (38.171504ms)
✔ Node: update returns its own committed row when another writer commits before the adapter returns (71.883772ms)
✔ Node: metadata survives storage/runtime restart and prior timestamp stays stale (195.344445ms)
✔ D1: metadata partial updates preserve omissions, undefined and explicit [] without schema DDL/version changes (625.7747ms)
✔ D1: strict bounded metadata/preconditions reject before storage and preserve every row (632.581497ms)
✔ D1: empty updates strictly advance timestamp even with a frozen clock and stale CAS never writes (571.469461ms)
✔ D1: changed schema version conflicts and missing collections report NOT_FOUND without writes (689.689636ms)
✔ D1: race between preflight and actual SQL cannot overwrite another metadata update (499.955046ms)
✔ D1: unexpected storage failures retain their error and roll back metadata (669.560687ms)
✔ D1: update returns its own committed row when another writer commits before the adapter returns (489.697224ms)
✔ D1: metadata survives storage/runtime restart and prior timestamp stays stale (733.513079ms)
✔ comments Node SQLite readiness preserves SQL literals: correct (26.267078ms)
✔ comments Node SQLite readiness preserves SQL literals: default case (14.114769ms)
✔ comments Node SQLite readiness preserves SQL literals: default whitespace (38.479866ms)
✔ comments Node SQLite readiness preserves SQL literals: partial index case (7.403569ms)
✔ comments Node SQLite readiness preserves SQL literals: collection default case (9.848407ms)
✔ comments Node SQLite readiness preserves SQL literals: source auto approval default (12.742226ms)
✔ comments Node SQLite readiness preserves SQL literals: comments quoted timestamp (7.375074ms)
✔ comments Node SQLite readiness preserves SQL literals: reactions quoted timestamp (5.091629ms)
✔ comments Node SQLite readiness preserves SQL literals: multiword type (4.94626ms)
✔ comments Node SQLite readiness preserves SQL literals: non-ASCII type whitespace (4.710718ms)
✔ comments Node SQLite readiness preserves SQL literals: collection Unicode type (5.481173ms)
✔ comments raw D1 readiness preserves SQL literals: correct (1039.975712ms)
✔ comments raw D1 readiness preserves SQL literals: default case (63.485363ms)
✔ comments raw D1 readiness preserves SQL literals: default whitespace (86.785617ms)
✔ comments raw D1 readiness preserves SQL literals: partial index case (67.119614ms)
✔ comments raw D1 readiness preserves SQL literals: collection default case (95.426791ms)
✔ comments raw D1 readiness preserves SQL literals: source auto approval default (58.189657ms)
✔ comments raw D1 readiness preserves SQL literals: comments quoted timestamp (72.50979ms)
✔ comments raw D1 readiness preserves SQL literals: reactions quoted timestamp (125.4085ms)
✔ comments raw D1 readiness preserves SQL literals: multiword type (130.299183ms)
✔ comments raw D1 readiness preserves SQL literals: non-ASCII type whitespace (55.151629ms)
✔ comments raw D1 readiness preserves SQL literals: collection Unicode type (102.734839ms)
✔ comments Node SQLite readiness refuses missing options before requests (45.021428ms)
✔ comments Node SQLite readiness refuses missing rate limits before requests (9.757371ms)
✔ comments raw D1 readiness refuses missing options before requests (1095.076531ms)
✔ comments raw D1 readiness refuses missing rate limits before requests (73.197668ms)
✔ ordinary content workspace exposes the real Comments inbox (233.462498ms)
✔ ordinary content workspace exposes both installed Sections and Widgets (1.239178ms)
✔ common management links retain the pinned Comments Menus Redirects Widgets Sections order (1.40687ms)
✔ Comments remains selected while editing actual collection comment settings (1.249894ms)
✔ Sections remains selected on its actual section editor route (0.926469ms)
✔ all installed management links resolve the application base with the current descendant selected (0.861261ms)
✔ the pinned editor-level navigation hides administrator Redirects even when read capability is present (2.037274ms)
✔ read capabilities below the pinned editor display floor expose no management links (2.911365ms)
✔ Redirects selection follows the current real route without requiring an activePage override (3.366598ms)
✔ missing feature routes remain absent even for an administrator (1.7668ms)
✔ schema administration and visible collections remain reachable alongside common navigation (0.569854ms)
✔ anonymous presentation has no management links (0.795964ms)
✔ content_update response data reflects the new title (180.366193ms)
✔ content_get returns the latest draft data after update (132.814801ms)
✔ multiple sequential updates all reflect on read (216.418693ms)
✔ publishing a draft makes its data the new live data on read (189.368792ms)
✔ partial updates merge with current draft (only title changes, body preserved) (149.794932ms)
✔ content_update on collection without revisions support reflects on read (112.664207ms)
✔ liveData is undefined when there is no draft revision (103.85036ms)
✔ liveData carries the published values when a draft revision exists (72.120102ms)
✔ Node: domain null slug remains distinct with omitted data (108.789977ms)
✔ Node: domain empty string slug remains distinct with omitted data (78.596022ms)
✔ Node: domain null slug remains distinct with explicit empty data (100.37593ms)
✔ Node: domain empty string slug remains distinct with explicit empty data (42.212105ms)
✔ D1: domain null slug remains distinct with omitted data (2053.561579ms)
✔ D1: domain empty string slug remains distinct with omitted data (740.637593ms)
✔ D1: domain null slug remains distinct with explicit empty data (804.490264ms)
✔ D1: domain empty string slug remains distinct with explicit empty data (842.221752ms)
✔ Node: ordinary list and count retain indexed constructor own-key filters (113.85383ms)
✔ Node: ordinary list and count retain indexed prototype own-key filters (60.832856ms)
✔ D1: ordinary list and count retain indexed constructor own-key filters (1854.619873ms)
✔ D1: ordinary list and count retain indexed prototype own-key filters (555.631369ms)
✔ filters by author (158.206746ms)
✔ passes indexed custom-field filters through the list handler (116.990914ms)
✔ reports a missing collection the same way with and without field filters (85.407495ms)
✔ reports a missing collection ahead of an invalid field filter name (133.803985ms)
✔ reports a missing collection ahead of an oversized filter set (97.847614ms)
✔ rejects an oversized filter set on a collection that exists (92.90244ms)
✔ rejects an invalid field filter name on a collection that exists (83.177421ms)
✔ filters by an inclusive createdAt date range (117.946205ms)
✔ normalizes offset-bearing date bounds before comparing canonical storage (128.437972ms)
✔ includes a boundary timestamp when the upper bound is end-of-day (60.355622ms)
✔ treats a date-only upper bound as inclusive of the whole day (72.361123ms)
✔ supports an open-ended (from-only) range (51.236859ms)
✔ combines author and date range filters (101.088623ms)
✔ ignores a date range with no field (61.05462ms)
✔ a publishedAt range excludes never-published rows (46.460105ms)
✔ content_get on a trashed item returns NOT_FOUND (not the item) (114.675985ms)
✔ content_list does NOT include trashed items by default (120.280167ms)
✔ content_list_trashed returns only trashed items (116.221078ms)
✔ content_update on a trashed item is rejected (item not visible) (141.306078ms)
✔ content_publish on a trashed item is rejected (136.848841ms)
[emdash] draft hydration failed: Error: no such table: _cms_revisions
    at NodeSqliteCompatDatabase.prepare (file:///workspace/cms-complete-seo-storage-backend/src/lib/server/database/node-sqlite-compat.ts:82:36)
    at SqliteConnection.executeQuery (file:///workspace/cms-complete-seo-storage-backend/node_modules/.pnpm/kysely@0.29.2/node_modules/kysely/dist/dialect/sqlite/sqlite-driver.js:58:31)
    at file:///workspace/cms-complete-seo-storage-backend/node_modules/.pnpm/kysely@0.29.2/node_modules/kysely/dist/query-executor/query-executor-base.js:39:41
    at DefaultConnectionProvider.provideConnection (file:///workspace/cms-complete-seo-storage-backend/node_modules/.pnpm/kysely@0.29.2/node_modules/kysely/dist/driver/default-connection-provider.js:10:26)
    at async DefaultQueryExecutor.executeQuery (file:///workspace/cms-complete-seo-storage-backend/node_modules/.pnpm/kysely@0.29.2/node_modules/kysely/dist/query-executor/query-executor-base.js:38:28)
    at async SelectQueryBuilderImpl.execute (file:///workspace/cms-complete-seo-storage-backend/node_modules/.pnpm/kysely@0.29.2/node_modules/kysely/dist/query-builder/select-query-builder.js:318:24)
    at async SelectQueryBuilderImpl.executeTakeFirst (file:///workspace/cms-complete-seo-storage-backend/node_modules/.pnpm/kysely@0.29.2/node_modules/kysely/dist/query-builder/select-query-builder.js:322:26)
    at async RevisionRepository.findById (file:///workspace/cms-complete-seo-storage-backend/src/lib/server/database/lifecycle/upstream/database/repositories/revision.ts:103:15)
    at async hydrate (file:///workspace/cms-complete-seo-storage-backend/src/lib/server/database/content-service.ts:42:19)
    at async file:///workspace/cms-complete-seo-storage-backend/tests/content-composition-read-fault.test.ts:31:50 {
  code: 'ERR_SQLITE_ERROR',
  errcode: 1,
  errstr: 'SQL logic error'
}
[emdash] draft hydration failed: Error: no such table: _cms_revisions
    at NodeSqliteCompatDatabase.prepare (file:///workspace/cms-complete-seo-storage-backend/src/lib/server/database/node-sqlite-compat.ts:82:36)
    at SqliteConnection.executeQuery (file:///workspace/cms-complete-seo-storage-backend/node_modules/.pnpm/kysely@0.29.2/node_modules/kysely/dist/dialect/sqlite/sqlite-driver.js:58:31)
    at file:///workspace/cms-complete-seo-storage-backend/node_modules/.pnpm/kysely@0.29.2/node_modules/kysely/dist/query-executor/query-executor-base.js:39:41
    at DefaultConnectionProvider.provideConnection (file:///workspace/cms-complete-seo-storage-backend/node_modules/.pnpm/kysely@0.29.2/node_modules/kysely/dist/driver/default-connection-provider.js:10:26)
    at async DefaultQueryExecutor.executeQuery (file:///workspace/cms-complete-seo-storage-backend/node_modules/.pnpm/kysely@0.29.2/node_modules/kysely/dist/query-executor/query-executor-base.js:38:28)
    at async SelectQueryBuilderImpl.execute (file:///workspace/cms-complete-seo-storage-backend/node_modules/.pnpm/kysely@0.29.2/node_modules/kysely/dist/query-builder/select-query-builder.js:318:24)
    at async SelectQueryBuilderImpl.executeTakeFirst (file:///workspace/cms-complete-seo-storage-backend/node_modules/.pnpm/kysely@0.29.2/node_modules/kysely/dist/query-builder/select-query-builder.js:322:26)
    at async RevisionRepository.findById (file:///workspace/cms-complete-seo-storage-backend/src/lib/server/database/lifecycle/upstream/database/repositories/revision.ts:103:15)
    at async hydrate (file:///workspace/cms-complete-seo-storage-backend/src/lib/server/database/content-service.ts:42:19)
    at async Object.getTrashedContent (file:///workspace/cms-complete-seo-storage-backend/src/lib/server/database/content-service.ts:108:65) {
  code: 'ERR_SQLITE_ERROR',
  errcode: 1,
  errstr: 'SQL logic error'
}
✔ Node: ordinary active read falls back to stored live values when only revision hydration fails (128.134382ms)
✔ Node: ordinary trash read falls back to stored live values when only revision hydration fails (96.367114ms)
[emdash] draft hydration failed: Error: D1_ERROR: no such table: _cms_revisions: SQLITE_ERROR
    at Error (file:///workspace/cms-complete-seo-storage-backend/tests/helpers/async-d1-storage.ts:41:19)
    at hydrate (file:///workspace/cms-complete-seo-storage-backend/node_modules/.pnpm/devalue@5.9.4/node_modules/devalue/src/parse.js:107:24)
    at hydrate (file:///workspace/cms-complete-seo-storage-backend/node_modules/.pnpm/devalue@5.9.4/node_modules/devalue/src/parse.js:271:26)
    at unflatten (file:///workspace/cms-complete-seo-storage-backend/node_modules/.pnpm/devalue@5.9.4/node_modules/devalue/src/parse.js:278:9)
    ... 3 lines matching cause stack trace ...
    at async execute (file:///workspace/cms-complete-seo-storage-backend/tests/helpers/async-d1-storage.ts:56:18)
    at async D1Connection.executeQuery (file:///workspace/cms-complete-seo-storage-backend/src/lib/server/database/d1.ts:55:29)
    at async file:///workspace/cms-complete-seo-storage-backend/node_modules/.pnpm/kysely@0.29.2/node_modules/kysely/dist/query-executor/query-executor-base.js:39:24 {
  [cause]: Error: no such table: _cms_revisions: SQLITE_ERROR
      at Error (file:///workspace/cms-complete-seo-storage-backend/tests/helpers/async-d1-storage.ts:41:19)
      at hydrate (file:///workspace/cms-complete-seo-storage-backend/node_modules/.pnpm/devalue@5.9.4/node_modules/devalue/src/parse.js:107:24)
      at hydrate (file:///workspace/cms-complete-seo-storage-backend/node_modules/.pnpm/devalue@5.9.4/node_modules/devalue/src/parse.js:271:26)
      at hydrate (file:///workspace/cms-complete-seo-storage-backend/node_modules/.pnpm/devalue@5.9.4/node_modules/devalue/src/parse.js:107:32)
      at hydrate (file:///workspace/cms-complete-seo-storage-backend/node_modules/.pnpm/devalue@5.9.4/node_modules/devalue/src/parse.js:271:26)
      at unflatten (file:///workspace/cms-complete-seo-storage-backend/node_modules/.pnpm/devalue@5.9.4/node_modules/devalue/src/parse.js:278:9)
      at parse (file:///workspace/cms-complete-seo-storage-backend/node_modules/.pnpm/devalue@5.9.4/node_modules/devalue/src/parse.js:21:9)
      at file:///workspace/cms-complete-seo-storage-backend/tests/helpers/async-d1-storage.ts:51:21
      at process.processTicksAndRejections (node:internal/process/task_queues:104:5)
      at async execute (file:///workspace/cms-complete-seo-storage-backend/tests/helpers/async-d1-storage.ts:56:18) {
    [cause]: undefined
  }
}
✔ D1: ordinary active read falls back to stored live values when only revision hydration fails (1966.55896ms)
[emdash] draft hydration failed: Error: D1_ERROR: no such table: _cms_revisions: SQLITE_ERROR
    at Error (file:///workspace/cms-complete-seo-storage-backend/tests/helpers/async-d1-storage.ts:41:19)
    at hydrate (file:///workspace/cms-complete-seo-storage-backend/node_modules/.pnpm/devalue@5.9.4/node_modules/devalue/src/parse.js:107:24)
    at hydrate (file:///workspace/cms-complete-seo-storage-backend/node_modules/.pnpm/devalue@5.9.4/node_modules/devalue/src/parse.js:271:26)
    at unflatten (file:///workspace/cms-complete-seo-storage-backend/node_modules/.pnpm/devalue@5.9.4/node_modules/devalue/src/parse.js:278:9)
    ... 3 lines matching cause stack trace ...
    at async execute (file:///workspace/cms-complete-seo-storage-backend/tests/helpers/async-d1-storage.ts:56:18)
    at async D1Connection.executeQuery (file:///workspace/cms-complete-seo-storage-backend/src/lib/server/database/d1.ts:55:29)
    at async file:///workspace/cms-complete-seo-storage-backend/node_modules/.pnpm/kysely@0.29.2/node_modules/kysely/dist/query-executor/query-executor-base.js:39:24 {
  [cause]: Error: no such table: _cms_revisions: SQLITE_ERROR
      at Error (file:///workspace/cms-complete-seo-storage-backend/tests/helpers/async-d1-storage.ts:41:19)
      at hydrate (file:///workspace/cms-complete-seo-storage-backend/node_modules/.pnpm/devalue@5.9.4/node_modules/devalue/src/parse.js:107:24)
      at hydrate (file:///workspace/cms-complete-seo-storage-backend/node_modules/.pnpm/devalue@5.9.4/node_modules/devalue/src/parse.js:271:26)
      at hydrate (file:///workspace/cms-complete-seo-storage-backend/node_modules/.pnpm/devalue@5.9.4/node_modules/devalue/src/parse.js:107:32)
      at hydrate (file:///workspace/cms-complete-seo-storage-backend/node_modules/.pnpm/devalue@5.9.4/node_modules/devalue/src/parse.js:271:26)
      at unflatten (file:///workspace/cms-complete-seo-storage-backend/node_modules/.pnpm/devalue@5.9.4/node_modules/devalue/src/parse.js:278:9)
      at parse (file:///workspace/cms-complete-seo-storage-backend/node_modules/.pnpm/devalue@5.9.4/node_modules/devalue/src/parse.js:21:9)
      at file:///workspace/cms-complete-seo-storage-backend/tests/helpers/async-d1-storage.ts:51:21
      at process.processTicksAndRejections (node:internal/process/task_queues:104:5)
      at async execute (file:///workspace/cms-complete-seo-storage-backend/tests/helpers/async-d1-storage.ts:56:18) {
    [cause]: undefined
  }
}
✔ D1: ordinary trash read falls back to stored live values when only revision hydration fails (839.336515ms)
✔ generic draft save updates revisions and rejects stale mutations (203.403234ms)
✔ generic published save updates revisions and rejects stale mutations (97.22447ms)
✔ generic draft trash restore retains draft revision and clears live publication (107.592384ms)
✔ generic published trash restore retains draft revision and clears live publication (106.084072ms)
✔ generic ownership, null ownership and read-draft capability remain trusted gates (115.804624ms)
✔ generic lists remain bounded summaries and skipRevision retains only the newest pending autosave (120.591676ms)
✔ generic create denies anonymous before storage initialization (0.497867ms)
✔ generic create denies reader before storage initialization (0.128583ms)
▶ findMany complete basic/total declarations
  ✔ should return all content by default (193.523381ms)
  ✔ should filter by status (68.994889ms)
  ✔ should filter by authorId (81.833359ms)
  ✔ should filter by both status and authorId (104.686304ms)
  ✔ should apply limit (72.465805ms)
  ✔ should support cursor pagination (76.450915ms)
  ✔ should not include nextCursor when no more items (63.164952ms)
  ✔ should order by createdAt desc by default (59.900435ms)
  ✔ should support custom ordering (81.057836ms)
  ✔ should default limit to 50 (244.84418ms)
  ✔ should cap limit at 100 (88.401894ms)
  ✔ should not include soft-deleted content (71.972991ms)
  ✔ should return empty array when no items match (82.719984ms)
  ✔ reports total rows regardless of limit (118.616864ms)
  ✔ total respects the where clause (50.535846ms)
  ✔ total stays stable across cursor pages (68.668189ms)
✔ findMany complete basic/total declarations (1530.37403ms)
▶ count complete declarations
  ✔ should count all content of a type (81.72044ms)
  ✔ should count by status (83.68022ms)
  ✔ should count by authorId (126.942294ms)
  ✔ should count by both status and authorId (131.455614ms)
  ✔ should return 0 when no items match (129.316937ms)
  ✔ should not count soft-deleted content (145.842218ms)
✔ count complete declarations (699.709009ms)
✔ Node: ordinary slug-only save changes live metadata without a draft (166.557747ms)
✔ Node: ordinary explicit empty-data save stages a slug (95.388695ms)
[emdash:redirects] publishing redirect artifacts failed: Error: driver has already been destroyed
    at RuntimeDriver.acquireConnection (file:///workspace/cms-complete-seo-storage-backend/node_modules/.pnpm/kysely@0.29.2/node_modules/kysely/dist/driver/runtime-driver.js:44:19)
    at DefaultConnectionProvider.provideConnection (file:///workspace/cms-complete-seo-storage-backend/node_modules/.pnpm/kysely@0.29.2/node_modules/kysely/dist/driver/default-connection-provider.js:8:47)
    at DefaultQueryExecutor.provideConnection (file:///workspace/cms-complete-seo-storage-backend/node_modules/.pnpm/kysely@0.29.2/node_modules/kysely/dist/query-executor/default-query-executor.js:20:41)
    at TransactionBuilder.execute (file:///workspace/cms-complete-seo-storage-backend/node_modules/.pnpm/kysely@0.29.2/node_modules/kysely/dist/kysely.js:672:37)
    at withTransaction (file:///workspace/cms-complete-seo-storage-backend/src/lib/server/database/lifecycle/upstream/database/transaction.ts:63:41)
    at publishRedirectArtifacts (file:///workspace/cms-complete-seo-storage-backend/src/lib/server/redirects/artifacts.ts:185:8)
    at async publishRedirectChanges (file:///workspace/cms-complete-seo-storage-backend/src/lib/server/redirects/artifacts.ts:277:3)
✔ D1: ordinary slug-only save changes live metadata without a draft (1878.745846ms)
✔ D1: ordinary explicit empty-data save stages a slug (914.583241ms)
✔ lists only the trashed entries in the requested locale (207.115142ms)
✔ lists every locale when no locale is given (96.690138ms)
✔ returns each item's locale so the trash list can display it (96.314515ms)
✔ counts only the trashed entries in the requested locale (137.33808ms)
✔ revision tokens bind collection, entry and locale without using updatedAt as a wire precondition (2.856566ms)
✔ wire inputs carry schema data and reject caller identity, system columns and raw revisions (0.794342ms)
✔ local database: actual D1 values and atomic rollback use zero synchronous waits (503.022863ms)
✔ collection update: actual D1 values and atomic rollback use zero synchronous waits (279.656726ms)
✔ local database: custom Worker dispatch retains request data and the same actual DB (138.402376ms)
✔ direct fixtures: original persistent DB identifiers remain separate across restart (1729.162649ms)
✔ fresh D1 fixtures keep separate real databases while sharing their runtime (977.953782ms)
✔ closing one D1 fixture rejects stale queries and leaves its peer intact (30.072846ms)
✔ D1 runtime groups rotate after 256 distinct databases without recycling a closed database (4754.719068ms)
✔ persistent D1 fixtures retain their dedicated runtime and actual data across restart (403.440441ms)
✔ control: installed Miniflare proxy exposes the delayed prior-notification race (432.959582ms)
✔ D1 fixture matches each response when a prior synchronous notification arrives late (960.575773ms)
✔ D1 fixture executes queries and atomic batches without synchronously blocking Node (22.506925ms)
✔ D1 fixture preserves actual D1 parameters, result metadata and malformed-batch rollback (302.827483ms)
✔ D1 fixture owns disposal and preserves isolated real D1 storage across restart (1780.796379ms)
✔ source: raw binding reports supportsMultipleConnections: true (0.955424ms)
✔ source: lets concurrent queries overlap instead of serializing behind a mutex (7.747431ms)
✔ source: raw adapter declares the compound SELECT ceiling (1.352251ms)
✔ source: raw adapter exposes atomic batches (0.437608ms)
✔ source: forwards compiled statements to one binding batch and maps results (14.224656ms)
✔ source: preserves DELETE RETURNING rows through the raw binding dialect (8.498454ms)
✔ local: an unsettled first binding read does not block the next query (11.800065ms)
✔ Node: equivalent schema, scalar, CAS, soft-delete and persisted session contract (174.572276ms)
✔ Node: failed batch rolls back DML and CREATE/ALTER/DROP DDL (22.038636ms)
✔ Node: fresh/v1 auth failures roll back all DDL and migration markers (163.836964ms)
✔ Node: incomplete/future migration state fails without repair (149.846861ms)
✔ D1: equivalent schema, scalar, CAS, soft-delete and persisted session contract (1239.270223ms)
✔ D1: failed batch rolls back DML and CREATE/ALTER/DROP DDL (200.807783ms)
✔ D1: fresh/v1 auth failures roll back all DDL and migration markers (1889.750454ms)
✔ D1: incomplete/future migration state fails without repair (1724.5295ms)
✔ D1: deterministic stale fresh/v1 callers recover the actual binding error envelope (1278.318418ms)
✔ D1: concurrent same-slug creators map the real UNIQUE envelope to COLLECTION_EXISTS (387.746706ms)
✔ D1: startup accepts a complete upgrade between actual preflight reads (520.432171ms)
✔ D1: one actual batch forwards parameters/order, RETURNING rows, zero/positive changes and insert IDs (172.754068ms)
✔ D1: unrelated envelopes do not turn into successful migration race recovery (395.697088ms)
✔ local: envelope classifier keeps Node messages and ignores lookalike/unknown D1 formats (0.395013ms)
✔ D1: callback transactions, streaming and general introspection reject explicitly (96.082488ms)
✔ D1: raw parameter variants retain binding support/rejections without Node normalization (403.938162ms)
✔ D1 and Node: v1 content and hashed sessions persist across close/reopen and revocation (978.857974ms)
✔ local workerd: real D1-backed CMS/session core runs without nodejs_compat (666.294915ms)
▶ ported openNodeSqliteDatabase
  ✔ implements the statement contract Kysely uses (15.611147ms)
  ✔ supports direct statement calls (2.177539ms)
  ✔ can be closed more than once (2.05786ms)
  ✔ normalizes supported positional values without shifting parameters (2.143248ms)
  ✔ rejects an unsupported plain object before executing the statement (3.255708ms)
  ✔ rejects an unsupported array before executing the statement (1.402054ms)
  ✔ rejects an unsupported date before executing the statement (1.570788ms)
  ✔ rejects an unsupported boxed number before executing the statement (2.041125ms)
  ✔ applies connection defaults without changing the journal mode (0.939791ms)
  ✔ switches to WAL with NORMAL synchronization when requested (0.532499ms)
  ✔ keeps NORMAL synchronization when reopening an existing WAL database without the option (7.803986ms)
✔ ported openNodeSqliteDatabase (41.067495ms)
▶ ported EmDash SchemaRegistry assertions
  ✔ should create a collection (106.492337ms)
  ✔ F14: defaults supports to ['drafts', 'revisions'] when undefined (73.197553ms)
  ✔ F14: preserves explicit empty supports array (opt-out) (47.967014ms)
  ✔ should create the content table when creating a collection (37.205525ms)
  ✔ rejects an unregistered content table with a structured conflict (30.764632ms)
  ✔ should list collections (23.29021ms)
  ✔ should get a collection by slug (31.1766ms)
  ✔ should return null for non-existent collection (19.299492ms)
  ✔ should throw when creating duplicate collection (21.223609ms)
  ✔ should add column to content table when creating field (39.314127ms)
  ✔ should get a field by slug (27.458893ms)
  ✔ should reject reserved field slugs (18.081616ms)
✔ ported EmDash SchemaRegistry assertions (478.418019ms)
▶ ported EmDash ContentRepository draft assertions
  ✔ should create content with minimal data (33.651113ms)
  ✔ should throw error for duplicate type+slug (33.532644ms)
  ✔ should allow same slug for different types (28.704652ms)
  ✔ should allow null slug (24.403799ms)
  ✔ should generate unique ID (47.718176ms)
  ✔ should find content by ID (23.634606ms)
  ✔ should return null for non-existent ID (24.281135ms)
  ✔ should return null when type doesn't match (39.383281ms)
✔ ported EmDash ContentRepository draft assertions (255.849738ms)
✔ mutation authorization precedes hostile input access and storage; permitted callers still validate (10.151399ms)
✔ system migration, additive field and drafts survive close/reopen (175.074321ms)
✔ independent additive DDL failure rolls back metadata and schema guard (44.604514ms)
✔ batch failures roll back both DDL and DML (25.262818ms)
✔ SQL identifiers, unknown/system fields and client ownership claims are rejected; quoted values remain inert (54.898748ms)
✔ database constraints enforce required NULL, locale slug uniqueness and foreign keys; unique is metadata and service validates lengths (68.744949ms)
✔ anonymous/empty principals and missing permissions fail closed before any query (1.170636ms)
✔ owner permissions use persisted author; any permission permits another author (35.867337ms)
✔ two independent connections competing from the same revision yield exactly one successful update (86.482939ms)
✔ schema version conflicts and field bounds preserve existing definitions (252.070598ms)
✔ summary query excludes large bodies, clamps pages, orders ties, scopes locales and validates cursors (337.244684ms)
✔ unique flags remain metadata across collection/field underscore boundaries (37.26917ms)
✔ field length semantics preserve pinned Unicode codepoints and embedded NUL (50.153869ms)
✔ migrations reject unknown versions and unmanaged system tables without mutation (2.229044ms)
✔ schema defaults reject NUL before DDL while escaped quotes remain inert (53.503725ms)
✔ cursor OR branches keep locale and trash filters when titles and slugs are null (69.541103ms)
✔ concurrent same-slug collection creation reports a sanitized conflict and preserves unrelated failures (67.655935ms)
✔ version-one migration markers reject missing system tables without repair or mutation (76.104469ms)
✔ same-slug creation at the collection cap still reports duplicate while new slugs report the bound (533.533991ms)
✔ doctor returns actionable JSON failure without creating a missing database (624.65325ms)
✔ doctor reads the real installed migrations, collection and empty identity tables without writes (710.649814ms)
✔ doctor reports pending migrations from the actual registered provider universe (593.938533ms)
✔ doctor does not accept unknown or gapped native migration records as fully applied (648.217781ms)
✔ doctor reports actual orphaned content tables without including ordinary operator tables (606.221895ms)
✔ doctor detects noncanonical persisted content and nested/revision datetimes without repairing them (1025.292953ms)
✔ doctor reports invalid datetime data as an inspection failure (725.722299ms)
✔ doctor combines actual Native Worker wiring diagnostics with a missing local database (561.965545ms)
✔ doctor provides Native TOML trigger guidance for a real maintenance handler (636.471722ms)
✔ doctor reports JSONC locations and does not print configuration values (549.412285ms)
✔ doctor reports TOML locations without including configuration source excerpts (609.114555ms)
✔ doctor accepts explicit database paths and prints native human-readable summaries (716.170628ms)
✔ doctor rejects invalid flags with a useful usage error (1243.091198ms)
▶ draft preview applies defaults only to absent persisted keys
  ✔ string, schema default: absent key (1.652328ms)
  ✔ string, schema default: explicit null (0.317667ms)
  ✔ string, schema default: empty string (0.170456ms)
  ✔ string, schema default: false (0.142294ms)
  ✔ string, schema default: zero (0.166269ms)
  ✔ string, schema default: stored string (0.132259ms)
  ✔ string, schema default: inherited key (0.164357ms)
  ✔ string, absent default: absent key (0.168182ms)
  ✔ string, absent default: explicit null (0.183635ms)
  ✔ string, absent default: empty string (0.324426ms)
  ✔ string, absent default: false (0.117316ms)
  ✔ string, absent default: zero (0.107311ms)
  ✔ string, absent default: stored string (0.123916ms)
  ✔ string, absent default: inherited key (0.104827ms)
  ✔ string, null default: absent key (0.116204ms)
  ✔ string, null default: explicit null (0.07332ms)
  ✔ string, null default: empty string (0.090936ms)
  ✔ string, null default: false (0.054582ms)
  ✔ string, null default: zero (0.076786ms)
  ✔ string, null default: stored string (0.050646ms)
  ✔ string, null default: inherited key (0.08008ms)
  ✔ text, schema default: absent key (0.107992ms)
  ✔ text, schema default: explicit null (0.097116ms)
  ✔ text, schema default: empty string (0.056976ms)
  ✔ text, schema default: false (0.055613ms)
  ✔ text, schema default: zero (0.049634ms)
  ✔ text, schema default: stored string (0.048873ms)
  ✔ text, schema default: inherited key (0.051187ms)
  ✔ text, absent default: absent key (0.052228ms)
  ✔ text, absent default: explicit null (0.076675ms)
  ✔ text, absent default: empty string (0.05316ms)
  ✔ text, absent default: false (0.048153ms)
  ✔ text, absent default: zero (0.048352ms)
  ✔ text, absent default: stored string (0.047712ms)
  ✔ text, absent default: inherited key (0.067552ms)
  ✔ text, null default: absent key (0.063305ms)
  ✔ text, null default: explicit null (0.051397ms)
  ✔ text, null default: empty string (0.046189ms)
  ✔ text, null default: false (0.04678ms)
  ✔ text, null default: zero (0.049153ms)
  ✔ text, null default: stored string (0.111678ms)
  ✔ text, null default: inherited key (0.052669ms)
  ✔ string, constructor: absent (0.451838ms)
  ✔ string, constructor: inherited (0.133711ms)
  ✔ string, constructor: own (0.075022ms)
  ✔ string, constructor: null (0.061533ms)
  ✔ string, prototype: absent (0.11309ms)
  ✔ string, prototype: inherited (0.10001ms)
  ✔ string, prototype: own (0.065258ms)
  ✔ string, prototype: null (0.057406ms)
  ✔ text, constructor: absent (0.065198ms)
  ✔ text, constructor: inherited (0.067781ms)
  ✔ text, constructor: own (0.056305ms)
  ✔ text, constructor: null (0.047972ms)
  ✔ text, prototype: absent (0.049164ms)
  ✔ text, prototype: inherited (0.046701ms)
  ✔ text, prototype: own (0.049624ms)
  ✔ text, prototype: null (0.049925ms)
✔ draft preview applies defaults only to absent persisted keys (101.511414ms)
✔ local D1: locales, concurrent restore, retained data and persisted restart (1480.053782ms)
✔ local D1: SQL ownership predicate and batch rollback protect retained trash (725.081503ms)
✔ Node: schema changed after restore preflight rolls back the guard and leaves trash intact (63.75802ms)
✔ D1: schema changed after restore preflight rolls back the guard and leaves trash intact (767.745729ms)
✔ Node: concurrent v1 trash index installers preserve rows and reach complete v2 (277.681938ms)
✔ Node: v1 wrong same-name objects reject migration without mutation (112.781252ms)
✔ Node: v1 incompatible index appearing after preflight rejects and rolls back installer changes (56.062104ms)
✔ Node: concurrent v2 trash index installers preserve rows and reach complete v2 (201.413012ms)
✔ Node: v2 wrong same-name objects reject migration without mutation (398.74461ms)
✔ Node: v2 incompatible index appearing after preflight rejects and rolls back installer changes (101.951433ms)
✔ Node: v1 trash index batch failure rolls back auth DDL, marker upgrade and index together (59.866131ms)
✔ Node: invalid known auth states reject before any trash index installer batch (143.154233ms)
✔ Node: backfilled existing index and retained trash survive storage restart with unchanged schema metadata (57.189585ms)
✔ D1: concurrent v1 trash index installers preserve rows and reach complete v2 (1235.19859ms)
✔ D1: v1 wrong same-name objects reject migration without mutation (2049.987572ms)
✔ D1: v1 incompatible index appearing after preflight rejects and rolls back installer changes (584.463926ms)
✔ D1: concurrent v2 trash index installers preserve rows and reach complete v2 (699.181329ms)
✔ D1: v2 wrong same-name objects reject migration without mutation (5616.701904ms)
✔ D1: v2 incompatible index appearing after preflight rejects and rolls back installer changes (955.214609ms)
✔ D1: v1 trash index batch failure rolls back auth DDL, marker upgrade and index together (718.799514ms)
✔ D1: invalid known auth states reject before any trash index installer batch (2941.193561ms)
✔ D1: backfilled existing index and retained trash survive storage restart with unchanged schema metadata (1434.104406ms)
✔ Node: one-row all-locale trash plan matches the complete pinned Source index set (60.465149ms)
✔ Node: explicit migration adds missing trash indexes idempotently without changing retained data or schema metadata (174.116627ms)
✔ Node: index batch failure rolls back every newly added index and leaves marker/data unchanged (96.798472ms)
✔ D1: one-row all-locale trash plan matches the complete pinned Source index set (637.475266ms)
✔ D1: explicit migration adds missing trash indexes idempotently without changing retained data or schema metadata (936.682751ms)
✔ D1: index batch failure rolls back every newly added index and leaves marker/data unchanged (752.670545ms)
✔ Node: synthetic mixed-status fixture excludes active and published rows before pagination (53.99382ms)
▶ Node: 103 retained drafts paginate through repository/service and survive reopen
  ✔ default 50, cap 100 and last returned row produce honest continuation (2.611018ms)
  ✔ full default, custom and repository walks have no duplicates or missing tied rows (22.477043ms)
  ✔ omitted locale includes all locales and each exact-locale walk remains complete (24.849113ms)
  ✔ empty cursor is first page; exact terminal and beyond-terminal pages omit continuation (2.512921ms)
  ✔ malformed cursors report INVALID_CURSOR at both repository and service boundaries (1.104016ms)
  ✔ saved later page resumes after a storage reopen (4.959521ms)
  ✔ restoring a later-page row retains data, rejects stale tokens and survives reopen (8.908696ms)
✔ Node: 103 retained drafts paginate through repository/service and survive reopen (403.089703ms)
✔ D1: synthetic mixed-status fixture excludes active and published rows before pagination (487.989294ms)
▶ D1: 103 retained drafts paginate through repository/service and survive reopen
  ✔ default 50, cap 100 and last returned row produce honest continuation (71.234606ms)
  ✔ full default, custom and repository walks have no duplicates or missing tied rows (222.410148ms)
  ✔ omitted locale includes all locales and each exact-locale walk remains complete (405.126744ms)
  ✔ empty cursor is first page; exact terminal and beyond-terminal pages omit continuation (46.150418ms)
  ✔ malformed cursors report INVALID_CURSOR at both repository and service boundaries (0.882574ms)
  ✔ saved later page resumes after a storage reopen (251.61687ms)
  ✔ restoring a later-page row retains data, rejects stale tokens and survives reopen (382.945514ms)
✔ D1: 103 retained drafts paginate through repository/service and survive reopen (8644.15029ms)
✔ supplemental cursor wire uses UTF-8 standard base64 and preserves upstream string-only validation (0.604587ms)
✔ supplemental direct cursor decode rejects empty/malformed/oversized input with a short domain error (0.892549ms)
✔ Node: adapted trash-locale-filter.test.ts:57/65/75 value assertions (74.78734ms)
✔ D1: adapted trash-locale-filter.test.ts:57/65/75 value assertions (729.688077ms)
✔ workerd: draft restore uses actual D1 without nodejs_compat, with one concurrent CAS winner (1098.780517ms)
✔ draft trash: authorization precedes hostile input and every storage access (2.245438ms)
✔ draft trash: permitted malformed bounded inputs reject before storage (3.188673ms)
✔ Node draft trash: explicit locale scopes, omitted locale includes every locale and item locale is retained (93.610972ms)
✔ Node draft trash: default 50 and cap 100, deletedAt/id descending, bounded body-free summaries (385.259312ms)
✔ Node draft trash: restore retains stored columns and returns refreshed CAS even with frozen time (59.506133ms)
✔ Node draft trash: restore uses edit-own/any, persisted nonempty owner and no delete requirement (44.407364ms)
✔ Node draft trash: stale tokens conflict without writes, active restore conflicts and missing restores are NOT_FOUND (50.985121ms)
✔ Node draft trash: two real SQLite connections restoring the same token yield one success and one conflict (101.339496ms)
✔ Node draft trash: SQL owner predicate rejects ownership changed after authorized preflight on another connection (81.595358ms)
✔ Node draft trash: SQL CAS rejects restore won by another connection after preflight (58.654295ms)
✔ Node draft trash: restore returns its committed row when another connection writes before batch returns (99.652675ms)
✔ Node draft trash: unexpected storage errors roll back restore and guard rows (87.06282ms)
✔ Node draft trash: trashed data and restored revision survive real storage restart; prior token remains stale (172.701973ms)
✔ Node source: five collection output, manifest-build.test.ts:537 (83.852995ms)
✔ Node supplemental: 0/1/50/51/100 boundaries preserve ordered projection with bounded reads (231.857951ms)
✔ Node supplemental: each collection retains its 32-field cap, including ignored malformed rows (66.444961ms)
✔ Node supplemental: authorization precedes SQL; constructor fields remain unparsed; errors propagate (24.621584ms)
✔ Node supplemental: uncached collection and field changes appear on the next read (28.973632ms)
✔ D1 source: five collection output, manifest-build.test.ts:537 (2617.373387ms)
✔ D1 supplemental: 0/1/50/51/100 boundaries preserve ordered projection with bounded reads (11786.267508ms)
✔ D1 supplemental: each collection retains its 32-field cap, including ignored malformed rows (2876.672668ms)
✔ D1 supplemental: authorization precedes SQL; constructor fields remain unparsed; errors propagate (2999.712501ms)
✔ D1 supplemental: uncached collection and field changes appear on the next read (1574.940654ms)
✔ workerd supplemental: manifest executes on the actual local D1 binding without nodejs_compat (644.889607ms)
✔ source: includes manual collections that have no fields (60.396147ms)
✔ source subset: forwards declared validation on scalar fields and omits absent validation (73.14747ms)
✔ source: reflects schema mutations immediately with no cross-runtime cache (60.71797ms)
✔ manifest requires draft-read before querying; administrative schema policy is unchanged (1.984616ms)
✔ least-disclosure projection excludes storage/admin/default/content values and respects registry bounds (1025.175135ms)
✔ pinned manifest limitation: a manual constructor collection is omitted pending a separate upstream-behavior fix (30.413181ms)
✔ Node: partial registry.test.ts:668 existing-field label/order expectations (129.427565ms)
✔ Node: adapted MCP schema.test.ts:1003 preserves concurrent partial field updates (32.851788ms)
✔ Node: supplemental paired 12-layout metadata-default change preserves raw/content omitted inserts (278.034873ms)
✔ Node: supplemental field-update validation observation applies to future writes and leaves old content readable (78.772216ms)
✔ D1: partial registry.test.ts:668 existing-field label/order expectations (1547.887258ms)
✔ D1: adapted MCP schema.test.ts:1003 preserves concurrent partial field updates (531.941781ms)
✔ D1: supplemental paired 12-layout metadata-default change preserves raw/content omitted inserts (3431.881659ms)
✔ D1: supplemental field-update validation observation applies to future writes and leaves old content readable (377.499203ms)
✔ field edit: schema permission precedes hostile input and storage (3.71995ms)
✔ Node: field metadata persists across reopen without DDL, content, token or collection changes (169.373844ms)
✔ Node: supplied-key edits preserve omissions; validation replaces and null/empty remain distinct (53.505097ms)
✔ Node: invalid and out-of-scope metadata fails without writes (135.511399ms)
✔ Node: independent concurrent partial edits preserve both writes and each operation's own receipt (36.091223ms)
✔ Node: independent storage handles make concurrent supplied-key edits without a shared mutex (62.879269ms)
✔ Node: legacy metadata edits preserve divergent SQL defaults, required layout, unique indexes and stored NULL across reopen (94.323952ms)
✔ Node: validation tightening affects future supplied writes while old content remains readable (58.66031ms)
✔ Node: edited defaults stay metadata; omitted raw/content inserts retain physical required defaults and optional NULL (69.192881ms)
✔ Node: failures during/after metadata UPDATE roll back every change and retain storage errors (71.706762ms)
✔ Node: field replacement between preflight and commit preserves the replacement identity (49.38826ms)
✔ D1: field metadata persists across reopen without DDL, content, token or collection changes (1263.474794ms)
✔ D1: supplied-key edits preserve omissions; validation replaces and null/empty remain distinct (2132.244437ms)
✔ D1: invalid and out-of-scope metadata fails without writes (1904.576645ms)
✔ D1: independent concurrent partial edits preserve both writes and each operation's own receipt (348.537908ms)
✔ D1: independent storage handles make concurrent supplied-key edits without a shared mutex (4165.768491ms)
✔ D1: legacy metadata edits preserve divergent SQL defaults, required layout, unique indexes and stored NULL across reopen (1143.15968ms)
✔ D1: validation tightening affects future supplied writes while old content remains readable (2058.607873ms)
✔ D1: edited defaults stay metadata; omitted raw/content inserts retain physical required defaults and optional NULL (545.262051ms)
✔ D1: failures during/after metadata UPDATE roll back every change and retain storage errors (632.236075ms)
✔ D1: field replacement between preflight and commit preserves the replacement identity (531.173967ms)
✔ field label conversion accepts absent/matching Kit instance ids and removes them before the service (1.938258ms)
✔ field label form requires exact pair identity, a nonempty string and rejects broader field properties (10.90606ms)
✔ field label: permission precedes hostile input and all storage access (4.900601ms)
✔ Node: selected partial registry.test.ts:668 label assertion (145.59486ms)
✔ Node: string/text labels persist across restart while all other metadata, DDL, indexes, content and tokens remain unchanged (147.631727ms)
✔ Node: strict label-only validation rejects extra properties and invalid targets before storage without writes (78.349762ms)
✔ Node: whitespace and labels longer than 200 characters retain the pinned nonempty-only contract (58.190221ms)
✔ Node: schema:manage alone can relabel and schema/content readers cannot mutate any row (105.607821ms)
✔ Node: identical labels are successful no-op values and same-field concurrent edits are last-writer-wins (72.9623ms)
✔ Node: independent fields keep separate results and do not change each other's attributes (27.909147ms)
✔ Node: a pre-label collection metadata token remains valid and metadata forms cannot overwrite field labels (69.046255ms)
✔ Node: metadata writes between label preflight and commit neither conflict nor lose either update (91.836138ms)
✔ Node: label writes during metadata preflight leave metadata CAS valid and preserve both updates (67.493211ms)
✔ Node: additive fields coexist with label edits even when schema version changes after preflight (46.753324ms)
✔ Node: collection/field target pairs isolate same-slug fields and missing targets write nothing (109.321883ms)
✔ Node: deletion of a field after preflight cannot relabel a different identity or report success (73.553718ms)
✔ Node: replacement of a field after preflight cannot relabel a different identity or report success (79.22161ms)
✔ Node: replacement of a collection and its same-slug fields after preflight preserves the replacement identities (41.803149ms)
✔ Node: failures during and after the label UPDATE roll back every row and retain unexpected storage errors (60.211422ms)
✔ Node: the returned field belongs to this atomic write even when another label commits before the adapter returns (37.740474ms)
✔ Node: relabeling legacy columns retains divergent defaults, required layout, unique indexes and stored NULL values (91.130344ms)
✔ D1: selected partial registry.test.ts:668 label assertion (1225.55172ms)
✔ D1: string/text labels persist across restart while all other metadata, DDL, indexes, content and tokens remain unchanged (765.543546ms)
✔ D1: strict label-only validation rejects extra properties and invalid targets before storage without writes (1473.378651ms)
✔ D1: whitespace and labels longer than 200 characters retain the pinned nonempty-only contract (462.183901ms)
✔ D1: schema:manage alone can relabel and schema/content readers cannot mutate any row (551.665232ms)
✔ D1: identical labels are successful no-op values and same-field concurrent edits are last-writer-wins (414.885119ms)
✔ D1: independent fields keep separate results and do not change each other's attributes (304.531139ms)
✔ D1: a pre-label collection metadata token remains valid and metadata forms cannot overwrite field labels (366.296221ms)
✔ D1: metadata writes between label preflight and commit neither conflict nor lose either update (297.55932ms)
✔ D1: label writes during metadata preflight leave metadata CAS valid and preserve both updates (252.963026ms)
✔ D1: additive fields coexist with label edits even when schema version changes after preflight (287.936345ms)
✔ D1: collection/field target pairs isolate same-slug fields and missing targets write nothing (582.062781ms)
✔ D1: deletion of a field after preflight cannot relabel a different identity or report success (234.768894ms)
✔ D1: replacement of a field after preflight cannot relabel a different identity or report success (246.345014ms)
✔ D1: replacement of a collection and its same-slug fields after preflight preserves the replacement identities (257.821715ms)
✔ D1: failures during and after the label UPDATE roll back every row and retain unexpected storage errors (448.78003ms)
✔ D1: the returned field belongs to this atomic write even when another label commits before the adapter returns (215.987441ms)
✔ D1: relabeling legacy columns retains divergent defaults, required layout, unique indexes and stored NULL values (625.985738ms)
✔ options keep modes omit every domain metadata key, including submitted displayed values (14.969456ms)
✔ options set keys independently; label/default strings retain whitespace, empty default and unrestricted length (0.865128ms)
✔ validation native modes distinguish omission, null and empty replacement; one-sided bounds are independent (0.346589ms)
✔ native instance and selected values validate without introducing omitted metadata or unsupported edits (3.8263ms)
✔ options component owns a distinct registered instance with direct native spreads and explicit hidden values (8.115914ms)
✔ actual content service preserves arrays/media/numeric/boolean values through create/read/update (132.0792ms)
✔ actual content service reports every enum and numeric validation issue (67.919065ms)
✔ pinned constructor omission bug is preserved at the actual content service (74.396993ms)
▶ Zod Generator
  ▶ generateFieldSchema
    ✔ should generate string schema (2.619349ms)
    ✔ should generate number schema (1.085559ms)
    ✔ should generate integer schema (0.972639ms)
    ✔ should generate boolean schema (1.244937ms)
    ✔ should coerce stored 0/1 booleans to real booleans (0.559429ms)
    ✔ should preserve `.default(false)` chaining through the boolean preprocess (13.726561ms)
    ✔ should accept stored 0/1 booleans in partial-mode validation (5.02675ms)
    ✔ should generate url schema (0.811247ms)
    ✔ rejects url field value %j [dataset 0] (0.363015ms)
    ✔ rejects url field value %j [dataset 1] (0.229895ms)
    ✔ rejects url field value %j [dataset 2] (0.174431ms)
    ✔ rejects url field value %j [dataset 3] (0.152398ms)
    ✔ rejects url field value %j [dataset 4] (0.136564ms)
    ✔ rejects url field value %j [dataset 5] (0.245238ms)
    ✔ applies custom string validation to url fields (2.658127ms)
    ✔ should generate select schema with options (0.738728ms)
    ✔ should generate multiSelect schema (1.967271ms)
    ✔ should generate portableText schema (2.428513ms)
    ✔ should generate image schema (1.765749ms)
    ✔ accepts a dark variant on an image field and rejects a malformed one (1.768293ms)
    ✔ should make field optional when required is false (0.199019ms)
    ✔ should apply default value (0.256034ms)
    ✔ should apply string validation rules (1.769965ms)
    ✔ should apply number validation rules (0.538558ms)
  ✔ generateFieldSchema (43.069117ms)
  ▶ generateZodSchema
    ✔ should generate schema for collection with multiple fields (0.925969ms)
  ✔ generateZodSchema (1.102494ms)
  ▶ validateContent
    ✔ should return success for valid data (0.784938ms)
    ✔ should return errors for invalid data (0.485749ms)
  ✔ validateContent (1.366019ms)
  ▶ generateTypeScript
    ✔ should generate TypeScript interface (0.503646ms)
  ✔ generateTypeScript (0.59353ms)
  ▶ interface names derive from the singularized slug
    ✔ uses the slug, ignoring an arbitrary human label (0.390025ms)
    ✔ keeps names unique when singularization collapses two slugs (2.143926ms)
    ✔ keeps names unique when a suffixed name collides with another slug (0.245028ms)
    ✔ singularizes and PascalCases multi-word slugs (0.129975ms)
    ✔ singularizes a plural slug to describe a single entry (0.151748ms)
    ✔ leaves an already-singular slug unchanged (0.121091ms)
    ✔ references the same interface names in the EmDashCollections map (0.155954ms)
    ✔ includes BylineSummary in generated interface imports and byline property (0.118548ms)
  ✔ interface names derive from the singularized slug (3.680291ms)
  ▶ blocks fields in generated types
    ✔ emits retained version, per-type, and field unions (17.126722ms)
  ✔ blocks fields in generated types (17.223697ms)
  ▶ repeater fields in generated types
    ✔ builds a row object array from subFields (1.363004ms)
    ✔ types a sub-field that is not required as nullable (0.176515ms)
    ✔ enumerates the options of a select sub-field (1.175053ms)
    ✔ emits the media literal for an image sub-field (0.158297ms)
    ✔ maps a %s sub-field [dataset 0] (0.15975ms)
    ✔ maps a %s sub-field [dataset 1] (0.080821ms)
    ✔ maps a %s sub-field [dataset 2] (0.161352ms)
    ✔ maps a %s sub-field [dataset 3] (0.06603ms)
    ✔ maps a %s sub-field [dataset 4] (0.067051ms)
    ✔ maps a %s sub-field [dataset 5] (0.070957ms)
    ✔ maps a %s sub-field [dataset 6] (0.062955ms)
    ✔ maps a %s sub-field [dataset 7] (0.533731ms)
    ✔ maps a %s sub-field [dataset 8] (0.103174ms)
    ✔ falls back to unknown when subFields is absent (0.098628ms)
    ✔ falls back to unknown when subFields is empty (0.259249ms)
    ✔ falls back to unknown when subFields is %j [dataset 0] (0.094993ms)
    ✔ falls back to unknown when subFields is %j [dataset 1] (0.100551ms)
    ✔ falls back to unknown when subFields is %j [dataset 2] (0.06674ms)
    ✔ falls back to unknown when subFields is %j [dataset 3] (0.054321ms)
    ✔ falls back to unknown when subFields is %j [dataset 4] (0.051457ms)
    ▶ sub-field slugs that are not bare identifiers
      ✔ emits a parseable declaration file for %j [dataset 0] (1.493761ms)
      ✔ emits a parseable declaration file for %j [dataset 1] (0.514371ms)
      ✔ emits a parseable declaration file for %j [dataset 2] (0.428172ms)
      ✔ emits a parseable declaration file for %j [dataset 3] (0.808583ms)
      ✔ does not let a slug restructure the emitted type (1.288964ms)
    ✔ sub-field slugs that are not bare identifiers (4.774973ms)
    ▶ duplicate sub-field slugs
      ✔ declares a duplicated slug once (1.132128ms)
      ✔ keeps the last declaration of a duplicated slug (1.803706ms)
      ✔ declares the members the row schema accepts (3.393601ms)
    ✔ duplicate sub-field slugs (6.488633ms)
    ✔ keeps a required repeater non-optional (0.182104ms)
  ✔ repeater fields in generated types (16.993562ms)
  ▶ reference fields
    ✔ validates a field with no relation as the entry id string it stores (1.261362ms)
    ✔ leaves a field bound to a relation out of the data schema (0.16026ms)
    ✔ types a field with no relation as a string and omits a bound one (0.124757ms)
  ✔ reference fields (1.776555ms)
  ▶ reference interfaces in the generated file
    ✔ emits a page per bound field, typed to the target collection (0.306069ms)
    ✔ registers the references interface under EmDashCollectionReferences (0.136154ms)
    ✔ imports ReferencePage only when a bound reference field exists (0.141613ms)
    ✔ emits nothing for a collection whose reference fields are all unbound (0.120321ms)
    ✔ leaves the page un-narrowed when the target is not in the file (0.104227ms)
  ✔ reference interfaces in the generated file (0.942574ms)
✔ Zod Generator (87.600669ms)
▶ SchemaRegistry
  ▶ Collection Operations
    ✔ should create a collection (77.470893ms)
    ✔ F14: defaults supports to ['drafts', 'revisions'] when undefined (24.914755ms)
    ✔ F14: preserves explicit empty supports array (opt-out) (22.966332ms)
    ✔ defaults collections to routable and preserves explicit opt-out (47.128437ms)
    ✔ should create the content table when creating a collection (23.01195ms)
    ✔ rejects an unregistered content table with a structured conflict (24.37836ms)
    ✔ should list collections (53.111012ms)
    ▶ sidebar sort order
      ✔ has no explicit order by default (24.211019ms)
      ✔ lists explicitly ordered collections first, then the rest alphabetically (46.308436ms)
      ✔ applies the same order to listCollectionsWithFields (the manifest path) (33.748917ms)
      ✔ reorderCollections assigns positions in the given order (29.7715ms)
      ✔ reorderCollections clears the position of collections left out (43.560454ms)
      ✔ reorderCollections rejects unknown slugs without touching the order (40.222808ms)
      ✔ reorderCollections rejects duplicate slugs (71.524423ms)
      ✔ update preserves the position when sortOrder is omitted, and clears it on null (41.701145ms)
      ✔ rejects `reorder` as a collection slug (shadowed by the reorder route) (44.661736ms)
    ✔ sidebar sort order (376.550428ms)
    ✔ should get a collection by slug (25.219211ms)
    ✔ should return null for non-existent collection (23.510748ms)
    ✔ should update a collection (44.932533ms)
    ✔ touches updatedAt for an empty update (34.776938ms)
    ✔ collections are visible in the sidebar by default (20.886222ms)
    ✔ creates a collection hidden from the sidebar (44.322037ms)
    ✔ toggles hidden on an existing collection (20.478931ms)
    ✔ preserves hidden when an update omits it (22.227383ms)
    ✔ groups a collection into a sidebar folder and moves it back inline (29.054745ms)
    ✔ clears a collection icon with an empty string (30.91829ms)
    ✔ persists collection admin list columns (23.318189ms)
    ✔ should throw when updating non-existent collection (18.554964ms)
    ✔ should delete a collection (31.496648ms)
    ✔ should throw when creating duplicate collection (48.794576ms)
    ✔ should reject reserved collection slugs (21.610518ms)
    ✔ should validate collection slug format (18.822415ms)
  ✔ Collection Operations (1111.841639ms)
  ▶ Field Operations
    ✔ preserves unsupported stored field types instead of treating them as strings (42.848747ms)
    ✔ preserves unsupported stored repeater sub-field types (21.389796ms)
    ✔ should create a field (25.513723ms)
    ✔ keeps an indexed field's physical index in sync (51.161917ms)
    ✔ keeps metadata and its physical index aligned when indexed changes from %s to %s during concurrent updates [dataset 0] (38.899523ms)
    ✔ keeps metadata and its physical index aligned when indexed changes from %s to %s during concurrent updates [dataset 1] (24.852771ms)
    ✔ drops the index when an indexed field moves to a type that cannot carry one (47.655007ms)
    ✔ reuses an existing generated index when enabling indexed metadata (22.221414ms)
    ✔ uses the generated index for indexed custom field ordering (23.854384ms)
    ✔ rejects indexes for non-scalar fields (45.309238ms)
    ✔ should add column to content table when creating field (30.730698ms)
    ✔ should list fields for a collection (25.542656ms)
    ✔ should get a field by slug (44.398388ms)
    ✔ should update a field (26.982582ms)
    ✔ updates a field type when the column affinity is unchanged (#1397) (23.611662ms)
    ✔ rejects a field type change that would alter the column type (#1397) (44.341028ms)
    ✔ should delete a field (25.400904ms)
    ✔ should reject reserved field slugs (19.396949ms)
    ✔ should map field types to correct column types (58.348642ms)
    ✔ should reorder fields (36.930365ms)
  ✔ Field Operations (680.736741ms)
  ▶ Collection with Fields
    ✔ should get collection with all fields (29.512833ms)
    ✔ should cascade delete fields when deleting collection (37.929662ms)
  ✔ Collection with Fields (67.68613ms)
✔ SchemaRegistry (1860.80428ms)
✔ Node: create derives SEO support unless explicitly overridden (107.0204ms)
✔ Node: update derives supplied SEO support while preserving explicit and omitted values (75.416872ms)
✔ Node: collection reorder touches listed and cleared timestamps without a version bump and rejects stale CAS (88.08519ms)
✔ Node: deleting titleField clears its pointer and touches only that collection timestamp without a version bump (86.219037ms)
✔ Node: deleting dateField clears its pointer and touches only that collection timestamp without a version bump (98.854481ms)
✔ Node: deleting an unreferenced field leaves collection metadata timestamps intact (62.461626ms)
✔ Node: actual create and partial update reject nested lossy JSON with zero persisted changes (73.417917ms)
✔ D1: create derives SEO support unless explicitly overridden (1622.771269ms)
✔ D1: update derives supplied SEO support while preserving explicit and omitted values (373.638023ms)
✔ D1: collection reorder touches listed and cleared timestamps without a version bump and rejects stale CAS (308.027196ms)
✔ D1: deleting titleField clears its pointer and touches only that collection timestamp without a version bump (451.944519ms)
✔ D1: deleting dateField clears its pointer and touches only that collection timestamp without a version bump (319.349918ms)
✔ D1: deleting an unreferenced field leaves collection metadata timestamps intact (195.422002ms)
✔ D1: actual create and partial update reject nested lossy JSON with zero persisted changes (341.407952ms)
✔ the persisted registry creates every pinned EmDash 1.1.0 field type (143.723148ms)
✔ defaults collections to routable and preserves explicit opt-out (43.606934ms)
✔ version 1 metadata upgrade retains physical columns, rows, and divergent legacy defaults (129.236691ms)
✔ version 2 metadata upgrade retains physical columns, rows, and divergent legacy defaults (102.048368ms)
✔ failure during each new metadata/identity DDL restores the exact legacy schema and rows (350.594305ms)
✔ incomplete identity layouts and temporary metadata objects reject without repair (150.211327ms)
✔ own JSON keys round-trip with normal prototypes and no global mutation (2.330412ms)
✔ custom transport cannot disguise lossy JSON, cycles, getters or custom objects (1.199327ms)
✔ malformed custom decoder data fails without exposing the supplied value (7.197132ms)
✔ Node: live metadata saves keep staged data and slug unpublished (271.860078ms)
✔ Node: revision restore cannot replace a save before-refetch (128.655739ms)
✔ Node: revision restore cannot replace a save after-refetch (117.626967ms)
✔ Node: plain restore cannot replace a save before-refetch (70.920205ms)
✔ Node: plain restore cannot replace a save after-refetch (91.349104ms)
[emdash:redirects] publishing redirect artifacts failed: Error: driver has already been destroyed
    at RuntimeDriver.acquireConnection (file:///workspace/cms-complete-seo-storage-backend/node_modules/.pnpm/kysely@0.29.2/node_modules/kysely/dist/driver/runtime-driver.js:44:19)
    at DefaultConnectionProvider.provideConnection (file:///workspace/cms-complete-seo-storage-backend/node_modules/.pnpm/kysely@0.29.2/node_modules/kysely/dist/driver/default-connection-provider.js:8:47)
    at DefaultQueryExecutor.provideConnection (file:///workspace/cms-complete-seo-storage-backend/node_modules/.pnpm/kysely@0.29.2/node_modules/kysely/dist/query-executor/default-query-executor.js:20:41)
    at TransactionBuilder.execute (file:///workspace/cms-complete-seo-storage-backend/node_modules/.pnpm/kysely@0.29.2/node_modules/kysely/dist/kysely.js:672:37)
    at withTransaction (file:///workspace/cms-complete-seo-storage-backend/src/lib/server/database/lifecycle/upstream/database/transaction.ts:63:41)
    at publishRedirectArtifacts (file:///workspace/cms-complete-seo-storage-backend/src/lib/server/redirects/artifacts.ts:185:8)
    at async publishRedirectChanges (file:///workspace/cms-complete-seo-storage-backend/src/lib/server/redirects/artifacts.ts:277:3)
✔ D1: live metadata saves keep staged data and slug unpublished (2296.74898ms)
[emdash:redirects] publishing redirect artifacts failed: Error: driver has already been destroyed
    at RuntimeDriver.acquireConnection (file:///workspace/cms-complete-seo-storage-backend/node_modules/.pnpm/kysely@0.29.2/node_modules/kysely/dist/driver/runtime-driver.js:44:19)
    at DefaultConnectionProvider.provideConnection (file:///workspace/cms-complete-seo-storage-backend/node_modules/.pnpm/kysely@0.29.2/node_modules/kysely/dist/driver/default-connection-provider.js:8:47)
    at DefaultQueryExecutor.provideConnection (file:///workspace/cms-complete-seo-storage-backend/node_modules/.pnpm/kysely@0.29.2/node_modules/kysely/dist/query-executor/default-query-executor.js:20:41)
    at ConnectionBuilder.execute (file:///workspace/cms-complete-seo-storage-backend/node_modules/.pnpm/kysely@0.29.2/node_modules/kysely/dist/kysely.js:644:37)
    at publishD1RedirectArtifacts (file:///workspace/cms-complete-seo-storage-backend/src/lib/server/redirects/artifact-publication-d1.ts:43:25)
    at publishRedirectArtifacts (file:///workspace/cms-complete-seo-storage-backend/src/lib/server/redirects/artifacts.ts:184:12)
    at async publishRedirectChanges (file:///workspace/cms-complete-seo-storage-backend/src/lib/server/redirects/artifacts.ts:277:3)
✔ D1: revision restore cannot replace a save before-refetch (652.255599ms)
✔ D1: revision restore cannot replace a save after-refetch (662.217638ms)
✔ D1: plain restore cannot replace a save before-refetch (349.390344ms)
✔ D1: plain restore cannot replace a save after-refetch (384.372168ms)
✔ Node: fresh canonical startup publishes, stages, rolls back and retains history on reopen (342.801077ms)
✔ Node: v4 canonical startup publishes, stages, rolls back and retains history on reopen (117.712766ms)
✔ D1: fresh canonical startup publishes, stages, rolls back and retains history on reopen (1508.663379ms)
✔ D1: v4 canonical startup publishes, stages, rolls back and retains history on reopen (2005.632944ms)
(node:2573867) ExperimentalWarning: stripTypeScriptTypes is an experimental feature and might change at any time
(Use `node --trace-warnings ...` to show where the warning was created)
✔ Node: real later metadata replacement is accepted on canonical restart (39.401122ms)
✔ Node: malformed latest static metadata rejects before dynamic descriptors (9.93319ms)
✔ D1: real later metadata replacement is accepted on canonical restart (1212.105437ms)
✔ D1: malformed latest static metadata rejects before dynamic descriptors (81.866101ms)
▶ packages/core/tests/integration/content/blank-array-field.test.ts
  ✔ saves blank strings as null on create (134.300465ms)
  ✔ saves an entry read back with a stored blank body (111.077488ms)
  ✔ still rejects a blank body on a required field (85.691169ms)
✔ packages/core/tests/integration/content/blank-array-field.test.ts (332.139338ms)
▶ packages/core/tests/integration/content/deleted-field-stranded-entry.test.ts
  ✔ publishes the existing draft without another save (108.441789ms)
✔ packages/core/tests/integration/content/deleted-field-stranded-entry.test.ts (108.631865ms)
(node:2573948) ExperimentalWarning: stripTypeScriptTypes is an experimental feature and might change at any time
(Use `node --trace-warnings ...` to show where the warning was created)
✔ Node: exact managed version-suffix FTS survives restart, index repair and live effects (107.395226ms)
✔ Node: complete source group may precede config or remain disabled (34.449966ms)
✔ Node: incomplete, spoofed and malformed managed ownership rejects without startup writes (163.070379ms)
✔ Node: managed group, trigger and metadata races abort before index backfill (260.221995ms)
✔ Node: unrelated operator and live search row writes remain allowed during backfill (19.669666ms)
✔ Node: maximum declared fields fit the native D1 binding budget during backfill (164.723533ms)
✔ Node: every orphan version-suffix companion rejects preflight (335.814022ms)
✔ Node: every orphan version-suffix companion rejects batch races (470.530958ms)
✔ Node: separate namespace companion lookalikes remain ordinary operators (18.975035ms)
✔ D1: exact managed version-suffix FTS survives restart, index repair and live effects (1845.008831ms)
✔ D1: complete source group may precede config or remain disabled (649.441355ms)
✔ D1: incomplete, spoofed and malformed managed ownership rejects without startup writes (4334.510872ms)
✔ D1: managed group, trigger and metadata races abort before index backfill (3562.849756ms)
✔ D1: unrelated operator and live search row writes remain allowed during backfill (376.926169ms)
✔ D1: maximum declared fields fit the native D1 binding budget during backfill (1124.299204ms)
✔ D1: every orphan version-suffix companion rejects preflight (4823.792106ms)
✔ D1: every orphan version-suffix companion rejects batch races (5777.545916ms)
✔ D1: separate namespace companion lookalikes remain ordinary operators (331.780519ms)
✔ Node: invalid mixed publication date preserves the pinned partial draft commit (117.744603ms)
[revisions] Failed to prune revisions for post/01M4558ZVDWTX0CW7ARQ3E56EP: Error: review prune fault
    at Object.run (file:///workspace/cms-complete-seo-storage-backend/src/lib/server/database/node-sqlite-compat.ts:87:38)
    at SqliteConnection.executeQuery (file:///workspace/cms-complete-seo-storage-backend/node_modules/.pnpm/kysely@0.29.2/node_modules/kysely/dist/dialect/sqlite/sqlite-driver.js:64:51)
    at file:///workspace/cms-complete-seo-storage-backend/node_modules/.pnpm/kysely@0.29.2/node_modules/kysely/dist/query-executor/query-executor-base.js:39:41
    at DefaultConnectionProvider.provideConnection (file:///workspace/cms-complete-seo-storage-backend/node_modules/.pnpm/kysely@0.29.2/node_modules/kysely/dist/driver/default-connection-provider.js:10:26)
    at async DefaultQueryExecutor.executeQuery (file:///workspace/cms-complete-seo-storage-backend/node_modules/.pnpm/kysely@0.29.2/node_modules/kysely/dist/query-executor/query-executor-base.js:38:28)
    at async RevisionRepository.pruneOldRevisions (file:///workspace/cms-complete-seo-storage-backend/src/lib/server/database/lifecycle/upstream/database/repositories/revision.ts:305:18)
    at async RevisionRepository.pruneQueuedEntry (file:///workspace/cms-complete-seo-storage-backend/src/lib/server/database/lifecycle/upstream/database/repositories/revision.ts:327:18)
    at async task (file:///workspace/cms-complete-seo-storage-backend/src/lib/server/database/lifecycle/service.ts:127:12)
    at async Object.flush (file:///workspace/cms-complete-seo-storage-backend/tests/lifecycle-review-regressions.test.ts:27:61)
    at async TestContext.<anonymous> (file:///workspace/cms-complete-seo-storage-backend/tests/lifecycle-review-regressions.test.ts:125:12) {
  code: 'ERR_SQLITE_ERROR',
  errcode: 1811,
  errstr: 'constraint failed'
}
[revisions] Failed to schedule pruning for post/01M455900YEP1P1JHKY2CSF0MV: Error: no such column: missing_capture_column
    at NodeSqliteCompatDatabase.prepare (file:///workspace/cms-complete-seo-storage-backend/src/lib/server/database/node-sqlite-compat.ts:82:36)
    at SqliteConnection.executeQuery (file:///workspace/cms-complete-seo-storage-backend/node_modules/.pnpm/kysely@0.29.2/node_modules/kysely/dist/dialect/sqlite/sqlite-driver.js:58:31)
    at file:///workspace/cms-complete-seo-storage-backend/node_modules/.pnpm/kysely@0.29.2/node_modules/kysely/dist/query-executor/query-executor-base.js:39:41
    at DefaultConnectionProvider.provideConnection (file:///workspace/cms-complete-seo-storage-backend/node_modules/.pnpm/kysely@0.29.2/node_modules/kysely/dist/driver/default-connection-provider.js:10:26)
    at async DefaultQueryExecutor.executeQuery (file:///workspace/cms-complete-seo-storage-backend/node_modules/.pnpm/kysely@0.29.2/node_modules/kysely/dist/query-executor/query-executor-base.js:38:28)
    at async Object.unpublish (file:///workspace/cms-complete-seo-storage-backend/src/lib/server/database/lifecycle/service.ts:337:23)
    at async TestContext.<anonymous> (file:///workspace/cms-complete-seo-storage-backend/tests/lifecycle-review-regressions.test.ts:158:19)
    at async Test.run (node:internal/test_runner/test:1389:7)
    at async Test.processPendingSubtests (node:internal/test_runner/test:960:7) {
  code: 'ERR_SQLITE_ERROR',
  errcode: 1,
  errstr: 'SQL logic error'
}
✔ Node: slug-only update preserves the pinned public runtime live write (82.309282ms)
✔ Node: unpublish cycles drain actual queued history at the source retention cap (411.282873ms)
✔ Node: accepted ISO metadata SQL fault preserves the pinned mixed draft commit (53.591073ms)
✔ Node: unpublish pruning preserves a newer queued boundary and the current draft (54.065635ms)
✔ Node: accepted unpublish isolates a real prune fault and retains queued work for retry (175.454193ms)
✔ Node: a real queue-capture SELECT fault cannot reject an accepted unpublish (94.025617ms)
✔ D1: invalid mixed publication date preserves the pinned partial draft commit (1706.358191ms)
✔ D1: slug-only update preserves the pinned public runtime live write (393.639295ms)
✔ D1: unpublish cycles drain actual queued history at the source retention cap (7094.608391ms)
✔ D1: accepted ISO metadata SQL fault preserves the pinned mixed draft commit (311.415738ms)
✔ D1: unpublish pruning preserves a newer queued boundary and the current draft (1094.737207ms)
[revisions] Failed to prune revisions for post/01M4559AHCGSTNDAQGKN6N4EZG: Error: D1_ERROR: review prune fault: SQLITE_CONSTRAINT (extended: SQLITE_CONSTRAINT_TRIGGER)
    at Error (file:///workspace/cms-complete-seo-storage-backend/tests/helpers/async-d1-storage.ts:41:19)
    at hydrate (file:///workspace/cms-complete-seo-storage-backend/node_modules/.pnpm/devalue@5.9.4/node_modules/devalue/src/parse.js:107:24)
    at hydrate (file:///workspace/cms-complete-seo-storage-backend/node_modules/.pnpm/devalue@5.9.4/node_modules/devalue/src/parse.js:271:26)
    at unflatten (file:///workspace/cms-complete-seo-storage-backend/node_modules/.pnpm/devalue@5.9.4/node_modules/devalue/src/parse.js:278:9)
    ... 3 lines matching cause stack trace ...
    at async execute (file:///workspace/cms-complete-seo-storage-backend/tests/helpers/async-d1-storage.ts:56:18)
    at async D1Connection.executeQuery (file:///workspace/cms-complete-seo-storage-backend/src/lib/server/database/d1.ts:55:29)
    at async file:///workspace/cms-complete-seo-storage-backend/node_modules/.pnpm/kysely@0.29.2/node_modules/kysely/dist/query-executor/query-executor-base.js:39:24 {
  [cause]: Error: review prune fault: SQLITE_CONSTRAINT (extended: SQLITE_CONSTRAINT_TRIGGER)
      at Error (file:///workspace/cms-complete-seo-storage-backend/tests/helpers/async-d1-storage.ts:41:19)
      at hydrate (file:///workspace/cms-complete-seo-storage-backend/node_modules/.pnpm/devalue@5.9.4/node_modules/devalue/src/parse.js:107:24)
      at hydrate (file:///workspace/cms-complete-seo-storage-backend/node_modules/.pnpm/devalue@5.9.4/node_modules/devalue/src/parse.js:271:26)
      at hydrate (file:///workspace/cms-complete-seo-storage-backend/node_modules/.pnpm/devalue@5.9.4/node_modules/devalue/src/parse.js:107:32)
      at hydrate (file:///workspace/cms-complete-seo-storage-backend/node_modules/.pnpm/devalue@5.9.4/node_modules/devalue/src/parse.js:271:26)
      at unflatten (file:///workspace/cms-complete-seo-storage-backend/node_modules/.pnpm/devalue@5.9.4/node_modules/devalue/src/parse.js:278:9)
      at parse (file:///workspace/cms-complete-seo-storage-backend/node_modules/.pnpm/devalue@5.9.4/node_modules/devalue/src/parse.js:21:9)
      at file:///workspace/cms-complete-seo-storage-backend/tests/helpers/async-d1-storage.ts:51:21
      at process.processTicksAndRejections (node:internal/process/task_queues:104:5)
      at async execute (file:///workspace/cms-complete-seo-storage-backend/tests/helpers/async-d1-storage.ts:56:18) {
    [cause]: undefined
  }
}
✔ D1: accepted unpublish isolates a real prune fault and retains queued work for retry (1499.100673ms)
[revisions] Failed to schedule pruning for post/01M4559C3R3F5T7DTDT0SHWXQG: Error: D1_ERROR: no such column: missing_capture_column at offset 7: SQLITE_ERROR
    at Error (file:///workspace/cms-complete-seo-storage-backend/tests/helpers/async-d1-storage.ts:41:19)
    at hydrate (file:///workspace/cms-complete-seo-storage-backend/node_modules/.pnpm/devalue@5.9.4/node_modules/devalue/src/parse.js:107:24)
    at hydrate (file:///workspace/cms-complete-seo-storage-backend/node_modules/.pnpm/devalue@5.9.4/node_modules/devalue/src/parse.js:271:26)
    at unflatten (file:///workspace/cms-complete-seo-storage-backend/node_modules/.pnpm/devalue@5.9.4/node_modules/devalue/src/parse.js:278:9)
    ... 3 lines matching cause stack trace ...
    at async execute (file:///workspace/cms-complete-seo-storage-backend/tests/helpers/async-d1-storage.ts:56:18)
    at async D1Connection.executeQuery (file:///workspace/cms-complete-seo-storage-backend/src/lib/server/database/d1.ts:55:29)
    at async file:///workspace/cms-complete-seo-storage-backend/node_modules/.pnpm/kysely@0.29.2/node_modules/kysely/dist/query-executor/query-executor-base.js:39:24 {
  [cause]: Error: no such column: missing_capture_column at offset 7: SQLITE_ERROR
      at Error (file:///workspace/cms-complete-seo-storage-backend/tests/helpers/async-d1-storage.ts:41:19)
      at hydrate (file:///workspace/cms-complete-seo-storage-backend/node_modules/.pnpm/devalue@5.9.4/node_modules/devalue/src/parse.js:107:24)
      at hydrate (file:///workspace/cms-complete-seo-storage-backend/node_modules/.pnpm/devalue@5.9.4/node_modules/devalue/src/parse.js:271:26)
      at hydrate (file:///workspace/cms-complete-seo-storage-backend/node_modules/.pnpm/devalue@5.9.4/node_modules/devalue/src/parse.js:107:32)
      at hydrate (file:///workspace/cms-complete-seo-storage-backend/node_modules/.pnpm/devalue@5.9.4/node_modules/devalue/src/parse.js:271:26)
      at unflatten (file:///workspace/cms-complete-seo-storage-backend/node_modules/.pnpm/devalue@5.9.4/node_modules/devalue/src/parse.js:278:9)
      at parse (file:///workspace/cms-complete-seo-storage-backend/node_modules/.pnpm/devalue@5.9.4/node_modules/devalue/src/parse.js:21:9)
      at file:///workspace/cms-complete-seo-storage-backend/tests/helpers/async-d1-storage.ts:51:21
      at process.processTicksAndRejections (node:internal/process/task_queues:104:5)
      at async execute (file:///workspace/cms-complete-seo-storage-backend/tests/helpers/async-d1-storage.ts:56:18) {
    [cause]: undefined
  }
}
✔ D1: a real queue-capture SELECT fault cannot reject an accepted unpublish (640.444506ms)
[revisions] Failed to schedule pruning for post/01M4558ZVNXAPPKNNAKDVTG9HC: Error: native synchronous scheduler fault
    at TestContext.<anonymous> (file:///workspace/cms-complete-seo-storage-backend/tests/lifecycle-scheduling-regressions.test.ts:35:30)
    at async Test.run (node:internal/test_runner/test:1389:7)
    at async startSubtestAfterBootstrap (node:internal/test_runner/harness:387:3)
[revisions] Failed to schedule pruning for post/01M4558ZZPHGFM8D7Z1AS7FYYV: Error: native synchronous scheduler fault
    at TestContext.<anonymous> (file:///workspace/cms-complete-seo-storage-backend/tests/lifecycle-scheduling-regressions.test.ts:35:30)
    at async Test.run (node:internal/test_runner/test:1389:7)
    at async Test.processPendingSubtests (node:internal/test_runner/test:960:7)
[revisions] Failed to schedule pruning for post/01M455904351R5VAJB9H5YZPA1: Error: native synchronous scheduler fault
    at TestContext.<anonymous> (file:///workspace/cms-complete-seo-storage-backend/tests/lifecycle-scheduling-regressions.test.ts:35:30)
    at async Test.run (node:internal/test_runner/test:1389:7)
    at async Test.processPendingSubtests (node:internal/test_runner/test:960:7)
[revisions] Failed to schedule pruning for post/01M45590668B0YXA35R6XVW0A1: Error: native synchronous scheduler fault
    at TestContext.<anonymous> (file:///workspace/cms-complete-seo-storage-backend/tests/lifecycle-scheduling-regressions.test.ts:35:30)
    at async Test.run (node:internal/test_runner/test:1389:7)
    at async Test.processPendingSubtests (node:internal/test_runner/test:960:7)
✔ Node: save survives scheduler failure and queued work retries (170.433645ms)
✔ Node: restore-draft survives scheduler failure and queued work retries (123.737902ms)
✔ Node: restore-plain survives scheduler failure and queued work retries (86.028374ms)
✔ Node: unpublish survives scheduler failure and queued work retries (100.010802ms)
[revisions] Failed to schedule pruning for post/01M455919RBY29RHRT4N26R4ZT: Error: native synchronous scheduler fault
    at TestContext.<anonymous> (file:///workspace/cms-complete-seo-storage-backend/tests/lifecycle-scheduling-regressions.test.ts:35:30)
    at process.processTicksAndRejections (node:internal/process/task_queues:104:5)
    at async Test.run (node:internal/test_runner/test:1389:7)
    at async Test.processPendingSubtests (node:internal/test_runner/test:960:7)
✔ D1: save survives scheduler failure and queued work retries (2495.261812ms)
[revisions] Failed to schedule pruning for post/01M45592W1J9MATD77C9NS4V2K: Error: native synchronous scheduler fault
    at TestContext.<anonymous> (file:///workspace/cms-complete-seo-storage-backend/tests/lifecycle-scheduling-regressions.test.ts:35:30)
    at process.processTicksAndRejections (node:internal/process/task_queues:104:5)
    at async Test.run (node:internal/test_runner/test:1389:7)
    at async Test.processPendingSubtests (node:internal/test_runner/test:960:7)
✔ D1: restore-draft survives scheduler failure and queued work retries (1230.385103ms)
[revisions] Failed to schedule pruning for post/01M45594656VCSMVY9DSMDV5JD: Error: native synchronous scheduler fault
    at TestContext.<anonymous> (file:///workspace/cms-complete-seo-storage-backend/tests/lifecycle-scheduling-regressions.test.ts:35:30)
    at process.processTicksAndRejections (node:internal/process/task_queues:104:5)
    at async Test.run (node:internal/test_runner/test:1389:7)
    at async Test.processPendingSubtests (node:internal/test_runner/test:960:7)
✔ D1: restore-plain survives scheduler failure and queued work retries (1658.524046ms)
[revisions] Failed to schedule pruning for post/01M45595SW69GY0B8NS972G6FR: Error: native synchronous scheduler fault
    at TestContext.<anonymous> (file:///workspace/cms-complete-seo-storage-backend/tests/lifecycle-scheduling-regressions.test.ts:35:30)
    at process.processTicksAndRejections (node:internal/process/task_queues:104:5)
    at async Test.run (node:internal/test_runner/test:1389:7)
    at async Test.processPendingSubtests (node:internal/test_runner/test:960:7)
✔ D1: unpublish survives scheduler failure and queued work retries (2381.166862ms)
✔ Node: staged slug collision preserves its public code and both complete entries (210.130153ms)
✔ D1: staged slug collision preserves its public code and both complete entries (1932.450064ms)
✔ Node: forward cross-collection and self-reference triggers survive the complete rebuild (165.192851ms)
✔ Node: reverse cross-collection and self-reference triggers survive the complete rebuild (70.319353ms)
✔ Node: unchanged-owner cross-collection and self-reference triggers survive the complete rebuild (74.416217ms)
✔ D1: forward cross-collection and self-reference triggers survive the complete rebuild (2547.32161ms)
✔ D1: reverse cross-collection and self-reference triggers survive the complete rebuild (1577.57829ms)
✔ D1: unchanged-owner cross-collection and self-reference triggers survive the complete rebuild (1156.333342ms)
✔ Node: preinstalled view content dependency rejects without writes (35.299881ms)
✔ Node: race view content dependency rejects without writes (57.10201ms)
✔ Node: preinstalled external-trigger content dependency rejects without writes (16.36234ms)
✔ Node: race external-trigger content dependency rejects without writes (31.220554ms)
✔ Node: qualified, joined, grouped and mutating content dependencies reject unchanged (107.187516ms)
✔ Node: unrelated operator views, triggers, CTE names, literals and comments remain unchanged (81.913201ms)
✔ D1: preinstalled view content dependency rejects without writes (1364.5238ms)
✔ D1: race view content dependency rejects without writes (645.457152ms)
✔ D1: preinstalled external-trigger content dependency rejects without writes (289.286849ms)
✔ D1: race external-trigger content dependency rejects without writes (588.730008ms)
✔ D1: qualified, joined, grouped and mutating content dependencies reject unchanged (2418.418872ms)
✔ D1: unrelated operator views, triggers, CTE names, literals and comments remain unchanged (917.480356ms)
✔ Node: existing-table rejects fresh orphan content without migration writes (17.881497ms)
✔ Node: existing-view rejects fresh orphan content without migration writes (8.940308ms)
✔ Node: race-table rejects fresh orphan content without migration writes (43.128821ms)
✔ D1: existing-table rejects fresh orphan content without migration writes (1049.061014ms)
✔ D1: existing-view rejects fresh orphan content without migration writes (37.358758ms)
✔ D1: race-table rejects fresh orphan content without migration writes (98.621484ms)
✔ Node: fresh preinstalled reserved table names reject in both cases (28.290087ms)
✔ Node: fresh preinstalled reserved view names reject in both cases (9.771094ms)
✔ Node: fresh preinstalled reserved index names reject in both cases (6.486207ms)
✔ Node: fresh racing reserved table names reject in both cases (34.724758ms)
✔ Node: fresh racing reserved view names reject in both cases (25.660844ms)
✔ Node: fresh racing reserved index names reject in both cases (11.261109ms)
✔ Node: fresh content-like operator trigger names occupy a separate namespace (164.123468ms)
✔ Node: v4 preinstalled reserved table names reject in both cases (34.256405ms)
✔ Node: v4 preinstalled reserved view names reject in both cases (56.51048ms)
✔ Node: v4 preinstalled reserved index names reject in both cases (24.628676ms)
✔ Node: v4 racing reserved table names reject in both cases (64.520943ms)
✔ Node: v4 racing reserved view names reject in both cases (106.403856ms)
✔ Node: v4 racing reserved index names reject in both cases (50.947096ms)
✔ Node: v4 content-like operator trigger names occupy a separate namespace (410.128497ms)
✔ Node: v5 preinstalled reserved table names reject in both cases (70.608863ms)
✔ Node: v5 preinstalled reserved view names reject in both cases (72.122503ms)
✔ Node: v5 preinstalled reserved index names reject in both cases (54.542819ms)
✔ Node: v5 racing reserved table names reject in both cases (87.509318ms)
✔ Node: v5 racing reserved view names reject in both cases (93.355497ms)
✔ Node: v5 racing reserved index names reject in both cases (64.041985ms)
✔ Node: v5 content-like operator trigger names occupy a separate namespace (229.499701ms)
✔ Node: v8 preinstalled reserved table names reject in both cases (37.791659ms)
✔ Node: v8 preinstalled reserved view names reject in both cases (47.88811ms)
✔ Node: v8 preinstalled reserved index names reject in both cases (42.808022ms)
✔ Node: v8 racing reserved table names reject in both cases (85.617935ms)
✔ Node: v8 racing reserved view names reject in both cases (90.61552ms)
✔ Node: v8 racing reserved index names reject in both cases (95.448818ms)
✔ Node: v8 content-like operator trigger names occupy a separate namespace (320.616714ms)
✔ Node: v4 attached mixed-case trigger owners retain original SQL and effects (65.061828ms)
✔ Node: v4 preinstalled orphan field metadata rejects without writes (12.387392ms)
✔ Node: v4 racing orphan field metadata rejects without writes (21.364822ms)
✔ Node: v4 unmanaged operator FK violations do not reject valid CMS metadata (151.655294ms)
✔ Node: v5 attached mixed-case trigger owners retain original SQL and effects (107.886219ms)
✔ Node: v5 preinstalled orphan field metadata rejects without writes (11.49423ms)
✔ Node: v5 racing orphan field metadata rejects without writes (24.864587ms)
✔ Node: v5 unmanaged operator FK violations do not reject valid CMS metadata (91.082962ms)
✔ Node: v8 attached mixed-case trigger owners retain original SQL and effects (105.411227ms)
✔ Node: v8 preinstalled orphan field metadata rejects without writes (21.733355ms)
✔ Node: v8 racing orphan field metadata rejects without writes (33.798112ms)
✔ Node: v8 unmanaged operator FK violations do not reject valid CMS metadata (67.321511ms)
✔ D1: fresh preinstalled reserved table names reject in both cases (1341.500012ms)
✔ D1: fresh preinstalled reserved view names reject in both cases (211.330922ms)
✔ D1: fresh preinstalled reserved index names reject in both cases (230.417134ms)
✔ D1: fresh racing reserved table names reject in both cases (451.609451ms)
✔ D1: fresh racing reserved view names reject in both cases (371.249024ms)
✔ D1: fresh racing reserved index names reject in both cases (349.231311ms)
✔ D1: fresh content-like operator trigger names occupy a separate namespace (1594.869011ms)
✔ D1: v4 preinstalled reserved table names reject in both cases (1099.059903ms)
✔ D1: v4 preinstalled reserved view names reject in both cases (943.925687ms)
✔ D1: v4 preinstalled reserved index names reject in both cases (808.708768ms)
✔ D1: v4 racing reserved table names reject in both cases (971.710563ms)
✔ D1: v4 racing reserved view names reject in both cases (1220.555251ms)
✔ D1: v4 racing reserved index names reject in both cases (863.394192ms)
✔ D1: v4 content-like operator trigger names occupy a separate namespace (2332.35325ms)
✔ D1: v5 preinstalled reserved table names reject in both cases (508.942669ms)
✔ D1: v5 preinstalled reserved view names reject in both cases (450.393299ms)
✔ D1: v5 preinstalled reserved index names reject in both cases (543.031508ms)
✔ D1: v5 racing reserved table names reject in both cases (1158.501097ms)
✔ D1: v5 racing reserved view names reject in both cases (976.050183ms)
✔ D1: v5 racing reserved index names reject in both cases (998.630712ms)
✔ D1: v5 content-like operator trigger names occupy a separate namespace (2742.331473ms)
✔ D1: v8 preinstalled reserved table names reject in both cases (705.198924ms)
✔ D1: v8 preinstalled reserved view names reject in both cases (712.84433ms)
✔ D1: v8 preinstalled reserved index names reject in both cases (765.56976ms)
✔ D1: v8 racing reserved table names reject in both cases (1219.667519ms)
✔ D1: v8 racing reserved view names reject in both cases (1120.762107ms)
✔ D1: v8 racing reserved index names reject in both cases (1466.183536ms)
✔ D1: v8 content-like operator trigger names occupy a separate namespace (3588.463908ms)
✔ D1: v4 attached mixed-case trigger owners retain original SQL and effects (536.028061ms)
✔ D1: v4 preinstalled orphan field metadata rejects without writes (256.401177ms)
✔ D1: v4 racing orphan field metadata rejects without writes (350.081764ms)
✔ D1: v4 unmanaged operator FK violations do not reject valid CMS metadata (567.002284ms)
✔ D1: v5 attached mixed-case trigger owners retain original SQL and effects (518.972853ms)
✔ D1: v5 preinstalled orphan field metadata rejects without writes (212.074482ms)
✔ D1: v5 racing orphan field metadata rejects without writes (360.133769ms)
✔ D1: v5 unmanaged operator FK violations do not reject valid CMS metadata (495.409435ms)
✔ D1: v8 attached mixed-case trigger owners retain original SQL and effects (1077.603722ms)
✔ D1: v8 preinstalled orphan field metadata rejects without writes (422.773441ms)
✔ D1: v8 racing orphan field metadata rejects without writes (539.054885ms)
✔ D1: v8 unmanaged operator FK violations do not reject valid CMS metadata (656.879049ms)
✔ Node: literal reserved prefix allows acms_tool already present (106.987951ms)
✔ Node: literal reserved prefix allows acms_tool arriving before fresh batch (83.930322ms)
✔ Node: literal reserved prefix allows xcmsZoperator already present (50.513065ms)
✔ Node: literal reserved prefix allows xcmsZoperator arriving before fresh batch (50.496301ms)
✔ D1: literal reserved prefix allows acms_tool already present (1637.702222ms)
✔ D1: literal reserved prefix allows acms_tool arriving before fresh batch (365.459146ms)
✔ D1: literal reserved prefix allows xcmsZoperator already present (291.676092ms)
✔ D1: literal reserved prefix allows xcmsZoperator arriving before fresh batch (245.874945ms)
✔ Node: literal reserved prefix still rejects _cms_partial without startup writes (6.520811ms)
✔ Node: literal reserved prefix still rejects _CMS_PARTIAL without startup writes (7.867294ms)
✔ D1: literal reserved prefix still rejects _cms_partial without startup writes (54.77385ms)
✔ D1: literal reserved prefix still rejects _CMS_PARTIAL without startup writes (24.751693ms)
✔ Node: uppercase orphan table rejects without migration writes (15.559725ms)
✔ Node: uppercase orphan view rejects without migration writes (22.667908ms)
✔ Node: uppercase orphan race-table rejects without migration writes (12.82631ms)
✔ Node: fresh preserves an unrelated operator FK with an ec_note column (57.108886ms)
✔ Node: v4 preserves an unrelated operator FK with an ec_note column (60.177203ms)
✔ Node: actual quoted/comment-separated inbound content FKs and their races preserve every row (105.257157ms)
✔ Node: operator FK comments and escaped literals mentioning content remain unmanaged (80.15394ms)
✔ D1: uppercase orphan table rejects without migration writes (1231.053272ms)
✔ D1: uppercase orphan view rejects without migration writes (74.133293ms)
✔ D1: uppercase orphan race-table rejects without migration writes (201.04455ms)
✔ D1: fresh preserves an unrelated operator FK with an ec_note column (789.007744ms)
✔ D1: v4 preserves an unrelated operator FK with an ec_note column (807.906404ms)
✔ D1: actual quoted/comment-separated inbound content FKs and their races preserve every row (1625.476893ms)
✔ D1: operator FK comments and escaped literals mentioning content remain unmanaged (830.485444ms)
✔ Node: v0 every validated static prerequisite DDL is guarded before startup writes (209.429561ms)
✔ Node: v0 every not-yet-installed static name remains absent until the guarded upgrade (1047.873261ms)
✔ Node: v0 future static names use SQLite case-insensitive shared namespace (1437.060314ms)
✔ Node: v0 intermediate metadata/lifecycle names cannot appear before startup writes (43.100163ms)
✔ Node: v0 ordinary operator writes remain outside the prerequisite snapshot (73.997654ms)
✔ Node: v1 every validated static prerequisite DDL is guarded before startup writes (88.477952ms)
✔ Node: v1 every not-yet-installed static name remains absent until the guarded upgrade (1537.753542ms)
✔ Node: v1 future static names use SQLite case-insensitive shared namespace (1629.408664ms)
✔ Node: v1 intermediate metadata/lifecycle names cannot appear before startup writes (41.604521ms)
✔ Node: v1 raced marker rows and missing marker table reject unchanged (30.7181ms)
✔ Node: v1 ordinary operator writes remain outside the prerequisite snapshot (45.641813ms)
✔ Node: v2 every validated static prerequisite DDL is guarded before startup writes (82.068001ms)
✔ Node: v2 every not-yet-installed static name remains absent until the guarded upgrade (1735.312225ms)
✔ Node: v2 future static names use SQLite case-insensitive shared namespace (2100.408864ms)
✔ Node: v2 intermediate metadata/lifecycle names cannot appear before startup writes (65.159486ms)
✔ Node: v2 raced marker rows and missing marker table reject unchanged (14.240342ms)
✔ Node: v2 ordinary operator writes remain outside the prerequisite snapshot (55.498283ms)
✔ Node: v2 mutable auth roles, sessions and profiles are not DDL prerequisites (37.125893ms)
✔ Node: v3 every validated static prerequisite DDL is guarded before startup writes (102.958028ms)
✔ Node: v3 every not-yet-installed static name remains absent until the guarded upgrade (1794.620905ms)
✔ Node: v3 future static names use SQLite case-insensitive shared namespace (2502.350924ms)
✔ Node: v3 intermediate metadata/lifecycle names cannot appear before startup writes (94.545185ms)
✔ Node: v3 raced marker rows and missing marker table reject unchanged (19.096007ms)
✔ Node: v3 ordinary operator writes remain outside the prerequisite snapshot (47.924751ms)
✔ Node: v3 mutable auth roles, sessions and profiles are not DDL prerequisites (32.813216ms)
✔ Node: v4 every validated static prerequisite DDL is guarded before startup writes (290.16915ms)
✔ Node: v4 every not-yet-installed static name remains absent until the guarded upgrade (3526.718022ms)
✔ Node: v4 future static names use SQLite case-insensitive shared namespace (3885.220935ms)
✔ Node: v4 intermediate metadata/lifecycle names cannot appear before startup writes (97.442608ms)
✔ Node: v4 raced marker rows and missing marker table reject unchanged (18.554081ms)
✔ Node: v4 ordinary operator writes remain outside the prerequisite snapshot (55.169984ms)
✔ Node: v4 mutable auth roles, sessions and profiles are not DDL prerequisites (38.240739ms)
✔ Node: v5 every validated static prerequisite DDL is guarded before startup writes (314.139679ms)
✔ Node: v5 intermediate metadata/lifecycle names cannot appear before startup writes (86.147451ms)
✔ Node: v5 raced marker rows and missing marker table reject unchanged (20.714069ms)
✔ Node: v5 ordinary operator writes remain outside the prerequisite snapshot (65.465762ms)
✔ Node: v5 mutable auth roles, sessions and profiles are not DDL prerequisites (71.510143ms)
✔ D1: v0 every validated static prerequisite DDL is guarded before startup writes (3396.505335ms)
✔ D1: v0 every not-yet-installed static name remains absent until the guarded upgrade (16541.147718ms)
✔ D1: v0 future static names use SQLite case-insensitive shared namespace (17422.977407ms)
✔ D1: v0 intermediate metadata/lifecycle names cannot appear before startup writes (365.9938ms)
✔ D1: v0 ordinary operator writes remain outside the prerequisite snapshot (211.263013ms)
✔ D1: v1 every validated static prerequisite DDL is guarded before startup writes (2517.755269ms)
✔ D1: v1 every not-yet-installed static name remains absent until the guarded upgrade (27550.460878ms)
✔ D1: v1 future static names use SQLite case-insensitive shared namespace (37372.240654ms)
✔ D1: v1 intermediate metadata/lifecycle names cannot appear before startup writes (847.683884ms)
✔ D1: v1 raced marker rows and missing marker table reject unchanged (202.691025ms)
✔ D1: v1 ordinary operator writes remain outside the prerequisite snapshot (167.500299ms)
✔ D1: v2 every validated static prerequisite DDL is guarded before startup writes (1093.53795ms)
✔ D1: v2 every not-yet-installed static name remains absent until the guarded upgrade (23916.088728ms)
✔ D1: v2 future static names use SQLite case-insensitive shared namespace (34622.308246ms)
✔ D1: v2 intermediate metadata/lifecycle names cannot appear before startup writes (870.395933ms)
✔ D1: v2 raced marker rows and missing marker table reject unchanged (320.225404ms)
✔ D1: v2 ordinary operator writes remain outside the prerequisite snapshot (181.707075ms)
✔ D1: v2 mutable auth roles, sessions and profiles are not DDL prerequisites (145.20922ms)
✔ D1: v3 every validated static prerequisite DDL is guarded before startup writes (1247.918087ms)
✔ D1: v3 every not-yet-installed static name remains absent until the guarded upgrade (21998.161126ms)
✔ D1: v3 future static names use SQLite case-insensitive shared namespace (25610.068067ms)
✔ D1: v3 intermediate metadata/lifecycle names cannot appear before startup writes (647.223335ms)
✔ D1: v3 raced marker rows and missing marker table reject unchanged (176.676836ms)
✔ D1: v3 ordinary operator writes remain outside the prerequisite snapshot (138.143085ms)
✔ D1: v3 mutable auth roles, sessions and profiles are not DDL prerequisites (111.663188ms)
✔ D1: v4 every validated static prerequisite DDL is guarded before startup writes (2909.816605ms)
✔ D1: v4 every not-yet-installed static name remains absent until the guarded upgrade (33628.561078ms)
✔ D1: v4 future static names use SQLite case-insensitive shared namespace (51694.114161ms)
✔ D1: v4 intermediate metadata/lifecycle names cannot appear before startup writes (1452.537145ms)
✔ D1: v4 raced marker rows and missing marker table reject unchanged (430.129919ms)
✔ D1: v4 ordinary operator writes remain outside the prerequisite snapshot (221.143918ms)
✔ D1: v4 mutable auth roles, sessions and profiles are not DDL prerequisites (235.328054ms)
✔ D1: v5 every validated static prerequisite DDL is guarded before startup writes (4025.070894ms)
✔ D1: v5 intermediate metadata/lifecycle names cannot appear before startup writes (1310.692159ms)
✔ D1: v5 raced marker rows and missing marker table reject unchanged (437.645405ms)
✔ D1: v5 ordinary operator writes remain outside the prerequisite snapshot (193.857831ms)
✔ D1: v5 mutable auth roles, sessions and profiles are not DDL prerequisites (241.406726ms)
✔ Node: quoted legacy systems without field literal upgrade without rewriting field literals (137.363154ms)
✔ Node: quoted legacy systems with leading literal upgrade without rewriting field literals (89.289353ms)
✔ Node: unquoted legacy systems with leading literal upgrade without rewriting field literals (75.484104ms)
✔ D1: quoted legacy systems without field literal upgrade without rewriting field literals (2327.508819ms)
✔ D1: quoted legacy systems with leading literal upgrade without rewriting field literals (1012.791784ms)
✔ D1: unquoted legacy systems with leading literal upgrade without rewriting field literals (1160.419146ms)
✔ Node: fresh canonical startup creates all lifecycle system columns and atomically stores revision pointers (137.803423ms)
✔ Node: immutable v1/v2 layouts reach canonical v8 after frozen v5 with legacy data, metadata and foreign keys intact (168.111302ms)
✖ Node: v4 upgrade preserves rows, tokens, physical defaults, indexes, triggers and auth metadata on reopen (140.369281ms)
✔ Node: unsupported legacy and partially installed layouts reject with no writes (202.076337ms)
✔ Node: latest layouts validate required content columns and every static lifecycle object without repair (369.336291ms)
✔ Node: failure after each lifecycle rebuild stage rolls back DDL, markers and rows (445.880911ms)
✔ Node: fresh and legacy concurrent startup share one complete migration winner (167.833134ms)
✔ Node: a content schema write between preflight and batch cannot be overwritten (58.971181ms)
✔ D1: fresh canonical startup creates all lifecycle system columns and atomically stores revision pointers (1735.867132ms)
✔ D1: immutable v1/v2 layouts reach canonical v8 after frozen v5 with legacy data, metadata and foreign keys intact (1130.765767ms)
✖ D1: v4 upgrade preserves rows, tokens, physical defaults, indexes, triggers and auth metadata on reopen (1167.262272ms)
✔ D1: unsupported legacy and partially installed layouts reject with no writes (5437.660429ms)
✔ D1: latest layouts validate required content columns and every static lifecycle object without repair (4838.501998ms)
✔ D1: failure after each lifecycle rebuild stage rolls back DDL, markers and rows (4091.640055ms)
✔ D1: fresh and legacy concurrent startup share one complete migration winner (1144.046818ms)
✔ D1: a content schema write between preflight and batch cannot be overwritten (1907.134003ms)
✔ Node fresh: should create all tables from migrations [revisions-only scope] (76.411385ms)
✔ Node fresh: should create content with all fields [status/author storage scope] (75.879658ms)
✔ Node fresh: should persist primaryBylineId on create [column storage scope] (29.099231ms)
✔ Node v4: should create all tables from migrations [revisions-only scope] (33.175474ms)
✔ Node v4: should create content with all fields [status/author storage scope] (88.023105ms)
✔ Node v4: should persist primaryBylineId on create [column storage scope] (116.151364ms)
✔ D1 fresh: should create all tables from migrations [revisions-only scope] (1065.972681ms)
✔ D1 fresh: should create content with all fields [status/author storage scope] (365.05942ms)
✔ D1 fresh: should persist primaryBylineId on create [column storage scope] (352.971757ms)
✔ D1 v4: should create all tables from migrations [revisions-only scope] (541.129785ms)
✔ D1 v4: should create content with all fields [status/author storage scope] (469.566875ms)
✔ D1 v4: should persist primaryBylineId on create [column storage scope] (546.173028ms)
▶ packages/core/tests/integration/content/draft-save-live-content-changed.test.ts
  ✔ is false for draft-only data save on revision collections (112.654865ms)
  ✔ is false when data+slug are staged as a draft revision (78.93472ms)
  ✔ is true when live metadata changes on a revision collection (78.244915ms)
  ✔ defaults unclassified update fields to live-changing (49.898824ms)
  ✔ is true for data updates on collections without revisions (62.392801ms)
✔ packages/core/tests/integration/content/draft-save-live-content-changed.test.ts (383.425336ms)
▶ packages/core/tests/integration/content/draft-save-updated-at.test.ts
  ✔ Save (draft staging) on a published entry does not bump updated_at (53.374918ms)
  ✔ Autosave (skipRevision) on an existing draft does not bump updated_at (82.010853ms)
  ✔ Discard Draft restores updated_at from before the draft saves (73.268683ms)
  ✔ a subsequent Publish advances updated_at exactly once (70.542283ms)
  ✔ draft-only saves still bump version so _rev concurrency detection keeps working (69.771627ms)
  ✔ Restore Revision (to draft) on a published entry does not bump updated_at (71.864266ms)
  ✔ collections without revision support keep the bump-on-write behavior (66.598499ms)
✔ packages/core/tests/integration/content/draft-save-updated-at.test.ts (488.120523ms)
▶ packages/core/tests/unit/api/publish-revision-cas.test.ts
  ✔ publishes only the expected revision and returns the next _rev (44.654429ms)
  ✔ rejects an approved revision after a newer draft save without mutating live or draft (68.71264ms)
  ✔ allows only one of two concurrent publishes for the same _rev (82.783712ms)
  ✔ supports conditional publish for a collection without revisions (37.052849ms)
  ✔ applies the same revision condition to unpublish and discard-draft (62.954704ms)
  ✔ keeps revisionless publish calls backward compatible (50.102459ms)
  ✔ rejects malformed revision conditions as conflicts (55.140135ms)
✔ packages/core/tests/unit/api/publish-revision-cas.test.ts (401.94269ms)
▶ packages/core/tests/integration/content/atomic-publication.test.ts
  ✔ rolls back every promoted column when the staged slug constraint rejects (54.542979ms)
  ✔ never leaves a dangling pointer when staging races guarded revision deletion (60.440384ms)
✔ packages/core/tests/integration/content/atomic-publication.test.ts (115.185586ms)
▶ packages/core/tests/integration/content/revision-retention.test.ts
  ✔ bounds history through request-lifetime work without a scheduled tick (90.161596ms)
✔ packages/core/tests/integration/content/revision-retention.test.ts (90.277951ms)
✔ node: replacing items rolls back deletion and partial insertion on SQL failure (36.657828ms)
✔ node: an absent menu cannot receive orphan items (32.740242ms)
✔ node: reordering ignores foreign menu items and retains the requested menu scope (20.027827ms)
✔ node: a failed reorder rolls back earlier updates in the same operation (21.51017ms)
✔ node: cloning failure leaves neither a partial translation nor cloned items (16.768679ms)
✔ node: replacing one locale leaves the other translation intact (29.196527ms)
✔ raw-d1: replacing items rolls back deletion and partial insertion on SQL failure (1424.240112ms)
✔ raw-d1: an absent menu cannot receive orphan items (1110.605251ms)
✔ raw-d1: reordering ignores foreign menu items and retains the requested menu scope (1524.161324ms)
✔ raw-d1: a failed reorder rolls back earlier updates in the same operation (1010.990995ms)
✔ raw-d1: cloning failure leaves neither a partial translation nor cloned items (1032.219002ms)
✔ raw-d1: replacing one locale leaves the other translation intact (1164.063765ms)
✔ scoped-d1: replacing items rolls back deletion and partial insertion on SQL failure (857.20626ms)
✔ scoped-d1: an absent menu cannot receive orphan items (1346.370253ms)
✔ scoped-d1: reordering ignores foreign menu items and retains the requested menu scope (866.810638ms)
✔ scoped-d1: a failed reorder rolls back earlier updates in the same operation (924.261715ms)
✔ scoped-d1: cloning failure leaves neither a partial translation nor cloned items (858.762358ms)
✔ scoped-d1: replacing one locale leaves the other translation intact (855.561518ms)
✔ raw-d1: cloning refuses a source edited item during its batch (1007.185184ms)
✔ raw-d1: cloning refuses a source moved item during its batch (1073.710784ms)
✔ raw-d1: cloning refuses a source reordered item during its batch (1258.137397ms)
✔ raw-d1: cloning refuses a source deleted source during its batch (1154.644691ms)
✔ scoped-d1: cloning refuses a source edited item during its batch (1495.294991ms)
✔ scoped-d1: cloning refuses a source moved item during its batch (1178.565097ms)
✔ scoped-d1: cloning refuses a source reordered item during its batch (904.598518ms)
✔ scoped-d1: cloning refuses a source deleted source during its batch (1030.416166ms)
✔ native menu cache hints preserve the pinned Source tag value (3.218577ms)
✔ real D1 menu create succeeds and persists (750.005294ms)
✔ real D1 atomic replacement preserves hierarchy and removes old rows (847.087067ms)
✔ real D1 translation cloning retains logical item groups and parent links (1329.417033ms)
✔ real D1 reorder and explicit menu deletion persist without cascade FKs (869.423476ms)
✔ node: native menu routes persist CRUD, hierarchy, locale and error envelopes (90.01549ms)
✔ d1: native menu routes persist CRUD, hierarchy, locale and error envelopes (3093.32416ms)
✔ node: menu readiness accepts only the complete owned schema and never installs it (34.552119ms)
✔ d1: menu readiness accepts only the complete owned schema and never installs it (1806.254924ms)
✔ node: menu readiness preserves embedded double quotes in locale defaults (16.406746ms)
✔ node: menu readiness preserves repeated literal whitespace in locale defaults (13.269731ms)
✔ node: menu readiness preserves escaped single quote followed by double quotes in locale defaults (10.38851ms)
✔ d1: menu readiness preserves embedded double quotes in locale defaults (1005.481384ms)
✔ d1: menu readiness preserves repeated literal whitespace in locale defaults (857.718167ms)
✔ d1: menu readiness preserves escaped single quote followed by double quotes in locale defaults (959.46821ms)
✔ node: menu readiness distinguishes a quoted timestamp default from the SQL expression (10.028591ms)
✔ d1: menu readiness distinguishes a quoted timestamp default from the SQL expression (1255.674098ms)
✔ actual native menu handler lists empty persisted storage successfully (40.162715ms)
✔ actual native menu handler persists a menu and its translation identity (11.965896ms)
✔ compiled login retains signed-in workspace controls alongside the legacy warning (125.828364ms)
✔ compiled login retains the native sign-out form alongside the legacy warning (0.606449ms)
✔ compiled signed-out legacy login keeps the warning and blocks all unavailable controls (0.94684ms)
✔ compiled healthy signed-in login keeps the existing workspace and sign-out controls (0.315273ms)
✔ auth JSON parser rejects declared oversized body before reading (optional=false) (36.256677ms)
✔ auth JSON parser rejects declared oversized body before reading (optional=true) (0.484036ms)
✔ optional auth JSON parser retains pinned unreadable-body default (2.698127ms)
✔ auth JSON parser retains pinned invalid JSON error code (0.963025ms)
✔ Node: passkey options probabilistically delete expired counters and preserve current counters (64.147567ms)
✔ D1: passkey options probabilistically delete expired counters and preserve current counters (1281.617522ms)
✔ base-prefixed production routes resolve SSR navigation targets and retain denial boundaries (9830.698076ms)
✔ creation distinguishes omitted pattern from selected literal empty and untrimmed regex sources (4.599828ms)
✔ validation keep/set/clear preserve replacement, explicit empty and absent-pattern semantics (2.357887ms)
✔ malformed or missing selected pattern reports the native pattern field before the callback (1.227401ms)
✔ replacement preserves unchanged textarea-normalized sources using untrusted JSON snapshots (0.819259ms)
✔ compiled scalar preview displays values without an HTML regex constraint (120.973298ms)
✔ pattern metadata syntax is a string source, including empty, with a localized malformed-pattern issue (2.064476ms)
✔ Node/string: adapted all-fields.test.ts:58 should enforce pattern (48.917899ms)
✔ Node/text: adapted all-fields.test.ts:58 should enforce pattern (46.011482ms)
✔ Node: pattern metadata persists, projects unchanged and replaces without changing content, defaults, DDL or tokens (96.162ms)
✔ Node: full/partial supplied string patterns preserve null, omission, metadata defaults and legacy other-field writes (3206.02662ms)
✔ Node: pattern sources use JavaScript search semantics without trimming, implicit anchors or flags (87.428017ms)
✔ Node: invalid schema requests write nothing; malformed legacy regex eagerly throws while read/projection/trash remain available (312.933578ms)
✔ D1/string: adapted all-fields.test.ts:58 should enforce pattern (1511.772559ms)
✔ D1/text: adapted all-fields.test.ts:58 should enforce pattern (281.135767ms)
✔ D1: pattern metadata persists, projects unchanged and replaces without changing content, defaults, DDL or tokens (1918.830385ms)
✔ D1: full/partial supplied string patterns preserve null, omission, metadata defaults and legacy other-field writes (51718.18945ms)
✔ D1: pattern sources use JavaScript search semantics without trimming, implicit anchors or flags (415.169068ms)
✔ D1: invalid schema requests write nothing; malformed legacy regex eagerly throws while read/projection/trash remain available (2058.823645ms)
✔ preview fields preserve descriptor metadata and own entry order while mapping scalar kinds (2.685315ms)
✔ preview fields preserve supplied defaults, null validation and future metadata without mutating inputs (0.337756ms)
✔ ordinary node equal public URLs still acquire and release Source lease without redirect writes (80.751289ms)
✔ ordinary node equal public URLs preserve Source occupied lease refusal (711.161676ms)
✔ ordinary raw equal public URLs still acquire and release Source lease without redirect writes (3289.507706ms)
✔ ordinary raw equal public URLs preserve Source occupied lease refusal (5088.710076ms)
✔ ordinary scoped equal public URLs still acquire and release Source lease without redirect writes (3539.140649ms)
✔ ordinary scoped equal public URLs preserve Source occupied lease refusal (5260.769329ms)
✔ ordinary node held redirect lease preserves Source busy error and full rollback (475.021889ms)
✔ ordinary node changed lease generation rolls shadow removal and content back (88.695547ms)
✔ ordinary node partial redirect schema refuses the content save before writing (44.524904ms)
✔ ordinary node stale content CAS does not write a redirect or change the externally updated version (56.076961ms)
✔ ordinary node existing redirect timestamp follows Source JS Date for Tue, 01 Jan 2030 00:00:00 GMT (30.536735ms)
✔ ordinary node existing redirect timestamp follows Source JS Date for 2030-01-01T00:00:00.1235Z (86.16543ms)
✔ ordinary node existing redirect timestamp follows Source JS Date for not-a-date (122.289305ms)
✔ ordinary raw held redirect lease preserves Source busy error and full rollback (3515.373703ms)
✔ ordinary raw changed lease generation rolls shadow removal and content back (2945.905919ms)
✔ ordinary raw partial redirect schema refuses the content save before writing (2252.325551ms)
✔ ordinary raw stale content CAS does not write a redirect or change the externally updated version (2860.358748ms)
✔ ordinary raw existing redirect timestamp follows Source JS Date for Tue, 01 Jan 2030 00:00:00 GMT (2424.13652ms)
✔ ordinary raw existing redirect timestamp follows Source JS Date for 2030-01-01T00:00:00.1235Z (1612.532377ms)
✔ ordinary raw existing redirect timestamp follows Source JS Date for not-a-date (3091.16149ms)
✔ ordinary scoped held redirect lease preserves Source busy error and full rollback (3587.236556ms)
✔ ordinary scoped changed lease generation rolls shadow removal and content back (3563.434299ms)
✔ ordinary scoped partial redirect schema refuses the content save before writing (1504.947403ms)
✔ ordinary scoped stale content CAS does not write a redirect or change the externally updated version (1535.570319ms)
✔ ordinary scoped existing redirect timestamp follows Source JS Date for Tue, 01 Jan 2030 00:00:00 GMT (1259.592298ms)
✔ ordinary scoped existing redirect timestamp follows Source JS Date for 2030-01-01T00:00:00.1235Z (1547.517955ms)
✔ ordinary scoped existing redirect timestamp follows Source JS Date for not-a-date (1558.345985ms)
✔ actual raw D1 content save commits redirects and collapses/reverts its chain (2162.361668ms)
✔ actual raw D1 redirect failure rolls content back in the same physical batch (1843.073254ms)
✔ actual raw D1 occupied redirect lease refuses the whole content save (2197.678887ms)
✔ actual scoped D1 content save commits redirects and collapses/reverts its chain (2115.166081ms)
✔ actual scoped D1 redirect failure rolls content back in the same physical batch (1508.975085ms)
✔ actual scoped D1 occupied redirect lease refuses the whole content save (2224.240367ms)
✔ actual content service slug save persists and publishes its automatic redirect (80.680929ms)
✔ actual successive content saves collapse chains and a reverted slug stays reachable (35.481783ms)
✔ redirect write failure rolls the actual content save back (16.104402ms)
✔ a surviving locale holder keeps the old public path available (16.392034ms)
✔ staging a draft revision leaves live slug and redirects untouched (24.11841ms)
✔ content updates on current canonical storage preserve zero-redirect-table behavior (9.24114ms)
✔ ordinary occupied lease precedes invalid stored timestamp as in Source repository (698.372042ms)
✔ ordinary selected-row snapshot change rolls back then prepares the real replacement state (48.777717ms)
✔ ordinary changing selected-row snapshot exhausts exactly five complete attempts with native conflict (20.97687ms)
✔ ordinary legacy null redirect timestamp follows Source JS acceptance with an exact null snapshot (20.813474ms)
✔ ordinary interrupted Source guard migration preserves nullable raw configuration revision (20.620776ms)
✔ native deferred task host handoff cannot synchronously reject its caller (103.048644ms)
✔ public redirect caches keep independent databases separate (68.423577ms)
✔ published writes invalidate the cache through a real database wrapper (17.751622ms)
✔ ordinary node publishing an already-live changed staged slug commits and publishes its redirect (90.962558ms)
✔ ordinary node redirect write refusal rolls back publication and retains the actual draft (28.644959ms)
✔ ordinary node reconciled post-commit transport failure still publishes the actual redirect (38.715192ms)
✔ ordinary node unconfirmed pre-commit transport failure cannot publish content or artifacts (22.616178ms)
✔ ordinary node first publish promotes its draft without creating or publishing a redirect (20.826184ms)
✔ ordinary raw publishing an already-live changed staged slug commits and publishes its redirect (2193.076886ms)
✔ ordinary raw redirect write refusal rolls back publication and retains the actual draft (1977.03237ms)
✔ ordinary raw reconciled post-commit transport failure still publishes the actual redirect (1995.128664ms)
✔ ordinary raw unconfirmed pre-commit transport failure cannot publish content or artifacts (1921.978451ms)
✔ ordinary raw first publish promotes its draft without creating or publishing a redirect (1566.728275ms)
✔ ordinary scoped publishing an already-live changed staged slug commits and publishes its redirect (1915.746694ms)
✔ ordinary scoped redirect write refusal rolls back publication and retains the actual draft (1998.20314ms)
✔ ordinary scoped reconciled post-commit transport failure still publishes the actual redirect (1979.936624ms)
✔ ordinary scoped unconfirmed pre-commit transport failure cannot publish content or artifacts (1735.295277ms)
✔ ordinary scoped first publish promotes its draft without creating or publishing a redirect (1568.491817ms)
✔ actual trusted redirect HTTP transport creates, lists, edits and deletes through Source handlers (67.128131ms)
✔ actual redirect HTTP parsing preserves Source JSON, path and pagination diagnostics (18.458154ms)
✔ actual redirect HTTP 404 summary, pruning and clearing mutate real stored paths (18.297173ms)
✔ actual historical5 redirect HTTP storage returns 503 without creating redirect tables (4.085778ms)
✔ actual raw D1 trusted redirect HTTP CRUD and 404 transport reaches persisted rows (1713.30142ms)
✔ actual scoped D1 trusted redirect HTTP CRUD and 404 transport reaches persisted rows (1553.725238ms)
✔ anonymous scoped D1 redirects retain deferred hits and deduplicated misses (2053.501476ms)
✔ real D1 publishes large sharded rules and preserves pattern order (3015.328062ms)
✔ real D1 repairs and serves a published redirect generation (868.892245ms)
✔ public exact redirect precedes the page resolver (94.56771ms)
✔ public pattern redirects preserve captured paths (27.81864ms)
✔ terminal rules return Gone without a Location header (32.437817ms)
✔ public misses create a persisted deduplicated 404 log without changing the response (25.888972ms)
▶ development HTTP remote boundaries fail closed
  ✔ the route handles unavailable content and owns a disabled collection-qualified form (961.747629ms)
  ✔ valid anonymous schema/content reads return 401 envelopes (50.011873ms)
  ✔ valid anonymous mutations deny access and client claims are rejected (38.807705ms)
Remote function schema validation failed: [
  {
    kind: 'schema',
    type: 'string',
    input: 1,
    expected: 'string',
    received: '1',
    message: 'Invalid type: Expected string but received 1',
    requirement: undefined,
    path: [ [Object] ],
    issues: undefined,
    lang: undefined,
    abortEarly: undefined,
    abortPipeEarly: undefined
  }
]
Remote function schema validation failed: [
  {
    kind: 'validation',
    type: 'min_length',
    input: '',
    expected: '>=1',
    received: '0',
    message: 'Invalid length: Expected >=1 but received 0',
    requirement: 1,
    path: [ [Object] ],
    issues: undefined,
    lang: undefined,
    abortEarly: undefined,
    abortPipeEarly: undefined
  }
]
Remote function schema validation failed: [
  {
    kind: 'validation',
    type: 'max_length',
    input: 'xxxxxxxxxxxxxxxxxxxxxxxxxxxxxxxxxxxxxxxxxxxxxxxxxxxxxxxxxxxxxxxxxxxxxxxxxxxxxxxxxxxxxxxxxxxxxxxxxxxxxxxxxxxxxxxxxxxxxxxxxxxxxxxxx',
    expected: '<=128',
    received: '129',
    message: 'Invalid length: Expected <=128 but received 129',
    requirement: 128,
    path: [ [Object] ],
    issues: undefined,
    lang: undefined,
    abortEarly: undefined,
    abortPipeEarly: undefined
  }
]
  ✔ query schemas reject invalid collection-qualified arguments before authorization (47.061423ms)
  ✔ decoded form validation identifies the rejected collection, data or revision field (28.631779ms)
✔ development HTTP remote boundaries fail closed (3344.81201ms)
✔ Node: required/optional string/text defaults and cleared bounds preserve exact submitted/omitted validation (3111.286552ms)
✔ Node: legacy required empty/null values remain readable and untouched by omitted patches, trash, restore and reopen (166.775542ms)
✔ D1: required/optional string/text defaults and cleared bounds preserve exact submitted/omitted validation (46060.282145ms)
✔ D1: legacy required empty/null values remain readable and untouched by omitted patches, trash, restore and reopen (1535.092868ms)
✔ Node: global maintenance consumes the oldest ten snapshots across collections (94.264823ms)
✔ Node: an actual prune SQL failure leaves that entry queued and continues the batch (123.23843ms)
✔ Node: a later queue write survives global snapshot acknowledgement (72.58121ms)
✔ Node: an empty global queue never reads or deletes revision history (24.807664ms)
✔ Node: global pruning keeps older protected live and draft pointers (81.408509ms)
✔ D1: global maintenance consumes the oldest ten snapshots across collections (1360.850228ms)
✔ D1: an actual prune SQL failure leaves that entry queued and continues the batch (2423.003684ms)
✔ D1: a later queue write survives global snapshot acknowledgement (1112.633458ms)
✔ D1: an empty global queue never reads or deletes revision history (185.64414ms)
✔ D1: global pruning keeps older protected live and draft pointers (1111.690565ms)
✔ Node: the trusted maintenance entry opens real persistent storage and can run again after restart (136.944038ms)
✔ D1: the trusted maintenance entry uses the actual Worker D1 binding and persists across runtime reopen (1176.86403ms)
✔ Worker: a trusted scheduled handler must expose actual revision maintenance without a public route (1.302919ms)
✔ RV1: whole Source callbacks and namespace-only coordinator retain their recorded hashes (319.04504ms)
▶ RV1 reference Node complete repository pruning callbacks
  ✔ does not delete a revision inserted after the queued prune snapshot (92.430512ms)
  ✔ prunes through the queued revision while preserving referenced live and draft revisions (73.0375ms)
✔ RV1 reference Node complete repository pruning callbacks (166.515797ms)
▶ RV1 reference D1 complete repository pruning callbacks
  ✔ does not delete a revision inserted after the queued prune snapshot (1973.015347ms)
  ✔ prunes through the queued revision while preserving referenced live and draft revisions (1205.469659ms)
✔ RV1 reference D1 complete repository pruning callbacks (3178.953101ms)
▶ RV1 product Node complete repository pruning callbacks
  ✔ does not delete a revision inserted after the queued prune snapshot (85.555938ms)
  ✔ prunes through the queued revision while preserving referenced live and draft revisions (63.494936ms)
✔ RV1 product Node complete repository pruning callbacks (149.54699ms)
▶ RV1 product D1 complete repository pruning callbacks
  ✔ does not delete a revision inserted after the queued prune snapshot (1229.97723ms)
  ✔ prunes through the queued revision while preserving referenced live and draft revisions (1038.854765ms)
✔ RV1 product D1 complete repository pruning callbacks (2269.168393ms)
▶ RV1 reference complete cleanup callbacks
  ▶ Revision Pruning
    ✔ prunes old revisions keeping the most recent N (177.522176ms)
    ✔ is a no-op when revision count is at or below keepCount (41.832451ms)
    ✔ prunes eligible history while preserving old live and current draft revisions (49.967368ms)
  ✔ Revision Pruning (270.320387ms)
  ▶ Scheduled cleanup revision projection
    ✔ prunes revision entries queued by revision writes (61.804725ms)
    ✔ processes the oldest queued revision entries first (34.467169ms)
    ✔ does not query the full revision history (18.363557ms)
  ✔ Scheduled cleanup revision projection (114.921836ms)
✔ RV1 reference complete cleanup callbacks (385.703892ms)
▶ RV1 product complete cleanup callbacks
  ▶ Revision Pruning
    ✔ prunes old revisions keeping the most recent N (141.794898ms)
    ✔ is a no-op when revision count is at or below keepCount (28.848685ms)
    ✔ prunes eligible history while preserving old live and current draft revisions (58.296038ms)
  ✔ Revision Pruning (229.293558ms)
  ▶ Scheduled cleanup revision projection
    ✔ prunes revision entries queued by revision writes (53.16945ms)
    ✔ processes the oldest queued revision entries first (32.779001ms)
    ✔ does not query the full revision history (17.197801ms)
  ✔ Scheduled cleanup revision projection (103.397242ms)
✔ RV1 product complete cleanup callbacks (332.873336ms)

 WARN  inlineDynamicImports option is deprecated, please use codeSplitting: false instead.


(!) outDir /tmp/cms-revision-scheduled-7x5lK3/build is not inside project root and will not be emptied.
Use --emptyOutDir to override.

✔ workerd: a real scheduled event anchors global pruning and keeps persistent D1 state across restart (939.909001ms)
✔ sqlite.test.ts:25 — configured runtime opens a fresh database file in WAL mode (75.493749ms)
✔ configured storage persists content and resolves current trusted roles across runtime restart (96.703459ms)
✔ unconfigured runtime clears foreign locals and creates no trusted presentation or identity (0.50848ms)
✔ concurrent first requests share a migrated adapter while sessions remain request-specific (24.843326ms)
✔ runtime rejects untrusted or malformed origins before opening configured storage (1.860929ms)
✔ runtime host configuration opts into one persistent adapter and trusted public origin (0.602764ms)
✔ configured runtime migrates the persistent database before resolving an anonymous session (20.224598ms)
✔ trusted D1 platform configuration migrates local storage, resolves fresh roles and forwards request waitUntil (2497.786456ms)
✔ runtime close prevents an in-flight configuration from opening a new database afterward (6.290835ms)
✔ all close callers await an already-started migration and its request cannot use the closing adapter (1723.813055ms)
✔ the actual fixture listener obtains its first port without a released reservation (144.342679ms)
✔ independent ordinary fixtures keep distinct directly bound listeners (198.01932ms)
✔ a genuine process restart retains the reported trusted origin and releases its listener (208.704866ms)
✔ Node: 24 paired scalar DDL/metadata/omission/NULL/duplicate cases survive restart (821.080929ms)
✔ Node: opening a legacy table preserves divergent defaults/indexes and stored values (29.135157ms)
✔ Node: authorized future fields retain stale/racing schema CAS and independent DDL rollback (34.343116ms)
✔ Node: metadata defaults and unenforced uniqueness round-trip through content; required empty strings are rejected (42.356146ms)
✔ D1: 24 paired scalar DDL/metadata/omission/NULL/duplicate cases survive restart (10429.248964ms)
✔ D1: opening a legacy table preserves divergent defaults/indexes and stored values (326.251681ms)
✔ D1: authorized future fields retain stale/racing schema CAS and independent DDL rollback (898.270276ms)
✔ D1: metadata defaults and unenforced uniqueness round-trip through content; required empty strings are rejected (255.341456ms)
✔ native form instance keys match the collection and never enter service inputs (7.596454ms)
✔ native supports preserve omission, explicit empty arrays and supported flags (0.582307ms)
✔ decimal strings convert safely while blank optional bounds stay omitted (1.238285ms)
✔ native field validation gives bound/default issue paths that block the handler (0.744302ms)
✔ client claims and content revision tokens remain invalid schema form inputs (1.093588ms)
✔ schema controls need a trusted valid manager, explicit mutation opt-in and storage (1.536575ms)
✔ UI capability denies invalid or unauthorized principals before configuration and storage inspection (0.271709ms)
✔ Node: registry.test.ts:37: should create a collection (6 assertions) (36.432516ms)
✔ Node: registry.test.ts:53: defaults supports when undefined (1 assertions) (27.863327ms)
✔ Node: registry.test.ts:63: preserves explicit empty supports opt-out (1 assertions) (21.029531ms)
✔ Node: registry.test.ts:86: creates the content table (1 assertions) (19.629181ms)
✔ Node: registry.test.ts:113: lists collections sorted by slug (2 assertions) (21.29414ms)
✔ Node: registry.test.ts:351: rejects duplicate collections (1 assertions) (29.255895ms)
✔ Node: registry.test.ts:359: rejects reserved collection slugs (2 assertions) (17.208375ms)
✔ Node: registry.test.ts:369: validates collection slug format (3 assertions) (19.08383ms)
✔ Node: registry.test.ts:439: creates a required string field (5 assertions) (23.976401ms)
✔ Node: registry.test.ts:610: adds the physical content column (1 assertions) (32.361453ms)
✔ Node: registry.test.ts:654: gets a field by slug with validation (2 assertions) (21.325287ms)
✔ D1: registry.test.ts:37: should create a collection (6 assertions) (863.118805ms)
✔ D1: registry.test.ts:53: defaults supports when undefined (1 assertions) (135.69021ms)
✔ D1: registry.test.ts:63: preserves explicit empty supports opt-out (1 assertions) (119.25267ms)
✔ D1: registry.test.ts:86: creates the content table (1 assertions) (116.281505ms)
✔ D1: registry.test.ts:113: lists collections sorted by slug (2 assertions) (127.963218ms)
✔ D1: registry.test.ts:351: rejects duplicate collections (1 assertions) (134.72828ms)
✔ D1: registry.test.ts:359: rejects reserved collection slugs (2 assertions) (61.551559ms)
✔ D1: registry.test.ts:369: validates collection slug format (3 assertions) (68.803133ms)
✔ D1: registry.test.ts:439: creates a required string field (5 assertions) (127.464313ms)
✔ D1: registry.test.ts:610: adds the physical content column (1 assertions) (160.133573ms)
✔ D1: registry.test.ts:654: gets a field by slug with validation (2 assertions) (146.237775ms)
✔ schema service checks permission before touching storage or parsing inputs (1.798081ms)
✔ coalescing actual D1 refuses registered dynamic operations before flushing, preparing or enqueuing (185.657494ms)
✔ coalescing actual D1 refuses serialized dynamic operations before flushing, preparing or enqueuing (91.96878ms)
✔ coalescing actual D1 ordinary atomic writes and real result positions remain intact (94.773794ms)
✔ node: recognizes exactly the complete source-managed group (7.258892ms)
✔ d1: recognizes exactly the complete source-managed group (5.441312ms)
✔ SEC1 uncompressed public-coordinate bytes: x=zero, y=zero (1.089739ms)
✔ SEC1 uncompressed public-coordinate bytes: x=zero, y=one-byte (0.119441ms)
✔ SEC1 uncompressed public-coordinate bytes: x=zero, y=31-byte (0.096196ms)
✔ SEC1 uncompressed public-coordinate bytes: x=zero, y=32-byte (0.080201ms)
✔ SEC1 uncompressed public-coordinate bytes: x=one-byte, y=zero (0.109085ms)
✔ SEC1 uncompressed public-coordinate bytes: x=one-byte, y=one-byte (0.088284ms)
✔ SEC1 uncompressed public-coordinate bytes: x=one-byte, y=31-byte (0.222567ms)
✔ SEC1 uncompressed public-coordinate bytes: x=one-byte, y=32-byte (0.140322ms)
✔ SEC1 uncompressed public-coordinate bytes: x=31-byte, y=zero (0.224269ms)
✔ SEC1 uncompressed public-coordinate bytes: x=31-byte, y=one-byte (0.189837ms)
✔ SEC1 uncompressed public-coordinate bytes: x=31-byte, y=31-byte (0.093141ms)
✔ SEC1 uncompressed public-coordinate bytes: x=31-byte, y=32-byte (0.097738ms)
✔ SEC1 uncompressed public-coordinate bytes: x=32-byte, y=zero (0.061152ms)
✔ SEC1 uncompressed public-coordinate bytes: x=32-byte, y=one-byte (0.050387ms)
✔ SEC1 uncompressed public-coordinate bytes: x=32-byte, y=31-byte (0.044647ms)
✔ SEC1 uncompressed public-coordinate bytes: x=32-byte, y=32-byte (0.05258ms)
✔ SEC1 uncompressed public-coordinate bytes: public NIST P-256 generator (0.05332ms)
✔ Node: final pinned Source021 sections are ready without obsolete category objects (10.932079ms)
✔ D1: final pinned Source021 sections are ready without obsolete category objects (734.859819ms)
✔ content palette insertion carries the pinned default title (1.274508ms)
✔ menu palette insertion carries the pinned default title (0.324781ms)
✔ component palette insertion leaves prop defaults to the renderer until actually edited (0.400776ms)
✔ Node: sections readiness rejects a quoted timestamp literal in place of the Source expression (9.115872ms)
✔ Node: widgets readiness rejects a quoted timestamp literal in place of the Source expression (3.649272ms)
✔ D1: sections readiness rejects a quoted timestamp literal in place of the Source expression (750.338081ms)
✔ D1: widgets readiness rejects a quoted timestamp literal in place of the Source expression (35.582028ms)
✔ Node: sections readiness rejects non-SQLite NBSP that swallows a timestamp default into the column type (2.178908ms)
✔ Node: widgets readiness rejects non-SQLite NBSP that swallows a timestamp default into the column type (1.692593ms)
✔ D1: sections readiness rejects non-SQLite NBSP that swallows a timestamp default into the column type (17.021969ms)
✔ D1: widgets readiness rejects non-SQLite NBSP that swallows a timestamp default into the column type (20.408954ms)
✔ Node: sections readiness rejects when double quotes remain inside a different SQL default literal (16.446525ms)
✔ Node: sections readiness rejects when literal case remains significant (3.131124ms)
✔ Node: sections readiness rejects when literal whitespace remains significant (2.223094ms)
✔ Node: sections readiness rejects when doubled single-quote escaping remains inside the literal (2.082342ms)
✔ Node: sections readiness accepts CREATE keyword case, identifier quoting and outside-literal whitespace (3.170234ms)
✔ D1: sections readiness rejects when double quotes remain inside a different SQL default literal (740.732703ms)
✔ D1: sections readiness rejects when literal case remains significant (46.014109ms)
✔ D1: sections readiness rejects when literal whitespace remains significant (25.486145ms)
✔ D1: sections readiness rejects when doubled single-quote escaping remains inside the literal (18.034372ms)
✔ D1: sections readiness accepts CREATE keyword case, identifier quoting and outside-literal whitespace (17.203067ms)
✔ Node: actual complete Source DDL is ready and absent/partial storage is never silently installed (11.539041ms)
✔ D1: actual complete Source DDL is ready and absent/partial storage is never silently installed (661.075802ms)
✔ native SEO API exists: ../src/lib/seo/meta.ts (5.367258ms)
✔ native SEO API exists: ../src/lib/seo/contributions.ts (2.117475ms)
✔ native SEO API exists: ../src/lib/seo/metadata.ts (1.937634ms)
✔ native SEO API exists: ../src/lib/server/seo/panel.ts (4.153928ms)
✔ native head renders the supplied document title and description safely (157.348457ms)
✔ native head renders the canonical, noindex and Open Graph URL (11.361282ms)
✔ native head keeps page title distinct from the suffixed document title (12.479079ms)
✔ native head renders configured verification and the default social image (8.298692ms)
✔ native head applies supplied contribution precedence before base metadata (6.905369ms)
✔ native head embeds one safe JSON-LD script with the original structured values (7.300165ms)
✔ persisted SEO API is available: SeoRepository (122.992048ms)
✔ persisted SEO API is available: handleSitemapData (3.848517ms)
✔ persisted SEO API is available: getHreflangAlternatesWithDb (109.349743ms)
✔ ordinary node installation provides persisted SEO storage (33.832508ms)
✔ ordinary d1 installation provides persisted SEO storage (916.661207ms)
✔ server bridge derives the supported content and publication permissions from a current role (1.487965ms)
✔ request-scoped cookie resolution observes role changes, revocation and expiry, with writes disabled by default (78.803684ms)
✔ unconfigured handle clears stale locals and does not open or migrate storage (0.316748ms)
✔ clean migration registers empty auth tables and version two, and is idempotent (83.944388ms)
✔ version-one upgrade preserves definitions/drafts across migration and restart (75.626537ms)
✔ incomplete, untracked and future migration states reject without repair (166.685804ms)
✔ failed auth DDL or marker commits roll back the entire clean/upgrade batch (115.191725ms)
✔ two independent clean and upgrade callers reach a fully migrated database (126.09807ms)
✔ startup accepts a complete concurrent upgrade between its preflight reads (70.928131ms)
✔ Node: empty trash counts zero; adapted upstream locale count values are 1 scoped/3 all (106.275901ms)
✔ Node: counts exceed page caps, change after trash/restore and persist across reopen (342.468417ms)
✔ Node: count predicate retains the draft-only bound on synthetic mixed statuses (39.719402ms)
✔ Node: count input is scoped and strict, and reads require both existing permissions (55.38217ms)
✔ D1: empty trash counts zero; adapted upstream locale count values are 1 scoped/3 all (643.902393ms)
✔ D1: counts exceed page caps, change after trash/restore and persist across reopen (4252.80719ms)
✔ D1: count predicate retains the draft-only bound on synthetic mixed statuses (197.634972ms)
✔ D1: count input is scoped and strict, and reads require both existing permissions (209.145321ms)
✔ 913cb1bb9b7f08c3ff0d258b4420e53835b6a58e:packages/core/tests/unit/database/repositories/cursor.test.ts:10 — round-trips a valid cursor (1.448361ms)
✔ 913cb1bb9b7f08c3ff0d258b4420e53835b6a58e:packages/core/tests/unit/database/repositories/cursor.test.ts:16 — throws InvalidCursorError on empty string (0.373074ms)
✔ 913cb1bb9b7f08c3ff0d258b4420e53835b6a58e:packages/core/tests/unit/database/repositories/cursor.test.ts:20 — throws InvalidCursorError on non-base64 input (0.187173ms)
✔ 913cb1bb9b7f08c3ff0d258b4420e53835b6a58e:packages/core/tests/unit/database/repositories/cursor.test.ts:24 — throws InvalidCursorError on base64 of malformed JSON (0.193302ms)
✔ 913cb1bb9b7f08c3ff0d258b4420e53835b6a58e:packages/core/tests/unit/database/repositories/cursor.test.ts:29 — throws InvalidCursorError on base64 JSON missing required fields (0.178149ms)
✔ 913cb1bb9b7f08c3ff0d258b4420e53835b6a58e:packages/core/tests/unit/database/repositories/cursor.test.ts:34 — throws InvalidCursorError when id is not a string (0.153111ms)
✔ 913cb1bb9b7f08c3ff0d258b4420e53835b6a58e:packages/core/tests/unit/database/repositories/cursor.test.ts:39 — rejects oversized cursors before attempting to decode (DoS guard) (0.107222ms)
✔ 913cb1bb9b7f08c3ff0d258b4420e53835b6a58e:packages/core/tests/unit/database/repositories/cursor.test.ts:49 — error message truncates very long cursors (0.225001ms)
✔ supplemental: UTF-8 standard-base64 round trip retains Unicode values (0.399835ms)
✔ supplemental: empty fields, arbitrary timestamp/ID and extra context remain accepted (1.357573ms)
✔ supplemental: decoder bound accepts 4096 characters and rejects 4100 (1.841695ms)
✔ supplemental: non-object JSON and non-string orderValue remain invalid (0.610714ms)
✔ supplemental: message truncation retains the exact first 47 characters (0.572656ms)
✔ Node: navigation reads actual persisted descriptors and refreshed metadata (56.306067ms)
✔ D1: navigation reads actual persisted descriptors and refreshed metadata (934.995104ms)
✔ anonymous and denied navigation avoids all storage inspection (0.534959ms)
✔ authenticated unconfigured navigation preserves the principal and explicit storage availability (0.281496ms)
✔ non-GET page rendering preserves principal display state without inspecting storage (1.514751ms)
✔ shell provides a keyboard skip link to its actual main landmark (158.082553ms)
✔ shell renders persisted collection descriptors while omitting hidden collections (1.453919ms)
✔ authenticated principals without schema permission have no administration link (0.976977ms)
✔ grouped collection navigation is a real accessible disclosure (0.809144ms)
✔ collection navigation resolves the application base and actual active descendant path (1.100684ms)
✔ shell has an accessible navigation toggle and controlled sidebar landmark (0.874493ms)
✔ unavailable feature families are not advertised as working destinations (0.975125ms)
✔ Node editor saves an actual scalar draft, publishes separately and recovers trash after restart (130.683446ms)
✔ D1 editor saves an actual scalar draft, publishes separately and recovers trash after restart (1235.825618ms)
✔ an accepted in-flight snapshot advances only its own baseline and preserves later keystrokes (0.73575ms)
✔ a background refresh preserves a dirty writer copy and its stale comparison token (0.196076ms)
✔ a conflict keeps the writer copy and stops autosave until an explicit save-anyway choice (0.732225ms)
✔ terminal validation rejection stays dirty and is not autosaved again until content changes (0.660286ms)
✔ pending submissions and read-only permissions cannot call a mutation twice (0.303558ms)
ℹ tests 1500
ℹ suites 44
ℹ pass 1498
ℹ fail 2
ℹ cancelled 0
ℹ skipped 0
ℹ todo 0
ℹ duration_ms 542460.721279

✖ failing tests:

test at tests/lifecycle-startup-upgrade.test.ts:59:3
✖ Node: v4 upgrade preserves rows, tokens, physical defaults, indexes, triggers and auth metadata on reopen (140.369281ms)
  AssertionError [ERR_ASSERTION]: Expected values to be strictly equal:
  
  17 !== 16
  
      at TestContext.<anonymous> (file:///workspace/cms-complete-seo-storage-backend/tests/lifecycle-startup-upgrade.test.ts:99:14)
      at async Test.run (node:internal/test_runner/test:1389:7)
      at async Test.processPendingSubtests (node:internal/test_runner/test:960:7) {
    generatedMessage: true,
    code: 'ERR_ASSERTION',
    actual: 17,
    expected: 16,
    operator: 'strictEqual',
    diff: 'simple'
  }

test at tests/lifecycle-startup-upgrade.test.ts:59:3
✖ D1: v4 upgrade preserves rows, tokens, physical defaults, indexes, triggers and auth metadata on reopen (1167.262272ms)
  AssertionError [ERR_ASSERTION]: Expected values to be strictly equal:
  
  17 !== 16
  
      at TestContext.<anonymous> (file:///workspace/cms-complete-seo-storage-backend/tests/lifecycle-startup-upgrade.test.ts:99:14)
      at process.processTicksAndRejections (node:internal/process/task_queues:104:5)
      at async Test.run (node:internal/test_runner/test:1389:7)
      at async Test.processPendingSubtests (node:internal/test_runner/test:960:7) {
    generatedMessage: true,
    code: 'ERR_ASSERTION',
    actual: 17,
    expected: 16,
    operator: 'strictEqual',
    diff: 'simple'
  }
[ELIFECYCLE] Test failed. See above for more details.
