[media-usage] Failed to mark posts stale: Error: no such table: _cms_media_usage_index_status
    at NodeSqliteCompatDatabase.prepare (file:///workspace/cms-byline-content-lifecycle/src/lib/server/database/node-sqlite-compat.ts:82:36)
    at SqliteConnection.executeQuery (file:///workspace/cms-byline-content-lifecycle/node_modules/.pnpm/kysely@0.29.2/node_modules/kysely/dist/dialect/sqlite/sqlite-driver.js:58:31)
    at file:///workspace/cms-byline-content-lifecycle/node_modules/.pnpm/kysely@0.29.2/node_modules/kysely/dist/query-executor/query-executor-base.js:39:41
    at DefaultConnectionProvider.provideConnection (file:///workspace/cms-byline-content-lifecycle/node_modules/.pnpm/kysely@0.29.2/node_modules/kysely/dist/driver/default-connection-provider.js:10:26)
    at async DefaultQueryExecutor.executeQuery (file:///workspace/cms-byline-content-lifecycle/node_modules/.pnpm/kysely@0.29.2/node_modules/kysely/dist/query-executor/query-executor-base.js:38:28)
    at async SelectQueryBuilderImpl.execute (file:///workspace/cms-byline-content-lifecycle/node_modules/.pnpm/kysely@0.29.2/node_modules/kysely/dist/query-builder/select-query-builder.js:318:24)
    at async SelectQueryBuilderImpl.executeTakeFirst (file:///workspace/cms-byline-content-lifecycle/node_modules/.pnpm/kysely@0.29.2/node_modules/kysely/dist/query-builder/select-query-builder.js:322:26)
    at async MediaUsageRepository.findIndexStatus (file:///workspace/cms-byline-content-lifecycle/src/lib/server/blocks/upstream/database/repositories/media-usage.ts:2645:15)
    at async markContentMediaUsageCollectionStale (file:///workspace/cms-byline-content-lifecycle/src/lib/server/blocks/upstream/media/usage/schema-invalidation.ts:27:19)
    at async markContentMediaUsageCollectionStaleSafely (file:///workspace/cms-byline-content-lifecycle/src/lib/server/blocks/upstream/media/usage/schema-invalidation.ts:69:3) {
  code: 'ERR_SQLITE_ERROR',
  errcode: 1,
  errstr: 'SQL logic error'
}
✔ Node: genuine v5 upgrade and persisted v17 reopen preserve content and operator objects (121.181138ms)
✔ Node: a future Source-named trigger collision is refused before any startup write (22.333105ms)
✔ Node: a real late-batch SQLite failure rolls back the complete v0→17 installation (46.433517ms)
✔ Node: a real late-batch SQLite failure rolls back the complete v4→17 installation (71.575544ms)
[media-usage] Failed to mark posts stale: Error: D1_ERROR: no such table: _cms_media_usage_index_status: SQLITE_ERROR
    at process.processTicksAndRejections (node:internal/process/task_queues:104:5)
    at async D1Connection.executeQuery (file:///workspace/cms-byline-content-lifecycle/src/lib/server/database/d1.ts:55:29)
    at async file:///workspace/cms-byline-content-lifecycle/node_modules/.pnpm/kysely@0.29.2/node_modules/kysely/dist/query-executor/query-executor-base.js:39:24
    at async DefaultConnectionProvider.provideConnection (file:///workspace/cms-byline-content-lifecycle/node_modules/.pnpm/kysely@0.29.2/node_modules/kysely/dist/driver/default-connection-provider.js:10:20)
    at async DefaultQueryExecutor.executeQuery (file:///workspace/cms-byline-content-lifecycle/node_modules/.pnpm/kysely@0.29.2/node_modules/kysely/dist/query-executor/query-executor-base.js:38:28)
    at async SelectQueryBuilderImpl.execute (file:///workspace/cms-byline-content-lifecycle/node_modules/.pnpm/kysely@0.29.2/node_modules/kysely/dist/query-builder/select-query-builder.js:318:24)
    at async SelectQueryBuilderImpl.executeTakeFirst (file:///workspace/cms-byline-content-lifecycle/node_modules/.pnpm/kysely@0.29.2/node_modules/kysely/dist/query-builder/select-query-builder.js:322:26)
    at async MediaUsageRepository.findIndexStatus (file:///workspace/cms-byline-content-lifecycle/src/lib/server/blocks/upstream/database/repositories/media-usage.ts:2645:15)
    at async markContentMediaUsageCollectionStale (file:///workspace/cms-byline-content-lifecycle/src/lib/server/blocks/upstream/media/usage/schema-invalidation.ts:27:19)
    at async markContentMediaUsageCollectionStaleSafely (file:///workspace/cms-byline-content-lifecycle/src/lib/server/blocks/upstream/media/usage/schema-invalidation.ts:69:3) {
  [cause]: Error: no such table: _cms_media_usage_index_status: SQLITE_ERROR
      at D1DatabaseSessionAlwaysPrimary._sendOrThrow (cloudflare-internal:d1-api:140:24)
      at async cloudflare-internal:d1-api:366:41 {
    [cause]: undefined
  }
}
✔ raw D1: genuine v5 upgrade and persisted v17 reopen preserve content and operator objects (2779.637234ms)
✔ raw D1: a future Source-named trigger collision is refused before any startup write (1126.919128ms)
✔ raw D1: a real late-batch SQLite failure rolls back the complete v0→17 installation (2808.105188ms)
✔ raw D1: a real late-batch SQLite failure rolls back the complete v4→17 installation (3426.855755ms)
[media-usage] Failed to mark posts stale: Error: D1_ERROR: no such table: _cms_media_usage_index_status: SQLITE_ERROR
    at process.processTicksAndRejections (node:internal/process/task_queues:104:5)
    at async file:///workspace/cms-byline-content-lifecycle/src/lib/server/database/coalescing-d1.ts:208:32 {
  [cause]: Error: no such table: _cms_media_usage_index_status: SQLITE_ERROR
      at D1DatabaseSession._sendOrThrow (cloudflare-internal:d1-api:140:24)
      at async cloudflare-internal:d1-api:366:41 {
    [cause]: undefined
  }
}
✔ scoped D1: genuine v5 upgrade and persisted v17 reopen preserve content and operator objects (2693.150669ms)
✔ scoped D1: a future Source-named trigger collision is refused before any startup write (1081.839166ms)
✔ scoped D1: a real late-batch SQLite failure rolls back the complete v0→17 installation (2687.793126ms)
✔ scoped D1: a real late-batch SQLite failure rolls back the complete v4→17 installation (3172.748545ms)
✔ Node: actual existing and newly created content tables receive Source031 byline indexes (105.874088ms)
[media-usage] Failed to mark posts stale: Error: no such table: _cms_media_usage_index_status
    at NodeSqliteCompatDatabase.prepare (file:///workspace/cms-byline-content-lifecycle/src/lib/server/database/node-sqlite-compat.ts:82:36)
    at SqliteConnection.executeQuery (file:///workspace/cms-byline-content-lifecycle/node_modules/.pnpm/kysely@0.29.2/node_modules/kysely/dist/dialect/sqlite/sqlite-driver.js:58:31)
    at file:///workspace/cms-byline-content-lifecycle/node_modules/.pnpm/kysely@0.29.2/node_modules/kysely/dist/query-executor/query-executor-base.js:39:41
    at DefaultConnectionProvider.provideConnection (file:///workspace/cms-byline-content-lifecycle/node_modules/.pnpm/kysely@0.29.2/node_modules/kysely/dist/driver/default-connection-provider.js:10:26)
    at async DefaultQueryExecutor.executeQuery (file:///workspace/cms-byline-content-lifecycle/node_modules/.pnpm/kysely@0.29.2/node_modules/kysely/dist/query-executor/query-executor-base.js:38:28)
    at async SelectQueryBuilderImpl.execute (file:///workspace/cms-byline-content-lifecycle/node_modules/.pnpm/kysely@0.29.2/node_modules/kysely/dist/query-builder/select-query-builder.js:318:24)
    at async SelectQueryBuilderImpl.executeTakeFirst (file:///workspace/cms-byline-content-lifecycle/node_modules/.pnpm/kysely@0.29.2/node_modules/kysely/dist/query-builder/select-query-builder.js:322:26)
    at async MediaUsageRepository.findIndexStatus (file:///workspace/cms-byline-content-lifecycle/src/lib/server/blocks/upstream/database/repositories/media-usage.ts:2645:15)
    at async markContentMediaUsageCollectionStale (file:///workspace/cms-byline-content-lifecycle/src/lib/server/blocks/upstream/media/usage/schema-invalidation.ts:27:19)
    at async markContentMediaUsageCollectionStaleSafely (file:///workspace/cms-byline-content-lifecycle/src/lib/server/blocks/upstream/media/usage/schema-invalidation.ts:69:3) {
  code: 'ERR_SQLITE_ERROR',
  errcode: 1,
  errstr: 'SQL logic error'
}
[media-usage] Failed to mark authors stale: Error: no such table: _cms_media_usage_index_status
    at NodeSqliteCompatDatabase.prepare (file:///workspace/cms-byline-content-lifecycle/src/lib/server/database/node-sqlite-compat.ts:82:36)
    at SqliteConnection.executeQuery (file:///workspace/cms-byline-content-lifecycle/node_modules/.pnpm/kysely@0.29.2/node_modules/kysely/dist/dialect/sqlite/sqlite-driver.js:58:31)
    at file:///workspace/cms-byline-content-lifecycle/node_modules/.pnpm/kysely@0.29.2/node_modules/kysely/dist/query-executor/query-executor-base.js:39:41
    at DefaultConnectionProvider.provideConnection (file:///workspace/cms-byline-content-lifecycle/node_modules/.pnpm/kysely@0.29.2/node_modules/kysely/dist/driver/default-connection-provider.js:10:26)
    at async DefaultQueryExecutor.executeQuery (file:///workspace/cms-byline-content-lifecycle/node_modules/.pnpm/kysely@0.29.2/node_modules/kysely/dist/query-executor/query-executor-base.js:38:28)
    at async SelectQueryBuilderImpl.execute (file:///workspace/cms-byline-content-lifecycle/node_modules/.pnpm/kysely@0.29.2/node_modules/kysely/dist/query-builder/select-query-builder.js:318:24)
    at async SelectQueryBuilderImpl.executeTakeFirst (file:///workspace/cms-byline-content-lifecycle/node_modules/.pnpm/kysely@0.29.2/node_modules/kysely/dist/query-builder/select-query-builder.js:322:26)
    at async MediaUsageRepository.findIndexStatus (file:///workspace/cms-byline-content-lifecycle/src/lib/server/blocks/upstream/database/repositories/media-usage.ts:2645:15)
    at async markContentMediaUsageCollectionStale (file:///workspace/cms-byline-content-lifecycle/src/lib/server/blocks/upstream/media/usage/schema-invalidation.ts:27:19)
    at async markContentMediaUsageCollectionStaleSafely (file:///workspace/cms-byline-content-lifecycle/src/lib/server/blocks/upstream/media/usage/schema-invalidation.ts:69:3) {
  code: 'ERR_SQLITE_ERROR',
  errcode: 1,
  errstr: 'SQL logic error'
}
[media-usage] Failed to mark posts stale: Error: no such table: _cms_media_usage_index_status
    at NodeSqliteCompatDatabase.prepare (file:///workspace/cms-byline-content-lifecycle/src/lib/server/database/node-sqlite-compat.ts:82:36)
    at SqliteConnection.executeQuery (file:///workspace/cms-byline-content-lifecycle/node_modules/.pnpm/kysely@0.29.2/node_modules/kysely/dist/dialect/sqlite/sqlite-driver.js:58:31)
    at file:///workspace/cms-byline-content-lifecycle/node_modules/.pnpm/kysely@0.29.2/node_modules/kysely/dist/query-executor/query-executor-base.js:39:41
    at DefaultConnectionProvider.provideConnection (file:///workspace/cms-byline-content-lifecycle/node_modules/.pnpm/kysely@0.29.2/node_modules/kysely/dist/driver/default-connection-provider.js:10:26)
    at async DefaultQueryExecutor.executeQuery (file:///workspace/cms-byline-content-lifecycle/node_modules/.pnpm/kysely@0.29.2/node_modules/kysely/dist/query-executor/query-executor-base.js:38:28)
    at async SelectQueryBuilderImpl.execute (file:///workspace/cms-byline-content-lifecycle/node_modules/.pnpm/kysely@0.29.2/node_modules/kysely/dist/query-builder/select-query-builder.js:318:24)
    at async SelectQueryBuilderImpl.executeTakeFirst (file:///workspace/cms-byline-content-lifecycle/node_modules/.pnpm/kysely@0.29.2/node_modules/kysely/dist/query-builder/select-query-builder.js:322:26)
    at async MediaUsageRepository.findIndexStatus (file:///workspace/cms-byline-content-lifecycle/src/lib/server/blocks/upstream/database/repositories/media-usage.ts:2645:15)
    at async markContentMediaUsageCollectionStale (file:///workspace/cms-byline-content-lifecycle/src/lib/server/blocks/upstream/media/usage/schema-invalidation.ts:27:19)
    at async markContentMediaUsageCollectionStaleSafely (file:///workspace/cms-byline-content-lifecycle/src/lib/server/blocks/upstream/media/usage/schema-invalidation.ts:69:3) {
  code: 'ERR_SQLITE_ERROR',
  errcode: 1,
  errstr: 'SQL logic error'
}
✔ Node: a converted legacy reference remains usable after actual persisted reopen and startup (95.001932ms)
✔ raw D1: actual existing and newly created content tables receive Source031 byline indexes (2654.214731ms)
[media-usage] Failed to mark posts stale: Error: D1_ERROR: no such table: _cms_media_usage_index_status: SQLITE_ERROR
    at process.processTicksAndRejections (node:internal/process/task_queues:104:5)
    at async D1Connection.executeQuery (file:///workspace/cms-byline-content-lifecycle/src/lib/server/database/d1.ts:55:29)
    at async file:///workspace/cms-byline-content-lifecycle/node_modules/.pnpm/kysely@0.29.2/node_modules/kysely/dist/query-executor/query-executor-base.js:39:24
    at async DefaultConnectionProvider.provideConnection (file:///workspace/cms-byline-content-lifecycle/node_modules/.pnpm/kysely@0.29.2/node_modules/kysely/dist/driver/default-connection-provider.js:10:20)
    at async DefaultQueryExecutor.executeQuery (file:///workspace/cms-byline-content-lifecycle/node_modules/.pnpm/kysely@0.29.2/node_modules/kysely/dist/query-executor/query-executor-base.js:38:28)
    at async SelectQueryBuilderImpl.execute (file:///workspace/cms-byline-content-lifecycle/node_modules/.pnpm/kysely@0.29.2/node_modules/kysely/dist/query-builder/select-query-builder.js:318:24)
    at async SelectQueryBuilderImpl.executeTakeFirst (file:///workspace/cms-byline-content-lifecycle/node_modules/.pnpm/kysely@0.29.2/node_modules/kysely/dist/query-builder/select-query-builder.js:322:26)
    at async MediaUsageRepository.findIndexStatus (file:///workspace/cms-byline-content-lifecycle/src/lib/server/blocks/upstream/database/repositories/media-usage.ts:2645:15)
    at async markContentMediaUsageCollectionStale (file:///workspace/cms-byline-content-lifecycle/src/lib/server/blocks/upstream/media/usage/schema-invalidation.ts:27:19)
    at async markContentMediaUsageCollectionStaleSafely (file:///workspace/cms-byline-content-lifecycle/src/lib/server/blocks/upstream/media/usage/schema-invalidation.ts:69:3) {
  [cause]: Error: no such table: _cms_media_usage_index_status: SQLITE_ERROR
      at D1DatabaseSessionAlwaysPrimary._sendOrThrow (cloudflare-internal:d1-api:140:24)
      at async cloudflare-internal:d1-api:366:41 {
    [cause]: undefined
  }
}
[media-usage] Failed to mark authors stale: Error: D1_ERROR: no such table: _cms_media_usage_index_status: SQLITE_ERROR
    at process.processTicksAndRejections (node:internal/process/task_queues:104:5)
    at async D1Connection.executeQuery (file:///workspace/cms-byline-content-lifecycle/src/lib/server/database/d1.ts:55:29)
    at async file:///workspace/cms-byline-content-lifecycle/node_modules/.pnpm/kysely@0.29.2/node_modules/kysely/dist/query-executor/query-executor-base.js:39:24
    at async DefaultConnectionProvider.provideConnection (file:///workspace/cms-byline-content-lifecycle/node_modules/.pnpm/kysely@0.29.2/node_modules/kysely/dist/driver/default-connection-provider.js:10:20)
    at async DefaultQueryExecutor.executeQuery (file:///workspace/cms-byline-content-lifecycle/node_modules/.pnpm/kysely@0.29.2/node_modules/kysely/dist/query-executor/query-executor-base.js:38:28)
    at async SelectQueryBuilderImpl.execute (file:///workspace/cms-byline-content-lifecycle/node_modules/.pnpm/kysely@0.29.2/node_modules/kysely/dist/query-builder/select-query-builder.js:318:24)
    at async SelectQueryBuilderImpl.executeTakeFirst (file:///workspace/cms-byline-content-lifecycle/node_modules/.pnpm/kysely@0.29.2/node_modules/kysely/dist/query-builder/select-query-builder.js:322:26)
    at async MediaUsageRepository.findIndexStatus (file:///workspace/cms-byline-content-lifecycle/src/lib/server/blocks/upstream/database/repositories/media-usage.ts:2645:15)
    at async markContentMediaUsageCollectionStale (file:///workspace/cms-byline-content-lifecycle/src/lib/server/blocks/upstream/media/usage/schema-invalidation.ts:27:19)
    at async markContentMediaUsageCollectionStaleSafely (file:///workspace/cms-byline-content-lifecycle/src/lib/server/blocks/upstream/media/usage/schema-invalidation.ts:69:3) {
  [cause]: Error: no such table: _cms_media_usage_index_status: SQLITE_ERROR
      at D1DatabaseSessionAlwaysPrimary._sendOrThrow (cloudflare-internal:d1-api:140:24)
      at async cloudflare-internal:d1-api:366:41 {
    [cause]: undefined
  }
}
[media-usage] Failed to mark posts stale: Error: D1_ERROR: no such table: _cms_media_usage_index_status: SQLITE_ERROR
    at process.processTicksAndRejections (node:internal/process/task_queues:104:5)
    at async D1Connection.executeQuery (file:///workspace/cms-byline-content-lifecycle/src/lib/server/database/d1.ts:55:29)
    at async file:///workspace/cms-byline-content-lifecycle/node_modules/.pnpm/kysely@0.29.2/node_modules/kysely/dist/query-executor/query-executor-base.js:39:24
    at async DefaultConnectionProvider.provideConnection (file:///workspace/cms-byline-content-lifecycle/node_modules/.pnpm/kysely@0.29.2/node_modules/kysely/dist/driver/default-connection-provider.js:10:20)
    at async DefaultQueryExecutor.executeQuery (file:///workspace/cms-byline-content-lifecycle/node_modules/.pnpm/kysely@0.29.2/node_modules/kysely/dist/query-executor/query-executor-base.js:38:28)
    at async SelectQueryBuilderImpl.execute (file:///workspace/cms-byline-content-lifecycle/node_modules/.pnpm/kysely@0.29.2/node_modules/kysely/dist/query-builder/select-query-builder.js:318:24)
    at async SelectQueryBuilderImpl.executeTakeFirst (file:///workspace/cms-byline-content-lifecycle/node_modules/.pnpm/kysely@0.29.2/node_modules/kysely/dist/query-builder/select-query-builder.js:322:26)
    at async MediaUsageRepository.findIndexStatus (file:///workspace/cms-byline-content-lifecycle/src/lib/server/blocks/upstream/database/repositories/media-usage.ts:2645:15)
    at async markContentMediaUsageCollectionStale (file:///workspace/cms-byline-content-lifecycle/src/lib/server/blocks/upstream/media/usage/schema-invalidation.ts:27:19)
    at async markContentMediaUsageCollectionStaleSafely (file:///workspace/cms-byline-content-lifecycle/src/lib/server/blocks/upstream/media/usage/schema-invalidation.ts:69:3) {
  [cause]: Error: no such table: _cms_media_usage_index_status: SQLITE_ERROR
      at D1DatabaseSessionAlwaysPrimary._sendOrThrow (cloudflare-internal:d1-api:140:24)
      at async cloudflare-internal:d1-api:366:41 {
    [cause]: undefined
  }
}
✔ raw D1: a converted legacy reference remains usable after actual persisted reopen and startup (3144.193815ms)
✔ scoped D1: actual existing and newly created content tables receive Source031 byline indexes (2544.315048ms)
[media-usage] Failed to mark posts stale: Error: D1_ERROR: no such table: _cms_media_usage_index_status: SQLITE_ERROR
    at process.processTicksAndRejections (node:internal/process/task_queues:104:5)
    at async file:///workspace/cms-byline-content-lifecycle/src/lib/server/database/coalescing-d1.ts:208:32 {
  [cause]: Error: no such table: _cms_media_usage_index_status: SQLITE_ERROR
      at D1DatabaseSession._sendOrThrow (cloudflare-internal:d1-api:140:24)
      at async cloudflare-internal:d1-api:366:41 {
    [cause]: undefined
  }
}
[media-usage] Failed to mark authors stale: Error: D1_ERROR: no such table: _cms_media_usage_index_status: SQLITE_ERROR
    at process.processTicksAndRejections (node:internal/process/task_queues:104:5)
    at async file:///workspace/cms-byline-content-lifecycle/src/lib/server/database/coalescing-d1.ts:208:32 {
  [cause]: Error: no such table: _cms_media_usage_index_status: SQLITE_ERROR
      at D1DatabaseSession._sendOrThrow (cloudflare-internal:d1-api:140:24)
      at async cloudflare-internal:d1-api:366:41 {
    [cause]: undefined
  }
}
[media-usage] Failed to mark posts stale: Error: D1_ERROR: no such table: _cms_media_usage_index_status: SQLITE_ERROR
    at process.processTicksAndRejections (node:internal/process/task_queues:104:5)
    at async file:///workspace/cms-byline-content-lifecycle/src/lib/server/database/coalescing-d1.ts:208:32 {
  [cause]: Error: no such table: _cms_media_usage_index_status: SQLITE_ERROR
      at D1DatabaseSession._sendOrThrow (cloudflare-internal:d1-api:140:24)
      at async cloudflare-internal:d1-api:366:41 {
    [cause]: undefined
  }
}
✔ scoped D1: a converted legacy reference remains usable after actual persisted reopen and startup (2976.811432ms)
✔ Node: actual public Sections/Widgets factory SQL recognizes its genuine persisted SQLite objects (27.818898ms)
✔ Node: a real quoted timestamp default remains distinct from the public Menu expression (5.041545ms)
✔ Node: an actual Redirect trigger retains its observable literal whitespace (12.567953ms)
✔ raw D1: actual public Sections/Widgets factory SQL recognizes its genuine persisted SQLite objects (563.916979ms)
✔ raw D1: a real quoted timestamp default remains distinct from the public Menu expression (364.068591ms)
✔ raw D1: an actual Redirect trigger retains its observable literal whitespace (780.051693ms)
✔ scoped D1: actual public Sections/Widgets factory SQL recognizes its genuine persisted SQLite objects (383.335639ms)
✔ scoped D1: a real quoted timestamp default remains distinct from the public Menu expression (316.515245ms)
✔ scoped D1: an actual Redirect trigger retains its observable literal whitespace (824.92169ms)
✔ Node: ordinary canonical startup installs actual contiguous providers through 17 (52.213291ms)
✔ Node: fresh ordinary startup makes media and byline prerequisites storage available (63.078446ms)
✔ Node: fresh ordinary startup makes directed content links storage available (45.921949ms)
✔ Node: fresh ordinary startup makes menus storage available (39.593234ms)
✔ Node: fresh ordinary startup makes sections and site widgets storage available (39.123228ms)
✔ Node: fresh ordinary startup makes comments and moderation storage available (45.472964ms)
✔ Node: fresh ordinary startup makes redirects storage available (38.717624ms)
✔ raw D1: ordinary canonical startup installs actual contiguous providers through 17 (1632.685676ms)
✔ raw D1: fresh ordinary startup makes media and byline prerequisites storage available (1703.956731ms)
✔ raw D1: fresh ordinary startup makes directed content links storage available (1666.226321ms)
✔ raw D1: fresh ordinary startup makes menus storage available (1596.994944ms)
✔ raw D1: fresh ordinary startup makes sections and site widgets storage available (1599.832703ms)
✔ raw D1: fresh ordinary startup makes comments and moderation storage available (1685.409603ms)
✔ raw D1: fresh ordinary startup makes redirects storage available (1584.104127ms)
✔ scoped D1: ordinary canonical startup installs actual contiguous providers through 17 (1433.807396ms)
✔ scoped D1: fresh ordinary startup makes media and byline prerequisites storage available (1426.059512ms)
✔ scoped D1: fresh ordinary startup makes directed content links storage available (1432.048463ms)
✔ scoped D1: fresh ordinary startup makes menus storage available (1497.396434ms)
✔ scoped D1: fresh ordinary startup makes sections and site widgets storage available (1711.402968ms)
✔ scoped D1: fresh ordinary startup makes comments and moderation storage available (1650.164303ms)
✔ scoped D1: fresh ordinary startup makes redirects storage available (1720.709971ms)
(node:3163563) ExperimentalWarning: stripTypeScriptTypes is an experimental feature and might change at any time
(Use `node --trace-warnings ...` to show where the warning was created)
✔ Node SQLite: ordinary options persist across normal installation and reopen (87.437066ms)
✔ Node SQLite: real taxonomy seeds defaults indexes and group pivot semantics (23.85315ms)
[media-usage] Failed to mark preserved stale: Error: no such table: _cms_media_usage_index_status
    at NodeSqliteCompatDatabase.prepare (file:///workspace/cms-byline-content-lifecycle/src/lib/server/database/node-sqlite-compat.ts:82:36)
    at SqliteConnection.executeQuery (file:///workspace/cms-byline-content-lifecycle/node_modules/.pnpm/kysely@0.29.2/node_modules/kysely/dist/dialect/sqlite/sqlite-driver.js:58:31)
    at file:///workspace/cms-byline-content-lifecycle/node_modules/.pnpm/kysely@0.29.2/node_modules/kysely/dist/query-executor/query-executor-base.js:39:41
    at DefaultConnectionProvider.provideConnection (file:///workspace/cms-byline-content-lifecycle/node_modules/.pnpm/kysely@0.29.2/node_modules/kysely/dist/driver/default-connection-provider.js:10:26)
    at async DefaultQueryExecutor.executeQuery (file:///workspace/cms-byline-content-lifecycle/node_modules/.pnpm/kysely@0.29.2/node_modules/kysely/dist/query-executor/query-executor-base.js:38:28)
    at async SelectQueryBuilderImpl.execute (file:///workspace/cms-byline-content-lifecycle/node_modules/.pnpm/kysely@0.29.2/node_modules/kysely/dist/query-builder/select-query-builder.js:318:24)
    at async SelectQueryBuilderImpl.executeTakeFirst (file:///workspace/cms-byline-content-lifecycle/node_modules/.pnpm/kysely@0.29.2/node_modules/kysely/dist/query-builder/select-query-builder.js:322:26)
    at async MediaUsageRepository.findIndexStatus (file:///workspace/cms-byline-content-lifecycle/src/lib/server/blocks/upstream/database/repositories/media-usage.ts:2645:15)
    at async markContentMediaUsageCollectionStale (file:///workspace/cms-byline-content-lifecycle/src/lib/server/blocks/upstream/media/usage/schema-invalidation.ts:27:19)
    at async markContentMediaUsageCollectionStaleSafely (file:///workspace/cms-byline-content-lifecycle/src/lib/server/blocks/upstream/media/usage/schema-invalidation.ts:69:3) {
  code: 'ERR_SQLITE_ERROR',
  errcode: 1,
  errstr: 'SQL logic error'
}
✔ Node SQLite: normal v5 upgrade preserves every field and exact operator SQL (66.99361ms)
[media-usage] Failed to mark preserved stale: Error: no such table: _cms_media_usage_index_status
    at NodeSqliteCompatDatabase.prepare (file:///workspace/cms-byline-content-lifecycle/src/lib/server/database/node-sqlite-compat.ts:82:36)
    at SqliteConnection.executeQuery (file:///workspace/cms-byline-content-lifecycle/node_modules/.pnpm/kysely@0.29.2/node_modules/kysely/dist/dialect/sqlite/sqlite-driver.js:58:31)
    at file:///workspace/cms-byline-content-lifecycle/node_modules/.pnpm/kysely@0.29.2/node_modules/kysely/dist/query-executor/query-executor-base.js:39:41
    at DefaultConnectionProvider.provideConnection (file:///workspace/cms-byline-content-lifecycle/node_modules/.pnpm/kysely@0.29.2/node_modules/kysely/dist/driver/default-connection-provider.js:10:26)
    at async DefaultQueryExecutor.executeQuery (file:///workspace/cms-byline-content-lifecycle/node_modules/.pnpm/kysely@0.29.2/node_modules/kysely/dist/query-executor/query-executor-base.js:38:28)
    at async SelectQueryBuilderImpl.execute (file:///workspace/cms-byline-content-lifecycle/node_modules/.pnpm/kysely@0.29.2/node_modules/kysely/dist/query-builder/select-query-builder.js:318:24)
    at async SelectQueryBuilderImpl.executeTakeFirst (file:///workspace/cms-byline-content-lifecycle/node_modules/.pnpm/kysely@0.29.2/node_modules/kysely/dist/query-builder/select-query-builder.js:322:26)
    at async MediaUsageRepository.findIndexStatus (file:///workspace/cms-byline-content-lifecycle/src/lib/server/blocks/upstream/database/repositories/media-usage.ts:2645:15)
    at async markContentMediaUsageCollectionStale (file:///workspace/cms-byline-content-lifecycle/src/lib/server/blocks/upstream/media/usage/schema-invalidation.ts:27:19)
    at async markContentMediaUsageCollectionStaleSafely (file:///workspace/cms-byline-content-lifecycle/src/lib/server/blocks/upstream/media/usage/schema-invalidation.ts:69:3) {
  code: 'ERR_SQLITE_ERROR',
  errcode: 1,
  errstr: 'SQL logic error'
}
✔ Node SQLite: failed normal metadata upgrade rolls back all providers and preserves v5 values (20.216696ms)
[media-usage] Failed to mark preserved stale: Error: no such table: _cms_media_usage_index_status
    at NodeSqliteCompatDatabase.prepare (file:///workspace/cms-byline-content-lifecycle/src/lib/server/database/node-sqlite-compat.ts:82:36)
    at SqliteConnection.executeQuery (file:///workspace/cms-byline-content-lifecycle/node_modules/.pnpm/kysely@0.29.2/node_modules/kysely/dist/dialect/sqlite/sqlite-driver.js:58:31)
    at file:///workspace/cms-byline-content-lifecycle/node_modules/.pnpm/kysely@0.29.2/node_modules/kysely/dist/query-executor/query-executor-base.js:39:41
    at DefaultConnectionProvider.provideConnection (file:///workspace/cms-byline-content-lifecycle/node_modules/.pnpm/kysely@0.29.2/node_modules/kysely/dist/driver/default-connection-provider.js:10:26)
    at async DefaultQueryExecutor.executeQuery (file:///workspace/cms-byline-content-lifecycle/node_modules/.pnpm/kysely@0.29.2/node_modules/kysely/dist/query-executor/query-executor-base.js:38:28)
    at async SelectQueryBuilderImpl.execute (file:///workspace/cms-byline-content-lifecycle/node_modules/.pnpm/kysely@0.29.2/node_modules/kysely/dist/query-builder/select-query-builder.js:318:24)
    at async SelectQueryBuilderImpl.executeTakeFirst (file:///workspace/cms-byline-content-lifecycle/node_modules/.pnpm/kysely@0.29.2/node_modules/kysely/dist/query-builder/select-query-builder.js:322:26)
    at async MediaUsageRepository.findIndexStatus (file:///workspace/cms-byline-content-lifecycle/src/lib/server/blocks/upstream/database/repositories/media-usage.ts:2645:15)
    at async markContentMediaUsageCollectionStale (file:///workspace/cms-byline-content-lifecycle/src/lib/server/blocks/upstream/media/usage/schema-invalidation.ts:27:19)
    at async markContentMediaUsageCollectionStaleSafely (file:///workspace/cms-byline-content-lifecycle/src/lib/server/blocks/upstream/media/usage/schema-invalidation.ts:69:3) {
  code: 'ERR_SQLITE_ERROR',
  errcode: 1,
  errstr: 'SQL logic error'
}
✔ Node SQLite: external metadata foreign keys refuse the normal upgrade before writes (12.464969ms)
✔ Node SQLite: missing or changed owned trigger refuses normal readiness without writes (38.86835ms)
✔ raw D1: ordinary options persist across normal installation and reopen (1899.930937ms)
✔ raw D1: real taxonomy seeds defaults indexes and group pivot semantics (1669.638476ms)
[media-usage] Failed to mark preserved stale: Error: D1_ERROR: no such table: _cms_media_usage_index_status: SQLITE_ERROR
    at process.processTicksAndRejections (node:internal/process/task_queues:104:5)
    at async D1Connection.executeQuery (file:///workspace/cms-byline-content-lifecycle/src/lib/server/database/d1.ts:55:29)
    at async file:///workspace/cms-byline-content-lifecycle/node_modules/.pnpm/kysely@0.29.2/node_modules/kysely/dist/query-executor/query-executor-base.js:39:24
    at async DefaultConnectionProvider.provideConnection (file:///workspace/cms-byline-content-lifecycle/node_modules/.pnpm/kysely@0.29.2/node_modules/kysely/dist/driver/default-connection-provider.js:10:20)
    at async DefaultQueryExecutor.executeQuery (file:///workspace/cms-byline-content-lifecycle/node_modules/.pnpm/kysely@0.29.2/node_modules/kysely/dist/query-executor/query-executor-base.js:38:28)
    at async SelectQueryBuilderImpl.execute (file:///workspace/cms-byline-content-lifecycle/node_modules/.pnpm/kysely@0.29.2/node_modules/kysely/dist/query-builder/select-query-builder.js:318:24)
    at async SelectQueryBuilderImpl.executeTakeFirst (file:///workspace/cms-byline-content-lifecycle/node_modules/.pnpm/kysely@0.29.2/node_modules/kysely/dist/query-builder/select-query-builder.js:322:26)
    at async MediaUsageRepository.findIndexStatus (file:///workspace/cms-byline-content-lifecycle/src/lib/server/blocks/upstream/database/repositories/media-usage.ts:2645:15)
    at async markContentMediaUsageCollectionStale (file:///workspace/cms-byline-content-lifecycle/src/lib/server/blocks/upstream/media/usage/schema-invalidation.ts:27:19)
    at async markContentMediaUsageCollectionStaleSafely (file:///workspace/cms-byline-content-lifecycle/src/lib/server/blocks/upstream/media/usage/schema-invalidation.ts:69:3) {
  [cause]: Error: no such table: _cms_media_usage_index_status: SQLITE_ERROR
      at D1DatabaseSessionAlwaysPrimary._sendOrThrow (cloudflare-internal:d1-api:140:24)
      at async cloudflare-internal:d1-api:366:41 {
    [cause]: undefined
  }
}
✔ raw D1: normal v5 upgrade preserves every field and exact operator SQL (2267.366148ms)
[media-usage] Failed to mark preserved stale: Error: D1_ERROR: no such table: _cms_media_usage_index_status: SQLITE_ERROR
    at process.processTicksAndRejections (node:internal/process/task_queues:104:5)
    at async D1Connection.executeQuery (file:///workspace/cms-byline-content-lifecycle/src/lib/server/database/d1.ts:55:29)
    at async file:///workspace/cms-byline-content-lifecycle/node_modules/.pnpm/kysely@0.29.2/node_modules/kysely/dist/query-executor/query-executor-base.js:39:24
    at async DefaultConnectionProvider.provideConnection (file:///workspace/cms-byline-content-lifecycle/node_modules/.pnpm/kysely@0.29.2/node_modules/kysely/dist/driver/default-connection-provider.js:10:20)
    at async DefaultQueryExecutor.executeQuery (file:///workspace/cms-byline-content-lifecycle/node_modules/.pnpm/kysely@0.29.2/node_modules/kysely/dist/query-executor/query-executor-base.js:38:28)
    at async SelectQueryBuilderImpl.execute (file:///workspace/cms-byline-content-lifecycle/node_modules/.pnpm/kysely@0.29.2/node_modules/kysely/dist/query-builder/select-query-builder.js:318:24)
    at async SelectQueryBuilderImpl.executeTakeFirst (file:///workspace/cms-byline-content-lifecycle/node_modules/.pnpm/kysely@0.29.2/node_modules/kysely/dist/query-builder/select-query-builder.js:322:26)
    at async MediaUsageRepository.findIndexStatus (file:///workspace/cms-byline-content-lifecycle/src/lib/server/blocks/upstream/database/repositories/media-usage.ts:2645:15)
    at async markContentMediaUsageCollectionStale (file:///workspace/cms-byline-content-lifecycle/src/lib/server/blocks/upstream/media/usage/schema-invalidation.ts:27:19)
    at async markContentMediaUsageCollectionStaleSafely (file:///workspace/cms-byline-content-lifecycle/src/lib/server/blocks/upstream/media/usage/schema-invalidation.ts:69:3) {
  [cause]: Error: no such table: _cms_media_usage_index_status: SQLITE_ERROR
      at D1DatabaseSessionAlwaysPrimary._sendOrThrow (cloudflare-internal:d1-api:140:24)
      at async cloudflare-internal:d1-api:366:41 {
    [cause]: undefined
  }
}
✔ raw D1: failed normal metadata upgrade rolls back all providers and preserves v5 values (1964.364193ms)
[media-usage] Failed to mark preserved stale: Error: D1_ERROR: no such table: _cms_media_usage_index_status: SQLITE_ERROR
    at process.processTicksAndRejections (node:internal/process/task_queues:104:5)
    at async D1Connection.executeQuery (file:///workspace/cms-byline-content-lifecycle/src/lib/server/database/d1.ts:55:29)
    at async file:///workspace/cms-byline-content-lifecycle/node_modules/.pnpm/kysely@0.29.2/node_modules/kysely/dist/query-executor/query-executor-base.js:39:24
    at async DefaultConnectionProvider.provideConnection (file:///workspace/cms-byline-content-lifecycle/node_modules/.pnpm/kysely@0.29.2/node_modules/kysely/dist/driver/default-connection-provider.js:10:20)
    at async DefaultQueryExecutor.executeQuery (file:///workspace/cms-byline-content-lifecycle/node_modules/.pnpm/kysely@0.29.2/node_modules/kysely/dist/query-executor/query-executor-base.js:38:28)
    at async SelectQueryBuilderImpl.execute (file:///workspace/cms-byline-content-lifecycle/node_modules/.pnpm/kysely@0.29.2/node_modules/kysely/dist/query-builder/select-query-builder.js:318:24)
    at async SelectQueryBuilderImpl.executeTakeFirst (file:///workspace/cms-byline-content-lifecycle/node_modules/.pnpm/kysely@0.29.2/node_modules/kysely/dist/query-builder/select-query-builder.js:322:26)
    at async MediaUsageRepository.findIndexStatus (file:///workspace/cms-byline-content-lifecycle/src/lib/server/blocks/upstream/database/repositories/media-usage.ts:2645:15)
    at async markContentMediaUsageCollectionStale (file:///workspace/cms-byline-content-lifecycle/src/lib/server/blocks/upstream/media/usage/schema-invalidation.ts:27:19)
    at async markContentMediaUsageCollectionStaleSafely (file:///workspace/cms-byline-content-lifecycle/src/lib/server/blocks/upstream/media/usage/schema-invalidation.ts:69:3) {
  [cause]: Error: no such table: _cms_media_usage_index_status: SQLITE_ERROR
      at D1DatabaseSessionAlwaysPrimary._sendOrThrow (cloudflare-internal:d1-api:140:24)
      at async cloudflare-internal:d1-api:366:41 {
    [cause]: undefined
  }
}
✔ raw D1: external metadata foreign keys refuse the normal upgrade before writes (861.849139ms)
✔ raw D1: missing or changed owned trigger refuses normal readiness without writes (1664.833848ms)
✔ scoped D1: ordinary options persist across normal installation and reopen (1732.928639ms)
✔ scoped D1: real taxonomy seeds defaults indexes and group pivot semantics (1705.251249ms)
[media-usage] Failed to mark preserved stale: Error: D1_ERROR: no such table: _cms_media_usage_index_status: SQLITE_ERROR
    at process.processTicksAndRejections (node:internal/process/task_queues:104:5)
    at async file:///workspace/cms-byline-content-lifecycle/src/lib/server/database/coalescing-d1.ts:208:32 {
  [cause]: Error: no such table: _cms_media_usage_index_status: SQLITE_ERROR
      at D1DatabaseSessionAlwaysPrimary._sendOrThrow (cloudflare-internal:d1-api:140:24)
      at async cloudflare-internal:d1-api:366:41 {
    [cause]: undefined
  }
}
✔ scoped D1: normal v5 upgrade preserves every field and exact operator SQL (2605.204093ms)
[media-usage] Failed to mark preserved stale: Error: D1_ERROR: no such table: _cms_media_usage_index_status: SQLITE_ERROR
    at process.processTicksAndRejections (node:internal/process/task_queues:104:5)
    at async file:///workspace/cms-byline-content-lifecycle/src/lib/server/database/coalescing-d1.ts:208:32 {
  [cause]: Error: no such table: _cms_media_usage_index_status: SQLITE_ERROR
      at D1DatabaseSessionAlwaysPrimary._sendOrThrow (cloudflare-internal:d1-api:140:24)
      at async cloudflare-internal:d1-api:366:41 {
    [cause]: undefined
  }
}
✔ scoped D1: failed normal metadata upgrade rolls back all providers and preserves v5 values (1795.879765ms)
[media-usage] Failed to mark preserved stale: Error: D1_ERROR: no such table: _cms_media_usage_index_status: SQLITE_ERROR
    at process.processTicksAndRejections (node:internal/process/task_queues:104:5)
    at async file:///workspace/cms-byline-content-lifecycle/src/lib/server/database/coalescing-d1.ts:208:32 {
  [cause]: Error: no such table: _cms_media_usage_index_status: SQLITE_ERROR
      at D1DatabaseSessionAlwaysPrimary._sendOrThrow (cloudflare-internal:d1-api:140:24)
      at async cloudflare-internal:d1-api:366:41 {
    [cause]: undefined
  }
}
✔ scoped D1: external metadata foreign keys refuse the normal upgrade before writes (816.072989ms)
✔ scoped D1: missing or changed owned trigger refuses normal readiness without writes (1816.160092ms)
[media-usage] Failed to mark posts stale: Error: no such table: _cms_media_usage_index_status
    at NodeSqliteCompatDatabase.prepare (file:///workspace/cms-byline-content-lifecycle/src/lib/server/database/node-sqlite-compat.ts:82:36)
    at SqliteConnection.executeQuery (file:///workspace/cms-byline-content-lifecycle/node_modules/.pnpm/kysely@0.29.2/node_modules/kysely/dist/dialect/sqlite/sqlite-driver.js:58:31)
    at file:///workspace/cms-byline-content-lifecycle/node_modules/.pnpm/kysely@0.29.2/node_modules/kysely/dist/query-executor/query-executor-base.js:39:41
    at DefaultConnectionProvider.provideConnection (file:///workspace/cms-byline-content-lifecycle/node_modules/.pnpm/kysely@0.29.2/node_modules/kysely/dist/driver/default-connection-provider.js:10:26)
    at async DefaultQueryExecutor.executeQuery (file:///workspace/cms-byline-content-lifecycle/node_modules/.pnpm/kysely@0.29.2/node_modules/kysely/dist/query-executor/query-executor-base.js:38:28)
    at async SelectQueryBuilderImpl.execute (file:///workspace/cms-byline-content-lifecycle/node_modules/.pnpm/kysely@0.29.2/node_modules/kysely/dist/query-builder/select-query-builder.js:318:24)
    at async SelectQueryBuilderImpl.executeTakeFirst (file:///workspace/cms-byline-content-lifecycle/node_modules/.pnpm/kysely@0.29.2/node_modules/kysely/dist/query-builder/select-query-builder.js:322:26)
    at async MediaUsageRepository.findIndexStatus (file:///workspace/cms-byline-content-lifecycle/src/lib/server/blocks/upstream/database/repositories/media-usage.ts:2645:15)
    at async markContentMediaUsageCollectionStale (file:///workspace/cms-byline-content-lifecycle/src/lib/server/blocks/upstream/media/usage/schema-invalidation.ts:27:19)
    at async markContentMediaUsageCollectionStaleSafely (file:///workspace/cms-byline-content-lifecycle/src/lib/server/blocks/upstream/media/usage/schema-invalidation.ts:69:3) {
  code: 'ERR_SQLITE_ERROR',
  errcode: 1,
  errstr: 'SQL logic error'
}
[media-usage] Failed to mark authors stale: Error: no such table: _cms_media_usage_index_status
    at NodeSqliteCompatDatabase.prepare (file:///workspace/cms-byline-content-lifecycle/src/lib/server/database/node-sqlite-compat.ts:82:36)
    at SqliteConnection.executeQuery (file:///workspace/cms-byline-content-lifecycle/node_modules/.pnpm/kysely@0.29.2/node_modules/kysely/dist/dialect/sqlite/sqlite-driver.js:58:31)
    at file:///workspace/cms-byline-content-lifecycle/node_modules/.pnpm/kysely@0.29.2/node_modules/kysely/dist/query-executor/query-executor-base.js:39:41
    at DefaultConnectionProvider.provideConnection (file:///workspace/cms-byline-content-lifecycle/node_modules/.pnpm/kysely@0.29.2/node_modules/kysely/dist/driver/default-connection-provider.js:10:26)
    at async DefaultQueryExecutor.executeQuery (file:///workspace/cms-byline-content-lifecycle/node_modules/.pnpm/kysely@0.29.2/node_modules/kysely/dist/query-executor/query-executor-base.js:38:28)
    at async SelectQueryBuilderImpl.execute (file:///workspace/cms-byline-content-lifecycle/node_modules/.pnpm/kysely@0.29.2/node_modules/kysely/dist/query-builder/select-query-builder.js:318:24)
    at async SelectQueryBuilderImpl.executeTakeFirst (file:///workspace/cms-byline-content-lifecycle/node_modules/.pnpm/kysely@0.29.2/node_modules/kysely/dist/query-builder/select-query-builder.js:322:26)
    at async MediaUsageRepository.findIndexStatus (file:///workspace/cms-byline-content-lifecycle/src/lib/server/blocks/upstream/database/repositories/media-usage.ts:2645:15)
    at async markContentMediaUsageCollectionStale (file:///workspace/cms-byline-content-lifecycle/src/lib/server/blocks/upstream/media/usage/schema-invalidation.ts:27:19)
    at async markContentMediaUsageCollectionStaleSafely (file:///workspace/cms-byline-content-lifecycle/src/lib/server/blocks/upstream/media/usage/schema-invalidation.ts:69:3) {
  code: 'ERR_SQLITE_ERROR',
  errcode: 1,
  errstr: 'SQL logic error'
}
[media-usage] Failed to mark posts stale: Error: no such table: _cms_media_usage_index_status
    at NodeSqliteCompatDatabase.prepare (file:///workspace/cms-byline-content-lifecycle/src/lib/server/database/node-sqlite-compat.ts:82:36)
    at SqliteConnection.executeQuery (file:///workspace/cms-byline-content-lifecycle/node_modules/.pnpm/kysely@0.29.2/node_modules/kysely/dist/dialect/sqlite/sqlite-driver.js:58:31)
    at file:///workspace/cms-byline-content-lifecycle/node_modules/.pnpm/kysely@0.29.2/node_modules/kysely/dist/query-executor/query-executor-base.js:39:41
    at DefaultConnectionProvider.provideConnection (file:///workspace/cms-byline-content-lifecycle/node_modules/.pnpm/kysely@0.29.2/node_modules/kysely/dist/driver/default-connection-provider.js:10:26)
    at async DefaultQueryExecutor.executeQuery (file:///workspace/cms-byline-content-lifecycle/node_modules/.pnpm/kysely@0.29.2/node_modules/kysely/dist/query-executor/query-executor-base.js:38:28)
    at async SelectQueryBuilderImpl.execute (file:///workspace/cms-byline-content-lifecycle/node_modules/.pnpm/kysely@0.29.2/node_modules/kysely/dist/query-builder/select-query-builder.js:318:24)
    at async SelectQueryBuilderImpl.executeTakeFirst (file:///workspace/cms-byline-content-lifecycle/node_modules/.pnpm/kysely@0.29.2/node_modules/kysely/dist/query-builder/select-query-builder.js:322:26)
    at async MediaUsageRepository.findIndexStatus (file:///workspace/cms-byline-content-lifecycle/src/lib/server/blocks/upstream/database/repositories/media-usage.ts:2645:15)
    at async markContentMediaUsageCollectionStale (file:///workspace/cms-byline-content-lifecycle/src/lib/server/blocks/upstream/media/usage/schema-invalidation.ts:27:19)
    at async markContentMediaUsageCollectionStaleSafely (file:///workspace/cms-byline-content-lifecycle/src/lib/server/blocks/upstream/media/usage/schema-invalidation.ts:69:3) {
  code: 'ERR_SQLITE_ERROR',
  errcode: 1,
  errstr: 'SQL logic error'
}
✔ Node: canonical upgrade carries an existing legacy reference into directed group edges (182.857954ms)
[media-usage] Failed to mark posts stale: Error: D1_ERROR: no such table: _cms_media_usage_index_status: SQLITE_ERROR
    at process.processTicksAndRejections (node:internal/process/task_queues:104:5)
    at async D1Connection.executeQuery (file:///workspace/cms-byline-content-lifecycle/src/lib/server/database/d1.ts:55:29)
    at async file:///workspace/cms-byline-content-lifecycle/node_modules/.pnpm/kysely@0.29.2/node_modules/kysely/dist/query-executor/query-executor-base.js:39:24
    at async DefaultConnectionProvider.provideConnection (file:///workspace/cms-byline-content-lifecycle/node_modules/.pnpm/kysely@0.29.2/node_modules/kysely/dist/driver/default-connection-provider.js:10:20)
    at async DefaultQueryExecutor.executeQuery (file:///workspace/cms-byline-content-lifecycle/node_modules/.pnpm/kysely@0.29.2/node_modules/kysely/dist/query-executor/query-executor-base.js:38:28)
    at async SelectQueryBuilderImpl.execute (file:///workspace/cms-byline-content-lifecycle/node_modules/.pnpm/kysely@0.29.2/node_modules/kysely/dist/query-builder/select-query-builder.js:318:24)
    at async SelectQueryBuilderImpl.executeTakeFirst (file:///workspace/cms-byline-content-lifecycle/node_modules/.pnpm/kysely@0.29.2/node_modules/kysely/dist/query-builder/select-query-builder.js:322:26)
    at async MediaUsageRepository.findIndexStatus (file:///workspace/cms-byline-content-lifecycle/src/lib/server/blocks/upstream/database/repositories/media-usage.ts:2645:15)
    at async markContentMediaUsageCollectionStale (file:///workspace/cms-byline-content-lifecycle/src/lib/server/blocks/upstream/media/usage/schema-invalidation.ts:27:19)
    at async markContentMediaUsageCollectionStaleSafely (file:///workspace/cms-byline-content-lifecycle/src/lib/server/blocks/upstream/media/usage/schema-invalidation.ts:69:3) {
  [cause]: Error: no such table: _cms_media_usage_index_status: SQLITE_ERROR
      at D1DatabaseSessionAlwaysPrimary._sendOrThrow (cloudflare-internal:d1-api:140:24)
      at async cloudflare-internal:d1-api:366:41 {
    [cause]: undefined
  }
}
[media-usage] Failed to mark authors stale: Error: D1_ERROR: no such table: _cms_media_usage_index_status: SQLITE_ERROR
    at process.processTicksAndRejections (node:internal/process/task_queues:104:5)
    at async D1Connection.executeQuery (file:///workspace/cms-byline-content-lifecycle/src/lib/server/database/d1.ts:55:29)
    at async file:///workspace/cms-byline-content-lifecycle/node_modules/.pnpm/kysely@0.29.2/node_modules/kysely/dist/query-executor/query-executor-base.js:39:24
    at async DefaultConnectionProvider.provideConnection (file:///workspace/cms-byline-content-lifecycle/node_modules/.pnpm/kysely@0.29.2/node_modules/kysely/dist/driver/default-connection-provider.js:10:20)
    at async DefaultQueryExecutor.executeQuery (file:///workspace/cms-byline-content-lifecycle/node_modules/.pnpm/kysely@0.29.2/node_modules/kysely/dist/query-executor/query-executor-base.js:38:28)
    at async SelectQueryBuilderImpl.execute (file:///workspace/cms-byline-content-lifecycle/node_modules/.pnpm/kysely@0.29.2/node_modules/kysely/dist/query-builder/select-query-builder.js:318:24)
    at async SelectQueryBuilderImpl.executeTakeFirst (file:///workspace/cms-byline-content-lifecycle/node_modules/.pnpm/kysely@0.29.2/node_modules/kysely/dist/query-builder/select-query-builder.js:322:26)
    at async MediaUsageRepository.findIndexStatus (file:///workspace/cms-byline-content-lifecycle/src/lib/server/blocks/upstream/database/repositories/media-usage.ts:2645:15)
    at async markContentMediaUsageCollectionStale (file:///workspace/cms-byline-content-lifecycle/src/lib/server/blocks/upstream/media/usage/schema-invalidation.ts:27:19)
    at async markContentMediaUsageCollectionStaleSafely (file:///workspace/cms-byline-content-lifecycle/src/lib/server/blocks/upstream/media/usage/schema-invalidation.ts:69:3) {
  [cause]: Error: no such table: _cms_media_usage_index_status: SQLITE_ERROR
      at D1DatabaseSessionAlwaysPrimary._sendOrThrow (cloudflare-internal:d1-api:140:24)
      at async cloudflare-internal:d1-api:366:41 {
    [cause]: undefined
  }
}
[media-usage] Failed to mark posts stale: Error: D1_ERROR: no such table: _cms_media_usage_index_status: SQLITE_ERROR
    at process.processTicksAndRejections (node:internal/process/task_queues:104:5)
    at async D1Connection.executeQuery (file:///workspace/cms-byline-content-lifecycle/src/lib/server/database/d1.ts:55:29)
    at async file:///workspace/cms-byline-content-lifecycle/node_modules/.pnpm/kysely@0.29.2/node_modules/kysely/dist/query-executor/query-executor-base.js:39:24
    at async DefaultConnectionProvider.provideConnection (file:///workspace/cms-byline-content-lifecycle/node_modules/.pnpm/kysely@0.29.2/node_modules/kysely/dist/driver/default-connection-provider.js:10:20)
    at async DefaultQueryExecutor.executeQuery (file:///workspace/cms-byline-content-lifecycle/node_modules/.pnpm/kysely@0.29.2/node_modules/kysely/dist/query-executor/query-executor-base.js:38:28)
    at async SelectQueryBuilderImpl.execute (file:///workspace/cms-byline-content-lifecycle/node_modules/.pnpm/kysely@0.29.2/node_modules/kysely/dist/query-builder/select-query-builder.js:318:24)
    at async SelectQueryBuilderImpl.executeTakeFirst (file:///workspace/cms-byline-content-lifecycle/node_modules/.pnpm/kysely@0.29.2/node_modules/kysely/dist/query-builder/select-query-builder.js:322:26)
    at async MediaUsageRepository.findIndexStatus (file:///workspace/cms-byline-content-lifecycle/src/lib/server/blocks/upstream/database/repositories/media-usage.ts:2645:15)
    at async markContentMediaUsageCollectionStale (file:///workspace/cms-byline-content-lifecycle/src/lib/server/blocks/upstream/media/usage/schema-invalidation.ts:27:19)
    at async markContentMediaUsageCollectionStaleSafely (file:///workspace/cms-byline-content-lifecycle/src/lib/server/blocks/upstream/media/usage/schema-invalidation.ts:69:3) {
  [cause]: Error: no such table: _cms_media_usage_index_status: SQLITE_ERROR
      at D1DatabaseSessionAlwaysPrimary._sendOrThrow (cloudflare-internal:d1-api:140:24)
      at async cloudflare-internal:d1-api:366:41 {
    [cause]: undefined
  }
}
✔ raw D1: canonical upgrade carries an existing legacy reference into directed group edges (3280.974212ms)
[media-usage] Failed to mark posts stale: Error: D1_ERROR: no such table: _cms_media_usage_index_status: SQLITE_ERROR
    at process.processTicksAndRejections (node:internal/process/task_queues:104:5)
    at async file:///workspace/cms-byline-content-lifecycle/src/lib/server/database/coalescing-d1.ts:208:32 {
  [cause]: Error: no such table: _cms_media_usage_index_status: SQLITE_ERROR
      at D1DatabaseSession._sendOrThrow (cloudflare-internal:d1-api:140:24)
      at async cloudflare-internal:d1-api:366:41 {
    [cause]: undefined
  }
}
[media-usage] Failed to mark authors stale: Error: D1_ERROR: no such table: _cms_media_usage_index_status: SQLITE_ERROR
    at process.processTicksAndRejections (node:internal/process/task_queues:104:5)
    at async file:///workspace/cms-byline-content-lifecycle/src/lib/server/database/coalescing-d1.ts:208:32 {
  [cause]: Error: no such table: _cms_media_usage_index_status: SQLITE_ERROR
      at D1DatabaseSession._sendOrThrow (cloudflare-internal:d1-api:140:24)
      at async cloudflare-internal:d1-api:366:41 {
    [cause]: undefined
  }
}
[media-usage] Failed to mark posts stale: Error: D1_ERROR: no such table: _cms_media_usage_index_status: SQLITE_ERROR
    at process.processTicksAndRejections (node:internal/process/task_queues:104:5)
    at async file:///workspace/cms-byline-content-lifecycle/src/lib/server/database/coalescing-d1.ts:208:32 {
  [cause]: Error: no such table: _cms_media_usage_index_status: SQLITE_ERROR
      at D1DatabaseSession._sendOrThrow (cloudflare-internal:d1-api:140:24)
      at async cloudflare-internal:d1-api:366:41 {
    [cause]: undefined
  }
}
✔ scoped D1: canonical upgrade carries an existing legacy reference into directed group edges (3528.385769ms)
✔ arbitrary generated field identifiers retain historical quote equivalence (1.448335ms)
✔ arbitrary generated fields retain quote equivalence in a complete table (0.348744ms)
✔ a default matching a known column name retains double-quoted literal bytes (0.156455ms)
✔ a known schema name in a quoted SELECT expression retains literal bytes (0.157987ms)
✔ Node: live metadata saves keep staged data and slug unpublished (76.688337ms)
✔ Node: revision restore cannot replace a save before-refetch (37.787343ms)
✔ Node: revision restore cannot replace a save after-refetch (44.172652ms)
✔ Node: plain restore cannot replace a save before-refetch (55.502488ms)
✔ Node: plain restore cannot replace a save after-refetch (32.449355ms)
[emdash:redirects] publishing redirect artifacts failed: Error: driver has already been destroyed
    at RuntimeDriver.acquireConnection (file:///workspace/cms-byline-content-lifecycle/node_modules/.pnpm/kysely@0.29.2/node_modules/kysely/dist/driver/runtime-driver.js:44:19)
    at DefaultConnectionProvider.provideConnection (file:///workspace/cms-byline-content-lifecycle/node_modules/.pnpm/kysely@0.29.2/node_modules/kysely/dist/driver/default-connection-provider.js:8:47)
    at DefaultQueryExecutor.provideConnection (file:///workspace/cms-byline-content-lifecycle/node_modules/.pnpm/kysely@0.29.2/node_modules/kysely/dist/query-executor/default-query-executor.js:20:41)
    at TransactionBuilder.execute (file:///workspace/cms-byline-content-lifecycle/node_modules/.pnpm/kysely@0.29.2/node_modules/kysely/dist/kysely.js:672:37)
    at withTransaction (file:///workspace/cms-byline-content-lifecycle/src/lib/server/database/lifecycle/upstream/database/transaction.ts:63:41)
    at publishRedirectArtifacts (file:///workspace/cms-byline-content-lifecycle/src/lib/server/redirects/artifacts.ts:185:8)
    at async publishRedirectChanges (file:///workspace/cms-byline-content-lifecycle/src/lib/server/redirects/artifacts.ts:277:3)
✔ D1: live metadata saves keep staged data and slug unpublished (1164.609726ms)
✔ D1: revision restore cannot replace a save before-refetch (366.572896ms)
✔ D1: revision restore cannot replace a save after-refetch (388.253965ms)
✔ D1: plain restore cannot replace a save before-refetch (381.802826ms)
✔ D1: plain restore cannot replace a save after-refetch (328.538698ms)
[media-usage] Failed to mark posts stale: Error: no such table: _cms_media_usage_index_status
    at NodeSqliteCompatDatabase.prepare (file:///workspace/cms-byline-content-lifecycle/src/lib/server/database/node-sqlite-compat.ts:82:36)
    at SqliteConnection.executeQuery (file:///workspace/cms-byline-content-lifecycle/node_modules/.pnpm/kysely@0.29.2/node_modules/kysely/dist/dialect/sqlite/sqlite-driver.js:58:31)
    at file:///workspace/cms-byline-content-lifecycle/node_modules/.pnpm/kysely@0.29.2/node_modules/kysely/dist/query-executor/query-executor-base.js:39:41
    at DefaultConnectionProvider.provideConnection (file:///workspace/cms-byline-content-lifecycle/node_modules/.pnpm/kysely@0.29.2/node_modules/kysely/dist/driver/default-connection-provider.js:10:26)
    at async DefaultQueryExecutor.executeQuery (file:///workspace/cms-byline-content-lifecycle/node_modules/.pnpm/kysely@0.29.2/node_modules/kysely/dist/query-executor/query-executor-base.js:38:28)
    at async SelectQueryBuilderImpl.execute (file:///workspace/cms-byline-content-lifecycle/node_modules/.pnpm/kysely@0.29.2/node_modules/kysely/dist/query-builder/select-query-builder.js:318:24)
    at async SelectQueryBuilderImpl.executeTakeFirst (file:///workspace/cms-byline-content-lifecycle/node_modules/.pnpm/kysely@0.29.2/node_modules/kysely/dist/query-builder/select-query-builder.js:322:26)
    at async MediaUsageRepository.findIndexStatus (file:///workspace/cms-byline-content-lifecycle/src/lib/server/blocks/upstream/database/repositories/media-usage.ts:2645:15)
    at async markContentMediaUsageCollectionStale (file:///workspace/cms-byline-content-lifecycle/src/lib/server/blocks/upstream/media/usage/schema-invalidation.ts:27:19)
    at async markContentMediaUsageCollectionStaleSafely (file:///workspace/cms-byline-content-lifecycle/src/lib/server/blocks/upstream/media/usage/schema-invalidation.ts:69:3) {
  code: 'ERR_SQLITE_ERROR',
  errcode: 1,
  errstr: 'SQL logic error'
}
[media-usage] Failed to mark posts stale: Error: no such table: _cms_media_usage_index_status
    at NodeSqliteCompatDatabase.prepare (file:///workspace/cms-byline-content-lifecycle/src/lib/server/database/node-sqlite-compat.ts:82:36)
    at SqliteConnection.executeQuery (file:///workspace/cms-byline-content-lifecycle/node_modules/.pnpm/kysely@0.29.2/node_modules/kysely/dist/dialect/sqlite/sqlite-driver.js:58:31)
    at file:///workspace/cms-byline-content-lifecycle/node_modules/.pnpm/kysely@0.29.2/node_modules/kysely/dist/query-executor/query-executor-base.js:39:41
    at DefaultConnectionProvider.provideConnection (file:///workspace/cms-byline-content-lifecycle/node_modules/.pnpm/kysely@0.29.2/node_modules/kysely/dist/driver/default-connection-provider.js:10:26)
    at async DefaultQueryExecutor.executeQuery (file:///workspace/cms-byline-content-lifecycle/node_modules/.pnpm/kysely@0.29.2/node_modules/kysely/dist/query-executor/query-executor-base.js:38:28)
    at async SelectQueryBuilderImpl.execute (file:///workspace/cms-byline-content-lifecycle/node_modules/.pnpm/kysely@0.29.2/node_modules/kysely/dist/query-builder/select-query-builder.js:318:24)
    at async SelectQueryBuilderImpl.executeTakeFirst (file:///workspace/cms-byline-content-lifecycle/node_modules/.pnpm/kysely@0.29.2/node_modules/kysely/dist/query-builder/select-query-builder.js:322:26)
    at async MediaUsageRepository.findIndexStatus (file:///workspace/cms-byline-content-lifecycle/src/lib/server/blocks/upstream/database/repositories/media-usage.ts:2645:15)
    at async markContentMediaUsageCollectionStale (file:///workspace/cms-byline-content-lifecycle/src/lib/server/blocks/upstream/media/usage/schema-invalidation.ts:27:19)
    at async markContentMediaUsageCollectionStaleSafely (file:///workspace/cms-byline-content-lifecycle/src/lib/server/blocks/upstream/media/usage/schema-invalidation.ts:69:3) {
  code: 'ERR_SQLITE_ERROR',
  errcode: 1,
  errstr: 'SQL logic error'
}
✔ ordinary node equal public URLs still acquire and release Source lease without redirect writes (53.689856ms)
✔ ordinary node equal public URLs preserve Source occupied lease refusal (675.799304ms)
[media-usage] Failed to mark posts stale: Error: D1_ERROR: no such table: _cms_media_usage_index_status: SQLITE_ERROR
    at process.processTicksAndRejections (node:internal/process/task_queues:104:5)
    at async D1Connection.executeQuery (file:///workspace/cms-byline-content-lifecycle/src/lib/server/database/d1.ts:55:29)
    at async file:///workspace/cms-byline-content-lifecycle/node_modules/.pnpm/kysely@0.29.2/node_modules/kysely/dist/query-executor/query-executor-base.js:39:24
    at async DefaultConnectionProvider.provideConnection (file:///workspace/cms-byline-content-lifecycle/node_modules/.pnpm/kysely@0.29.2/node_modules/kysely/dist/driver/default-connection-provider.js:10:20)
    at async DefaultQueryExecutor.executeQuery (file:///workspace/cms-byline-content-lifecycle/node_modules/.pnpm/kysely@0.29.2/node_modules/kysely/dist/query-executor/query-executor-base.js:38:28)
    at async SelectQueryBuilderImpl.execute (file:///workspace/cms-byline-content-lifecycle/node_modules/.pnpm/kysely@0.29.2/node_modules/kysely/dist/query-builder/select-query-builder.js:318:24)
    at async SelectQueryBuilderImpl.executeTakeFirst (file:///workspace/cms-byline-content-lifecycle/node_modules/.pnpm/kysely@0.29.2/node_modules/kysely/dist/query-builder/select-query-builder.js:322:26)
    at async MediaUsageRepository.findIndexStatus (file:///workspace/cms-byline-content-lifecycle/src/lib/server/blocks/upstream/database/repositories/media-usage.ts:2645:15)
    at async markContentMediaUsageCollectionStale (file:///workspace/cms-byline-content-lifecycle/src/lib/server/blocks/upstream/media/usage/schema-invalidation.ts:27:19)
    at async markContentMediaUsageCollectionStaleSafely (file:///workspace/cms-byline-content-lifecycle/src/lib/server/blocks/upstream/media/usage/schema-invalidation.ts:69:3) {
  [cause]: Error: no such table: _cms_media_usage_index_status: SQLITE_ERROR
      at D1DatabaseSessionAlwaysPrimary._sendOrThrow (cloudflare-internal:d1-api:140:24)
      at async cloudflare-internal:d1-api:366:41 {
    [cause]: undefined
  }
}
✔ ordinary raw equal public URLs still acquire and release Source lease without redirect writes (1513.972588ms)
[media-usage] Failed to mark posts stale: Error: D1_ERROR: no such table: _cms_media_usage_index_status: SQLITE_ERROR
    at process.processTicksAndRejections (node:internal/process/task_queues:104:5)
    at async D1Connection.executeQuery (file:///workspace/cms-byline-content-lifecycle/src/lib/server/database/d1.ts:55:29)
    at async file:///workspace/cms-byline-content-lifecycle/node_modules/.pnpm/kysely@0.29.2/node_modules/kysely/dist/query-executor/query-executor-base.js:39:24
    at async DefaultConnectionProvider.provideConnection (file:///workspace/cms-byline-content-lifecycle/node_modules/.pnpm/kysely@0.29.2/node_modules/kysely/dist/driver/default-connection-provider.js:10:20)
    at async DefaultQueryExecutor.executeQuery (file:///workspace/cms-byline-content-lifecycle/node_modules/.pnpm/kysely@0.29.2/node_modules/kysely/dist/query-executor/query-executor-base.js:38:28)
    at async SelectQueryBuilderImpl.execute (file:///workspace/cms-byline-content-lifecycle/node_modules/.pnpm/kysely@0.29.2/node_modules/kysely/dist/query-builder/select-query-builder.js:318:24)
    at async SelectQueryBuilderImpl.executeTakeFirst (file:///workspace/cms-byline-content-lifecycle/node_modules/.pnpm/kysely@0.29.2/node_modules/kysely/dist/query-builder/select-query-builder.js:322:26)
    at async MediaUsageRepository.findIndexStatus (file:///workspace/cms-byline-content-lifecycle/src/lib/server/blocks/upstream/database/repositories/media-usage.ts:2645:15)
    at async markContentMediaUsageCollectionStale (file:///workspace/cms-byline-content-lifecycle/src/lib/server/blocks/upstream/media/usage/schema-invalidation.ts:27:19)
    at async markContentMediaUsageCollectionStaleSafely (file:///workspace/cms-byline-content-lifecycle/src/lib/server/blocks/upstream/media/usage/schema-invalidation.ts:69:3) {
  [cause]: Error: no such table: _cms_media_usage_index_status: SQLITE_ERROR
      at D1DatabaseSessionAlwaysPrimary._sendOrThrow (cloudflare-internal:d1-api:140:24)
      at async cloudflare-internal:d1-api:366:41 {
    [cause]: undefined
  }
}
✔ ordinary raw equal public URLs preserve Source occupied lease refusal (2719.983429ms)
[media-usage] Failed to mark posts stale: Error: D1_ERROR: no such table: _cms_media_usage_index_status: SQLITE_ERROR
    at process.processTicksAndRejections (node:internal/process/task_queues:104:5)
    at async D1Connection.executeQuery (file:///workspace/cms-byline-content-lifecycle/src/lib/server/database/d1.ts:55:29)
    at async file:///workspace/cms-byline-content-lifecycle/node_modules/.pnpm/kysely@0.29.2/node_modules/kysely/dist/query-executor/query-executor-base.js:39:24
    at async DefaultConnectionProvider.provideConnection (file:///workspace/cms-byline-content-lifecycle/node_modules/.pnpm/kysely@0.29.2/node_modules/kysely/dist/driver/default-connection-provider.js:10:20)
    at async DefaultQueryExecutor.executeQuery (file:///workspace/cms-byline-content-lifecycle/node_modules/.pnpm/kysely@0.29.2/node_modules/kysely/dist/query-executor/query-executor-base.js:38:28)
    at async SelectQueryBuilderImpl.execute (file:///workspace/cms-byline-content-lifecycle/node_modules/.pnpm/kysely@0.29.2/node_modules/kysely/dist/query-builder/select-query-builder.js:318:24)
    at async SelectQueryBuilderImpl.executeTakeFirst (file:///workspace/cms-byline-content-lifecycle/node_modules/.pnpm/kysely@0.29.2/node_modules/kysely/dist/query-builder/select-query-builder.js:322:26)
    at async MediaUsageRepository.findIndexStatus (file:///workspace/cms-byline-content-lifecycle/src/lib/server/blocks/upstream/database/repositories/media-usage.ts:2645:15)
    at async markContentMediaUsageCollectionStale (file:///workspace/cms-byline-content-lifecycle/src/lib/server/blocks/upstream/media/usage/schema-invalidation.ts:27:19)
    at async markContentMediaUsageCollectionStaleSafely (file:///workspace/cms-byline-content-lifecycle/src/lib/server/blocks/upstream/media/usage/schema-invalidation.ts:69:3) {
  [cause]: Error: no such table: _cms_media_usage_index_status: SQLITE_ERROR
      at D1DatabaseSessionAlwaysPrimary._sendOrThrow (cloudflare-internal:d1-api:140:24)
      at async cloudflare-internal:d1-api:366:41 {
    [cause]: undefined
  }
}
✔ ordinary scoped equal public URLs still acquire and release Source lease without redirect writes (1660.545672ms)
[media-usage] Failed to mark posts stale: Error: D1_ERROR: no such table: _cms_media_usage_index_status: SQLITE_ERROR
    at process.processTicksAndRejections (node:internal/process/task_queues:104:5)
    at async D1Connection.executeQuery (file:///workspace/cms-byline-content-lifecycle/src/lib/server/database/d1.ts:55:29)
    at async file:///workspace/cms-byline-content-lifecycle/node_modules/.pnpm/kysely@0.29.2/node_modules/kysely/dist/query-executor/query-executor-base.js:39:24
    at async DefaultConnectionProvider.provideConnection (file:///workspace/cms-byline-content-lifecycle/node_modules/.pnpm/kysely@0.29.2/node_modules/kysely/dist/driver/default-connection-provider.js:10:20)
    at async DefaultQueryExecutor.executeQuery (file:///workspace/cms-byline-content-lifecycle/node_modules/.pnpm/kysely@0.29.2/node_modules/kysely/dist/query-executor/query-executor-base.js:38:28)
    at async SelectQueryBuilderImpl.execute (file:///workspace/cms-byline-content-lifecycle/node_modules/.pnpm/kysely@0.29.2/node_modules/kysely/dist/query-builder/select-query-builder.js:318:24)
    at async SelectQueryBuilderImpl.executeTakeFirst (file:///workspace/cms-byline-content-lifecycle/node_modules/.pnpm/kysely@0.29.2/node_modules/kysely/dist/query-builder/select-query-builder.js:322:26)
    at async MediaUsageRepository.findIndexStatus (file:///workspace/cms-byline-content-lifecycle/src/lib/server/blocks/upstream/database/repositories/media-usage.ts:2645:15)
    at async markContentMediaUsageCollectionStale (file:///workspace/cms-byline-content-lifecycle/src/lib/server/blocks/upstream/media/usage/schema-invalidation.ts:27:19)
    at async markContentMediaUsageCollectionStaleSafely (file:///workspace/cms-byline-content-lifecycle/src/lib/server/blocks/upstream/media/usage/schema-invalidation.ts:69:3) {
  [cause]: Error: no such table: _cms_media_usage_index_status: SQLITE_ERROR
      at D1DatabaseSessionAlwaysPrimary._sendOrThrow (cloudflare-internal:d1-api:140:24)
      at async cloudflare-internal:d1-api:366:41 {
    [cause]: undefined
  }
}
✔ ordinary scoped equal public URLs preserve Source occupied lease refusal (2649.255818ms)
[media-usage] Failed to mark posts stale: Error: no such table: _cms_media_usage_index_status
    at NodeSqliteCompatDatabase.prepare (file:///workspace/cms-byline-content-lifecycle/src/lib/server/database/node-sqlite-compat.ts:82:36)
    at SqliteConnection.executeQuery (file:///workspace/cms-byline-content-lifecycle/node_modules/.pnpm/kysely@0.29.2/node_modules/kysely/dist/dialect/sqlite/sqlite-driver.js:58:31)
    at file:///workspace/cms-byline-content-lifecycle/node_modules/.pnpm/kysely@0.29.2/node_modules/kysely/dist/query-executor/query-executor-base.js:39:41
    at DefaultConnectionProvider.provideConnection (file:///workspace/cms-byline-content-lifecycle/node_modules/.pnpm/kysely@0.29.2/node_modules/kysely/dist/driver/default-connection-provider.js:10:26)
    at async DefaultQueryExecutor.executeQuery (file:///workspace/cms-byline-content-lifecycle/node_modules/.pnpm/kysely@0.29.2/node_modules/kysely/dist/query-executor/query-executor-base.js:38:28)
    at async SelectQueryBuilderImpl.execute (file:///workspace/cms-byline-content-lifecycle/node_modules/.pnpm/kysely@0.29.2/node_modules/kysely/dist/query-builder/select-query-builder.js:318:24)
    at async SelectQueryBuilderImpl.executeTakeFirst (file:///workspace/cms-byline-content-lifecycle/node_modules/.pnpm/kysely@0.29.2/node_modules/kysely/dist/query-builder/select-query-builder.js:322:26)
    at async MediaUsageRepository.findIndexStatus (file:///workspace/cms-byline-content-lifecycle/src/lib/server/blocks/upstream/database/repositories/media-usage.ts:2645:15)
    at async markContentMediaUsageCollectionStale (file:///workspace/cms-byline-content-lifecycle/src/lib/server/blocks/upstream/media/usage/schema-invalidation.ts:27:19)
    at async markContentMediaUsageCollectionStaleSafely (file:///workspace/cms-byline-content-lifecycle/src/lib/server/blocks/upstream/media/usage/schema-invalidation.ts:69:3) {
  code: 'ERR_SQLITE_ERROR',
  errcode: 1,
  errstr: 'SQL logic error'
}
[media-usage] Failed to mark posts stale: Error: no such table: _cms_media_usage_index_status
    at NodeSqliteCompatDatabase.prepare (file:///workspace/cms-byline-content-lifecycle/src/lib/server/database/node-sqlite-compat.ts:82:36)
    at SqliteConnection.executeQuery (file:///workspace/cms-byline-content-lifecycle/node_modules/.pnpm/kysely@0.29.2/node_modules/kysely/dist/dialect/sqlite/sqlite-driver.js:58:31)
    at file:///workspace/cms-byline-content-lifecycle/node_modules/.pnpm/kysely@0.29.2/node_modules/kysely/dist/query-executor/query-executor-base.js:39:41
    at DefaultConnectionProvider.provideConnection (file:///workspace/cms-byline-content-lifecycle/node_modules/.pnpm/kysely@0.29.2/node_modules/kysely/dist/driver/default-connection-provider.js:10:26)
    at async DefaultQueryExecutor.executeQuery (file:///workspace/cms-byline-content-lifecycle/node_modules/.pnpm/kysely@0.29.2/node_modules/kysely/dist/query-executor/query-executor-base.js:38:28)
    at async SelectQueryBuilderImpl.execute (file:///workspace/cms-byline-content-lifecycle/node_modules/.pnpm/kysely@0.29.2/node_modules/kysely/dist/query-builder/select-query-builder.js:318:24)
    at async SelectQueryBuilderImpl.executeTakeFirst (file:///workspace/cms-byline-content-lifecycle/node_modules/.pnpm/kysely@0.29.2/node_modules/kysely/dist/query-builder/select-query-builder.js:322:26)
    at async MediaUsageRepository.findIndexStatus (file:///workspace/cms-byline-content-lifecycle/src/lib/server/blocks/upstream/database/repositories/media-usage.ts:2645:15)
    at async markContentMediaUsageCollectionStale (file:///workspace/cms-byline-content-lifecycle/src/lib/server/blocks/upstream/media/usage/schema-invalidation.ts:27:19)
    at async markContentMediaUsageCollectionStaleSafely (file:///workspace/cms-byline-content-lifecycle/src/lib/server/blocks/upstream/media/usage/schema-invalidation.ts:69:3) {
  code: 'ERR_SQLITE_ERROR',
  errcode: 1,
  errstr: 'SQL logic error'
}
[media-usage] Failed to mark posts stale: Error: no such table: _cms_media_usage_index_status
    at NodeSqliteCompatDatabase.prepare (file:///workspace/cms-byline-content-lifecycle/src/lib/server/database/node-sqlite-compat.ts:82:36)
    at SqliteConnection.executeQuery (file:///workspace/cms-byline-content-lifecycle/node_modules/.pnpm/kysely@0.29.2/node_modules/kysely/dist/dialect/sqlite/sqlite-driver.js:58:31)
    at file:///workspace/cms-byline-content-lifecycle/node_modules/.pnpm/kysely@0.29.2/node_modules/kysely/dist/query-executor/query-executor-base.js:39:41
    at DefaultConnectionProvider.provideConnection (file:///workspace/cms-byline-content-lifecycle/node_modules/.pnpm/kysely@0.29.2/node_modules/kysely/dist/driver/default-connection-provider.js:10:26)
    at async DefaultQueryExecutor.executeQuery (file:///workspace/cms-byline-content-lifecycle/node_modules/.pnpm/kysely@0.29.2/node_modules/kysely/dist/query-executor/query-executor-base.js:38:28)
    at async SelectQueryBuilderImpl.execute (file:///workspace/cms-byline-content-lifecycle/node_modules/.pnpm/kysely@0.29.2/node_modules/kysely/dist/query-builder/select-query-builder.js:318:24)
    at async SelectQueryBuilderImpl.executeTakeFirst (file:///workspace/cms-byline-content-lifecycle/node_modules/.pnpm/kysely@0.29.2/node_modules/kysely/dist/query-builder/select-query-builder.js:322:26)
    at async MediaUsageRepository.findIndexStatus (file:///workspace/cms-byline-content-lifecycle/src/lib/server/blocks/upstream/database/repositories/media-usage.ts:2645:15)
    at async markContentMediaUsageCollectionStale (file:///workspace/cms-byline-content-lifecycle/src/lib/server/blocks/upstream/media/usage/schema-invalidation.ts:27:19)
    at async markContentMediaUsageCollectionStaleSafely (file:///workspace/cms-byline-content-lifecycle/src/lib/server/blocks/upstream/media/usage/schema-invalidation.ts:69:3) {
  code: 'ERR_SQLITE_ERROR',
  errcode: 1,
  errstr: 'SQL logic error'
}
[media-usage] Failed to mark posts stale: Error: no such table: _cms_media_usage_index_status
    at NodeSqliteCompatDatabase.prepare (file:///workspace/cms-byline-content-lifecycle/src/lib/server/database/node-sqlite-compat.ts:82:36)
    at SqliteConnection.executeQuery (file:///workspace/cms-byline-content-lifecycle/node_modules/.pnpm/kysely@0.29.2/node_modules/kysely/dist/dialect/sqlite/sqlite-driver.js:58:31)
    at file:///workspace/cms-byline-content-lifecycle/node_modules/.pnpm/kysely@0.29.2/node_modules/kysely/dist/query-executor/query-executor-base.js:39:41
    at DefaultConnectionProvider.provideConnection (file:///workspace/cms-byline-content-lifecycle/node_modules/.pnpm/kysely@0.29.2/node_modules/kysely/dist/driver/default-connection-provider.js:10:26)
    at async DefaultQueryExecutor.executeQuery (file:///workspace/cms-byline-content-lifecycle/node_modules/.pnpm/kysely@0.29.2/node_modules/kysely/dist/query-executor/query-executor-base.js:38:28)
    at async SelectQueryBuilderImpl.execute (file:///workspace/cms-byline-content-lifecycle/node_modules/.pnpm/kysely@0.29.2/node_modules/kysely/dist/query-builder/select-query-builder.js:318:24)
    at async SelectQueryBuilderImpl.executeTakeFirst (file:///workspace/cms-byline-content-lifecycle/node_modules/.pnpm/kysely@0.29.2/node_modules/kysely/dist/query-builder/select-query-builder.js:322:26)
    at async MediaUsageRepository.findIndexStatus (file:///workspace/cms-byline-content-lifecycle/src/lib/server/blocks/upstream/database/repositories/media-usage.ts:2645:15)
    at async markContentMediaUsageCollectionStale (file:///workspace/cms-byline-content-lifecycle/src/lib/server/blocks/upstream/media/usage/schema-invalidation.ts:27:19)
    at async markContentMediaUsageCollectionStaleSafely (file:///workspace/cms-byline-content-lifecycle/src/lib/server/blocks/upstream/media/usage/schema-invalidation.ts:69:3) {
  code: 'ERR_SQLITE_ERROR',
  errcode: 1,
  errstr: 'SQL logic error'
}
[media-usage] Failed to mark posts stale: Error: no such table: _cms_media_usage_index_status
    at NodeSqliteCompatDatabase.prepare (file:///workspace/cms-byline-content-lifecycle/src/lib/server/database/node-sqlite-compat.ts:82:36)
    at SqliteConnection.executeQuery (file:///workspace/cms-byline-content-lifecycle/node_modules/.pnpm/kysely@0.29.2/node_modules/kysely/dist/dialect/sqlite/sqlite-driver.js:58:31)
    at file:///workspace/cms-byline-content-lifecycle/node_modules/.pnpm/kysely@0.29.2/node_modules/kysely/dist/query-executor/query-executor-base.js:39:41
    at DefaultConnectionProvider.provideConnection (file:///workspace/cms-byline-content-lifecycle/node_modules/.pnpm/kysely@0.29.2/node_modules/kysely/dist/driver/default-connection-provider.js:10:26)
    at async DefaultQueryExecutor.executeQuery (file:///workspace/cms-byline-content-lifecycle/node_modules/.pnpm/kysely@0.29.2/node_modules/kysely/dist/query-executor/query-executor-base.js:38:28)
    at async SelectQueryBuilderImpl.execute (file:///workspace/cms-byline-content-lifecycle/node_modules/.pnpm/kysely@0.29.2/node_modules/kysely/dist/query-builder/select-query-builder.js:318:24)
    at async SelectQueryBuilderImpl.executeTakeFirst (file:///workspace/cms-byline-content-lifecycle/node_modules/.pnpm/kysely@0.29.2/node_modules/kysely/dist/query-builder/select-query-builder.js:322:26)
    at async MediaUsageRepository.findIndexStatus (file:///workspace/cms-byline-content-lifecycle/src/lib/server/blocks/upstream/database/repositories/media-usage.ts:2645:15)
    at async markContentMediaUsageCollectionStale (file:///workspace/cms-byline-content-lifecycle/src/lib/server/blocks/upstream/media/usage/schema-invalidation.ts:27:19)
    at async markContentMediaUsageCollectionStaleSafely (file:///workspace/cms-byline-content-lifecycle/src/lib/server/blocks/upstream/media/usage/schema-invalidation.ts:69:3) {
  code: 'ERR_SQLITE_ERROR',
  errcode: 1,
  errstr: 'SQL logic error'
}
✔ ordinary node held redirect lease preserves Source busy error and full rollback (386.662848ms)
✔ ordinary node changed lease generation rolls shadow removal and content back (35.092662ms)
✔ ordinary node partial redirect schema refuses the content save before writing (26.23029ms)
✔ ordinary node stale content CAS does not write a redirect or change the externally updated version (34.810299ms)
[media-usage] Failed to mark posts stale: Error: no such table: _cms_media_usage_index_status
    at NodeSqliteCompatDatabase.prepare (file:///workspace/cms-byline-content-lifecycle/src/lib/server/database/node-sqlite-compat.ts:82:36)
    at SqliteConnection.executeQuery (file:///workspace/cms-byline-content-lifecycle/node_modules/.pnpm/kysely@0.29.2/node_modules/kysely/dist/dialect/sqlite/sqlite-driver.js:58:31)
    at file:///workspace/cms-byline-content-lifecycle/node_modules/.pnpm/kysely@0.29.2/node_modules/kysely/dist/query-executor/query-executor-base.js:39:41
    at DefaultConnectionProvider.provideConnection (file:///workspace/cms-byline-content-lifecycle/node_modules/.pnpm/kysely@0.29.2/node_modules/kysely/dist/driver/default-connection-provider.js:10:26)
    at async DefaultQueryExecutor.executeQuery (file:///workspace/cms-byline-content-lifecycle/node_modules/.pnpm/kysely@0.29.2/node_modules/kysely/dist/query-executor/query-executor-base.js:38:28)
    at async SelectQueryBuilderImpl.execute (file:///workspace/cms-byline-content-lifecycle/node_modules/.pnpm/kysely@0.29.2/node_modules/kysely/dist/query-builder/select-query-builder.js:318:24)
    at async SelectQueryBuilderImpl.executeTakeFirst (file:///workspace/cms-byline-content-lifecycle/node_modules/.pnpm/kysely@0.29.2/node_modules/kysely/dist/query-builder/select-query-builder.js:322:26)
    at async MediaUsageRepository.findIndexStatus (file:///workspace/cms-byline-content-lifecycle/src/lib/server/blocks/upstream/database/repositories/media-usage.ts:2645:15)
    at async markContentMediaUsageCollectionStale (file:///workspace/cms-byline-content-lifecycle/src/lib/server/blocks/upstream/media/usage/schema-invalidation.ts:27:19)
    at async markContentMediaUsageCollectionStaleSafely (file:///workspace/cms-byline-content-lifecycle/src/lib/server/blocks/upstream/media/usage/schema-invalidation.ts:69:3) {
  code: 'ERR_SQLITE_ERROR',
  errcode: 1,
  errstr: 'SQL logic error'
}
✔ ordinary node existing redirect timestamp follows Source JS Date for Tue, 01 Jan 2030 00:00:00 GMT (50.137582ms)
[media-usage] Failed to mark posts stale: Error: no such table: _cms_media_usage_index_status
    at NodeSqliteCompatDatabase.prepare (file:///workspace/cms-byline-content-lifecycle/src/lib/server/database/node-sqlite-compat.ts:82:36)
    at SqliteConnection.executeQuery (file:///workspace/cms-byline-content-lifecycle/node_modules/.pnpm/kysely@0.29.2/node_modules/kysely/dist/dialect/sqlite/sqlite-driver.js:58:31)
    at file:///workspace/cms-byline-content-lifecycle/node_modules/.pnpm/kysely@0.29.2/node_modules/kysely/dist/query-executor/query-executor-base.js:39:41
    at DefaultConnectionProvider.provideConnection (file:///workspace/cms-byline-content-lifecycle/node_modules/.pnpm/kysely@0.29.2/node_modules/kysely/dist/driver/default-connection-provider.js:10:26)
    at async DefaultQueryExecutor.executeQuery (file:///workspace/cms-byline-content-lifecycle/node_modules/.pnpm/kysely@0.29.2/node_modules/kysely/dist/query-executor/query-executor-base.js:38:28)
    at async SelectQueryBuilderImpl.execute (file:///workspace/cms-byline-content-lifecycle/node_modules/.pnpm/kysely@0.29.2/node_modules/kysely/dist/query-builder/select-query-builder.js:318:24)
    at async SelectQueryBuilderImpl.executeTakeFirst (file:///workspace/cms-byline-content-lifecycle/node_modules/.pnpm/kysely@0.29.2/node_modules/kysely/dist/query-builder/select-query-builder.js:322:26)
    at async MediaUsageRepository.findIndexStatus (file:///workspace/cms-byline-content-lifecycle/src/lib/server/blocks/upstream/database/repositories/media-usage.ts:2645:15)
    at async markContentMediaUsageCollectionStale (file:///workspace/cms-byline-content-lifecycle/src/lib/server/blocks/upstream/media/usage/schema-invalidation.ts:27:19)
    at async markContentMediaUsageCollectionStaleSafely (file:///workspace/cms-byline-content-lifecycle/src/lib/server/blocks/upstream/media/usage/schema-invalidation.ts:69:3) {
  code: 'ERR_SQLITE_ERROR',
  errcode: 1,
  errstr: 'SQL logic error'
}
✔ ordinary node existing redirect timestamp follows Source JS Date for 2030-01-01T00:00:00.1235Z (33.493837ms)
✔ ordinary node existing redirect timestamp follows Source JS Date for not-a-date (32.351705ms)
[media-usage] Failed to mark posts stale: Error: D1_ERROR: no such table: _cms_media_usage_index_status: SQLITE_ERROR
    at process.processTicksAndRejections (node:internal/process/task_queues:104:5)
    at async D1Connection.executeQuery (file:///workspace/cms-byline-content-lifecycle/src/lib/server/database/d1.ts:55:29)
    at async file:///workspace/cms-byline-content-lifecycle/node_modules/.pnpm/kysely@0.29.2/node_modules/kysely/dist/query-executor/query-executor-base.js:39:24
    at async DefaultConnectionProvider.provideConnection (file:///workspace/cms-byline-content-lifecycle/node_modules/.pnpm/kysely@0.29.2/node_modules/kysely/dist/driver/default-connection-provider.js:10:20)
    at async DefaultQueryExecutor.executeQuery (file:///workspace/cms-byline-content-lifecycle/node_modules/.pnpm/kysely@0.29.2/node_modules/kysely/dist/query-executor/query-executor-base.js:38:28)
    at async SelectQueryBuilderImpl.execute (file:///workspace/cms-byline-content-lifecycle/node_modules/.pnpm/kysely@0.29.2/node_modules/kysely/dist/query-builder/select-query-builder.js:318:24)
    at async SelectQueryBuilderImpl.executeTakeFirst (file:///workspace/cms-byline-content-lifecycle/node_modules/.pnpm/kysely@0.29.2/node_modules/kysely/dist/query-builder/select-query-builder.js:322:26)
    at async MediaUsageRepository.findIndexStatus (file:///workspace/cms-byline-content-lifecycle/src/lib/server/blocks/upstream/database/repositories/media-usage.ts:2645:15)
    at async markContentMediaUsageCollectionStale (file:///workspace/cms-byline-content-lifecycle/src/lib/server/blocks/upstream/media/usage/schema-invalidation.ts:27:19)
    at async markContentMediaUsageCollectionStaleSafely (file:///workspace/cms-byline-content-lifecycle/src/lib/server/blocks/upstream/media/usage/schema-invalidation.ts:69:3) {
  [cause]: Error: no such table: _cms_media_usage_index_status: SQLITE_ERROR
      at D1DatabaseSessionAlwaysPrimary._sendOrThrow (cloudflare-internal:d1-api:140:24)
      at async cloudflare-internal:d1-api:366:41 {
    [cause]: undefined
  }
}
✔ ordinary raw held redirect lease preserves Source busy error and full rollback (2712.648952ms)
[media-usage] Failed to mark posts stale: Error: D1_ERROR: no such table: _cms_media_usage_index_status: SQLITE_ERROR
    at process.processTicksAndRejections (node:internal/process/task_queues:104:5)
    at async D1Connection.executeQuery (file:///workspace/cms-byline-content-lifecycle/src/lib/server/database/d1.ts:55:29)
    at async file:///workspace/cms-byline-content-lifecycle/node_modules/.pnpm/kysely@0.29.2/node_modules/kysely/dist/query-executor/query-executor-base.js:39:24
    at async DefaultConnectionProvider.provideConnection (file:///workspace/cms-byline-content-lifecycle/node_modules/.pnpm/kysely@0.29.2/node_modules/kysely/dist/driver/default-connection-provider.js:10:20)
    at async DefaultQueryExecutor.executeQuery (file:///workspace/cms-byline-content-lifecycle/node_modules/.pnpm/kysely@0.29.2/node_modules/kysely/dist/query-executor/query-executor-base.js:38:28)
    at async SelectQueryBuilderImpl.execute (file:///workspace/cms-byline-content-lifecycle/node_modules/.pnpm/kysely@0.29.2/node_modules/kysely/dist/query-builder/select-query-builder.js:318:24)
    at async SelectQueryBuilderImpl.executeTakeFirst (file:///workspace/cms-byline-content-lifecycle/node_modules/.pnpm/kysely@0.29.2/node_modules/kysely/dist/query-builder/select-query-builder.js:322:26)
    at async MediaUsageRepository.findIndexStatus (file:///workspace/cms-byline-content-lifecycle/src/lib/server/blocks/upstream/database/repositories/media-usage.ts:2645:15)
    at async markContentMediaUsageCollectionStale (file:///workspace/cms-byline-content-lifecycle/src/lib/server/blocks/upstream/media/usage/schema-invalidation.ts:27:19)
    at async markContentMediaUsageCollectionStaleSafely (file:///workspace/cms-byline-content-lifecycle/src/lib/server/blocks/upstream/media/usage/schema-invalidation.ts:69:3) {
  [cause]: Error: no such table: _cms_media_usage_index_status: SQLITE_ERROR
      at D1DatabaseSessionAlwaysPrimary._sendOrThrow (cloudflare-internal:d1-api:140:24)
      at async cloudflare-internal:d1-api:366:41 {
    [cause]: undefined
  }
}
✔ ordinary raw changed lease generation rolls shadow removal and content back (1677.608167ms)
[media-usage] Failed to mark posts stale: Error: D1_ERROR: no such table: _cms_media_usage_index_status: SQLITE_ERROR
    at process.processTicksAndRejections (node:internal/process/task_queues:104:5)
    at async D1Connection.executeQuery (file:///workspace/cms-byline-content-lifecycle/src/lib/server/database/d1.ts:55:29)
    at async file:///workspace/cms-byline-content-lifecycle/node_modules/.pnpm/kysely@0.29.2/node_modules/kysely/dist/query-executor/query-executor-base.js:39:24
    at async DefaultConnectionProvider.provideConnection (file:///workspace/cms-byline-content-lifecycle/node_modules/.pnpm/kysely@0.29.2/node_modules/kysely/dist/driver/default-connection-provider.js:10:20)
    at async DefaultQueryExecutor.executeQuery (file:///workspace/cms-byline-content-lifecycle/node_modules/.pnpm/kysely@0.29.2/node_modules/kysely/dist/query-executor/query-executor-base.js:38:28)
    at async SelectQueryBuilderImpl.execute (file:///workspace/cms-byline-content-lifecycle/node_modules/.pnpm/kysely@0.29.2/node_modules/kysely/dist/query-builder/select-query-builder.js:318:24)
    at async SelectQueryBuilderImpl.executeTakeFirst (file:///workspace/cms-byline-content-lifecycle/node_modules/.pnpm/kysely@0.29.2/node_modules/kysely/dist/query-builder/select-query-builder.js:322:26)
    at async MediaUsageRepository.findIndexStatus (file:///workspace/cms-byline-content-lifecycle/src/lib/server/blocks/upstream/database/repositories/media-usage.ts:2645:15)
    at async markContentMediaUsageCollectionStale (file:///workspace/cms-byline-content-lifecycle/src/lib/server/blocks/upstream/media/usage/schema-invalidation.ts:27:19)
    at async markContentMediaUsageCollectionStaleSafely (file:///workspace/cms-byline-content-lifecycle/src/lib/server/blocks/upstream/media/usage/schema-invalidation.ts:69:3) {
  [cause]: Error: no such table: _cms_media_usage_index_status: SQLITE_ERROR
      at D1DatabaseSessionAlwaysPrimary._sendOrThrow (cloudflare-internal:d1-api:140:24)
      at async cloudflare-internal:d1-api:366:41 {
    [cause]: undefined
  }
}
✔ ordinary raw partial redirect schema refuses the content save before writing (1506.743386ms)
[media-usage] Failed to mark posts stale: Error: D1_ERROR: no such table: _cms_media_usage_index_status: SQLITE_ERROR
    at process.processTicksAndRejections (node:internal/process/task_queues:104:5)
    at async D1Connection.executeQuery (file:///workspace/cms-byline-content-lifecycle/src/lib/server/database/d1.ts:55:29)
    at async file:///workspace/cms-byline-content-lifecycle/node_modules/.pnpm/kysely@0.29.2/node_modules/kysely/dist/query-executor/query-executor-base.js:39:24
    at async DefaultConnectionProvider.provideConnection (file:///workspace/cms-byline-content-lifecycle/node_modules/.pnpm/kysely@0.29.2/node_modules/kysely/dist/driver/default-connection-provider.js:10:20)
    at async DefaultQueryExecutor.executeQuery (file:///workspace/cms-byline-content-lifecycle/node_modules/.pnpm/kysely@0.29.2/node_modules/kysely/dist/query-executor/query-executor-base.js:38:28)
    at async SelectQueryBuilderImpl.execute (file:///workspace/cms-byline-content-lifecycle/node_modules/.pnpm/kysely@0.29.2/node_modules/kysely/dist/query-builder/select-query-builder.js:318:24)
    at async SelectQueryBuilderImpl.executeTakeFirst (file:///workspace/cms-byline-content-lifecycle/node_modules/.pnpm/kysely@0.29.2/node_modules/kysely/dist/query-builder/select-query-builder.js:322:26)
    at async MediaUsageRepository.findIndexStatus (file:///workspace/cms-byline-content-lifecycle/src/lib/server/blocks/upstream/database/repositories/media-usage.ts:2645:15)
    at async markContentMediaUsageCollectionStale (file:///workspace/cms-byline-content-lifecycle/src/lib/server/blocks/upstream/media/usage/schema-invalidation.ts:27:19)
    at async markContentMediaUsageCollectionStaleSafely (file:///workspace/cms-byline-content-lifecycle/src/lib/server/blocks/upstream/media/usage/schema-invalidation.ts:69:3) {
  [cause]: Error: no such table: _cms_media_usage_index_status: SQLITE_ERROR
      at D1DatabaseSessionAlwaysPrimary._sendOrThrow (cloudflare-internal:d1-api:140:24)
      at async cloudflare-internal:d1-api:366:41 {
    [cause]: undefined
  }
}
✔ ordinary raw stale content CAS does not write a redirect or change the externally updated version (1649.489067ms)
[media-usage] Failed to mark posts stale: Error: D1_ERROR: no such table: _cms_media_usage_index_status: SQLITE_ERROR
    at process.processTicksAndRejections (node:internal/process/task_queues:104:5)
    at async D1Connection.executeQuery (file:///workspace/cms-byline-content-lifecycle/src/lib/server/database/d1.ts:55:29)
    at async file:///workspace/cms-byline-content-lifecycle/node_modules/.pnpm/kysely@0.29.2/node_modules/kysely/dist/query-executor/query-executor-base.js:39:24
    at async DefaultConnectionProvider.provideConnection (file:///workspace/cms-byline-content-lifecycle/node_modules/.pnpm/kysely@0.29.2/node_modules/kysely/dist/driver/default-connection-provider.js:10:20)
    at async DefaultQueryExecutor.executeQuery (file:///workspace/cms-byline-content-lifecycle/node_modules/.pnpm/kysely@0.29.2/node_modules/kysely/dist/query-executor/query-executor-base.js:38:28)
    at async SelectQueryBuilderImpl.execute (file:///workspace/cms-byline-content-lifecycle/node_modules/.pnpm/kysely@0.29.2/node_modules/kysely/dist/query-builder/select-query-builder.js:318:24)
    at async SelectQueryBuilderImpl.executeTakeFirst (file:///workspace/cms-byline-content-lifecycle/node_modules/.pnpm/kysely@0.29.2/node_modules/kysely/dist/query-builder/select-query-builder.js:322:26)
    at async MediaUsageRepository.findIndexStatus (file:///workspace/cms-byline-content-lifecycle/src/lib/server/blocks/upstream/database/repositories/media-usage.ts:2645:15)
    at async markContentMediaUsageCollectionStale (file:///workspace/cms-byline-content-lifecycle/src/lib/server/blocks/upstream/media/usage/schema-invalidation.ts:27:19)
    at async markContentMediaUsageCollectionStaleSafely (file:///workspace/cms-byline-content-lifecycle/src/lib/server/blocks/upstream/media/usage/schema-invalidation.ts:69:3) {
  [cause]: Error: no such table: _cms_media_usage_index_status: SQLITE_ERROR
      at D1DatabaseSessionAlwaysPrimary._sendOrThrow (cloudflare-internal:d1-api:140:24)
      at async cloudflare-internal:d1-api:366:41 {
    [cause]: undefined
  }
}
✔ ordinary raw existing redirect timestamp follows Source JS Date for Tue, 01 Jan 2030 00:00:00 GMT (1783.519192ms)
[media-usage] Failed to mark posts stale: Error: D1_ERROR: no such table: _cms_media_usage_index_status: SQLITE_ERROR
    at process.processTicksAndRejections (node:internal/process/task_queues:104:5)
    at async D1Connection.executeQuery (file:///workspace/cms-byline-content-lifecycle/src/lib/server/database/d1.ts:55:29)
    at async file:///workspace/cms-byline-content-lifecycle/node_modules/.pnpm/kysely@0.29.2/node_modules/kysely/dist/query-executor/query-executor-base.js:39:24
    at async DefaultConnectionProvider.provideConnection (file:///workspace/cms-byline-content-lifecycle/node_modules/.pnpm/kysely@0.29.2/node_modules/kysely/dist/driver/default-connection-provider.js:10:20)
    at async DefaultQueryExecutor.executeQuery (file:///workspace/cms-byline-content-lifecycle/node_modules/.pnpm/kysely@0.29.2/node_modules/kysely/dist/query-executor/query-executor-base.js:38:28)
    at async SelectQueryBuilderImpl.execute (file:///workspace/cms-byline-content-lifecycle/node_modules/.pnpm/kysely@0.29.2/node_modules/kysely/dist/query-builder/select-query-builder.js:318:24)
    at async SelectQueryBuilderImpl.executeTakeFirst (file:///workspace/cms-byline-content-lifecycle/node_modules/.pnpm/kysely@0.29.2/node_modules/kysely/dist/query-builder/select-query-builder.js:322:26)
    at async MediaUsageRepository.findIndexStatus (file:///workspace/cms-byline-content-lifecycle/src/lib/server/blocks/upstream/database/repositories/media-usage.ts:2645:15)
    at async markContentMediaUsageCollectionStale (file:///workspace/cms-byline-content-lifecycle/src/lib/server/blocks/upstream/media/usage/schema-invalidation.ts:27:19)
    at async markContentMediaUsageCollectionStaleSafely (file:///workspace/cms-byline-content-lifecycle/src/lib/server/blocks/upstream/media/usage/schema-invalidation.ts:69:3) {
  [cause]: Error: no such table: _cms_media_usage_index_status: SQLITE_ERROR
      at D1DatabaseSessionAlwaysPrimary._sendOrThrow (cloudflare-internal:d1-api:140:24)
      at async cloudflare-internal:d1-api:366:41 {
    [cause]: undefined
  }
}
✔ ordinary raw existing redirect timestamp follows Source JS Date for 2030-01-01T00:00:00.1235Z (1871.327692ms)
[media-usage] Failed to mark posts stale: Error: D1_ERROR: no such table: _cms_media_usage_index_status: SQLITE_ERROR
    at process.processTicksAndRejections (node:internal/process/task_queues:104:5)
    at async D1Connection.executeQuery (file:///workspace/cms-byline-content-lifecycle/src/lib/server/database/d1.ts:55:29)
    at async file:///workspace/cms-byline-content-lifecycle/node_modules/.pnpm/kysely@0.29.2/node_modules/kysely/dist/query-executor/query-executor-base.js:39:24
    at async DefaultConnectionProvider.provideConnection (file:///workspace/cms-byline-content-lifecycle/node_modules/.pnpm/kysely@0.29.2/node_modules/kysely/dist/driver/default-connection-provider.js:10:20)
    at async DefaultQueryExecutor.executeQuery (file:///workspace/cms-byline-content-lifecycle/node_modules/.pnpm/kysely@0.29.2/node_modules/kysely/dist/query-executor/query-executor-base.js:38:28)
    at async SelectQueryBuilderImpl.execute (file:///workspace/cms-byline-content-lifecycle/node_modules/.pnpm/kysely@0.29.2/node_modules/kysely/dist/query-builder/select-query-builder.js:318:24)
    at async SelectQueryBuilderImpl.executeTakeFirst (file:///workspace/cms-byline-content-lifecycle/node_modules/.pnpm/kysely@0.29.2/node_modules/kysely/dist/query-builder/select-query-builder.js:322:26)
    at async MediaUsageRepository.findIndexStatus (file:///workspace/cms-byline-content-lifecycle/src/lib/server/blocks/upstream/database/repositories/media-usage.ts:2645:15)
    at async markContentMediaUsageCollectionStale (file:///workspace/cms-byline-content-lifecycle/src/lib/server/blocks/upstream/media/usage/schema-invalidation.ts:27:19)
    at async markContentMediaUsageCollectionStaleSafely (file:///workspace/cms-byline-content-lifecycle/src/lib/server/blocks/upstream/media/usage/schema-invalidation.ts:69:3) {
  [cause]: Error: no such table: _cms_media_usage_index_status: SQLITE_ERROR
      at D1DatabaseSessionAlwaysPrimary._sendOrThrow (cloudflare-internal:d1-api:140:24)
      at async cloudflare-internal:d1-api:366:41 {
    [cause]: undefined
  }
}
✔ ordinary raw existing redirect timestamp follows Source JS Date for not-a-date (1927.999898ms)
[media-usage] Failed to mark posts stale: Error: D1_ERROR: no such table: _cms_media_usage_index_status: SQLITE_ERROR
    at process.processTicksAndRejections (node:internal/process/task_queues:104:5)
    at async D1Connection.executeQuery (file:///workspace/cms-byline-content-lifecycle/src/lib/server/database/d1.ts:55:29)
    at async file:///workspace/cms-byline-content-lifecycle/node_modules/.pnpm/kysely@0.29.2/node_modules/kysely/dist/query-executor/query-executor-base.js:39:24
    at async DefaultConnectionProvider.provideConnection (file:///workspace/cms-byline-content-lifecycle/node_modules/.pnpm/kysely@0.29.2/node_modules/kysely/dist/driver/default-connection-provider.js:10:20)
    at async DefaultQueryExecutor.executeQuery (file:///workspace/cms-byline-content-lifecycle/node_modules/.pnpm/kysely@0.29.2/node_modules/kysely/dist/query-executor/query-executor-base.js:38:28)
    at async SelectQueryBuilderImpl.execute (file:///workspace/cms-byline-content-lifecycle/node_modules/.pnpm/kysely@0.29.2/node_modules/kysely/dist/query-builder/select-query-builder.js:318:24)
    at async SelectQueryBuilderImpl.executeTakeFirst (file:///workspace/cms-byline-content-lifecycle/node_modules/.pnpm/kysely@0.29.2/node_modules/kysely/dist/query-builder/select-query-builder.js:322:26)
    at async MediaUsageRepository.findIndexStatus (file:///workspace/cms-byline-content-lifecycle/src/lib/server/blocks/upstream/database/repositories/media-usage.ts:2645:15)
    at async markContentMediaUsageCollectionStale (file:///workspace/cms-byline-content-lifecycle/src/lib/server/blocks/upstream/media/usage/schema-invalidation.ts:27:19)
    at async markContentMediaUsageCollectionStaleSafely (file:///workspace/cms-byline-content-lifecycle/src/lib/server/blocks/upstream/media/usage/schema-invalidation.ts:69:3) {
  [cause]: Error: no such table: _cms_media_usage_index_status: SQLITE_ERROR
      at D1DatabaseSessionAlwaysPrimary._sendOrThrow (cloudflare-internal:d1-api:140:24)
      at async cloudflare-internal:d1-api:366:41 {
    [cause]: undefined
  }
}
✔ ordinary scoped held redirect lease preserves Source busy error and full rollback (2357.146675ms)
[media-usage] Failed to mark posts stale: Error: D1_ERROR: no such table: _cms_media_usage_index_status: SQLITE_ERROR
    at process.processTicksAndRejections (node:internal/process/task_queues:104:5)
    at async D1Connection.executeQuery (file:///workspace/cms-byline-content-lifecycle/src/lib/server/database/d1.ts:55:29)
    at async file:///workspace/cms-byline-content-lifecycle/node_modules/.pnpm/kysely@0.29.2/node_modules/kysely/dist/query-executor/query-executor-base.js:39:24
    at async DefaultConnectionProvider.provideConnection (file:///workspace/cms-byline-content-lifecycle/node_modules/.pnpm/kysely@0.29.2/node_modules/kysely/dist/driver/default-connection-provider.js:10:20)
    at async DefaultQueryExecutor.executeQuery (file:///workspace/cms-byline-content-lifecycle/node_modules/.pnpm/kysely@0.29.2/node_modules/kysely/dist/query-executor/query-executor-base.js:38:28)
    at async SelectQueryBuilderImpl.execute (file:///workspace/cms-byline-content-lifecycle/node_modules/.pnpm/kysely@0.29.2/node_modules/kysely/dist/query-builder/select-query-builder.js:318:24)
    at async SelectQueryBuilderImpl.executeTakeFirst (file:///workspace/cms-byline-content-lifecycle/node_modules/.pnpm/kysely@0.29.2/node_modules/kysely/dist/query-builder/select-query-builder.js:322:26)
    at async MediaUsageRepository.findIndexStatus (file:///workspace/cms-byline-content-lifecycle/src/lib/server/blocks/upstream/database/repositories/media-usage.ts:2645:15)
    at async markContentMediaUsageCollectionStale (file:///workspace/cms-byline-content-lifecycle/src/lib/server/blocks/upstream/media/usage/schema-invalidation.ts:27:19)
    at async markContentMediaUsageCollectionStaleSafely (file:///workspace/cms-byline-content-lifecycle/src/lib/server/blocks/upstream/media/usage/schema-invalidation.ts:69:3) {
  [cause]: Error: no such table: _cms_media_usage_index_status: SQLITE_ERROR
      at D1DatabaseSessionAlwaysPrimary._sendOrThrow (cloudflare-internal:d1-api:140:24)
      at async cloudflare-internal:d1-api:366:41 {
    [cause]: undefined
  }
}
✔ ordinary scoped changed lease generation rolls shadow removal and content back (1715.571552ms)
[media-usage] Failed to mark posts stale: Error: D1_ERROR: no such table: _cms_media_usage_index_status: SQLITE_ERROR
    at process.processTicksAndRejections (node:internal/process/task_queues:104:5)
    at async D1Connection.executeQuery (file:///workspace/cms-byline-content-lifecycle/src/lib/server/database/d1.ts:55:29)
    at async file:///workspace/cms-byline-content-lifecycle/node_modules/.pnpm/kysely@0.29.2/node_modules/kysely/dist/query-executor/query-executor-base.js:39:24
    at async DefaultConnectionProvider.provideConnection (file:///workspace/cms-byline-content-lifecycle/node_modules/.pnpm/kysely@0.29.2/node_modules/kysely/dist/driver/default-connection-provider.js:10:20)
    at async DefaultQueryExecutor.executeQuery (file:///workspace/cms-byline-content-lifecycle/node_modules/.pnpm/kysely@0.29.2/node_modules/kysely/dist/query-executor/query-executor-base.js:38:28)
    at async SelectQueryBuilderImpl.execute (file:///workspace/cms-byline-content-lifecycle/node_modules/.pnpm/kysely@0.29.2/node_modules/kysely/dist/query-builder/select-query-builder.js:318:24)
    at async SelectQueryBuilderImpl.executeTakeFirst (file:///workspace/cms-byline-content-lifecycle/node_modules/.pnpm/kysely@0.29.2/node_modules/kysely/dist/query-builder/select-query-builder.js:322:26)
    at async MediaUsageRepository.findIndexStatus (file:///workspace/cms-byline-content-lifecycle/src/lib/server/blocks/upstream/database/repositories/media-usage.ts:2645:15)
    at async markContentMediaUsageCollectionStale (file:///workspace/cms-byline-content-lifecycle/src/lib/server/blocks/upstream/media/usage/schema-invalidation.ts:27:19)
    at async markContentMediaUsageCollectionStaleSafely (file:///workspace/cms-byline-content-lifecycle/src/lib/server/blocks/upstream/media/usage/schema-invalidation.ts:69:3) {
  [cause]: Error: no such table: _cms_media_usage_index_status: SQLITE_ERROR
      at D1DatabaseSessionAlwaysPrimary._sendOrThrow (cloudflare-internal:d1-api:140:24)
      at async cloudflare-internal:d1-api:366:41 {
    [cause]: undefined
  }
}
✔ ordinary scoped partial redirect schema refuses the content save before writing (1585.316334ms)
[media-usage] Failed to mark posts stale: Error: D1_ERROR: no such table: _cms_media_usage_index_status: SQLITE_ERROR
    at process.processTicksAndRejections (node:internal/process/task_queues:104:5)
    at async D1Connection.executeQuery (file:///workspace/cms-byline-content-lifecycle/src/lib/server/database/d1.ts:55:29)
    at async file:///workspace/cms-byline-content-lifecycle/node_modules/.pnpm/kysely@0.29.2/node_modules/kysely/dist/query-executor/query-executor-base.js:39:24
    at async DefaultConnectionProvider.provideConnection (file:///workspace/cms-byline-content-lifecycle/node_modules/.pnpm/kysely@0.29.2/node_modules/kysely/dist/driver/default-connection-provider.js:10:20)
    at async DefaultQueryExecutor.executeQuery (file:///workspace/cms-byline-content-lifecycle/node_modules/.pnpm/kysely@0.29.2/node_modules/kysely/dist/query-executor/query-executor-base.js:38:28)
    at async SelectQueryBuilderImpl.execute (file:///workspace/cms-byline-content-lifecycle/node_modules/.pnpm/kysely@0.29.2/node_modules/kysely/dist/query-builder/select-query-builder.js:318:24)
    at async SelectQueryBuilderImpl.executeTakeFirst (file:///workspace/cms-byline-content-lifecycle/node_modules/.pnpm/kysely@0.29.2/node_modules/kysely/dist/query-builder/select-query-builder.js:322:26)
    at async MediaUsageRepository.findIndexStatus (file:///workspace/cms-byline-content-lifecycle/src/lib/server/blocks/upstream/database/repositories/media-usage.ts:2645:15)
    at async markContentMediaUsageCollectionStale (file:///workspace/cms-byline-content-lifecycle/src/lib/server/blocks/upstream/media/usage/schema-invalidation.ts:27:19)
    at async markContentMediaUsageCollectionStaleSafely (file:///workspace/cms-byline-content-lifecycle/src/lib/server/blocks/upstream/media/usage/schema-invalidation.ts:69:3) {
  [cause]: Error: no such table: _cms_media_usage_index_status: SQLITE_ERROR
      at D1DatabaseSessionAlwaysPrimary._sendOrThrow (cloudflare-internal:d1-api:140:24)
      at async cloudflare-internal:d1-api:366:41 {
    [cause]: undefined
  }
}
✔ ordinary scoped stale content CAS does not write a redirect or change the externally updated version (1548.032178ms)
[media-usage] Failed to mark posts stale: Error: D1_ERROR: no such table: _cms_media_usage_index_status: SQLITE_ERROR
    at process.processTicksAndRejections (node:internal/process/task_queues:104:5)
    at async D1Connection.executeQuery (file:///workspace/cms-byline-content-lifecycle/src/lib/server/database/d1.ts:55:29)
    at async file:///workspace/cms-byline-content-lifecycle/node_modules/.pnpm/kysely@0.29.2/node_modules/kysely/dist/query-executor/query-executor-base.js:39:24
    at async DefaultConnectionProvider.provideConnection (file:///workspace/cms-byline-content-lifecycle/node_modules/.pnpm/kysely@0.29.2/node_modules/kysely/dist/driver/default-connection-provider.js:10:20)
    at async DefaultQueryExecutor.executeQuery (file:///workspace/cms-byline-content-lifecycle/node_modules/.pnpm/kysely@0.29.2/node_modules/kysely/dist/query-executor/query-executor-base.js:38:28)
    at async SelectQueryBuilderImpl.execute (file:///workspace/cms-byline-content-lifecycle/node_modules/.pnpm/kysely@0.29.2/node_modules/kysely/dist/query-builder/select-query-builder.js:318:24)
    at async SelectQueryBuilderImpl.executeTakeFirst (file:///workspace/cms-byline-content-lifecycle/node_modules/.pnpm/kysely@0.29.2/node_modules/kysely/dist/query-builder/select-query-builder.js:322:26)
    at async MediaUsageRepository.findIndexStatus (file:///workspace/cms-byline-content-lifecycle/src/lib/server/blocks/upstream/database/repositories/media-usage.ts:2645:15)
    at async markContentMediaUsageCollectionStale (file:///workspace/cms-byline-content-lifecycle/src/lib/server/blocks/upstream/media/usage/schema-invalidation.ts:27:19)
    at async markContentMediaUsageCollectionStaleSafely (file:///workspace/cms-byline-content-lifecycle/src/lib/server/blocks/upstream/media/usage/schema-invalidation.ts:69:3) {
  [cause]: Error: no such table: _cms_media_usage_index_status: SQLITE_ERROR
      at D1DatabaseSessionAlwaysPrimary._sendOrThrow (cloudflare-internal:d1-api:140:24)
      at async cloudflare-internal:d1-api:366:41 {
    [cause]: undefined
  }
}
✔ ordinary scoped existing redirect timestamp follows Source JS Date for Tue, 01 Jan 2030 00:00:00 GMT (1699.378603ms)
[media-usage] Failed to mark posts stale: Error: D1_ERROR: no such table: _cms_media_usage_index_status: SQLITE_ERROR
    at process.processTicksAndRejections (node:internal/process/task_queues:104:5)
    at async D1Connection.executeQuery (file:///workspace/cms-byline-content-lifecycle/src/lib/server/database/d1.ts:55:29)
    at async file:///workspace/cms-byline-content-lifecycle/node_modules/.pnpm/kysely@0.29.2/node_modules/kysely/dist/query-executor/query-executor-base.js:39:24
    at async DefaultConnectionProvider.provideConnection (file:///workspace/cms-byline-content-lifecycle/node_modules/.pnpm/kysely@0.29.2/node_modules/kysely/dist/driver/default-connection-provider.js:10:20)
    at async DefaultQueryExecutor.executeQuery (file:///workspace/cms-byline-content-lifecycle/node_modules/.pnpm/kysely@0.29.2/node_modules/kysely/dist/query-executor/query-executor-base.js:38:28)
    at async SelectQueryBuilderImpl.execute (file:///workspace/cms-byline-content-lifecycle/node_modules/.pnpm/kysely@0.29.2/node_modules/kysely/dist/query-builder/select-query-builder.js:318:24)
    at async SelectQueryBuilderImpl.executeTakeFirst (file:///workspace/cms-byline-content-lifecycle/node_modules/.pnpm/kysely@0.29.2/node_modules/kysely/dist/query-builder/select-query-builder.js:322:26)
    at async MediaUsageRepository.findIndexStatus (file:///workspace/cms-byline-content-lifecycle/src/lib/server/blocks/upstream/database/repositories/media-usage.ts:2645:15)
    at async markContentMediaUsageCollectionStale (file:///workspace/cms-byline-content-lifecycle/src/lib/server/blocks/upstream/media/usage/schema-invalidation.ts:27:19)
    at async markContentMediaUsageCollectionStaleSafely (file:///workspace/cms-byline-content-lifecycle/src/lib/server/blocks/upstream/media/usage/schema-invalidation.ts:69:3) {
  [cause]: Error: no such table: _cms_media_usage_index_status: SQLITE_ERROR
      at D1DatabaseSessionAlwaysPrimary._sendOrThrow (cloudflare-internal:d1-api:140:24)
      at async cloudflare-internal:d1-api:366:41 {
    [cause]: undefined
  }
}
✔ ordinary scoped existing redirect timestamp follows Source JS Date for 2030-01-01T00:00:00.1235Z (1775.117257ms)
[media-usage] Failed to mark posts stale: Error: D1_ERROR: no such table: _cms_media_usage_index_status: SQLITE_ERROR
    at process.processTicksAndRejections (node:internal/process/task_queues:104:5)
    at async D1Connection.executeQuery (file:///workspace/cms-byline-content-lifecycle/src/lib/server/database/d1.ts:55:29)
    at async file:///workspace/cms-byline-content-lifecycle/node_modules/.pnpm/kysely@0.29.2/node_modules/kysely/dist/query-executor/query-executor-base.js:39:24
    at async DefaultConnectionProvider.provideConnection (file:///workspace/cms-byline-content-lifecycle/node_modules/.pnpm/kysely@0.29.2/node_modules/kysely/dist/driver/default-connection-provider.js:10:20)
    at async DefaultQueryExecutor.executeQuery (file:///workspace/cms-byline-content-lifecycle/node_modules/.pnpm/kysely@0.29.2/node_modules/kysely/dist/query-executor/query-executor-base.js:38:28)
    at async SelectQueryBuilderImpl.execute (file:///workspace/cms-byline-content-lifecycle/node_modules/.pnpm/kysely@0.29.2/node_modules/kysely/dist/query-builder/select-query-builder.js:318:24)
    at async SelectQueryBuilderImpl.executeTakeFirst (file:///workspace/cms-byline-content-lifecycle/node_modules/.pnpm/kysely@0.29.2/node_modules/kysely/dist/query-builder/select-query-builder.js:322:26)
    at async MediaUsageRepository.findIndexStatus (file:///workspace/cms-byline-content-lifecycle/src/lib/server/blocks/upstream/database/repositories/media-usage.ts:2645:15)
    at async markContentMediaUsageCollectionStale (file:///workspace/cms-byline-content-lifecycle/src/lib/server/blocks/upstream/media/usage/schema-invalidation.ts:27:19)
    at async markContentMediaUsageCollectionStaleSafely (file:///workspace/cms-byline-content-lifecycle/src/lib/server/blocks/upstream/media/usage/schema-invalidation.ts:69:3) {
  [cause]: Error: no such table: _cms_media_usage_index_status: SQLITE_ERROR
      at D1DatabaseSessionAlwaysPrimary._sendOrThrow (cloudflare-internal:d1-api:140:24)
      at async cloudflare-internal:d1-api:366:41 {
    [cause]: undefined
  }
}
✔ ordinary scoped existing redirect timestamp follows Source JS Date for not-a-date (2153.09541ms)
[media-usage] Failed to mark posts stale: Error: D1_ERROR: no such table: _cms_media_usage_index_status: SQLITE_ERROR
    at process.processTicksAndRejections (node:internal/process/task_queues:104:5)
    at async D1Connection.executeQuery (file:///workspace/cms-byline-content-lifecycle/src/lib/server/database/d1.ts:55:29)
    at async file:///workspace/cms-byline-content-lifecycle/node_modules/.pnpm/kysely@0.29.2/node_modules/kysely/dist/query-executor/query-executor-base.js:39:24
    at async DefaultConnectionProvider.provideConnection (file:///workspace/cms-byline-content-lifecycle/node_modules/.pnpm/kysely@0.29.2/node_modules/kysely/dist/driver/default-connection-provider.js:10:20)
    at async DefaultQueryExecutor.executeQuery (file:///workspace/cms-byline-content-lifecycle/node_modules/.pnpm/kysely@0.29.2/node_modules/kysely/dist/query-executor/query-executor-base.js:38:28)
    at async SelectQueryBuilderImpl.execute (file:///workspace/cms-byline-content-lifecycle/node_modules/.pnpm/kysely@0.29.2/node_modules/kysely/dist/query-builder/select-query-builder.js:318:24)
    at async SelectQueryBuilderImpl.executeTakeFirst (file:///workspace/cms-byline-content-lifecycle/node_modules/.pnpm/kysely@0.29.2/node_modules/kysely/dist/query-builder/select-query-builder.js:322:26)
    at async MediaUsageRepository.findIndexStatus (file:///workspace/cms-byline-content-lifecycle/src/lib/server/blocks/upstream/database/repositories/media-usage.ts:2645:15)
    at async markContentMediaUsageCollectionStale (file:///workspace/cms-byline-content-lifecycle/src/lib/server/blocks/upstream/media/usage/schema-invalidation.ts:27:19)
    at async markContentMediaUsageCollectionStaleSafely (file:///workspace/cms-byline-content-lifecycle/src/lib/server/blocks/upstream/media/usage/schema-invalidation.ts:69:3) {
  [cause]: Error: no such table: _cms_media_usage_index_status: SQLITE_ERROR
      at D1DatabaseSessionAlwaysPrimary._sendOrThrow (cloudflare-internal:d1-api:140:24)
      at async cloudflare-internal:d1-api:366:41 {
    [cause]: undefined
  }
}
✔ actual raw D1 content save commits redirects and collapses/reverts its chain (2455.278554ms)
[media-usage] Failed to mark posts stale: Error: D1_ERROR: no such table: _cms_media_usage_index_status: SQLITE_ERROR
    at process.processTicksAndRejections (node:internal/process/task_queues:104:5)
    at async D1Connection.executeQuery (file:///workspace/cms-byline-content-lifecycle/src/lib/server/database/d1.ts:55:29)
    at async file:///workspace/cms-byline-content-lifecycle/node_modules/.pnpm/kysely@0.29.2/node_modules/kysely/dist/query-executor/query-executor-base.js:39:24
    at async DefaultConnectionProvider.provideConnection (file:///workspace/cms-byline-content-lifecycle/node_modules/.pnpm/kysely@0.29.2/node_modules/kysely/dist/driver/default-connection-provider.js:10:20)
    at async DefaultQueryExecutor.executeQuery (file:///workspace/cms-byline-content-lifecycle/node_modules/.pnpm/kysely@0.29.2/node_modules/kysely/dist/query-executor/query-executor-base.js:38:28)
    at async SelectQueryBuilderImpl.execute (file:///workspace/cms-byline-content-lifecycle/node_modules/.pnpm/kysely@0.29.2/node_modules/kysely/dist/query-builder/select-query-builder.js:318:24)
    at async SelectQueryBuilderImpl.executeTakeFirst (file:///workspace/cms-byline-content-lifecycle/node_modules/.pnpm/kysely@0.29.2/node_modules/kysely/dist/query-builder/select-query-builder.js:322:26)
    at async MediaUsageRepository.findIndexStatus (file:///workspace/cms-byline-content-lifecycle/src/lib/server/blocks/upstream/database/repositories/media-usage.ts:2645:15)
    at async markContentMediaUsageCollectionStale (file:///workspace/cms-byline-content-lifecycle/src/lib/server/blocks/upstream/media/usage/schema-invalidation.ts:27:19)
    at async markContentMediaUsageCollectionStaleSafely (file:///workspace/cms-byline-content-lifecycle/src/lib/server/blocks/upstream/media/usage/schema-invalidation.ts:69:3) {
  [cause]: Error: no such table: _cms_media_usage_index_status: SQLITE_ERROR
      at D1DatabaseSessionAlwaysPrimary._sendOrThrow (cloudflare-internal:d1-api:140:24)
      at async cloudflare-internal:d1-api:366:41 {
    [cause]: undefined
  }
}
✔ actual raw D1 redirect failure rolls content back in the same physical batch (1718.651193ms)
[media-usage] Failed to mark posts stale: Error: D1_ERROR: no such table: _cms_media_usage_index_status: SQLITE_ERROR
    at process.processTicksAndRejections (node:internal/process/task_queues:104:5)
    at async D1Connection.executeQuery (file:///workspace/cms-byline-content-lifecycle/src/lib/server/database/d1.ts:55:29)
    at async file:///workspace/cms-byline-content-lifecycle/node_modules/.pnpm/kysely@0.29.2/node_modules/kysely/dist/query-executor/query-executor-base.js:39:24
    at async DefaultConnectionProvider.provideConnection (file:///workspace/cms-byline-content-lifecycle/node_modules/.pnpm/kysely@0.29.2/node_modules/kysely/dist/driver/default-connection-provider.js:10:20)
    at async DefaultQueryExecutor.executeQuery (file:///workspace/cms-byline-content-lifecycle/node_modules/.pnpm/kysely@0.29.2/node_modules/kysely/dist/query-executor/query-executor-base.js:38:28)
    at async SelectQueryBuilderImpl.execute (file:///workspace/cms-byline-content-lifecycle/node_modules/.pnpm/kysely@0.29.2/node_modules/kysely/dist/query-builder/select-query-builder.js:318:24)
    at async SelectQueryBuilderImpl.executeTakeFirst (file:///workspace/cms-byline-content-lifecycle/node_modules/.pnpm/kysely@0.29.2/node_modules/kysely/dist/query-builder/select-query-builder.js:322:26)
    at async MediaUsageRepository.findIndexStatus (file:///workspace/cms-byline-content-lifecycle/src/lib/server/blocks/upstream/database/repositories/media-usage.ts:2645:15)
    at async markContentMediaUsageCollectionStale (file:///workspace/cms-byline-content-lifecycle/src/lib/server/blocks/upstream/media/usage/schema-invalidation.ts:27:19)
    at async markContentMediaUsageCollectionStaleSafely (file:///workspace/cms-byline-content-lifecycle/src/lib/server/blocks/upstream/media/usage/schema-invalidation.ts:69:3) {
  [cause]: Error: no such table: _cms_media_usage_index_status: SQLITE_ERROR
      at D1DatabaseSessionAlwaysPrimary._sendOrThrow (cloudflare-internal:d1-api:140:24)
      at async cloudflare-internal:d1-api:366:41 {
    [cause]: undefined
  }
}
✔ actual raw D1 occupied redirect lease refuses the whole content save (2354.975358ms)
[media-usage] Failed to mark posts stale: Error: D1_ERROR: no such table: _cms_media_usage_index_status: SQLITE_ERROR
    at process.processTicksAndRejections (node:internal/process/task_queues:104:5)
    at async D1Connection.executeQuery (file:///workspace/cms-byline-content-lifecycle/src/lib/server/database/d1.ts:55:29)
    at async file:///workspace/cms-byline-content-lifecycle/node_modules/.pnpm/kysely@0.29.2/node_modules/kysely/dist/query-executor/query-executor-base.js:39:24
    at async DefaultConnectionProvider.provideConnection (file:///workspace/cms-byline-content-lifecycle/node_modules/.pnpm/kysely@0.29.2/node_modules/kysely/dist/driver/default-connection-provider.js:10:20)
    at async DefaultQueryExecutor.executeQuery (file:///workspace/cms-byline-content-lifecycle/node_modules/.pnpm/kysely@0.29.2/node_modules/kysely/dist/query-executor/query-executor-base.js:38:28)
    at async SelectQueryBuilderImpl.execute (file:///workspace/cms-byline-content-lifecycle/node_modules/.pnpm/kysely@0.29.2/node_modules/kysely/dist/query-builder/select-query-builder.js:318:24)
    at async SelectQueryBuilderImpl.executeTakeFirst (file:///workspace/cms-byline-content-lifecycle/node_modules/.pnpm/kysely@0.29.2/node_modules/kysely/dist/query-builder/select-query-builder.js:322:26)
    at async MediaUsageRepository.findIndexStatus (file:///workspace/cms-byline-content-lifecycle/src/lib/server/blocks/upstream/database/repositories/media-usage.ts:2645:15)
    at async markContentMediaUsageCollectionStale (file:///workspace/cms-byline-content-lifecycle/src/lib/server/blocks/upstream/media/usage/schema-invalidation.ts:27:19)
    at async markContentMediaUsageCollectionStaleSafely (file:///workspace/cms-byline-content-lifecycle/src/lib/server/blocks/upstream/media/usage/schema-invalidation.ts:69:3) {
  [cause]: Error: no such table: _cms_media_usage_index_status: SQLITE_ERROR
      at D1DatabaseSessionAlwaysPrimary._sendOrThrow (cloudflare-internal:d1-api:140:24)
      at async cloudflare-internal:d1-api:366:41 {
    [cause]: undefined
  }
}
✔ actual scoped D1 content save commits redirects and collapses/reverts its chain (2168.948431ms)
[media-usage] Failed to mark posts stale: Error: D1_ERROR: no such table: _cms_media_usage_index_status: SQLITE_ERROR
    at process.processTicksAndRejections (node:internal/process/task_queues:104:5)
    at async D1Connection.executeQuery (file:///workspace/cms-byline-content-lifecycle/src/lib/server/database/d1.ts:55:29)
    at async file:///workspace/cms-byline-content-lifecycle/node_modules/.pnpm/kysely@0.29.2/node_modules/kysely/dist/query-executor/query-executor-base.js:39:24
    at async DefaultConnectionProvider.provideConnection (file:///workspace/cms-byline-content-lifecycle/node_modules/.pnpm/kysely@0.29.2/node_modules/kysely/dist/driver/default-connection-provider.js:10:20)
    at async DefaultQueryExecutor.executeQuery (file:///workspace/cms-byline-content-lifecycle/node_modules/.pnpm/kysely@0.29.2/node_modules/kysely/dist/query-executor/query-executor-base.js:38:28)
    at async SelectQueryBuilderImpl.execute (file:///workspace/cms-byline-content-lifecycle/node_modules/.pnpm/kysely@0.29.2/node_modules/kysely/dist/query-builder/select-query-builder.js:318:24)
    at async SelectQueryBuilderImpl.executeTakeFirst (file:///workspace/cms-byline-content-lifecycle/node_modules/.pnpm/kysely@0.29.2/node_modules/kysely/dist/query-builder/select-query-builder.js:322:26)
    at async MediaUsageRepository.findIndexStatus (file:///workspace/cms-byline-content-lifecycle/src/lib/server/blocks/upstream/database/repositories/media-usage.ts:2645:15)
    at async markContentMediaUsageCollectionStale (file:///workspace/cms-byline-content-lifecycle/src/lib/server/blocks/upstream/media/usage/schema-invalidation.ts:27:19)
    at async markContentMediaUsageCollectionStaleSafely (file:///workspace/cms-byline-content-lifecycle/src/lib/server/blocks/upstream/media/usage/schema-invalidation.ts:69:3) {
  [cause]: Error: no such table: _cms_media_usage_index_status: SQLITE_ERROR
      at D1DatabaseSessionAlwaysPrimary._sendOrThrow (cloudflare-internal:d1-api:140:24)
      at async cloudflare-internal:d1-api:366:41 {
    [cause]: undefined
  }
}
✔ actual scoped D1 redirect failure rolls content back in the same physical batch (1771.315892ms)
[media-usage] Failed to mark posts stale: Error: D1_ERROR: no such table: _cms_media_usage_index_status: SQLITE_ERROR
    at process.processTicksAndRejections (node:internal/process/task_queues:104:5)
    at async D1Connection.executeQuery (file:///workspace/cms-byline-content-lifecycle/src/lib/server/database/d1.ts:55:29)
    at async file:///workspace/cms-byline-content-lifecycle/node_modules/.pnpm/kysely@0.29.2/node_modules/kysely/dist/query-executor/query-executor-base.js:39:24
    at async DefaultConnectionProvider.provideConnection (file:///workspace/cms-byline-content-lifecycle/node_modules/.pnpm/kysely@0.29.2/node_modules/kysely/dist/driver/default-connection-provider.js:10:20)
    at async DefaultQueryExecutor.executeQuery (file:///workspace/cms-byline-content-lifecycle/node_modules/.pnpm/kysely@0.29.2/node_modules/kysely/dist/query-executor/query-executor-base.js:38:28)
    at async SelectQueryBuilderImpl.execute (file:///workspace/cms-byline-content-lifecycle/node_modules/.pnpm/kysely@0.29.2/node_modules/kysely/dist/query-builder/select-query-builder.js:318:24)
    at async SelectQueryBuilderImpl.executeTakeFirst (file:///workspace/cms-byline-content-lifecycle/node_modules/.pnpm/kysely@0.29.2/node_modules/kysely/dist/query-builder/select-query-builder.js:322:26)
    at async MediaUsageRepository.findIndexStatus (file:///workspace/cms-byline-content-lifecycle/src/lib/server/blocks/upstream/database/repositories/media-usage.ts:2645:15)
    at async markContentMediaUsageCollectionStale (file:///workspace/cms-byline-content-lifecycle/src/lib/server/blocks/upstream/media/usage/schema-invalidation.ts:27:19)
    at async markContentMediaUsageCollectionStaleSafely (file:///workspace/cms-byline-content-lifecycle/src/lib/server/blocks/upstream/media/usage/schema-invalidation.ts:69:3) {
  [cause]: Error: no such table: _cms_media_usage_index_status: SQLITE_ERROR
      at D1DatabaseSessionAlwaysPrimary._sendOrThrow (cloudflare-internal:d1-api:140:24)
      at async cloudflare-internal:d1-api:366:41 {
    [cause]: undefined
  }
}
✔ actual scoped D1 occupied redirect lease refuses the whole content save (2504.190251ms)
[media-usage] Failed to mark posts stale: Error: no such table: _cms_media_usage_index_status
    at NodeSqliteCompatDatabase.prepare (file:///workspace/cms-byline-content-lifecycle/src/lib/server/database/node-sqlite-compat.ts:82:36)
    at SqliteConnection.executeQuery (file:///workspace/cms-byline-content-lifecycle/node_modules/.pnpm/kysely@0.29.2/node_modules/kysely/dist/dialect/sqlite/sqlite-driver.js:58:31)
    at file:///workspace/cms-byline-content-lifecycle/node_modules/.pnpm/kysely@0.29.2/node_modules/kysely/dist/query-executor/query-executor-base.js:39:41
    at DefaultConnectionProvider.provideConnection (file:///workspace/cms-byline-content-lifecycle/node_modules/.pnpm/kysely@0.29.2/node_modules/kysely/dist/driver/default-connection-provider.js:10:26)
    at async DefaultQueryExecutor.executeQuery (file:///workspace/cms-byline-content-lifecycle/node_modules/.pnpm/kysely@0.29.2/node_modules/kysely/dist/query-executor/query-executor-base.js:38:28)
    at async SelectQueryBuilderImpl.execute (file:///workspace/cms-byline-content-lifecycle/node_modules/.pnpm/kysely@0.29.2/node_modules/kysely/dist/query-builder/select-query-builder.js:318:24)
    at async SelectQueryBuilderImpl.executeTakeFirst (file:///workspace/cms-byline-content-lifecycle/node_modules/.pnpm/kysely@0.29.2/node_modules/kysely/dist/query-builder/select-query-builder.js:322:26)
    at async MediaUsageRepository.findIndexStatus (file:///workspace/cms-byline-content-lifecycle/src/lib/server/blocks/upstream/database/repositories/media-usage.ts:2645:15)
    at async markContentMediaUsageCollectionStale (file:///workspace/cms-byline-content-lifecycle/src/lib/server/blocks/upstream/media/usage/schema-invalidation.ts:27:19)
    at async markContentMediaUsageCollectionStaleSafely (file:///workspace/cms-byline-content-lifecycle/src/lib/server/blocks/upstream/media/usage/schema-invalidation.ts:69:3) {
  code: 'ERR_SQLITE_ERROR',
  errcode: 1,
  errstr: 'SQL logic error'
}
[media-usage] Failed to mark posts stale: Error: no such table: _cms_media_usage_index_status
    at NodeSqliteCompatDatabase.prepare (file:///workspace/cms-byline-content-lifecycle/src/lib/server/database/node-sqlite-compat.ts:82:36)
    at SqliteConnection.executeQuery (file:///workspace/cms-byline-content-lifecycle/node_modules/.pnpm/kysely@0.29.2/node_modules/kysely/dist/dialect/sqlite/sqlite-driver.js:58:31)
    at file:///workspace/cms-byline-content-lifecycle/node_modules/.pnpm/kysely@0.29.2/node_modules/kysely/dist/query-executor/query-executor-base.js:39:41
    at DefaultConnectionProvider.provideConnection (file:///workspace/cms-byline-content-lifecycle/node_modules/.pnpm/kysely@0.29.2/node_modules/kysely/dist/driver/default-connection-provider.js:10:26)
    at async DefaultQueryExecutor.executeQuery (file:///workspace/cms-byline-content-lifecycle/node_modules/.pnpm/kysely@0.29.2/node_modules/kysely/dist/query-executor/query-executor-base.js:38:28)
    at async SelectQueryBuilderImpl.execute (file:///workspace/cms-byline-content-lifecycle/node_modules/.pnpm/kysely@0.29.2/node_modules/kysely/dist/query-builder/select-query-builder.js:318:24)
    at async SelectQueryBuilderImpl.executeTakeFirst (file:///workspace/cms-byline-content-lifecycle/node_modules/.pnpm/kysely@0.29.2/node_modules/kysely/dist/query-builder/select-query-builder.js:322:26)
    at async MediaUsageRepository.findIndexStatus (file:///workspace/cms-byline-content-lifecycle/src/lib/server/blocks/upstream/database/repositories/media-usage.ts:2645:15)
    at async markContentMediaUsageCollectionStale (file:///workspace/cms-byline-content-lifecycle/src/lib/server/blocks/upstream/media/usage/schema-invalidation.ts:27:19)
    at async markContentMediaUsageCollectionStaleSafely (file:///workspace/cms-byline-content-lifecycle/src/lib/server/blocks/upstream/media/usage/schema-invalidation.ts:69:3) {
  code: 'ERR_SQLITE_ERROR',
  errcode: 1,
  errstr: 'SQL logic error'
}
✔ actual content service slug save persists and publishes its automatic redirect (71.569225ms)
[media-usage] Failed to mark posts stale: Error: no such table: _cms_media_usage_index_status
    at NodeSqliteCompatDatabase.prepare (file:///workspace/cms-byline-content-lifecycle/src/lib/server/database/node-sqlite-compat.ts:82:36)
    at SqliteConnection.executeQuery (file:///workspace/cms-byline-content-lifecycle/node_modules/.pnpm/kysely@0.29.2/node_modules/kysely/dist/dialect/sqlite/sqlite-driver.js:58:31)
    at file:///workspace/cms-byline-content-lifecycle/node_modules/.pnpm/kysely@0.29.2/node_modules/kysely/dist/query-executor/query-executor-base.js:39:41
    at DefaultConnectionProvider.provideConnection (file:///workspace/cms-byline-content-lifecycle/node_modules/.pnpm/kysely@0.29.2/node_modules/kysely/dist/driver/default-connection-provider.js:10:26)
    at async DefaultQueryExecutor.executeQuery (file:///workspace/cms-byline-content-lifecycle/node_modules/.pnpm/kysely@0.29.2/node_modules/kysely/dist/query-executor/query-executor-base.js:38:28)
    at async SelectQueryBuilderImpl.execute (file:///workspace/cms-byline-content-lifecycle/node_modules/.pnpm/kysely@0.29.2/node_modules/kysely/dist/query-builder/select-query-builder.js:318:24)
    at async SelectQueryBuilderImpl.executeTakeFirst (file:///workspace/cms-byline-content-lifecycle/node_modules/.pnpm/kysely@0.29.2/node_modules/kysely/dist/query-builder/select-query-builder.js:322:26)
    at async MediaUsageRepository.findIndexStatus (file:///workspace/cms-byline-content-lifecycle/src/lib/server/blocks/upstream/database/repositories/media-usage.ts:2645:15)
    at async markContentMediaUsageCollectionStale (file:///workspace/cms-byline-content-lifecycle/src/lib/server/blocks/upstream/media/usage/schema-invalidation.ts:27:19)
    at async markContentMediaUsageCollectionStaleSafely (file:///workspace/cms-byline-content-lifecycle/src/lib/server/blocks/upstream/media/usage/schema-invalidation.ts:69:3) {
  code: 'ERR_SQLITE_ERROR',
  errcode: 1,
  errstr: 'SQL logic error'
}
[media-usage] Failed to mark posts stale: Error: no such table: _cms_media_usage_index_status
    at NodeSqliteCompatDatabase.prepare (file:///workspace/cms-byline-content-lifecycle/src/lib/server/database/node-sqlite-compat.ts:82:36)
    at SqliteConnection.executeQuery (file:///workspace/cms-byline-content-lifecycle/node_modules/.pnpm/kysely@0.29.2/node_modules/kysely/dist/dialect/sqlite/sqlite-driver.js:58:31)
    at file:///workspace/cms-byline-content-lifecycle/node_modules/.pnpm/kysely@0.29.2/node_modules/kysely/dist/query-executor/query-executor-base.js:39:41
    at DefaultConnectionProvider.provideConnection (file:///workspace/cms-byline-content-lifecycle/node_modules/.pnpm/kysely@0.29.2/node_modules/kysely/dist/driver/default-connection-provider.js:10:26)
    at async DefaultQueryExecutor.executeQuery (file:///workspace/cms-byline-content-lifecycle/node_modules/.pnpm/kysely@0.29.2/node_modules/kysely/dist/query-executor/query-executor-base.js:38:28)
    at async SelectQueryBuilderImpl.execute (file:///workspace/cms-byline-content-lifecycle/node_modules/.pnpm/kysely@0.29.2/node_modules/kysely/dist/query-builder/select-query-builder.js:318:24)
    at async SelectQueryBuilderImpl.executeTakeFirst (file:///workspace/cms-byline-content-lifecycle/node_modules/.pnpm/kysely@0.29.2/node_modules/kysely/dist/query-builder/select-query-builder.js:322:26)
    at async MediaUsageRepository.findIndexStatus (file:///workspace/cms-byline-content-lifecycle/src/lib/server/blocks/upstream/database/repositories/media-usage.ts:2645:15)
    at async markContentMediaUsageCollectionStale (file:///workspace/cms-byline-content-lifecycle/src/lib/server/blocks/upstream/media/usage/schema-invalidation.ts:27:19)
    at async markContentMediaUsageCollectionStaleSafely (file:///workspace/cms-byline-content-lifecycle/src/lib/server/blocks/upstream/media/usage/schema-invalidation.ts:69:3) {
  code: 'ERR_SQLITE_ERROR',
  errcode: 1,
  errstr: 'SQL logic error'
}
[media-usage] Failed to mark posts stale: Error: no such table: _cms_media_usage_index_status
    at NodeSqliteCompatDatabase.prepare (file:///workspace/cms-byline-content-lifecycle/src/lib/server/database/node-sqlite-compat.ts:82:36)
    at SqliteConnection.executeQuery (file:///workspace/cms-byline-content-lifecycle/node_modules/.pnpm/kysely@0.29.2/node_modules/kysely/dist/dialect/sqlite/sqlite-driver.js:58:31)
    at file:///workspace/cms-byline-content-lifecycle/node_modules/.pnpm/kysely@0.29.2/node_modules/kysely/dist/query-executor/query-executor-base.js:39:41
    at DefaultConnectionProvider.provideConnection (file:///workspace/cms-byline-content-lifecycle/node_modules/.pnpm/kysely@0.29.2/node_modules/kysely/dist/driver/default-connection-provider.js:10:26)
    at async DefaultQueryExecutor.executeQuery (file:///workspace/cms-byline-content-lifecycle/node_modules/.pnpm/kysely@0.29.2/node_modules/kysely/dist/query-executor/query-executor-base.js:38:28)
    at async SelectQueryBuilderImpl.execute (file:///workspace/cms-byline-content-lifecycle/node_modules/.pnpm/kysely@0.29.2/node_modules/kysely/dist/query-builder/select-query-builder.js:318:24)
    at async SelectQueryBuilderImpl.executeTakeFirst (file:///workspace/cms-byline-content-lifecycle/node_modules/.pnpm/kysely@0.29.2/node_modules/kysely/dist/query-builder/select-query-builder.js:322:26)
    at async MediaUsageRepository.findIndexStatus (file:///workspace/cms-byline-content-lifecycle/src/lib/server/blocks/upstream/database/repositories/media-usage.ts:2645:15)
    at async markContentMediaUsageCollectionStale (file:///workspace/cms-byline-content-lifecycle/src/lib/server/blocks/upstream/media/usage/schema-invalidation.ts:27:19)
    at async markContentMediaUsageCollectionStaleSafely (file:///workspace/cms-byline-content-lifecycle/src/lib/server/blocks/upstream/media/usage/schema-invalidation.ts:69:3) {
  code: 'ERR_SQLITE_ERROR',
  errcode: 1,
  errstr: 'SQL logic error'
}
[media-usage] Failed to mark posts stale: Error: no such table: _cms_media_usage_index_status
    at NodeSqliteCompatDatabase.prepare (file:///workspace/cms-byline-content-lifecycle/src/lib/server/database/node-sqlite-compat.ts:82:36)
    at SqliteConnection.executeQuery (file:///workspace/cms-byline-content-lifecycle/node_modules/.pnpm/kysely@0.29.2/node_modules/kysely/dist/dialect/sqlite/sqlite-driver.js:58:31)
    at file:///workspace/cms-byline-content-lifecycle/node_modules/.pnpm/kysely@0.29.2/node_modules/kysely/dist/query-executor/query-executor-base.js:39:41
    at DefaultConnectionProvider.provideConnection (file:///workspace/cms-byline-content-lifecycle/node_modules/.pnpm/kysely@0.29.2/node_modules/kysely/dist/driver/default-connection-provider.js:10:26)
    at async DefaultQueryExecutor.executeQuery (file:///workspace/cms-byline-content-lifecycle/node_modules/.pnpm/kysely@0.29.2/node_modules/kysely/dist/query-executor/query-executor-base.js:38:28)
    at async SelectQueryBuilderImpl.execute (file:///workspace/cms-byline-content-lifecycle/node_modules/.pnpm/kysely@0.29.2/node_modules/kysely/dist/query-builder/select-query-builder.js:318:24)
    at async SelectQueryBuilderImpl.executeTakeFirst (file:///workspace/cms-byline-content-lifecycle/node_modules/.pnpm/kysely@0.29.2/node_modules/kysely/dist/query-builder/select-query-builder.js:322:26)
    at async MediaUsageRepository.findIndexStatus (file:///workspace/cms-byline-content-lifecycle/src/lib/server/blocks/upstream/database/repositories/media-usage.ts:2645:15)
    at async markContentMediaUsageCollectionStale (file:///workspace/cms-byline-content-lifecycle/src/lib/server/blocks/upstream/media/usage/schema-invalidation.ts:27:19)
    at async markContentMediaUsageCollectionStaleSafely (file:///workspace/cms-byline-content-lifecycle/src/lib/server/blocks/upstream/media/usage/schema-invalidation.ts:69:3) {
  code: 'ERR_SQLITE_ERROR',
  errcode: 1,
  errstr: 'SQL logic error'
}
✔ actual successive content saves collapse chains and a reverted slug stays reachable (44.554004ms)
✔ redirect write failure rolls the actual content save back (29.856648ms)
✔ a surviving locale holder keeps the old public path available (31.979316ms)
✔ staging a draft revision leaves live slug and redirects untouched (29.420803ms)
✔ content updates on current canonical storage preserve zero-redirect-table behavior (16.842129ms)
[media-usage] Failed to mark posts stale: Error: no such table: _cms_media_usage_index_status
    at NodeSqliteCompatDatabase.prepare (file:///workspace/cms-byline-content-lifecycle/src/lib/server/database/node-sqlite-compat.ts:82:36)
    at SqliteConnection.executeQuery (file:///workspace/cms-byline-content-lifecycle/node_modules/.pnpm/kysely@0.29.2/node_modules/kysely/dist/dialect/sqlite/sqlite-driver.js:58:31)
    at file:///workspace/cms-byline-content-lifecycle/node_modules/.pnpm/kysely@0.29.2/node_modules/kysely/dist/query-executor/query-executor-base.js:39:41
    at DefaultConnectionProvider.provideConnection (file:///workspace/cms-byline-content-lifecycle/node_modules/.pnpm/kysely@0.29.2/node_modules/kysely/dist/driver/default-connection-provider.js:10:26)
    at async DefaultQueryExecutor.executeQuery (file:///workspace/cms-byline-content-lifecycle/node_modules/.pnpm/kysely@0.29.2/node_modules/kysely/dist/query-executor/query-executor-base.js:38:28)
    at async SelectQueryBuilderImpl.execute (file:///workspace/cms-byline-content-lifecycle/node_modules/.pnpm/kysely@0.29.2/node_modules/kysely/dist/query-builder/select-query-builder.js:318:24)
    at async SelectQueryBuilderImpl.executeTakeFirst (file:///workspace/cms-byline-content-lifecycle/node_modules/.pnpm/kysely@0.29.2/node_modules/kysely/dist/query-builder/select-query-builder.js:322:26)
    at async MediaUsageRepository.findIndexStatus (file:///workspace/cms-byline-content-lifecycle/src/lib/server/blocks/upstream/database/repositories/media-usage.ts:2645:15)
    at async markContentMediaUsageCollectionStale (file:///workspace/cms-byline-content-lifecycle/src/lib/server/blocks/upstream/media/usage/schema-invalidation.ts:27:19)
    at async markContentMediaUsageCollectionStaleSafely (file:///workspace/cms-byline-content-lifecycle/src/lib/server/blocks/upstream/media/usage/schema-invalidation.ts:69:3) {
  code: 'ERR_SQLITE_ERROR',
  errcode: 1,
  errstr: 'SQL logic error'
}
[media-usage] Failed to mark posts stale: Error: no such table: _cms_media_usage_index_status
    at NodeSqliteCompatDatabase.prepare (file:///workspace/cms-byline-content-lifecycle/src/lib/server/database/node-sqlite-compat.ts:82:36)
    at SqliteConnection.executeQuery (file:///workspace/cms-byline-content-lifecycle/node_modules/.pnpm/kysely@0.29.2/node_modules/kysely/dist/dialect/sqlite/sqlite-driver.js:58:31)
    at file:///workspace/cms-byline-content-lifecycle/node_modules/.pnpm/kysely@0.29.2/node_modules/kysely/dist/query-executor/query-executor-base.js:39:41
    at DefaultConnectionProvider.provideConnection (file:///workspace/cms-byline-content-lifecycle/node_modules/.pnpm/kysely@0.29.2/node_modules/kysely/dist/driver/default-connection-provider.js:10:26)
    at async DefaultQueryExecutor.executeQuery (file:///workspace/cms-byline-content-lifecycle/node_modules/.pnpm/kysely@0.29.2/node_modules/kysely/dist/query-executor/query-executor-base.js:38:28)
    at async SelectQueryBuilderImpl.execute (file:///workspace/cms-byline-content-lifecycle/node_modules/.pnpm/kysely@0.29.2/node_modules/kysely/dist/query-builder/select-query-builder.js:318:24)
    at async SelectQueryBuilderImpl.executeTakeFirst (file:///workspace/cms-byline-content-lifecycle/node_modules/.pnpm/kysely@0.29.2/node_modules/kysely/dist/query-builder/select-query-builder.js:322:26)
    at async MediaUsageRepository.findIndexStatus (file:///workspace/cms-byline-content-lifecycle/src/lib/server/blocks/upstream/database/repositories/media-usage.ts:2645:15)
    at async markContentMediaUsageCollectionStale (file:///workspace/cms-byline-content-lifecycle/src/lib/server/blocks/upstream/media/usage/schema-invalidation.ts:27:19)
    at async markContentMediaUsageCollectionStaleSafely (file:///workspace/cms-byline-content-lifecycle/src/lib/server/blocks/upstream/media/usage/schema-invalidation.ts:69:3) {
  code: 'ERR_SQLITE_ERROR',
  errcode: 1,
  errstr: 'SQL logic error'
}
✔ ordinary occupied lease precedes invalid stored timestamp as in Source repository (699.120178ms)
[media-usage] Failed to mark posts stale: Error: no such table: _cms_media_usage_index_status
    at NodeSqliteCompatDatabase.prepare (file:///workspace/cms-byline-content-lifecycle/src/lib/server/database/node-sqlite-compat.ts:82:36)
    at SqliteConnection.executeQuery (file:///workspace/cms-byline-content-lifecycle/node_modules/.pnpm/kysely@0.29.2/node_modules/kysely/dist/dialect/sqlite/sqlite-driver.js:58:31)
    at file:///workspace/cms-byline-content-lifecycle/node_modules/.pnpm/kysely@0.29.2/node_modules/kysely/dist/query-executor/query-executor-base.js:39:41
    at DefaultConnectionProvider.provideConnection (file:///workspace/cms-byline-content-lifecycle/node_modules/.pnpm/kysely@0.29.2/node_modules/kysely/dist/driver/default-connection-provider.js:10:26)
    at async DefaultQueryExecutor.executeQuery (file:///workspace/cms-byline-content-lifecycle/node_modules/.pnpm/kysely@0.29.2/node_modules/kysely/dist/query-executor/query-executor-base.js:38:28)
    at async SelectQueryBuilderImpl.execute (file:///workspace/cms-byline-content-lifecycle/node_modules/.pnpm/kysely@0.29.2/node_modules/kysely/dist/query-builder/select-query-builder.js:318:24)
    at async SelectQueryBuilderImpl.executeTakeFirst (file:///workspace/cms-byline-content-lifecycle/node_modules/.pnpm/kysely@0.29.2/node_modules/kysely/dist/query-builder/select-query-builder.js:322:26)
    at async MediaUsageRepository.findIndexStatus (file:///workspace/cms-byline-content-lifecycle/src/lib/server/blocks/upstream/database/repositories/media-usage.ts:2645:15)
    at async markContentMediaUsageCollectionStale (file:///workspace/cms-byline-content-lifecycle/src/lib/server/blocks/upstream/media/usage/schema-invalidation.ts:27:19)
    at async markContentMediaUsageCollectionStaleSafely (file:///workspace/cms-byline-content-lifecycle/src/lib/server/blocks/upstream/media/usage/schema-invalidation.ts:69:3) {
  code: 'ERR_SQLITE_ERROR',
  errcode: 1,
  errstr: 'SQL logic error'
}
[media-usage] Failed to mark posts stale: Error: no such table: _cms_media_usage_index_status
    at NodeSqliteCompatDatabase.prepare (file:///workspace/cms-byline-content-lifecycle/src/lib/server/database/node-sqlite-compat.ts:82:36)
    at SqliteConnection.executeQuery (file:///workspace/cms-byline-content-lifecycle/node_modules/.pnpm/kysely@0.29.2/node_modules/kysely/dist/dialect/sqlite/sqlite-driver.js:58:31)
    at file:///workspace/cms-byline-content-lifecycle/node_modules/.pnpm/kysely@0.29.2/node_modules/kysely/dist/query-executor/query-executor-base.js:39:41
    at DefaultConnectionProvider.provideConnection (file:///workspace/cms-byline-content-lifecycle/node_modules/.pnpm/kysely@0.29.2/node_modules/kysely/dist/driver/default-connection-provider.js:10:26)
    at async DefaultQueryExecutor.executeQuery (file:///workspace/cms-byline-content-lifecycle/node_modules/.pnpm/kysely@0.29.2/node_modules/kysely/dist/query-executor/query-executor-base.js:38:28)
    at async SelectQueryBuilderImpl.execute (file:///workspace/cms-byline-content-lifecycle/node_modules/.pnpm/kysely@0.29.2/node_modules/kysely/dist/query-builder/select-query-builder.js:318:24)
    at async SelectQueryBuilderImpl.executeTakeFirst (file:///workspace/cms-byline-content-lifecycle/node_modules/.pnpm/kysely@0.29.2/node_modules/kysely/dist/query-builder/select-query-builder.js:322:26)
    at async MediaUsageRepository.findIndexStatus (file:///workspace/cms-byline-content-lifecycle/src/lib/server/blocks/upstream/database/repositories/media-usage.ts:2645:15)
    at async markContentMediaUsageCollectionStale (file:///workspace/cms-byline-content-lifecycle/src/lib/server/blocks/upstream/media/usage/schema-invalidation.ts:27:19)
    at async markContentMediaUsageCollectionStaleSafely (file:///workspace/cms-byline-content-lifecycle/src/lib/server/blocks/upstream/media/usage/schema-invalidation.ts:69:3) {
  code: 'ERR_SQLITE_ERROR',
  errcode: 1,
  errstr: 'SQL logic error'
}
✔ ordinary selected-row snapshot change rolls back then prepares the real replacement state (42.754469ms)
✔ ordinary changing selected-row snapshot exhausts exactly five complete attempts with native conflict (42.937855ms)
[media-usage] Failed to mark posts stale: Error: no such table: _cms_media_usage_index_status
    at NodeSqliteCompatDatabase.prepare (file:///workspace/cms-byline-content-lifecycle/src/lib/server/database/node-sqlite-compat.ts:82:36)
    at SqliteConnection.executeQuery (file:///workspace/cms-byline-content-lifecycle/node_modules/.pnpm/kysely@0.29.2/node_modules/kysely/dist/dialect/sqlite/sqlite-driver.js:58:31)
    at file:///workspace/cms-byline-content-lifecycle/node_modules/.pnpm/kysely@0.29.2/node_modules/kysely/dist/query-executor/query-executor-base.js:39:41
    at DefaultConnectionProvider.provideConnection (file:///workspace/cms-byline-content-lifecycle/node_modules/.pnpm/kysely@0.29.2/node_modules/kysely/dist/driver/default-connection-provider.js:10:26)
    at async DefaultQueryExecutor.executeQuery (file:///workspace/cms-byline-content-lifecycle/node_modules/.pnpm/kysely@0.29.2/node_modules/kysely/dist/query-executor/query-executor-base.js:38:28)
    at async SelectQueryBuilderImpl.execute (file:///workspace/cms-byline-content-lifecycle/node_modules/.pnpm/kysely@0.29.2/node_modules/kysely/dist/query-builder/select-query-builder.js:318:24)
    at async SelectQueryBuilderImpl.executeTakeFirst (file:///workspace/cms-byline-content-lifecycle/node_modules/.pnpm/kysely@0.29.2/node_modules/kysely/dist/query-builder/select-query-builder.js:322:26)
    at async MediaUsageRepository.findIndexStatus (file:///workspace/cms-byline-content-lifecycle/src/lib/server/blocks/upstream/database/repositories/media-usage.ts:2645:15)
    at async markContentMediaUsageCollectionStale (file:///workspace/cms-byline-content-lifecycle/src/lib/server/blocks/upstream/media/usage/schema-invalidation.ts:27:19)
    at async markContentMediaUsageCollectionStaleSafely (file:///workspace/cms-byline-content-lifecycle/src/lib/server/blocks/upstream/media/usage/schema-invalidation.ts:69:3) {
  code: 'ERR_SQLITE_ERROR',
  errcode: 1,
  errstr: 'SQL logic error'
}
✔ ordinary legacy null redirect timestamp follows Source JS acceptance with an exact null snapshot (37.463312ms)
✔ ordinary interrupted Source guard migration preserves nullable raw configuration revision (42.725926ms)
[media-usage] Failed to mark posts stale: Error: no such table: _cms_media_usage_index_status
    at NodeSqliteCompatDatabase.prepare (file:///workspace/cms-byline-content-lifecycle/src/lib/server/database/node-sqlite-compat.ts:82:36)
    at SqliteConnection.executeQuery (file:///workspace/cms-byline-content-lifecycle/node_modules/.pnpm/kysely@0.29.2/node_modules/kysely/dist/dialect/sqlite/sqlite-driver.js:58:31)
    at file:///workspace/cms-byline-content-lifecycle/node_modules/.pnpm/kysely@0.29.2/node_modules/kysely/dist/query-executor/query-executor-base.js:39:41
    at DefaultConnectionProvider.provideConnection (file:///workspace/cms-byline-content-lifecycle/node_modules/.pnpm/kysely@0.29.2/node_modules/kysely/dist/driver/default-connection-provider.js:10:26)
    at async DefaultQueryExecutor.executeQuery (file:///workspace/cms-byline-content-lifecycle/node_modules/.pnpm/kysely@0.29.2/node_modules/kysely/dist/query-executor/query-executor-base.js:38:28)
    at async SelectQueryBuilderImpl.execute (file:///workspace/cms-byline-content-lifecycle/node_modules/.pnpm/kysely@0.29.2/node_modules/kysely/dist/query-builder/select-query-builder.js:318:24)
    at async SelectQueryBuilderImpl.executeTakeFirst (file:///workspace/cms-byline-content-lifecycle/node_modules/.pnpm/kysely@0.29.2/node_modules/kysely/dist/query-builder/select-query-builder.js:322:26)
    at async MediaUsageRepository.findIndexStatus (file:///workspace/cms-byline-content-lifecycle/src/lib/server/blocks/upstream/database/repositories/media-usage.ts:2645:15)
    at async markContentMediaUsageCollectionStale (file:///workspace/cms-byline-content-lifecycle/src/lib/server/blocks/upstream/media/usage/schema-invalidation.ts:27:19)
    at async markContentMediaUsageCollectionStaleSafely (file:///workspace/cms-byline-content-lifecycle/src/lib/server/blocks/upstream/media/usage/schema-invalidation.ts:69:3) {
  code: 'ERR_SQLITE_ERROR',
  errcode: 1,
  errstr: 'SQL logic error'
}
[media-usage] Failed to mark posts stale: Error: no such table: _cms_media_usage_index_status
    at NodeSqliteCompatDatabase.prepare (file:///workspace/cms-byline-content-lifecycle/src/lib/server/database/node-sqlite-compat.ts:82:36)
    at SqliteConnection.executeQuery (file:///workspace/cms-byline-content-lifecycle/node_modules/.pnpm/kysely@0.29.2/node_modules/kysely/dist/dialect/sqlite/sqlite-driver.js:58:31)
    at file:///workspace/cms-byline-content-lifecycle/node_modules/.pnpm/kysely@0.29.2/node_modules/kysely/dist/query-executor/query-executor-base.js:39:41
    at DefaultConnectionProvider.provideConnection (file:///workspace/cms-byline-content-lifecycle/node_modules/.pnpm/kysely@0.29.2/node_modules/kysely/dist/driver/default-connection-provider.js:10:26)
    at async DefaultQueryExecutor.executeQuery (file:///workspace/cms-byline-content-lifecycle/node_modules/.pnpm/kysely@0.29.2/node_modules/kysely/dist/query-executor/query-executor-base.js:38:28)
    at async SelectQueryBuilderImpl.execute (file:///workspace/cms-byline-content-lifecycle/node_modules/.pnpm/kysely@0.29.2/node_modules/kysely/dist/query-builder/select-query-builder.js:318:24)
    at async SelectQueryBuilderImpl.executeTakeFirst (file:///workspace/cms-byline-content-lifecycle/node_modules/.pnpm/kysely@0.29.2/node_modules/kysely/dist/query-builder/select-query-builder.js:322:26)
    at async MediaUsageRepository.findIndexStatus (file:///workspace/cms-byline-content-lifecycle/src/lib/server/blocks/upstream/database/repositories/media-usage.ts:2645:15)
    at async markContentMediaUsageCollectionStale (file:///workspace/cms-byline-content-lifecycle/src/lib/server/blocks/upstream/media/usage/schema-invalidation.ts:27:19)
    at async markContentMediaUsageCollectionStaleSafely (file:///workspace/cms-byline-content-lifecycle/src/lib/server/blocks/upstream/media/usage/schema-invalidation.ts:69:3) {
  code: 'ERR_SQLITE_ERROR',
  errcode: 1,
  errstr: 'SQL logic error'
}
[media-usage] Failed to mark posts stale: Error: no such table: _cms_media_usage_index_status
    at NodeSqliteCompatDatabase.prepare (file:///workspace/cms-byline-content-lifecycle/src/lib/server/database/node-sqlite-compat.ts:82:36)
    at SqliteConnection.executeQuery (file:///workspace/cms-byline-content-lifecycle/node_modules/.pnpm/kysely@0.29.2/node_modules/kysely/dist/dialect/sqlite/sqlite-driver.js:58:31)
    at file:///workspace/cms-byline-content-lifecycle/node_modules/.pnpm/kysely@0.29.2/node_modules/kysely/dist/query-executor/query-executor-base.js:39:41
    at DefaultConnectionProvider.provideConnection (file:///workspace/cms-byline-content-lifecycle/node_modules/.pnpm/kysely@0.29.2/node_modules/kysely/dist/driver/default-connection-provider.js:10:26)
    at async DefaultQueryExecutor.executeQuery (file:///workspace/cms-byline-content-lifecycle/node_modules/.pnpm/kysely@0.29.2/node_modules/kysely/dist/query-executor/query-executor-base.js:38:28)
    at async SelectQueryBuilderImpl.execute (file:///workspace/cms-byline-content-lifecycle/node_modules/.pnpm/kysely@0.29.2/node_modules/kysely/dist/query-builder/select-query-builder.js:318:24)
    at async SelectQueryBuilderImpl.executeTakeFirst (file:///workspace/cms-byline-content-lifecycle/node_modules/.pnpm/kysely@0.29.2/node_modules/kysely/dist/query-builder/select-query-builder.js:322:26)
    at async MediaUsageRepository.findIndexStatus (file:///workspace/cms-byline-content-lifecycle/src/lib/server/blocks/upstream/database/repositories/media-usage.ts:2645:15)
    at async markContentMediaUsageCollectionStale (file:///workspace/cms-byline-content-lifecycle/src/lib/server/blocks/upstream/media/usage/schema-invalidation.ts:27:19)
    at async markContentMediaUsageCollectionStaleSafely (file:///workspace/cms-byline-content-lifecycle/src/lib/server/blocks/upstream/media/usage/schema-invalidation.ts:69:3) {
  code: 'ERR_SQLITE_ERROR',
  errcode: 1,
  errstr: 'SQL logic error'
}
✔ ordinary node publishing an already-live changed staged slug commits and publishes its redirect (88.521252ms)
✔ ordinary node redirect write refusal rolls back publication and retains the actual draft (42.949482ms)
[media-usage] Failed to mark posts stale: Error: no such table: _cms_media_usage_index_status
    at NodeSqliteCompatDatabase.prepare (file:///workspace/cms-byline-content-lifecycle/src/lib/server/database/node-sqlite-compat.ts:82:36)
    at SqliteConnection.executeQuery (file:///workspace/cms-byline-content-lifecycle/node_modules/.pnpm/kysely@0.29.2/node_modules/kysely/dist/dialect/sqlite/sqlite-driver.js:58:31)
    at file:///workspace/cms-byline-content-lifecycle/node_modules/.pnpm/kysely@0.29.2/node_modules/kysely/dist/query-executor/query-executor-base.js:39:41
    at DefaultConnectionProvider.provideConnection (file:///workspace/cms-byline-content-lifecycle/node_modules/.pnpm/kysely@0.29.2/node_modules/kysely/dist/driver/default-connection-provider.js:10:26)
    at async DefaultQueryExecutor.executeQuery (file:///workspace/cms-byline-content-lifecycle/node_modules/.pnpm/kysely@0.29.2/node_modules/kysely/dist/query-executor/query-executor-base.js:38:28)
    at async SelectQueryBuilderImpl.execute (file:///workspace/cms-byline-content-lifecycle/node_modules/.pnpm/kysely@0.29.2/node_modules/kysely/dist/query-builder/select-query-builder.js:318:24)
    at async SelectQueryBuilderImpl.executeTakeFirst (file:///workspace/cms-byline-content-lifecycle/node_modules/.pnpm/kysely@0.29.2/node_modules/kysely/dist/query-builder/select-query-builder.js:322:26)
    at async MediaUsageRepository.findIndexStatus (file:///workspace/cms-byline-content-lifecycle/src/lib/server/blocks/upstream/database/repositories/media-usage.ts:2645:15)
    at async markContentMediaUsageCollectionStale (file:///workspace/cms-byline-content-lifecycle/src/lib/server/blocks/upstream/media/usage/schema-invalidation.ts:27:19)
    at async markContentMediaUsageCollectionStaleSafely (file:///workspace/cms-byline-content-lifecycle/src/lib/server/blocks/upstream/media/usage/schema-invalidation.ts:69:3) {
  code: 'ERR_SQLITE_ERROR',
  errcode: 1,
  errstr: 'SQL logic error'
}
[media-usage] Failed to mark posts stale: Error: no such table: _cms_media_usage_index_status
    at NodeSqliteCompatDatabase.prepare (file:///workspace/cms-byline-content-lifecycle/src/lib/server/database/node-sqlite-compat.ts:82:36)
    at SqliteConnection.executeQuery (file:///workspace/cms-byline-content-lifecycle/node_modules/.pnpm/kysely@0.29.2/node_modules/kysely/dist/dialect/sqlite/sqlite-driver.js:58:31)
    at file:///workspace/cms-byline-content-lifecycle/node_modules/.pnpm/kysely@0.29.2/node_modules/kysely/dist/query-executor/query-executor-base.js:39:41
    at DefaultConnectionProvider.provideConnection (file:///workspace/cms-byline-content-lifecycle/node_modules/.pnpm/kysely@0.29.2/node_modules/kysely/dist/driver/default-connection-provider.js:10:26)
    at async DefaultQueryExecutor.executeQuery (file:///workspace/cms-byline-content-lifecycle/node_modules/.pnpm/kysely@0.29.2/node_modules/kysely/dist/query-executor/query-executor-base.js:38:28)
    at async SelectQueryBuilderImpl.execute (file:///workspace/cms-byline-content-lifecycle/node_modules/.pnpm/kysely@0.29.2/node_modules/kysely/dist/query-builder/select-query-builder.js:318:24)
    at async SelectQueryBuilderImpl.executeTakeFirst (file:///workspace/cms-byline-content-lifecycle/node_modules/.pnpm/kysely@0.29.2/node_modules/kysely/dist/query-builder/select-query-builder.js:322:26)
    at async MediaUsageRepository.findIndexStatus (file:///workspace/cms-byline-content-lifecycle/src/lib/server/blocks/upstream/database/repositories/media-usage.ts:2645:15)
    at async markContentMediaUsageCollectionStale (file:///workspace/cms-byline-content-lifecycle/src/lib/server/blocks/upstream/media/usage/schema-invalidation.ts:27:19)
    at async markContentMediaUsageCollectionStaleSafely (file:///workspace/cms-byline-content-lifecycle/src/lib/server/blocks/upstream/media/usage/schema-invalidation.ts:69:3) {
  code: 'ERR_SQLITE_ERROR',
  errcode: 1,
  errstr: 'SQL logic error'
}
✔ ordinary node reconciled post-commit transport failure still publishes the actual redirect (34.108333ms)
✔ ordinary node unconfirmed pre-commit transport failure cannot publish content or artifacts (29.625639ms)
✔ ordinary node first publish promotes its draft without creating or publishing a redirect (29.493041ms)
[media-usage] Failed to mark posts stale: Error: D1_ERROR: no such table: _cms_media_usage_index_status: SQLITE_ERROR
    at process.processTicksAndRejections (node:internal/process/task_queues:104:5)
    at async D1Connection.executeQuery (file:///workspace/cms-byline-content-lifecycle/src/lib/server/database/d1.ts:55:29)
    at async file:///workspace/cms-byline-content-lifecycle/node_modules/.pnpm/kysely@0.29.2/node_modules/kysely/dist/query-executor/query-executor-base.js:39:24
    at async DefaultConnectionProvider.provideConnection (file:///workspace/cms-byline-content-lifecycle/node_modules/.pnpm/kysely@0.29.2/node_modules/kysely/dist/driver/default-connection-provider.js:10:20)
    at async DefaultQueryExecutor.executeQuery (file:///workspace/cms-byline-content-lifecycle/node_modules/.pnpm/kysely@0.29.2/node_modules/kysely/dist/query-executor/query-executor-base.js:38:28)
    at async SelectQueryBuilderImpl.execute (file:///workspace/cms-byline-content-lifecycle/node_modules/.pnpm/kysely@0.29.2/node_modules/kysely/dist/query-builder/select-query-builder.js:318:24)
    at async SelectQueryBuilderImpl.executeTakeFirst (file:///workspace/cms-byline-content-lifecycle/node_modules/.pnpm/kysely@0.29.2/node_modules/kysely/dist/query-builder/select-query-builder.js:322:26)
    at async MediaUsageRepository.findIndexStatus (file:///workspace/cms-byline-content-lifecycle/src/lib/server/blocks/upstream/database/repositories/media-usage.ts:2645:15)
    at async markContentMediaUsageCollectionStale (file:///workspace/cms-byline-content-lifecycle/src/lib/server/blocks/upstream/media/usage/schema-invalidation.ts:27:19)
    at async markContentMediaUsageCollectionStaleSafely (file:///workspace/cms-byline-content-lifecycle/src/lib/server/blocks/upstream/media/usage/schema-invalidation.ts:69:3) {
  [cause]: Error: no such table: _cms_media_usage_index_status: SQLITE_ERROR
      at D1DatabaseSessionAlwaysPrimary._sendOrThrow (cloudflare-internal:d1-api:140:24)
      at async cloudflare-internal:d1-api:366:41 {
    [cause]: undefined
  }
}
✔ ordinary raw publishing an already-live changed staged slug commits and publishes its redirect (2291.577615ms)
[media-usage] Failed to mark posts stale: Error: D1_ERROR: no such table: _cms_media_usage_index_status: SQLITE_ERROR
    at process.processTicksAndRejections (node:internal/process/task_queues:104:5)
    at async D1Connection.executeQuery (file:///workspace/cms-byline-content-lifecycle/src/lib/server/database/d1.ts:55:29)
    at async file:///workspace/cms-byline-content-lifecycle/node_modules/.pnpm/kysely@0.29.2/node_modules/kysely/dist/query-executor/query-executor-base.js:39:24
    at async DefaultConnectionProvider.provideConnection (file:///workspace/cms-byline-content-lifecycle/node_modules/.pnpm/kysely@0.29.2/node_modules/kysely/dist/driver/default-connection-provider.js:10:20)
    at async DefaultQueryExecutor.executeQuery (file:///workspace/cms-byline-content-lifecycle/node_modules/.pnpm/kysely@0.29.2/node_modules/kysely/dist/query-executor/query-executor-base.js:38:28)
    at async SelectQueryBuilderImpl.execute (file:///workspace/cms-byline-content-lifecycle/node_modules/.pnpm/kysely@0.29.2/node_modules/kysely/dist/query-builder/select-query-builder.js:318:24)
    at async SelectQueryBuilderImpl.executeTakeFirst (file:///workspace/cms-byline-content-lifecycle/node_modules/.pnpm/kysely@0.29.2/node_modules/kysely/dist/query-builder/select-query-builder.js:322:26)
    at async MediaUsageRepository.findIndexStatus (file:///workspace/cms-byline-content-lifecycle/src/lib/server/blocks/upstream/database/repositories/media-usage.ts:2645:15)
    at async markContentMediaUsageCollectionStale (file:///workspace/cms-byline-content-lifecycle/src/lib/server/blocks/upstream/media/usage/schema-invalidation.ts:27:19)
    at async markContentMediaUsageCollectionStaleSafely (file:///workspace/cms-byline-content-lifecycle/src/lib/server/blocks/upstream/media/usage/schema-invalidation.ts:69:3) {
  [cause]: Error: no such table: _cms_media_usage_index_status: SQLITE_ERROR
      at D1DatabaseSessionAlwaysPrimary._sendOrThrow (cloudflare-internal:d1-api:140:24)
      at async cloudflare-internal:d1-api:366:41 {
    [cause]: undefined
  }
}
✔ ordinary raw redirect write refusal rolls back publication and retains the actual draft (2095.564757ms)
[media-usage] Failed to mark posts stale: Error: D1_ERROR: no such table: _cms_media_usage_index_status: SQLITE_ERROR
    at process.processTicksAndRejections (node:internal/process/task_queues:104:5)
    at async D1Connection.executeQuery (file:///workspace/cms-byline-content-lifecycle/src/lib/server/database/d1.ts:55:29)
    at async file:///workspace/cms-byline-content-lifecycle/node_modules/.pnpm/kysely@0.29.2/node_modules/kysely/dist/query-executor/query-executor-base.js:39:24
    at async DefaultConnectionProvider.provideConnection (file:///workspace/cms-byline-content-lifecycle/node_modules/.pnpm/kysely@0.29.2/node_modules/kysely/dist/driver/default-connection-provider.js:10:20)
    at async DefaultQueryExecutor.executeQuery (file:///workspace/cms-byline-content-lifecycle/node_modules/.pnpm/kysely@0.29.2/node_modules/kysely/dist/query-executor/query-executor-base.js:38:28)
    at async SelectQueryBuilderImpl.execute (file:///workspace/cms-byline-content-lifecycle/node_modules/.pnpm/kysely@0.29.2/node_modules/kysely/dist/query-builder/select-query-builder.js:318:24)
    at async SelectQueryBuilderImpl.executeTakeFirst (file:///workspace/cms-byline-content-lifecycle/node_modules/.pnpm/kysely@0.29.2/node_modules/kysely/dist/query-builder/select-query-builder.js:322:26)
    at async MediaUsageRepository.findIndexStatus (file:///workspace/cms-byline-content-lifecycle/src/lib/server/blocks/upstream/database/repositories/media-usage.ts:2645:15)
    at async markContentMediaUsageCollectionStale (file:///workspace/cms-byline-content-lifecycle/src/lib/server/blocks/upstream/media/usage/schema-invalidation.ts:27:19)
    at async markContentMediaUsageCollectionStaleSafely (file:///workspace/cms-byline-content-lifecycle/src/lib/server/blocks/upstream/media/usage/schema-invalidation.ts:69:3) {
  [cause]: Error: no such table: _cms_media_usage_index_status: SQLITE_ERROR
      at D1DatabaseSessionAlwaysPrimary._sendOrThrow (cloudflare-internal:d1-api:140:24)
      at async cloudflare-internal:d1-api:366:41 {
    [cause]: undefined
  }
}
✔ ordinary raw reconciled post-commit transport failure still publishes the actual redirect (2183.351508ms)
[media-usage] Failed to mark posts stale: Error: D1_ERROR: no such table: _cms_media_usage_index_status: SQLITE_ERROR
    at process.processTicksAndRejections (node:internal/process/task_queues:104:5)
    at async D1Connection.executeQuery (file:///workspace/cms-byline-content-lifecycle/src/lib/server/database/d1.ts:55:29)
    at async file:///workspace/cms-byline-content-lifecycle/node_modules/.pnpm/kysely@0.29.2/node_modules/kysely/dist/query-executor/query-executor-base.js:39:24
    at async DefaultConnectionProvider.provideConnection (file:///workspace/cms-byline-content-lifecycle/node_modules/.pnpm/kysely@0.29.2/node_modules/kysely/dist/driver/default-connection-provider.js:10:20)
    at async DefaultQueryExecutor.executeQuery (file:///workspace/cms-byline-content-lifecycle/node_modules/.pnpm/kysely@0.29.2/node_modules/kysely/dist/query-executor/query-executor-base.js:38:28)
    at async SelectQueryBuilderImpl.execute (file:///workspace/cms-byline-content-lifecycle/node_modules/.pnpm/kysely@0.29.2/node_modules/kysely/dist/query-builder/select-query-builder.js:318:24)
    at async SelectQueryBuilderImpl.executeTakeFirst (file:///workspace/cms-byline-content-lifecycle/node_modules/.pnpm/kysely@0.29.2/node_modules/kysely/dist/query-builder/select-query-builder.js:322:26)
    at async MediaUsageRepository.findIndexStatus (file:///workspace/cms-byline-content-lifecycle/src/lib/server/blocks/upstream/database/repositories/media-usage.ts:2645:15)
    at async markContentMediaUsageCollectionStale (file:///workspace/cms-byline-content-lifecycle/src/lib/server/blocks/upstream/media/usage/schema-invalidation.ts:27:19)
    at async markContentMediaUsageCollectionStaleSafely (file:///workspace/cms-byline-content-lifecycle/src/lib/server/blocks/upstream/media/usage/schema-invalidation.ts:69:3) {
  [cause]: Error: no such table: _cms_media_usage_index_status: SQLITE_ERROR
      at D1DatabaseSessionAlwaysPrimary._sendOrThrow (cloudflare-internal:d1-api:140:24)
      at async cloudflare-internal:d1-api:366:41 {
    [cause]: undefined
  }
}
✔ ordinary raw unconfirmed pre-commit transport failure cannot publish content or artifacts (2055.490671ms)
[media-usage] Failed to mark posts stale: Error: D1_ERROR: no such table: _cms_media_usage_index_status: SQLITE_ERROR
    at process.processTicksAndRejections (node:internal/process/task_queues:104:5)
    at async D1Connection.executeQuery (file:///workspace/cms-byline-content-lifecycle/src/lib/server/database/d1.ts:55:29)
    at async file:///workspace/cms-byline-content-lifecycle/node_modules/.pnpm/kysely@0.29.2/node_modules/kysely/dist/query-executor/query-executor-base.js:39:24
    at async DefaultConnectionProvider.provideConnection (file:///workspace/cms-byline-content-lifecycle/node_modules/.pnpm/kysely@0.29.2/node_modules/kysely/dist/driver/default-connection-provider.js:10:20)
    at async DefaultQueryExecutor.executeQuery (file:///workspace/cms-byline-content-lifecycle/node_modules/.pnpm/kysely@0.29.2/node_modules/kysely/dist/query-executor/query-executor-base.js:38:28)
    at async SelectQueryBuilderImpl.execute (file:///workspace/cms-byline-content-lifecycle/node_modules/.pnpm/kysely@0.29.2/node_modules/kysely/dist/query-builder/select-query-builder.js:318:24)
    at async SelectQueryBuilderImpl.executeTakeFirst (file:///workspace/cms-byline-content-lifecycle/node_modules/.pnpm/kysely@0.29.2/node_modules/kysely/dist/query-builder/select-query-builder.js:322:26)
    at async MediaUsageRepository.findIndexStatus (file:///workspace/cms-byline-content-lifecycle/src/lib/server/blocks/upstream/database/repositories/media-usage.ts:2645:15)
    at async markContentMediaUsageCollectionStale (file:///workspace/cms-byline-content-lifecycle/src/lib/server/blocks/upstream/media/usage/schema-invalidation.ts:27:19)
    at async markContentMediaUsageCollectionStaleSafely (file:///workspace/cms-byline-content-lifecycle/src/lib/server/blocks/upstream/media/usage/schema-invalidation.ts:69:3) {
  [cause]: Error: no such table: _cms_media_usage_index_status: SQLITE_ERROR
      at D1DatabaseSessionAlwaysPrimary._sendOrThrow (cloudflare-internal:d1-api:140:24)
      at async cloudflare-internal:d1-api:366:41 {
    [cause]: undefined
  }
}
✔ ordinary raw first publish promotes its draft without creating or publishing a redirect (1737.992578ms)
[media-usage] Failed to mark posts stale: Error: D1_ERROR: no such table: _cms_media_usage_index_status: SQLITE_ERROR
    at process.processTicksAndRejections (node:internal/process/task_queues:104:5)
    at async D1Connection.executeQuery (file:///workspace/cms-byline-content-lifecycle/src/lib/server/database/d1.ts:55:29)
    at async file:///workspace/cms-byline-content-lifecycle/node_modules/.pnpm/kysely@0.29.2/node_modules/kysely/dist/query-executor/query-executor-base.js:39:24
    at async DefaultConnectionProvider.provideConnection (file:///workspace/cms-byline-content-lifecycle/node_modules/.pnpm/kysely@0.29.2/node_modules/kysely/dist/driver/default-connection-provider.js:10:20)
    at async DefaultQueryExecutor.executeQuery (file:///workspace/cms-byline-content-lifecycle/node_modules/.pnpm/kysely@0.29.2/node_modules/kysely/dist/query-executor/query-executor-base.js:38:28)
    at async SelectQueryBuilderImpl.execute (file:///workspace/cms-byline-content-lifecycle/node_modules/.pnpm/kysely@0.29.2/node_modules/kysely/dist/query-builder/select-query-builder.js:318:24)
    at async SelectQueryBuilderImpl.executeTakeFirst (file:///workspace/cms-byline-content-lifecycle/node_modules/.pnpm/kysely@0.29.2/node_modules/kysely/dist/query-builder/select-query-builder.js:322:26)
    at async MediaUsageRepository.findIndexStatus (file:///workspace/cms-byline-content-lifecycle/src/lib/server/blocks/upstream/database/repositories/media-usage.ts:2645:15)
    at async markContentMediaUsageCollectionStale (file:///workspace/cms-byline-content-lifecycle/src/lib/server/blocks/upstream/media/usage/schema-invalidation.ts:27:19)
    at async markContentMediaUsageCollectionStaleSafely (file:///workspace/cms-byline-content-lifecycle/src/lib/server/blocks/upstream/media/usage/schema-invalidation.ts:69:3) {
  [cause]: Error: no such table: _cms_media_usage_index_status: SQLITE_ERROR
      at D1DatabaseSessionAlwaysPrimary._sendOrThrow (cloudflare-internal:d1-api:140:24)
      at async cloudflare-internal:d1-api:366:41 {
    [cause]: undefined
  }
}
✔ ordinary scoped publishing an already-live changed staged slug commits and publishes its redirect (2041.413406ms)
[media-usage] Failed to mark posts stale: Error: D1_ERROR: no such table: _cms_media_usage_index_status: SQLITE_ERROR
    at process.processTicksAndRejections (node:internal/process/task_queues:104:5)
    at async D1Connection.executeQuery (file:///workspace/cms-byline-content-lifecycle/src/lib/server/database/d1.ts:55:29)
    at async file:///workspace/cms-byline-content-lifecycle/node_modules/.pnpm/kysely@0.29.2/node_modules/kysely/dist/query-executor/query-executor-base.js:39:24
    at async DefaultConnectionProvider.provideConnection (file:///workspace/cms-byline-content-lifecycle/node_modules/.pnpm/kysely@0.29.2/node_modules/kysely/dist/driver/default-connection-provider.js:10:20)
    at async DefaultQueryExecutor.executeQuery (file:///workspace/cms-byline-content-lifecycle/node_modules/.pnpm/kysely@0.29.2/node_modules/kysely/dist/query-executor/query-executor-base.js:38:28)
    at async SelectQueryBuilderImpl.execute (file:///workspace/cms-byline-content-lifecycle/node_modules/.pnpm/kysely@0.29.2/node_modules/kysely/dist/query-builder/select-query-builder.js:318:24)
    at async SelectQueryBuilderImpl.executeTakeFirst (file:///workspace/cms-byline-content-lifecycle/node_modules/.pnpm/kysely@0.29.2/node_modules/kysely/dist/query-builder/select-query-builder.js:322:26)
    at async MediaUsageRepository.findIndexStatus (file:///workspace/cms-byline-content-lifecycle/src/lib/server/blocks/upstream/database/repositories/media-usage.ts:2645:15)
    at async markContentMediaUsageCollectionStale (file:///workspace/cms-byline-content-lifecycle/src/lib/server/blocks/upstream/media/usage/schema-invalidation.ts:27:19)
    at async markContentMediaUsageCollectionStaleSafely (file:///workspace/cms-byline-content-lifecycle/src/lib/server/blocks/upstream/media/usage/schema-invalidation.ts:69:3) {
  [cause]: Error: no such table: _cms_media_usage_index_status: SQLITE_ERROR
      at D1DatabaseSessionAlwaysPrimary._sendOrThrow (cloudflare-internal:d1-api:140:24)
      at async cloudflare-internal:d1-api:366:41 {
    [cause]: undefined
  }
}
✔ ordinary scoped redirect write refusal rolls back publication and retains the actual draft (1982.073998ms)
[media-usage] Failed to mark posts stale: Error: D1_ERROR: no such table: _cms_media_usage_index_status: SQLITE_ERROR
    at process.processTicksAndRejections (node:internal/process/task_queues:104:5)
    at async D1Connection.executeQuery (file:///workspace/cms-byline-content-lifecycle/src/lib/server/database/d1.ts:55:29)
    at async file:///workspace/cms-byline-content-lifecycle/node_modules/.pnpm/kysely@0.29.2/node_modules/kysely/dist/query-executor/query-executor-base.js:39:24
    at async DefaultConnectionProvider.provideConnection (file:///workspace/cms-byline-content-lifecycle/node_modules/.pnpm/kysely@0.29.2/node_modules/kysely/dist/driver/default-connection-provider.js:10:20)
    at async DefaultQueryExecutor.executeQuery (file:///workspace/cms-byline-content-lifecycle/node_modules/.pnpm/kysely@0.29.2/node_modules/kysely/dist/query-executor/query-executor-base.js:38:28)
    at async SelectQueryBuilderImpl.execute (file:///workspace/cms-byline-content-lifecycle/node_modules/.pnpm/kysely@0.29.2/node_modules/kysely/dist/query-builder/select-query-builder.js:318:24)
    at async SelectQueryBuilderImpl.executeTakeFirst (file:///workspace/cms-byline-content-lifecycle/node_modules/.pnpm/kysely@0.29.2/node_modules/kysely/dist/query-builder/select-query-builder.js:322:26)
    at async MediaUsageRepository.findIndexStatus (file:///workspace/cms-byline-content-lifecycle/src/lib/server/blocks/upstream/database/repositories/media-usage.ts:2645:15)
    at async markContentMediaUsageCollectionStale (file:///workspace/cms-byline-content-lifecycle/src/lib/server/blocks/upstream/media/usage/schema-invalidation.ts:27:19)
    at async markContentMediaUsageCollectionStaleSafely (file:///workspace/cms-byline-content-lifecycle/src/lib/server/blocks/upstream/media/usage/schema-invalidation.ts:69:3) {
  [cause]: Error: no such table: _cms_media_usage_index_status: SQLITE_ERROR
      at D1DatabaseSessionAlwaysPrimary._sendOrThrow (cloudflare-internal:d1-api:140:24)
      at async cloudflare-internal:d1-api:366:41 {
    [cause]: undefined
  }
}
✔ ordinary scoped reconciled post-commit transport failure still publishes the actual redirect (2361.650154ms)
[media-usage] Failed to mark posts stale: Error: D1_ERROR: no such table: _cms_media_usage_index_status: SQLITE_ERROR
    at process.processTicksAndRejections (node:internal/process/task_queues:104:5)
    at async D1Connection.executeQuery (file:///workspace/cms-byline-content-lifecycle/src/lib/server/database/d1.ts:55:29)
    at async file:///workspace/cms-byline-content-lifecycle/node_modules/.pnpm/kysely@0.29.2/node_modules/kysely/dist/query-executor/query-executor-base.js:39:24
    at async DefaultConnectionProvider.provideConnection (file:///workspace/cms-byline-content-lifecycle/node_modules/.pnpm/kysely@0.29.2/node_modules/kysely/dist/driver/default-connection-provider.js:10:20)
    at async DefaultQueryExecutor.executeQuery (file:///workspace/cms-byline-content-lifecycle/node_modules/.pnpm/kysely@0.29.2/node_modules/kysely/dist/query-executor/query-executor-base.js:38:28)
    at async SelectQueryBuilderImpl.execute (file:///workspace/cms-byline-content-lifecycle/node_modules/.pnpm/kysely@0.29.2/node_modules/kysely/dist/query-builder/select-query-builder.js:318:24)
    at async SelectQueryBuilderImpl.executeTakeFirst (file:///workspace/cms-byline-content-lifecycle/node_modules/.pnpm/kysely@0.29.2/node_modules/kysely/dist/query-builder/select-query-builder.js:322:26)
    at async MediaUsageRepository.findIndexStatus (file:///workspace/cms-byline-content-lifecycle/src/lib/server/blocks/upstream/database/repositories/media-usage.ts:2645:15)
    at async markContentMediaUsageCollectionStale (file:///workspace/cms-byline-content-lifecycle/src/lib/server/blocks/upstream/media/usage/schema-invalidation.ts:27:19)
    at async markContentMediaUsageCollectionStaleSafely (file:///workspace/cms-byline-content-lifecycle/src/lib/server/blocks/upstream/media/usage/schema-invalidation.ts:69:3) {
  [cause]: Error: no such table: _cms_media_usage_index_status: SQLITE_ERROR
      at D1DatabaseSessionAlwaysPrimary._sendOrThrow (cloudflare-internal:d1-api:140:24)
      at async cloudflare-internal:d1-api:366:41 {
    [cause]: undefined
  }
}
✔ ordinary scoped unconfirmed pre-commit transport failure cannot publish content or artifacts (1745.994721ms)
[media-usage] Failed to mark posts stale: Error: D1_ERROR: no such table: _cms_media_usage_index_status: SQLITE_ERROR
    at process.processTicksAndRejections (node:internal/process/task_queues:104:5)
    at async D1Connection.executeQuery (file:///workspace/cms-byline-content-lifecycle/src/lib/server/database/d1.ts:55:29)
    at async file:///workspace/cms-byline-content-lifecycle/node_modules/.pnpm/kysely@0.29.2/node_modules/kysely/dist/query-executor/query-executor-base.js:39:24
    at async DefaultConnectionProvider.provideConnection (file:///workspace/cms-byline-content-lifecycle/node_modules/.pnpm/kysely@0.29.2/node_modules/kysely/dist/driver/default-connection-provider.js:10:20)
    at async DefaultQueryExecutor.executeQuery (file:///workspace/cms-byline-content-lifecycle/node_modules/.pnpm/kysely@0.29.2/node_modules/kysely/dist/query-executor/query-executor-base.js:38:28)
    at async SelectQueryBuilderImpl.execute (file:///workspace/cms-byline-content-lifecycle/node_modules/.pnpm/kysely@0.29.2/node_modules/kysely/dist/query-builder/select-query-builder.js:318:24)
    at async SelectQueryBuilderImpl.executeTakeFirst (file:///workspace/cms-byline-content-lifecycle/node_modules/.pnpm/kysely@0.29.2/node_modules/kysely/dist/query-builder/select-query-builder.js:322:26)
    at async MediaUsageRepository.findIndexStatus (file:///workspace/cms-byline-content-lifecycle/src/lib/server/blocks/upstream/database/repositories/media-usage.ts:2645:15)
    at async markContentMediaUsageCollectionStale (file:///workspace/cms-byline-content-lifecycle/src/lib/server/blocks/upstream/media/usage/schema-invalidation.ts:27:19)
    at async markContentMediaUsageCollectionStaleSafely (file:///workspace/cms-byline-content-lifecycle/src/lib/server/blocks/upstream/media/usage/schema-invalidation.ts:69:3) {
  [cause]: Error: no such table: _cms_media_usage_index_status: SQLITE_ERROR
      at D1DatabaseSessionAlwaysPrimary._sendOrThrow (cloudflare-internal:d1-api:140:24)
      at async cloudflare-internal:d1-api:366:41 {
    [cause]: undefined
  }
}
✔ ordinary scoped first publish promotes its draft without creating or publishing a redirect (1336.42628ms)
[media-usage] Failed to mark posts stale: Error: no such table: _cms_media_usage_index_status
    at NodeSqliteCompatDatabase.prepare (file:///workspace/cms-byline-content-lifecycle/src/lib/server/database/node-sqlite-compat.ts:82:36)
    at SqliteConnection.executeQuery (file:///workspace/cms-byline-content-lifecycle/node_modules/.pnpm/kysely@0.29.2/node_modules/kysely/dist/dialect/sqlite/sqlite-driver.js:58:31)
    at file:///workspace/cms-byline-content-lifecycle/node_modules/.pnpm/kysely@0.29.2/node_modules/kysely/dist/query-executor/query-executor-base.js:39:41
    at DefaultConnectionProvider.provideConnection (file:///workspace/cms-byline-content-lifecycle/node_modules/.pnpm/kysely@0.29.2/node_modules/kysely/dist/driver/default-connection-provider.js:10:26)
    at async DefaultQueryExecutor.executeQuery (file:///workspace/cms-byline-content-lifecycle/node_modules/.pnpm/kysely@0.29.2/node_modules/kysely/dist/query-executor/query-executor-base.js:38:28)
    at async SelectQueryBuilderImpl.execute (file:///workspace/cms-byline-content-lifecycle/node_modules/.pnpm/kysely@0.29.2/node_modules/kysely/dist/query-builder/select-query-builder.js:318:24)
    at async SelectQueryBuilderImpl.executeTakeFirst (file:///workspace/cms-byline-content-lifecycle/node_modules/.pnpm/kysely@0.29.2/node_modules/kysely/dist/query-builder/select-query-builder.js:322:26)
    at async MediaUsageRepository.findIndexStatus (file:///workspace/cms-byline-content-lifecycle/src/lib/server/blocks/upstream/database/repositories/media-usage.ts:2645:15)
    at async markContentMediaUsageCollectionStale (file:///workspace/cms-byline-content-lifecycle/src/lib/server/blocks/upstream/media/usage/schema-invalidation.ts:27:19)
    at async markContentMediaUsageCollectionStaleSafely (file:///workspace/cms-byline-content-lifecycle/src/lib/server/blocks/upstream/media/usage/schema-invalidation.ts:69:3) {
  code: 'ERR_SQLITE_ERROR',
  errcode: 1,
  errstr: 'SQL logic error'
}
[media-usage] Failed to mark authors stale: Error: no such table: _cms_media_usage_index_status
    at NodeSqliteCompatDatabase.prepare (file:///workspace/cms-byline-content-lifecycle/src/lib/server/database/node-sqlite-compat.ts:82:36)
    at SqliteConnection.executeQuery (file:///workspace/cms-byline-content-lifecycle/node_modules/.pnpm/kysely@0.29.2/node_modules/kysely/dist/dialect/sqlite/sqlite-driver.js:58:31)
    at file:///workspace/cms-byline-content-lifecycle/node_modules/.pnpm/kysely@0.29.2/node_modules/kysely/dist/query-executor/query-executor-base.js:39:41
    at DefaultConnectionProvider.provideConnection (file:///workspace/cms-byline-content-lifecycle/node_modules/.pnpm/kysely@0.29.2/node_modules/kysely/dist/driver/default-connection-provider.js:10:26)
    at async DefaultQueryExecutor.executeQuery (file:///workspace/cms-byline-content-lifecycle/node_modules/.pnpm/kysely@0.29.2/node_modules/kysely/dist/query-executor/query-executor-base.js:38:28)
    at async SelectQueryBuilderImpl.execute (file:///workspace/cms-byline-content-lifecycle/node_modules/.pnpm/kysely@0.29.2/node_modules/kysely/dist/query-builder/select-query-builder.js:318:24)
    at async SelectQueryBuilderImpl.executeTakeFirst (file:///workspace/cms-byline-content-lifecycle/node_modules/.pnpm/kysely@0.29.2/node_modules/kysely/dist/query-builder/select-query-builder.js:322:26)
    at async MediaUsageRepository.findIndexStatus (file:///workspace/cms-byline-content-lifecycle/src/lib/server/blocks/upstream/database/repositories/media-usage.ts:2645:15)
    at async markContentMediaUsageCollectionStale (file:///workspace/cms-byline-content-lifecycle/src/lib/server/blocks/upstream/media/usage/schema-invalidation.ts:27:19)
    at async markContentMediaUsageCollectionStaleSafely (file:///workspace/cms-byline-content-lifecycle/src/lib/server/blocks/upstream/media/usage/schema-invalidation.ts:69:3) {
  code: 'ERR_SQLITE_ERROR',
  errcode: 1,
  errstr: 'SQL logic error'
}
[media-usage] Failed to mark posts stale: Error: no such table: _cms_media_usage_index_status
    at NodeSqliteCompatDatabase.prepare (file:///workspace/cms-byline-content-lifecycle/src/lib/server/database/node-sqlite-compat.ts:82:36)
    at SqliteConnection.executeQuery (file:///workspace/cms-byline-content-lifecycle/node_modules/.pnpm/kysely@0.29.2/node_modules/kysely/dist/dialect/sqlite/sqlite-driver.js:58:31)
    at file:///workspace/cms-byline-content-lifecycle/node_modules/.pnpm/kysely@0.29.2/node_modules/kysely/dist/query-executor/query-executor-base.js:39:41
    at DefaultConnectionProvider.provideConnection (file:///workspace/cms-byline-content-lifecycle/node_modules/.pnpm/kysely@0.29.2/node_modules/kysely/dist/driver/default-connection-provider.js:10:26)
    at async DefaultQueryExecutor.executeQuery (file:///workspace/cms-byline-content-lifecycle/node_modules/.pnpm/kysely@0.29.2/node_modules/kysely/dist/query-executor/query-executor-base.js:38:28)
    at async SelectQueryBuilderImpl.execute (file:///workspace/cms-byline-content-lifecycle/node_modules/.pnpm/kysely@0.29.2/node_modules/kysely/dist/query-builder/select-query-builder.js:318:24)
    at async SelectQueryBuilderImpl.executeTakeFirst (file:///workspace/cms-byline-content-lifecycle/node_modules/.pnpm/kysely@0.29.2/node_modules/kysely/dist/query-builder/select-query-builder.js:322:26)
    at async MediaUsageRepository.findIndexStatus (file:///workspace/cms-byline-content-lifecycle/src/lib/server/blocks/upstream/database/repositories/media-usage.ts:2645:15)
    at async markContentMediaUsageCollectionStale (file:///workspace/cms-byline-content-lifecycle/src/lib/server/blocks/upstream/media/usage/schema-invalidation.ts:27:19)
    at async markContentMediaUsageCollectionStaleSafely (file:///workspace/cms-byline-content-lifecycle/src/lib/server/blocks/upstream/media/usage/schema-invalidation.ts:69:3) {
  code: 'ERR_SQLITE_ERROR',
  errcode: 1,
  errstr: 'SQL logic error'
}
✔ Node deleting a converted relation removes its retained column and allows field slug reuse (171.149923ms)
[media-usage] Failed to mark posts stale: Error: no such table: _cms_media_usage_index_status
    at NodeSqliteCompatDatabase.prepare (file:///workspace/cms-byline-content-lifecycle/src/lib/server/database/node-sqlite-compat.ts:82:36)
    at SqliteConnection.executeQuery (file:///workspace/cms-byline-content-lifecycle/node_modules/.pnpm/kysely@0.29.2/node_modules/kysely/dist/dialect/sqlite/sqlite-driver.js:58:31)
    at file:///workspace/cms-byline-content-lifecycle/node_modules/.pnpm/kysely@0.29.2/node_modules/kysely/dist/query-executor/query-executor-base.js:39:41
    at DefaultConnectionProvider.provideConnection (file:///workspace/cms-byline-content-lifecycle/node_modules/.pnpm/kysely@0.29.2/node_modules/kysely/dist/driver/default-connection-provider.js:10:26)
    at async DefaultQueryExecutor.executeQuery (file:///workspace/cms-byline-content-lifecycle/node_modules/.pnpm/kysely@0.29.2/node_modules/kysely/dist/query-executor/query-executor-base.js:38:28)
    at async SelectQueryBuilderImpl.execute (file:///workspace/cms-byline-content-lifecycle/node_modules/.pnpm/kysely@0.29.2/node_modules/kysely/dist/query-builder/select-query-builder.js:318:24)
    at async SelectQueryBuilderImpl.executeTakeFirst (file:///workspace/cms-byline-content-lifecycle/node_modules/.pnpm/kysely@0.29.2/node_modules/kysely/dist/query-builder/select-query-builder.js:322:26)
    at async MediaUsageRepository.findIndexStatus (file:///workspace/cms-byline-content-lifecycle/src/lib/server/blocks/upstream/database/repositories/media-usage.ts:2645:15)
    at async markContentMediaUsageCollectionStale (file:///workspace/cms-byline-content-lifecycle/src/lib/server/blocks/upstream/media/usage/schema-invalidation.ts:27:19)
    at async markContentMediaUsageCollectionStaleSafely (file:///workspace/cms-byline-content-lifecycle/src/lib/server/blocks/upstream/media/usage/schema-invalidation.ts:69:3) {
  code: 'ERR_SQLITE_ERROR',
  errcode: 1,
  errstr: 'SQL logic error'
}
[media-usage] Failed to mark authors stale: Error: no such table: _cms_media_usage_index_status
    at NodeSqliteCompatDatabase.prepare (file:///workspace/cms-byline-content-lifecycle/src/lib/server/database/node-sqlite-compat.ts:82:36)
    at SqliteConnection.executeQuery (file:///workspace/cms-byline-content-lifecycle/node_modules/.pnpm/kysely@0.29.2/node_modules/kysely/dist/dialect/sqlite/sqlite-driver.js:58:31)
    at file:///workspace/cms-byline-content-lifecycle/node_modules/.pnpm/kysely@0.29.2/node_modules/kysely/dist/query-executor/query-executor-base.js:39:41
    at DefaultConnectionProvider.provideConnection (file:///workspace/cms-byline-content-lifecycle/node_modules/.pnpm/kysely@0.29.2/node_modules/kysely/dist/driver/default-connection-provider.js:10:26)
    at async DefaultQueryExecutor.executeQuery (file:///workspace/cms-byline-content-lifecycle/node_modules/.pnpm/kysely@0.29.2/node_modules/kysely/dist/query-executor/query-executor-base.js:38:28)
    at async SelectQueryBuilderImpl.execute (file:///workspace/cms-byline-content-lifecycle/node_modules/.pnpm/kysely@0.29.2/node_modules/kysely/dist/query-builder/select-query-builder.js:318:24)
    at async SelectQueryBuilderImpl.executeTakeFirst (file:///workspace/cms-byline-content-lifecycle/node_modules/.pnpm/kysely@0.29.2/node_modules/kysely/dist/query-builder/select-query-builder.js:322:26)
    at async MediaUsageRepository.findIndexStatus (file:///workspace/cms-byline-content-lifecycle/src/lib/server/blocks/upstream/database/repositories/media-usage.ts:2645:15)
    at async markContentMediaUsageCollectionStale (file:///workspace/cms-byline-content-lifecycle/src/lib/server/blocks/upstream/media/usage/schema-invalidation.ts:27:19)
    at async markContentMediaUsageCollectionStaleSafely (file:///workspace/cms-byline-content-lifecycle/src/lib/server/blocks/upstream/media/usage/schema-invalidation.ts:69:3) {
  code: 'ERR_SQLITE_ERROR',
  errcode: 1,
  errstr: 'SQL logic error'
}
[media-usage] Failed to mark posts stale: Error: no such table: _cms_media_usage_index_status
    at NodeSqliteCompatDatabase.prepare (file:///workspace/cms-byline-content-lifecycle/src/lib/server/database/node-sqlite-compat.ts:82:36)
    at SqliteConnection.executeQuery (file:///workspace/cms-byline-content-lifecycle/node_modules/.pnpm/kysely@0.29.2/node_modules/kysely/dist/dialect/sqlite/sqlite-driver.js:58:31)
    at file:///workspace/cms-byline-content-lifecycle/node_modules/.pnpm/kysely@0.29.2/node_modules/kysely/dist/query-executor/query-executor-base.js:39:41
    at DefaultConnectionProvider.provideConnection (file:///workspace/cms-byline-content-lifecycle/node_modules/.pnpm/kysely@0.29.2/node_modules/kysely/dist/driver/default-connection-provider.js:10:26)
    at async DefaultQueryExecutor.executeQuery (file:///workspace/cms-byline-content-lifecycle/node_modules/.pnpm/kysely@0.29.2/node_modules/kysely/dist/query-executor/query-executor-base.js:38:28)
    at async SelectQueryBuilderImpl.execute (file:///workspace/cms-byline-content-lifecycle/node_modules/.pnpm/kysely@0.29.2/node_modules/kysely/dist/query-builder/select-query-builder.js:318:24)
    at async SelectQueryBuilderImpl.executeTakeFirst (file:///workspace/cms-byline-content-lifecycle/node_modules/.pnpm/kysely@0.29.2/node_modules/kysely/dist/query-builder/select-query-builder.js:322:26)
    at async MediaUsageRepository.findIndexStatus (file:///workspace/cms-byline-content-lifecycle/src/lib/server/blocks/upstream/database/repositories/media-usage.ts:2645:15)
    at async markContentMediaUsageCollectionStale (file:///workspace/cms-byline-content-lifecycle/src/lib/server/blocks/upstream/media/usage/schema-invalidation.ts:27:19)
    at async markContentMediaUsageCollectionStaleSafely (file:///workspace/cms-byline-content-lifecycle/src/lib/server/blocks/upstream/media/usage/schema-invalidation.ts:69:3) {
  code: 'ERR_SQLITE_ERROR',
  errcode: 1,
  errstr: 'SQL logic error'
}
Relation delete error: Error: actual legacy cascade fixture failure
    at Object.all (file:///workspace/cms-byline-content-lifecycle/src/lib/server/database/node-sqlite-compat.ts:85:38)
    at execute (file:///workspace/cms-byline-content-lifecycle/src/lib/server/database/sqlite.ts:21:60)
    at executeAtomicQueryLoop (file:///workspace/cms-byline-content-lifecycle/src/lib/server/database/atomic-query-loop.ts:32:19)
    at file:///workspace/cms-byline-content-lifecycle/src/lib/server/database/sqlite.ts:27:56
    at #props.executor.provideConnection.freeze.signal (file:///workspace/cms-byline-content-lifecycle/node_modules/.pnpm/kysely@0.29.2/node_modules/kysely/dist/kysely.js:647:26)
    at DefaultConnectionProvider.provideConnection (file:///workspace/cms-byline-content-lifecycle/node_modules/.pnpm/kysely@0.29.2/node_modules/kysely/dist/driver/default-connection-provider.js:10:26)
    at async deleteRelationWithFields (file:///workspace/cms-byline-content-lifecycle/src/lib/server/relations/deletion.ts:56:18)
    at async handleRelationDelete (file:///workspace/cms-byline-content-lifecycle/src/lib/server/relations/handlers.ts:274:12)
    at async TestContext.<anonymous> (file:///workspace/cms-byline-content-lifecycle/tests/relations-legacy-cascade-native.test.ts:74:23)
    at async Test.run (node:internal/test_runner/test:1389:7) {
  code: 'ERR_SQLITE_ERROR',
  errcode: 1811,
  errstr: 'constraint failed'
}
✔ Node failed converted relation cascade rolls back retained columns and the persisted graph (110.990859ms)
[media-usage] Failed to mark posts stale: Error: D1_ERROR: no such table: _cms_media_usage_index_status: SQLITE_ERROR
    at process.processTicksAndRejections (node:internal/process/task_queues:104:5)
    at async D1Connection.executeQuery (file:///workspace/cms-byline-content-lifecycle/src/lib/server/database/d1.ts:55:29)
    at async file:///workspace/cms-byline-content-lifecycle/node_modules/.pnpm/kysely@0.29.2/node_modules/kysely/dist/query-executor/query-executor-base.js:39:24
    at async DefaultConnectionProvider.provideConnection (file:///workspace/cms-byline-content-lifecycle/node_modules/.pnpm/kysely@0.29.2/node_modules/kysely/dist/driver/default-connection-provider.js:10:20)
    at async DefaultQueryExecutor.executeQuery (file:///workspace/cms-byline-content-lifecycle/node_modules/.pnpm/kysely@0.29.2/node_modules/kysely/dist/query-executor/query-executor-base.js:38:28)
    at async SelectQueryBuilderImpl.execute (file:///workspace/cms-byline-content-lifecycle/node_modules/.pnpm/kysely@0.29.2/node_modules/kysely/dist/query-builder/select-query-builder.js:318:24)
    at async SelectQueryBuilderImpl.executeTakeFirst (file:///workspace/cms-byline-content-lifecycle/node_modules/.pnpm/kysely@0.29.2/node_modules/kysely/dist/query-builder/select-query-builder.js:322:26)
    at async MediaUsageRepository.findIndexStatus (file:///workspace/cms-byline-content-lifecycle/src/lib/server/blocks/upstream/database/repositories/media-usage.ts:2645:15)
    at async markContentMediaUsageCollectionStale (file:///workspace/cms-byline-content-lifecycle/src/lib/server/blocks/upstream/media/usage/schema-invalidation.ts:27:19)
    at async markContentMediaUsageCollectionStaleSafely (file:///workspace/cms-byline-content-lifecycle/src/lib/server/blocks/upstream/media/usage/schema-invalidation.ts:69:3) {
  [cause]: Error: no such table: _cms_media_usage_index_status: SQLITE_ERROR
      at D1DatabaseSessionAlwaysPrimary._sendOrThrow (cloudflare-internal:d1-api:140:24)
      at async cloudflare-internal:d1-api:366:41 {
    [cause]: undefined
  }
}
[media-usage] Failed to mark authors stale: Error: D1_ERROR: no such table: _cms_media_usage_index_status: SQLITE_ERROR
    at process.processTicksAndRejections (node:internal/process/task_queues:104:5)
    at async D1Connection.executeQuery (file:///workspace/cms-byline-content-lifecycle/src/lib/server/database/d1.ts:55:29)
    at async file:///workspace/cms-byline-content-lifecycle/node_modules/.pnpm/kysely@0.29.2/node_modules/kysely/dist/query-executor/query-executor-base.js:39:24
    at async DefaultConnectionProvider.provideConnection (file:///workspace/cms-byline-content-lifecycle/node_modules/.pnpm/kysely@0.29.2/node_modules/kysely/dist/driver/default-connection-provider.js:10:20)
    at async DefaultQueryExecutor.executeQuery (file:///workspace/cms-byline-content-lifecycle/node_modules/.pnpm/kysely@0.29.2/node_modules/kysely/dist/query-executor/query-executor-base.js:38:28)
    at async SelectQueryBuilderImpl.execute (file:///workspace/cms-byline-content-lifecycle/node_modules/.pnpm/kysely@0.29.2/node_modules/kysely/dist/query-builder/select-query-builder.js:318:24)
    at async SelectQueryBuilderImpl.executeTakeFirst (file:///workspace/cms-byline-content-lifecycle/node_modules/.pnpm/kysely@0.29.2/node_modules/kysely/dist/query-builder/select-query-builder.js:322:26)
    at async MediaUsageRepository.findIndexStatus (file:///workspace/cms-byline-content-lifecycle/src/lib/server/blocks/upstream/database/repositories/media-usage.ts:2645:15)
    at async markContentMediaUsageCollectionStale (file:///workspace/cms-byline-content-lifecycle/src/lib/server/blocks/upstream/media/usage/schema-invalidation.ts:27:19)
    at async markContentMediaUsageCollectionStaleSafely (file:///workspace/cms-byline-content-lifecycle/src/lib/server/blocks/upstream/media/usage/schema-invalidation.ts:69:3) {
  [cause]: Error: no such table: _cms_media_usage_index_status: SQLITE_ERROR
      at D1DatabaseSessionAlwaysPrimary._sendOrThrow (cloudflare-internal:d1-api:140:24)
      at async cloudflare-internal:d1-api:366:41 {
    [cause]: undefined
  }
}
[media-usage] Failed to mark posts stale: Error: D1_ERROR: no such table: _cms_media_usage_index_status: SQLITE_ERROR
    at process.processTicksAndRejections (node:internal/process/task_queues:104:5)
    at async D1Connection.executeQuery (file:///workspace/cms-byline-content-lifecycle/src/lib/server/database/d1.ts:55:29)
    at async file:///workspace/cms-byline-content-lifecycle/node_modules/.pnpm/kysely@0.29.2/node_modules/kysely/dist/query-executor/query-executor-base.js:39:24
    at async DefaultConnectionProvider.provideConnection (file:///workspace/cms-byline-content-lifecycle/node_modules/.pnpm/kysely@0.29.2/node_modules/kysely/dist/driver/default-connection-provider.js:10:20)
    at async DefaultQueryExecutor.executeQuery (file:///workspace/cms-byline-content-lifecycle/node_modules/.pnpm/kysely@0.29.2/node_modules/kysely/dist/query-executor/query-executor-base.js:38:28)
    at async SelectQueryBuilderImpl.execute (file:///workspace/cms-byline-content-lifecycle/node_modules/.pnpm/kysely@0.29.2/node_modules/kysely/dist/query-builder/select-query-builder.js:318:24)
    at async SelectQueryBuilderImpl.executeTakeFirst (file:///workspace/cms-byline-content-lifecycle/node_modules/.pnpm/kysely@0.29.2/node_modules/kysely/dist/query-builder/select-query-builder.js:322:26)
    at async MediaUsageRepository.findIndexStatus (file:///workspace/cms-byline-content-lifecycle/src/lib/server/blocks/upstream/database/repositories/media-usage.ts:2645:15)
    at async markContentMediaUsageCollectionStale (file:///workspace/cms-byline-content-lifecycle/src/lib/server/blocks/upstream/media/usage/schema-invalidation.ts:27:19)
    at async markContentMediaUsageCollectionStaleSafely (file:///workspace/cms-byline-content-lifecycle/src/lib/server/blocks/upstream/media/usage/schema-invalidation.ts:69:3) {
  [cause]: Error: no such table: _cms_media_usage_index_status: SQLITE_ERROR
      at D1DatabaseSessionAlwaysPrimary._sendOrThrow (cloudflare-internal:d1-api:140:24)
      at async cloudflare-internal:d1-api:366:41 {
    [cause]: undefined
  }
}
✔ raw D1 deleting a converted relation removes its retained column and allows field slug reuse (3465.799773ms)
[media-usage] Failed to mark posts stale: Error: D1_ERROR: no such table: _cms_media_usage_index_status: SQLITE_ERROR
    at process.processTicksAndRejections (node:internal/process/task_queues:104:5)
    at async D1Connection.executeQuery (file:///workspace/cms-byline-content-lifecycle/src/lib/server/database/d1.ts:55:29)
    at async file:///workspace/cms-byline-content-lifecycle/node_modules/.pnpm/kysely@0.29.2/node_modules/kysely/dist/query-executor/query-executor-base.js:39:24
    at async DefaultConnectionProvider.provideConnection (file:///workspace/cms-byline-content-lifecycle/node_modules/.pnpm/kysely@0.29.2/node_modules/kysely/dist/driver/default-connection-provider.js:10:20)
    at async DefaultQueryExecutor.executeQuery (file:///workspace/cms-byline-content-lifecycle/node_modules/.pnpm/kysely@0.29.2/node_modules/kysely/dist/query-executor/query-executor-base.js:38:28)
    at async SelectQueryBuilderImpl.execute (file:///workspace/cms-byline-content-lifecycle/node_modules/.pnpm/kysely@0.29.2/node_modules/kysely/dist/query-builder/select-query-builder.js:318:24)
    at async SelectQueryBuilderImpl.executeTakeFirst (file:///workspace/cms-byline-content-lifecycle/node_modules/.pnpm/kysely@0.29.2/node_modules/kysely/dist/query-builder/select-query-builder.js:322:26)
    at async MediaUsageRepository.findIndexStatus (file:///workspace/cms-byline-content-lifecycle/src/lib/server/blocks/upstream/database/repositories/media-usage.ts:2645:15)
    at async markContentMediaUsageCollectionStale (file:///workspace/cms-byline-content-lifecycle/src/lib/server/blocks/upstream/media/usage/schema-invalidation.ts:27:19)
    at async markContentMediaUsageCollectionStaleSafely (file:///workspace/cms-byline-content-lifecycle/src/lib/server/blocks/upstream/media/usage/schema-invalidation.ts:69:3) {
  [cause]: Error: no such table: _cms_media_usage_index_status: SQLITE_ERROR
      at D1DatabaseSessionAlwaysPrimary._sendOrThrow (cloudflare-internal:d1-api:140:24)
      at async cloudflare-internal:d1-api:366:41 {
    [cause]: undefined
  }
}
[media-usage] Failed to mark authors stale: Error: D1_ERROR: no such table: _cms_media_usage_index_status: SQLITE_ERROR
    at process.processTicksAndRejections (node:internal/process/task_queues:104:5)
    at async D1Connection.executeQuery (file:///workspace/cms-byline-content-lifecycle/src/lib/server/database/d1.ts:55:29)
    at async file:///workspace/cms-byline-content-lifecycle/node_modules/.pnpm/kysely@0.29.2/node_modules/kysely/dist/query-executor/query-executor-base.js:39:24
    at async DefaultConnectionProvider.provideConnection (file:///workspace/cms-byline-content-lifecycle/node_modules/.pnpm/kysely@0.29.2/node_modules/kysely/dist/driver/default-connection-provider.js:10:20)
    at async DefaultQueryExecutor.executeQuery (file:///workspace/cms-byline-content-lifecycle/node_modules/.pnpm/kysely@0.29.2/node_modules/kysely/dist/query-executor/query-executor-base.js:38:28)
    at async SelectQueryBuilderImpl.execute (file:///workspace/cms-byline-content-lifecycle/node_modules/.pnpm/kysely@0.29.2/node_modules/kysely/dist/query-builder/select-query-builder.js:318:24)
    at async SelectQueryBuilderImpl.executeTakeFirst (file:///workspace/cms-byline-content-lifecycle/node_modules/.pnpm/kysely@0.29.2/node_modules/kysely/dist/query-builder/select-query-builder.js:322:26)
    at async MediaUsageRepository.findIndexStatus (file:///workspace/cms-byline-content-lifecycle/src/lib/server/blocks/upstream/database/repositories/media-usage.ts:2645:15)
    at async markContentMediaUsageCollectionStale (file:///workspace/cms-byline-content-lifecycle/src/lib/server/blocks/upstream/media/usage/schema-invalidation.ts:27:19)
    at async markContentMediaUsageCollectionStaleSafely (file:///workspace/cms-byline-content-lifecycle/src/lib/server/blocks/upstream/media/usage/schema-invalidation.ts:69:3) {
  [cause]: Error: no such table: _cms_media_usage_index_status: SQLITE_ERROR
      at D1DatabaseSessionAlwaysPrimary._sendOrThrow (cloudflare-internal:d1-api:140:24)
      at async cloudflare-internal:d1-api:366:41 {
    [cause]: undefined
  }
}
[media-usage] Failed to mark posts stale: Error: D1_ERROR: no such table: _cms_media_usage_index_status: SQLITE_ERROR
    at process.processTicksAndRejections (node:internal/process/task_queues:104:5)
    at async D1Connection.executeQuery (file:///workspace/cms-byline-content-lifecycle/src/lib/server/database/d1.ts:55:29)
    at async file:///workspace/cms-byline-content-lifecycle/node_modules/.pnpm/kysely@0.29.2/node_modules/kysely/dist/query-executor/query-executor-base.js:39:24
    at async DefaultConnectionProvider.provideConnection (file:///workspace/cms-byline-content-lifecycle/node_modules/.pnpm/kysely@0.29.2/node_modules/kysely/dist/driver/default-connection-provider.js:10:20)
    at async DefaultQueryExecutor.executeQuery (file:///workspace/cms-byline-content-lifecycle/node_modules/.pnpm/kysely@0.29.2/node_modules/kysely/dist/query-executor/query-executor-base.js:38:28)
    at async SelectQueryBuilderImpl.execute (file:///workspace/cms-byline-content-lifecycle/node_modules/.pnpm/kysely@0.29.2/node_modules/kysely/dist/query-builder/select-query-builder.js:318:24)
    at async SelectQueryBuilderImpl.executeTakeFirst (file:///workspace/cms-byline-content-lifecycle/node_modules/.pnpm/kysely@0.29.2/node_modules/kysely/dist/query-builder/select-query-builder.js:322:26)
    at async MediaUsageRepository.findIndexStatus (file:///workspace/cms-byline-content-lifecycle/src/lib/server/blocks/upstream/database/repositories/media-usage.ts:2645:15)
    at async markContentMediaUsageCollectionStale (file:///workspace/cms-byline-content-lifecycle/src/lib/server/blocks/upstream/media/usage/schema-invalidation.ts:27:19)
    at async markContentMediaUsageCollectionStaleSafely (file:///workspace/cms-byline-content-lifecycle/src/lib/server/blocks/upstream/media/usage/schema-invalidation.ts:69:3) {
  [cause]: Error: no such table: _cms_media_usage_index_status: SQLITE_ERROR
      at D1DatabaseSessionAlwaysPrimary._sendOrThrow (cloudflare-internal:d1-api:140:24)
      at async cloudflare-internal:d1-api:366:41 {
    [cause]: undefined
  }
}
Relation delete error: Error: D1_ERROR: actual legacy cascade fixture failure: SQLITE_CONSTRAINT (extended: SQLITE_CONSTRAINT_TRIGGER)
    at process.processTicksAndRejections (node:internal/process/task_queues:104:5)
    at async RawBindingD1Adapter.executeAtomicBatch (file:///workspace/cms-byline-content-lifecycle/src/lib/server/database/d1.ts:45:13)
    at async #props.executor.provideConnection.freeze.signal (file:///workspace/cms-byline-content-lifecycle/node_modules/.pnpm/kysely@0.29.2/node_modules/kysely/dist/kysely.js:647:20)
    at async DefaultConnectionProvider.provideConnection (file:///workspace/cms-byline-content-lifecycle/node_modules/.pnpm/kysely@0.29.2/node_modules/kysely/dist/driver/default-connection-provider.js:10:20)
    at async deleteRelationWithFields (file:///workspace/cms-byline-content-lifecycle/src/lib/server/relations/deletion.ts:56:18)
    at async handleRelationDelete (file:///workspace/cms-byline-content-lifecycle/src/lib/server/relations/handlers.ts:274:12)
    at async TestContext.<anonymous> (file:///workspace/cms-byline-content-lifecycle/tests/relations-legacy-cascade-native.test.ts:74:23)
    at async Test.run (node:internal/test_runner/test:1389:7)
    at async Test.processPendingSubtests (node:internal/test_runner/test:960:7) {
  [cause]: Error: actual legacy cascade fixture failure: SQLITE_CONSTRAINT (extended: SQLITE_CONSTRAINT_TRIGGER)
      at D1DatabaseSessionAlwaysPrimary._sendOrThrow (cloudflare-internal:d1-api:140:24)
      at async cloudflare-internal:d1-api:90:27
      at async #fetch (file:///workspace/cms-byline-content-lifecycle/node_modules/.pnpm/miniflare@4.20260507.1/node_modules/miniflare/dist/src/workers/core/entry.worker.js:4373:18)
      at async ProxyServer.fetch (file:///workspace/cms-byline-content-lifecycle/node_modules/.pnpm/miniflare@4.20260507.1/node_modules/miniflare/dist/src/workers/core/entry.worker.js:4277:14) {
    [cause]: undefined
  }
}
✔ raw D1 failed converted relation cascade rolls back retained columns and the persisted graph (3338.172602ms)
[media-usage] Failed to mark posts stale: Error: D1_ERROR: no such table: _cms_media_usage_index_status: SQLITE_ERROR
    at process.processTicksAndRejections (node:internal/process/task_queues:104:5)
    at async file:///workspace/cms-byline-content-lifecycle/src/lib/server/database/coalescing-d1.ts:208:32 {
  [cause]: Error: no such table: _cms_media_usage_index_status: SQLITE_ERROR
      at D1DatabaseSession._sendOrThrow (cloudflare-internal:d1-api:140:24)
      at async cloudflare-internal:d1-api:366:41 {
    [cause]: undefined
  }
}
[media-usage] Failed to mark authors stale: Error: D1_ERROR: no such table: _cms_media_usage_index_status: SQLITE_ERROR
    at process.processTicksAndRejections (node:internal/process/task_queues:104:5)
    at async file:///workspace/cms-byline-content-lifecycle/src/lib/server/database/coalescing-d1.ts:208:32 {
  [cause]: Error: no such table: _cms_media_usage_index_status: SQLITE_ERROR
      at D1DatabaseSession._sendOrThrow (cloudflare-internal:d1-api:140:24)
      at async cloudflare-internal:d1-api:366:41 {
    [cause]: undefined
  }
}
[media-usage] Failed to mark posts stale: Error: D1_ERROR: no such table: _cms_media_usage_index_status: SQLITE_ERROR
    at process.processTicksAndRejections (node:internal/process/task_queues:104:5)
    at async file:///workspace/cms-byline-content-lifecycle/src/lib/server/database/coalescing-d1.ts:208:32 {
  [cause]: Error: no such table: _cms_media_usage_index_status: SQLITE_ERROR
      at D1DatabaseSession._sendOrThrow (cloudflare-internal:d1-api:140:24)
      at async cloudflare-internal:d1-api:366:41 {
    [cause]: undefined
  }
}
✔ scoped D1 deleting a converted relation removes its retained column and allows field slug reuse (3751.161085ms)
[media-usage] Failed to mark posts stale: Error: D1_ERROR: no such table: _cms_media_usage_index_status: SQLITE_ERROR
    at process.processTicksAndRejections (node:internal/process/task_queues:104:5)
    at async file:///workspace/cms-byline-content-lifecycle/src/lib/server/database/coalescing-d1.ts:208:32 {
  [cause]: Error: no such table: _cms_media_usage_index_status: SQLITE_ERROR
      at D1DatabaseSession._sendOrThrow (cloudflare-internal:d1-api:140:24)
      at async cloudflare-internal:d1-api:366:41 {
    [cause]: undefined
  }
}
[media-usage] Failed to mark authors stale: Error: D1_ERROR: no such table: _cms_media_usage_index_status: SQLITE_ERROR
    at process.processTicksAndRejections (node:internal/process/task_queues:104:5)
    at async file:///workspace/cms-byline-content-lifecycle/src/lib/server/database/coalescing-d1.ts:208:32 {
  [cause]: Error: no such table: _cms_media_usage_index_status: SQLITE_ERROR
      at D1DatabaseSession._sendOrThrow (cloudflare-internal:d1-api:140:24)
      at async cloudflare-internal:d1-api:366:41 {
    [cause]: undefined
  }
}
[media-usage] Failed to mark posts stale: Error: D1_ERROR: no such table: _cms_media_usage_index_status: SQLITE_ERROR
    at process.processTicksAndRejections (node:internal/process/task_queues:104:5)
    at async file:///workspace/cms-byline-content-lifecycle/src/lib/server/database/coalescing-d1.ts:208:32 {
  [cause]: Error: no such table: _cms_media_usage_index_status: SQLITE_ERROR
      at D1DatabaseSession._sendOrThrow (cloudflare-internal:d1-api:140:24)
      at async cloudflare-internal:d1-api:366:41 {
    [cause]: undefined
  }
}
Relation delete error: Error: D1_ERROR: actual legacy cascade fixture failure: SQLITE_CONSTRAINT (extended: SQLITE_CONSTRAINT_TRIGGER)
    at process.processTicksAndRejections (node:internal/process/task_queues:104:5)
    at async file:///workspace/cms-byline-content-lifecycle/src/lib/server/database/coalescing-d1.ts:150:37 {
  [cause]: Error: actual legacy cascade fixture failure: SQLITE_CONSTRAINT (extended: SQLITE_CONSTRAINT_TRIGGER)
      at D1DatabaseSession._sendOrThrow (cloudflare-internal:d1-api:140:24)
      at async cloudflare-internal:d1-api:90:27 {
    [cause]: undefined
  }
}
✔ scoped D1 failed converted relation cascade rolls back retained columns and the persisted graph (2692.502187ms)
ℹ tests 148
ℹ suites 0
ℹ pass 148
ℹ fail 0
ℹ cancelled 0
ℹ skipped 0
ℹ todo 0
ℹ duration_ms 61770.211221
