2026-10-05T23:57:52.6884565Z Current runner version: '2.337.0'
2026-10-05T23:57:52.6901402Z ##[group]Runner Image Provisioner
2026-10-05T23:57:52.6901921Z Hosted Compute Agent
2026-10-05T23:57:52.6902328Z Version: 20260901.588
2026-10-05T23:57:52.6902693Z Commit: f88ec8081b781fac6c440065ac7ff9e710ce3d0b
2026-10-05T23:57:52.6903134Z Build Date: 2026-09-01T19:56:44Z
2026-10-05T23:57:52.6903543Z Worker ID: {572ba11d-3a2f-457d-9960-4375128cb2ec}
2026-10-05T23:57:52.6903960Z Azure Region: centralus
2026-10-05T23:57:52.6904337Z ##[endgroup]
2026-10-05T23:57:52.6905077Z ##[group]Operating System
2026-10-05T23:57:52.6905442Z Ubuntu
2026-10-05T23:57:52.6905828Z 22.04.5
2026-10-05T23:57:52.6906183Z LTS
2026-10-05T23:57:52.6906505Z ##[endgroup]
2026-10-05T23:57:52.6906889Z ##[group]Runner Image
2026-10-05T23:57:52.6907222Z Image: ubuntu-22.04
2026-10-05T23:57:52.6907582Z Version: 20260927.309.1
2026-10-05T23:57:52.6908319Z Included Software: https://github.com/actions/runner-images/blob/ubuntu22/20260927.309/images/ubuntu/Ubuntu2204-Readme.md
2026-10-05T23:57:52.6909201Z Image Release: https://github.com/actions/runner-images/releases/tag/ubuntu22%2F20260927.309
2026-10-05T23:57:52.6909755Z ##[endgroup]
2026-10-05T23:57:52.6910635Z ##[group]GITHUB_TOKEN Permissions
2026-10-05T23:57:52.6911900Z Contents: read
2026-10-05T23:57:52.6912235Z Metadata: read
2026-10-05T23:57:52.6912562Z Packages: read
2026-10-05T23:57:52.6912896Z ##[endgroup]
2026-10-05T23:57:52.6914161Z Secret source: Actions
2026-10-05T23:57:52.6914722Z Cache mode: write
2026-10-05T23:57:52.6915110Z Prepare workflow directory
2026-10-05T23:57:52.7116316Z Prepare all required actions
2026-10-05T23:57:52.7148716Z Getting action download info
2026-10-05T23:57:52.9890640Z Download action repository 'actions/checkout@v4' (SHA:11d5960a326750d5838078e36cf38b85af677262)
2026-10-05T23:57:53.5104394Z Download action repository 'pnpm/action-setup@v4' (SHA:b906affcce14559ad1aafd4ab0e942779e9f58b1)
2026-10-05T23:57:53.9834346Z Download action repository 'actions/setup-node@v4' (SHA:49933ea5288caeca8642d1e84afbd3f7d6820020)
2026-10-05T23:57:54.1154307Z Download action repository 'actions/upload-artifact@v4' (SHA:ea165f8d65b6e75b540449e92b4886f43607fa02)
2026-10-05T23:57:54.3951292Z Complete job name: media-detail-source
2026-10-05T23:57:54.4462745Z ##[group]Run actions/checkout@v4
2026-10-05T23:57:54.4463830Z with:
2026-10-05T23:57:54.4464483Z   repository: sveltery/cms
2026-10-05T23:57:54.4469452Z   token: ***
2026-10-05T23:57:54.4470070Z   ssh-strict: true
2026-10-05T23:57:54.4470817Z   ssh-user: git
2026-10-05T23:57:54.4471430Z   persist-credentials: true
2026-10-05T23:57:54.4472129Z   clean: true
2026-10-05T23:57:54.4472757Z   sparse-checkout-cone-mode: true
2026-10-05T23:57:54.4473500Z   fetch-depth: 1
2026-10-05T23:57:54.4474193Z   fetch-tags: false
2026-10-05T23:57:54.4474931Z   show-progress: true
2026-10-05T23:57:54.4475577Z   lfs: false
2026-10-05T23:57:54.4476154Z   submodules: false
2026-10-05T23:57:54.4476798Z   set-safe-directory: true
2026-10-05T23:57:54.4477511Z   allow-unsafe-pr-checkout: false
2026-10-05T23:57:54.4478394Z ##[endgroup]
2026-10-05T23:57:54.5105186Z Syncing repository: sveltery/cms
2026-10-05T23:57:54.5107020Z ##[group]Getting Git version info
2026-10-05T23:57:54.5108077Z Working directory is '/home/runner/work/cms/cms'
2026-10-05T23:57:54.5109429Z [command]/usr/bin/git version
2026-10-05T23:57:54.5520847Z git version 2.55.0
2026-10-05T23:57:54.5536239Z ##[endgroup]
2026-10-05T23:57:54.5548285Z Temporarily overriding HOME='/home/runner/work/_temp/e4b9ac0b-e166-436b-bc4e-a58d92efcaa9' before making global git config changes
2026-10-05T23:57:54.5550488Z Adding repository directory to the temporary git global config as a safe directory
2026-10-05T23:57:54.5552310Z [command]/usr/bin/git config --global --add safe.directory /home/runner/work/cms/cms
2026-10-05T23:57:54.5575379Z Deleting the contents of '/home/runner/work/cms/cms'
2026-10-05T23:57:54.5578682Z ##[group]Initializing the repository
2026-10-05T23:57:54.5581333Z [command]/usr/bin/git init /home/runner/work/cms/cms
2026-10-05T23:57:54.6241913Z hint: Using 'master' as the name for the initial branch. This default branch name
2026-10-05T23:57:54.6243981Z hint: will change to "main" in Git 3.0. To configure the initial branch name
2026-10-05T23:57:54.6245920Z hint: to use in all of your new repositories, which will suppress this warning,
2026-10-05T23:57:54.6247469Z hint: call:
2026-10-05T23:57:54.6248607Z hint:
2026-10-05T23:57:54.6249627Z hint: 	git config --global init.defaultBranch <name>
2026-10-05T23:57:54.6250978Z hint:
2026-10-05T23:57:54.6252184Z hint: Names commonly chosen instead of 'master' are 'main', 'trunk' and
2026-10-05T23:57:54.6253591Z hint: 'development'. The just-created branch can be renamed via this command:
2026-10-05T23:57:54.6254618Z hint:
2026-10-05T23:57:54.6255284Z hint: 	git branch -m <name>
2026-10-05T23:57:54.6256204Z hint:
2026-10-05T23:57:54.6257276Z hint: Disable this message with "git config set advice.defaultBranchName false"
2026-10-05T23:57:54.6258522Z Initialized empty Git repository in /home/runner/work/cms/cms/.git/
2026-10-05T23:57:54.6260757Z [command]/usr/bin/git remote add origin https://github.com/sveltery/cms
2026-10-05T23:57:54.6269779Z ##[endgroup]
2026-10-05T23:57:54.6271561Z ##[group]Disabling automatic garbage collection
2026-10-05T23:57:54.6272904Z [command]/usr/bin/git config --local gc.auto 0
2026-10-05T23:57:54.6290064Z ##[endgroup]
2026-10-05T23:57:54.6291779Z ##[group]Setting up auth
2026-10-05T23:57:54.6294149Z [command]/usr/bin/git config --local --name-only --get-regexp core\.sshCommand
2026-10-05T23:57:54.6312293Z [command]/usr/bin/git submodule foreach --recursive sh -c "git config --local --name-only --get-regexp 'core\.sshCommand' && git config --local --unset-all 'core.sshCommand' || :"
2026-10-05T23:57:54.7281878Z [command]/usr/bin/git config --local --name-only --get-regexp http\.https\:\/\/github\.com\/\.extraheader
2026-10-05T23:57:54.7301605Z [command]/usr/bin/git submodule foreach --recursive sh -c "git config --local --name-only --get-regexp 'http\.https\:\/\/github\.com\/\.extraheader' && git config --local --unset-all 'http.https://github.com/.extraheader' || :"
2026-10-05T23:57:54.7411178Z [command]/usr/bin/git config --local --name-only --get-regexp ^includeIf\.gitdir:
2026-10-05T23:57:54.7435270Z [command]/usr/bin/git submodule foreach --recursive git config --local --show-origin --name-only --get-regexp remote.origin.url
2026-10-05T23:57:54.7537587Z [command]/usr/bin/git config --local http.https://github.com/.extraheader AUTHORIZATION: basic ***
2026-10-05T23:57:54.7560325Z ##[endgroup]
2026-10-05T23:57:54.7561919Z ##[group]Fetching the repository
2026-10-05T23:57:54.7567222Z [command]/usr/bin/git -c protocol.version=2 fetch --no-tags --prune --no-recurse-submodules --depth=1 origin +7490cd5f542128cb659b5e8e9a3a0a3c8036a107:refs/remotes/pull/121/merge
2026-10-05T23:57:56.3396121Z From https://github.com/sveltery/cms
2026-10-05T23:57:56.3397435Z  * [new ref]         7490cd5f542128cb659b5e8e9a3a0a3c8036a107 -> pull/121/merge
2026-10-05T23:57:56.3398971Z ##[endgroup]
2026-10-05T23:57:56.3399443Z ##[group]Determining the checkout info
2026-10-05T23:57:56.3401616Z ##[endgroup]
2026-10-05T23:57:56.3405196Z [command]/usr/bin/git sparse-checkout disable
2026-10-05T23:57:56.3429307Z [command]/usr/bin/git config --local --unset-all extensions.worktreeConfig
2026-10-05T23:57:56.3445583Z ##[group]Checking out the ref
2026-10-05T23:57:56.3447385Z [command]/usr/bin/git checkout --progress --force refs/remotes/pull/121/merge
2026-10-05T23:57:56.5739806Z Note: switching to 'refs/remotes/pull/121/merge'.
2026-10-05T23:57:56.5740487Z 
2026-10-05T23:57:56.5740875Z You are in 'detached HEAD' state. You can look around, make experimental
2026-10-05T23:57:56.5741338Z changes and commit them, and you can discard any commits you make in this
2026-10-05T23:57:56.5741844Z state without impacting any branches by switching back to a branch.
2026-10-05T23:57:56.5742133Z 
2026-10-05T23:57:56.5742357Z If you want to create a new branch to retain commits you create, you may
2026-10-05T23:57:56.5743178Z do so (now or later) by using -c with the switch command. Example:
2026-10-05T23:57:56.5743424Z 
2026-10-05T23:57:56.5743539Z   git switch -c <new-branch-name>
2026-10-05T23:57:56.5743702Z 
2026-10-05T23:57:56.5743834Z Or undo this operation with:
2026-10-05T23:57:56.5744010Z 
2026-10-05T23:57:56.5744113Z   git switch -
2026-10-05T23:57:56.5744262Z 
2026-10-05T23:57:56.5744492Z Turn off this advice by setting config variable advice.detachedHead to false
2026-10-05T23:57:56.5744827Z 
2026-10-05T23:57:56.5745144Z HEAD is now at 7490cd5 Merge 7f2e0d2893154849e4a5e120a5e41656ad075083 into d26dd572499e9109b07ed6a31fdc9953bf1951af
2026-10-05T23:57:56.5752053Z ##[endgroup]
2026-10-05T23:57:56.5775175Z [command]/usr/bin/git log -1 --format=%H
2026-10-05T23:57:56.5787231Z 7490cd5f542128cb659b5e8e9a3a0a3c8036a107
2026-10-05T23:57:56.5937745Z ##[group]Run pnpm/action-setup@v4
2026-10-05T23:57:56.5937906Z with:
2026-10-05T23:57:56.5938026Z   version: 12.6.0
2026-10-05T23:57:56.5938147Z   dest: ~/setup-pnpm
2026-10-05T23:57:56.5938280Z   run_install: null
2026-10-05T23:57:56.5938396Z   cache: false
2026-10-05T23:57:56.5938523Z   cache_dependency_path: pnpm-lock.yaml
2026-10-05T23:57:56.5938706Z   package_json_file: package.json
2026-10-05T23:57:56.5938855Z   standalone: false
2026-10-05T23:57:56.5938974Z ##[endgroup]
2026-10-05T23:57:56.6758680Z ##[group]Running self-installer...
2026-10-05T23:57:56.9036099Z (node:1863) [DEP0169] DeprecationWarning: `url.parse()` behavior is not standardized and prone to errors that have security implications. Use the WHATWG URL API instead. CVEs are not issued for `url.parse()` vulnerabilities.
2026-10-05T23:57:56.9036810Z (Use `node --trace-deprecation ...` to show where the warning was created)
2026-10-05T23:57:57.0825088Z Progress: resolved 1, reused 0, downloaded 0, added 0
2026-10-05T23:57:57.2199787Z Packages: +3
2026-10-05T23:57:57.2200082Z +++
2026-10-05T23:57:57.6550517Z Progress: resolved 15, reused 0, downloaded 3, added 3, done
2026-10-05T23:57:57.6648574Z .../.pnpm/pnpm@12.6.0/node_modules/pnpm preinstall$ node install.js
2026-10-05T23:57:59.1130348Z .../.pnpm/pnpm@12.6.0/node_modules/pnpm preinstall: Done
2026-10-05T23:57:59.1133765Z .../.pnpm/pnpm@12.6.0/node_modules/pnpm postinstall$ node install.js
2026-10-05T23:57:59.1417942Z .../.pnpm/pnpm@12.6.0/node_modules/pnpm postinstall: Done
2026-10-05T23:58:00.0582058Z 
2026-10-05T23:58:00.0582632Z dependencies:
2026-10-05T23:58:00.0582913Z + pnpm 12.6.0 (12.9.1 is available)
2026-10-05T23:58:00.0583104Z 
2026-10-05T23:58:00.0598216Z Done in 3.2s
2026-10-05T23:58:00.0925711Z ##[endgroup]
2026-10-05T23:58:00.0925991Z Installation Completed!
2026-10-05T23:58:00.1039221Z ##[group]Run actions/setup-node@v4
2026-10-05T23:58:00.1039387Z with:
2026-10-05T23:58:00.1039502Z   node-version: 24
2026-10-05T23:58:00.1039623Z   always-auth: false
2026-10-05T23:58:00.1039781Z   check-latest: false
2026-10-05T23:58:00.1041282Z   token: ***
2026-10-05T23:58:00.1041395Z env:
2026-10-05T23:58:00.1041544Z   PNPM_HOME: /home/runner/setup-pnpm/node_modules/.bin
2026-10-05T23:58:00.1041740Z ##[endgroup]
2026-10-05T23:58:00.2399924Z Found in cache @ /opt/hostedtoolcache/node/24.21.0/x64
2026-10-05T23:58:00.2402635Z (node:1904) [DEP0040] DeprecationWarning: The `punycode` module is deprecated. Please use a userland alternative instead.
2026-10-05T23:58:00.2403359Z (Use `node --trace-deprecation ...` to show where the warning was created)
2026-10-05T23:58:00.2404665Z ##[group]Environment details
2026-10-05T23:58:01.9994120Z node: v24.21.0
2026-10-05T23:58:01.9994375Z npm: 11.19.0
2026-10-05T23:58:01.9994536Z yarn: 1.22.22
2026-10-05T23:58:01.9995551Z ##[endgroup]
2026-10-05T23:58:02.0065988Z ##[group]Run pnpm install --frozen-lockfile
2026-10-05T23:58:02.0066234Z [36;1mpnpm install --frozen-lockfile[0m
2026-10-05T23:58:02.2658200Z shell: /usr/bin/bash -e {0}
2026-10-05T23:58:02.2658369Z env:
2026-10-05T23:58:02.2658529Z   PNPM_HOME: /home/runner/setup-pnpm/node_modules/.bin
2026-10-05T23:58:02.2658714Z ##[endgroup]
2026-10-05T23:58:02.3020739Z ? Verifying lockfile against supply-chain policies (534 entries)...
2026-10-05T23:58:02.4903501Z Packages are hard linked from the content-addressable store to the virtual store.
2026-10-05T23:58:02.4922566Z   Content-addressable store is at: /home/runner/setup-pnpm/node_modules/.bin/store/v11
2026-10-05T23:58:02.4923845Z   Virtual store is at:             node_modules/.pnpm
2026-10-05T23:58:02.4965298Z Downloading @cloudflare/workerd-linux-64@1.20260609.1: 0.00 B/36.64 MB
2026-10-05T23:58:02.6521532Z Downloading @rolldown/binding-linux-x64-gnu@1.2.12: 0.00 B/8.07 MB
2026-10-05T23:58:03.0901359Z Downloading @phosphor-icons/react@2.1.10: 0.00 B/5.30 MB
2026-10-05T23:58:03.1442040Z Downloading @img/sharp-libvips-linux-x64@1.2.4: 0.00 B/7.53 MB
2026-10-05T23:58:03.1557196Z Downloading @cloudflare/workerd-linux-64@1.20260507.1: 0.00 B/36.65 MB
2026-10-05T23:58:03.8501050Z ✓ Lockfile passes supply-chain policies (534 entries in 1.5s)
2026-10-05T23:58:03.8501429Z Lockfile is up to date, resolution step is skipped
2026-10-05T23:58:04.1664554Z Packages: +403
2026-10-05T23:58:04.1665998Z ++++++++++++++++++++++++++++++++++++++++++++++++++++++++++++++++++++++++++++++++
2026-10-05T23:58:04.1854537Z Progress: resolved 403, reused 0, downloaded 403, added 403, done
2026-10-05T23:58:04.4478591Z . prepare$ svelte-kit sync
2026-10-05T23:58:04.9999955Z . prepare: Done
2026-10-05T23:58:05.0011533Z 
2026-10-05T23:58:05.0012075Z dependencies:
2026-10-05T23:58:05.0012381Z + @oslojs/crypto 1.0.1
2026-10-05T23:58:05.0012664Z + @oslojs/encoding 1.1.0
2026-10-05T23:58:05.0012914Z + @oslojs/webauthn 1.0.0
2026-10-05T23:58:05.0013363Z + @wordpress/block-serialization-default-parser 5.38.0
2026-10-05T23:58:05.0013768Z + blurhash 2.0.5
2026-10-05T23:58:05.0014058Z + cn 0.2.2
2026-10-05T23:58:05.0014333Z + date-fns 4.1.0
2026-10-05T23:58:05.0014634Z + image-size 2.0.2
2026-10-05T23:58:05.0014921Z + jpeg-js 0.4.4
2026-10-05T23:58:05.0015306Z + jsonc-parser 3.3.1
2026-10-05T23:58:05.0015641Z + kysely 0.29.2
2026-10-05T23:58:05.0025425Z + mime 4.1.0
2026-10-05T23:58:05.0025830Z + parse5 7.3.0
2026-10-05T23:58:05.0026168Z + smol-toml 1.6.0
2026-10-05T23:58:05.0026618Z + ulidx 2.4.1
2026-10-05T23:58:05.0026825Z + upng-js 2.1.0
2026-10-05T23:58:05.0027015Z + valibot 1.5.0
2026-10-05T23:58:05.0027272Z + zod 4.5.4
2026-10-05T23:58:05.0027391Z 
2026-10-05T23:58:05.0027474Z devDependencies:
2026-10-05T23:58:05.0027676Z + @babel/core 7.29.7
2026-10-05T23:58:05.0027892Z + @cloudflare/kumo 2.6.0
2026-10-05T23:58:05.0028163Z + @cloudflare/workers-types 4.20260507.1
2026-10-05T23:58:05.0028427Z + @floating-ui/dom 1.8.0
2026-10-05T23:58:05.0028706Z + @lingui/babel-plugin-lingui-macro 5.9.5
2026-10-05T23:58:05.0028962Z + @lingui/conf 5.9.5
2026-10-05T23:58:05.0029158Z + @lingui/core 5.9.5
2026-10-05T23:58:05.0029353Z + @lingui/react 5.9.5
2026-10-05T23:58:05.0029564Z + @playwright/test 1.63.0
2026-10-05T23:58:05.0029816Z + @sveltejs/adapter-auto 7.0.1
2026-10-05T23:58:05.0030083Z + @sveltejs/adapter-cloudflare 7.2.9
2026-10-05T23:58:05.0035429Z + @sveltejs/adapter-node 5.5.7
2026-10-05T23:58:05.0035662Z + @sveltejs/kit 2.70.3
2026-10-05T23:58:05.0035901Z + @sveltejs/vite-plugin-svelte 7.3.1
2026-10-05T23:58:05.0036176Z + @tanstack/react-query 5.90.21
2026-10-05T23:58:05.0036442Z + @tanstack/react-router 1.163.2
2026-10-05T23:58:05.0036696Z + @testing-library/react 16.3.2
2026-10-05T23:58:05.0036919Z + @types/jsdom 30.0.0
2026-10-05T23:58:05.0037121Z + @types/node 24.19.0
2026-10-05T23:58:05.0037318Z + @types/react 19.3.0
2026-10-05T23:58:05.0037526Z + @types/react-dom 19.3.0
2026-10-05T23:58:05.0037793Z + @vitest/browser-playwright 4.1.10
2026-10-05T23:58:05.0038032Z + devalue 5.9.4
2026-10-05T23:58:05.0038434Z + jsdom 30.1.1
2026-10-05T23:58:05.0038633Z + miniflare 4.20260507.1
2026-10-05T23:58:05.0038841Z + pg 8.18.0
2026-10-05T23:58:05.0039008Z + react 19.3.0
2026-10-05T23:58:05.0039204Z + react-day-picker 9.14.0
2026-10-05T23:58:05.0039428Z + react-dom 19.3.0
2026-10-05T23:58:05.0039608Z + svelte 5.57.1
2026-10-05T23:58:05.0039796Z + svelte-check 4.7.6
2026-10-05T23:58:05.0040106Z + typescript 6.0.3
2026-10-05T23:58:05.0040365Z + vite 8.3.2
2026-10-05T23:58:05.0040532Z + vitest 4.1.10
2026-10-05T23:58:05.0040733Z + vitest-browser-react 2.2.0
2026-10-05T23:58:05.0040958Z + wrangler 4.99.0
2026-10-05T23:58:05.0041066Z 
2026-10-05T23:58:05.0167283Z Done in 2.7s using pnpm v12.6.0
2026-10-05T23:58:05.0313230Z ##[group]Run pnpm exec playwright install --with-deps chromium
2026-10-05T23:58:05.0313508Z [36;1mpnpm exec playwright install --with-deps chromium[0m
2026-10-05T23:58:05.0345857Z shell: /usr/bin/bash -e {0}
2026-10-05T23:58:05.0346001Z env:
2026-10-05T23:58:05.0346151Z   PNPM_HOME: /home/runner/setup-pnpm/node_modules/.bin
2026-10-05T23:58:05.0346335Z ##[endgroup]
2026-10-05T23:58:05.3276203Z Installing dependencies...
2026-10-05T23:58:05.3327381Z Switching to root user to install dependencies...
2026-10-05T23:58:05.5103030Z Get:1 file:/etc/apt/apt-mirrors.txt Mirrorlist [144 B]
2026-10-05T23:58:05.5525493Z Get:6 https://packages.microsoft.com/ubuntu/22.04/prod jammy InRelease [3632 B]
2026-10-05T23:58:05.5718060Z Hit:2 http://azure.archive.ubuntu.com/ubuntu jammy InRelease
2026-10-05T23:58:05.5724160Z Get:3 http://azure.archive.ubuntu.com/ubuntu jammy-updates InRelease [128 kB]
2026-10-05T23:58:05.5739913Z Get:4 http://azure.archive.ubuntu.com/ubuntu jammy-backports InRelease [127 kB]
2026-10-05T23:58:05.5756552Z Get:5 http://azure.archive.ubuntu.com/ubuntu jammy-security InRelease [129 kB]
2026-10-05T23:58:05.6583463Z Get:7 https://packages.microsoft.com/ubuntu/22.04/prod jammy/main arm64 Packages [551 kB]
2026-10-05T23:58:05.6718590Z Get:8 https://packages.microsoft.com/ubuntu/22.04/prod jammy/main amd64 Packages [797 kB]
2026-10-05T23:58:05.7481715Z Get:9 http://azure.archive.ubuntu.com/ubuntu jammy-updates/main amd64 Packages [3907 kB]
2026-10-05T23:58:05.7624996Z Get:10 http://azure.archive.ubuntu.com/ubuntu jammy-updates/main Translation-en [576 kB]
2026-10-05T23:58:05.7629945Z Get:11 http://azure.archive.ubuntu.com/ubuntu jammy-updates/restricted amd64 Packages [6714 kB]
2026-10-05T23:58:05.7827488Z Get:12 http://azure.archive.ubuntu.com/ubuntu jammy-updates/restricted Translation-en [1290 kB]
2026-10-05T23:58:05.7872191Z Get:13 http://azure.archive.ubuntu.com/ubuntu jammy-updates/universe amd64 Packages [1285 kB]
2026-10-05T23:58:05.7914958Z Get:14 http://azure.archive.ubuntu.com/ubuntu jammy-updates/universe Translation-en [325 kB]
2026-10-05T23:58:05.8193194Z Get:15 http://azure.archive.ubuntu.com/ubuntu jammy-security/main amd64 Packages [3631 kB]
2026-10-05T23:58:05.8295045Z Get:16 http://azure.archive.ubuntu.com/ubuntu jammy-security/main Translation-en [508 kB]
2026-10-05T23:58:05.8312769Z Get:17 http://azure.archive.ubuntu.com/ubuntu jammy-security/restricted amd64 Packages [6465 kB]
2026-10-05T23:58:05.8488141Z Get:18 http://azure.archive.ubuntu.com/ubuntu jammy-security/restricted Translation-en [1244 kB]
2026-10-05T23:58:05.8956985Z Get:19 http://azure.archive.ubuntu.com/ubuntu jammy-security/universe amd64 Packages [1052 kB]
2026-10-05T23:58:05.8993632Z Get:20 http://azure.archive.ubuntu.com/ubuntu jammy-security/universe Translation-en [237 kB]
2026-10-05T23:58:13.4259394Z Fetched 29.0 MB in 2s (12.2 MB/s)
2026-10-05T23:58:14.1584601Z Reading package lists...
2026-10-05T23:58:14.1935665Z Reading package lists...
2026-10-05T23:58:14.3779726Z Building dependency tree...
2026-10-05T23:58:14.3787793Z Reading state information...
2026-10-05T23:58:14.5034047Z fonts-liberation is already the newest version (1:1.07.4-11).
2026-10-05T23:58:14.5034856Z fonts-liberation set to manually installed.
2026-10-05T23:58:14.5035354Z libatk-bridge2.0-0 is already the newest version (2.38.0-3).
2026-10-05T23:58:14.5035837Z libatk-bridge2.0-0 set to manually installed.
2026-10-05T23:58:14.5036301Z libatk1.0-0 is already the newest version (2.36.0-3build1).
2026-10-05T23:58:14.5036753Z libatk1.0-0 set to manually installed.
2026-10-05T23:58:14.5037161Z libatspi2.0-0 is already the newest version (2.44.0-3).
2026-10-05T23:58:14.5037469Z libatspi2.0-0 set to manually installed.
2026-10-05T23:58:14.5038180Z libfontconfig1 is already the newest version (2.13.1-4.2ubuntu5).
2026-10-05T23:58:14.5038481Z libfontconfig1 set to manually installed.
2026-10-05T23:58:14.5038686Z libxcb1 is already the newest version (1.14-3ubuntu3).
2026-10-05T23:58:14.5038881Z libxcb1 set to manually installed.
2026-10-05T23:58:14.5039282Z libxcomposite1 is already the newest version (1:0.4.5-1build2).
2026-10-05T23:58:14.5039498Z libxcomposite1 set to manually installed.
2026-10-05T23:58:14.5039710Z libxdamage1 is already the newest version (1:1.1.5-2build2).
2026-10-05T23:58:14.5039912Z libxdamage1 set to manually installed.
2026-10-05T23:58:14.5040116Z libxext6 is already the newest version (2:1.3.4-1build1).
2026-10-05T23:58:14.5040483Z libxext6 set to manually installed.
2026-10-05T23:58:14.5040675Z libxfixes3 is already the newest version (1:6.0.0-1).
2026-10-05T23:58:14.5040865Z libxfixes3 set to manually installed.
2026-10-05T23:58:14.5041059Z libxkbcommon0 is already the newest version (1.4.0-1).
2026-10-05T23:58:14.5041263Z libxkbcommon0 set to manually installed.
2026-10-05T23:58:14.5041600Z libxrandr2 is already the newest version (2:1.5.2-1build1).
2026-10-05T23:58:14.5041801Z libxrandr2 set to manually installed.
2026-10-05T23:58:14.5042054Z fonts-noto-color-emoji is already the newest version (2.047-0ubuntu0.22.04.1).
2026-10-05T23:58:14.5042333Z libasound2 is already the newest version (1.2.6.1-1ubuntu1.2).
2026-10-05T23:58:14.5042536Z libasound2 set to manually installed.
2026-10-05T23:58:14.5042743Z libcairo2 is already the newest version (1.16.0-5ubuntu2.1).
2026-10-05T23:58:14.5042945Z libcairo2 set to manually installed.
2026-10-05T23:58:14.5043155Z libcups2 is already the newest version (2.4.1op1-1ubuntu4.21).
2026-10-05T23:58:14.5043359Z libcups2 set to manually installed.
2026-10-05T23:58:14.5043566Z libdbus-1-3 is already the newest version (1.12.20-2ubuntu4.1).
2026-10-05T23:58:14.5043771Z libdbus-1-3 set to manually installed.
2026-10-05T23:58:14.5043989Z libdrm2 is already the newest version (2.4.113-2~ubuntu0.22.04.1).
2026-10-05T23:58:14.5044200Z libdrm2 set to manually installed.
2026-10-05T23:58:14.5044475Z libfreetype6 is already the newest version (2.11.1+dfsg-1ubuntu0.3).
2026-10-05T23:58:14.5044730Z libfreetype6 set to manually installed.
2026-10-05T23:58:14.5044949Z libgbm1 is already the newest version (23.2.1-1ubuntu3.1~22.04.4).
2026-10-05T23:58:14.5045152Z libgbm1 set to manually installed.
2026-10-05T23:58:14.5045362Z libglib2.0-0 is already the newest version (2.72.4-0ubuntu2.10).
2026-10-05T23:58:14.5045569Z libglib2.0-0 set to manually installed.
2026-10-05T23:58:14.5045784Z libnspr4 is already the newest version (2:4.35-0ubuntu0.22.04.1).
2026-10-05T23:58:14.5046029Z libnss3 is already the newest version (2:3.98-0ubuntu0.22.04.4).
2026-10-05T23:58:14.5046276Z libpango-1.0-0 is already the newest version (1.50.6+ds-2ubuntu1).
2026-10-05T23:58:14.5046493Z libpango-1.0-0 set to manually installed.
2026-10-05T23:58:14.5046723Z libwayland-client0 is already the newest version (1.20.0-1ubuntu0.1).
2026-10-05T23:58:14.5046960Z libwayland-client0 set to manually installed.
2026-10-05T23:58:14.5047328Z libx11-6 is already the newest version (2:1.7.5-1ubuntu0.3).
2026-10-05T23:58:14.5047615Z libx11-6 set to manually installed.
2026-10-05T23:58:14.5047938Z xvfb is already the newest version (2:21.1.4-2ubuntu1.7~22.04.16).
2026-10-05T23:58:14.5048293Z The following additional packages will be installed:
2026-10-05T23:58:14.5048579Z   xfonts-encodings xfonts-utils
2026-10-05T23:58:14.5048792Z Recommended packages:
2026-10-05T23:58:14.5049025Z   fonts-ipafont-mincho fonts-tlwg-loma
2026-10-05T23:58:14.5371058Z The following NEW packages will be installed:
2026-10-05T23:58:14.5371645Z   fonts-freefont-ttf fonts-ipafont-gothic fonts-tlwg-loma-otf fonts-unifont
2026-10-05T23:58:14.5374294Z   fonts-wqy-zenhei xfonts-cyrillic xfonts-encodings xfonts-scalable
2026-10-05T23:58:14.5374717Z   xfonts-utils
2026-10-05T23:58:14.5462889Z 0 upgraded, 9 newly installed, 0 to remove and 20 not upgraded.
2026-10-05T23:58:14.5463495Z Need to get 18.4 MB of archives.
2026-10-05T23:58:14.5463896Z After this operation, 56.8 MB of additional disk space will be used.
2026-10-05T23:58:14.5464212Z Get:1 file:/etc/apt/apt-mirrors.txt Mirrorlist [144 B]
2026-10-05T23:58:14.6091140Z Get:2 http://azure.archive.ubuntu.com/ubuntu jammy/universe amd64 fonts-ipafont-gothic all 00303-21ubuntu1 [3513 kB]
2026-10-05T23:58:14.7157073Z Get:3 http://azure.archive.ubuntu.com/ubuntu jammy/main amd64 fonts-freefont-ttf all 20120503-10build1 [2388 kB]
2026-10-05T23:58:15.0130850Z Get:4 http://azure.archive.ubuntu.com/ubuntu jammy/universe amd64 fonts-tlwg-loma-otf all 1:0.7.3-1 [107 kB]
2026-10-05T23:58:15.0478113Z Get:5 http://azure.archive.ubuntu.com/ubuntu jammy/universe amd64 fonts-unifont all 1:14.0.01-1 [3551 kB]
2026-10-05T23:58:15.1303996Z Get:6 http://azure.archive.ubuntu.com/ubuntu jammy/universe amd64 fonts-wqy-zenhei all 0.9.45-8 [7472 kB]
2026-10-05T23:58:15.2369231Z Get:7 http://azure.archive.ubuntu.com/ubuntu jammy/main amd64 xfonts-encodings all 1:1.0.5-0ubuntu2 [578 kB]
2026-10-05T23:58:15.2728821Z Get:8 http://azure.archive.ubuntu.com/ubuntu jammy/main amd64 xfonts-utils amd64 1:7.7+6build2 [94.6 kB]
2026-10-05T23:58:15.3070970Z Get:9 http://azure.archive.ubuntu.com/ubuntu jammy/universe amd64 xfonts-cyrillic all 1:1.0.5 [386 kB]
2026-10-05T23:58:15.3423602Z Get:10 http://azure.archive.ubuntu.com/ubuntu jammy/main amd64 xfonts-scalable all 1:1.0.3-1.2ubuntu1 [306 kB]
2026-10-05T23:58:15.5348631Z Fetched 18.4 MB in 1s (22.9 MB/s)
2026-10-05T23:58:15.5885028Z Selecting previously unselected package fonts-ipafont-gothic.
2026-10-05T23:58:15.6872997Z (Reading database ... 
2026-10-05T23:58:15.6873249Z (Reading database ... 5%
2026-10-05T23:58:15.6873404Z (Reading database ... 10%
2026-10-05T23:58:15.6873573Z (Reading database ... 15%
2026-10-05T23:58:15.6873717Z (Reading database ... 20%
2026-10-05T23:58:15.6873858Z (Reading database ... 25%
2026-10-05T23:58:15.6874001Z (Reading database ... 30%
2026-10-05T23:58:15.6874140Z (Reading database ... 35%
2026-10-05T23:58:15.6874312Z (Reading database ... 40%
2026-10-05T23:58:15.6874454Z (Reading database ... 45%
2026-10-05T23:58:15.6874593Z (Reading database ... 50%
2026-10-05T23:58:16.1849827Z (Reading database ... 55%
2026-10-05T23:58:16.6995670Z (Reading database ... 60%
2026-10-05T23:58:17.1078468Z (Reading database ... 65%
2026-10-05T23:58:17.4859176Z (Reading database ... 70%
2026-10-05T23:58:18.3186517Z (Reading database ... 75%
2026-10-05T23:58:19.2729553Z (Reading database ... 80%
2026-10-05T23:58:20.3605548Z (Reading database ... 85%
2026-10-05T23:58:21.4771858Z (Reading database ... 90%
2026-10-05T23:58:22.7679015Z (Reading database ... 95%
2026-10-05T23:58:22.7679327Z (Reading database ... 100%
2026-10-05T23:58:22.7679691Z (Reading database ... 260411 files and directories currently installed.)
2026-10-05T23:58:22.7724903Z Preparing to unpack .../0-fonts-ipafont-gothic_00303-21ubuntu1_all.deb ...
2026-10-05T23:58:22.7967571Z Unpacking fonts-ipafont-gothic (00303-21ubuntu1) ...
2026-10-05T23:58:23.1619003Z Selecting previously unselected package fonts-freefont-ttf.
2026-10-05T23:58:23.1717890Z Preparing to unpack .../1-fonts-freefont-ttf_20120503-10build1_all.deb ...
2026-10-05T23:58:23.1722520Z Unpacking fonts-freefont-ttf (20120503-10build1) ...
2026-10-05T23:58:23.3094268Z Selecting previously unselected package fonts-tlwg-loma-otf.
2026-10-05T23:58:23.3192432Z Preparing to unpack .../2-fonts-tlwg-loma-otf_1%3a0.7.3-1_all.deb ...
2026-10-05T23:58:23.3197372Z Unpacking fonts-tlwg-loma-otf (1:0.7.3-1) ...
2026-10-05T23:58:23.3343861Z Selecting previously unselected package fonts-unifont.
2026-10-05T23:58:23.3435465Z Preparing to unpack .../3-fonts-unifont_1%3a14.0.01-1_all.deb ...
2026-10-05T23:58:23.3441124Z Unpacking fonts-unifont (1:14.0.01-1) ...
2026-10-05T23:58:23.4651048Z Selecting previously unselected package fonts-wqy-zenhei.
2026-10-05T23:58:23.4747509Z Preparing to unpack .../4-fonts-wqy-zenhei_0.9.45-8_all.deb ...
2026-10-05T23:58:23.4849620Z Unpacking fonts-wqy-zenhei (0.9.45-8) ...
2026-10-05T23:58:23.9316577Z Selecting previously unselected package xfonts-encodings.
2026-10-05T23:58:23.9412167Z Preparing to unpack .../5-xfonts-encodings_1%3a1.0.5-0ubuntu2_all.deb ...
2026-10-05T23:58:23.9416315Z Unpacking xfonts-encodings (1:1.0.5-0ubuntu2) ...
2026-10-05T23:58:23.9540953Z Selecting previously unselected package xfonts-utils.
2026-10-05T23:58:23.9632866Z Preparing to unpack .../6-xfonts-utils_1%3a7.7+6build2_amd64.deb ...
2026-10-05T23:58:23.9637477Z Unpacking xfonts-utils (1:7.7+6build2) ...
2026-10-05T23:58:24.0459619Z Selecting previously unselected package xfonts-cyrillic.
2026-10-05T23:58:24.0551242Z Preparing to unpack .../7-xfonts-cyrillic_1%3a1.0.5_all.deb ...
2026-10-05T23:58:24.0555604Z Unpacking xfonts-cyrillic (1:1.0.5) ...
2026-10-05T23:58:24.0853426Z Selecting previously unselected package xfonts-scalable.
2026-10-05T23:58:24.0944165Z Preparing to unpack .../8-xfonts-scalable_1%3a1.0.3-1.2ubuntu1_all.deb ...
2026-10-05T23:58:24.0949178Z Unpacking xfonts-scalable (1:1.0.3-1.2ubuntu1) ...
2026-10-05T23:58:24.1206402Z Setting up fonts-wqy-zenhei (0.9.45-8) ...
2026-10-05T23:58:24.1269844Z Setting up fonts-freefont-ttf (20120503-10build1) ...
2026-10-05T23:58:24.1282414Z Setting up fonts-tlwg-loma-otf (1:0.7.3-1) ...
2026-10-05T23:58:24.1294664Z Setting up xfonts-encodings (1:1.0.5-0ubuntu2) ...
2026-10-05T23:58:24.1307113Z Setting up fonts-ipafont-gothic (00303-21ubuntu1) ...
2026-10-05T23:58:24.1348189Z update-alternatives: using /usr/share/fonts/opentype/ipafont-gothic/ipag.ttf to provide /usr/share/fonts/truetype/fonts-japanese-gothic.ttf (fonts-japanese-gothic.ttf) in auto mode
2026-10-05T23:58:24.1403428Z Setting up fonts-unifont (1:14.0.01-1) ...
2026-10-05T23:58:24.1416105Z Setting up xfonts-utils (1:7.7+6build2) ...
2026-10-05T23:58:24.1438603Z Setting up xfonts-cyrillic (1:1.0.5) ...
2026-10-05T23:58:24.1744645Z Setting up xfonts-scalable (1:1.0.3-1.2ubuntu1) ...
2026-10-05T23:58:24.1869261Z Processing triggers for man-db (2.10.2-1) ...
2026-10-05T23:58:24.1881767Z Not building database; man-db/auto-update is not 'true'.
2026-10-05T23:58:24.1888568Z Processing triggers for fontconfig (2.13.1-4.2ubuntu5) ...
2026-10-05T23:58:25.2491675Z 
2026-10-05T23:58:25.2492305Z Running kernel seems to be up-to-date.
2026-10-05T23:58:25.2492479Z 
2026-10-05T23:58:25.2492615Z No services need to be restarted.
2026-10-05T23:58:25.2492714Z 
2026-10-05T23:58:25.2492794Z No containers need to be restarted.
2026-10-05T23:58:25.2492890Z 
2026-10-05T23:58:25.2492987Z No user sessions are running outdated binaries.
2026-10-05T23:58:25.2493101Z 
2026-10-05T23:58:25.2493247Z No VM guests are running outdated hypervisor (qemu) binaries on this host.
2026-10-05T23:58:26.0583077Z Downloading Chrome for Testing 153.0.8010.12 (playwright chromium v1243) from https://cdn.playwright.dev/builds/cft/153.0.8010.12/linux64/chrome-linux64.zip
2026-10-05T23:58:26.3594248Z |                                                                                |   0% of 186.8 MiB
2026-10-05T23:58:26.5474695Z |■■■■■■■■                                                                        |  10% of 186.8 MiB
2026-10-05T23:58:26.6129527Z |■■■■■■■■■■■■■■■■                                                                |  20% of 186.8 MiB
2026-10-05T23:58:26.6903091Z |■■■■■■■■■■■■■■■■■■■■■■■■                                                        |  30% of 186.8 MiB
2026-10-05T23:58:26.7565124Z |■■■■■■■■■■■■■■■■■■■■■■■■■■■■■■■■                                                |  40% of 186.8 MiB
2026-10-05T23:58:26.8359181Z |■■■■■■■■■■■■■■■■■■■■■■■■■■■■■■■■■■■■■■■■                                        |  50% of 186.8 MiB
2026-10-05T23:58:26.9144075Z |■■■■■■■■■■■■■■■■■■■■■■■■■■■■■■■■■■■■■■■■■■■■■■■■                                |  60% of 186.8 MiB
2026-10-05T23:58:26.9802416Z |■■■■■■■■■■■■■■■■■■■■■■■■■■■■■■■■■■■■■■■■■■■■■■■■■■■■■■■■                        |  70% of 186.8 MiB
2026-10-05T23:58:27.0656132Z |■■■■■■■■■■■■■■■■■■■■■■■■■■■■■■■■■■■■■■■■■■■■■■■■■■■■■■■■■■■■■■■■                |  80% of 186.8 MiB
2026-10-05T23:58:27.1574755Z |■■■■■■■■■■■■■■■■■■■■■■■■■■■■■■■■■■■■■■■■■■■■■■■■■■■■■■■■■■■■■■■■■■■■■■■■        |  90% of 186.8 MiB
2026-10-05T23:58:27.2362877Z |■■■■■■■■■■■■■■■■■■■■■■■■■■■■■■■■■■■■■■■■■■■■■■■■■■■■■■■■■■■■■■■■■■■■■■■■■■■■■■■■| 100% of 186.8 MiB
2026-10-05T23:58:28.9307677Z Chrome for Testing 153.0.8010.12 (playwright chromium v1243) downloaded to /home/runner/.cache/ms-playwright/chromium-1243
2026-10-05T23:58:28.9309597Z Downloading FFmpeg (playwright ffmpeg v1011) from https://cdn.playwright.dev/dbazure/download/playwright/builds/ffmpeg/1011/ffmpeg-linux.zip
2026-10-05T23:58:29.3222788Z |                                                                                |   0% of 2.3 MiB
2026-10-05T23:58:29.3701827Z |■■■■■■■■                                                                        |  10% of 2.3 MiB
2026-10-05T23:58:29.3971127Z |■■■■■■■■■■■■■■■■                                                                |  20% of 2.3 MiB
2026-10-05T23:58:29.4083546Z |■■■■■■■■■■■■■■■■■■■■■■■■                                                        |  30% of 2.3 MiB
2026-10-05T23:58:29.4179056Z |■■■■■■■■■■■■■■■■■■■■■■■■■■■■■■■■                                                |  40% of 2.3 MiB
2026-10-05T23:58:29.4258443Z |■■■■■■■■■■■■■■■■■■■■■■■■■■■■■■■■■■■■■■■■                                        |  50% of 2.3 MiB
2026-10-05T23:58:29.4324725Z |■■■■■■■■■■■■■■■■■■■■■■■■■■■■■■■■■■■■■■■■■■■■■■■■                                |  60% of 2.3 MiB
2026-10-05T23:58:29.4382010Z |■■■■■■■■■■■■■■■■■■■■■■■■■■■■■■■■■■■■■■■■■■■■■■■■■■■■■■■■                        |  70% of 2.3 MiB
2026-10-05T23:58:29.4420496Z |■■■■■■■■■■■■■■■■■■■■■■■■■■■■■■■■■■■■■■■■■■■■■■■■■■■■■■■■■■■■■■■■                |  80% of 2.3 MiB
2026-10-05T23:58:29.4599964Z |■■■■■■■■■■■■■■■■■■■■■■■■■■■■■■■■■■■■■■■■■■■■■■■■■■■■■■■■■■■■■■■■■■■■■■■■        |  90% of 2.3 MiB
2026-10-05T23:58:29.4719098Z |■■■■■■■■■■■■■■■■■■■■■■■■■■■■■■■■■■■■■■■■■■■■■■■■■■■■■■■■■■■■■■■■■■■■■■■■■■■■■■■■| 100% of 2.3 MiB
2026-10-05T23:58:29.5025973Z FFmpeg (playwright ffmpeg v1011) downloaded to /home/runner/.cache/ms-playwright/ffmpeg-1011
2026-10-05T23:58:29.5027862Z Downloading Chrome Headless Shell 153.0.8010.12 (playwright chromium-headless-shell v1243) from https://cdn.playwright.dev/builds/cft/153.0.8010.12/linux64/chrome-headless-shell-linux64.zip
2026-10-05T23:58:29.8430042Z |                                                                                |   0% of 114.3 MiB
2026-10-05T23:58:30.2478749Z |■■■■■■■■                                                                        |  10% of 114.3 MiB
2026-10-05T23:58:30.3334623Z |■■■■■■■■■■■■■■■■                                                                |  20% of 114.3 MiB
2026-10-05T23:58:30.4224138Z |■■■■■■■■■■■■■■■■■■■■■■■■                                                        |  30% of 114.3 MiB
2026-10-05T23:58:30.5141056Z |■■■■■■■■■■■■■■■■■■■■■■■■■■■■■■■■                                                |  40% of 114.3 MiB
2026-10-05T23:58:30.5985679Z |■■■■■■■■■■■■■■■■■■■■■■■■■■■■■■■■■■■■■■■■                                        |  50% of 114.3 MiB
2026-10-05T23:58:30.6910532Z |■■■■■■■■■■■■■■■■■■■■■■■■■■■■■■■■■■■■■■■■■■■■■■■■                                |  60% of 114.3 MiB
2026-10-05T23:58:30.7757931Z |■■■■■■■■■■■■■■■■■■■■■■■■■■■■■■■■■■■■■■■■■■■■■■■■■■■■■■■■                        |  70% of 114.3 MiB
2026-10-05T23:58:30.8686389Z |■■■■■■■■■■■■■■■■■■■■■■■■■■■■■■■■■■■■■■■■■■■■■■■■■■■■■■■■■■■■■■■■                |  80% of 114.3 MiB
2026-10-05T23:58:30.9525698Z |■■■■■■■■■■■■■■■■■■■■■■■■■■■■■■■■■■■■■■■■■■■■■■■■■■■■■■■■■■■■■■■■■■■■■■■■        |  90% of 114.3 MiB
2026-10-05T23:58:31.0455839Z |■■■■■■■■■■■■■■■■■■■■■■■■■■■■■■■■■■■■■■■■■■■■■■■■■■■■■■■■■■■■■■■■■■■■■■■■■■■■■■■■| 100% of 114.3 MiB
2026-10-05T23:58:32.3897581Z Chrome Headless Shell 153.0.8010.12 (playwright chromium-headless-shell v1243) downloaded to /home/runner/.cache/ms-playwright/chromium_headless_shell-1243
2026-10-05T23:58:32.4096759Z ##[group]Run pnpm exec vitest run --config vitest.media-detail-complete-browser.config.ts --reporter=default --reporter=json --outputFile=media-detail-source-results.json
2026-10-05T23:58:32.4097433Z [36;1mpnpm exec vitest run --config vitest.media-detail-complete-browser.config.ts --reporter=default --reporter=json --outputFile=media-detail-source-results.json[0m
2026-10-05T23:58:32.4127193Z shell: /usr/bin/bash -e {0}
2026-10-05T23:58:32.4127332Z env:
2026-10-05T23:58:32.4127471Z   PNPM_HOME: /home/runner/setup-pnpm/node_modules/.bin
2026-10-05T23:58:32.4127642Z   DEBUG: pw:browser
2026-10-05T23:58:32.4127754Z ##[endgroup]
2026-10-05T23:58:32.9210990Z 
2026-10-05T23:58:32.9213598Z [1m[30m[46m RUN [49m[39m[22m [36mv4.1.10 [39m[90m/home/runner/work/cms/cms[39m
2026-10-05T23:58:32.9214013Z 
2026-10-05T23:58:33.5528715Z 2026-10-05T23:58:33.551Z pw:browser <launching> /home/runner/.cache/ms-playwright/chromium_headless_shell-1243/chrome-headless-shell-linux64/chrome-headless-shell --disable-field-trial-config --disable-background-networking --disable-background-timer-throttling --disable-backgrounding-occluded-windows --disable-back-forward-cache --disable-breakpad --disable-client-side-phishing-detection --disable-component-extensions-with-background-pages --disable-component-update --no-default-browser-check --disable-default-apps --disable-dev-shm-usage --disable-edgeupdater --disable-extensions --disable-features=AvoidUnnecessaryBeforeUnloadCheckSync,DestroyProfileOnBrowserClose,DialMediaRouteProvider,GlobalMediaControls,HttpsUpgrades,LensOverlay,MediaRouter,PaintHolding,ThirdPartyStoragePartitioning,BlockOriginHeaderModificationOnRedirect,Translate,AutoDeElevate,OptimizationHints,msForceBrowserSignIn,msEdgeUpdateLaunchServicesPreferredVersion --enable-features=CDPScreenshotNewSurface --allow-pre-commit-input --disable-hang-monitor --disable-ipc-flooding-protection --disable-popup-blocking --disable-prompt-on-repost --disable-renderer-backgrounding --disable-updater-scheduler --force-color-profile=srgb --metrics-recording-only --no-first-run --password-store=basic --use-mock-keychain --no-service-autorun --export-tagged-pdf --disable-search-engine-choice-screen --unsafely-disable-devtools-self-xss-warnings --edge-skip-compat-layer-relaunch --disable-infobars --disable-search-engine-choice-screen --disable-sync --enable-unsafe-swiftshader --headless --hide-scrollbars --mute-audio --blink-settings=primaryHoverType=2,availableHoverTypes=2,primaryPointerType=4,availablePointerTypes=4 --user-data-dir=/tmp/playwright_chromiumdev_profile-I2pXth --remote-debugging-pipe --no-startup-window
2026-10-05T23:58:33.5583689Z 2026-10-05T23:58:33.558Z pw:browser <launched> pid=2829
2026-10-05T23:58:33.7881961Z 2026-10-05T23:58:33.787Z pw:browser [pid=2829][err] [1005/235833.786723:ERROR:dbus/bus.cc:405] Failed to connect to the bus: Could not parse server address: Unknown address type (examples of valid types are "tcp" and on UNIX "unix")
2026-10-05T23:58:33.7906205Z 2026-10-05T23:58:33.790Z pw:browser [pid=2829][err] Unable to revert mtime: /usr/share/fonts
2026-10-05T23:58:33.7981167Z 2026-10-05T23:58:33.793Z pw:browser [pid=2829][err] Unable to revert mtime: /usr/share/fonts/truetype
2026-10-05T23:58:33.8011017Z 2026-10-05T23:58:33.799Z pw:browser [pid=2829][err] Unable to revert mtime: /usr/share/fonts/truetype/dejavu
2026-10-05T23:58:33.8291821Z 2026-10-05T23:58:33.827Z pw:browser [pid=2829][err] [1005/235833.827498:WARNING:media/gpu/vaapi/vaapi_wrapper.cc:1660] drmGetDevices2() has not found any devices
2026-10-05T23:58:33.8311930Z 2026-10-05T23:58:33.829Z pw:browser [pid=2829][err] [1005/235833.829034:WARNING:sandbox/policy/linux/sandbox_linux.cc:405] InitializeSandbox() called with multiple threads in process gpu-process.
2026-10-05T23:58:33.9815386Z 2026-10-05T23:58:33.981Z pw:browser [pid=2829][err] Unable to revert mtime: /usr/share/fonts/truetype/lato
2026-10-05T23:58:34.1221448Z 2026-10-05T23:58:34.121Z pw:browser [pid=2829][err] Unable to revert mtime: /usr/share/fonts/truetype/liberation
2026-10-05T23:58:34.2194524Z 2026-10-05T23:58:34.219Z pw:browser [pid=2829][err] Unable to revert mtime: /usr/share/fonts/truetype/noto
2026-10-05T23:58:34.3297239Z 2026-10-05T23:58:34.329Z pw:browser [pid=2829][err] [1005/235834.329195:ERROR:dbus/object_proxy.cc:572] Failed to call method: org.freedesktop.DBus.NameHasOwner: object_path= /org/freedesktop/DBus: unknown error type: 
2026-10-05T23:58:34.3321929Z 2026-10-05T23:58:34.329Z pw:browser [pid=2829][err] [1005/235834.329262:ERROR:dbus/bus.cc:405] Failed to connect to the bus: Could not parse server address: Unknown address type (examples of valid types are "tcp" and on UNIX "unix")
2026-10-05T23:58:34.3352187Z 2026-10-05T23:58:34.331Z pw:browser [pid=2829][err] [1005/235834.330924:ERROR:dbus/object_proxy.cc:572] Failed to call method: org.freedesktop.DBus.NameHasOwner: object_path= /org/freedesktop/DBus: unknown error type: 
2026-10-05T23:58:34.5393646Z 2026-10-05T23:58:34.539Z pw:browser [pid=2829][err] [1005/235834.539071:INFO:CONSOLE:934] "[vite] connecting...", source: http://localhost:63315/@vite/client (934)
2026-10-05T23:58:34.5444114Z 2026-10-05T23:58:34.544Z pw:browser [pid=2829][err] [1005/235834.543267:INFO:CONSOLE:1045] "[vite] connected.", source: http://localhost:63315/@vite/client (1045)
2026-10-05T23:58:34.5855948Z 2026-10-05T23:58:34.584Z pw:browser [pid=2829][err] [1005/235834.583323:INFO:CONSOLE:934] "[vite] connecting...", source: http://localhost:63315/@vite/client (934)
2026-10-05T23:58:34.5914635Z 2026-10-05T23:58:34.591Z pw:browser [pid=2829][err] [1005/235834.589890:INFO:CONSOLE:1045] "[vite] connected.", source: http://localhost:63315/@vite/client (1045)
2026-10-05T23:58:35.3890051Z 2026-10-05T23:58:35.388Z pw:browser [pid=2829][err] [1005/235835.388516:INFO:CONSOLE:1222] "%c[svelte] ownership_invalid_mutation
2026-10-05T23:58:35.3893025Z 2026-10-05T23:58:35.388Z pw:browser [pid=2829][err] %cMutating unbound props (`editorFrameRef`, at src/​lib/​media/​FocalPointEditor.svelte:18:32) is strongly discouraged. Consider using `bind:editorFrameRef={...}` in src/lib/media/MediaDetails.svelte (or using a callback) instead
2026-10-05T23:58:35.3894901Z 2026-10-05T23:58:35.388Z pw:browser [pid=2829][err] https://svelte.dev/e/ownership_invalid_mutation font-weight: bold font-weight: normal", source: http://localhost:63315/__vitest_browser__/tester-BJtsJFpD.js (1222)
2026-10-05T23:58:35.3896933Z [90mstderr[2m | parity/emdash/media-admin-editor/source/packages/admin/tests/components/MediaDetailPanel.test.tsx[2m > [22m[2mMediaDetailPanel[2m > [22m[2mdisplays filename and file size
2026-10-05T23:58:35.3897812Z [22m[39m[svelte] ownership_invalid_mutation
2026-10-05T23:58:35.3899052Z Mutating unbound props (`editorFrameRef`, at src/​lib/​media/​FocalPointEditor.svelte:18:32) is strongly discouraged. Consider using `bind:editorFrameRef={...}` in src/lib/media/MediaDetails.svelte (or using a callback) instead
2026-10-05T23:58:35.3899964Z https://svelte.dev/e/ownership_invalid_mutation
2026-10-05T23:58:35.3996482Z 2026-10-05T23:58:35.399Z pw:browser [pid=2829][err] [1005/235835.399377:INFO:CONSOLE:1222] "%c[svelte] ownership_invalid_mutation
2026-10-05T23:58:35.4000125Z 2026-10-05T23:58:35.399Z pw:browser [pid=2829][err] %cMutating unbound props (`editorFrameRef`, at src/​lib/​media/​FocalPointEditor.svelte:18:96) is strongly discouraged. Consider using `bind:editorFrameRef={...}` in src/lib/media/MediaDetails.svelte (or using a callback) instead
2026-10-05T23:58:35.4002309Z 2026-10-05T23:58:35.399Z pw:browser [pid=2829][err] https://svelte.dev/e/ownership_invalid_mutation font-weight: bold font-weight: normal", source: http://localhost:63315/__vitest_browser__/tester-BJtsJFpD.js (1222)
2026-10-05T23:58:35.4003947Z [90mstderr[2m | parity/emdash/media-admin-editor/source/packages/admin/tests/components/MediaDetailPanel.test.tsx[2m > [22m[2mMediaDetailPanel[2m > [22m[2mdisplays dimensions for images
2026-10-05T23:58:35.4004864Z [22m[39m[svelte] ownership_invalid_mutation
2026-10-05T23:58:35.4006338Z Mutating unbound props (`editorFrameRef`, at src/​lib/​media/​FocalPointEditor.svelte:18:96) is strongly discouraged. Consider using `bind:editorFrameRef={...}` in src/lib/media/MediaDetails.svelte (or using a callback) instead
2026-10-05T23:58:35.4007321Z https://svelte.dev/e/ownership_invalid_mutation
2026-10-05T23:58:35.4027622Z 2026-10-05T23:58:35.402Z pw:browser [pid=2829][err] [1005/235835.402609:INFO:CONSOLE:1222] "%c[svelte] ownership_invalid_mutation
2026-10-05T23:58:35.4029293Z 2026-10-05T23:58:35.402Z pw:browser [pid=2829][err] %cMutating unbound props (`editorFrameRef`, at src/​lib/​media/​FocalPointEditor.svelte:18:32) is strongly discouraged. Consider using `bind:editorFrameRef={...}` in src/lib/media/MediaDetails.svelte (or using a callback) instead
2026-10-05T23:58:35.4031909Z 2026-10-05T23:58:35.402Z pw:browser [pid=2829][err] https://svelte.dev/e/ownership_invalid_mutation font-weight: bold font-weight: normal", source: http://localhost:63315/__vitest_browser__/tester-BJtsJFpD.js (1222)
2026-10-05T23:58:35.4032975Z [90mstderr[2m | parity/emdash/media-admin-editor/source/packages/admin/tests/components/MediaDetailPanel.test.tsx[2m > [22m[2mMediaDetailPanel[2m > [22m[2mdisplays dimensions for images
2026-10-05T23:58:35.4033540Z [22m[39m[svelte] ownership_invalid_mutation
2026-10-05T23:58:35.4034282Z Mutating unbound props (`editorFrameRef`, at src/​lib/​media/​FocalPointEditor.svelte:18:32) is strongly discouraged. Consider using `bind:editorFrameRef={...}` in src/lib/media/MediaDetails.svelte (or using a callback) instead
2026-10-05T23:58:35.4034904Z https://svelte.dev/e/ownership_invalid_mutation
2026-10-05T23:58:35.4061715Z 2026-10-05T23:58:35.406Z pw:browser [pid=2829][err] [1005/235835.406006:INFO:CONSOLE:1222] "%c[svelte] ownership_invalid_mutation
2026-10-05T23:58:35.4063437Z 2026-10-05T23:58:35.406Z pw:browser [pid=2829][err] %cMutating unbound props (`editorFrameRef`, at src/​lib/​media/​FocalPointEditor.svelte:18:96) is strongly discouraged. Consider using `bind:editorFrameRef={...}` in src/lib/media/MediaDetails.svelte (or using a callback) instead
2026-10-05T23:58:35.4065148Z 2026-10-05T23:58:35.406Z pw:browser [pid=2829][err] https://svelte.dev/e/ownership_invalid_mutation font-weight: bold font-weight: normal", source: http://localhost:63315/__vitest_browser__/tester-BJtsJFpD.js (1222)
2026-10-05T23:58:35.4066992Z [90mstderr[2m | parity/emdash/media-admin-editor/source/packages/admin/tests/components/MediaDetailPanel.test.tsx[2m > [22m[2mMediaDetailPanel[2m > [22m[2mkeeps the Uploaded row in the wider column when dimensions are missing
2026-10-05T23:58:35.4067626Z [22m[39m[svelte] ownership_invalid_mutation
2026-10-05T23:58:35.4068562Z Mutating unbound props (`editorFrameRef`, at src/​lib/​media/​FocalPointEditor.svelte:18:96) is strongly discouraged. Consider using `bind:editorFrameRef={...}` in src/lib/media/MediaDetails.svelte (or using a callback) instead
2026-10-05T23:58:35.4069423Z https://svelte.dev/e/ownership_invalid_mutation
2026-10-05T23:58:35.4275923Z 2026-10-05T23:58:35.426Z pw:browser [pid=2829][err] [1005/235835.426836:INFO:CONSOLE:1222] "%c[svelte] ownership_invalid_mutation
2026-10-05T23:58:35.4277496Z 2026-10-05T23:58:35.426Z pw:browser [pid=2829][err] %cMutating unbound props (`editorFrameRef`, at src/​lib/​media/​FocalPointEditor.svelte:18:32) is strongly discouraged. Consider using `bind:editorFrameRef={...}` in src/lib/media/MediaDetails.svelte (or using a callback) instead
2026-10-05T23:58:35.4278761Z 2026-10-05T23:58:35.426Z pw:browser [pid=2829][err] https://svelte.dev/e/ownership_invalid_mutation font-weight: bold font-weight: normal", source: http://localhost:63315/__vitest_browser__/tester-BJtsJFpD.js (1222)
2026-10-05T23:58:35.4280071Z [90mstderr[2m | parity/emdash/media-admin-editor/source/packages/admin/tests/components/MediaDetailPanel.test.tsx[2m > [22m[2mMediaDetailPanel[2m > [22m[2mgroups the preview, metadata, and actions in an accessible dialog
2026-10-05T23:58:35.4281305Z [22m[39m[svelte] ownership_invalid_mutation
2026-10-05T23:58:35.4282852Z Mutating unbound props (`editorFrameRef`, at src/​lib/​media/​FocalPointEditor.svelte:18:32) is strongly discouraged. Consider using `bind:editorFrameRef={...}` in src/lib/media/MediaDetails.svelte (or using a callback) instead
2026-10-05T23:58:35.4284604Z https://svelte.dev/e/ownership_invalid_mutation
2026-10-05T23:58:35.4855408Z 2026-10-05T23:58:35.485Z pw:browser [pid=2829][err] [1005/235835.485186:INFO:CONSOLE:1222] "%c[svelte] ownership_invalid_mutation
2026-10-05T23:58:35.4858783Z 2026-10-05T23:58:35.485Z pw:browser [pid=2829][err] %cMutating unbound props (`editorFrameRef`, at src/​lib/​media/​FocalPointEditor.svelte:18:96) is strongly discouraged. Consider using `bind:editorFrameRef={...}` in src/lib/media/MediaDetails.svelte (or using a callback) instead
2026-10-05T23:58:35.4860120Z 2026-10-05T23:58:35.485Z pw:browser [pid=2829][err] https://svelte.dev/e/ownership_invalid_mutation font-weight: bold font-weight: normal", source: http://localhost:63315/__vitest_browser__/tester-BJtsJFpD.js (1222)
2026-10-05T23:58:35.4861279Z [90mstderr[2m | parity/emdash/media-admin-editor/source/packages/admin/tests/components/MediaDetailPanel.test.tsx[2m > [22m[2mMediaDetailPanel[2m > [22m[2mreplaces a selected image and keeps the media dialog open
2026-10-05T23:58:35.4861812Z [22m[39m[svelte] ownership_invalid_mutation
2026-10-05T23:58:35.4862480Z Mutating unbound props (`editorFrameRef`, at src/​lib/​media/​FocalPointEditor.svelte:18:96) is strongly discouraged. Consider using `bind:editorFrameRef={...}` in src/lib/media/MediaDetails.svelte (or using a callback) instead
2026-10-05T23:58:35.4863002Z https://svelte.dev/e/ownership_invalid_mutation
2026-10-05T23:58:35.4899884Z 2026-10-05T23:58:35.489Z pw:browser [pid=2829][err] [1005/235835.489811:INFO:CONSOLE:1222] "%c[svelte] ownership_invalid_mutation
2026-10-05T23:58:35.4901782Z 2026-10-05T23:58:35.489Z pw:browser [pid=2829][err] %cMutating unbound props (`editorFrameRef`, at src/​lib/​media/​FocalPointEditor.svelte:18:32) is strongly discouraged. Consider using `bind:editorFrameRef={...}` in src/lib/media/MediaDetails.svelte (or using a callback) instead
2026-10-05T23:58:35.4903182Z 2026-10-05T23:58:35.489Z pw:browser [pid=2829][err] https://svelte.dev/e/ownership_invalid_mutation font-weight: bold font-weight: normal", source: http://localhost:63315/__vitest_browser__/tester-BJtsJFpD.js (1222)
2026-10-05T23:58:35.4905017Z [90mstderr[2m | parity/emdash/media-admin-editor/source/packages/admin/tests/components/MediaDetailPanel.test.tsx[2m > [22m[2mMediaDetailPanel[2m > [22m[2mreplaces a selected image and keeps the media dialog open
2026-10-05T23:58:35.4905595Z [22m[39m[svelte] ownership_invalid_mutation
2026-10-05T23:58:35.4906265Z Mutating unbound props (`editorFrameRef`, at src/​lib/​media/​FocalPointEditor.svelte:18:32) is strongly discouraged. Consider using `bind:editorFrameRef={...}` in src/lib/media/MediaDetails.svelte (or using a callback) instead
2026-10-05T23:58:35.4906771Z https://svelte.dev/e/ownership_invalid_mutation
2026-10-05T23:58:35.5858825Z 2026-10-05T23:58:35.585Z pw:browser [pid=2829][err] [1005/235835.585596:INFO:CONSOLE:1222] "%c[svelte] ownership_invalid_mutation
2026-10-05T23:58:35.5861058Z 2026-10-05T23:58:35.585Z pw:browser [pid=2829][err] %cMutating unbound props (`editorFrameRef`, at src/​lib/​media/​FocalPointEditor.svelte:18:96) is strongly discouraged. Consider using `bind:editorFrameRef={...}` in src/lib/media/MediaDetails.svelte (or using a callback) instead
2026-10-05T23:58:35.5862791Z 2026-10-05T23:58:35.585Z pw:browser [pid=2829][err] https://svelte.dev/e/ownership_invalid_mutation font-weight: bold font-weight: normal", source: http://localhost:63315/__vitest_browser__/tester-BJtsJFpD.js (1222)
2026-10-05T23:58:35.5864525Z [90mstderr[2m | parity/emdash/media-admin-editor/source/packages/admin/tests/components/MediaDetailPanel.test.tsx[2m > [22m[2mMediaDetailPanel[2m > [22m[2mignores replacement inspection that finishes after the dialog closes
2026-10-05T23:58:35.5865485Z [22m[39m[svelte] ownership_invalid_mutation
2026-10-05T23:58:35.5866881Z Mutating unbound props (`editorFrameRef`, at src/​lib/​media/​FocalPointEditor.svelte:18:96) is strongly discouraged. Consider using `bind:editorFrameRef={...}` in src/lib/media/MediaDetails.svelte (or using a callback) instead
2026-10-05T23:58:35.5867596Z https://svelte.dev/e/ownership_invalid_mutation
2026-10-05T23:58:35.5894774Z 2026-10-05T23:58:35.589Z pw:browser [pid=2829][err] [1005/235835.589310:INFO:CONSOLE:1222] "%c[svelte] ownership_invalid_mutation
2026-10-05T23:58:35.5896699Z 2026-10-05T23:58:35.589Z pw:browser [pid=2829][err] %cMutating unbound props (`editorFrameRef`, at src/​lib/​media/​FocalPointEditor.svelte:18:32) is strongly discouraged. Consider using `bind:editorFrameRef={...}` in src/lib/media/MediaDetails.svelte (or using a callback) instead
2026-10-05T23:58:35.5898494Z 2026-10-05T23:58:35.589Z pw:browser [pid=2829][err] https://svelte.dev/e/ownership_invalid_mutation font-weight: bold font-weight: normal", source: http://localhost:63315/__vitest_browser__/tester-BJtsJFpD.js (1222)
2026-10-05T23:58:35.5919953Z [90mstderr[2m | parity/emdash/media-admin-editor/source/packages/admin/tests/components/MediaDetailPanel.test.tsx[2m > [22m[2mMediaDetailPanel[2m > [22m[2mignores replacement inspection that finishes after the dialog closes
2026-10-05T23:58:35.5923171Z [22m[39m[svelte] ownership_invalid_mutation
2026-10-05T23:58:35.5924021Z Mutating unbound props (`editorFrameRef`, at src/​lib/​media/​FocalPointEditor.svelte:18:32) is strongly discouraged. Consider using `bind:editorFrameRef={...}` in src/lib/media/MediaDetails.svelte (or using a callback) instead
2026-10-05T23:58:35.5924784Z https://svelte.dev/e/ownership_invalid_mutation
2026-10-05T23:58:35.6033522Z 2026-10-05T23:58:35.603Z pw:browser [pid=2829][err] [1005/235835.603106:INFO:CONSOLE:1222] "%c[svelte] ownership_invalid_mutation
2026-10-05T23:58:35.6035612Z 2026-10-05T23:58:35.603Z pw:browser [pid=2829][err] %cMutating unbound props (`editorFrameRef`, at src/​lib/​media/​FocalPointEditor.svelte:18:96) is strongly discouraged. Consider using `bind:editorFrameRef={...}` in src/lib/media/MediaDetails.svelte (or using a callback) instead
2026-10-05T23:58:35.6037263Z 2026-10-05T23:58:35.603Z pw:browser [pid=2829][err] https://svelte.dev/e/ownership_invalid_mutation font-weight: bold font-weight: normal", source: http://localhost:63315/__vitest_browser__/tester-BJtsJFpD.js (1222)
2026-10-05T23:58:35.6039534Z [90mstderr[2m | parity/emdash/media-admin-editor/source/packages/admin/tests/components/MediaDetailPanel.test.tsx[2m > [22m[2mMediaDetailPanel[2m > [22m[2madapts the dialog height to each image task without clipping its actions
2026-10-05T23:58:35.6040694Z [22m[39m[svelte] ownership_invalid_mutation
2026-10-05T23:58:35.6041941Z Mutating unbound props (`editorFrameRef`, at src/​lib/​media/​FocalPointEditor.svelte:18:96) is strongly discouraged. Consider using `bind:editorFrameRef={...}` in src/lib/media/MediaDetails.svelte (or using a callback) instead
2026-10-05T23:58:35.6042884Z https://svelte.dev/e/ownership_invalid_mutation
2026-10-05T23:58:35.6062429Z 2026-10-05T23:58:35.606Z pw:browser [pid=2829][err] [1005/235835.606072:INFO:CONSOLE:1222] "%c[svelte] ownership_invalid_mutation
2026-10-05T23:58:35.6063885Z 2026-10-05T23:58:35.606Z pw:browser [pid=2829][err] %cMutating unbound props (`editorFrameRef`, at src/​lib/​media/​FocalPointEditor.svelte:18:32) is strongly discouraged. Consider using `bind:editorFrameRef={...}` in src/lib/media/MediaDetails.svelte (or using a callback) instead
2026-10-05T23:58:35.6065566Z 2026-10-05T23:58:35.606Z pw:browser [pid=2829][err] https://svelte.dev/e/ownership_invalid_mutation font-weight: bold font-weight: normal", source: http://localhost:63315/__vitest_browser__/tester-BJtsJFpD.js (1222)
2026-10-05T23:58:35.6066670Z [90mstderr[2m | parity/emdash/media-admin-editor/source/packages/admin/tests/components/MediaDetailPanel.test.tsx[2m > [22m[2mMediaDetailPanel[2m > [22m[2madapts the dialog height to each image task without clipping its actions
2026-10-05T23:58:35.6067469Z [22m[39m[svelte] ownership_invalid_mutation
2026-10-05T23:58:35.6068202Z Mutating unbound props (`editorFrameRef`, at src/​lib/​media/​FocalPointEditor.svelte:18:32) is strongly discouraged. Consider using `bind:editorFrameRef={...}` in src/lib/media/MediaDetails.svelte (or using a callback) instead
2026-10-05T23:58:35.6068786Z https://svelte.dev/e/ownership_invalid_mutation
2026-10-05T23:58:35.6139502Z 2026-10-05T23:58:35.613Z pw:browser [pid=2829][err] [1005/235835.613765:INFO:CONSOLE:1222] "%c[svelte] ownership_invalid_mutation
2026-10-05T23:58:35.6141291Z 2026-10-05T23:58:35.613Z pw:browser [pid=2829][err] %cMutating unbound props (`editorFrameRef`, at src/​lib/​media/​FocalPointEditor.svelte:18:96) is strongly discouraged. Consider using `bind:editorFrameRef={...}` in src/lib/media/MediaDetails.svelte (or using a callback) instead
2026-10-05T23:58:35.6142790Z 2026-10-05T23:58:35.613Z pw:browser [pid=2829][err] https://svelte.dev/e/ownership_invalid_mutation font-weight: bold font-weight: normal", source: http://localhost:63315/__vitest_browser__/tester-BJtsJFpD.js (1222)
2026-10-05T23:58:35.6155471Z [90mstderr[2m | parity/emdash/media-admin-editor/source/packages/admin/tests/components/MediaDetailPanel.test.tsx[2m > [22m[2mMediaDetailPanel[2m > [22m[2madapts the dialog height to each image task without clipping its actions
2026-10-05T23:58:35.6156831Z [22m[39m[svelte] ownership_invalid_mutation
2026-10-05T23:58:35.6157984Z Mutating unbound props (`editorFrameRef`, at src/​lib/​media/​FocalPointEditor.svelte:18:96) is strongly discouraged. Consider using `bind:editorFrameRef={...}` in src/lib/media/MediaDetails.svelte (or using a callback) instead
2026-10-05T23:58:35.6158759Z https://svelte.dev/e/ownership_invalid_mutation
2026-10-05T23:58:35.6212086Z 2026-10-05T23:58:35.620Z pw:browser [pid=2829][err] [1005/235835.620696:INFO:CONSOLE:1222] "%c[svelte] ownership_invalid_mutation
2026-10-05T23:58:35.6213927Z 2026-10-05T23:58:35.620Z pw:browser [pid=2829][err] %cMutating unbound props (`editorFrameRef`, at src/​lib/​media/​FocalPointEditor.svelte:18:32) is strongly discouraged. Consider using `bind:editorFrameRef={...}` in src/lib/media/MediaDetails.svelte (or using a callback) instead
2026-10-05T23:58:35.6216307Z 2026-10-05T23:58:35.620Z pw:browser [pid=2829][err] https://svelte.dev/e/ownership_invalid_mutation font-weight: bold font-weight: normal", source: http://localhost:63315/__vitest_browser__/tester-BJtsJFpD.js (1222)
2026-10-05T23:58:35.6218097Z [90mstderr[2m | parity/emdash/media-admin-editor/source/packages/admin/tests/components/MediaDetailPanel.test.tsx[2m > [22m[2mMediaDetailPanel[2m > [22m[2madapts the dialog height to each image task without clipping its actions
2026-10-05T23:58:35.6219154Z [22m[39m[svelte] ownership_invalid_mutation
2026-10-05T23:58:35.6220556Z Mutating unbound props (`editorFrameRef`, at src/​lib/​media/​FocalPointEditor.svelte:18:32) is strongly discouraged. Consider using `bind:editorFrameRef={...}` in src/lib/media/MediaDetails.svelte (or using a callback) instead
2026-10-05T23:58:35.6221541Z https://svelte.dev/e/ownership_invalid_mutation
2026-10-05T23:58:35.6222751Z [90mstderr[2m | parity/emdash/media-admin-editor/source/packages/admin/tests/components/MediaDetailPanel.test.tsx[2m > [22m[2mMediaDetailPanel[2m > [22m[2madapts the dialog height to each image task without clipping its actions
2026-10-05T23:58:35.6223472Z [22m[39m[svelte] ownership_invalid_mutation
2026-10-05T23:58:35.6224456Z Mutating unbound props (`firstPreviewRef`, at src/​lib/​media/​FocalPointPreviews.svelte:8:33) is strongly discouraged. Consider using `bind:firstPreviewRef={...}` in src/lib/media/MediaDetails.svelte (or using a callback) instead
2026-10-05T23:58:35.6225053Z https://svelte.dev/e/ownership_invalid_mutation
2026-10-05T23:58:35.6225423Z 2026-10-05T23:58:35.621Z pw:browser [pid=2829][err] [1005/235835.621364:INFO:CONSOLE:1222] "%c[svelte] ownership_invalid_mutation
2026-10-05T23:58:35.6226739Z 2026-10-05T23:58:35.621Z pw:browser [pid=2829][err] %cMutating unbound props (`firstPreviewRef`, at src/​lib/​media/​FocalPointPreviews.svelte:8:33) is strongly discouraged. Consider using `bind:firstPreviewRef={...}` in src/lib/media/MediaDetails.svelte (or using a callback) instead
2026-10-05T23:58:35.6227749Z 2026-10-05T23:58:35.621Z pw:browser [pid=2829][err] https://svelte.dev/e/ownership_invalid_mutation font-weight: bold font-weight: normal", source: http://localhost:63315/__vitest_browser__/tester-BJtsJFpD.js (1222)
2026-10-05T23:58:35.6230419Z 2026-10-05T23:58:35.622Z pw:browser [pid=2829][err] [1005/235835.622895:INFO:CONSOLE:1222] "%c[svelte] ownership_invalid_mutation
2026-10-05T23:58:35.6232013Z 2026-10-05T23:58:35.622Z pw:browser [pid=2829][err] %cMutating unbound props (`editorFrameRef`, at src/​lib/​media/​FocalPointEditor.svelte:18:96) is strongly discouraged. Consider using `bind:editorFrameRef={...}` in src/lib/media/MediaDetails.svelte (or using a callback) instead
2026-10-05T23:58:35.6235133Z 2026-10-05T23:58:35.622Z pw:browser [pid=2829][err] https://svelte.dev/e/ownership_invalid_mutation font-weight: bold font-weight: normal", source: http://localhost:63315/__vitest_browser__/tester-BJtsJFpD.js (1222)
2026-10-05T23:58:35.6236861Z [90mstderr[2m | parity/emdash/media-admin-editor/source/packages/admin/tests/components/MediaDetailPanel.test.tsx[2m > [22m[2mMediaDetailPanel[2m > [22m[2msuppresses inner scrollbars only while the dialog height expands
2026-10-05T23:58:35.6237804Z [22m[39m[svelte] ownership_invalid_mutation
2026-10-05T23:58:35.6239230Z Mutating unbound props (`editorFrameRef`, at src/​lib/​media/​FocalPointEditor.svelte:18:96) is strongly discouraged. Consider using `bind:editorFrameRef={...}` in src/lib/media/MediaDetails.svelte (or using a callback) instead
2026-10-05T23:58:35.6240315Z https://svelte.dev/e/ownership_invalid_mutation
2026-10-05T23:58:35.6241041Z 2026-10-05T23:58:35.623Z pw:browser [pid=2829][err] [1005/235835.623455:INFO:CONSOLE:1222] "%c[svelte] ownership_invalid_mutation
2026-10-05T23:58:35.6242284Z 2026-10-05T23:58:35.623Z pw:browser [pid=2829][err] %cMutating unbound props (`firstPreviewRef`, at src/​lib/​media/​FocalPointPreviews.svelte:8:99) is strongly discouraged. Consider using `bind:firstPreviewRef={...}` in src/lib/media/MediaDetails.svelte (or using a callback) instead
2026-10-05T23:58:35.6243681Z 2026-10-05T23:58:35.623Z pw:browser [pid=2829][err] https://svelte.dev/e/ownership_invalid_mutation font-weight: bold font-weight: normal", source: http://localhost:63315/__vitest_browser__/tester-BJtsJFpD.js (1222)
2026-10-05T23:58:35.6245220Z [90mstderr[2m | parity/emdash/media-admin-editor/source/packages/admin/tests/components/MediaDetailPanel.test.tsx[2m > [22m[2mMediaDetailPanel[2m > [22m[2msuppresses inner scrollbars only while the dialog height expands
2026-10-05T23:58:35.6246101Z [22m[39m[svelte] ownership_invalid_mutation
2026-10-05T23:58:35.6247289Z Mutating unbound props (`firstPreviewRef`, at src/​lib/​media/​FocalPointPreviews.svelte:8:99) is strongly discouraged. Consider using `bind:firstPreviewRef={...}` in src/lib/media/MediaDetails.svelte (or using a callback) instead
2026-10-05T23:58:35.6248156Z https://svelte.dev/e/ownership_invalid_mutation
2026-10-05T23:58:35.6248798Z 2026-10-05T23:58:35.624Z pw:browser [pid=2829][err] [1005/235835.624330:INFO:CONSOLE:1222] "%c[svelte] derived_inert
2026-10-05T23:58:35.6249608Z 2026-10-05T23:58:35.624Z pw:browser [pid=2829][err] %cReading a derived belonging to a now-destroyed effect may result in stale values
2026-10-05T23:58:35.6250904Z 2026-10-05T23:58:35.624Z pw:browser [pid=2829][err] https://svelte.dev/e/derived_inert font-weight: bold font-weight: normal", source: http://localhost:63315/__vitest_browser__/tester-BJtsJFpD.js (1222)
2026-10-05T23:58:35.6252465Z [90mstderr[2m | parity/emdash/media-admin-editor/source/packages/admin/tests/components/MediaDetailPanel.test.tsx[2m > [22m[2mMediaDetailPanel[2m > [22m[2msuppresses inner scrollbars only while the dialog height expands
2026-10-05T23:58:35.6253420Z [22m[39m[svelte] derived_inert
2026-10-05T23:58:35.6253818Z Reading a derived belonging to a now-destroyed effect may result in stale values
2026-10-05T23:58:35.6254203Z https://svelte.dev/e/derived_inert
2026-10-05T23:58:35.6255214Z [90mstderr[2m | parity/emdash/media-admin-editor/source/packages/admin/tests/components/MediaDetailPanel.test.tsx[2m > [22m[2mMediaDetailPanel[2m > [22m[2msuppresses inner scrollbars only while the dialog height expands
2026-10-05T23:58:35.6256004Z [22m[39m[svelte] derived_inert
2026-10-05T23:58:35.6256383Z Reading a derived belonging to a now-destroyed effect may result in stale values
2026-10-05T23:58:35.6256757Z https://svelte.dev/e/derived_inert
2026-10-05T23:58:35.6257254Z 2026-10-05T23:58:35.625Z pw:browser [pid=2829][err] [1005/235835.624994:INFO:CONSOLE:1222] "%c[svelte] derived_inert
2026-10-05T23:58:35.6257984Z 2026-10-05T23:58:35.625Z pw:browser [pid=2829][err] %cReading a derived belonging to a now-destroyed effect may result in stale values
2026-10-05T23:58:35.6258993Z 2026-10-05T23:58:35.625Z pw:browser [pid=2829][err] https://svelte.dev/e/derived_inert font-weight: bold font-weight: normal", source: http://localhost:63315/__vitest_browser__/tester-BJtsJFpD.js (1222)
2026-10-05T23:58:35.6277261Z 2026-10-05T23:58:35.627Z pw:browser [pid=2829][err] [1005/235835.627586:INFO:CONSOLE:1222] "%c[svelte] ownership_invalid_mutation
2026-10-05T23:58:35.6281906Z 2026-10-05T23:58:35.627Z pw:browser [pid=2829][err] %cMutating unbound props (`editorFrameRef`, at src/​lib/​media/​FocalPointEditor.svelte:18:32) is strongly discouraged. Consider using `bind:editorFrameRef={...}` in src/lib/media/MediaDetails.svelte (or using a callback) instead
2026-10-05T23:58:35.6282867Z 2026-10-05T23:58:35.627Z pw:browser [pid=2829][err] https://svelte.dev/e/ownership_invalid_mutation font-weight: bold font-weight: normal", source: http://localhost:63315/__vitest_browser__/tester-BJtsJFpD.js (1222)
2026-10-05T23:58:35.6283790Z [90mstderr[2m | parity/emdash/media-admin-editor/source/packages/admin/tests/components/MediaDetailPanel.test.tsx[2m > [22m[2mMediaDetailPanel[2m > [22m[2msuppresses inner scrollbars only while the dialog height expands
2026-10-05T23:58:35.6284302Z [22m[39m[svelte] ownership_invalid_mutation
2026-10-05T23:58:35.6285120Z Mutating unbound props (`editorFrameRef`, at src/​lib/​media/​FocalPointEditor.svelte:18:32) is strongly discouraged. Consider using `bind:editorFrameRef={...}` in src/lib/media/MediaDetails.svelte (or using a callback) instead
2026-10-05T23:58:35.6285603Z https://svelte.dev/e/ownership_invalid_mutation
2026-10-05T23:58:35.6293088Z 2026-10-05T23:58:35.629Z pw:browser [pid=2829][err] [1005/235835.629136:INFO:CONSOLE:1222] "%c[svelte] derived_inert
2026-10-05T23:58:35.6293844Z 2026-10-05T23:58:35.629Z pw:browser [pid=2829][err] %cReading a derived belonging to a now-destroyed effect may result in stale values
2026-10-05T23:58:35.6294914Z 2026-10-05T23:58:35.629Z pw:browser [pid=2829][err] https://svelte.dev/e/derived_inert font-weight: bold font-weight: normal", source: http://localhost:63315/__vitest_browser__/tester-BJtsJFpD.js (1222)
2026-10-05T23:58:35.6296065Z [90mstderr[2m | parity/emdash/media-admin-editor/source/packages/admin/tests/components/MediaDetailPanel.test.tsx[2m > [22m[2mMediaDetailPanel[2m > [22m[2msuppresses inner scrollbars only while the dialog height expands
2026-10-05T23:58:35.6296567Z [22m[39m[svelte] derived_inert
2026-10-05T23:58:35.6296811Z Reading a derived belonging to a now-destroyed effect may result in stale values
2026-10-05T23:58:35.6297051Z https://svelte.dev/e/derived_inert
2026-10-05T23:58:35.6309923Z 2026-10-05T23:58:35.630Z pw:browser [pid=2829][err] [1005/235835.630808:INFO:CONSOLE:1222] "%c[svelte] ownership_invalid_mutation
2026-10-05T23:58:35.6311791Z 2026-10-05T23:58:35.630Z pw:browser [pid=2829][err] %cMutating unbound props (`editorFrameRef`, at src/​lib/​media/​FocalPointEditor.svelte:18:96) is strongly discouraged. Consider using `bind:editorFrameRef={...}` in src/lib/media/MediaDetails.svelte (or using a callback) instead
2026-10-05T23:58:35.6312883Z 2026-10-05T23:58:35.630Z pw:browser [pid=2829][err] https://svelte.dev/e/ownership_invalid_mutation font-weight: bold font-weight: normal", source: http://localhost:63315/__vitest_browser__/tester-BJtsJFpD.js (1222)
2026-10-05T23:58:35.6313823Z [90mstderr[2m | parity/emdash/media-admin-editor/source/packages/admin/tests/components/MediaDetailPanel.test.tsx[2m > [22m[2mMediaDetailPanel[2m > [22m[2msuppresses inner scrollbars only while the dialog height expands
2026-10-05T23:58:35.6314335Z [22m[39m[svelte] ownership_invalid_mutation
2026-10-05T23:58:35.6314972Z Mutating unbound props (`editorFrameRef`, at src/​lib/​media/​FocalPointEditor.svelte:18:96) is strongly discouraged. Consider using `bind:editorFrameRef={...}` in src/lib/media/MediaDetails.svelte (or using a callback) instead
2026-10-05T23:58:35.6315453Z https://svelte.dev/e/ownership_invalid_mutation
2026-10-05T23:58:35.6839743Z 2026-10-05T23:58:35.683Z pw:browser [pid=2829][err] [1005/235835.683762:INFO:CONSOLE:1222] "%c[svelte] ownership_invalid_mutation
2026-10-05T23:58:35.6841505Z 2026-10-05T23:58:35.683Z pw:browser [pid=2829][err] %cMutating unbound props (`editorFrameRef`, at src/​lib/​media/​FocalPointEditor.svelte:18:32) is strongly discouraged. Consider using `bind:editorFrameRef={...}` in src/lib/media/MediaDetails.svelte (or using a callback) instead
2026-10-05T23:58:35.6842965Z 2026-10-05T23:58:35.683Z pw:browser [pid=2829][err] https://svelte.dev/e/ownership_invalid_mutation font-weight: bold font-weight: normal", source: http://localhost:63315/__vitest_browser__/tester-BJtsJFpD.js (1222)
2026-10-05T23:58:35.6844473Z [90mstderr[2m | parity/emdash/media-admin-editor/source/packages/admin/tests/components/MediaDetailPanel.test.tsx[2m > [22m[2mMediaDetailPanel[2m > [22m[2msuppresses inner scrollbars only while the dialog height expands
2026-10-05T23:58:35.6845340Z [22m[39m[svelte] ownership_invalid_mutation
2026-10-05T23:58:35.6846066Z Mutating unbound props (`editorFrameRef`, at src/​lib/​media/​FocalPointEditor.svelte:18:32) is strongly discouraged. Consider using `bind:editorFrameRef={...}` in src/lib/media/MediaDetails.svelte (or using a callback) instead
2026-10-05T23:58:35.6847084Z https://svelte.dev/e/ownership_invalid_mutation
2026-10-05T23:58:35.7352169Z 2026-10-05T23:58:35.735Z pw:browser [pid=2829][err] [1005/235835.734965:INFO:CONSOLE:1222] "%c[svelte] ownership_invalid_mutation
2026-10-05T23:58:35.7353998Z 2026-10-05T23:58:35.735Z pw:browser [pid=2829][err] %cMutating unbound props (`editorFrameRef`, at src/​lib/​media/​FocalPointEditor.svelte:18:96) is strongly discouraged. Consider using `bind:editorFrameRef={...}` in src/lib/media/MediaDetails.svelte (or using a callback) instead
2026-10-05T23:58:35.7355693Z 2026-10-05T23:58:35.735Z pw:browser [pid=2829][err] https://svelte.dev/e/ownership_invalid_mutation font-weight: bold font-weight: normal", source: http://localhost:63315/__vitest_browser__/tester-BJtsJFpD.js (1222)
2026-10-05T23:58:35.7357104Z [90mstderr[2m | parity/emdash/media-admin-editor/source/packages/admin/tests/components/MediaDetailPanel.test.tsx[2m > [22m[2mMediaDetailPanel[2m > [22m[2mresizes without spatial motion when reduced motion is preferred
2026-10-05T23:58:35.7357949Z [22m[39m[svelte] ownership_invalid_mutation
2026-10-05T23:58:35.7359010Z Mutating unbound props (`editorFrameRef`, at src/​lib/​media/​FocalPointEditor.svelte:18:96) is strongly discouraged. Consider using `bind:editorFrameRef={...}` in src/lib/media/MediaDetails.svelte (or using a callback) instead
2026-10-05T23:58:35.7359577Z https://svelte.dev/e/ownership_invalid_mutation
2026-10-05T23:58:35.7381419Z 2026-10-05T23:58:35.738Z pw:browser [pid=2829][err] [1005/235835.737989:INFO:CONSOLE:1222] "%c[svelte] ownership_invalid_mutation
2026-10-05T23:58:35.7383271Z 2026-10-05T23:58:35.738Z pw:browser [pid=2829][err] %cMutating unbound props (`editorFrameRef`, at src/​lib/​media/​FocalPointEditor.svelte:18:32) is strongly discouraged. Consider using `bind:editorFrameRef={...}` in src/lib/media/MediaDetails.svelte (or using a callback) instead
2026-10-05T23:58:35.7384766Z 2026-10-05T23:58:35.738Z pw:browser [pid=2829][err] https://svelte.dev/e/ownership_invalid_mutation font-weight: bold font-weight: normal", source: http://localhost:63315/__vitest_browser__/tester-BJtsJFpD.js (1222)
2026-10-05T23:58:35.7393195Z [90mstderr[2m | parity/emdash/media-admin-editor/source/packages/admin/tests/components/MediaDetailPanel.test.tsx[2m > [22m[2mMediaDetailPanel[2m > [22m[2mresizes without spatial motion when reduced motion is preferred
2026-10-05T23:58:35.7394271Z [22m[39m[svelte] ownership_invalid_mutation
2026-10-05T23:58:35.7395511Z Mutating unbound props (`editorFrameRef`, at src/​lib/​media/​FocalPointEditor.svelte:18:32) is strongly discouraged. Consider using `bind:editorFrameRef={...}` in src/lib/media/MediaDetails.svelte (or using a callback) instead
2026-10-05T23:58:35.7396437Z https://svelte.dev/e/ownership_invalid_mutation
2026-10-05T23:58:35.7430689Z 2026-10-05T23:58:35.742Z pw:browser [pid=2829][err] [1005/235835.742903:INFO:CONSOLE:1222] "%c[svelte] ownership_invalid_mutation
2026-10-05T23:58:35.7432336Z 2026-10-05T23:58:35.742Z pw:browser [pid=2829][err] %cMutating unbound props (`editorFrameRef`, at src/​lib/​media/​FocalPointEditor.svelte:18:96) is strongly discouraged. Consider using `bind:editorFrameRef={...}` in src/lib/media/MediaDetails.svelte (or using a callback) instead
2026-10-05T23:58:35.7433957Z 2026-10-05T23:58:35.742Z pw:browser [pid=2829][err] https://svelte.dev/e/ownership_invalid_mutation font-weight: bold font-weight: normal", source: http://localhost:63315/__vitest_browser__/tester-BJtsJFpD.js (1222)
2026-10-05T23:58:35.7435550Z [90mstderr[2m | parity/emdash/media-admin-editor/source/packages/admin/tests/components/MediaDetailPanel.test.tsx[2m > [22m[2mMediaDetailPanel[2m > [22m[2mshows usage only in its dedicated local-image tab
2026-10-05T23:58:35.7436361Z [22m[39m[svelte] ownership_invalid_mutation
2026-10-05T23:58:35.7437440Z Mutating unbound props (`editorFrameRef`, at src/​lib/​media/​FocalPointEditor.svelte:18:96) is strongly discouraged. Consider using `bind:editorFrameRef={...}` in src/lib/media/MediaDetails.svelte (or using a callback) instead
2026-10-05T23:58:35.7438425Z https://svelte.dev/e/ownership_invalid_mutation
2026-10-05T23:58:35.7439451Z [90mstderr[2m | parity/emdash/media-admin-editor/source/packages/admin/tests/components/MediaDetailPanel.test.tsx[2m > [22m[2mMediaDetailPanel[2m > [22m[2mshows usage only in its dedicated local-image tab
2026-10-05T23:58:35.7441018Z [22m[39mAttempted to synchronously unmount a root while React was already rendering. React cannot finish unmounting the root until the current render has completed, which may lead to a race condition.
2026-10-05T23:58:35.7442864Z 2026-10-05T23:58:35.743Z pw:browser [pid=2829][err] [1005/235835.743712:INFO:CONSOLE:1222] "Attempted to synchronously unmount a root while React was already rendering. React cannot finish unmounting the root until the current render has completed, which may lead to a race condition.", source: http://localhost:63315/__vitest_browser__/tester-BJtsJFpD.js (1222)
2026-10-05T23:58:35.7459949Z 2026-10-05T23:58:35.745Z pw:browser [pid=2829][err] [1005/235835.745857:INFO:CONSOLE:1222] "%c[svelte] ownership_invalid_mutation
2026-10-05T23:58:35.7461812Z 2026-10-05T23:58:35.745Z pw:browser [pid=2829][err] %cMutating unbound props (`editorFrameRef`, at src/​lib/​media/​FocalPointEditor.svelte:18:32) is strongly discouraged. Consider using `bind:editorFrameRef={...}` in src/lib/media/MediaDetails.svelte (or using a callback) instead
2026-10-05T23:58:35.7463484Z 2026-10-05T23:58:35.745Z pw:browser [pid=2829][err] https://svelte.dev/e/ownership_invalid_mutation font-weight: bold font-weight: normal", source: http://localhost:63315/__vitest_browser__/tester-BJtsJFpD.js (1222)
2026-10-05T23:58:35.7465330Z [90mstderr[2m | parity/emdash/media-admin-editor/source/packages/admin/tests/components/MediaDetailPanel.test.tsx[2m > [22m[2mMediaDetailPanel[2m > [22m[2mshows usage only in its dedicated local-image tab
2026-10-05T23:58:35.7466264Z [22m[39m[svelte] ownership_invalid_mutation
2026-10-05T23:58:35.7467529Z Mutating unbound props (`editorFrameRef`, at src/​lib/​media/​FocalPointEditor.svelte:18:32) is strongly discouraged. Consider using `bind:editorFrameRef={...}` in src/lib/media/MediaDetails.svelte (or using a callback) instead
2026-10-05T23:58:35.7468448Z https://svelte.dev/e/ownership_invalid_mutation
2026-10-05T23:58:35.7488468Z 2026-10-05T23:58:35.748Z pw:browser [pid=2829][err] [1005/235835.748691:INFO:CONSOLE:1222] "%c[svelte] ownership_invalid_mutation
2026-10-05T23:58:35.7490138Z 2026-10-05T23:58:35.748Z pw:browser [pid=2829][err] %cMutating unbound props (`firstPreviewRef`, at src/​lib/​media/​FocalPointPreviews.svelte:8:33) is strongly discouraged. Consider using `bind:firstPreviewRef={...}` in src/lib/media/MediaDetails.svelte (or using a callback) instead
2026-10-05T23:58:35.7491858Z 2026-10-05T23:58:35.748Z pw:browser [pid=2829][err] https://svelte.dev/e/ownership_invalid_mutation font-weight: bold font-weight: normal", source: http://localhost:63315/__vitest_browser__/tester-BJtsJFpD.js (1222)
2026-10-05T23:58:35.7493375Z [90mstderr[2m | parity/emdash/media-admin-editor/source/packages/admin/tests/components/MediaDetailPanel.test.tsx[2m > [22m[2mMediaDetailPanel[2m > [22m[2mshows usage only in its dedicated local-image tab
2026-10-05T23:58:35.7494150Z [22m[39m[svelte] ownership_invalid_mutation
2026-10-05T23:58:35.7495264Z Mutating unbound props (`firstPreviewRef`, at src/​lib/​media/​FocalPointPreviews.svelte:8:33) is strongly discouraged. Consider using `bind:firstPreviewRef={...}` in src/lib/media/MediaDetails.svelte (or using a callback) instead
2026-10-05T23:58:35.7496097Z https://svelte.dev/e/ownership_invalid_mutation
2026-10-05T23:58:35.7503486Z 2026-10-05T23:58:35.750Z pw:browser [pid=2829][err] [1005/235835.750202:INFO:CONSOLE:1222] "%c[svelte] ownership_invalid_mutation
2026-10-05T23:58:35.7505234Z 2026-10-05T23:58:35.750Z pw:browser [pid=2829][err] %cMutating unbound props (`firstPreviewRef`, at src/​lib/​media/​FocalPointPreviews.svelte:8:99) is strongly discouraged. Consider using `bind:firstPreviewRef={...}` in src/lib/media/MediaDetails.svelte (or using a callback) instead
2026-10-05T23:58:35.7507144Z 2026-10-05T23:58:35.750Z pw:browser [pid=2829][err] https://svelte.dev/e/ownership_invalid_mutation font-weight: bold font-weight: normal", source: http://localhost:63315/__vitest_browser__/tester-BJtsJFpD.js (1222)
2026-10-05T23:58:35.7508336Z [90mstderr[2m | parity/emdash/media-admin-editor/source/packages/admin/tests/components/MediaDetailPanel.test.tsx[2m > [22m[2mMediaDetailPanel[2m > [22m[2mshows usage only in its dedicated local-image tab
2026-10-05T23:58:35.7508985Z [22m[39m[svelte] ownership_invalid_mutation
2026-10-05T23:58:35.7509985Z Mutating unbound props (`firstPreviewRef`, at src/​lib/​media/​FocalPointPreviews.svelte:8:99) is strongly discouraged. Consider using `bind:firstPreviewRef={...}` in src/lib/media/MediaDetails.svelte (or using a callback) instead
2026-10-05T23:58:35.7510778Z https://svelte.dev/e/ownership_invalid_mutation
2026-10-05T23:58:35.7525086Z 2026-10-05T23:58:35.752Z pw:browser [pid=2829][err] [1005/235835.752401:INFO:CONSOLE:1222] "%c[svelte] ownership_invalid_mutation
2026-10-05T23:58:35.7526692Z 2026-10-05T23:58:35.752Z pw:browser [pid=2829][err] %cMutating unbound props (`editorFrameRef`, at src/​lib/​media/​FocalPointEditor.svelte:18:96) is strongly discouraged. Consider using `bind:editorFrameRef={...}` in src/lib/media/MediaDetails.svelte (or using a callback) instead
2026-10-05T23:58:35.7531804Z 2026-10-05T23:58:35.752Z pw:browser [pid=2829][err] https://svelte.dev/e/ownership_invalid_mutation font-weight: bold font-weight: normal", source: http://localhost:63315/__vitest_browser__/tester-BJtsJFpD.js (1222)
2026-10-05T23:58:35.7533478Z [90mstderr[2m | parity/emdash/media-admin-editor/source/packages/admin/tests/components/MediaDetailPanel.test.tsx[2m > [22m[2mMediaDetailPanel[2m > [22m[2mgives non-image local media a dedicated usage tab
2026-10-05T23:58:35.7534281Z [22m[39m[svelte] ownership_invalid_mutation
2026-10-05T23:58:35.7535184Z Mutating unbound props (`editorFrameRef`, at src/​lib/​media/​FocalPointEditor.svelte:18:96) is strongly discouraged. Consider using `bind:editorFrameRef={...}` in src/lib/media/MediaDetails.svelte (or using a callback) instead
2026-10-05T23:58:35.7535674Z https://svelte.dev/e/ownership_invalid_mutation
2026-10-05T23:58:35.7536511Z 2026-10-05T23:58:35.752Z pw:browser [pid=2829][err] [1005/235835.752746:INFO:CONSOLE:1222] "Attempted to synchronously unmount a root while React was already rendering. React cannot finish unmounting the root until the current render has completed, which may lead to a race condition.", source: http://localhost:63315/__vitest_browser__/tester-BJtsJFpD.js (1222)
2026-10-05T23:58:35.7537599Z [90mstderr[2m | parity/emdash/media-admin-editor/source/packages/admin/tests/components/MediaDetailPanel.test.tsx[2m > [22m[2mMediaDetailPanel[2m > [22m[2mgives non-image local media a dedicated usage tab
2026-10-05T23:58:35.7538435Z [22m[39mAttempted to synchronously unmount a root while React was already rendering. React cannot finish unmounting the root until the current render has completed, which may lead to a race condition.
2026-10-05T23:58:35.7592871Z 2026-10-05T23:58:35.758Z pw:browser [pid=2829][err] [1005/235835.758837:INFO:CONSOLE:1222] "Attempted to synchronously unmount a root while React was already rendering. React cannot finish unmounting the root until the current render has completed, which may lead to a race condition.", source: http://localhost:63315/__vitest_browser__/tester-BJtsJFpD.js (1222)
2026-10-05T23:58:35.7594607Z [90mstderr[2m | parity/emdash/media-admin-editor/source/packages/admin/tests/components/MediaDetailPanel.test.tsx[2m > [22m[2mMediaDetailPanel[2m > [22m[2mdoes not offer usage for provider media
2026-10-05T23:58:35.7595944Z [22m[39mAttempted to synchronously unmount a root while React was already rendering. React cannot finish unmounting the root until the current render has completed, which may lead to a race condition.
2026-10-05T23:58:35.7609303Z 2026-10-05T23:58:35.760Z pw:browser [pid=2829][err] [1005/235835.760794:INFO:CONSOLE:1222] "%c[svelte] ownership_invalid_mutation
2026-10-05T23:58:35.7611035Z 2026-10-05T23:58:35.760Z pw:browser [pid=2829][err] %cMutating unbound props (`editorFrameRef`, at src/​lib/​media/​FocalPointEditor.svelte:18:32) is strongly discouraged. Consider using `bind:editorFrameRef={...}` in src/lib/media/MediaDetails.svelte (or using a callback) instead
2026-10-05T23:58:35.7614056Z 2026-10-05T23:58:35.760Z pw:browser [pid=2829][err] https://svelte.dev/e/ownership_invalid_mutation font-weight: bold font-weight: normal", source: http://localhost:63315/__vitest_browser__/tester-BJtsJFpD.js (1222)
2026-10-05T23:58:35.7615573Z [90mstderr[2m | parity/emdash/media-admin-editor/source/packages/admin/tests/components/MediaDetailPanel.test.tsx[2m > [22m[2mMediaDetailPanel[2m > [22m[2mdoes not offer usage for provider media
2026-10-05T23:58:35.7616340Z [22m[39m[svelte] ownership_invalid_mutation
2026-10-05T23:58:35.7617429Z Mutating unbound props (`editorFrameRef`, at src/​lib/​media/​FocalPointEditor.svelte:18:32) is strongly discouraged. Consider using `bind:editorFrameRef={...}` in src/lib/media/MediaDetails.svelte (or using a callback) instead
2026-10-05T23:58:35.7618250Z https://svelte.dev/e/ownership_invalid_mutation
2026-10-05T23:58:35.7628076Z 2026-10-05T23:58:35.762Z pw:browser [pid=2829][err] [1005/235835.762628:INFO:CONSOLE:1222] "%c[svelte] ownership_invalid_mutation
2026-10-05T23:58:35.7629682Z 2026-10-05T23:58:35.762Z pw:browser [pid=2829][err] %cMutating unbound props (`editorFrameRef`, at src/​lib/​media/​FocalPointEditor.svelte:18:96) is strongly discouraged. Consider using `bind:editorFrameRef={...}` in src/lib/media/MediaDetails.svelte (or using a callback) instead
2026-10-05T23:58:35.7631528Z 2026-10-05T23:58:35.762Z pw:browser [pid=2829][err] https://svelte.dev/e/ownership_invalid_mutation font-weight: bold font-weight: normal", source: http://localhost:63315/__vitest_browser__/tester-BJtsJFpD.js (1222)
2026-10-05T23:58:35.7633006Z [90mstderr[2m | parity/emdash/media-admin-editor/source/packages/admin/tests/components/MediaDetailPanel.test.tsx[2m > [22m[2mMediaDetailPanel[2m > [22m[2mshows image preview for image mimeTypes
2026-10-05T23:58:35.7633779Z [22m[39m[svelte] ownership_invalid_mutation
2026-10-05T23:58:35.7634619Z Mutating unbound props (`editorFrameRef`, at src/​lib/​media/​FocalPointEditor.svelte:18:96) is strongly discouraged. Consider using `bind:editorFrameRef={...}` in src/lib/media/MediaDetails.svelte (or using a callback) instead
2026-10-05T23:58:35.7635848Z https://svelte.dev/e/ownership_invalid_mutation
2026-10-05T23:58:35.7646838Z 2026-10-05T23:58:35.764Z pw:browser [pid=2829][err] [1005/235835.764504:INFO:CONSOLE:1222] "%c[svelte] ownership_invalid_mutation
2026-10-05T23:58:35.7648357Z 2026-10-05T23:58:35.764Z pw:browser [pid=2829][err] %cMutating unbound props (`editorFrameRef`, at src/​lib/​media/​FocalPointEditor.svelte:18:32) is strongly discouraged. Consider using `bind:editorFrameRef={...}` in src/lib/media/MediaDetails.svelte (or using a callback) instead
2026-10-05T23:58:35.7653021Z 2026-10-05T23:58:35.764Z pw:browser [pid=2829][err] https://svelte.dev/e/ownership_invalid_mutation font-weight: bold font-weight: normal", source: http://localhost:63315/__vitest_browser__/tester-BJtsJFpD.js (1222)
2026-10-05T23:58:35.7654208Z [90mstderr[2m | parity/emdash/media-admin-editor/source/packages/admin/tests/components/MediaDetailPanel.test.tsx[2m > [22m[2mMediaDetailPanel[2m > [22m[2mshows image preview for image mimeTypes
2026-10-05T23:58:35.7654801Z [22m[39m[svelte] ownership_invalid_mutation
2026-10-05T23:58:35.7655583Z Mutating unbound props (`editorFrameRef`, at src/​lib/​media/​FocalPointEditor.svelte:18:32) is strongly discouraged. Consider using `bind:editorFrameRef={...}` in src/lib/media/MediaDetails.svelte (or using a callback) instead
2026-10-05T23:58:35.7656183Z https://svelte.dev/e/ownership_invalid_mutation
2026-10-05T23:58:35.7666307Z 2026-10-05T23:58:35.766Z pw:browser [pid=2829][err] [1005/235835.766496:INFO:CONSOLE:1222] "%c[svelte] ownership_invalid_mutation
2026-10-05T23:58:35.7668128Z 2026-10-05T23:58:35.766Z pw:browser [pid=2829][err] %cMutating unbound props (`editorFrameRef`, at src/​lib/​media/​FocalPointEditor.svelte:18:96) is strongly discouraged. Consider using `bind:editorFrameRef={...}` in src/lib/media/MediaDetails.svelte (or using a callback) instead
2026-10-05T23:58:35.7669615Z 2026-10-05T23:58:35.766Z pw:browser [pid=2829][err] https://svelte.dev/e/ownership_invalid_mutation font-weight: bold font-weight: normal", source: http://localhost:63315/__vitest_browser__/tester-BJtsJFpD.js (1222)
2026-10-05T23:58:35.7671421Z [90mstderr[2m | parity/emdash/media-admin-editor/source/packages/admin/tests/components/MediaDetailPanel.test.tsx[2m > [22m[2mMediaDetailPanel[2m > [22m[2mseparates image details from focal-point editing with tabs
2026-10-05T23:58:35.7671953Z [22m[39m[svelte] ownership_invalid_mutation
2026-10-05T23:58:35.7672608Z Mutating unbound props (`editorFrameRef`, at src/​lib/​media/​FocalPointEditor.svelte:18:96) is strongly discouraged. Consider using `bind:editorFrameRef={...}` in src/lib/media/MediaDetails.svelte (or using a callback) instead
2026-10-05T23:58:35.7673092Z https://svelte.dev/e/ownership_invalid_mutation
2026-10-05T23:58:35.7695522Z 2026-10-05T23:58:35.769Z pw:browser [pid=2829][err] [1005/235835.769334:INFO:CONSOLE:1222] "%c[svelte] ownership_invalid_mutation
2026-10-05T23:58:35.7697051Z 2026-10-05T23:58:35.769Z pw:browser [pid=2829][err] %cMutating unbound props (`editorFrameRef`, at src/​lib/​media/​FocalPointEditor.svelte:18:32) is strongly discouraged. Consider using `bind:editorFrameRef={...}` in src/lib/media/MediaDetails.svelte (or using a callback) instead
2026-10-05T23:58:35.7698258Z 2026-10-05T23:58:35.769Z pw:browser [pid=2829][err] https://svelte.dev/e/ownership_invalid_mutation font-weight: bold font-weight: normal", source: http://localhost:63315/__vitest_browser__/tester-BJtsJFpD.js (1222)
2026-10-05T23:58:35.7699159Z [90mstderr[2m | parity/emdash/media-admin-editor/source/packages/admin/tests/components/MediaDetailPanel.test.tsx[2m > [22m[2mMediaDetailPanel[2m > [22m[2mseparates image details from focal-point editing with tabs
2026-10-05T23:58:35.7699660Z [22m[39m[svelte] ownership_invalid_mutation
2026-10-05T23:58:35.7700457Z Mutating unbound props (`editorFrameRef`, at src/​lib/​media/​FocalPointEditor.svelte:18:32) is strongly discouraged. Consider using `bind:editorFrameRef={...}` in src/lib/media/MediaDetails.svelte (or using a callback) instead
2026-10-05T23:58:35.7701039Z https://svelte.dev/e/ownership_invalid_mutation
2026-10-05T23:58:35.7739007Z 2026-10-05T23:58:35.773Z pw:browser [pid=2829][err] [1005/235835.773532:INFO:CONSOLE:1222] "%c[svelte] ownership_invalid_mutation
2026-10-05T23:58:35.7741461Z 2026-10-05T23:58:35.773Z pw:browser [pid=2829][err] %cMutating unbound props (`firstPreviewRef`, at src/​lib/​media/​FocalPointPreviews.svelte:8:33) is strongly discouraged. Consider using `bind:firstPreviewRef={...}` in src/lib/media/MediaDetails.svelte (or using a callback) instead
2026-10-05T23:58:35.7742860Z 2026-10-05T23:58:35.773Z pw:browser [pid=2829][err] https://svelte.dev/e/ownership_invalid_mutation font-weight: bold font-weight: normal", source: http://localhost:63315/__vitest_browser__/tester-BJtsJFpD.js (1222)
2026-10-05T23:58:35.7743778Z [90mstderr[2m | parity/emdash/media-admin-editor/source/packages/admin/tests/components/MediaDetailPanel.test.tsx[2m > [22m[2mMediaDetailPanel[2m > [22m[2mseparates image details from focal-point editing with tabs
2026-10-05T23:58:35.7744284Z [22m[39m[svelte] ownership_invalid_mutation
2026-10-05T23:58:35.7744945Z Mutating unbound props (`firstPreviewRef`, at src/​lib/​media/​FocalPointPreviews.svelte:8:33) is strongly discouraged. Consider using `bind:firstPreviewRef={...}` in src/lib/media/MediaDetails.svelte (or using a callback) instead
2026-10-05T23:58:35.7745439Z https://svelte.dev/e/ownership_invalid_mutation
2026-10-05T23:58:35.7772807Z 2026-10-05T23:58:35.777Z pw:browser [pid=2829][err] [1005/235835.777150:INFO:CONSOLE:1222] "%c[svelte] ownership_invalid_mutation
2026-10-05T23:58:35.7774448Z 2026-10-05T23:58:35.777Z pw:browser [pid=2829][err] %cMutating unbound props (`firstPreviewRef`, at src/​lib/​media/​FocalPointPreviews.svelte:8:99) is strongly discouraged. Consider using `bind:firstPreviewRef={...}` in src/lib/media/MediaDetails.svelte (or using a callback) instead
2026-10-05T23:58:35.7776039Z 2026-10-05T23:58:35.777Z pw:browser [pid=2829][err] https://svelte.dev/e/ownership_invalid_mutation font-weight: bold font-weight: normal", source: http://localhost:63315/__vitest_browser__/tester-BJtsJFpD.js (1222)
2026-10-05T23:58:35.7778022Z [90mstderr[2m | parity/emdash/media-admin-editor/source/packages/admin/tests/components/MediaDetailPanel.test.tsx[2m > [22m[2mMediaDetailPanel[2m > [22m[2mseparates image details from focal-point editing with tabs
2026-10-05T23:58:35.7778972Z [22m[39m[svelte] ownership_invalid_mutation
2026-10-05T23:58:35.7780032Z Mutating unbound props (`firstPreviewRef`, at src/​lib/​media/​FocalPointPreviews.svelte:8:99) is strongly discouraged. Consider using `bind:firstPreviewRef={...}` in src/lib/media/MediaDetails.svelte (or using a callback) instead
2026-10-05T23:58:35.7781117Z https://svelte.dev/e/ownership_invalid_mutation
2026-10-05T23:58:35.7788463Z 2026-10-05T23:58:35.778Z pw:browser [pid=2829][err] [1005/235835.778701:INFO:CONSOLE:1222] "%c[svelte] ownership_invalid_mutation
2026-10-05T23:58:35.7789935Z 2026-10-05T23:58:35.778Z pw:browser [pid=2829][err] %cMutating unbound props (`editorFrameRef`, at src/​lib/​media/​FocalPointEditor.svelte:18:96) is strongly discouraged. Consider using `bind:editorFrameRef={...}` in src/lib/media/MediaDetails.svelte (or using a callback) instead
2026-10-05T23:58:35.7791759Z 2026-10-05T23:58:35.778Z pw:browser [pid=2829][err] https://svelte.dev/e/ownership_invalid_mutation font-weight: bold font-weight: normal", source: http://localhost:63315/__vitest_browser__/tester-BJtsJFpD.js (1222)
2026-10-05T23:58:35.7794543Z [90mstderr[2m | parity/emdash/media-admin-editor/source/packages/admin/tests/components/MediaDetailPanel.test.tsx[2m > [22m[2mMediaDetailPanel[2m > [22m[2mkeeps focal-point preview image bottoms aligned with the editor frame
2026-10-05T23:58:35.7795188Z [22m[39m[svelte] ownership_invalid_mutation
2026-10-05T23:58:35.7795831Z Mutating unbound props (`editorFrameRef`, at src/​lib/​media/​FocalPointEditor.svelte:18:96) is strongly discouraged. Consider using `bind:editorFrameRef={...}` in src/lib/media/MediaDetails.svelte (or using a callback) instead
2026-10-05T23:58:35.7796315Z https://svelte.dev/e/ownership_invalid_mutation
2026-10-05T23:58:35.7814383Z 2026-10-05T23:58:35.781Z pw:browser [pid=2829][err] [1005/235835.781233:INFO:CONSOLE:1222] "%c[svelte] ownership_invalid_mutation
2026-10-05T23:58:35.7816102Z 2026-10-05T23:58:35.781Z pw:browser [pid=2829][err] %cMutating unbound props (`editorFrameRef`, at src/​lib/​media/​FocalPointEditor.svelte:18:32) is strongly discouraged. Consider using `bind:editorFrameRef={...}` in src/lib/media/MediaDetails.svelte (or using a callback) instead
2026-10-05T23:58:35.7817591Z 2026-10-05T23:58:35.781Z pw:browser [pid=2829][err] https://svelte.dev/e/ownership_invalid_mutation font-weight: bold font-weight: normal", source: http://localhost:63315/__vitest_browser__/tester-BJtsJFpD.js (1222)
2026-10-05T23:58:35.7819176Z [90mstderr[2m | parity/emdash/media-admin-editor/source/packages/admin/tests/components/MediaDetailPanel.test.tsx[2m > [22m[2mMediaDetailPanel[2m > [22m[2mkeeps focal-point preview image bottoms aligned with the editor frame
2026-10-05T23:58:35.7820401Z [22m[39m[svelte] ownership_invalid_mutation
2026-10-05T23:58:35.7821686Z Mutating unbound props (`editorFrameRef`, at src/​lib/​media/​FocalPointEditor.svelte:18:32) is strongly discouraged. Consider using `bind:editorFrameRef={...}` in src/lib/media/MediaDetails.svelte (or using a callback) instead
2026-10-05T23:58:35.7822601Z https://svelte.dev/e/ownership_invalid_mutation
2026-10-05T23:58:35.7837512Z 2026-10-05T23:58:35.783Z pw:browser [pid=2829][err] [1005/235835.783618:INFO:CONSOLE:1222] "%c[svelte] ownership_invalid_mutation
2026-10-05T23:58:35.7838629Z 2026-10-05T23:58:35.783Z pw:browser [pid=2829][err] %cMutating unbound props (`firstPreviewRef`, at src/​lib/​media/​FocalPointPreviews.svelte:8:33) is strongly discouraged. Consider using `bind:firstPreviewRef={...}` in src/lib/media/MediaDetails.svelte (or using a callback) instead
2026-10-05T23:58:35.7840324Z 2026-10-05T23:58:35.783Z pw:browser [pid=2829][err] https://svelte.dev/e/ownership_invalid_mutation font-weight: bold font-weight: normal", source: http://localhost:63315/__vitest_browser__/tester-BJtsJFpD.js (1222)
2026-10-05T23:58:35.7841279Z [90mstderr[2m | parity/emdash/media-admin-editor/source/packages/admin/tests/components/MediaDetailPanel.test.tsx[2m > [22m[2mMediaDetailPanel[2m > [22m[2mkeeps focal-point preview image bottoms aligned with the editor frame
2026-10-05T23:58:35.7842055Z [22m[39m[svelte] ownership_invalid_mutation
2026-10-05T23:58:35.7843163Z Mutating unbound props (`firstPreviewRef`, at src/​lib/​media/​FocalPointPreviews.svelte:8:33) is strongly discouraged. Consider using `bind:firstPreviewRef={...}` in src/lib/media/MediaDetails.svelte (or using a callback) instead
2026-10-05T23:58:35.7844137Z https://svelte.dev/e/ownership_invalid_mutation
2026-10-05T23:58:35.8367230Z 2026-10-05T23:58:35.836Z pw:browser [pid=2829][err] [1005/235835.836502:INFO:CONSOLE:1222] "%c[svelte] ownership_invalid_mutation
2026-10-05T23:58:35.8369375Z 2026-10-05T23:58:35.836Z pw:browser [pid=2829][err] %cMutating unbound props (`editorFrameRef`, at src/​lib/​media/​FocalPointEditor.svelte:18:96) is strongly discouraged. Consider using `bind:editorFrameRef={...}` in src/lib/media/MediaDetails.svelte (or using a callback) instead
2026-10-05T23:58:35.8371286Z 2026-10-05T23:58:35.836Z pw:browser [pid=2829][err] https://svelte.dev/e/ownership_invalid_mutation font-weight: bold font-weight: normal", source: http://localhost:63315/__vitest_browser__/tester-BJtsJFpD.js (1222)
2026-10-05T23:58:35.8372360Z [90mstderr[2m | parity/emdash/media-admin-editor/source/packages/admin/tests/components/MediaDetailPanel.test.tsx[2m > [22m[2mMediaDetailPanel[2m > [22m[2maligns focal-point previews before painting the mode switch
2026-10-05T23:58:35.8372997Z [22m[39m[svelte] ownership_invalid_mutation
2026-10-05T23:58:35.8384418Z Mutating unbound props (`editorFrameRef`, at src/​lib/​media/​FocalPointEditor.svelte:18:96) is strongly discouraged. Consider using `bind:editorFrameRef={...}` in src/lib/media/MediaDetails.svelte (or using a callback) instead
2026-10-05T23:58:35.8385339Z https://svelte.dev/e/ownership_invalid_mutation
2026-10-05T23:58:35.8386072Z [90mstderr[2m | parity/emdash/media-admin-editor/source/packages/admin/tests/components/MediaDetailPanel.test.tsx[2m > [22m[2mMediaDetailPanel[2m > [22m[2maligns focal-point previews before painting the mode switch
2026-10-05T23:58:35.8386775Z [22m[39m[svelte] ownership_invalid_mutation
2026-10-05T23:58:35.8387439Z Mutating unbound props (`firstPreviewRef`, at src/​lib/​media/​FocalPointPreviews.svelte:8:99) is strongly discouraged. Consider using `bind:firstPreviewRef={...}` in src/lib/media/MediaDetails.svelte (or using a callback) instead
2026-10-05T23:58:35.8388110Z https://svelte.dev/e/ownership_invalid_mutation
2026-10-05T23:58:35.8396903Z 2026-10-05T23:58:35.839Z pw:browser [pid=2829][err] [1005/235835.839213:INFO:CONSOLE:1222] "%c[svelte] ownership_invalid_mutation
2026-10-05T23:58:35.8398939Z 2026-10-05T23:58:35.839Z pw:browser [pid=2829][err] %cMutating unbound props (`firstPreviewRef`, at src/​lib/​media/​FocalPointPreviews.svelte:8:99) is strongly discouraged. Consider using `bind:firstPreviewRef={...}` in src/lib/media/MediaDetails.svelte (or using a callback) instead
2026-10-05T23:58:35.8410850Z 2026-10-05T23:58:35.839Z pw:browser [pid=2829][err] https://svelte.dev/e/ownership_invalid_mutation font-weight: bold font-weight: normal", source: http://localhost:63315/__vitest_browser__/tester-BJtsJFpD.js (1222)
2026-10-05T23:58:35.8412109Z 2026-10-05T23:58:35.839Z pw:browser [pid=2829][err] [1005/235835.839862:INFO:CONSOLE:1222] "%c[svelte] ownership_invalid_mutation
2026-10-05T23:58:35.8414528Z 2026-10-05T23:58:35.839Z pw:browser [pid=2829][err] %cMutating unbound props (`editorFrameRef`, at src/​lib/​media/​FocalPointEditor.svelte:18:32) is strongly discouraged. Consider using `bind:editorFrameRef={...}` in src/lib/media/MediaDetails.svelte (or using a callback) instead
2026-10-05T23:58:35.8415772Z 2026-10-05T23:58:35.840Z pw:browser [pid=2829][err] https://svelte.dev/e/ownership_invalid_mutation font-weight: bold font-weight: normal", source: http://localhost:63315/__vitest_browser__/tester-BJtsJFpD.js (1222)
2026-10-05T23:58:35.8417113Z [90mstderr[2m | parity/emdash/media-admin-editor/source/packages/admin/tests/components/MediaDetailPanel.test.tsx[2m > [22m[2mMediaDetailPanel[2m > [22m[2maligns focal-point previews before painting the mode switch
2026-10-05T23:58:35.8417800Z [22m[39m[svelte] ownership_invalid_mutation
2026-10-05T23:58:35.8418906Z Mutating unbound props (`editorFrameRef`, at src/​lib/​media/​FocalPointEditor.svelte:18:32) is strongly discouraged. Consider using `bind:editorFrameRef={...}` in src/lib/media/MediaDetails.svelte (or using a callback) instead
2026-10-05T23:58:35.8419395Z https://svelte.dev/e/ownership_invalid_mutation
2026-10-05T23:58:35.8441172Z 2026-10-05T23:58:35.843Z pw:browser [pid=2829][err] [1005/235835.843800:INFO:CONSOLE:1222] "%c[svelte] ownership_invalid_mutation
2026-10-05T23:58:35.8443326Z 2026-10-05T23:58:35.843Z pw:browser [pid=2829][err] %cMutating unbound props (`editorFrameRef`, at src/​lib/​media/​FocalPointEditor.svelte:18:96) is strongly discouraged. Consider using `bind:editorFrameRef={...}` in src/lib/media/MediaDetails.svelte (or using a callback) instead
2026-10-05T23:58:35.8444980Z 2026-10-05T23:58:35.843Z pw:browser [pid=2829][err] https://svelte.dev/e/ownership_invalid_mutation font-weight: bold font-weight: normal", source: http://localhost:63315/__vitest_browser__/tester-BJtsJFpD.js (1222)
2026-10-05T23:58:35.8446204Z [90mstderr[2m | parity/emdash/media-admin-editor/source/packages/admin/tests/components/MediaDetailPanel.test.tsx[2m > [22m[2mMediaDetailPanel[2m > [22m[2maligns focal-point previews before painting the mode switch
2026-10-05T23:58:35.8446801Z [22m[39m[svelte] ownership_invalid_mutation
2026-10-05T23:58:35.8448114Z Mutating unbound props (`editorFrameRef`, at src/​lib/​media/​FocalPointEditor.svelte:18:96) is strongly discouraged. Consider using `bind:editorFrameRef={...}` in src/lib/media/MediaDetails.svelte (or using a callback) instead
2026-10-05T23:58:35.8448955Z https://svelte.dev/e/ownership_invalid_mutation
2026-10-05T23:58:35.8472378Z 2026-10-05T23:58:35.847Z pw:browser [pid=2829][err] [1005/235835.847067:INFO:CONSOLE:1222] "%c[svelte] ownership_invalid_mutation
2026-10-05T23:58:35.8474025Z 2026-10-05T23:58:35.847Z pw:browser [pid=2829][err] %cMutating unbound props (`editorFrameRef`, at src/​lib/​media/​FocalPointEditor.svelte:18:32) is strongly discouraged. Consider using `bind:editorFrameRef={...}` in src/lib/media/MediaDetails.svelte (or using a callback) instead
2026-10-05T23:58:35.8475863Z 2026-10-05T23:58:35.847Z pw:browser [pid=2829][err] https://svelte.dev/e/ownership_invalid_mutation font-weight: bold font-weight: normal", source: http://localhost:63315/__vitest_browser__/tester-BJtsJFpD.js (1222)
2026-10-05T23:58:35.8477388Z 2026-10-05T23:58:35.847Z pw:browser [pid=2829][err] [1005/235835.847524:INFO:CONSOLE:1222] "%c[svelte] ownership_invalid_mutation
2026-10-05T23:58:35.8479042Z 2026-10-05T23:58:35.847Z pw:browser [pid=2829][err] %cMutating unbound props (`firstPreviewRef`, at src/​lib/​media/​FocalPointPreviews.svelte:8:33) is strongly discouraged. Consider using `bind:firstPreviewRef={...}` in src/lib/media/MediaDetails.svelte (or using a callback) instead
2026-10-05T23:58:35.8480823Z 2026-10-05T23:58:35.847Z pw:browser [pid=2829][err] https://svelte.dev/e/ownership_invalid_mutation font-weight: bold font-weight: normal", source: http://localhost:63315/__vitest_browser__/tester-BJtsJFpD.js (1222)
2026-10-05T23:58:35.8482183Z 2026-10-05T23:58:35.847Z pw:browser [pid=2829][err] [1005/235835.847656:INFO:CONSOLE:2456] "Invalid keyframe value for property height: undefinedpx", source: http://localhost:63315/src/lib/media/MediaDetails.svelte (2456)
2026-10-05T23:58:35.8483765Z [90mstderr[2m | parity/emdash/media-admin-editor/source/packages/admin/tests/components/MediaDetailPanel.test.tsx[2m > [22m[2mMediaDetailPanel[2m > [22m[2maligns focal-point previews before painting the mode switch
2026-10-05T23:58:35.8484681Z [22m[39m[svelte] ownership_invalid_mutation
2026-10-05T23:58:35.8485838Z Mutating unbound props (`editorFrameRef`, at src/​lib/​media/​FocalPointEditor.svelte:18:32) is strongly discouraged. Consider using `bind:editorFrameRef={...}` in src/lib/media/MediaDetails.svelte (or using a callback) instead
2026-10-05T23:58:35.8486769Z https://svelte.dev/e/ownership_invalid_mutation
2026-10-05T23:58:35.8487964Z [90mstderr[2m | parity/emdash/media-admin-editor/source/packages/admin/tests/components/MediaDetailPanel.test.tsx[2m > [22m[2mMediaDetailPanel[2m > [22m[2maligns focal-point previews before painting the mode switch
2026-10-05T23:58:35.8488877Z [22m[39m[svelte] ownership_invalid_mutation
2026-10-05T23:58:35.8490021Z Mutating unbound props (`firstPreviewRef`, at src/​lib/​media/​FocalPointPreviews.svelte:8:33) is strongly discouraged. Consider using `bind:firstPreviewRef={...}` in src/lib/media/MediaDetails.svelte (or using a callback) instead
2026-10-05T23:58:35.8491050Z https://svelte.dev/e/ownership_invalid_mutation
2026-10-05T23:58:35.8491714Z 2026-10-05T23:58:35.848Z pw:browser [pid=2829][err] [1005/235835.848489:INFO:CONSOLE:1222] "%c[svelte] ownership_invalid_mutation
2026-10-05T23:58:35.8492694Z 2026-10-05T23:58:35.848Z pw:browser [pid=2829][err] %cMutating unbound props (`editorFrameRef`, at src/​lib/​media/​FocalPointEditor.svelte:18:96) is strongly discouraged. Consider using `bind:editorFrameRef={...}` in src/lib/media/MediaDetails.svelte (or using a callback) instead
2026-10-05T23:58:35.8493839Z 2026-10-05T23:58:35.848Z pw:browser [pid=2829][err] https://svelte.dev/e/ownership_invalid_mutation font-weight: bold font-weight: normal", source: http://localhost:63315/__vitest_browser__/tester-BJtsJFpD.js (1222)
2026-10-05T23:58:35.8495367Z [90mstderr[2m | parity/emdash/media-admin-editor/source/packages/admin/tests/components/MediaDetailPanel.test.tsx[2m > [22m[2mMediaDetailPanel[2m > [22m[2mshows crop only for ready supported local images with an allowed action
2026-10-05T23:58:35.8496312Z [22m[39m[svelte] ownership_invalid_mutation
2026-10-05T23:58:35.8497480Z Mutating unbound props (`editorFrameRef`, at src/​lib/​media/​FocalPointEditor.svelte:18:96) is strongly discouraged. Consider using `bind:editorFrameRef={...}` in src/lib/media/MediaDetails.svelte (or using a callback) instead
2026-10-05T23:58:35.8498508Z https://svelte.dev/e/ownership_invalid_mutation
2026-10-05T23:58:35.8498933Z 2026-10-05T23:58:35.848Z pw:browser [pid=2829][err] [1005/235835.848842:INFO:CONSOLE:1222] "%c[svelte] ownership_invalid_mutation
2026-10-05T23:58:35.8499887Z 2026-10-05T23:58:35.848Z pw:browser [pid=2829][err] %cMutating unbound props (`firstPreviewRef`, at src/​lib/​media/​FocalPointPreviews.svelte:8:99) is strongly discouraged. Consider using `bind:firstPreviewRef={...}` in src/lib/media/MediaDetails.svelte (or using a callback) instead
2026-10-05T23:58:35.8501285Z 2026-10-05T23:58:35.849Z pw:browser [pid=2829][err] https://svelte.dev/e/ownership_invalid_mutation font-weight: bold font-weight: normal", source: http://localhost:63315/__vitest_browser__/tester-BJtsJFpD.js (1222)
2026-10-05T23:58:35.8502221Z [90mstderr[2m | parity/emdash/media-admin-editor/source/packages/admin/tests/components/MediaDetailPanel.test.tsx[2m > [22m[2mMediaDetailPanel[2m > [22m[2mshows crop only for ready supported local images with an allowed action
2026-10-05T23:58:35.8502747Z [22m[39m[svelte] ownership_invalid_mutation
2026-10-05T23:58:35.8503389Z Mutating unbound props (`firstPreviewRef`, at src/​lib/​media/​FocalPointPreviews.svelte:8:99) is strongly discouraged. Consider using `bind:firstPreviewRef={...}` in src/lib/media/MediaDetails.svelte (or using a callback) instead
2026-10-05T23:58:35.8503873Z https://svelte.dev/e/ownership_invalid_mutation
2026-10-05T23:58:35.8504197Z 2026-10-05T23:58:35.849Z pw:browser [pid=2829][err] [1005/235835.849766:INFO:CONSOLE:1222] "%c[svelte] derived_inert
2026-10-05T23:58:35.8504648Z 2026-10-05T23:58:35.849Z pw:browser [pid=2829][err] %cReading a derived belonging to a now-destroyed effect may result in stale values
2026-10-05T23:58:35.8505283Z 2026-10-05T23:58:35.849Z pw:browser [pid=2829][err] https://svelte.dev/e/derived_inert font-weight: bold font-weight: normal", source: http://localhost:63315/__vitest_browser__/tester-BJtsJFpD.js (1222)
2026-10-05T23:58:35.8512750Z [90mstderr[2m | parity/emdash/media-admin-editor/source/packages/admin/tests/components/MediaDetailPanel.test.tsx[2m > [22m[2mMediaDetailPanel[2m > [22m[2mshows crop only for ready supported local images with an allowed action
2026-10-05T23:58:35.8513273Z [22m[39m[svelte] derived_inert
2026-10-05T23:58:35.8513594Z Reading a derived belonging to a now-destroyed effect may result in stale values
2026-10-05T23:58:35.8513839Z https://svelte.dev/e/derived_inert
2026-10-05T23:58:35.8526617Z 2026-10-05T23:58:35.851Z pw:browser [pid=2829][err] [1005/235835.851853:INFO:CONSOLE:1222] "%c[svelte] ownership_invalid_mutation
2026-10-05T23:58:35.8528355Z 2026-10-05T23:58:35.851Z pw:browser [pid=2829][err] %cMutating unbound props (`editorFrameRef`, at src/​lib/​media/​FocalPointEditor.svelte:18:32) is strongly discouraged. Consider using `bind:editorFrameRef={...}` in src/lib/media/MediaDetails.svelte (or using a callback) instead
2026-10-05T23:58:35.8529779Z 2026-10-05T23:58:35.851Z pw:browser [pid=2829][err] https://svelte.dev/e/ownership_invalid_mutation font-weight: bold font-weight: normal", source: http://localhost:63315/__vitest_browser__/tester-BJtsJFpD.js (1222)
2026-10-05T23:58:35.8530855Z [90mstderr[2m | parity/emdash/media-admin-editor/source/packages/admin/tests/components/MediaDetailPanel.test.tsx[2m > [22m[2mMediaDetailPanel[2m > [22m[2mshows crop only for ready supported local images with an allowed action
2026-10-05T23:58:35.8531375Z [22m[39m[svelte] ownership_invalid_mutation
2026-10-05T23:58:35.8532016Z Mutating unbound props (`editorFrameRef`, at src/​lib/​media/​FocalPointEditor.svelte:18:32) is strongly discouraged. Consider using `bind:editorFrameRef={...}` in src/lib/media/MediaDetails.svelte (or using a callback) instead
2026-10-05T23:58:35.8532686Z https://svelte.dev/e/ownership_invalid_mutation
2026-10-05T23:58:35.8545900Z 2026-10-05T23:58:35.854Z pw:browser [pid=2829][err] [1005/235835.854398:INFO:CONSOLE:1222] "%c[svelte] ownership_invalid_mutation
2026-10-05T23:58:35.8547556Z 2026-10-05T23:58:35.854Z pw:browser [pid=2829][err] %cMutating unbound props (`editorFrameRef`, at src/​lib/​media/​FocalPointEditor.svelte:18:96) is strongly discouraged. Consider using `bind:editorFrameRef={...}` in src/lib/media/MediaDetails.svelte (or using a callback) instead
2026-10-05T23:58:35.8549218Z 2026-10-05T23:58:35.854Z pw:browser [pid=2829][err] https://svelte.dev/e/ownership_invalid_mutation font-weight: bold font-weight: normal", source: http://localhost:63315/__vitest_browser__/tester-BJtsJFpD.js (1222)
2026-10-05T23:58:35.8550505Z [90mstderr[2m | parity/emdash/media-admin-editor/source/packages/admin/tests/components/MediaDetailPanel.test.tsx[2m > [22m[2mMediaDetailPanel[2m > [22m[2mshows crop only for ready supported local images with an allowed action
2026-10-05T23:58:35.8551038Z [22m[39m[svelte] ownership_invalid_mutation
2026-10-05T23:58:35.8551745Z Mutating unbound props (`editorFrameRef`, at src/​lib/​media/​FocalPointEditor.svelte:18:96) is strongly discouraged. Consider using `bind:editorFrameRef={...}` in src/lib/media/MediaDetails.svelte (or using a callback) instead
2026-10-05T23:58:35.8552313Z https://svelte.dev/e/ownership_invalid_mutation
2026-10-05T23:58:35.8572657Z 2026-10-05T23:58:35.857Z pw:browser [pid=2829][err] [1005/235835.857082:INFO:CONSOLE:1222] "Attempted to synchronously unmount a root while React was already rendering. React cannot finish unmounting the root until the current render has completed, which may lead to a race condition.", source: http://localhost:63315/__vitest_browser__/tester-BJtsJFpD.js (1222)
2026-10-05T23:58:35.8574964Z [90mstderr[2m | parity/emdash/media-admin-editor/source/packages/admin/tests/components/MediaDetailPanel.test.tsx[2m > [22m[2mMediaDetailPanel[2m > [22m[2msuppresses image-editor overflow only while the mode layout settles
2026-10-05T23:58:35.8576446Z [22m[39mAttempted to synchronously unmount a root while React was already rendering. React cannot finish unmounting the root until the current render has completed, which may lead to a race condition.
2026-10-05T23:58:35.8596641Z 2026-10-05T23:58:35.859Z pw:browser [pid=2829][err] [1005/235835.859503:INFO:CONSOLE:1222] "%c[svelte] ownership_invalid_mutation
2026-10-05T23:58:35.8598194Z 2026-10-05T23:58:35.859Z pw:browser [pid=2829][err] %cMutating unbound props (`editorFrameRef`, at src/​lib/​media/​FocalPointEditor.svelte:18:32) is strongly discouraged. Consider using `bind:editorFrameRef={...}` in src/lib/media/MediaDetails.svelte (or using a callback) instead
2026-10-05T23:58:35.8599721Z 2026-10-05T23:58:35.859Z pw:browser [pid=2829][err] https://svelte.dev/e/ownership_invalid_mutation font-weight: bold font-weight: normal", source: http://localhost:63315/__vitest_browser__/tester-BJtsJFpD.js (1222)
2026-10-05T23:58:35.8601151Z [90mstderr[2m | parity/emdash/media-admin-editor/source/packages/admin/tests/components/MediaDetailPanel.test.tsx[2m > [22m[2mMediaDetailPanel[2m > [22m[2msuppresses image-editor overflow only while the mode layout settles
2026-10-05T23:58:35.8601677Z [22m[39m[svelte] ownership_invalid_mutation
2026-10-05T23:58:35.8602323Z Mutating unbound props (`editorFrameRef`, at src/​lib/​media/​FocalPointEditor.svelte:18:32) is strongly discouraged. Consider using `bind:editorFrameRef={...}` in src/lib/media/MediaDetails.svelte (or using a callback) instead
2026-10-05T23:58:35.8602812Z https://svelte.dev/e/ownership_invalid_mutation
2026-10-05T23:58:35.8616431Z 2026-10-05T23:58:35.861Z pw:browser [pid=2829][err] [1005/235835.861528:INFO:CONSOLE:1222] "%c[svelte] ownership_invalid_mutation
2026-10-05T23:58:35.8617882Z 2026-10-05T23:58:35.861Z pw:browser [pid=2829][err] %cMutating unbound props (`editorFrameRef`, at src/​lib/​media/​FocalPointEditor.svelte:18:96) is strongly discouraged. Consider using `bind:editorFrameRef={...}` in src/lib/media/MediaDetails.svelte (or using a callback) instead
2026-10-05T23:58:35.8618924Z 2026-10-05T23:58:35.861Z pw:browser [pid=2829][err] https://svelte.dev/e/ownership_invalid_mutation font-weight: bold font-weight: normal", source: http://localhost:63315/__vitest_browser__/tester-BJtsJFpD.js (1222)
2026-10-05T23:58:35.8631859Z [90mstderr[2m | parity/emdash/media-admin-editor/source/packages/admin/tests/components/MediaDetailPanel.test.tsx[2m > [22m[2mMediaDetailPanel[2m > [22m[2msuppresses image-editor overflow only while the mode layout settles
2026-10-05T23:58:35.8632391Z [22m[39m[svelte] ownership_invalid_mutation
2026-10-05T23:58:35.8633260Z Mutating unbound props (`editorFrameRef`, at src/​lib/​media/​FocalPointEditor.svelte:18:96) is strongly discouraged. Consider using `bind:editorFrameRef={...}` in src/lib/media/MediaDetails.svelte (or using a callback) instead
2026-10-05T23:58:35.8634009Z https://svelte.dev/e/ownership_invalid_mutation
2026-10-05T23:58:35.9144006Z 2026-10-05T23:58:35.914Z pw:browser [pid=2829][err] [1005/235835.914115:INFO:CONSOLE:1222] "%c[svelte] ownership_invalid_mutation
2026-10-05T23:58:35.9145483Z 2026-10-05T23:58:35.914Z pw:browser [pid=2829][err] %cMutating unbound props (`editorFrameRef`, at src/​lib/​media/​FocalPointEditor.svelte:18:32) is strongly discouraged. Consider using `bind:editorFrameRef={...}` in src/lib/media/MediaDetails.svelte (or using a callback) instead
2026-10-05T23:58:35.9147001Z 2026-10-05T23:58:35.914Z pw:browser [pid=2829][err] https://svelte.dev/e/ownership_invalid_mutation font-weight: bold font-weight: normal", source: http://localhost:63315/__vitest_browser__/tester-BJtsJFpD.js (1222)
2026-10-05T23:58:35.9147990Z 2026-10-05T23:58:35.914Z pw:browser [pid=2829][err] [1005/235835.914247:INFO:CONSOLE:1222] "%c[svelte] ownership_invalid_mutation
2026-10-05T23:58:35.9149458Z 2026-10-05T23:58:35.914Z pw:browser [pid=2829][err] %cMutating unbound props (`firstPreviewRef`, at src/​lib/​media/​FocalPointPreviews.svelte:8:33) is strongly discouraged. Consider using `bind:firstPreviewRef={...}` in src/lib/media/MediaDetails.svelte (or using a callback) instead
2026-10-05T23:58:35.9150674Z 2026-10-05T23:58:35.914Z pw:browser [pid=2829][err] https://svelte.dev/e/ownership_invalid_mutation font-weight: bold font-weight: normal", source: http://localhost:63315/__vitest_browser__/tester-BJtsJFpD.js (1222)
2026-10-05T23:58:35.9151886Z [90mstderr[2m | parity/emdash/media-admin-editor/source/packages/admin/tests/components/MediaDetailPanel.test.tsx[2m > [22m[2mMediaDetailPanel[2m > [22m[2msuppresses image-editor overflow only while the mode layout settles
2026-10-05T23:58:35.9152469Z [22m[39m[svelte] ownership_invalid_mutation
2026-10-05T23:58:35.9153119Z Mutating unbound props (`editorFrameRef`, at src/​lib/​media/​FocalPointEditor.svelte:18:32) is strongly discouraged. Consider using `bind:editorFrameRef={...}` in src/lib/media/MediaDetails.svelte (or using a callback) instead
2026-10-05T23:58:35.9153610Z https://svelte.dev/e/ownership_invalid_mutation
2026-10-05T23:58:35.9154418Z [90mstderr[2m | parity/emdash/media-admin-editor/source/packages/admin/tests/components/MediaDetailPanel.test.tsx[2m > [22m[2mMediaDetailPanel[2m > [22m[2msuppresses image-editor overflow only while the mode layout settles
2026-10-05T23:58:35.9154925Z [22m[39m[svelte] ownership_invalid_mutation
2026-10-05T23:58:35.9155563Z Mutating unbound props (`firstPreviewRef`, at src/​lib/​media/​FocalPointPreviews.svelte:8:33) is strongly discouraged. Consider using `bind:firstPreviewRef={...}` in src/lib/media/MediaDetails.svelte (or using a callback) instead
2026-10-05T23:58:35.9156049Z https://svelte.dev/e/ownership_invalid_mutation
2026-10-05T23:58:35.9657316Z 2026-10-05T23:58:35.965Z pw:browser [pid=2829][err] [1005/235835.965550:INFO:CONSOLE:1222] "%c[svelte] ownership_invalid_mutation
2026-10-05T23:58:35.9658843Z 2026-10-05T23:58:35.965Z pw:browser [pid=2829][err] %cMutating unbound props (`editorFrameRef`, at src/​lib/​media/​FocalPointEditor.svelte:18:96) is strongly discouraged. Consider using `bind:editorFrameRef={...}` in src/lib/media/MediaDetails.svelte (or using a callback) instead
2026-10-05T23:58:35.9660495Z 2026-10-05T23:58:35.965Z pw:browser [pid=2829][err] https://svelte.dev/e/ownership_invalid_mutation font-weight: bold font-weight: normal", source: http://localhost:63315/__vitest_browser__/tester-BJtsJFpD.js (1222)
2026-10-05T23:58:35.9662113Z [90mstderr[2m | parity/emdash/media-admin-editor/source/packages/admin/tests/components/MediaDetailPanel.test.tsx[2m > [22m[2mMediaDetailPanel[2m > [22m[2mhides crop for a pending image
2026-10-05T23:58:35.9662588Z [22m[39m[svelte] ownership_invalid_mutation
2026-10-05T23:58:35.9663251Z Mutating unbound props (`editorFrameRef`, at src/​lib/​media/​FocalPointEditor.svelte:18:96) is strongly discouraged. Consider using `bind:editorFrameRef={...}` in src/lib/media/MediaDetails.svelte (or using a callback) instead
2026-10-05T23:58:35.9663849Z https://svelte.dev/e/ownership_invalid_mutation
2026-10-05T23:58:35.9664507Z [90mstderr[2m | parity/emdash/media-admin-editor/source/packages/admin/tests/components/MediaDetailPanel.test.tsx[2m > [22m[2mMediaDetailPanel[2m > [22m[2mhides crop for a pending image
2026-10-05T23:58:35.9665216Z [22m[39m[svelte] ownership_invalid_mutation
2026-10-05T23:58:35.9666278Z Mutating unbound props (`firstPreviewRef`, at src/​lib/​media/​FocalPointPreviews.svelte:8:99) is strongly discouraged. Consider using `bind:firstPreviewRef={...}` in src/lib/media/MediaDetails.svelte (or using a callback) instead
2026-10-05T23:58:35.9667233Z https://svelte.dev/e/ownership_invalid_mutation
2026-10-05T23:58:35.9670797Z 2026-10-05T23:58:35.966Z pw:browser [pid=2829][err] [1005/235835.966809:INFO:CONSOLE:1222] "%c[svelte] ownership_invalid_mutation
2026-10-05T23:58:35.9675699Z 2026-10-05T23:58:35.967Z pw:browser [pid=2829][err] %cMutating unbound props (`firstPreviewRef`, at src/​lib/​media/​FocalPointPreviews.svelte:8:99) is strongly discouraged. Consider using `bind:firstPreviewRef={...}` in src/lib/media/MediaDetails.svelte (or using a callback) instead
2026-10-05T23:58:35.9677153Z 2026-10-05T23:58:35.967Z pw:browser [pid=2829][err] https://svelte.dev/e/ownership_invalid_mutation font-weight: bold font-weight: normal", source: http://localhost:63315/__vitest_browser__/tester-BJtsJFpD.js (1222)
2026-10-05T23:58:35.9690848Z 2026-10-05T23:58:35.968Z pw:browser [pid=2829][err] [1005/235835.968749:INFO:CONSOLE:1222] "%c[svelte] ownership_invalid_mutation
2026-10-05T23:58:35.9692484Z 2026-10-05T23:58:35.968Z pw:browser [pid=2829][err] %cMutating unbound props (`editorFrameRef`, at src/​lib/​media/​FocalPointEditor.svelte:18:32) is strongly discouraged. Consider using `bind:editorFrameRef={...}` in src/lib/media/MediaDetails.svelte (or using a callback) instead
2026-10-05T23:58:35.9693807Z 2026-10-05T23:58:35.968Z pw:browser [pid=2829][err] https://svelte.dev/e/ownership_invalid_mutation font-weight: bold font-weight: normal", source: http://localhost:63315/__vitest_browser__/tester-BJtsJFpD.js (1222)
2026-10-05T23:58:35.9699184Z [90mstderr[2m | parity/emdash/media-admin-editor/source/packages/admin/tests/components/MediaDetailPanel.test.tsx[2m > [22m[2mMediaDetailPanel[2m > [22m[2mhides crop for a pending image
2026-10-05T23:58:35.9699981Z [22m[39m[svelte] ownership_invalid_mutation
2026-10-05T23:58:35.9701241Z Mutating unbound props (`editorFrameRef`, at src/​lib/​media/​FocalPointEditor.svelte:18:32) is strongly discouraged. Consider using `bind:editorFrameRef={...}` in src/lib/media/MediaDetails.svelte (or using a callback) instead
2026-10-05T23:58:35.9702068Z https://svelte.dev/e/ownership_invalid_mutation
2026-10-05T23:58:35.9718443Z 2026-10-05T23:58:35.971Z pw:browser [pid=2829][err] [1005/235835.971652:INFO:CONSOLE:1222] "%c[svelte] ownership_invalid_mutation
2026-10-05T23:58:35.9720344Z 2026-10-05T23:58:35.971Z pw:browser [pid=2829][err] %cMutating unbound props (`firstPreviewRef`, at src/​lib/​media/​FocalPointPreviews.svelte:8:33) is strongly discouraged. Consider using `bind:firstPreviewRef={...}` in src/lib/media/MediaDetails.svelte (or using a callback) instead
2026-10-05T23:58:35.9721967Z 2026-10-05T23:58:35.971Z pw:browser [pid=2829][err] https://svelte.dev/e/ownership_invalid_mutation font-weight: bold font-weight: normal", source: http://localhost:63315/__vitest_browser__/tester-BJtsJFpD.js (1222)
2026-10-05T23:58:35.9723588Z [90mstderr[2m | parity/emdash/media-admin-editor/source/packages/admin/tests/components/MediaDetailPanel.test.tsx[2m > [22m[2mMediaDetailPanel[2m > [22m[2mhides crop for a pending image
2026-10-05T23:58:35.9724347Z [22m[39m[svelte] ownership_invalid_mutation
2026-10-05T23:58:35.9725441Z Mutating unbound props (`firstPreviewRef`, at src/​lib/​media/​FocalPointPreviews.svelte:8:33) is strongly discouraged. Consider using `bind:firstPreviewRef={...}` in src/lib/media/MediaDetails.svelte (or using a callback) instead
2026-10-05T23:58:35.9726265Z https://svelte.dev/e/ownership_invalid_mutation
2026-10-05T23:58:35.9736294Z 2026-10-05T23:58:35.973Z pw:browser [pid=2829][err] [1005/235835.973498:INFO:CONSOLE:1222] "%c[svelte] ownership_invalid_mutation
2026-10-05T23:58:35.9737928Z 2026-10-05T23:58:35.973Z pw:browser [pid=2829][err] %cMutating unbound props (`editorFrameRef`, at src/​lib/​media/​FocalPointEditor.svelte:18:96) is strongly discouraged. Consider using `bind:editorFrameRef={...}` in src/lib/media/MediaDetails.svelte (or using a callback) instead
2026-10-05T23:58:35.9739573Z 2026-10-05T23:58:35.973Z pw:browser [pid=2829][err] https://svelte.dev/e/ownership_invalid_mutation font-weight: bold font-weight: normal", source: http://localhost:63315/__vitest_browser__/tester-BJtsJFpD.js (1222)
2026-10-05T23:58:35.9741162Z [90mstderr[2m | parity/emdash/media-admin-editor/source/packages/admin/tests/components/MediaDetailPanel.test.tsx[2m > [22m[2mMediaDetailPanel[2m > [22m[2mhides crop for a unsupported image
2026-10-05T23:58:35.9741960Z [22m[39m[svelte] ownership_invalid_mutation
2026-10-05T23:58:35.9746385Z Mutating unbound props (`editorFrameRef`, at src/​lib/​media/​FocalPointEditor.svelte:18:96) is strongly discouraged. Consider using `bind:editorFrameRef={...}` in src/lib/media/MediaDetails.svelte (or using a callback) instead
2026-10-05T23:58:35.9747389Z https://svelte.dev/e/ownership_invalid_mutation
2026-10-05T23:58:35.9748546Z [90mstderr[2m | parity/emdash/media-admin-editor/source/packages/admin/tests/components/MediaDetailPanel.test.tsx[2m > [22m[2mMediaDetailPanel[2m > [22m[2mhides crop for a unsupported image
2026-10-05T23:58:35.9749457Z [22m[39m[svelte] ownership_invalid_mutation
2026-10-05T23:58:35.9750669Z Mutating unbound props (`firstPreviewRef`, at src/​lib/​media/​FocalPointPreviews.svelte:8:99) is strongly discouraged. Consider using `bind:firstPreviewRef={...}` in src/lib/media/MediaDetails.svelte (or using a callback) instead
2026-10-05T23:58:35.9751252Z https://svelte.dev/e/ownership_invalid_mutation
2026-10-05T23:58:35.9751710Z 2026-10-05T23:58:35.974Z pw:browser [pid=2829][err] [1005/235835.974461:INFO:CONSOLE:1222] "%c[svelte] ownership_invalid_mutation
2026-10-05T23:58:35.9752794Z 2026-10-05T23:58:35.974Z pw:browser [pid=2829][err] %cMutating unbound props (`firstPreviewRef`, at src/​lib/​media/​FocalPointPreviews.svelte:8:99) is strongly discouraged. Consider using `bind:firstPreviewRef={...}` in src/lib/media/MediaDetails.svelte (or using a callback) instead
2026-10-05T23:58:35.9753780Z 2026-10-05T23:58:35.974Z pw:browser [pid=2829][err] https://svelte.dev/e/ownership_invalid_mutation font-weight: bold font-weight: normal", source: http://localhost:63315/__vitest_browser__/tester-BJtsJFpD.js (1222)
2026-10-05T23:58:35.9763149Z 2026-10-05T23:58:35.976Z pw:browser [pid=2829][err] [1005/235835.976188:INFO:CONSOLE:1222] "%c[svelte] ownership_invalid_mutation
2026-10-05T23:58:35.9764763Z 2026-10-05T23:58:35.976Z pw:browser [pid=2829][err] %cMutating unbound props (`editorFrameRef`, at src/​lib/​media/​FocalPointEditor.svelte:18:32) is strongly discouraged. Consider using `bind:editorFrameRef={...}` in src/lib/media/MediaDetails.svelte (or using a callback) instead
2026-10-05T23:58:35.9766349Z 2026-10-05T23:58:35.976Z pw:browser [pid=2829][err] https://svelte.dev/e/ownership_invalid_mutation font-weight: bold font-weight: normal", source: http://localhost:63315/__vitest_browser__/tester-BJtsJFpD.js (1222)
2026-10-05T23:58:35.9769606Z [90mstderr[2m | parity/emdash/media-admin-editor/source/packages/admin/tests/components/MediaDetailPanel.test.tsx[2m > [22m[2mMediaDetailPanel[2m > [22m[2mhides crop for a unsupported image
2026-10-05T23:58:35.9770587Z [22m[39m[svelte] ownership_invalid_mutation
2026-10-05T23:58:35.9771677Z Mutating unbound props (`editorFrameRef`, at src/​lib/​media/​FocalPointEditor.svelte:18:32) is strongly discouraged. Consider using `bind:editorFrameRef={...}` in src/lib/media/MediaDetails.svelte (or using a callback) instead
2026-10-05T23:58:35.9772488Z https://svelte.dev/e/ownership_invalid_mutation
2026-10-05T23:58:35.9787396Z 2026-10-05T23:58:35.978Z pw:browser [pid=2829][err] [1005/235835.978592:INFO:CONSOLE:1222] "%c[svelte] ownership_invalid_mutation
2026-10-05T23:58:35.9789033Z 2026-10-05T23:58:35.978Z pw:browser [pid=2829][err] %cMutating unbound props (`firstPreviewRef`, at src/​lib/​media/​FocalPointPreviews.svelte:8:33) is strongly discouraged. Consider using `bind:firstPreviewRef={...}` in src/lib/media/MediaDetails.svelte (or using a callback) instead
2026-10-05T23:58:35.9790775Z 2026-10-05T23:58:35.978Z pw:browser [pid=2829][err] https://svelte.dev/e/ownership_invalid_mutation font-weight: bold font-weight: normal", source: http://localhost:63315/__vitest_browser__/tester-BJtsJFpD.js (1222)
2026-10-05T23:58:35.9792295Z [90mstderr[2m | parity/emdash/media-admin-editor/source/packages/admin/tests/components/MediaDetailPanel.test.tsx[2m > [22m[2mMediaDetailPanel[2m > [22m[2mhides crop for a unsupported image
2026-10-05T23:58:35.9793057Z [22m[39m[svelte] ownership_invalid_mutation
2026-10-05T23:58:35.9794183Z Mutating unbound props (`firstPreviewRef`, at src/​lib/​media/​FocalPointPreviews.svelte:8:33) is strongly discouraged. Consider using `bind:firstPreviewRef={...}` in src/lib/media/MediaDetails.svelte (or using a callback) instead
2026-10-05T23:58:35.9795020Z https://svelte.dev/e/ownership_invalid_mutation
2026-10-05T23:58:35.9805190Z 2026-10-05T23:58:35.980Z pw:browser [pid=2829][err] [1005/235835.980395:INFO:CONSOLE:1222] "%c[svelte] ownership_invalid_mutation
2026-10-05T23:58:35.9806831Z 2026-10-05T23:58:35.980Z pw:browser [pid=2829][err] %cMutating unbound props (`editorFrameRef`, at src/​lib/​media/​FocalPointEditor.svelte:18:96) is strongly discouraged. Consider using `bind:editorFrameRef={...}` in src/lib/media/MediaDetails.svelte (or using a callback) instead
2026-10-05T23:58:35.9808411Z 2026-10-05T23:58:35.980Z pw:browser [pid=2829][err] https://svelte.dev/e/ownership_invalid_mutation font-weight: bold font-weight: normal", source: http://localhost:63315/__vitest_browser__/tester-BJtsJFpD.js (1222)
2026-10-05T23:58:35.9812714Z [90mstderr[2m | parity/emdash/media-admin-editor/source/packages/admin/tests/components/MediaDetailPanel.test.tsx[2m > [22m[2mMediaDetailPanel[2m > [22m[2mhides crop for a provider image
2026-10-05T23:58:35.9813608Z [22m[39m[svelte] ownership_invalid_mutation
2026-10-05T23:58:35.9815190Z Mutating unbound props (`editorFrameRef`, at src/​lib/​media/​FocalPointEditor.svelte:18:96) is strongly discouraged. Consider using `bind:editorFrameRef={...}` in src/lib/media/MediaDetails.svelte (or using a callback) instead
2026-10-05T23:58:35.9816028Z https://svelte.dev/e/ownership_invalid_mutation
2026-10-05T23:58:35.9817017Z [90mstderr[2m | parity/emdash/media-admin-editor/source/packages/admin/tests/components/MediaDetailPanel.test.tsx[2m > [22m[2mMediaDetailPanel[2m > [22m[2mhides crop for a provider image
2026-10-05T23:58:35.9817786Z [22m[39m[svelte] ownership_invalid_mutation
2026-10-05T23:58:35.9818913Z Mutating unbound props (`firstPreviewRef`, at src/​lib/​media/​FocalPointPreviews.svelte:8:99) is strongly discouraged. Consider using `bind:firstPreviewRef={...}` in src/lib/media/MediaDetails.svelte (or using a callback) instead
2026-10-05T23:58:35.9819684Z https://svelte.dev/e/ownership_invalid_mutation
2026-10-05T23:58:35.9820085Z 2026-10-05T23:58:35.981Z pw:browser [pid=2829][err] [1005/235835.981138:INFO:CONSOLE:1222] "%c[svelte] ownership_invalid_mutation
2026-10-05T23:58:35.9821252Z 2026-10-05T23:58:35.981Z pw:browser [pid=2829][err] %cMutating unbound props (`firstPreviewRef`, at src/​lib/​media/​FocalPointPreviews.svelte:8:99) is strongly discouraged. Consider using `bind:firstPreviewRef={...}` in src/lib/media/MediaDetails.svelte (or using a callback) instead
2026-10-05T23:58:35.9822167Z 2026-10-05T23:58:35.981Z pw:browser [pid=2829][err] https://svelte.dev/e/ownership_invalid_mutation font-weight: bold font-weight: normal", source: http://localhost:63315/__vitest_browser__/tester-BJtsJFpD.js (1222)
2026-10-05T23:58:35.9824063Z 2026-10-05T23:58:35.982Z pw:browser [pid=2829][err] [1005/235835.982283:INFO:CONSOLE:1222] "%c[svelte] ownership_invalid_mutation
2026-10-05T23:58:35.9825569Z 2026-10-05T23:58:35.982Z pw:browser [pid=2829][err] %cMutating unbound props (`editorFrameRef`, at src/​lib/​media/​FocalPointEditor.svelte:18:32) is strongly discouraged. Consider using `bind:editorFrameRef={...}` in src/lib/media/MediaDetails.svelte (or using a callback) instead
2026-10-05T23:58:35.9827072Z 2026-10-05T23:58:35.982Z pw:browser [pid=2829][err] https://svelte.dev/e/ownership_invalid_mutation font-weight: bold font-weight: normal", source: http://localhost:63315/__vitest_browser__/tester-BJtsJFpD.js (1222)
2026-10-05T23:58:35.9827931Z [90mstderr[2m | parity/emdash/media-admin-editor/source/packages/admin/tests/components/MediaDetailPanel.test.tsx[2m > [22m[2mMediaDetailPanel[2m > [22m[2mhides crop for a provider image
2026-10-05T23:58:35.9828383Z [22m[39m[svelte] ownership_invalid_mutation
2026-10-05T23:58:35.9829023Z Mutating unbound props (`editorFrameRef`, at src/​lib/​media/​FocalPointEditor.svelte:18:32) is strongly discouraged. Consider using `bind:editorFrameRef={...}` in src/lib/media/MediaDetails.svelte (or using a callback) instead
2026-10-05T23:58:35.9829501Z https://svelte.dev/e/ownership_invalid_mutation
2026-10-05T23:58:35.9839279Z 2026-10-05T23:58:35.983Z pw:browser [pid=2829][err] [1005/235835.983793:INFO:CONSOLE:1222] "%c[svelte] ownership_invalid_mutation
2026-10-05T23:58:35.9840885Z 2026-10-05T23:58:35.983Z pw:browser [pid=2829][err] %cMutating unbound props (`editorFrameRef`, at src/​lib/​media/​FocalPointEditor.svelte:18:96) is strongly discouraged. Consider using `bind:editorFrameRef={...}` in src/lib/media/MediaDetails.svelte (or using a callback) instead
2026-10-05T23:58:35.9842431Z 2026-10-05T23:58:35.983Z pw:browser [pid=2829][err] https://svelte.dev/e/ownership_invalid_mutation font-weight: bold font-weight: normal", source: http://localhost:63315/__vitest_browser__/tester-BJtsJFpD.js (1222)
2026-10-05T23:58:35.9843731Z [90mstderr[2m | parity/emdash/media-admin-editor/source/packages/admin/tests/components/MediaDetailPanel.test.tsx[2m > [22m[2mMediaDetailPanel[2m > [22m[2muses a contextual crop footer with output and reset
2026-10-05T23:58:35.9844212Z [22m[39m[svelte] ownership_invalid_mutation
2026-10-05T23:58:35.9844854Z Mutating unbound props (`editorFrameRef`, at src/​lib/​media/​FocalPointEditor.svelte:18:96) is strongly discouraged. Consider using `bind:editorFrameRef={...}` in src/lib/media/MediaDetails.svelte (or using a callback) instead
2026-10-05T23:58:35.9845334Z https://svelte.dev/e/ownership_invalid_mutation
2026-10-05T23:58:35.9858539Z 2026-10-05T23:58:35.985Z pw:browser [pid=2829][err] [1005/235835.985710:INFO:CONSOLE:1222] "%c[svelte] ownership_invalid_mutation
2026-10-05T23:58:35.9860302Z 2026-10-05T23:58:35.985Z pw:browser [pid=2829][err] %cMutating unbound props (`editorFrameRef`, at src/​lib/​media/​FocalPointEditor.svelte:18:32) is strongly discouraged. Consider using `bind:editorFrameRef={...}` in src/lib/media/MediaDetails.svelte (or using a callback) instead
2026-10-05T23:58:35.9861903Z 2026-10-05T23:58:35.985Z pw:browser [pid=2829][err] https://svelte.dev/e/ownership_invalid_mutation font-weight: bold font-weight: normal", source: http://localhost:63315/__vitest_browser__/tester-BJtsJFpD.js (1222)
2026-10-05T23:58:35.9868930Z [90mstderr[2m | parity/emdash/media-admin-editor/source/packages/admin/tests/components/MediaDetailPanel.test.tsx[2m > [22m[2mMediaDetailPanel[2m > [22m[2muses a contextual crop footer with output and reset
2026-10-05T23:58:35.9869774Z [22m[39m[svelte] ownership_invalid_mutation
2026-10-05T23:58:35.9871106Z Mutating unbound props (`editorFrameRef`, at src/​lib/​media/​FocalPointEditor.svelte:18:32) is strongly discouraged. Consider using `bind:editorFrameRef={...}` in src/lib/media/MediaDetails.svelte (or using a callback) instead
2026-10-05T23:58:35.9871939Z https://svelte.dev/e/ownership_invalid_mutation
2026-10-05T23:58:35.9881056Z 2026-10-05T23:58:35.987Z pw:browser [pid=2829][err] [1005/235835.987938:INFO:CONSOLE:1222] "%c[svelte] ownership_invalid_mutation
2026-10-05T23:58:35.9883537Z 2026-10-05T23:58:35.988Z pw:browser [pid=2829][err] %cMutating unbound props (`editorFrameRef`, at src/​lib/​media/​FocalPointEditor.svelte:18:96) is strongly discouraged. Consider using `bind:editorFrameRef={...}` in src/lib/media/MediaDetails.svelte (or using a callback) instead
2026-10-05T23:58:35.9884493Z 2026-10-05T23:58:35.988Z pw:browser [pid=2829][err] https://svelte.dev/e/ownership_invalid_mutation font-weight: bold font-weight: normal", source: http://localhost:63315/__vitest_browser__/tester-BJtsJFpD.js (1222)
2026-10-05T23:58:35.9885365Z [90mstderr[2m | parity/emdash/media-admin-editor/source/packages/admin/tests/components/MediaDetailPanel.test.tsx[2m > [22m[2mMediaDetailPanel[2m > [22m[2muses a contextual crop footer with output and reset
2026-10-05T23:58:35.9885849Z [22m[39m[svelte] ownership_invalid_mutation
2026-10-05T23:58:35.9886492Z Mutating unbound props (`editorFrameRef`, at src/​lib/​media/​FocalPointEditor.svelte:18:96) is strongly discouraged. Consider using `bind:editorFrameRef={...}` in src/lib/media/MediaDetails.svelte (or using a callback) instead
2026-10-05T23:58:35.9886968Z https://svelte.dev/e/ownership_invalid_mutation
2026-10-05T23:58:36.0448406Z 2026-10-05T23:58:36.044Z pw:browser [pid=2829][err] [1005/235836.044512:INFO:CONSOLE:1222] "Attempted to synchronously unmount a root while React was already rendering. React cannot finish unmounting the root until the current render has completed, which may lead to a race condition.", source: http://localhost:63315/__vitest_browser__/tester-BJtsJFpD.js (1222)
2026-10-05T23:58:36.0452269Z [90mstderr[2m | parity/emdash/media-admin-editor/source/packages/admin/tests/components/MediaDetailPanel.test.tsx[2m > [22m[2mMediaDetailPanel[2m > [22m[2moffers common aspect ratios and limits replacement to the original ratio
2026-10-05T23:58:36.0453745Z [22m[39mAttempted to synchronously unmount a root while React was already rendering. React cannot finish unmounting the root until the current render has completed, which may lead to a race condition.
2026-10-05T23:58:36.0474026Z 2026-10-05T23:58:36.047Z pw:browser [pid=2829][err] [1005/235836.047223:INFO:CONSOLE:1222] "%c[svelte] ownership_invalid_mutation
2026-10-05T23:58:36.0475737Z 2026-10-05T23:58:36.047Z pw:browser [pid=2829][err] %cMutating unbound props (`editorFrameRef`, at src/​lib/​media/​FocalPointEditor.svelte:18:32) is strongly discouraged. Consider using `bind:editorFrameRef={...}` in src/lib/media/MediaDetails.svelte (or using a callback) instead
2026-10-05T23:58:36.0477558Z 2026-10-05T23:58:36.047Z pw:browser [pid=2829][err] https://svelte.dev/e/ownership_invalid_mutation font-weight: bold font-weight: normal", source: http://localhost:63315/__vitest_browser__/tester-BJtsJFpD.js (1222)
2026-10-05T23:58:36.0478615Z [90mstderr[2m | parity/emdash/media-admin-editor/source/packages/admin/tests/components/MediaDetailPanel.test.tsx[2m > [22m[2mMediaDetailPanel[2m > [22m[2moffers common aspect ratios and limits replacement to the original ratio
2026-10-05T23:58:36.0479147Z [22m[39m[svelte] ownership_invalid_mutation
2026-10-05T23:58:36.0479784Z Mutating unbound props (`editorFrameRef`, at src/​lib/​media/​FocalPointEditor.svelte:18:32) is strongly discouraged. Consider using `bind:editorFrameRef={...}` in src/lib/media/MediaDetails.svelte (or using a callback) instead
2026-10-05T23:58:36.0480541Z https://svelte.dev/e/ownership_invalid_mutation
2026-10-05T23:58:36.0496148Z 2026-10-05T23:58:36.049Z pw:browser [pid=2829][err] [1005/235836.049415:INFO:CONSOLE:1222] "%c[svelte] ownership_invalid_mutation
2026-10-05T23:58:36.0497214Z 2026-10-05T23:58:36.049Z pw:browser [pid=2829][err] %cMutating unbound props (`editorFrameRef`, at src/​lib/​media/​FocalPointEditor.svelte:18:96) is strongly discouraged. Consider using `bind:editorFrameRef={...}` in src/lib/media/MediaDetails.svelte (or using a callback) instead
2026-10-05T23:58:36.0498146Z 2026-10-05T23:58:36.049Z pw:browser [pid=2829][err] https://svelte.dev/e/ownership_invalid_mutation font-weight: bold font-weight: normal", source: http://localhost:63315/__vitest_browser__/tester-BJtsJFpD.js (1222)
2026-10-05T23:58:36.0502725Z [90mstderr[2m | parity/emdash/media-admin-editor/source/packages/admin/tests/components/MediaDetailPanel.test.tsx[2m > [22m[2mMediaDetailPanel[2m > [22m[2moffers common aspect ratios and limits replacement to the original ratio
2026-10-05T23:58:36.0503407Z [22m[39m[svelte] ownership_invalid_mutation
2026-10-05T23:58:36.0504382Z Mutating unbound props (`editorFrameRef`, at src/​lib/​media/​FocalPointEditor.svelte:18:96) is strongly discouraged. Consider using `bind:editorFrameRef={...}` in src/lib/media/MediaDetails.svelte (or using a callback) instead
2026-10-05T23:58:36.0504869Z https://svelte.dev/e/ownership_invalid_mutation
2026-10-05T23:58:36.1067777Z 2026-10-05T23:58:36.106Z pw:browser [pid=2829][err] [1005/235836.106395:INFO:CONSOLE:1222] "Attempted to synchronously unmount a root while React was already rendering. React cannot finish unmounting the root until the current render has completed, which may lead to a race condition.", source: http://localhost:63315/__vitest_browser__/tester-BJtsJFpD.js (1222)
2026-10-05T23:58:36.1073569Z [90mstderr[2m | parity/emdash/media-admin-editor/source/packages/admin/tests/components/MediaDetailPanel.test.tsx[2m > [22m[2mMediaDetailPanel[2m > [22m[2mblocks crop actions while metadata is dirty
2026-10-05T23:58:36.1075259Z [22m[39mAttempted to synchronously unmount a root while React was already rendering. React cannot finish unmounting the root until the current render has completed, which may lead to a race condition.
2026-10-05T23:58:36.1095479Z 2026-10-05T23:58:36.109Z pw:browser [pid=2829][err] [1005/235836.109371:INFO:CONSOLE:1222] "%c[svelte] ownership_invalid_mutation
2026-10-05T23:58:36.1097380Z 2026-10-05T23:58:36.109Z pw:browser [pid=2829][err] %cMutating unbound props (`editorFrameRef`, at src/​lib/​media/​FocalPointEditor.svelte:18:32) is strongly discouraged. Consider using `bind:editorFrameRef={...}` in src/lib/media/MediaDetails.svelte (or using a callback) instead
2026-10-05T23:58:36.1101114Z 2026-10-05T23:58:36.109Z pw:browser [pid=2829][err] https://svelte.dev/e/ownership_invalid_mutation font-weight: bold font-weight: normal", source: http://localhost:63315/__vitest_browser__/tester-BJtsJFpD.js (1222)
2026-10-05T23:58:36.1102115Z [90mstderr[2m | parity/emdash/media-admin-editor/source/packages/admin/tests/components/MediaDetailPanel.test.tsx[2m > [22m[2mMediaDetailPanel[2m > [22m[2mblocks crop actions while metadata is dirty
2026-10-05T23:58:36.1102641Z [22m[39m[svelte] ownership_invalid_mutation
2026-10-05T23:58:36.1103341Z Mutating unbound props (`editorFrameRef`, at src/​lib/​media/​FocalPointEditor.svelte:18:32) is strongly discouraged. Consider using `bind:editorFrameRef={...}` in src/lib/media/MediaDetails.svelte (or using a callback) instead
2026-10-05T23:58:36.1103868Z https://svelte.dev/e/ownership_invalid_mutation
2026-10-05T23:58:36.1196043Z 2026-10-05T23:58:36.119Z pw:browser [pid=2829][err] [1005/235836.119433:INFO:CONSOLE:1222] "%c[svelte] ownership_invalid_mutation
2026-10-05T23:58:36.1197743Z 2026-10-05T23:58:36.119Z pw:browser [pid=2829][err] %cMutating unbound props (`editorFrameRef`, at src/​lib/​media/​FocalPointEditor.svelte:18:96) is strongly discouraged. Consider using `bind:editorFrameRef={...}` in src/lib/media/MediaDetails.svelte (or using a callback) instead
2026-10-05T23:58:36.1200348Z 2026-10-05T23:58:36.119Z pw:browser [pid=2829][err] https://svelte.dev/e/ownership_invalid_mutation font-weight: bold font-weight: normal", source: http://localhost:63315/__vitest_browser__/tester-BJtsJFpD.js (1222)
2026-10-05T23:58:36.1201725Z [90mstderr[2m | parity/emdash/media-admin-editor/source/packages/admin/tests/components/MediaDetailPanel.test.tsx[2m > [22m[2mMediaDetailPanel[2m > [22m[2mblocks crop actions while metadata is dirty
2026-10-05T23:58:36.1202239Z [22m[39m[svelte] ownership_invalid_mutation
2026-10-05T23:58:36.1202942Z Mutating unbound props (`editorFrameRef`, at src/​lib/​media/​FocalPointEditor.svelte:18:96) is strongly discouraged. Consider using `bind:editorFrameRef={...}` in src/lib/media/MediaDetails.svelte (or using a callback) instead
2026-10-05T23:58:36.1203465Z https://svelte.dev/e/ownership_invalid_mutation
2026-10-05T23:58:36.1741902Z 2026-10-05T23:58:36.173Z pw:browser [pid=2829][err] [1005/235836.173842:INFO:CONSOLE:1222] "Attempted to synchronously unmount a root while React was already rendering. React cannot finish unmounting the root until the current render has completed, which may lead to a race condition.", source: http://localhost:63315/__vitest_browser__/tester-BJtsJFpD.js (1222)
2026-10-05T23:58:36.1753238Z [90mstderr[2m | parity/emdash/media-admin-editor/source/packages/admin/tests/components/MediaDetailPanel.test.tsx[2m > [22m[2mMediaDetailPanel[2m > [22m[2mpreserves the crop draft across Media Details tabs
2026-10-05T23:58:36.1754856Z [22m[39mAttempted to synchronously unmount a root while React was already rendering. React cannot finish unmounting the root until the current render has completed, which may lead to a race condition.
2026-10-05T23:58:36.1772021Z 2026-10-05T23:58:36.177Z pw:browser [pid=2829][err] [1005/235836.176976:INFO:CONSOLE:1222] "%c[svelte] ownership_invalid_mutation
2026-10-05T23:58:36.1773707Z 2026-10-05T23:58:36.177Z pw:browser [pid=2829][err] %cMutating unbound props (`editorFrameRef`, at src/​lib/​media/​FocalPointEditor.svelte:18:32) is strongly discouraged. Consider using `bind:editorFrameRef={...}` in src/lib/media/MediaDetails.svelte (or using a callback) instead
2026-10-05T23:58:36.1775228Z 2026-10-05T23:58:36.177Z pw:browser [pid=2829][err] https://svelte.dev/e/ownership_invalid_mutation font-weight: bold font-weight: normal", source: http://localhost:63315/__vitest_browser__/tester-BJtsJFpD.js (1222)
2026-10-05T23:58:36.1780640Z [90mstderr[2m | parity/emdash/media-admin-editor/source/packages/admin/tests/components/MediaDetailPanel.test.tsx[2m > [22m[2mMediaDetailPanel[2m > [22m[2mpreserves the crop draft across Media Details tabs
2026-10-05T23:58:36.1781835Z [22m[39m[svelte] ownership_invalid_mutation
2026-10-05T23:58:36.1782915Z Mutating unbound props (`editorFrameRef`, at src/​lib/​media/​FocalPointEditor.svelte:18:32) is strongly discouraged. Consider using `bind:editorFrameRef={...}` in src/lib/media/MediaDetails.svelte (or using a callback) instead
2026-10-05T23:58:36.1783738Z https://svelte.dev/e/ownership_invalid_mutation
2026-10-05T23:58:36.1796647Z 2026-10-05T23:58:36.179Z pw:browser [pid=2829][err] [1005/235836.179523:INFO:CONSOLE:1222] "%c[svelte] ownership_invalid_mutation
2026-10-05T23:58:36.1798360Z 2026-10-05T23:58:36.179Z pw:browser [pid=2829][err] %cMutating unbound props (`editorFrameRef`, at src/​lib/​media/​FocalPointEditor.svelte:18:96) is strongly discouraged. Consider using `bind:editorFrameRef={...}` in src/lib/media/MediaDetails.svelte (or using a callback) instead
2026-10-05T23:58:36.1800141Z 2026-10-05T23:58:36.179Z pw:browser [pid=2829][err] https://svelte.dev/e/ownership_invalid_mutation font-weight: bold font-weight: normal", source: http://localhost:63315/__vitest_browser__/tester-BJtsJFpD.js (1222)
2026-10-05T23:58:36.1801414Z [90mstderr[2m | parity/emdash/media-admin-editor/source/packages/admin/tests/components/MediaDetailPanel.test.tsx[2m > [22m[2mMediaDetailPanel[2m > [22m[2mpreserves the crop draft across Media Details tabs
2026-10-05T23:58:36.1802145Z [22m[39m[svelte] ownership_invalid_mutation
2026-10-05T23:58:36.1803554Z Mutating unbound props (`editorFrameRef`, at src/​lib/​media/​FocalPointEditor.svelte:18:96) is strongly discouraged. Consider using `bind:editorFrameRef={...}` in src/lib/media/MediaDetails.svelte (or using a callback) instead
2026-10-05T23:58:36.1804409Z https://svelte.dev/e/ownership_invalid_mutation
2026-10-05T23:58:36.2338306Z 2026-10-05T23:58:36.233Z pw:browser [pid=2829][err] [1005/235836.233608:INFO:CONSOLE:1222] "%c[svelte] ownership_invalid_mutation
2026-10-05T23:58:36.2342493Z 2026-10-05T23:58:36.233Z pw:browser [pid=2829][err] %cMutating unbound props (`editorFrameRef`, at src/​lib/​media/​FocalPointEditor.svelte:18:32) is strongly discouraged. Consider using `bind:editorFrameRef={...}` in src/lib/media/MediaDetails.svelte (or using a callback) instead
2026-10-05T23:58:36.2344119Z 2026-10-05T23:58:36.233Z pw:browser [pid=2829][err] https://svelte.dev/e/ownership_invalid_mutation font-weight: bold font-weight: normal", source: http://localhost:63315/__vitest_browser__/tester-BJtsJFpD.js (1222)
2026-10-05T23:58:36.2345652Z [90mstderr[2m | parity/emdash/media-admin-editor/source/packages/admin/tests/components/MediaDetailPanel.test.tsx[2m > [22m[2mMediaDetailPanel[2m > [22m[2mpreserves the crop draft across Media Details tabs
2026-10-05T23:58:36.2346496Z [22m[39m[svelte] ownership_invalid_mutation
2026-10-05T23:58:36.2347640Z Mutating unbound props (`editorFrameRef`, at src/​lib/​media/​FocalPointEditor.svelte:18:32) is strongly discouraged. Consider using `bind:editorFrameRef={...}` in src/lib/media/MediaDetails.svelte (or using a callback) instead
2026-10-05T23:58:36.2348463Z https://svelte.dev/e/ownership_invalid_mutation
2026-10-05T23:58:36.2351992Z 2026-10-05T23:58:36.235Z pw:browser [pid=2829][err] [1005/235836.235071:INFO:CONSOLE:1222] "%c[svelte] ownership_invalid_mutation
2026-10-05T23:58:36.2353714Z 2026-10-05T23:58:36.235Z pw:browser [pid=2829][err] %cMutating unbound props (`editorFrameRef`, at src/​lib/​media/​FocalPointEditor.svelte:18:96) is strongly discouraged. Consider using `bind:editorFrameRef={...}` in src/lib/media/MediaDetails.svelte (or using a callback) instead
2026-10-05T23:58:36.2355369Z 2026-10-05T23:58:36.235Z pw:browser [pid=2829][err] https://svelte.dev/e/ownership_invalid_mutation font-weight: bold font-weight: normal", source: http://localhost:63315/__vitest_browser__/tester-BJtsJFpD.js (1222)
2026-10-05T23:58:36.2356383Z [90mstderr[2m | parity/emdash/media-admin-editor/source/packages/admin/tests/components/MediaDetailPanel.test.tsx[2m > [22m[2mMediaDetailPanel[2m > [22m[2mpreserves the crop draft across Media Details tabs
2026-10-05T23:58:36.2357037Z [22m[39m[svelte] ownership_invalid_mutation
2026-10-05T23:58:36.2357692Z Mutating unbound props (`editorFrameRef`, at src/​lib/​media/​FocalPointEditor.svelte:18:96) is strongly discouraged. Consider using `bind:editorFrameRef={...}` in src/lib/media/MediaDetails.svelte (or using a callback) instead
2026-10-05T23:58:36.2358188Z https://svelte.dev/e/ownership_invalid_mutation
2026-10-05T23:58:36.2375882Z 2026-10-05T23:58:36.237Z pw:browser [pid=2829][err] [1005/235836.237391:INFO:CONSOLE:1222] "Attempted to synchronously unmount a root while React was already rendering. React cannot finish unmounting the root until the current render has completed, which may lead to a race condition.", source: http://localhost:63315/__vitest_browser__/tester-BJtsJFpD.js (1222)
2026-10-05T23:58:36.2379827Z [90mstderr[2m | parity/emdash/media-admin-editor/source/packages/admin/tests/components/MediaDetailPanel.test.tsx[2m > [22m[2mMediaDetailPanel[2m > [22m[2mpreserves crop and focal-point positions while switching edit modes
2026-10-05T23:58:36.2382040Z [22m[39mAttempted to synchronously unmount a root while React was already rendering. React cannot finish unmounting the root until the current render has completed, which may lead to a race condition.
2026-10-05T23:58:36.2383169Z 2026-10-05T23:58:36.237Z pw:browser [pid=2829][err] [1005/235836.237895:INFO:CONSOLE:1222] "%c[svelte] derived_inert
2026-10-05T23:58:36.2383885Z 2026-10-05T23:58:36.237Z pw:browser [pid=2829][err] %cReading a derived belonging to a now-destroyed effect may result in stale values
2026-10-05T23:58:36.2384899Z 2026-10-05T23:58:36.237Z pw:browser [pid=2829][err] https://svelte.dev/e/derived_inert font-weight: bold font-weight: normal", source: http://localhost:63315/__vitest_browser__/tester-BJtsJFpD.js (1222)
2026-10-05T23:58:36.2389750Z [90mstderr[2m | parity/emdash/media-admin-editor/source/packages/admin/tests/components/MediaDetailPanel.test.tsx[2m > [22m[2mMediaDetailPanel[2m > [22m[2mpreserves crop and focal-point positions while switching edit modes
2026-10-05T23:58:36.2390750Z [22m[39m[svelte] derived_inert
2026-10-05T23:58:36.2391135Z Reading a derived belonging to a now-destroyed effect may result in stale values
2026-10-05T23:58:36.2391519Z https://svelte.dev/e/derived_inert
2026-10-05T23:58:36.2402351Z 2026-10-05T23:58:36.240Z pw:browser [pid=2829][err] [1005/235836.240095:INFO:CONSOLE:1222] "%c[svelte] ownership_invalid_mutation
2026-10-05T23:58:36.2404009Z 2026-10-05T23:58:36.240Z pw:browser [pid=2829][err] %cMutating unbound props (`editorFrameRef`, at src/​lib/​media/​FocalPointEditor.svelte:18:32) is strongly discouraged. Consider using `bind:editorFrameRef={...}` in src/lib/media/MediaDetails.svelte (or using a callback) instead
2026-10-05T23:58:36.2405560Z 2026-10-05T23:58:36.240Z pw:browser [pid=2829][err] https://svelte.dev/e/ownership_invalid_mutation font-weight: bold font-weight: normal", source: http://localhost:63315/__vitest_browser__/tester-BJtsJFpD.js (1222)
2026-10-05T23:58:36.2417428Z [90mstderr[2m | parity/emdash/media-admin-editor/source/packages/admin/tests/components/MediaDetailPanel.test.tsx[2m > [22m[2mMediaDetailPanel[2m > [22m[2mpreserves crop and focal-point positions while switching edit modes
2026-10-05T23:58:36.2418285Z [22m[39m[svelte] ownership_invalid_mutation
2026-10-05T23:58:36.2419350Z Mutating unbound props (`editorFrameRef`, at src/​lib/​media/​FocalPointEditor.svelte:18:32) is strongly discouraged. Consider using `bind:editorFrameRef={...}` in src/lib/media/MediaDetails.svelte (or using a callback) instead
2026-10-05T23:58:36.2420339Z https://svelte.dev/e/ownership_invalid_mutation
2026-10-05T23:58:36.2437758Z 2026-10-05T23:58:36.243Z pw:browser [pid=2829][err] [1005/235836.243536:INFO:CONSOLE:1222] "%c[svelte] ownership_invalid_mutation
2026-10-05T23:58:36.2439890Z 2026-10-05T23:58:36.243Z pw:browser [pid=2829][err] %cMutating unbound props (`editorFrameRef`, at src/​lib/​media/​FocalPointEditor.svelte:18:96) is strongly discouraged. Consider using `bind:editorFrameRef={...}` in src/lib/media/MediaDetails.svelte (or using a callback) instead
2026-10-05T23:58:36.2441822Z 2026-10-05T23:58:36.243Z pw:browser [pid=2829][err] https://svelte.dev/e/ownership_invalid_mutation font-weight: bold font-weight: normal", source: http://localhost:63315/__vitest_browser__/tester-BJtsJFpD.js (1222)
2026-10-05T23:58:36.2443638Z [90mstderr[2m | parity/emdash/media-admin-editor/source/packages/admin/tests/components/MediaDetailPanel.test.tsx[2m > [22m[2mMediaDetailPanel[2m > [22m[2mpreserves crop and focal-point positions while switching edit modes
2026-10-05T23:58:36.2444628Z [22m[39m[svelte] ownership_invalid_mutation
2026-10-05T23:58:36.2445706Z Mutating unbound props (`editorFrameRef`, at src/​lib/​media/​FocalPointEditor.svelte:18:96) is strongly discouraged. Consider using `bind:editorFrameRef={...}` in src/lib/media/MediaDetails.svelte (or using a callback) instead
2026-10-05T23:58:36.2446266Z https://svelte.dev/e/ownership_invalid_mutation
2026-10-05T23:58:36.2982775Z 2026-10-05T23:58:36.298Z pw:browser [pid=2829][err] [1005/235836.298047:INFO:CONSOLE:1222] "%c[svelte] ownership_invalid_mutation
2026-10-05T23:58:36.2984600Z 2026-10-05T23:58:36.298Z pw:browser [pid=2829][err] %cMutating unbound props (`editorFrameRef`, at src/​lib/​media/​FocalPointEditor.svelte:18:32) is strongly discouraged. Consider using `bind:editorFrameRef={...}` in src/lib/media/MediaDetails.svelte (or using a callback) instead
2026-10-05T23:58:36.2986383Z 2026-10-05T23:58:36.298Z pw:browser [pid=2829][err] https://svelte.dev/e/ownership_invalid_mutation font-weight: bold font-weight: normal", source: http://localhost:63315/__vitest_browser__/tester-BJtsJFpD.js (1222)
2026-10-05T23:58:36.2987943Z [90mstderr[2m | parity/emdash/media-admin-editor/source/packages/admin/tests/components/MediaDetailPanel.test.tsx[2m > [22m[2mMediaDetailPanel[2m > [22m[2mpreserves crop and focal-point positions while switching edit modes
2026-10-05T23:58:36.2988783Z [22m[39m[svelte] ownership_invalid_mutation
2026-10-05T23:58:36.2989774Z Mutating unbound props (`editorFrameRef`, at src/​lib/​media/​FocalPointEditor.svelte:18:32) is strongly discouraged. Consider using `bind:editorFrameRef={...}` in src/lib/media/MediaDetails.svelte (or using a callback) instead
2026-10-05T23:58:36.2990441Z https://svelte.dev/e/ownership_invalid_mutation
2026-10-05T23:58:36.2991102Z [90mstderr[2m | parity/emdash/media-admin-editor/source/packages/admin/tests/components/MediaDetailPanel.test.tsx[2m > [22m[2mMediaDetailPanel[2m > [22m[2mpreserves crop and focal-point positions while switching edit modes
2026-10-05T23:58:36.2991714Z [22m[39m[svelte] ownership_invalid_mutation
2026-10-05T23:58:36.2992718Z Mutating unbound props (`firstPreviewRef`, at src/​lib/​media/​FocalPointPreviews.svelte:8:33) is strongly discouraged. Consider using `bind:firstPreviewRef={...}` in src/lib/media/MediaDetails.svelte (or using a callback) instead
2026-10-05T23:58:36.2993434Z https://svelte.dev/e/ownership_invalid_mutation
2026-10-05T23:58:36.2993971Z 2026-10-05T23:58:36.298Z pw:browser [pid=2829][err] [1005/235836.298214:INFO:CONSOLE:1222] "%c[svelte] ownership_invalid_mutation
2026-10-05T23:58:36.2995088Z 2026-10-05T23:58:36.298Z pw:browser [pid=2829][err] %cMutating unbound props (`firstPreviewRef`, at src/​lib/​media/​FocalPointPreviews.svelte:8:33) is strongly discouraged. Consider using `bind:firstPreviewRef={...}` in src/lib/media/MediaDetails.svelte (or using a callback) instead
2026-10-05T23:58:36.2995994Z 2026-10-05T23:58:36.298Z pw:browser [pid=2829][err] https://svelte.dev/e/ownership_invalid_mutation font-weight: bold font-weight: normal", source: http://localhost:63315/__vitest_browser__/tester-BJtsJFpD.js (1222)
2026-10-05T23:58:36.3582804Z 2026-10-05T23:58:36.358Z pw:browser [pid=2829][err] [1005/235836.357957:INFO:CONSOLE:1222] "%c[svelte] ownership_invalid_mutation
2026-10-05T23:58:36.3586427Z 2026-10-05T23:58:36.358Z pw:browser [pid=2829][err] %cMutating unbound props (`editorFrameRef`, at src/​lib/​media/​FocalPointEditor.svelte:18:96) is strongly discouraged. Consider using `bind:editorFrameRef={...}` in src/lib/media/MediaDetails.svelte (or using a callback) instead
2026-10-05T23:58:36.3589188Z 2026-10-05T23:58:36.358Z pw:browser [pid=2829][err] https://svelte.dev/e/ownership_invalid_mutation font-weight: bold font-weight: normal", source: http://localhost:63315/__vitest_browser__/tester-BJtsJFpD.js (1222)
2026-10-05T23:58:36.3590470Z 2026-10-05T23:58:36.358Z pw:browser [pid=2829][err] [1005/235836.358421:INFO:CONSOLE:1222] "%c[svelte] ownership_invalid_mutation
2026-10-05T23:58:36.3592013Z 2026-10-05T23:58:36.358Z pw:browser [pid=2829][err] %cMutating unbound props (`firstPreviewRef`, at src/​lib/​media/​FocalPointPreviews.svelte:8:99) is strongly discouraged. Consider using `bind:firstPreviewRef={...}` in src/lib/media/MediaDetails.svelte (or using a callback) instead
2026-10-05T23:58:36.3593663Z 2026-10-05T23:58:36.358Z pw:browser [pid=2829][err] https://svelte.dev/e/ownership_invalid_mutation font-weight: bold font-weight: normal", source: http://localhost:63315/__vitest_browser__/tester-BJtsJFpD.js (1222)
2026-10-05T23:58:36.3596853Z [90mstderr[2m | parity/emdash/media-admin-editor/source/packages/admin/tests/components/MediaDetailPanel.test.tsx[2m > [22m[2mMediaDetailPanel[2m > [22m[2mpreserves crop and focal-point positions while switching edit modes
2026-10-05T23:58:36.3597922Z [22m[39m[svelte] ownership_invalid_mutation
2026-10-05T23:58:36.3598970Z Mutating unbound props (`editorFrameRef`, at src/​lib/​media/​FocalPointEditor.svelte:18:96) is strongly discouraged. Consider using `bind:editorFrameRef={...}` in src/lib/media/MediaDetails.svelte (or using a callback) instead
2026-10-05T23:58:36.3599680Z https://svelte.dev/e/ownership_invalid_mutation
2026-10-05T23:58:36.3600877Z [90mstderr[2m | parity/emdash/media-admin-editor/source/packages/admin/tests/components/MediaDetailPanel.test.tsx[2m > [22m[2mMediaDetailPanel[2m > [22m[2mpreserves crop and focal-point positions while switching edit modes
2026-10-05T23:58:36.3601698Z [22m[39m[svelte] ownership_invalid_mutation
2026-10-05T23:58:36.3602745Z Mutating unbound props (`firstPreviewRef`, at src/​lib/​media/​FocalPointPreviews.svelte:8:99) is strongly discouraged. Consider using `bind:firstPreviewRef={...}` in src/lib/media/MediaDetails.svelte (or using a callback) instead
2026-10-05T23:58:36.3603531Z https://svelte.dev/e/ownership_invalid_mutation
2026-10-05T23:58:36.3622340Z 2026-10-05T23:58:36.362Z pw:browser [pid=2829][err] [1005/235836.362077:INFO:CONSOLE:1222] "%c[svelte] ownership_invalid_mutation
2026-10-05T23:58:36.3625308Z 2026-10-05T23:58:36.362Z pw:browser [pid=2829][err] %cMutating unbound props (`editorFrameRef`, at src/​lib/​media/​FocalPointEditor.svelte:18:32) is strongly discouraged. Consider using `bind:editorFrameRef={...}` in src/lib/media/MediaDetails.svelte (or using a callback) instead
2026-10-05T23:58:36.3626884Z 2026-10-05T23:58:36.362Z pw:browser [pid=2829][err] https://svelte.dev/e/ownership_invalid_mutation font-weight: bold font-weight: normal", source: http://localhost:63315/__vitest_browser__/tester-BJtsJFpD.js (1222)
2026-10-05T23:58:36.3627927Z 2026-10-05T23:58:36.362Z pw:browser [pid=2829][err] [1005/235836.362241:INFO:CONSOLE:1222] "%c[svelte] ownership_invalid_mutation
2026-10-05T23:58:36.3629420Z 2026-10-05T23:58:36.362Z pw:browser [pid=2829][err] %cMutating unbound props (`firstPreviewRef`, at src/​lib/​media/​FocalPointPreviews.svelte:8:33) is strongly discouraged. Consider using `bind:firstPreviewRef={...}` in src/lib/media/MediaDetails.svelte (or using a callback) instead
2026-10-05T23:58:36.3631065Z 2026-10-05T23:58:36.362Z pw:browser [pid=2829][err] https://svelte.dev/e/ownership_invalid_mutation font-weight: bold font-weight: normal", source: http://localhost:63315/__vitest_browser__/tester-BJtsJFpD.js (1222)
2026-10-05T23:58:36.3635174Z 2026-10-05T23:58:36.363Z pw:browser [pid=2829][err] [1005/235836.363399:INFO:CONSOLE:1222] "%c[svelte] ownership_invalid_mutation
2026-10-05T23:58:36.3636907Z 2026-10-05T23:58:36.363Z pw:browser [pid=2829][err] %cMutating unbound props (`editorFrameRef`, at src/​lib/​media/​FocalPointEditor.svelte:18:96) is strongly discouraged. Consider using `bind:editorFrameRef={...}` in src/lib/media/MediaDetails.svelte (or using a callback) instead
2026-10-05T23:58:36.3638481Z 2026-10-05T23:58:36.363Z pw:browser [pid=2829][err] https://svelte.dev/e/ownership_invalid_mutation font-weight: bold font-weight: normal", source: http://localhost:63315/__vitest_browser__/tester-BJtsJFpD.js (1222)
2026-10-05T23:58:36.3639467Z 2026-10-05T23:58:36.363Z pw:browser [pid=2829][err] [1005/235836.363746:INFO:CONSOLE:1222] "%c[svelte] ownership_invalid_mutation
2026-10-05T23:58:36.3641035Z 2026-10-05T23:58:36.363Z pw:browser [pid=2829][err] %cMutating unbound props (`firstPreviewRef`, at src/​lib/​media/​FocalPointPreviews.svelte:8:99) is strongly discouraged. Consider using `bind:firstPreviewRef={...}` in src/lib/media/MediaDetails.svelte (or using a callback) instead
2026-10-05T23:58:36.3642554Z 2026-10-05T23:58:36.363Z pw:browser [pid=2829][err] https://svelte.dev/e/ownership_invalid_mutation font-weight: bold font-weight: normal", source: http://localhost:63315/__vitest_browser__/tester-BJtsJFpD.js (1222)
2026-10-05T23:58:36.3646432Z 2026-10-05T23:58:36.364Z pw:browser [pid=2829][err] [1005/235836.364211:INFO:CONSOLE:1222] "%c[svelte] derived_inert
2026-10-05T23:58:36.3647176Z 2026-10-05T23:58:36.364Z pw:browser [pid=2829][err] %cReading a derived belonging to a now-destroyed effect may result in stale values
2026-10-05T23:58:36.3648227Z 2026-10-05T23:58:36.364Z pw:browser [pid=2829][err] https://svelte.dev/e/derived_inert font-weight: bold font-weight: normal", source: http://localhost:63315/__vitest_browser__/tester-BJtsJFpD.js (1222)
2026-10-05T23:58:36.3649765Z [90mstderr[2m | parity/emdash/media-admin-editor/source/packages/admin/tests/components/MediaDetailPanel.test.tsx[2m > [22m[2mMediaDetailPanel[2m > [22m[2mpreserves crop and focal-point positions while switching edit modes
2026-10-05T23:58:36.3650797Z [22m[39m[svelte] ownership_invalid_mutation
2026-10-05T23:58:36.3651895Z Mutating unbound props (`editorFrameRef`, at src/​lib/​media/​FocalPointEditor.svelte:18:32) is strongly discouraged. Consider using `bind:editorFrameRef={...}` in src/lib/media/MediaDetails.svelte (or using a callback) instead
2026-10-05T23:58:36.3652712Z https://svelte.dev/e/ownership_invalid_mutation
2026-10-05T23:58:36.3653786Z [90mstderr[2m | parity/emdash/media-admin-editor/source/packages/admin/tests/components/MediaDetailPanel.test.tsx[2m > [22m[2mMediaDetailPanel[2m > [22m[2mpreserves crop and focal-point positions while switching edit modes
2026-10-05T23:58:36.3654613Z [22m[39m[svelte] ownership_invalid_mutation
2026-10-05T23:58:36.3655697Z Mutating unbound props (`firstPreviewRef`, at src/​lib/​media/​FocalPointPreviews.svelte:8:33) is strongly discouraged. Consider using `bind:firstPreviewRef={...}` in src/lib/media/MediaDetails.svelte (or using a callback) instead
2026-10-05T23:58:36.3656500Z https://svelte.dev/e/ownership_invalid_mutation
2026-10-05T23:58:36.3657536Z [90mstderr[2m | parity/emdash/media-admin-editor/source/packages/admin/tests/components/MediaDetailPanel.test.tsx[2m > [22m[2mMediaDetailPanel[2m > [22m[2mkeeps the loaded focal-point image stable when returning to Details
2026-10-05T23:58:36.3658325Z [22m[39m[svelte] ownership_invalid_mutation
2026-10-05T23:58:36.3659374Z Mutating unbound props (`editorFrameRef`, at src/​lib/​media/​FocalPointEditor.svelte:18:96) is strongly discouraged. Consider using `bind:editorFrameRef={...}` in src/lib/media/MediaDetails.svelte (or using a callback) instead
2026-10-05T23:58:36.3660155Z https://svelte.dev/e/ownership_invalid_mutation
2026-10-05T23:58:36.3661411Z [90mstderr[2m | parity/emdash/media-admin-editor/source/packages/admin/tests/components/MediaDetailPanel.test.tsx[2m > [22m[2mMediaDetailPanel[2m > [22m[2mkeeps the loaded focal-point image stable when returning to Details
2026-10-05T23:58:36.3662402Z [22m[39m[svelte] ownership_invalid_mutation
2026-10-05T23:58:36.3663485Z Mutating unbound props (`firstPreviewRef`, at src/​lib/​media/​FocalPointPreviews.svelte:8:99) is strongly discouraged. Consider using `bind:firstPreviewRef={...}` in src/lib/media/MediaDetails.svelte (or using a callback) instead
2026-10-05T23:58:36.3664293Z https://svelte.dev/e/ownership_invalid_mutation
2026-10-05T23:58:36.3665392Z [90mstderr[2m | parity/emdash/media-admin-editor/source/packages/admin/tests/components/MediaDetailPanel.test.tsx[2m > [22m[2mMediaDetailPanel[2m > [22m[2mkeeps the loaded focal-point image stable when returning to Details
2026-10-05T23:58:36.3666213Z [22m[39m[svelte] derived_inert
2026-10-05T23:58:36.3666591Z Reading a derived belonging to a now-destroyed effect may result in stale values
2026-10-05T23:58:36.3666976Z https://svelte.dev/e/derived_inert
2026-10-05T23:58:36.3667514Z 2026-10-05T23:58:36.366Z pw:browser [pid=2829][err] [1005/235836.366527:INFO:CONSOLE:1222] "%c[svelte] ownership_invalid_mutation
2026-10-05T23:58:36.3669018Z 2026-10-05T23:58:36.366Z pw:browser [pid=2829][err] %cMutating unbound props (`editorFrameRef`, at src/​lib/​media/​FocalPointEditor.svelte:18:32) is strongly discouraged. Consider using `bind:editorFrameRef={...}` in src/lib/media/MediaDetails.svelte (or using a callback) instead
2026-10-05T23:58:36.3670791Z 2026-10-05T23:58:36.366Z pw:browser [pid=2829][err] https://svelte.dev/e/ownership_invalid_mutation font-weight: bold font-weight: normal", source: http://localhost:63315/__vitest_browser__/tester-BJtsJFpD.js (1222)
2026-10-05T23:58:36.3678211Z [90mstderr[2m | parity/emdash/media-admin-editor/source/packages/admin/tests/components/MediaDetailPanel.test.tsx[2m > [22m[2mMediaDetailPanel[2m > [22m[2mkeeps the loaded focal-point image stable when returning to Details
2026-10-05T23:58:36.3679069Z [22m[39m[svelte] ownership_invalid_mutation
2026-10-05T23:58:36.3680155Z Mutating unbound props (`editorFrameRef`, at src/​lib/​media/​FocalPointEditor.svelte:18:32) is strongly discouraged. Consider using `bind:editorFrameRef={...}` in src/lib/media/MediaDetails.svelte (or using a callback) instead
2026-10-05T23:58:36.3681098Z https://svelte.dev/e/ownership_invalid_mutation
2026-10-05T23:58:36.3690020Z 2026-10-05T23:58:36.368Z pw:browser [pid=2829][err] [1005/235836.368864:INFO:CONSOLE:1222] "%c[svelte] ownership_invalid_mutation
2026-10-05T23:58:36.3691718Z 2026-10-05T23:58:36.368Z pw:browser [pid=2829][err] %cMutating unbound props (`editorFrameRef`, at src/​lib/​media/​FocalPointEditor.svelte:18:96) is strongly discouraged. Consider using `bind:editorFrameRef={...}` in src/lib/media/MediaDetails.svelte (or using a callback) instead
2026-10-05T23:58:36.3693265Z 2026-10-05T23:58:36.368Z pw:browser [pid=2829][err] https://svelte.dev/e/ownership_invalid_mutation font-weight: bold font-weight: normal", source: http://localhost:63315/__vitest_browser__/tester-BJtsJFpD.js (1222)
2026-10-05T23:58:36.3696749Z [90mstderr[2m | parity/emdash/media-admin-editor/source/packages/admin/tests/components/MediaDetailPanel.test.tsx[2m > [22m[2mMediaDetailPanel[2m > [22m[2mkeeps the loaded focal-point image stable when returning to Details
2026-10-05T23:58:36.3697617Z [22m[39m[svelte] ownership_invalid_mutation
2026-10-05T23:58:36.3698737Z Mutating unbound props (`editorFrameRef`, at src/​lib/​media/​FocalPointEditor.svelte:18:96) is strongly discouraged. Consider using `bind:editorFrameRef={...}` in src/lib/media/MediaDetails.svelte (or using a callback) instead
2026-10-05T23:58:36.3699589Z https://svelte.dev/e/ownership_invalid_mutation
2026-10-05T23:58:36.3712457Z 2026-10-05T23:58:36.371Z pw:browser [pid=2829][err] [1005/235836.371040:INFO:CONSOLE:1222] "%c[svelte] ownership_invalid_mutation
2026-10-05T23:58:36.3714008Z 2026-10-05T23:58:36.371Z pw:browser [pid=2829][err] %cMutating unbound props (`editorFrameRef`, at src/​lib/​media/​FocalPointEditor.svelte:18:32) is strongly discouraged. Consider using `bind:editorFrameRef={...}` in src/lib/media/MediaDetails.svelte (or using a callback) instead
2026-10-05T23:58:36.3715707Z 2026-10-05T23:58:36.371Z pw:browser [pid=2829][err] https://svelte.dev/e/ownership_invalid_mutation font-weight: bold font-weight: normal", source: http://localhost:63315/__vitest_browser__/tester-BJtsJFpD.js (1222)
2026-10-05T23:58:36.3717269Z [90mstderr[2m | parity/emdash/media-admin-editor/source/packages/admin/tests/components/MediaDetailPanel.test.tsx[2m > [22m[2mMediaDetailPanel[2m > [22m[2mkeeps the loaded focal-point image stable when returning to Details
2026-10-05T23:58:36.3718138Z [22m[39m[svelte] ownership_invalid_mutation
2026-10-05T23:58:36.3719258Z Mutating unbound props (`editorFrameRef`, at src/​lib/​media/​FocalPointEditor.svelte:18:32) is strongly discouraged. Consider using `bind:editorFrameRef={...}` in src/lib/media/MediaDetails.svelte (or using a callback) instead
2026-10-05T23:58:36.3720087Z https://svelte.dev/e/ownership_invalid_mutation
2026-10-05T23:58:36.3720865Z 2026-10-05T23:58:36.371Z pw:browser [pid=2829][err] [1005/235836.371302:INFO:CONSOLE:1222] "%c[svelte] ownership_invalid_mutation
2026-10-05T23:58:36.3722375Z 2026-10-05T23:58:36.371Z pw:browser [pid=2829][err] %cMutating unbound props (`firstPreviewRef`, at src/​lib/​media/​FocalPointPreviews.svelte:8:33) is strongly discouraged. Consider using `bind:firstPreviewRef={...}` in src/lib/media/MediaDetails.svelte (or using a callback) instead
2026-10-05T23:58:36.3724078Z 2026-10-05T23:58:36.371Z pw:browser [pid=2829][err] https://svelte.dev/e/ownership_invalid_mutation font-weight: bold font-weight: normal", source: http://localhost:63315/__vitest_browser__/tester-BJtsJFpD.js (1222)
2026-10-05T23:58:36.3725653Z [90mstderr[2m | parity/emdash/media-admin-editor/source/packages/admin/tests/components/MediaDetailPanel.test.tsx[2m > [22m[2mMediaDetailPanel[2m > [22m[2mkeeps the loaded focal-point image stable when returning to Details
2026-10-05T23:58:36.3726524Z [22m[39m[svelte] ownership_invalid_mutation
2026-10-05T23:58:36.3727649Z Mutating unbound props (`firstPreviewRef`, at src/​lib/​media/​FocalPointPreviews.svelte:8:33) is strongly discouraged. Consider using `bind:firstPreviewRef={...}` in src/lib/media/MediaDetails.svelte (or using a callback) instead
2026-10-05T23:58:36.3728510Z https://svelte.dev/e/ownership_invalid_mutation
2026-10-05T23:58:36.3729126Z 2026-10-05T23:58:36.372Z pw:browser [pid=2829][err] [1005/235836.372333:INFO:CONSOLE:1222] "%c[svelte] ownership_invalid_mutation
2026-10-05T23:58:36.3730820Z 2026-10-05T23:58:36.372Z pw:browser [pid=2829][err] %cMutating unbound props (`firstPreviewRef`, at src/​lib/​media/​FocalPointPreviews.svelte:8:99) is strongly discouraged. Consider using `bind:firstPreviewRef={...}` in src/lib/media/MediaDetails.svelte (or using a callback) instead
2026-10-05T23:58:36.3732335Z 2026-10-05T23:58:36.372Z pw:browser [pid=2829][err] https://svelte.dev/e/ownership_invalid_mutation font-weight: bold font-weight: normal", source: http://localhost:63315/__vitest_browser__/tester-BJtsJFpD.js (1222)
2026-10-05T23:58:36.3734049Z [90mstderr[2m | parity/emdash/media-admin-editor/source/packages/admin/tests/components/MediaDetailPanel.test.tsx[2m > [22m[2mMediaDetailPanel[2m > [22m[2mkeeps the loaded focal-point image stable when returning to Details
2026-10-05T23:58:36.3734919Z [22m[39m[svelte] ownership_invalid_mutation
2026-10-05T23:58:36.3735964Z Mutating unbound props (`firstPreviewRef`, at src/​lib/​media/​FocalPointPreviews.svelte:8:99) is strongly discouraged. Consider using `bind:firstPreviewRef={...}` in src/lib/media/MediaDetails.svelte (or using a callback) instead
2026-10-05T23:58:36.3736774Z https://svelte.dev/e/ownership_invalid_mutation
2026-10-05T23:58:36.3739944Z 2026-10-05T23:58:36.373Z pw:browser [pid=2829][err] [1005/235836.373877:INFO:CONSOLE:1222] "%c[svelte] ownership_invalid_mutation
2026-10-05T23:58:36.3741594Z 2026-10-05T23:58:36.373Z pw:browser [pid=2829][err] %cMutating unbound props (`editorFrameRef`, at src/​lib/​media/​FocalPointEditor.svelte:18:96) is strongly discouraged. Consider using `bind:editorFrameRef={...}` in src/lib/media/MediaDetails.svelte (or using a callback) instead
2026-10-05T23:58:36.3743083Z 2026-10-05T23:58:36.373Z pw:browser [pid=2829][err] https://svelte.dev/e/ownership_invalid_mutation font-weight: bold font-weight: normal", source: http://localhost:63315/__vitest_browser__/tester-BJtsJFpD.js (1222)
2026-10-05T23:58:36.3745725Z [90mstderr[2m | parity/emdash/media-admin-editor/source/packages/admin/tests/components/MediaDetailPanel.test.tsx[2m > [22m[2mMediaDetailPanel[2m > [22m[2mcreates a distinct cropped copy and closes the source dialog after success
2026-10-05T23:58:36.3746595Z [22m[39m[svelte] ownership_invalid_mutation
2026-10-05T23:58:36.3747577Z Mutating unbound props (`editorFrameRef`, at src/​lib/​media/​FocalPointEditor.svelte:18:96) is strongly discouraged. Consider using `bind:editorFrameRef={...}` in src/lib/media/MediaDetails.svelte (or using a callback) instead
2026-10-05T23:58:36.3748304Z https://svelte.dev/e/ownership_invalid_mutation
2026-10-05T23:58:36.3748800Z 2026-10-05T23:58:36.374Z pw:browser [pid=2829][err] [1005/235836.374465:INFO:CONSOLE:1222] "%c[svelte] derived_inert
2026-10-05T23:58:36.3749492Z 2026-10-05T23:58:36.374Z pw:browser [pid=2829][err] %cReading a derived belonging to a now-destroyed effect may result in stale values
2026-10-05T23:58:36.3750821Z 2026-10-05T23:58:36.374Z pw:browser [pid=2829][err] https://svelte.dev/e/derived_inert font-weight: bold font-weight: normal", source: http://localhost:63315/__vitest_browser__/tester-BJtsJFpD.js (1222)
2026-10-05T23:58:36.3752328Z [90mstderr[2m | parity/emdash/media-admin-editor/source/packages/admin/tests/components/MediaDetailPanel.test.tsx[2m > [22m[2mMediaDetailPanel[2m > [22m[2mcreates a distinct cropped copy and closes the source dialog after success
2026-10-05T23:58:36.3753115Z [22m[39m[svelte] derived_inert
2026-10-05T23:58:36.3753507Z Reading a derived belonging to a now-destroyed effect may result in stale values
2026-10-05T23:58:36.3753881Z https://svelte.dev/e/derived_inert
2026-10-05T23:58:36.3769729Z 2026-10-05T23:58:36.376Z pw:browser [pid=2829][err] [1005/235836.376843:INFO:CONSOLE:1222] "%c[svelte] ownership_invalid_mutation
2026-10-05T23:58:36.3771430Z 2026-10-05T23:58:36.376Z pw:browser [pid=2829][err] %cMutating unbound props (`editorFrameRef`, at src/​lib/​media/​FocalPointEditor.svelte:18:32) is strongly discouraged. Consider using `bind:editorFrameRef={...}` in src/lib/media/MediaDetails.svelte (or using a callback) instead
2026-10-05T23:58:36.3773031Z 2026-10-05T23:58:36.376Z pw:browser [pid=2829][err] https://svelte.dev/e/ownership_invalid_mutation font-weight: bold font-weight: normal", source: http://localhost:63315/__vitest_browser__/tester-BJtsJFpD.js (1222)
2026-10-05T23:58:36.3780155Z [90mstderr[2m | parity/emdash/media-admin-editor/source/packages/admin/tests/components/MediaDetailPanel.test.tsx[2m > [22m[2mMediaDetailPanel[2m > [22m[2mcreates a distinct cropped copy and closes the source dialog after success
2026-10-05T23:58:36.3781382Z [22m[39m[svelte] ownership_invalid_mutation
2026-10-05T23:58:36.3782490Z Mutating unbound props (`editorFrameRef`, at src/​lib/​media/​FocalPointEditor.svelte:18:32) is strongly discouraged. Consider using `bind:editorFrameRef={...}` in src/lib/media/MediaDetails.svelte (or using a callback) instead
2026-10-05T23:58:36.3783327Z https://svelte.dev/e/ownership_invalid_mutation
2026-10-05T23:58:36.3792628Z 2026-10-05T23:58:36.379Z pw:browser [pid=2829][err] [1005/235836.379107:INFO:CONSOLE:1222] "%c[svelte] ownership_invalid_mutation
2026-10-05T23:58:36.3794267Z 2026-10-05T23:58:36.379Z pw:browser [pid=2829][err] %cMutating unbound props (`editorFrameRef`, at src/​lib/​media/​FocalPointEditor.svelte:18:96) is strongly discouraged. Consider using `bind:editorFrameRef={...}` in src/lib/media/MediaDetails.svelte (or using a callback) instead
2026-10-05T23:58:36.3795788Z 2026-10-05T23:58:36.379Z pw:browser [pid=2829][err] https://svelte.dev/e/ownership_invalid_mutation font-weight: bold font-weight: normal", source: http://localhost:63315/__vitest_browser__/tester-BJtsJFpD.js (1222)
2026-10-05T23:58:36.3796824Z [90mstderr[2m | parity/emdash/media-admin-editor/source/packages/admin/tests/components/MediaDetailPanel.test.tsx[2m > [22m[2mMediaDetailPanel[2m > [22m[2mcreates a distinct cropped copy and closes the source dialog after success
2026-10-05T23:58:36.3797361Z [22m[39m[svelte] ownership_invalid_mutation
2026-10-05T23:58:36.3798017Z Mutating unbound props (`editorFrameRef`, at src/​lib/​media/​FocalPointEditor.svelte:18:96) is strongly discouraged. Consider using `bind:editorFrameRef={...}` in src/lib/media/MediaDetails.svelte (or using a callback) instead
2026-10-05T23:58:36.3798604Z https://svelte.dev/e/ownership_invalid_mutation
2026-10-05T23:58:36.4843928Z 2026-10-05T23:58:36.484Z pw:browser [pid=2829][err] [1005/235836.484090:INFO:CONSOLE:1222] "Attempted to synchronously unmount a root while React was already rendering. React cannot finish unmounting the root until the current render has completed, which may lead to a race condition.", source: http://localhost:63315/__vitest_browser__/tester-BJtsJFpD.js (1222)
2026-10-05T23:58:36.4845992Z [90mstderr[2m | parity/emdash/media-admin-editor/source/packages/admin/tests/components/MediaDetailPanel.test.tsx[2m > [22m[2mMediaDetailPanel[2m > [22m[2mkeeps asset-management controls out of content workflows
2026-10-05T23:58:36.4847103Z [22m[39mAttempted to synchronously unmount a root while React was already rendering. React cannot finish unmounting the root until the current render has completed, which may lead to a race condition.
2026-10-05T23:58:36.4871741Z 2026-10-05T23:58:36.487Z pw:browser [pid=2829][err] [1005/235836.486926:INFO:CONSOLE:1222] "%c[svelte] ownership_invalid_mutation
2026-10-05T23:58:36.4873260Z 2026-10-05T23:58:36.487Z pw:browser [pid=2829][err] %cMutating unbound props (`editorFrameRef`, at src/​lib/​media/​FocalPointEditor.svelte:18:32) is strongly discouraged. Consider using `bind:editorFrameRef={...}` in src/lib/media/MediaDetails.svelte (or using a callback) instead
2026-10-05T23:58:36.4874202Z 2026-10-05T23:58:36.487Z pw:browser [pid=2829][err] https://svelte.dev/e/ownership_invalid_mutation font-weight: bold font-weight: normal", source: http://localhost:63315/__vitest_browser__/tester-BJtsJFpD.js (1222)
2026-10-05T23:58:36.4875116Z [90mstderr[2m | parity/emdash/media-admin-editor/source/packages/admin/tests/components/MediaDetailPanel.test.tsx[2m > [22m[2mMediaDetailPanel[2m > [22m[2mkeeps asset-management controls out of content workflows
2026-10-05T23:58:36.4875617Z [22m[39m[svelte] ownership_invalid_mutation
2026-10-05T23:58:36.4876269Z Mutating unbound props (`editorFrameRef`, at src/​lib/​media/​FocalPointEditor.svelte:18:32) is strongly discouraged. Consider using `bind:editorFrameRef={...}` in src/lib/media/MediaDetails.svelte (or using a callback) instead
2026-10-05T23:58:36.4876756Z https://svelte.dev/e/ownership_invalid_mutation
2026-10-05T23:58:36.4914085Z 2026-10-05T23:58:36.491Z pw:browser [pid=2829][err] [1005/235836.491221:INFO:CONSOLE:1222] "%c[svelte] ownership_invalid_mutation
2026-10-05T23:58:36.4915785Z 2026-10-05T23:58:36.491Z pw:browser [pid=2829][err] %cMutating unbound props (`editorFrameRef`, at src/​lib/​media/​FocalPointEditor.svelte:18:96) is strongly discouraged. Consider using `bind:editorFrameRef={...}` in src/lib/media/MediaDetails.svelte (or using a callback) instead
2026-10-05T23:58:36.4917350Z 2026-10-05T23:58:36.491Z pw:browser [pid=2829][err] https://svelte.dev/e/ownership_invalid_mutation font-weight: bold font-weight: normal", source: http://localhost:63315/__vitest_browser__/tester-BJtsJFpD.js (1222)
2026-10-05T23:58:36.4918555Z [90mstderr[2m | parity/emdash/media-admin-editor/source/packages/admin/tests/components/MediaDetailPanel.test.tsx[2m > [22m[2mMediaDetailPanel[2m > [22m[2mconfirms and replaces the original while keeping the dialog open
2026-10-05T23:58:36.4919158Z [22m[39m[svelte] ownership_invalid_mutation
2026-10-05T23:58:36.4919889Z Mutating unbound props (`editorFrameRef`, at src/​lib/​media/​FocalPointEditor.svelte:18:96) is strongly discouraged. Consider using `bind:editorFrameRef={...}` in src/lib/media/MediaDetails.svelte (or using a callback) instead
2026-10-05T23:58:36.4920527Z https://svelte.dev/e/ownership_invalid_mutation
2026-10-05T23:58:36.4942413Z 2026-10-05T23:58:36.494Z pw:browser [pid=2829][err] [1005/235836.494103:INFO:CONSOLE:1222] "%c[svelte] ownership_invalid_mutation
2026-10-05T23:58:36.4944017Z 2026-10-05T23:58:36.494Z pw:browser [pid=2829][err] %cMutating unbound props (`editorFrameRef`, at src/​lib/​media/​FocalPointEditor.svelte:18:32) is strongly discouraged. Consider using `bind:editorFrameRef={...}` in src/lib/media/MediaDetails.svelte (or using a callback) instead
2026-10-05T23:58:36.4945296Z 2026-10-05T23:58:36.494Z pw:browser [pid=2829][err] https://svelte.dev/e/ownership_invalid_mutation font-weight: bold font-weight: normal", source: http://localhost:63315/__vitest_browser__/tester-BJtsJFpD.js (1222)
2026-10-05T23:58:36.4955352Z [90mstderr[2m | parity/emdash/media-admin-editor/source/packages/admin/tests/components/MediaDetailPanel.test.tsx[2m > [22m[2mMediaDetailPanel[2m > [22m[2mconfirms and replaces the original while keeping the dialog open
2026-10-05T23:58:36.4956489Z [22m[39m[svelte] ownership_invalid_mutation
2026-10-05T23:58:36.4957597Z Mutating unbound props (`editorFrameRef`, at src/​lib/​media/​FocalPointEditor.svelte:18:32) is strongly discouraged. Consider using `bind:editorFrameRef={...}` in src/lib/media/MediaDetails.svelte (or using a callback) instead
2026-10-05T23:58:36.4958420Z https://svelte.dev/e/ownership_invalid_mutation
2026-10-05T23:58:36.4969731Z 2026-10-05T23:58:36.496Z pw:browser [pid=2829][err] [1005/235836.496729:INFO:CONSOLE:1222] "%c[svelte] ownership_invalid_mutation
2026-10-05T23:58:36.4971502Z 2026-10-05T23:58:36.496Z pw:browser [pid=2829][err] %cMutating unbound props (`editorFrameRef`, at src/​lib/​media/​FocalPointEditor.svelte:18:96) is strongly discouraged. Consider using `bind:editorFrameRef={...}` in src/lib/media/MediaDetails.svelte (or using a callback) instead
2026-10-05T23:58:36.4973012Z 2026-10-05T23:58:36.496Z pw:browser [pid=2829][err] https://svelte.dev/e/ownership_invalid_mutation font-weight: bold font-weight: normal", source: http://localhost:63315/__vitest_browser__/tester-BJtsJFpD.js (1222)
2026-10-05T23:58:36.4981491Z [90mstderr[2m | parity/emdash/media-admin-editor/source/packages/admin/tests/components/MediaDetailPanel.test.tsx[2m > [22m[2mMediaDetailPanel[2m > [22m[2mconfirms and replaces the original while keeping the dialog open
2026-10-05T23:58:36.4986333Z [22m[39m[svelte] ownership_invalid_mutation
2026-10-05T23:58:36.4987551Z Mutating unbound props (`editorFrameRef`, at src/​lib/​media/​FocalPointEditor.svelte:18:96) is strongly discouraged. Consider using `bind:editorFrameRef={...}` in src/lib/media/MediaDetails.svelte (or using a callback) instead
2026-10-05T23:58:36.4988468Z https://svelte.dev/e/ownership_invalid_mutation
2026-10-05T23:58:36.5183122Z 2026-10-05T23:58:36.518Z pw:browser [pid=2829][err] [1005/235836.518043:INFO:CONSOLE:1222] "%c[svelte] derived_inert
2026-10-05T23:58:36.5183651Z 2026-10-05T23:58:36.518Z pw:browser [pid=2829][err] %cReading a derived belonging to a now-destroyed effect may result in stale values
2026-10-05T23:58:36.5184514Z 2026-10-05T23:58:36.518Z pw:browser [pid=2829][err] https://svelte.dev/e/derived_inert font-weight: bold font-weight: normal", source: http://localhost:63315/__vitest_browser__/tester-BJtsJFpD.js (1222)
2026-10-05T23:58:36.5185747Z [90mstderr[2m | parity/emdash/media-admin-editor/source/packages/admin/tests/components/MediaDetailPanel.test.tsx[2m > [22m[2mMediaDetailPanel[2m > [22m[2mconfirms and replaces the original while keeping the dialog open
2026-10-05T23:58:36.5186308Z [22m[39m[svelte] derived_inert
2026-10-05T23:58:36.5186555Z Reading a derived belonging to a now-destroyed effect may result in stale values
2026-10-05T23:58:36.5186795Z https://svelte.dev/e/derived_inert
2026-10-05T23:58:36.6052244Z 2026-10-05T23:58:36.604Z pw:browser [pid=2829][err] [1005/235836.604847:INFO:CONSOLE:1222] "Attempted to synchronously unmount a root while React was already rendering. React cannot finish unmounting the root until the current render has completed, which may lead to a race condition.", source: http://localhost:63315/__vitest_browser__/tester-BJtsJFpD.js (1222)
2026-10-05T23:58:36.6063480Z [90mstderr[2m | parity/emdash/media-admin-editor/source/packages/admin/tests/components/MediaDetailPanel.test.tsx[2m > [22m[2mMediaDetailPanel[2m > [22m[2mkeeps a failed crop draft available for retry
2026-10-05T23:58:36.6064971Z [22m[39mAttempted to synchronously unmount a root while React was already rendering. React cannot finish unmounting the root until the current render has completed, which may lead to a race condition.
2026-10-05T23:58:36.6080796Z 2026-10-05T23:58:36.607Z pw:browser [pid=2829][err] [1005/235836.607920:INFO:CONSOLE:1222] "%c[svelte] ownership_invalid_mutation
2026-10-05T23:58:36.6082425Z 2026-10-05T23:58:36.608Z pw:browser [pid=2829][err] %cMutating unbound props (`editorFrameRef`, at src/​lib/​media/​FocalPointEditor.svelte:18:32) is strongly discouraged. Consider using `bind:editorFrameRef={...}` in src/lib/media/MediaDetails.svelte (or using a callback) instead
2026-10-05T23:58:36.6084415Z 2026-10-05T23:58:36.608Z pw:browser [pid=2829][err] https://svelte.dev/e/ownership_invalid_mutation font-weight: bold font-weight: normal", source: http://localhost:63315/__vitest_browser__/tester-BJtsJFpD.js (1222)
2026-10-05T23:58:36.6085532Z [90mstderr[2m | parity/emdash/media-admin-editor/source/packages/admin/tests/components/MediaDetailPanel.test.tsx[2m > [22m[2mMediaDetailPanel[2m > [22m[2mkeeps a failed crop draft available for retry
2026-10-05T23:58:36.6086080Z [22m[39m[svelte] ownership_invalid_mutation
2026-10-05T23:58:36.6086804Z Mutating unbound props (`editorFrameRef`, at src/​lib/​media/​FocalPointEditor.svelte:18:32) is strongly discouraged. Consider using `bind:editorFrameRef={...}` in src/lib/media/MediaDetails.svelte (or using a callback) instead
2026-10-05T23:58:36.6087353Z https://svelte.dev/e/ownership_invalid_mutation
2026-10-05T23:58:36.6116714Z 2026-10-05T23:58:36.611Z pw:browser [pid=2829][err] [1005/235836.611459:INFO:CONSOLE:1222] "%c[svelte] ownership_invalid_mutation
2026-10-05T23:58:36.6118330Z 2026-10-05T23:58:36.611Z pw:browser [pid=2829][err] %cMutating unbound props (`editorFrameRef`, at src/​lib/​media/​FocalPointEditor.svelte:18:96) is strongly discouraged. Consider using `bind:editorFrameRef={...}` in src/lib/media/MediaDetails.svelte (or using a callback) instead
2026-10-05T23:58:36.6119308Z 2026-10-05T23:58:36.611Z pw:browser [pid=2829][err] https://svelte.dev/e/ownership_invalid_mutation font-weight: bold font-weight: normal", source: http://localhost:63315/__vitest_browser__/tester-BJtsJFpD.js (1222)
2026-10-05T23:58:36.6120566Z [90mstderr[2m | parity/emdash/media-admin-editor/source/packages/admin/tests/components/MediaDetailPanel.test.tsx[2m > [22m[2mMediaDetailPanel[2m > [22m[2mkeeps a failed crop draft available for retry
2026-10-05T23:58:36.6121251Z [22m[39m[svelte] ownership_invalid_mutation
2026-10-05T23:58:36.6121891Z Mutating unbound props (`editorFrameRef`, at src/​lib/​media/​FocalPointEditor.svelte:18:96) is strongly discouraged. Consider using `bind:editorFrameRef={...}` in src/lib/media/MediaDetails.svelte (or using a callback) instead
2026-10-05T23:58:36.6122378Z https://svelte.dev/e/ownership_invalid_mutation
2026-10-05T23:58:36.7680151Z 2026-10-05T23:58:36.767Z pw:browser [pid=2829][err] [1005/235836.767696:INFO:CONSOLE:1222] "Attempted to synchronously unmount a root while React was already rendering. React cannot finish unmounting the root until the current render has completed, which may lead to a race condition.", source: http://localhost:63315/__vitest_browser__/tester-BJtsJFpD.js (1222)
2026-10-05T23:58:36.7686925Z [90mstderr[2m | parity/emdash/media-admin-editor/source/packages/admin/tests/components/MediaDetailPanel.test.tsx[2m > [22m[2mMediaDetailPanel[2m > [22m[2mreturns replacement failures to the crop panel with the draft intact
2026-10-05T23:58:36.7688402Z [22m[39mAttempted to synchronously unmount a root while React was already rendering. React cannot finish unmounting the root until the current render has completed, which may lead to a race condition.
2026-10-05T23:58:36.7704587Z 2026-10-05T23:58:36.770Z pw:browser [pid=2829][err] [1005/235836.770327:INFO:CONSOLE:1222] "%c[svelte] ownership_invalid_mutation
2026-10-05T23:58:36.7706404Z 2026-10-05T23:58:36.770Z pw:browser [pid=2829][err] %cMutating unbound props (`editorFrameRef`, at src/​lib/​media/​FocalPointEditor.svelte:18:32) is strongly discouraged. Consider using `bind:editorFrameRef={...}` in src/lib/media/MediaDetails.svelte (or using a callback) instead
2026-10-05T23:58:36.7707536Z 2026-10-05T23:58:36.770Z pw:browser [pid=2829][err] https://svelte.dev/e/ownership_invalid_mutation font-weight: bold font-weight: normal", source: http://localhost:63315/__vitest_browser__/tester-BJtsJFpD.js (1222)
2026-10-05T23:58:36.7708946Z [90mstderr[2m | parity/emdash/media-admin-editor/source/packages/admin/tests/components/MediaDetailPanel.test.tsx[2m > [22m[2mMediaDetailPanel[2m > [22m[2mreturns replacement failures to the crop panel with the draft intact
2026-10-05T23:58:36.7710009Z [22m[39m[svelte] ownership_invalid_mutation
2026-10-05T23:58:36.7711143Z Mutating unbound props (`editorFrameRef`, at src/​lib/​media/​FocalPointEditor.svelte:18:32) is strongly discouraged. Consider using `bind:editorFrameRef={...}` in src/lib/media/MediaDetails.svelte (or using a callback) instead
2026-10-05T23:58:36.7711901Z https://svelte.dev/e/ownership_invalid_mutation
2026-10-05T23:58:36.7727591Z 2026-10-05T23:58:36.772Z pw:browser [pid=2829][err] [1005/235836.772620:INFO:CONSOLE:1222] "%c[svelte] ownership_invalid_mutation
2026-10-05T23:58:36.7728682Z 2026-10-05T23:58:36.772Z pw:browser [pid=2829][err] %cMutating unbound props (`editorFrameRef`, at src/​lib/​media/​FocalPointEditor.svelte:18:96) is strongly discouraged. Consider using `bind:editorFrameRef={...}` in src/lib/media/MediaDetails.svelte (or using a callback) instead
2026-10-05T23:58:36.7729597Z 2026-10-05T23:58:36.772Z pw:browser [pid=2829][err] https://svelte.dev/e/ownership_invalid_mutation font-weight: bold font-weight: normal", source: http://localhost:63315/__vitest_browser__/tester-BJtsJFpD.js (1222)
2026-10-05T23:58:36.7753286Z [90mstderr[2m | parity/emdash/media-admin-editor/source/packages/admin/tests/components/MediaDetailPanel.test.tsx[2m > [22m[2mMediaDetailPanel[2m > [22m[2mreturns replacement failures to the crop panel with the draft intact
2026-10-05T23:58:36.7754142Z [22m[39m[svelte] ownership_invalid_mutation
2026-10-05T23:58:36.7755290Z Mutating unbound props (`editorFrameRef`, at src/​lib/​media/​FocalPointEditor.svelte:18:96) is strongly discouraged. Consider using `bind:editorFrameRef={...}` in src/lib/media/MediaDetails.svelte (or using a callback) instead
2026-10-05T23:58:36.7756291Z https://svelte.dev/e/ownership_invalid_mutation
2026-10-05T23:58:36.8784736Z 2026-10-05T23:58:36.878Z pw:browser [pid=2829][err] [1005/235836.878053:INFO:CONSOLE:1222] "Attempted to synchronously unmount a root while React was already rendering. React cannot finish unmounting the root until the current render has completed, which may lead to a race condition.", source: http://localhost:63315/__vitest_browser__/tester-BJtsJFpD.js (1222)
2026-10-05T23:58:36.8793419Z [90mstderr[2m | parity/emdash/media-admin-editor/source/packages/admin/tests/components/MediaDetailPanel.test.tsx[2m > [22m[2mMediaDetailPanel[2m > [22m[2mreports when the image is deleted while replacing the original
2026-10-05T23:58:36.8795045Z [22m[39mAttempted to synchronously unmount a root while React was already rendering. React cannot finish unmounting the root until the current render has completed, which may lead to a race condition.
2026-10-05T23:58:36.8810423Z 2026-10-05T23:58:36.880Z pw:browser [pid=2829][err] [1005/235836.880867:INFO:CONSOLE:1222] "%c[svelte] ownership_invalid_mutation
2026-10-05T23:58:36.8811960Z 2026-10-05T23:58:36.880Z pw:browser [pid=2829][err] %cMutating unbound props (`editorFrameRef`, at src/​lib/​media/​FocalPointEditor.svelte:18:32) is strongly discouraged. Consider using `bind:editorFrameRef={...}` in src/lib/media/MediaDetails.svelte (or using a callback) instead
2026-10-05T23:58:36.8813377Z 2026-10-05T23:58:36.880Z pw:browser [pid=2829][err] https://svelte.dev/e/ownership_invalid_mutation font-weight: bold font-weight: normal", source: http://localhost:63315/__vitest_browser__/tester-BJtsJFpD.js (1222)
2026-10-05T23:58:36.8815160Z [90mstderr[2m | parity/emdash/media-admin-editor/source/packages/admin/tests/components/MediaDetailPanel.test.tsx[2m > [22m[2mMediaDetailPanel[2m > [22m[2mreports when the image is deleted while replacing the original
2026-10-05T23:58:36.8816071Z [22m[39m[svelte] ownership_invalid_mutation
2026-10-05T23:58:36.8817238Z Mutating unbound props (`editorFrameRef`, at src/​lib/​media/​FocalPointEditor.svelte:18:32) is strongly discouraged. Consider using `bind:editorFrameRef={...}` in src/lib/media/MediaDetails.svelte (or using a callback) instead
2026-10-05T23:58:36.8818470Z https://svelte.dev/e/ownership_invalid_mutation
2026-10-05T23:58:36.8832935Z 2026-10-05T23:58:36.883Z pw:browser [pid=2829][err] [1005/235836.883174:INFO:CONSOLE:1222] "%c[svelte] ownership_invalid_mutation
2026-10-05T23:58:36.8834528Z 2026-10-05T23:58:36.883Z pw:browser [pid=2829][err] %cMutating unbound props (`editorFrameRef`, at src/​lib/​media/​FocalPointEditor.svelte:18:96) is strongly discouraged. Consider using `bind:editorFrameRef={...}` in src/lib/media/MediaDetails.svelte (or using a callback) instead
2026-10-05T23:58:36.8835919Z 2026-10-05T23:58:36.883Z pw:browser [pid=2829][err] https://svelte.dev/e/ownership_invalid_mutation font-weight: bold font-weight: normal", source: http://localhost:63315/__vitest_browser__/tester-BJtsJFpD.js (1222)
2026-10-05T23:58:36.8837127Z [90mstderr[2m | parity/emdash/media-admin-editor/source/packages/admin/tests/components/MediaDetailPanel.test.tsx[2m > [22m[2mMediaDetailPanel[2m > [22m[2mreports when the image is deleted while replacing the original
2026-10-05T23:58:36.8837799Z [22m[39m[svelte] ownership_invalid_mutation
2026-10-05T23:58:36.8838802Z Mutating unbound props (`editorFrameRef`, at src/​lib/​media/​FocalPointEditor.svelte:18:96) is strongly discouraged. Consider using `bind:editorFrameRef={...}` in src/lib/media/MediaDetails.svelte (or using a callback) instead
2026-10-05T23:58:36.8839289Z https://svelte.dev/e/ownership_invalid_mutation
2026-10-05T23:58:36.9882606Z 2026-10-05T23:58:36.988Z pw:browser [pid=2829][err] [1005/235836.987932:INFO:CONSOLE:1222] "Attempted to synchronously unmount a root while React was already rendering. React cannot finish unmounting the root until the current render has completed, which may lead to a race condition.", source: http://localhost:63315/__vitest_browser__/tester-BJtsJFpD.js (1222)
2026-10-05T23:58:36.9885073Z [90mstderr[2m | parity/emdash/media-admin-editor/source/packages/admin/tests/components/MediaDetailPanel.test.tsx[2m > [22m[2mMediaDetailPanel[2m > [22m[2mexplains that cropped WebP output is static
2026-10-05T23:58:36.9886549Z [22m[39mAttempted to synchronously unmount a root while React was already rendering. React cannot finish unmounting the root until the current render has completed, which may lead to a race condition.
2026-10-05T23:58:36.9908843Z 2026-10-05T23:58:36.990Z pw:browser [pid=2829][err] [1005/235836.990702:INFO:CONSOLE:1222] "%c[svelte] ownership_invalid_mutation
2026-10-05T23:58:36.9911405Z 2026-10-05T23:58:36.990Z pw:browser [pid=2829][err] %cMutating unbound props (`editorFrameRef`, at src/​lib/​media/​FocalPointEditor.svelte:18:32) is strongly discouraged. Consider using `bind:editorFrameRef={...}` in src/lib/media/MediaDetails.svelte (or using a callback) instead
2026-10-05T23:58:36.9912998Z 2026-10-05T23:58:36.990Z pw:browser [pid=2829][err] https://svelte.dev/e/ownership_invalid_mutation font-weight: bold font-weight: normal", source: http://localhost:63315/__vitest_browser__/tester-BJtsJFpD.js (1222)
2026-10-05T23:58:36.9914518Z [90mstderr[2m | parity/emdash/media-admin-editor/source/packages/admin/tests/components/MediaDetailPanel.test.tsx[2m > [22m[2mMediaDetailPanel[2m > [22m[2mexplains that cropped WebP output is static
2026-10-05T23:58:36.9915376Z [22m[39m[svelte] ownership_invalid_mutation
2026-10-05T23:58:36.9916560Z Mutating unbound props (`editorFrameRef`, at src/​lib/​media/​FocalPointEditor.svelte:18:32) is strongly discouraged. Consider using `bind:editorFrameRef={...}` in src/lib/media/MediaDetails.svelte (or using a callback) instead
2026-10-05T23:58:36.9917467Z https://svelte.dev/e/ownership_invalid_mutation
2026-10-05T23:58:36.9946221Z 2026-10-05T23:58:36.994Z pw:browser [pid=2829][err] [1005/235836.994437:INFO:CONSOLE:1222] "%c[svelte] ownership_invalid_mutation
2026-10-05T23:58:36.9948246Z 2026-10-05T23:58:36.994Z pw:browser [pid=2829][err] %cMutating unbound props (`editorFrameRef`, at src/​lib/​media/​FocalPointEditor.svelte:18:96) is strongly discouraged. Consider using `bind:editorFrameRef={...}` in src/lib/media/MediaDetails.svelte (or using a callback) instead
2026-10-05T23:58:36.9950761Z 2026-10-05T23:58:36.994Z pw:browser [pid=2829][err] https://svelte.dev/e/ownership_invalid_mutation font-weight: bold font-weight: normal", source: http://localhost:63315/__vitest_browser__/tester-BJtsJFpD.js (1222)
2026-10-05T23:58:36.9952321Z [90mstderr[2m | parity/emdash/media-admin-editor/source/packages/admin/tests/components/MediaDetailPanel.test.tsx[2m > [22m[2mMediaDetailPanel[2m > [22m[2mexplains that cropped WebP output is static
2026-10-05T23:58:36.9953152Z [22m[39m[svelte] ownership_invalid_mutation
2026-10-05T23:58:36.9954336Z Mutating unbound props (`editorFrameRef`, at src/​lib/​media/​FocalPointEditor.svelte:18:96) is strongly discouraged. Consider using `bind:editorFrameRef={...}` in src/lib/media/MediaDetails.svelte (or using a callback) instead
2026-10-05T23:58:36.9955252Z https://svelte.dev/e/ownership_invalid_mutation
2026-10-05T23:58:36.9977354Z 2026-10-05T23:58:36.997Z pw:browser [pid=2829][err] [1005/235836.997519:INFO:CONSOLE:1222] "Attempted to synchronously unmount a root while React was already rendering. React cannot finish unmounting the root until the current render has completed, which may lead to a race condition.", source: http://localhost:63315/__vitest_browser__/tester-BJtsJFpD.js (1222)
2026-10-05T23:58:36.9979200Z [90mstderr[2m | parity/emdash/media-admin-editor/source/packages/admin/tests/components/MediaDetailPanel.test.tsx[2m > [22m[2mMediaDetailPanel[2m > [22m[2mblocks repeated actions and dialog navigation while cropping
2026-10-05T23:58:36.9980855Z [22m[39mAttempted to synchronously unmount a root while React was already rendering. React cannot finish unmounting the root until the current render has completed, which may lead to a race condition.
2026-10-05T23:58:37.0002570Z 2026-10-05T23:58:37.000Z pw:browser [pid=2829][err] [1005/235837.000086:INFO:CONSOLE:1222] "%c[svelte] ownership_invalid_mutation
2026-10-05T23:58:37.0004571Z 2026-10-05T23:58:37.000Z pw:browser [pid=2829][err] %cMutating unbound props (`editorFrameRef`, at src/​lib/​media/​FocalPointEditor.svelte:18:32) is strongly discouraged. Consider using `bind:editorFrameRef={...}` in src/lib/media/MediaDetails.svelte (or using a callback) instead
2026-10-05T23:58:37.0006072Z 2026-10-05T23:58:37.000Z pw:browser [pid=2829][err] https://svelte.dev/e/ownership_invalid_mutation font-weight: bold font-weight: normal", source: http://localhost:63315/__vitest_browser__/tester-BJtsJFpD.js (1222)
2026-10-05T23:58:37.0007126Z [90mstderr[2m | parity/emdash/media-admin-editor/source/packages/admin/tests/components/MediaDetailPanel.test.tsx[2m > [22m[2mMediaDetailPanel[2m > [22m[2mblocks repeated actions and dialog navigation while cropping
2026-10-05T23:58:37.0007838Z [22m[39m[svelte] ownership_invalid_mutation
2026-10-05T23:58:37.0008677Z Mutating unbound props (`editorFrameRef`, at src/​lib/​media/​FocalPointEditor.svelte:18:32) is strongly discouraged. Consider using `bind:editorFrameRef={...}` in src/lib/media/MediaDetails.svelte (or using a callback) instead
2026-10-05T23:58:37.0009361Z https://svelte.dev/e/ownership_invalid_mutation
2026-10-05T23:58:37.0025576Z 2026-10-05T23:58:37.002Z pw:browser [pid=2829][err] [1005/235837.002358:INFO:CONSOLE:1222] "%c[svelte] ownership_invalid_mutation
2026-10-05T23:58:37.0027028Z 2026-10-05T23:58:37.002Z pw:browser [pid=2829][err] %cMutating unbound props (`editorFrameRef`, at src/​lib/​media/​FocalPointEditor.svelte:18:96) is strongly discouraged. Consider using `bind:editorFrameRef={...}` in src/lib/media/MediaDetails.svelte (or using a callback) instead
2026-10-05T23:58:37.0028285Z 2026-10-05T23:58:37.002Z pw:browser [pid=2829][err] https://svelte.dev/e/ownership_invalid_mutation font-weight: bold font-weight: normal", source: http://localhost:63315/__vitest_browser__/tester-BJtsJFpD.js (1222)
2026-10-05T23:58:37.0029723Z [90mstderr[2m | parity/emdash/media-admin-editor/source/packages/admin/tests/components/MediaDetailPanel.test.tsx[2m > [22m[2mMediaDetailPanel[2m > [22m[2mblocks repeated actions and dialog navigation while cropping
2026-10-05T23:58:37.0030629Z [22m[39m[svelte] ownership_invalid_mutation
2026-10-05T23:58:37.0031296Z Mutating unbound props (`editorFrameRef`, at src/​lib/​media/​FocalPointEditor.svelte:18:96) is strongly discouraged. Consider using `bind:editorFrameRef={...}` in src/lib/media/MediaDetails.svelte (or using a callback) instead
2026-10-05T23:58:37.0031798Z https://svelte.dev/e/ownership_invalid_mutation
2026-10-05T23:58:37.1577172Z 2026-10-05T23:58:37.157Z pw:browser [pid=2829][err] [1005/235837.157371:INFO:CONSOLE:1222] "Attempted to synchronously unmount a root while React was already rendering. React cannot finish unmounting the root until the current render has completed, which may lead to a race condition.", source: http://localhost:63315/__vitest_browser__/tester-BJtsJFpD.js (1222)
2026-10-05T23:58:37.1584058Z [90mstderr[2m | parity/emdash/media-admin-editor/source/packages/admin/tests/components/MediaDetailPanel.test.tsx[2m > [22m[2mMediaDetailPanel[2m > [22m[2mfalls back to the ordinary preview when the crop source cannot load
2026-10-05T23:58:37.1585531Z [22m[39mAttempted to synchronously unmount a root while React was already rendering. React cannot finish unmounting the root until the current render has completed, which may lead to a race condition.
2026-10-05T23:58:37.1602083Z 2026-10-05T23:58:37.160Z pw:browser [pid=2829][err] [1005/235837.160004:INFO:CONSOLE:1222] "%c[svelte] ownership_invalid_mutation
2026-10-05T23:58:37.1603909Z 2026-10-05T23:58:37.160Z pw:browser [pid=2829][err] %cMutating unbound props (`editorFrameRef`, at src/​lib/​media/​FocalPointEditor.svelte:18:32) is strongly discouraged. Consider using `bind:editorFrameRef={...}` in src/lib/media/MediaDetails.svelte (or using a callback) instead
2026-10-05T23:58:37.1607714Z 2026-10-05T23:58:37.160Z pw:browser [pid=2829][err] https://svelte.dev/e/ownership_invalid_mutation font-weight: bold font-weight: normal", source: http://localhost:63315/__vitest_browser__/tester-BJtsJFpD.js (1222)
2026-10-05T23:58:37.1609596Z [90mstderr[2m | parity/emdash/media-admin-editor/source/packages/admin/tests/components/MediaDetailPanel.test.tsx[2m > [22m[2mMediaDetailPanel[2m > [22m[2mfalls back to the ordinary preview when the crop source cannot load
2026-10-05T23:58:37.1610805Z [22m[39m[svelte] ownership_invalid_mutation
2026-10-05T23:58:37.1612149Z Mutating unbound props (`editorFrameRef`, at src/​lib/​media/​FocalPointEditor.svelte:18:32) is strongly discouraged. Consider using `bind:editorFrameRef={...}` in src/lib/media/MediaDetails.svelte (or using a callback) instead
2026-10-05T23:58:37.1613071Z https://svelte.dev/e/ownership_invalid_mutation
2026-10-05T23:58:37.1631732Z 2026-10-05T23:58:37.163Z pw:browser [pid=2829][err] [1005/235837.162937:INFO:CONSOLE:1222] "%c[svelte] ownership_invalid_mutation
2026-10-05T23:58:37.1633532Z 2026-10-05T23:58:37.163Z pw:browser [pid=2829][err] %cMutating unbound props (`editorFrameRef`, at src/​lib/​media/​FocalPointEditor.svelte:18:96) is strongly discouraged. Consider using `bind:editorFrameRef={...}` in src/lib/media/MediaDetails.svelte (or using a callback) instead
2026-10-05T23:58:37.1635302Z 2026-10-05T23:58:37.163Z pw:browser [pid=2829][err] https://svelte.dev/e/ownership_invalid_mutation font-weight: bold font-weight: normal", source: http://localhost:63315/__vitest_browser__/tester-BJtsJFpD.js (1222)
2026-10-05T23:58:37.1640704Z [90mstderr[2m | parity/emdash/media-admin-editor/source/packages/admin/tests/components/MediaDetailPanel.test.tsx[2m > [22m[2mMediaDetailPanel[2m > [22m[2mfalls back to the ordinary preview when the crop source cannot load
2026-10-05T23:58:37.1641835Z [22m[39m[svelte] ownership_invalid_mutation
2026-10-05T23:58:37.1643130Z Mutating unbound props (`editorFrameRef`, at src/​lib/​media/​FocalPointEditor.svelte:18:96) is strongly discouraged. Consider using `bind:editorFrameRef={...}` in src/lib/media/MediaDetails.svelte (or using a callback) instead
2026-10-05T23:58:37.1644107Z https://svelte.dev/e/ownership_invalid_mutation
2026-10-05T23:58:37.1650930Z 2026-10-05T23:58:37.164Z pw:browser [pid=2829][err] [1005/235837.164935:INFO:CONSOLE:1222] "%c[svelte] ownership_invalid_mutation
2026-10-05T23:58:37.1653393Z 2026-10-05T23:58:37.165Z pw:browser [pid=2829][err] %cMutating unbound props (`editorFrameRef`, at src/​lib/​media/​FocalPointEditor.svelte:18:32) is strongly discouraged. Consider using `bind:editorFrameRef={...}` in src/lib/media/MediaDetails.svelte (or using a callback) instead
2026-10-05T23:58:37.1655128Z 2026-10-05T23:58:37.165Z pw:browser [pid=2829][err] https://svelte.dev/e/ownership_invalid_mutation font-weight: bold font-weight: normal", source: http://localhost:63315/__vitest_browser__/tester-BJtsJFpD.js (1222)
2026-10-05T23:58:37.1657189Z [90mstderr[2m | parity/emdash/media-admin-editor/source/packages/admin/tests/components/MediaDetailPanel.test.tsx[2m > [22m[2mMediaDetailPanel[2m > [22m[2mfalls back to the ordinary preview when the crop source cannot load
2026-10-05T23:58:37.1658252Z [22m[39m[svelte] ownership_invalid_mutation
2026-10-05T23:58:37.1659516Z Mutating unbound props (`editorFrameRef`, at src/​lib/​media/​FocalPointEditor.svelte:18:32) is strongly discouraged. Consider using `bind:editorFrameRef={...}` in src/lib/media/MediaDetails.svelte (or using a callback) instead
2026-10-05T23:58:37.1660651Z https://svelte.dev/e/ownership_invalid_mutation
2026-10-05T23:58:37.1668278Z 2026-10-05T23:58:37.166Z pw:browser [pid=2829][err] [1005/235837.166701:INFO:CONSOLE:1222] "%c[svelte] ownership_invalid_mutation
2026-10-05T23:58:37.1669953Z 2026-10-05T23:58:37.166Z pw:browser [pid=2829][err] %cMutating unbound props (`editorFrameRef`, at src/​lib/​media/​FocalPointEditor.svelte:18:96) is strongly discouraged. Consider using `bind:editorFrameRef={...}` in src/lib/media/MediaDetails.svelte (or using a callback) instead
2026-10-05T23:58:37.1671973Z 2026-10-05T23:58:37.166Z pw:browser [pid=2829][err] https://svelte.dev/e/ownership_invalid_mutation font-weight: bold font-weight: normal", source: http://localhost:63315/__vitest_browser__/tester-BJtsJFpD.js (1222)
2026-10-05T23:58:37.1673606Z [90mstderr[2m | parity/emdash/media-admin-editor/source/packages/admin/tests/components/MediaDetailPanel.test.tsx[2m > [22m[2mMediaDetailPanel[2m > [22m[2mpreserves the focal-point draft while switching tabs
2026-10-05T23:58:37.1674483Z [22m[39m[svelte] ownership_invalid_mutation
2026-10-05T23:58:37.1675639Z Mutating unbound props (`editorFrameRef`, at src/​lib/​media/​FocalPointEditor.svelte:18:96) is strongly discouraged. Consider using `bind:editorFrameRef={...}` in src/lib/media/MediaDetails.svelte (or using a callback) instead
2026-10-05T23:58:37.1676514Z https://svelte.dev/e/ownership_invalid_mutation
2026-10-05T23:58:37.1677638Z [90mstderr[2m | parity/emdash/media-admin-editor/source/packages/admin/tests/components/MediaDetailPanel.test.tsx[2m > [22m[2mMediaDetailPanel[2m > [22m[2mpreserves the focal-point draft while switching tabs
2026-10-05T23:58:37.1678287Z [22m[39m[svelte] derived_inert
2026-10-05T23:58:37.1678551Z Reading a derived belonging to a now-destroyed effect may result in stale values
2026-10-05T23:58:37.1678861Z https://svelte.dev/e/derived_inert
2026-10-05T23:58:37.1679224Z 2026-10-05T23:58:37.167Z pw:browser [pid=2829][err] [1005/235837.167266:INFO:CONSOLE:1222] "%c[svelte] derived_inert
2026-10-05T23:58:37.1679860Z 2026-10-05T23:58:37.167Z pw:browser [pid=2829][err] %cReading a derived belonging to a now-destroyed effect may result in stale values
2026-10-05T23:58:37.1680736Z 2026-10-05T23:58:37.167Z pw:browser [pid=2829][err] https://svelte.dev/e/derived_inert font-weight: bold font-weight: normal", source: http://localhost:63315/__vitest_browser__/tester-BJtsJFpD.js (1222)
2026-10-05T23:58:37.1691247Z 2026-10-05T23:58:37.169Z pw:browser [pid=2829][err] [1005/235837.168980:INFO:CONSOLE:1222] "%c[svelte] ownership_invalid_mutation
2026-10-05T23:58:37.1693242Z 2026-10-05T23:58:37.169Z pw:browser [pid=2829][err] %cMutating unbound props (`editorFrameRef`, at src/​lib/​media/​FocalPointEditor.svelte:18:32) is strongly discouraged. Consider using `bind:editorFrameRef={...}` in src/lib/media/MediaDetails.svelte (or using a callback) instead
2026-10-05T23:58:37.1706541Z 2026-10-05T23:58:37.169Z pw:browser [pid=2829][err] https://svelte.dev/e/ownership_invalid_mutation font-weight: bold font-weight: normal", source: http://localhost:63315/__vitest_browser__/tester-BJtsJFpD.js (1222)
2026-10-05T23:58:37.1708407Z [90mstderr[2m | parity/emdash/media-admin-editor/source/packages/admin/tests/components/MediaDetailPanel.test.tsx[2m > [22m[2mMediaDetailPanel[2m > [22m[2mpreserves the focal-point draft while switching tabs
2026-10-05T23:58:37.1709391Z [22m[39m[svelte] ownership_invalid_mutation
2026-10-05T23:58:37.1710812Z Mutating unbound props (`editorFrameRef`, at src/​lib/​media/​FocalPointEditor.svelte:18:32) is strongly discouraged. Consider using `bind:editorFrameRef={...}` in src/lib/media/MediaDetails.svelte (or using a callback) instead
2026-10-05T23:58:37.1711825Z https://svelte.dev/e/ownership_invalid_mutation
2026-10-05T23:58:37.1714382Z 2026-10-05T23:58:37.171Z pw:browser [pid=2829][err] [1005/235837.171308:INFO:CONSOLE:1222] "%c[svelte] ownership_invalid_mutation
2026-10-05T23:58:37.1716149Z 2026-10-05T23:58:37.171Z pw:browser [pid=2829][err] %cMutating unbound props (`firstPreviewRef`, at src/​lib/​media/​FocalPointPreviews.svelte:8:33) is strongly discouraged. Consider using `bind:firstPreviewRef={...}` in src/lib/media/MediaDetails.svelte (or using a callback) instead
2026-10-05T23:58:37.1717967Z 2026-10-05T23:58:37.171Z pw:browser [pid=2829][err] https://svelte.dev/e/ownership_invalid_mutation font-weight: bold font-weight: normal", source: http://localhost:63315/__vitest_browser__/tester-BJtsJFpD.js (1222)
2026-10-05T23:58:37.1722879Z [90mstderr[2m | parity/emdash/media-admin-editor/source/packages/admin/tests/components/MediaDetailPanel.test.tsx[2m > [22m[2mMediaDetailPanel[2m > [22m[2mpreserves the focal-point draft while switching tabs
2026-10-05T23:58:37.1723521Z [22m[39m[svelte] ownership_invalid_mutation
2026-10-05T23:58:37.1724236Z Mutating unbound props (`firstPreviewRef`, at src/​lib/​media/​FocalPointPreviews.svelte:8:33) is strongly discouraged. Consider using `bind:firstPreviewRef={...}` in src/lib/media/MediaDetails.svelte (or using a callback) instead
2026-10-05T23:58:37.1724769Z https://svelte.dev/e/ownership_invalid_mutation
2026-10-05T23:58:37.1922964Z 2026-10-05T23:58:37.191Z pw:browser [pid=2829][err] [1005/235837.191397:INFO:CONSOLE:1222] "%c[svelte] ownership_invalid_mutation
2026-10-05T23:58:37.1931615Z 2026-10-05T23:58:37.191Z pw:browser [pid=2829][err] %cMutating unbound props (`firstPreviewRef`, at src/​lib/​media/​FocalPointPreviews.svelte:8:99) is strongly discouraged. Consider using `bind:firstPreviewRef={...}` in src/lib/media/MediaDetails.svelte (or using a callback) instead
2026-10-05T23:58:37.1932630Z 2026-10-05T23:58:37.191Z pw:browser [pid=2829][err] https://svelte.dev/e/ownership_invalid_mutation font-weight: bold font-weight: normal", source: http://localhost:63315/__vitest_browser__/tester-BJtsJFpD.js (1222)
2026-10-05T23:58:37.1933585Z [90mstderr[2m | parity/emdash/media-admin-editor/source/packages/admin/tests/components/MediaDetailPanel.test.tsx[2m > [22m[2mMediaDetailPanel[2m > [22m[2mpreserves the focal-point draft while switching tabs
2026-10-05T23:58:37.1934261Z [22m[39m[svelte] ownership_invalid_mutation
2026-10-05T23:58:37.1935285Z Mutating unbound props (`firstPreviewRef`, at src/​lib/​media/​FocalPointPreviews.svelte:8:99) is strongly discouraged. Consider using `bind:firstPreviewRef={...}` in src/lib/media/MediaDetails.svelte (or using a callback) instead
2026-10-05T23:58:37.1935904Z https://svelte.dev/e/ownership_invalid_mutation
2026-10-05T23:58:37.1943926Z 2026-10-05T23:58:37.194Z pw:browser [pid=2829][err] [1005/235837.194119:INFO:CONSOLE:1222] "%c[svelte] ownership_invalid_mutation
2026-10-05T23:58:37.1945720Z 2026-10-05T23:58:37.194Z pw:browser [pid=2829][err] %cMutating unbound props (`firstPreviewRef`, at src/​lib/​media/​FocalPointPreviews.svelte:8:33) is strongly discouraged. Consider using `bind:firstPreviewRef={...}` in src/lib/media/MediaDetails.svelte (or using a callback) instead
2026-10-05T23:58:37.1947164Z 2026-10-05T23:58:37.194Z pw:browser [pid=2829][err] https://svelte.dev/e/ownership_invalid_mutation font-weight: bold font-weight: normal", source: http://localhost:63315/__vitest_browser__/tester-BJtsJFpD.js (1222)
2026-10-05T23:58:37.1948454Z [90mstderr[2m | parity/emdash/media-admin-editor/source/packages/admin/tests/components/MediaDetailPanel.test.tsx[2m > [22m[2mMediaDetailPanel[2m > [22m[2mpreserves the focal-point draft while switching tabs
2026-10-05T23:58:37.1949045Z [22m[39m[svelte] ownership_invalid_mutation
2026-10-05T23:58:37.1950017Z Mutating unbound props (`firstPreviewRef`, at src/​lib/​media/​FocalPointPreviews.svelte:8:33) is strongly discouraged. Consider using `bind:firstPreviewRef={...}` in src/lib/media/MediaDetails.svelte (or using a callback) instead
2026-10-05T23:58:37.1950764Z https://svelte.dev/e/ownership_invalid_mutation
2026-10-05T23:58:37.1963058Z 2026-10-05T23:58:37.196Z pw:browser [pid=2829][err] [1005/235837.196141:INFO:CONSOLE:1222] "%c[svelte] ownership_invalid_mutation
2026-10-05T23:58:37.1964787Z 2026-10-05T23:58:37.196Z pw:browser [pid=2829][err] %cMutating unbound props (`editorFrameRef`, at src/​lib/​media/​FocalPointEditor.svelte:18:96) is strongly discouraged. Consider using `bind:editorFrameRef={...}` in src/lib/media/MediaDetails.svelte (or using a callback) instead
2026-10-05T23:58:37.1966468Z 2026-10-05T23:58:37.196Z pw:browser [pid=2829][err] https://svelte.dev/e/ownership_invalid_mutation font-weight: bold font-weight: normal", source: http://localhost:63315/__vitest_browser__/tester-BJtsJFpD.js (1222)
2026-10-05T23:58:37.1967710Z 2026-10-05T23:58:37.196Z pw:browser [pid=2829][err] [1005/235837.196503:INFO:CONSOLE:1222] "%c[svelte] ownership_invalid_mutation
2026-10-05T23:58:37.1969262Z 2026-10-05T23:58:37.196Z pw:browser [pid=2829][err] %cMutating unbound props (`firstPreviewRef`, at src/​lib/​media/​FocalPointPreviews.svelte:8:99) is strongly discouraged. Consider using `bind:firstPreviewRef={...}` in src/lib/media/MediaDetails.svelte (or using a callback) instead
2026-10-05T23:58:37.1970899Z 2026-10-05T23:58:37.196Z pw:browser [pid=2829][err] https://svelte.dev/e/ownership_invalid_mutation font-weight: bold font-weight: normal", source: http://localhost:63315/__vitest_browser__/tester-BJtsJFpD.js (1222)
2026-10-05T23:58:37.1973007Z [90mstderr[2m | parity/emdash/media-admin-editor/source/packages/admin/tests/components/MediaDetailPanel.test.tsx[2m > [22m[2mMediaDetailPanel[2m > [22m[2medits the focal point with the keyboard and saves only the focal pair
2026-10-05T23:58:37.1973852Z [22m[39m[svelte] ownership_invalid_mutation
2026-10-05T23:58:37.1974961Z Mutating unbound props (`editorFrameRef`, at src/​lib/​media/​FocalPointEditor.svelte:18:96) is strongly discouraged. Consider using `bind:editorFrameRef={...}` in src/lib/media/MediaDetails.svelte (or using a callback) instead
2026-10-05T23:58:37.1975824Z https://svelte.dev/e/ownership_invalid_mutation
2026-10-05T23:58:37.1977047Z [90mstderr[2m | parity/emdash/media-admin-editor/source/packages/admin/tests/components/MediaDetailPanel.test.tsx[2m > [22m[2mMediaDetailPanel[2m > [22m[2medits the focal point with the keyboard and saves only the focal pair
2026-10-05T23:58:37.1977951Z [22m[39m[svelte] ownership_invalid_mutation
2026-10-05T23:58:37.1979080Z Mutating unbound props (`firstPreviewRef`, at src/​lib/​media/​FocalPointPreviews.svelte:8:99) is strongly discouraged. Consider using `bind:firstPreviewRef={...}` in src/lib/media/MediaDetails.svelte (or using a callback) instead
2026-10-05T23:58:37.1979958Z https://svelte.dev/e/ownership_invalid_mutation
2026-10-05T23:58:37.1996251Z 2026-10-05T23:58:37.199Z pw:browser [pid=2829][err] [1005/235837.199486:INFO:CONSOLE:1222] "%c[svelte] ownership_invalid_mutation
2026-10-05T23:58:37.1998087Z 2026-10-05T23:58:37.199Z pw:browser [pid=2829][err] %cMutating unbound props (`editorFrameRef`, at src/​lib/​media/​FocalPointEditor.svelte:18:32) is strongly discouraged. Consider using `bind:editorFrameRef={...}` in src/lib/media/MediaDetails.svelte (or using a callback) instead
2026-10-05T23:58:37.1999912Z 2026-10-05T23:58:37.199Z pw:browser [pid=2829][err] https://svelte.dev/e/ownership_invalid_mutation font-weight: bold font-weight: normal", source: http://localhost:63315/__vitest_browser__/tester-BJtsJFpD.js (1222)
2026-10-05T23:58:37.2001688Z [90mstderr[2m | parity/emdash/media-admin-editor/source/packages/admin/tests/components/MediaDetailPanel.test.tsx[2m > [22m[2mMediaDetailPanel[2m > [22m[2medits the focal point with the keyboard and saves only the focal pair
2026-10-05T23:58:37.2002618Z [22m[39m[svelte] ownership_invalid_mutation
2026-10-05T23:58:37.2003807Z Mutating unbound props (`editorFrameRef`, at src/​lib/​media/​FocalPointEditor.svelte:18:32) is strongly discouraged. Consider using `bind:editorFrameRef={...}` in src/lib/media/MediaDetails.svelte (or using a callback) instead
2026-10-05T23:58:37.2004692Z https://svelte.dev/e/ownership_invalid_mutation
2026-10-05T23:58:37.2024796Z 2026-10-05T23:58:37.202Z pw:browser [pid=2829][err] [1005/235837.202326:INFO:CONSOLE:1222] "%c[svelte] ownership_invalid_mutation
2026-10-05T23:58:37.2026491Z 2026-10-05T23:58:37.202Z pw:browser [pid=2829][err] %cMutating unbound props (`firstPreviewRef`, at src/​lib/​media/​FocalPointPreviews.svelte:8:33) is strongly discouraged. Consider using `bind:firstPreviewRef={...}` in src/lib/media/MediaDetails.svelte (or using a callback) instead
2026-10-05T23:58:37.2029718Z 2026-10-05T23:58:37.202Z pw:browser [pid=2829][err] https://svelte.dev/e/ownership_invalid_mutation font-weight: bold font-weight: normal", source: http://localhost:63315/__vitest_browser__/tester-BJtsJFpD.js (1222)
2026-10-05T23:58:37.2033927Z [90mstderr[2m | parity/emdash/media-admin-editor/source/packages/admin/tests/components/MediaDetailPanel.test.tsx[2m > [22m[2mMediaDetailPanel[2m > [22m[2medits the focal point with the keyboard and saves only the focal pair
2026-10-05T23:58:37.2034923Z [22m[39m[svelte] ownership_invalid_mutation
2026-10-05T23:58:37.2036079Z Mutating unbound props (`firstPreviewRef`, at src/​lib/​media/​FocalPointPreviews.svelte:8:33) is strongly discouraged. Consider using `bind:firstPreviewRef={...}` in src/lib/media/MediaDetails.svelte (or using a callback) instead
2026-10-05T23:58:37.2036967Z https://svelte.dev/e/ownership_invalid_mutation
2026-10-05T23:58:37.2426352Z 2026-10-05T23:58:37.242Z pw:browser [pid=2829][err] [1005/235837.242356:INFO:CONSOLE:1222] "%c[svelte] ownership_invalid_mutation
2026-10-05T23:58:37.2428527Z 2026-10-05T23:58:37.242Z pw:browser [pid=2829][err] %cMutating unbound props (`editorFrameRef`, at src/​lib/​media/​FocalPointEditor.svelte:18:96) is strongly discouraged. Consider using `bind:editorFrameRef={...}` in src/lib/media/MediaDetails.svelte (or using a callback) instead
2026-10-05T23:58:37.2431814Z 2026-10-05T23:58:37.242Z pw:browser [pid=2829][err] https://svelte.dev/e/ownership_invalid_mutation font-weight: bold font-weight: normal", source: http://localhost:63315/__vitest_browser__/tester-BJtsJFpD.js (1222)
2026-10-05T23:58:37.2432947Z 2026-10-05T23:58:37.242Z pw:browser [pid=2829][err] [1005/235837.242728:INFO:CONSOLE:1222] "%c[svelte] ownership_invalid_mutation
2026-10-05T23:58:37.2434530Z 2026-10-05T23:58:37.242Z pw:browser [pid=2829][err] %cMutating unbound props (`firstPreviewRef`, at src/​lib/​media/​FocalPointPreviews.svelte:8:99) is strongly discouraged. Consider using `bind:firstPreviewRef={...}` in src/lib/media/MediaDetails.svelte (or using a callback) instead
2026-10-05T23:58:37.2436135Z 2026-10-05T23:58:37.242Z pw:browser [pid=2829][err] https://svelte.dev/e/ownership_invalid_mutation font-weight: bold font-weight: normal", source: http://localhost:63315/__vitest_browser__/tester-BJtsJFpD.js (1222)
2026-10-05T23:58:37.2437729Z [90mstderr[2m | parity/emdash/media-admin-editor/source/packages/admin/tests/components/MediaDetailPanel.test.tsx[2m > [22m[2mMediaDetailPanel[2m > [22m[2mkeeps the focal draft visible when saving fails
2026-10-05T23:58:37.2438893Z [22m[39m[svelte] ownership_invalid_mutation
2026-10-05T23:58:37.2439767Z Mutating unbound props (`editorFrameRef`, at src/​lib/​media/​FocalPointEditor.svelte:18:96) is strongly discouraged. Consider using `bind:editorFrameRef={...}` in src/lib/media/MediaDetails.svelte (or using a callback) instead
2026-10-05T23:58:37.2440449Z https://svelte.dev/e/ownership_invalid_mutation
2026-10-05T23:58:37.2441075Z [90mstderr[2m | parity/emdash/media-admin-editor/source/packages/admin/tests/components/MediaDetailPanel.test.tsx[2m > [22m[2mMediaDetailPanel[2m > [22m[2mkeeps the focal draft visible when saving fails
2026-10-05T23:58:37.2441565Z [22m[39m[svelte] ownership_invalid_mutation
2026-10-05T23:58:37.2442244Z Mutating unbound props (`firstPreviewRef`, at src/​lib/​media/​FocalPointPreviews.svelte:8:99) is strongly discouraged. Consider using `bind:firstPreviewRef={...}` in src/lib/media/MediaDetails.svelte (or using a callback) instead
2026-10-05T23:58:37.2442763Z https://svelte.dev/e/ownership_invalid_mutation
2026-10-05T23:58:37.2458526Z 2026-10-05T23:58:37.245Z pw:browser [pid=2829][err] [1005/235837.245472:INFO:CONSOLE:1222] "%c[svelte] ownership_invalid_mutation
2026-10-05T23:58:37.2460114Z 2026-10-05T23:58:37.245Z pw:browser [pid=2829][err] %cMutating unbound props (`editorFrameRef`, at src/​lib/​media/​FocalPointEditor.svelte:18:32) is strongly discouraged. Consider using `bind:editorFrameRef={...}` in src/lib/media/MediaDetails.svelte (or using a callback) instead
2026-10-05T23:58:37.2461447Z 2026-10-05T23:58:37.245Z pw:browser [pid=2829][err] https://svelte.dev/e/ownership_invalid_mutation font-weight: bold font-weight: normal", source: http://localhost:63315/__vitest_browser__/tester-BJtsJFpD.js (1222)
2026-10-05T23:58:37.2462342Z [90mstderr[2m | parity/emdash/media-admin-editor/source/packages/admin/tests/components/MediaDetailPanel.test.tsx[2m > [22m[2mMediaDetailPanel[2m > [22m[2mkeeps the focal draft visible when saving fails
2026-10-05T23:58:37.2462851Z [22m[39m[svelte] ownership_invalid_mutation
2026-10-05T23:58:37.2463518Z Mutating unbound props (`editorFrameRef`, at src/​lib/​media/​FocalPointEditor.svelte:18:32) is strongly discouraged. Consider using `bind:editorFrameRef={...}` in src/lib/media/MediaDetails.svelte (or using a callback) instead
2026-10-05T23:58:37.2464089Z https://svelte.dev/e/ownership_invalid_mutation
2026-10-05T23:58:37.2479169Z 2026-10-05T23:58:37.247Z pw:browser [pid=2829][err] [1005/235837.247779:INFO:CONSOLE:1222] "%c[svelte] ownership_invalid_mutation
2026-10-05T23:58:37.2480739Z 2026-10-05T23:58:37.247Z pw:browser [pid=2829][err] %cMutating unbound props (`firstPreviewRef`, at src/​lib/​media/​FocalPointPreviews.svelte:8:33) is strongly discouraged. Consider using `bind:firstPreviewRef={...}` in src/lib/media/MediaDetails.svelte (or using a callback) instead
2026-10-05T23:58:37.2481735Z 2026-10-05T23:58:37.247Z pw:browser [pid=2829][err] https://svelte.dev/e/ownership_invalid_mutation font-weight: bold font-weight: normal", source: http://localhost:63315/__vitest_browser__/tester-BJtsJFpD.js (1222)
2026-10-05T23:58:37.2484804Z [90mstderr[2m | parity/emdash/media-admin-editor/source/packages/admin/tests/components/MediaDetailPanel.test.tsx[2m > [22m[2mMediaDetailPanel[2m > [22m[2mkeeps the focal draft visible when saving fails
2026-10-05T23:58:37.2485607Z [22m[39m[svelte] ownership_invalid_mutation
2026-10-05T23:58:37.2486287Z Mutating unbound props (`firstPreviewRef`, at src/​lib/​media/​FocalPointPreviews.svelte:8:33) is strongly discouraged. Consider using `bind:firstPreviewRef={...}` in src/lib/media/MediaDetails.svelte (or using a callback) instead
2026-10-05T23:58:37.2486805Z https://svelte.dev/e/ownership_invalid_mutation
2026-10-05T23:58:37.3092423Z 2026-10-05T23:58:37.308Z pw:browser [pid=2829][err] [1005/235837.308922:INFO:CONSOLE:1222] "%c[svelte] ownership_invalid_mutation
2026-10-05T23:58:37.3094594Z 2026-10-05T23:58:37.309Z pw:browser [pid=2829][err] %cMutating unbound props (`editorFrameRef`, at src/​lib/​media/​FocalPointEditor.svelte:18:96) is strongly discouraged. Consider using `bind:editorFrameRef={...}` in src/lib/media/MediaDetails.svelte (or using a callback) instead
2026-10-05T23:58:37.3096105Z 2026-10-05T23:58:37.309Z pw:browser [pid=2829][err] https://svelte.dev/e/ownership_invalid_mutation font-weight: bold font-weight: normal", source: http://localhost:63315/__vitest_browser__/tester-BJtsJFpD.js (1222)
2026-10-05T23:58:37.3098120Z 2026-10-05T23:58:37.309Z pw:browser [pid=2829][err] [1005/235837.309255:INFO:CONSOLE:1222] "%c[svelte] ownership_invalid_mutation
2026-10-05T23:58:37.3099686Z 2026-10-05T23:58:37.309Z pw:browser [pid=2829][err] %cMutating unbound props (`firstPreviewRef`, at src/​lib/​media/​FocalPointPreviews.svelte:8:99) is strongly discouraged. Consider using `bind:firstPreviewRef={...}` in src/lib/media/MediaDetails.svelte (or using a callback) instead
2026-10-05T23:58:37.3101379Z 2026-10-05T23:58:37.309Z pw:browser [pid=2829][err] https://svelte.dev/e/ownership_invalid_mutation font-weight: bold font-weight: normal", source: http://localhost:63315/__vitest_browser__/tester-BJtsJFpD.js (1222)
2026-10-05T23:58:37.3105047Z [90mstderr[2m | parity/emdash/media-admin-editor/source/packages/admin/tests/components/MediaDetailPanel.test.tsx[2m > [22m[2mMediaDetailPanel[2m > [22m[2mkeeps one active pointer and clears it after cancellation or lost capture
2026-10-05T23:58:37.3105716Z [22m[39m[svelte] ownership_invalid_mutation
2026-10-05T23:58:37.3106380Z Mutating unbound props (`editorFrameRef`, at src/​lib/​media/​FocalPointEditor.svelte:18:96) is strongly discouraged. Consider using `bind:editorFrameRef={...}` in src/lib/media/MediaDetails.svelte (or using a callback) instead
2026-10-05T23:58:37.3107039Z https://svelte.dev/e/ownership_invalid_mutation
2026-10-05T23:58:37.3107713Z [90mstderr[2m | parity/emdash/media-admin-editor/source/packages/admin/tests/components/MediaDetailPanel.test.tsx[2m > [22m[2mMediaDetailPanel[2m > [22m[2mkeeps one active pointer and clears it after cancellation or lost capture
2026-10-05T23:58:37.3108238Z [22m[39m[svelte] ownership_invalid_mutation
2026-10-05T23:58:37.3108882Z Mutating unbound props (`firstPreviewRef`, at src/​lib/​media/​FocalPointPreviews.svelte:8:99) is strongly discouraged. Consider using `bind:firstPreviewRef={...}` in src/lib/media/MediaDetails.svelte (or using a callback) instead
2026-10-05T23:58:37.3109370Z https://svelte.dev/e/ownership_invalid_mutation
2026-10-05T23:58:37.3120059Z 2026-10-05T23:58:37.311Z pw:browser [pid=2829][err] [1005/235837.311885:INFO:CONSOLE:1222] "%c[svelte] ownership_invalid_mutation
2026-10-05T23:58:37.3121788Z 2026-10-05T23:58:37.311Z pw:browser [pid=2829][err] %cMutating unbound props (`editorFrameRef`, at src/​lib/​media/​FocalPointEditor.svelte:18:32) is strongly discouraged. Consider using `bind:editorFrameRef={...}` in src/lib/media/MediaDetails.svelte (or using a callback) instead
2026-10-05T23:58:37.3123473Z 2026-10-05T23:58:37.311Z pw:browser [pid=2829][err] https://svelte.dev/e/ownership_invalid_mutation font-weight: bold font-weight: normal", source: http://localhost:63315/__vitest_browser__/tester-BJtsJFpD.js (1222)
2026-10-05T23:58:37.3124759Z [90mstderr[2m | parity/emdash/media-admin-editor/source/packages/admin/tests/components/MediaDetailPanel.test.tsx[2m > [22m[2mMediaDetailPanel[2m > [22m[2mkeeps one active pointer and clears it after cancellation or lost capture
2026-10-05T23:58:37.3125279Z [22m[39m[svelte] ownership_invalid_mutation
2026-10-05T23:58:37.3125916Z Mutating unbound props (`editorFrameRef`, at src/​lib/​media/​FocalPointEditor.svelte:18:32) is strongly discouraged. Consider using `bind:editorFrameRef={...}` in src/lib/media/MediaDetails.svelte (or using a callback) instead
2026-10-05T23:58:37.3126406Z https://svelte.dev/e/ownership_invalid_mutation
2026-10-05T23:58:37.3142249Z 2026-10-05T23:58:37.314Z pw:browser [pid=2829][err] [1005/235837.314094:INFO:CONSOLE:1222] "%c[svelte] ownership_invalid_mutation
2026-10-05T23:58:37.3143859Z 2026-10-05T23:58:37.314Z pw:browser [pid=2829][err] %cMutating unbound props (`firstPreviewRef`, at src/​lib/​media/​FocalPointPreviews.svelte:8:33) is strongly discouraged. Consider using `bind:firstPreviewRef={...}` in src/lib/media/MediaDetails.svelte (or using a callback) instead
2026-10-05T23:58:37.3145399Z 2026-10-05T23:58:37.314Z pw:browser [pid=2829][err] https://svelte.dev/e/ownership_invalid_mutation font-weight: bold font-weight: normal", source: http://localhost:63315/__vitest_browser__/tester-BJtsJFpD.js (1222)
2026-10-05T23:58:37.3146371Z [90mstderr[2m | parity/emdash/media-admin-editor/source/packages/admin/tests/components/MediaDetailPanel.test.tsx[2m > [22m[2mMediaDetailPanel[2m > [22m[2mkeeps one active pointer and clears it after cancellation or lost capture
2026-10-05T23:58:37.3146893Z [22m[39m[svelte] ownership_invalid_mutation
2026-10-05T23:58:37.3147549Z Mutating unbound props (`firstPreviewRef`, at src/​lib/​media/​FocalPointPreviews.svelte:8:33) is strongly discouraged. Consider using `bind:firstPreviewRef={...}` in src/lib/media/MediaDetails.svelte (or using a callback) instead
2026-10-05T23:58:37.3148048Z https://svelte.dev/e/ownership_invalid_mutation
2026-10-05T23:58:37.4182382Z 2026-10-05T23:58:37.417Z pw:browser [pid=2829][err] [1005/235837.417903:INFO:CONSOLE:1222] "%c[svelte] ownership_invalid_mutation
2026-10-05T23:58:37.4184381Z 2026-10-05T23:58:37.417Z pw:browser [pid=2829][err] %cMutating unbound props (`editorFrameRef`, at src/​lib/​media/​FocalPointEditor.svelte:18:96) is strongly discouraged. Consider using `bind:editorFrameRef={...}` in src/lib/media/MediaDetails.svelte (or using a callback) instead
2026-10-05T23:58:37.4186665Z 2026-10-05T23:58:37.418Z pw:browser [pid=2829][err] https://svelte.dev/e/ownership_invalid_mutation font-weight: bold font-weight: normal", source: http://localhost:63315/__vitest_browser__/tester-BJtsJFpD.js (1222)
2026-10-05T23:58:37.4188300Z [90mstderr[2m | parity/emdash/media-admin-editor/source/packages/admin/tests/components/MediaDetailPanel.test.tsx[2m > [22m[2mMediaDetailPanel[2m > [22m[2mresets a custom focal point to the centered fallback
2026-10-05T23:58:37.4189334Z [22m[39m[svelte] ownership_invalid_mutation
2026-10-05T23:58:37.4192754Z Mutating unbound props (`editorFrameRef`, at src/​lib/​media/​FocalPointEditor.svelte:18:96) is strongly discouraged. Consider using `bind:editorFrameRef={...}` in src/lib/media/MediaDetails.svelte (or using a callback) instead
2026-10-05T23:58:37.4193748Z https://svelte.dev/e/ownership_invalid_mutation
2026-10-05T23:58:37.4194451Z 2026-10-05T23:58:37.418Z pw:browser [pid=2829][err] [1005/235837.418558:INFO:CONSOLE:1222] "%c[svelte] ownership_invalid_mutation
2026-10-05T23:58:37.4196109Z 2026-10-05T23:58:37.418Z pw:browser [pid=2829][err] %cMutating unbound props (`firstPreviewRef`, at src/​lib/​media/​FocalPointPreviews.svelte:8:99) is strongly discouraged. Consider using `bind:firstPreviewRef={...}` in src/lib/media/MediaDetails.svelte (or using a callback) instead
2026-10-05T23:58:37.4197935Z 2026-10-05T23:58:37.418Z pw:browser [pid=2829][err] https://svelte.dev/e/ownership_invalid_mutation font-weight: bold font-weight: normal", source: http://localhost:63315/__vitest_browser__/tester-BJtsJFpD.js (1222)
2026-10-05T23:58:37.4202637Z [90mstderr[2m | parity/emdash/media-admin-editor/source/packages/admin/tests/components/MediaDetailPanel.test.tsx[2m > [22m[2mMediaDetailPanel[2m > [22m[2mresets a custom focal point to the centered fallback
2026-10-05T23:58:37.4203167Z [22m[39m[svelte] ownership_invalid_mutation
2026-10-05T23:58:37.4203873Z Mutating unbound props (`firstPreviewRef`, at src/​lib/​media/​FocalPointPreviews.svelte:8:99) is strongly discouraged. Consider using `bind:firstPreviewRef={...}` in src/lib/media/MediaDetails.svelte (or using a callback) instead
2026-10-05T23:58:37.4204389Z https://svelte.dev/e/ownership_invalid_mutation
2026-10-05T23:58:37.4210340Z 2026-10-05T23:58:37.420Z pw:browser [pid=2829][err] [1005/235837.420911:INFO:CONSOLE:1222] "%c[svelte] ownership_invalid_mutation
2026-10-05T23:58:37.4211610Z 2026-10-05T23:58:37.420Z pw:browser [pid=2829][err] %cMutating unbound props (`editorFrameRef`, at src/​lib/​media/​FocalPointEditor.svelte:18:32) is strongly discouraged. Consider using `bind:editorFrameRef={...}` in src/lib/media/MediaDetails.svelte (or using a callback) instead
2026-10-05T23:58:37.4214235Z 2026-10-05T23:58:37.420Z pw:browser [pid=2829][err] https://svelte.dev/e/ownership_invalid_mutation font-weight: bold font-weight: normal", source: http://localhost:63315/__vitest_browser__/tester-BJtsJFpD.js (1222)
2026-10-05T23:58:37.4215404Z [90mstderr[2m | parity/emdash/media-admin-editor/source/packages/admin/tests/components/MediaDetailPanel.test.tsx[2m > [22m[2mMediaDetailPanel[2m > [22m[2mresets a custom focal point to the centered fallback
2026-10-05T23:58:37.4216047Z [22m[39m[svelte] ownership_invalid_mutation
2026-10-05T23:58:37.4217105Z Mutating unbound props (`editorFrameRef`, at src/​lib/​media/​FocalPointEditor.svelte:18:32) is strongly discouraged. Consider using `bind:editorFrameRef={...}` in src/lib/media/MediaDetails.svelte (or using a callback) instead
2026-10-05T23:58:37.4217596Z https://svelte.dev/e/ownership_invalid_mutation
2026-10-05T23:58:37.4232740Z 2026-10-05T23:58:37.423Z pw:browser [pid=2829][err] [1005/235837.423123:INFO:CONSOLE:1222] "%c[svelte] ownership_invalid_mutation
2026-10-05T23:58:37.4234237Z 2026-10-05T23:58:37.423Z pw:browser [pid=2829][err] %cMutating unbound props (`firstPreviewRef`, at src/​lib/​media/​FocalPointPreviews.svelte:8:33) is strongly discouraged. Consider using `bind:firstPreviewRef={...}` in src/lib/media/MediaDetails.svelte (or using a callback) instead
2026-10-05T23:58:37.4235986Z 2026-10-05T23:58:37.423Z pw:browser [pid=2829][err] https://svelte.dev/e/ownership_invalid_mutation font-weight: bold font-weight: normal", source: http://localhost:63315/__vitest_browser__/tester-BJtsJFpD.js (1222)
2026-10-05T23:58:37.4237070Z [90mstderr[2m | parity/emdash/media-admin-editor/source/packages/admin/tests/components/MediaDetailPanel.test.tsx[2m > [22m[2mMediaDetailPanel[2m > [22m[2mresets a custom focal point to the centered fallback
2026-10-05T23:58:37.4237554Z [22m[39m[svelte] ownership_invalid_mutation
2026-10-05T23:58:37.4238192Z Mutating unbound props (`firstPreviewRef`, at src/​lib/​media/​FocalPointPreviews.svelte:8:33) is strongly discouraged. Consider using `bind:firstPreviewRef={...}` in src/lib/media/MediaDetails.svelte (or using a callback) instead
2026-10-05T23:58:37.4238675Z https://svelte.dev/e/ownership_invalid_mutation
2026-10-05T23:58:37.4264445Z 2026-10-05T23:58:37.426Z pw:browser [pid=2829][err] [1005/235837.426318:INFO:CONSOLE:1222] "%c[svelte] ownership_invalid_mutation
2026-10-05T23:58:37.4265862Z 2026-10-05T23:58:37.426Z pw:browser [pid=2829][err] %cMutating unbound props (`editorFrameRef`, at src/​lib/​media/​FocalPointEditor.svelte:18:96) is strongly discouraged. Consider using `bind:editorFrameRef={...}` in src/lib/media/MediaDetails.svelte (or using a callback) instead
2026-10-05T23:58:37.4267497Z 2026-10-05T23:58:37.426Z pw:browser [pid=2829][err] https://svelte.dev/e/ownership_invalid_mutation font-weight: bold font-weight: normal", source: http://localhost:63315/__vitest_browser__/tester-BJtsJFpD.js (1222)
2026-10-05T23:58:37.4268633Z [90mstderr[2m | parity/emdash/media-admin-editor/source/packages/admin/tests/components/MediaDetailPanel.test.tsx[2m > [22m[2mMediaDetailPanel[2m > [22m[2mdoes not create unsaved changes by opening Focal point
2026-10-05T23:58:37.4269428Z [22m[39m[svelte] ownership_invalid_mutation
2026-10-05T23:58:37.4270165Z Mutating unbound props (`editorFrameRef`, at src/​lib/​media/​FocalPointEditor.svelte:18:96) is strongly discouraged. Consider using `bind:editorFrameRef={...}` in src/lib/media/MediaDetails.svelte (or using a callback) instead
2026-10-05T23:58:37.4270882Z https://svelte.dev/e/ownership_invalid_mutation
2026-10-05T23:58:37.4271626Z [90mstderr[2m | parity/emdash/media-admin-editor/source/packages/admin/tests/components/MediaDetailPanel.test.tsx[2m > [22m[2mMediaDetailPanel[2m > [22m[2mdoes not create unsaved changes by opening Focal point
2026-10-05T23:58:37.4272475Z [22m[39m[svelte] ownership_invalid_mutation
2026-10-05T23:58:37.4273632Z Mutating unbound props (`firstPreviewRef`, at src/​lib/​media/​FocalPointPreviews.svelte:8:99) is strongly discouraged. Consider using `bind:firstPreviewRef={...}` in src/lib/media/MediaDetails.svelte (or using a callback) instead
2026-10-05T23:58:37.4274451Z https://svelte.dev/e/ownership_invalid_mutation
2026-10-05T23:58:37.4276326Z 2026-10-05T23:58:37.427Z pw:browser [pid=2829][err] [1005/235837.427485:INFO:CONSOLE:1222] "%c[svelte] ownership_invalid_mutation
2026-10-05T23:58:37.4278535Z 2026-10-05T23:58:37.427Z pw:browser [pid=2829][err] %cMutating unbound props (`firstPreviewRef`, at src/​lib/​media/​FocalPointPreviews.svelte:8:99) is strongly discouraged. Consider using `bind:firstPreviewRef={...}` in src/lib/media/MediaDetails.svelte (or using a callback) instead
2026-10-05T23:58:37.4279590Z 2026-10-05T23:58:37.427Z pw:browser [pid=2829][err] https://svelte.dev/e/ownership_invalid_mutation font-weight: bold font-weight: normal", source: http://localhost:63315/__vitest_browser__/tester-BJtsJFpD.js (1222)
2026-10-05T23:58:37.4287646Z 2026-10-05T23:58:37.428Z pw:browser [pid=2829][err] [1005/235837.428643:INFO:CONSOLE:1222] "%c[svelte] ownership_invalid_mutation
2026-10-05T23:58:37.4289385Z 2026-10-05T23:58:37.428Z pw:browser [pid=2829][err] %cMutating unbound props (`editorFrameRef`, at src/​lib/​media/​FocalPointEditor.svelte:18:32) is strongly discouraged. Consider using `bind:editorFrameRef={...}` in src/lib/media/MediaDetails.svelte (or using a callback) instead
2026-10-05T23:58:37.4291072Z 2026-10-05T23:58:37.428Z pw:browser [pid=2829][err] https://svelte.dev/e/ownership_invalid_mutation font-weight: bold font-weight: normal", source: http://localhost:63315/__vitest_browser__/tester-BJtsJFpD.js (1222)
2026-10-05T23:58:37.4291961Z [90mstderr[2m | parity/emdash/media-admin-editor/source/packages/admin/tests/components/MediaDetailPanel.test.tsx[2m > [22m[2mMediaDetailPanel[2m > [22m[2mdoes not create unsaved changes by opening Focal point
2026-10-05T23:58:37.4292444Z [22m[39m[svelte] ownership_invalid_mutation
2026-10-05T23:58:37.4293066Z Mutating unbound props (`editorFrameRef`, at src/​lib/​media/​FocalPointEditor.svelte:18:32) is strongly discouraged. Consider using `bind:editorFrameRef={...}` in src/lib/media/MediaDetails.svelte (or using a callback) instead
2026-10-05T23:58:37.4293540Z https://svelte.dev/e/ownership_invalid_mutation
2026-10-05T23:58:37.4308677Z 2026-10-05T23:58:37.430Z pw:browser [pid=2829][err] [1005/235837.430680:INFO:CONSOLE:1222] "%c[svelte] ownership_invalid_mutation
2026-10-05T23:58:37.4310348Z 2026-10-05T23:58:37.430Z pw:browser [pid=2829][err] %cMutating unbound props (`firstPreviewRef`, at src/​lib/​media/​FocalPointPreviews.svelte:8:33) is strongly discouraged. Consider using `bind:firstPreviewRef={...}` in src/lib/media/MediaDetails.svelte (or using a callback) instead
2026-10-05T23:58:37.4311854Z 2026-10-05T23:58:37.430Z pw:browser [pid=2829][err] https://svelte.dev/e/ownership_invalid_mutation font-weight: bold font-weight: normal", source: http://localhost:63315/__vitest_browser__/tester-BJtsJFpD.js (1222)
2026-10-05T23:58:37.4312743Z [90mstderr[2m | parity/emdash/media-admin-editor/source/packages/admin/tests/components/MediaDetailPanel.test.tsx[2m > [22m[2mMediaDetailPanel[2m > [22m[2mdoes not create unsaved changes by opening Focal point
2026-10-05T23:58:37.4313227Z [22m[39m[svelte] ownership_invalid_mutation
2026-10-05T23:58:37.4313881Z Mutating unbound props (`firstPreviewRef`, at src/​lib/​media/​FocalPointPreviews.svelte:8:33) is strongly discouraged. Consider using `bind:firstPreviewRef={...}` in src/lib/media/MediaDetails.svelte (or using a callback) instead
2026-10-05T23:58:37.4314370Z https://svelte.dev/e/ownership_invalid_mutation
2026-10-05T23:58:37.4330902Z 2026-10-05T23:58:37.432Z pw:browser [pid=2829][err] [1005/235837.432936:INFO:CONSOLE:1222] "%c[svelte] ownership_invalid_mutation
2026-10-05T23:58:37.4332364Z 2026-10-05T23:58:37.433Z pw:browser [pid=2829][err] %cMutating unbound props (`editorFrameRef`, at src/​lib/​media/​FocalPointEditor.svelte:18:96) is strongly discouraged. Consider using `bind:editorFrameRef={...}` in src/lib/media/MediaDetails.svelte (or using a callback) instead
2026-10-05T23:58:37.4333881Z 2026-10-05T23:58:37.433Z pw:browser [pid=2829][err] https://svelte.dev/e/ownership_invalid_mutation font-weight: bold font-weight: normal", source: http://localhost:63315/__vitest_browser__/tester-BJtsJFpD.js (1222)
2026-10-05T23:58:37.4334921Z 2026-10-05T23:58:37.433Z pw:browser [pid=2829][err] [1005/235837.433270:INFO:CONSOLE:1222] "%c[svelte] ownership_invalid_mutation
2026-10-05T23:58:37.4339173Z 2026-10-05T23:58:37.433Z pw:browser [pid=2829][err] %cMutating unbound props (`firstPreviewRef`, at src/​lib/​media/​FocalPointPreviews.svelte:8:99) is strongly discouraged. Consider using `bind:firstPreviewRef={...}` in src/lib/media/MediaDetails.svelte (or using a callback) instead
2026-10-05T23:58:37.4340811Z 2026-10-05T23:58:37.433Z pw:browser [pid=2829][err] https://svelte.dev/e/ownership_invalid_mutation font-weight: bold font-weight: normal", source: http://localhost:63315/__vitest_browser__/tester-BJtsJFpD.js (1222)
2026-10-05T23:58:37.4341969Z [90mstderr[2m | parity/emdash/media-admin-editor/source/packages/admin/tests/components/MediaDetailPanel.test.tsx[2m > [22m[2mMediaDetailPanel[2m > [22m[2mdoes not show image preview for non-image mimeTypes
2026-10-05T23:58:37.4342459Z [22m[39m[svelte] ownership_invalid_mutation
2026-10-05T23:58:37.4343239Z Mutating unbound props (`editorFrameRef`, at src/​lib/​media/​FocalPointEditor.svelte:18:96) is strongly discouraged. Consider using `bind:editorFrameRef={...}` in src/lib/media/MediaDetails.svelte (or using a callback) instead
2026-10-05T23:58:37.4343722Z https://svelte.dev/e/ownership_invalid_mutation
2026-10-05T23:58:37.4344332Z [90mstderr[2m | parity/emdash/media-admin-editor/source/packages/admin/tests/components/MediaDetailPanel.test.tsx[2m > [22m[2mMediaDetailPanel[2m > [22m[2mdoes not show image preview for non-image mimeTypes
2026-10-05T23:58:37.4344804Z [22m[39m[svelte] ownership_invalid_mutation
2026-10-05T23:58:37.4345439Z Mutating unbound props (`firstPreviewRef`, at src/​lib/​media/​FocalPointPreviews.svelte:8:99) is strongly discouraged. Consider using `bind:firstPreviewRef={...}` in src/lib/media/MediaDetails.svelte (or using a callback) instead
2026-10-05T23:58:37.4346044Z https://svelte.dev/e/ownership_invalid_mutation
2026-10-05T23:58:37.4374800Z 2026-10-05T23:58:37.437Z pw:browser [pid=2829][err] [1005/235837.437350:INFO:CONSOLE:1222] "%c[svelte] ownership_invalid_mutation
2026-10-05T23:58:37.4376015Z 2026-10-05T23:58:37.437Z pw:browser [pid=2829][err] %cMutating unbound props (`editorFrameRef`, at src/​lib/​media/​FocalPointEditor.svelte:18:32) is strongly discouraged. Consider using `bind:editorFrameRef={...}` in src/lib/media/MediaDetails.svelte (or using a callback) instead
2026-10-05T23:58:37.4377613Z 2026-10-05T23:58:37.437Z pw:browser [pid=2829][err] https://svelte.dev/e/ownership_invalid_mutation font-weight: bold font-weight: normal", source: http://localhost:63315/__vitest_browser__/tester-BJtsJFpD.js (1222)
2026-10-05T23:58:37.4378966Z [90mstderr[2m | parity/emdash/media-admin-editor/source/packages/admin/tests/components/MediaDetailPanel.test.tsx[2m > [22m[2mMediaDetailPanel[2m > [22m[2malt text input is editable
2026-10-05T23:58:37.4379444Z [22m[39m[svelte] ownership_invalid_mutation
2026-10-05T23:58:37.4380084Z Mutating unbound props (`editorFrameRef`, at src/​lib/​media/​FocalPointEditor.svelte:18:32) is strongly discouraged. Consider using `bind:editorFrameRef={...}` in src/lib/media/MediaDetails.svelte (or using a callback) instead
2026-10-05T23:58:37.4380751Z https://svelte.dev/e/ownership_invalid_mutation
2026-10-05T23:58:37.4467736Z 2026-10-05T23:58:37.446Z pw:browser [pid=2829][err] [1005/235837.446507:INFO:CONSOLE:1222] "%c[svelte] ownership_invalid_mutation
2026-10-05T23:58:37.4469687Z 2026-10-05T23:58:37.446Z pw:browser [pid=2829][err] %cMutating unbound props (`editorFrameRef`, at src/​lib/​media/​FocalPointEditor.svelte:18:96) is strongly discouraged. Consider using `bind:editorFrameRef={...}` in src/lib/media/MediaDetails.svelte (or using a callback) instead
2026-10-05T23:58:37.4471721Z 2026-10-05T23:58:37.446Z pw:browser [pid=2829][err] https://svelte.dev/e/ownership_invalid_mutation font-weight: bold font-weight: normal", source: http://localhost:63315/__vitest_browser__/tester-BJtsJFpD.js (1222)
2026-10-05T23:58:37.4474935Z [90mstderr[2m | parity/emdash/media-admin-editor/source/packages/admin/tests/components/MediaDetailPanel.test.tsx[2m > [22m[2mMediaDetailPanel[2m > [22m[2mshows caption textarea only for images
2026-10-05T23:58:37.4475504Z [22m[39m[svelte] ownership_invalid_mutation
2026-10-05T23:58:37.4476642Z Mutating unbound props (`editorFrameRef`, at src/​lib/​media/​FocalPointEditor.svelte:18:96) is strongly discouraged. Consider using `bind:editorFrameRef={...}` in src/lib/media/MediaDetails.svelte (or using a callback) instead
2026-10-05T23:58:37.4477194Z https://svelte.dev/e/ownership_invalid_mutation
2026-10-05T23:58:37.4490452Z 2026-10-05T23:58:37.448Z pw:browser [pid=2829][err] [1005/235837.448822:INFO:CONSOLE:1222] "%c[svelte] ownership_invalid_mutation
2026-10-05T23:58:37.4491877Z 2026-10-05T23:58:37.448Z pw:browser [pid=2829][err] %cMutating unbound props (`editorFrameRef`, at src/​lib/​media/​FocalPointEditor.svelte:18:32) is strongly discouraged. Consider using `bind:editorFrameRef={...}` in src/lib/media/MediaDetails.svelte (or using a callback) instead
2026-10-05T23:58:37.4493387Z 2026-10-05T23:58:37.448Z pw:browser [pid=2829][err] https://svelte.dev/e/ownership_invalid_mutation font-weight: bold font-weight: normal", source: http://localhost:63315/__vitest_browser__/tester-BJtsJFpD.js (1222)
2026-10-05T23:58:37.4496163Z [90mstderr[2m | parity/emdash/media-admin-editor/source/packages/admin/tests/components/MediaDetailPanel.test.tsx[2m > [22m[2mMediaDetailPanel[2m > [22m[2mshows caption textarea only for images
2026-10-05T23:58:37.4496661Z [22m[39m[svelte] ownership_invalid_mutation
2026-10-05T23:58:37.4497558Z Mutating unbound props (`editorFrameRef`, at src/​lib/​media/​FocalPointEditor.svelte:18:32) is strongly discouraged. Consider using `bind:editorFrameRef={...}` in src/lib/media/MediaDetails.svelte (or using a callback) instead
2026-10-05T23:58:37.4498040Z https://svelte.dev/e/ownership_invalid_mutation
2026-10-05T23:58:37.4509854Z 2026-10-05T23:58:37.450Z pw:browser [pid=2829][err] [1005/235837.450849:INFO:CONSOLE:1222] "%c[svelte] ownership_invalid_mutation
2026-10-05T23:58:37.4511768Z 2026-10-05T23:58:37.450Z pw:browser [pid=2829][err] %cMutating unbound props (`editorFrameRef`, at src/​lib/​media/​FocalPointEditor.svelte:18:96) is strongly discouraged. Consider using `bind:editorFrameRef={...}` in src/lib/media/MediaDetails.svelte (or using a callback) instead
2026-10-05T23:58:37.4515803Z 2026-10-05T23:58:37.450Z pw:browser [pid=2829][err] https://svelte.dev/e/ownership_invalid_mutation font-weight: bold font-weight: normal", source: http://localhost:63315/__vitest_browser__/tester-BJtsJFpD.js (1222)
2026-10-05T23:58:37.4517078Z [90mstderr[2m | parity/emdash/media-admin-editor/source/packages/admin/tests/components/MediaDetailPanel.test.tsx[2m > [22m[2mMediaDetailPanel[2m > [22m[2mhides caption textarea for non-images
2026-10-05T23:58:37.4517713Z [22m[39m[svelte] ownership_invalid_mutation
2026-10-05T23:58:37.4518695Z Mutating unbound props (`editorFrameRef`, at src/​lib/​media/​FocalPointEditor.svelte:18:96) is strongly discouraged. Consider using `bind:editorFrameRef={...}` in src/lib/media/MediaDetails.svelte (or using a callback) instead
2026-10-05T23:58:37.4519326Z https://svelte.dev/e/ownership_invalid_mutation
2026-10-05T23:58:37.4550419Z 2026-10-05T23:58:37.454Z pw:browser [pid=2829][err] [1005/235837.454896:INFO:CONSOLE:1222] "%c[svelte] ownership_invalid_mutation
2026-10-05T23:58:37.4551967Z 2026-10-05T23:58:37.454Z pw:browser [pid=2829][err] %cMutating unbound props (`editorFrameRef`, at src/​lib/​media/​FocalPointEditor.svelte:18:32) is strongly discouraged. Consider using `bind:editorFrameRef={...}` in src/lib/media/MediaDetails.svelte (or using a callback) instead
2026-10-05T23:58:37.4553277Z 2026-10-05T23:58:37.454Z pw:browser [pid=2829][err] https://svelte.dev/e/ownership_invalid_mutation font-weight: bold font-weight: normal", source: http://localhost:63315/__vitest_browser__/tester-BJtsJFpD.js (1222)
2026-10-05T23:58:37.4556510Z [90mstderr[2m | parity/emdash/media-admin-editor/source/packages/admin/tests/components/MediaDetailPanel.test.tsx[2m > [22m[2mMediaDetailPanel[2m > [22m[2mfilename input is disabled with tooltip help
2026-10-05T23:58:37.4557067Z [22m[39m[svelte] ownership_invalid_mutation
2026-10-05T23:58:37.4558139Z Mutating unbound props (`editorFrameRef`, at src/​lib/​media/​FocalPointEditor.svelte:18:32) is strongly discouraged. Consider using `bind:editorFrameRef={...}` in src/lib/media/MediaDetails.svelte (or using a callback) instead
2026-10-05T23:58:37.4558627Z https://svelte.dev/e/ownership_invalid_mutation
2026-10-05T23:58:37.4579724Z 2026-10-05T23:58:37.457Z pw:browser [pid=2829][err] [1005/235837.457814:INFO:CONSOLE:1222] "%c[svelte] ownership_invalid_mutation
2026-10-05T23:58:37.4581584Z 2026-10-05T23:58:37.457Z pw:browser [pid=2829][err] %cMutating unbound props (`editorFrameRef`, at src/​lib/​media/​FocalPointEditor.svelte:18:96) is strongly discouraged. Consider using `bind:editorFrameRef={...}` in src/lib/media/MediaDetails.svelte (or using a callback) instead
2026-10-05T23:58:37.4583412Z 2026-10-05T23:58:37.457Z pw:browser [pid=2829][err] https://svelte.dev/e/ownership_invalid_mutation font-weight: bold font-weight: normal", source: http://localhost:63315/__vitest_browser__/tester-BJtsJFpD.js (1222)
2026-10-05T23:58:37.4598494Z 2026-10-05T23:58:37.459Z pw:browser [pid=2829][err] [1005/235837.459715:INFO:CONSOLE:1222] "%c[svelte] ownership_invalid_mutation
2026-10-05T23:58:37.4600125Z 2026-10-05T23:58:37.459Z pw:browser [pid=2829][err] %cMutating unbound props (`editorFrameRef`, at src/​lib/​media/​FocalPointEditor.svelte:18:32) is strongly discouraged. Consider using `bind:editorFrameRef={...}` in src/lib/media/MediaDetails.svelte (or using a callback) instead
2026-10-05T23:58:37.4601839Z 2026-10-05T23:58:37.459Z pw:browser [pid=2829][err] https://svelte.dev/e/ownership_invalid_mutation font-weight: bold font-weight: normal", source: http://localhost:63315/__vitest_browser__/tester-BJtsJFpD.js (1222)
2026-10-05T23:58:37.4603373Z [90mstderr[2m | parity/emdash/media-admin-editor/source/packages/admin/tests/components/MediaDetailPanel.test.tsx[2m > [22m[2mMediaDetailPanel[2m > [22m[2msave button is disabled when no changes
2026-10-05T23:58:37.4604214Z [22m[39m[svelte] ownership_invalid_mutation
2026-10-05T23:58:37.4605514Z Mutating unbound props (`editorFrameRef`, at src/​lib/​media/​FocalPointEditor.svelte:18:96) is strongly discouraged. Consider using `bind:editorFrameRef={...}` in src/lib/media/MediaDetails.svelte (or using a callback) instead
2026-10-05T23:58:37.4606302Z https://svelte.dev/e/ownership_invalid_mutation
2026-10-05T23:58:37.4607294Z [90mstderr[2m | parity/emdash/media-admin-editor/source/packages/admin/tests/components/MediaDetailPanel.test.tsx[2m > [22m[2mMediaDetailPanel[2m > [22m[2msave button is disabled when no changes
2026-10-05T23:58:37.4608078Z [22m[39m[svelte] ownership_invalid_mutation
2026-10-05T23:58:37.4609168Z Mutating unbound props (`editorFrameRef`, at src/​lib/​media/​FocalPointEditor.svelte:18:32) is strongly discouraged. Consider using `bind:editorFrameRef={...}` in src/lib/media/MediaDetails.svelte (or using a callback) instead
2026-10-05T23:58:37.4609968Z https://svelte.dev/e/ownership_invalid_mutation
2026-10-05T23:58:37.4617887Z 2026-10-05T23:58:37.461Z pw:browser [pid=2829][err] [1005/235837.461662:INFO:CONSOLE:1222] "%c[svelte] ownership_invalid_mutation
2026-10-05T23:58:37.4619489Z 2026-10-05T23:58:37.461Z pw:browser [pid=2829][err] %cMutating unbound props (`editorFrameRef`, at src/​lib/​media/​FocalPointEditor.svelte:18:96) is strongly discouraged. Consider using `bind:editorFrameRef={...}` in src/lib/media/MediaDetails.svelte (or using a callback) instead
2026-10-05T23:58:37.4621189Z 2026-10-05T23:58:37.461Z pw:browser [pid=2829][err] https://svelte.dev/e/ownership_invalid_mutation font-weight: bold font-weight: normal", source: http://localhost:63315/__vitest_browser__/tester-BJtsJFpD.js (1222)
2026-10-05T23:58:37.4622849Z [90mstderr[2m | parity/emdash/media-admin-editor/source/packages/admin/tests/components/MediaDetailPanel.test.tsx[2m > [22m[2mMediaDetailPanel[2m > [22m[2msave button is enabled after changing alt text
2026-10-05T23:58:37.4623693Z [22m[39m[svelte] ownership_invalid_mutation
2026-10-05T23:58:37.4624807Z Mutating unbound props (`editorFrameRef`, at src/​lib/​media/​FocalPointEditor.svelte:18:96) is strongly discouraged. Consider using `bind:editorFrameRef={...}` in src/lib/media/MediaDetails.svelte (or using a callback) instead
2026-10-05T23:58:37.4625630Z https://svelte.dev/e/ownership_invalid_mutation
2026-10-05T23:58:37.4634905Z 2026-10-05T23:58:37.463Z pw:browser [pid=2829][err] [1005/235837.463320:INFO:CONSOLE:1222] "%c[svelte] ownership_invalid_mutation
2026-10-05T23:58:37.4637200Z 2026-10-05T23:58:37.463Z pw:browser [pid=2829][err] %cMutating unbound props (`editorFrameRef`, at src/​lib/​media/​FocalPointEditor.svelte:18:32) is strongly discouraged. Consider using `bind:editorFrameRef={...}` in src/lib/media/MediaDetails.svelte (or using a callback) instead
2026-10-05T23:58:37.4639025Z 2026-10-05T23:58:37.463Z pw:browser [pid=2829][err] https://svelte.dev/e/ownership_invalid_mutation font-weight: bold font-weight: normal", source: http://localhost:63315/__vitest_browser__/tester-BJtsJFpD.js (1222)
2026-10-05T23:58:37.4640832Z [90mstderr[2m | parity/emdash/media-admin-editor/source/packages/admin/tests/components/MediaDetailPanel.test.tsx[2m > [22m[2mMediaDetailPanel[2m > [22m[2msave button is enabled after changing alt text
2026-10-05T23:58:37.4641649Z [22m[39m[svelte] ownership_invalid_mutation
2026-10-05T23:58:37.4642730Z Mutating unbound props (`editorFrameRef`, at src/​lib/​media/​FocalPointEditor.svelte:18:32) is strongly discouraged. Consider using `bind:editorFrameRef={...}` in src/lib/media/MediaDetails.svelte (or using a callback) instead
2026-10-05T23:58:37.4643537Z https://svelte.dev/e/ownership_invalid_mutation
2026-10-05T23:58:37.4702601Z 2026-10-05T23:58:37.470Z pw:browser [pid=2829][err] [1005/235837.470107:INFO:CONSOLE:1222] "%c[svelte] ownership_invalid_mutation
2026-10-05T23:58:37.4704007Z 2026-10-05T23:58:37.470Z pw:browser [pid=2829][err] %cMutating unbound props (`editorFrameRef`, at src/​lib/​media/​FocalPointEditor.svelte:18:96) is strongly discouraged. Consider using `bind:editorFrameRef={...}` in src/lib/media/MediaDetails.svelte (or using a callback) instead
2026-10-05T23:58:37.4705683Z 2026-10-05T23:58:37.470Z pw:browser [pid=2829][err] https://svelte.dev/e/ownership_invalid_mutation font-weight: bold font-weight: normal", source: http://localhost:63315/__vitest_browser__/tester-BJtsJFpD.js (1222)
2026-10-05T23:58:37.4706563Z [90mstderr[2m | parity/emdash/media-admin-editor/source/packages/admin/tests/components/MediaDetailPanel.test.tsx[2m > [22m[2mMediaDetailPanel[2m > [22m[2msave calls updateMedia with correct payload
2026-10-05T23:58:37.4707040Z [22m[39m[svelte] ownership_invalid_mutation
2026-10-05T23:58:37.4707701Z Mutating unbound props (`editorFrameRef`, at src/​lib/​media/​FocalPointEditor.svelte:18:96) is strongly discouraged. Consider using `bind:editorFrameRef={...}` in src/lib/media/MediaDetails.svelte (or using a callback) instead
2026-10-05T23:58:37.4708192Z https://svelte.dev/e/ownership_invalid_mutation
2026-10-05T23:58:37.4724608Z 2026-10-05T23:58:37.472Z pw:browser [pid=2829][err] [1005/235837.472314:INFO:CONSOLE:1222] "%c[svelte] ownership_invalid_mutation
2026-10-05T23:58:37.4726241Z 2026-10-05T23:58:37.472Z pw:browser [pid=2829][err] %cMutating unbound props (`editorFrameRef`, at src/​lib/​media/​FocalPointEditor.svelte:18:32) is strongly discouraged. Consider using `bind:editorFrameRef={...}` in src/lib/media/MediaDetails.svelte (or using a callback) instead
2026-10-05T23:58:37.4730339Z 2026-10-05T23:58:37.472Z pw:browser [pid=2829][err] https://svelte.dev/e/ownership_invalid_mutation font-weight: bold font-weight: normal", source: http://localhost:63315/__vitest_browser__/tester-BJtsJFpD.js (1222)
2026-10-05T23:58:37.4734377Z [90mstderr[2m | parity/emdash/media-admin-editor/source/packages/admin/tests/components/MediaDetailPanel.test.tsx[2m > [22m[2mMediaDetailPanel[2m > [22m[2msave calls updateMedia with correct payload
2026-10-05T23:58:37.4735169Z [22m[39m[svelte] ownership_invalid_mutation
2026-10-05T23:58:37.4736252Z Mutating unbound props (`editorFrameRef`, at src/​lib/​media/​FocalPointEditor.svelte:18:32) is strongly discouraged. Consider using `bind:editorFrameRef={...}` in src/lib/media/MediaDetails.svelte (or using a callback) instead
2026-10-05T23:58:37.4737078Z https://svelte.dev/e/ownership_invalid_mutation
2026-10-05T23:58:37.5356195Z 2026-10-05T23:58:37.535Z pw:browser [pid=2829][err] [1005/235837.535353:INFO:CONSOLE:1222] "%c[svelte] ownership_invalid_mutation
2026-10-05T23:58:37.5358232Z 2026-10-05T23:58:37.535Z pw:browser [pid=2829][err] %cMutating unbound props (`editorFrameRef`, at src/​lib/​media/​FocalPointEditor.svelte:18:96) is strongly discouraged. Consider using `bind:editorFrameRef={...}` in src/lib/media/MediaDetails.svelte (or using a callback) instead
2026-10-05T23:58:37.5360353Z 2026-10-05T23:58:37.535Z pw:browser [pid=2829][err] https://svelte.dev/e/ownership_invalid_mutation font-weight: bold font-weight: normal", source: http://localhost:63315/__vitest_browser__/tester-BJtsJFpD.js (1222)
2026-10-05T23:58:37.5362006Z [90mstderr[2m | parity/emdash/media-admin-editor/source/packages/admin/tests/components/MediaDetailPanel.test.tsx[2m > [22m[2mMediaDetailPanel[2m > [22m[2msaves empty strings when clearing alt text and caption
2026-10-05T23:58:37.5362973Z [22m[39m[svelte] ownership_invalid_mutation
2026-10-05T23:58:37.5364156Z Mutating unbound props (`editorFrameRef`, at src/​lib/​media/​FocalPointEditor.svelte:18:96) is strongly discouraged. Consider using `bind:editorFrameRef={...}` in src/lib/media/MediaDetails.svelte (or using a callback) instead
2026-10-05T23:58:37.5365085Z https://svelte.dev/e/ownership_invalid_mutation
2026-10-05T23:58:37.5378740Z 2026-10-05T23:58:37.537Z pw:browser [pid=2829][err] [1005/235837.537751:INFO:CONSOLE:1222] "%c[svelte] ownership_invalid_mutation
2026-10-05T23:58:37.5380602Z 2026-10-05T23:58:37.537Z pw:browser [pid=2829][err] %cMutating unbound props (`editorFrameRef`, at src/​lib/​media/​FocalPointEditor.svelte:18:32) is strongly discouraged. Consider using `bind:editorFrameRef={...}` in src/lib/media/MediaDetails.svelte (or using a callback) instead
2026-10-05T23:58:37.5382737Z 2026-10-05T23:58:37.537Z pw:browser [pid=2829][err] https://svelte.dev/e/ownership_invalid_mutation font-weight: bold font-weight: normal", source: http://localhost:63315/__vitest_browser__/tester-BJtsJFpD.js (1222)
2026-10-05T23:58:37.5384475Z [90mstderr[2m | parity/emdash/media-admin-editor/source/packages/admin/tests/components/MediaDetailPanel.test.tsx[2m > [22m[2mMediaDetailPanel[2m > [22m[2msaves empty strings when clearing alt text and caption
2026-10-05T23:58:37.5385476Z [22m[39m[svelte] ownership_invalid_mutation
2026-10-05T23:58:37.5386694Z Mutating unbound props (`editorFrameRef`, at src/​lib/​media/​FocalPointEditor.svelte:18:32) is strongly discouraged. Consider using `bind:editorFrameRef={...}` in src/lib/media/MediaDetails.svelte (or using a callback) instead
2026-10-05T23:58:37.5387625Z https://svelte.dev/e/ownership_invalid_mutation
2026-10-05T23:58:37.5750854Z 2026-10-05T23:58:37.574Z pw:browser [pid=2829][err] [1005/235837.574787:INFO:CONSOLE:1222] "%c[svelte] ownership_invalid_mutation
2026-10-05T23:58:37.5762185Z 2026-10-05T23:58:37.574Z pw:browser [pid=2829][err] %cMutating unbound props (`editorFrameRef`, at src/​lib/​media/​FocalPointEditor.svelte:18:96) is strongly discouraged. Consider using `bind:editorFrameRef={...}` in src/lib/media/MediaDetails.svelte (or using a callback) instead
2026-10-05T23:58:37.5763188Z 2026-10-05T23:58:37.574Z pw:browser [pid=2829][err] https://svelte.dev/e/ownership_invalid_mutation font-weight: bold font-weight: normal", source: http://localhost:63315/__vitest_browser__/tester-BJtsJFpD.js (1222)
2026-10-05T23:58:37.5764128Z [90mstderr[2m | parity/emdash/media-admin-editor/source/packages/admin/tests/components/MediaDetailPanel.test.tsx[2m > [22m[2mMediaDetailPanel[2m > [22m[2mdisables editing and closing while a save is pending
2026-10-05T23:58:37.5764641Z [22m[39m[svelte] ownership_invalid_mutation
2026-10-05T23:58:37.5765296Z Mutating unbound props (`editorFrameRef`, at src/​lib/​media/​FocalPointEditor.svelte:18:96) is strongly discouraged. Consider using `bind:editorFrameRef={...}` in src/lib/media/MediaDetails.svelte (or using a callback) instead
2026-10-05T23:58:37.5765819Z https://svelte.dev/e/ownership_invalid_mutation
2026-10-05T23:58:37.5778469Z 2026-10-05T23:58:37.577Z pw:browser [pid=2829][err] [1005/235837.577641:INFO:CONSOLE:1222] "%c[svelte] ownership_invalid_mutation
2026-10-05T23:58:37.5780347Z 2026-10-05T23:58:37.577Z pw:browser [pid=2829][err] %cMutating unbound props (`editorFrameRef`, at src/​lib/​media/​FocalPointEditor.svelte:18:32) is strongly discouraged. Consider using `bind:editorFrameRef={...}` in src/lib/media/MediaDetails.svelte (or using a callback) instead
2026-10-05T23:58:37.5782345Z 2026-10-05T23:58:37.577Z pw:browser [pid=2829][err] https://svelte.dev/e/ownership_invalid_mutation font-weight: bold font-weight: normal", source: http://localhost:63315/__vitest_browser__/tester-BJtsJFpD.js (1222)
2026-10-05T23:58:37.5784079Z [90mstderr[2m | parity/emdash/media-admin-editor/source/packages/admin/tests/components/MediaDetailPanel.test.tsx[2m > [22m[2mMediaDetailPanel[2m > [22m[2mdisables editing and closing while a save is pending
2026-10-05T23:58:37.5785439Z [22m[39m[svelte] ownership_invalid_mutation
2026-10-05T23:58:37.5786666Z Mutating unbound props (`editorFrameRef`, at src/​lib/​media/​FocalPointEditor.svelte:18:32) is strongly discouraged. Consider using `bind:editorFrameRef={...}` in src/lib/media/MediaDetails.svelte (or using a callback) instead
2026-10-05T23:58:37.5787550Z https://svelte.dev/e/ownership_invalid_mutation
2026-10-05T23:58:37.6390982Z 2026-10-05T23:58:37.638Z pw:browser [pid=2829][err] [1005/235837.638749:INFO:CONSOLE:1222] "%c[svelte] ownership_invalid_mutation
2026-10-05T23:58:37.6398511Z 2026-10-05T23:58:37.638Z pw:browser [pid=2829][err] %cMutating unbound props (`editorFrameRef`, at src/​lib/​media/​FocalPointEditor.svelte:18:96) is strongly discouraged. Consider using `bind:editorFrameRef={...}` in src/lib/media/MediaDetails.svelte (or using a callback) instead
2026-10-05T23:58:37.6400759Z 2026-10-05T23:58:37.639Z pw:browser [pid=2829][err] https://svelte.dev/e/ownership_invalid_mutation font-weight: bold font-weight: normal", source: http://localhost:63315/__vitest_browser__/tester-BJtsJFpD.js (1222)
2026-10-05T23:58:37.6404822Z [90mstderr[2m | parity/emdash/media-admin-editor/source/packages/admin/tests/components/MediaDetailPanel.test.tsx[2m > [22m[2mMediaDetailPanel[2m > [22m[2msaves dirty metadata with the keyboard shortcut
2026-10-05T23:58:37.6405530Z [22m[39m[svelte] ownership_invalid_mutation
2026-10-05T23:58:37.6406369Z Mutating unbound props (`editorFrameRef`, at src/​lib/​media/​FocalPointEditor.svelte:18:96) is strongly discouraged. Consider using `bind:editorFrameRef={...}` in src/lib/media/MediaDetails.svelte (or using a callback) instead
2026-10-05T23:58:37.6407276Z https://svelte.dev/e/ownership_invalid_mutation
2026-10-05T23:58:37.6424055Z 2026-10-05T23:58:37.642Z pw:browser [pid=2829][err] [1005/235837.642217:INFO:CONSOLE:1222] "%c[svelte] ownership_invalid_mutation
2026-10-05T23:58:37.6429156Z 2026-10-05T23:58:37.642Z pw:browser [pid=2829][err] %cMutating unbound props (`editorFrameRef`, at src/​lib/​media/​FocalPointEditor.svelte:18:32) is strongly discouraged. Consider using `bind:editorFrameRef={...}` in src/lib/media/MediaDetails.svelte (or using a callback) instead
2026-10-05T23:58:37.6430421Z 2026-10-05T23:58:37.642Z pw:browser [pid=2829][err] https://svelte.dev/e/ownership_invalid_mutation font-weight: bold font-weight: normal", source: http://localhost:63315/__vitest_browser__/tester-BJtsJFpD.js (1222)
2026-10-05T23:58:37.6431302Z [90mstderr[2m | parity/emdash/media-admin-editor/source/packages/admin/tests/components/MediaDetailPanel.test.tsx[2m > [22m[2mMediaDetailPanel[2m > [22m[2msaves dirty metadata with the keyboard shortcut
2026-10-05T23:58:37.6431778Z [22m[39m[svelte] ownership_invalid_mutation
2026-10-05T23:58:37.6432422Z Mutating unbound props (`editorFrameRef`, at src/​lib/​media/​FocalPointEditor.svelte:18:32) is strongly discouraged. Consider using `bind:editorFrameRef={...}` in src/lib/media/MediaDetails.svelte (or using a callback) instead
2026-10-05T23:58:37.6432908Z https://svelte.dev/e/ownership_invalid_mutation
2026-10-05T23:58:37.7020780Z 2026-10-05T23:58:37.701Z pw:browser [pid=2829][err] [1005/235837.701607:INFO:CONSOLE:1222] "%c[svelte] ownership_invalid_mutation
2026-10-05T23:58:37.7022466Z 2026-10-05T23:58:37.701Z pw:browser [pid=2829][err] %cMutating unbound props (`editorFrameRef`, at src/​lib/​media/​FocalPointEditor.svelte:18:96) is strongly discouraged. Consider using `bind:editorFrameRef={...}` in src/lib/media/MediaDetails.svelte (or using a callback) instead
2026-10-05T23:58:37.7023704Z 2026-10-05T23:58:37.701Z pw:browser [pid=2829][err] https://svelte.dev/e/ownership_invalid_mutation font-weight: bold font-weight: normal", source: http://localhost:63315/__vitest_browser__/tester-BJtsJFpD.js (1222)
2026-10-05T23:58:37.7024624Z [90mstderr[2m | parity/emdash/media-admin-editor/source/packages/admin/tests/components/MediaDetailPanel.test.tsx[2m > [22m[2mMediaDetailPanel[2m > [22m[2mloads bounded Location options only after the control opens
2026-10-05T23:58:37.7025143Z [22m[39m[svelte] ownership_invalid_mutation
2026-10-05T23:58:37.7025779Z Mutating unbound props (`editorFrameRef`, at src/​lib/​media/​FocalPointEditor.svelte:18:96) is strongly discouraged. Consider using `bind:editorFrameRef={...}` in src/lib/media/MediaDetails.svelte (or using a callback) instead
2026-10-05T23:58:37.7026268Z https://svelte.dev/e/ownership_invalid_mutation
2026-10-05T23:58:37.7048284Z 2026-10-05T23:58:37.704Z pw:browser [pid=2829][err] [1005/235837.704603:INFO:CONSOLE:1222] "%c[svelte] ownership_invalid_mutation
2026-10-05T23:58:37.7050629Z 2026-10-05T23:58:37.704Z pw:browser [pid=2829][err] %cMutating unbound props (`editorFrameRef`, at src/​lib/​media/​FocalPointEditor.svelte:18:32) is strongly discouraged. Consider using `bind:editorFrameRef={...}` in src/lib/media/MediaDetails.svelte (or using a callback) instead
2026-10-05T23:58:37.7052143Z 2026-10-05T23:58:37.704Z pw:browser [pid=2829][err] https://svelte.dev/e/ownership_invalid_mutation font-weight: bold font-weight: normal", source: http://localhost:63315/__vitest_browser__/tester-BJtsJFpD.js (1222)
2026-10-05T23:58:37.7053063Z [90mstderr[2m | parity/emdash/media-admin-editor/source/packages/admin/tests/components/MediaDetailPanel.test.tsx[2m > [22m[2mMediaDetailPanel[2m > [22m[2mloads bounded Location options only after the control opens
2026-10-05T23:58:37.7053561Z [22m[39m[svelte] ownership_invalid_mutation
2026-10-05T23:58:37.7054205Z Mutating unbound props (`editorFrameRef`, at src/​lib/​media/​FocalPointEditor.svelte:18:32) is strongly discouraged. Consider using `bind:editorFrameRef={...}` in src/lib/media/MediaDetails.svelte (or using a callback) instead
2026-10-05T23:58:37.7054687Z https://svelte.dev/e/ownership_invalid_mutation
2026-10-05T23:58:37.7611442Z 2026-10-05T23:58:37.760Z pw:browser [pid=2829][err] [1005/235837.760914:INFO:CONSOLE:1222] "%c[svelte] ownership_invalid_mutation
2026-10-05T23:58:37.7613062Z 2026-10-05T23:58:37.761Z pw:browser [pid=2829][err] %cMutating unbound props (`editorFrameRef`, at src/​lib/​media/​FocalPointEditor.svelte:18:96) is strongly discouraged. Consider using `bind:editorFrameRef={...}` in src/lib/media/MediaDetails.svelte (or using a callback) instead
2026-10-05T23:58:37.7614657Z 2026-10-05T23:58:37.761Z pw:browser [pid=2829][err] https://svelte.dev/e/ownership_invalid_mutation font-weight: bold font-weight: normal", source: http://localhost:63315/__vitest_browser__/tester-BJtsJFpD.js (1222)
2026-10-05T23:58:37.7616267Z [90mstderr[2m | parity/emdash/media-admin-editor/source/packages/admin/tests/components/MediaDetailPanel.test.tsx[2m > [22m[2mMediaDetailPanel[2m > [22m[2msaves image metadata and Location in one update
2026-10-05T23:58:37.7617033Z [22m[39m[svelte] ownership_invalid_mutation
2026-10-05T23:58:37.7617786Z Mutating unbound props (`editorFrameRef`, at src/​lib/​media/​FocalPointEditor.svelte:18:96) is strongly discouraged. Consider using `bind:editorFrameRef={...}` in src/lib/media/MediaDetails.svelte (or using a callback) instead
2026-10-05T23:58:37.7618328Z https://svelte.dev/e/ownership_invalid_mutation
2026-10-05T23:58:37.7639842Z 2026-10-05T23:58:37.763Z pw:browser [pid=2829][err] [1005/235837.763841:INFO:CONSOLE:1222] "%c[svelte] ownership_invalid_mutation
2026-10-05T23:58:37.7641685Z 2026-10-05T23:58:37.763Z pw:browser [pid=2829][err] %cMutating unbound props (`editorFrameRef`, at src/​lib/​media/​FocalPointEditor.svelte:18:32) is strongly discouraged. Consider using `bind:editorFrameRef={...}` in src/lib/media/MediaDetails.svelte (or using a callback) instead
2026-10-05T23:58:37.7642942Z 2026-10-05T23:58:37.763Z pw:browser [pid=2829][err] https://svelte.dev/e/ownership_invalid_mutation font-weight: bold font-weight: normal", source: http://localhost:63315/__vitest_browser__/tester-BJtsJFpD.js (1222)
2026-10-05T23:58:37.7653131Z [90mstderr[2m | parity/emdash/media-admin-editor/source/packages/admin/tests/components/MediaDetailPanel.test.tsx[2m > [22m[2mMediaDetailPanel[2m > [22m[2msaves image metadata and Location in one update
2026-10-05T23:58:37.7654078Z [22m[39m[svelte] ownership_invalid_mutation
2026-10-05T23:58:37.7656850Z Mutating unbound props (`editorFrameRef`, at src/​lib/​media/​FocalPointEditor.svelte:18:32) is strongly discouraged. Consider using `bind:editorFrameRef={...}` in src/lib/media/MediaDetails.svelte (or using a callback) instead
2026-10-05T23:58:37.7658396Z https://svelte.dev/e/ownership_invalid_mutation
2026-10-05T23:58:37.8248007Z 2026-10-05T23:58:37.824Z pw:browser [pid=2829][err] [1005/235837.824522:INFO:CONSOLE:1222] "%c[svelte] ownership_invalid_mutation
2026-10-05T23:58:37.8249845Z 2026-10-05T23:58:37.824Z pw:browser [pid=2829][err] %cMutating unbound props (`editorFrameRef`, at src/​lib/​media/​FocalPointEditor.svelte:18:96) is strongly discouraged. Consider using `bind:editorFrameRef={...}` in src/lib/media/MediaDetails.svelte (or using a callback) instead
2026-10-05T23:58:37.8251916Z 2026-10-05T23:58:37.824Z pw:browser [pid=2829][err] https://svelte.dev/e/ownership_invalid_mutation font-weight: bold font-weight: normal", source: http://localhost:63315/__vitest_browser__/tester-BJtsJFpD.js (1222)
2026-10-05T23:58:37.8253424Z [90mstderr[2m | parity/emdash/media-admin-editor/source/packages/admin/tests/components/MediaDetailPanel.test.tsx[2m > [22m[2mMediaDetailPanel[2m > [22m[2mdoes not overwrite Location during a metadata-only save
2026-10-05T23:58:37.8254229Z [22m[39m[svelte] ownership_invalid_mutation
2026-10-05T23:58:37.8255298Z Mutating unbound props (`editorFrameRef`, at src/​lib/​media/​FocalPointEditor.svelte:18:96) is strongly discouraged. Consider using `bind:editorFrameRef={...}` in src/lib/media/MediaDetails.svelte (or using a callback) instead
2026-10-05T23:58:37.8256109Z https://svelte.dev/e/ownership_invalid_mutation
2026-10-05T23:58:37.8274563Z 2026-10-05T23:58:37.827Z pw:browser [pid=2829][err] [1005/235837.827304:INFO:CONSOLE:1222] "%c[svelte] ownership_invalid_mutation
2026-10-05T23:58:37.8278417Z 2026-10-05T23:58:37.827Z pw:browser [pid=2829][err] %cMutating unbound props (`editorFrameRef`, at src/​lib/​media/​FocalPointEditor.svelte:18:32) is strongly discouraged. Consider using `bind:editorFrameRef={...}` in src/lib/media/MediaDetails.svelte (or using a callback) instead
2026-10-05T23:58:37.8279484Z 2026-10-05T23:58:37.827Z pw:browser [pid=2829][err] https://svelte.dev/e/ownership_invalid_mutation font-weight: bold font-weight: normal", source: http://localhost:63315/__vitest_browser__/tester-BJtsJFpD.js (1222)
2026-10-05T23:58:37.8280664Z [90mstderr[2m | parity/emdash/media-admin-editor/source/packages/admin/tests/components/MediaDetailPanel.test.tsx[2m > [22m[2mMediaDetailPanel[2m > [22m[2mdoes not overwrite Location during a metadata-only save
2026-10-05T23:58:37.8281227Z [22m[39m[svelte] ownership_invalid_mutation
2026-10-05T23:58:37.8281990Z Mutating unbound props (`editorFrameRef`, at src/​lib/​media/​FocalPointEditor.svelte:18:32) is strongly discouraged. Consider using `bind:editorFrameRef={...}` in src/lib/media/MediaDetails.svelte (or using a callback) instead
2026-10-05T23:58:37.8282865Z https://svelte.dev/e/ownership_invalid_mutation
2026-10-05T23:58:37.8351771Z 2026-10-05T23:58:37.835Z pw:browser [pid=2829][err] [1005/235837.834982:INFO:CONSOLE:1222] "%c[svelte] ownership_invalid_mutation
2026-10-05T23:58:37.8353442Z 2026-10-05T23:58:37.835Z pw:browser [pid=2829][err] %cMutating unbound props (`editorFrameRef`, at src/​lib/​media/​FocalPointEditor.svelte:18:96) is strongly discouraged. Consider using `bind:editorFrameRef={...}` in src/lib/media/MediaDetails.svelte (or using a callback) instead
2026-10-05T23:58:37.8355330Z 2026-10-05T23:58:37.835Z pw:browser [pid=2829][err] https://svelte.dev/e/ownership_invalid_mutation font-weight: bold font-weight: normal", source: http://localhost:63315/__vitest_browser__/tester-BJtsJFpD.js (1222)
2026-10-05T23:58:37.8362962Z [90mstderr[2m | parity/emdash/media-admin-editor/source/packages/admin/tests/components/MediaDetailPanel.test.tsx[2m > [22m[2mMediaDetailPanel[2m > [22m[2msearches Location independently and resets the search after selection
2026-10-05T23:58:37.8363850Z [22m[39m[svelte] ownership_invalid_mutation
2026-10-05T23:58:37.8364964Z Mutating unbound props (`editorFrameRef`, at src/​lib/​media/​FocalPointEditor.svelte:18:96) is strongly discouraged. Consider using `bind:editorFrameRef={...}` in src/lib/media/MediaDetails.svelte (or using a callback) instead
2026-10-05T23:58:37.8365778Z https://svelte.dev/e/ownership_invalid_mutation
2026-10-05T23:58:37.8372224Z 2026-10-05T23:58:37.837Z pw:browser [pid=2829][err] [1005/235837.837081:INFO:CONSOLE:1222] "%c[svelte] ownership_invalid_mutation
2026-10-05T23:58:37.8373619Z 2026-10-05T23:58:37.837Z pw:browser [pid=2829][err] %cMutating unbound props (`editorFrameRef`, at src/​lib/​media/​FocalPointEditor.svelte:18:32) is strongly discouraged. Consider using `bind:editorFrameRef={...}` in src/lib/media/MediaDetails.svelte (or using a callback) instead
2026-10-05T23:58:37.8374848Z 2026-10-05T23:58:37.837Z pw:browser [pid=2829][err] https://svelte.dev/e/ownership_invalid_mutation font-weight: bold font-weight: normal", source: http://localhost:63315/__vitest_browser__/tester-BJtsJFpD.js (1222)
2026-10-05T23:58:37.8382302Z [90mstderr[2m | parity/emdash/media-admin-editor/source/packages/admin/tests/components/MediaDetailPanel.test.tsx[2m > [22m[2mMediaDetailPanel[2m > [22m[2msearches Location independently and resets the search after selection
2026-10-05T23:58:37.8383218Z [22m[39m[svelte] ownership_invalid_mutation
2026-10-05T23:58:37.8384349Z Mutating unbound props (`editorFrameRef`, at src/​lib/​media/​FocalPointEditor.svelte:18:32) is strongly discouraged. Consider using `bind:editorFrameRef={...}` in src/lib/media/MediaDetails.svelte (or using a callback) instead
2026-10-05T23:58:37.8385184Z https://svelte.dev/e/ownership_invalid_mutation
2026-10-05T23:58:37.8550665Z 2026-10-05T23:58:37.854Z pw:browser [pid=2829][err] [1005/235837.854854:INFO:CONSOLE:1222] "%c[svelte] derived_inert
2026-10-05T23:58:37.8551334Z 2026-10-05T23:58:37.854Z pw:browser [pid=2829][err] %cReading a derived belonging to a now-destroyed effect may result in stale values
2026-10-05T23:58:37.8552840Z 2026-10-05T23:58:37.854Z pw:browser [pid=2829][err] https://svelte.dev/e/derived_inert font-weight: bold font-weight: normal", source: http://localhost:63315/__vitest_browser__/tester-BJtsJFpD.js (1222)
2026-10-05T23:58:37.8554201Z [90mstderr[2m | parity/emdash/media-admin-editor/source/packages/admin/tests/components/MediaDetailPanel.test.tsx[2m > [22m[2mMediaDetailPanel[2m > [22m[2msearches Location independently and resets the search after selection
2026-10-05T23:58:37.8554736Z [22m[39m[svelte] derived_inert
2026-10-05T23:58:37.8554979Z Reading a derived belonging to a now-destroyed effect may result in stale values
2026-10-05T23:58:37.8555283Z https://svelte.dev/e/derived_inert
2026-10-05T23:58:38.1511873Z 2026-10-05T23:58:38.151Z pw:browser [pid=2829][err] [1005/235838.150927:INFO:CONSOLE:1222] "%c[svelte] ownership_invalid_mutation
2026-10-05T23:58:38.1514394Z 2026-10-05T23:58:38.151Z pw:browser [pid=2829][err] %cMutating unbound props (`editorFrameRef`, at src/​lib/​media/​FocalPointEditor.svelte:18:96) is strongly discouraged. Consider using `bind:editorFrameRef={...}` in src/lib/media/MediaDetails.svelte (or using a callback) instead
2026-10-05T23:58:38.1515808Z 2026-10-05T23:58:38.151Z pw:browser [pid=2829][err] https://svelte.dev/e/ownership_invalid_mutation font-weight: bold font-weight: normal", source: http://localhost:63315/__vitest_browser__/tester-BJtsJFpD.js (1222)
2026-10-05T23:58:38.1517744Z [90mstderr[2m | parity/emdash/media-admin-editor/source/packages/admin/tests/components/MediaDetailPanel.test.tsx[2m > [22m[2mMediaDetailPanel[2m > [22m[2mignores duplicate Location saves while the first update is pending
2026-10-05T23:58:38.1518625Z [22m[39m[svelte] ownership_invalid_mutation
2026-10-05T23:58:38.1519562Z Mutating unbound props (`editorFrameRef`, at src/​lib/​media/​FocalPointEditor.svelte:18:96) is strongly discouraged. Consider using `bind:editorFrameRef={...}` in src/lib/media/MediaDetails.svelte (or using a callback) instead
2026-10-05T23:58:38.1520061Z https://svelte.dev/e/ownership_invalid_mutation
2026-10-05T23:58:38.1535054Z 2026-10-05T23:58:38.153Z pw:browser [pid=2829][err] [1005/235838.153382:INFO:CONSOLE:1222] "%c[svelte] ownership_invalid_mutation
2026-10-05T23:58:38.1536630Z 2026-10-05T23:58:38.153Z pw:browser [pid=2829][err] %cMutating unbound props (`editorFrameRef`, at src/​lib/​media/​FocalPointEditor.svelte:18:32) is strongly discouraged. Consider using `bind:editorFrameRef={...}` in src/lib/media/MediaDetails.svelte (or using a callback) instead
2026-10-05T23:58:38.1537822Z 2026-10-05T23:58:38.153Z pw:browser [pid=2829][err] https://svelte.dev/e/ownership_invalid_mutation font-weight: bold font-weight: normal", source: http://localhost:63315/__vitest_browser__/tester-BJtsJFpD.js (1222)
2026-10-05T23:58:38.1542566Z [90mstderr[2m | parity/emdash/media-admin-editor/source/packages/admin/tests/components/MediaDetailPanel.test.tsx[2m > [22m[2mMediaDetailPanel[2m > [22m[2mignores duplicate Location saves while the first update is pending
2026-10-05T23:58:38.1543416Z [22m[39m[svelte] ownership_invalid_mutation
2026-10-05T23:58:38.1544420Z Mutating unbound props (`editorFrameRef`, at src/​lib/​media/​FocalPointEditor.svelte:18:32) is strongly discouraged. Consider using `bind:editorFrameRef={...}` in src/lib/media/MediaDetails.svelte (or using a callback) instead
2026-10-05T23:58:38.1545028Z https://svelte.dev/e/ownership_invalid_mutation
2026-10-05T23:58:38.2086912Z 2026-10-05T23:58:38.208Z pw:browser [pid=2829][err] [1005/235838.208429:INFO:CONSOLE:1222] "%c[svelte] ownership_invalid_mutation
2026-10-05T23:58:38.2088792Z 2026-10-05T23:58:38.208Z pw:browser [pid=2829][err] %cMutating unbound props (`editorFrameRef`, at src/​lib/​media/​FocalPointEditor.svelte:18:96) is strongly discouraged. Consider using `bind:editorFrameRef={...}` in src/lib/media/MediaDetails.svelte (or using a callback) instead
2026-10-05T23:58:38.2090080Z 2026-10-05T23:58:38.208Z pw:browser [pid=2829][err] https://svelte.dev/e/ownership_invalid_mutation font-weight: bold font-weight: normal", source: http://localhost:63315/__vitest_browser__/tester-BJtsJFpD.js (1222)
2026-10-05T23:58:38.2311120Z 2026-10-05T23:58:38.230Z pw:browser [pid=2829][err] [1005/235838.230606:INFO:CONSOLE:1222] "%c[svelte] ownership_invalid_mutation
2026-10-05T23:58:38.2314013Z 2026-10-05T23:58:38.230Z pw:browser [pid=2829][err] %cMutating unbound props (`editorFrameRef`, at src/​lib/​media/​FocalPointEditor.svelte:18:32) is strongly discouraged. Consider using `bind:editorFrameRef={...}` in src/lib/media/MediaDetails.svelte (or using a callback) instead
2026-10-05T23:58:38.2315580Z 2026-10-05T23:58:38.230Z pw:browser [pid=2829][err] https://svelte.dev/e/ownership_invalid_mutation font-weight: bold font-weight: normal", source: http://localhost:63315/__vitest_browser__/tester-BJtsJFpD.js (1222)
2026-10-05T23:58:38.3355403Z 2026-10-05T23:58:38.335Z pw:browser [pid=2829][err] [1005/235838.335223:INFO:CONSOLE:1222] "%c[svelte] ownership_invalid_mutation
2026-10-05T23:58:38.3357518Z 2026-10-05T23:58:38.335Z pw:browser [pid=2829][err] %cMutating unbound props (`editorFrameRef`, at src/​lib/​media/​FocalPointEditor.svelte:18:96) is strongly discouraged. Consider using `bind:editorFrameRef={...}` in src/lib/media/MediaDetails.svelte (or using a callback) instead
2026-10-05T23:58:38.3359210Z 2026-10-05T23:58:38.335Z pw:browser [pid=2829][err] https://svelte.dev/e/ownership_invalid_mutation font-weight: bold font-weight: normal", source: http://localhost:63315/__vitest_browser__/tester-BJtsJFpD.js (1222)
2026-10-05T23:58:38.3379257Z 2026-10-05T23:58:38.337Z pw:browser [pid=2829][err] [1005/235838.337715:INFO:CONSOLE:1222] "%c[svelte] ownership_invalid_mutation
2026-10-05T23:58:38.3381084Z 2026-10-05T23:58:38.337Z pw:browser [pid=2829][err] %cMutating unbound props (`editorFrameRef`, at src/​lib/​media/​FocalPointEditor.svelte:18:32) is strongly discouraged. Consider using `bind:editorFrameRef={...}` in src/lib/media/MediaDetails.svelte (or using a callback) instead
2026-10-05T23:58:38.3382050Z 2026-10-05T23:58:38.337Z pw:browser [pid=2829][err] https://svelte.dev/e/ownership_invalid_mutation font-weight: bold font-weight: normal", source: http://localhost:63315/__vitest_browser__/tester-BJtsJFpD.js (1222)
2026-10-05T23:58:38.3402805Z 2026-10-05T23:58:38.340Z pw:browser [pid=2829][err] [1005/235838.340152:INFO:CONSOLE:1222] "%c[svelte] ownership_invalid_mutation
2026-10-05T23:58:38.3404422Z 2026-10-05T23:58:38.340Z pw:browser [pid=2829][err] %cMutating unbound props (`editorFrameRef`, at src/​lib/​media/​FocalPointEditor.svelte:18:96) is strongly discouraged. Consider using `bind:editorFrameRef={...}` in src/lib/media/MediaDetails.svelte (or using a callback) instead
2026-10-05T23:58:38.3406114Z 2026-10-05T23:58:38.340Z pw:browser [pid=2829][err] https://svelte.dev/e/ownership_invalid_mutation font-weight: bold font-weight: normal", source: http://localhost:63315/__vitest_browser__/tester-BJtsJFpD.js (1222)
2026-10-05T23:58:38.3424162Z 2026-10-05T23:58:38.342Z pw:browser [pid=2829][err] [1005/235838.342276:INFO:CONSOLE:1222] "%c[svelte] ownership_invalid_mutation
2026-10-05T23:58:38.3425782Z 2026-10-05T23:58:38.342Z pw:browser [pid=2829][err] %cMutating unbound props (`editorFrameRef`, at src/​lib/​media/​FocalPointEditor.svelte:18:32) is strongly discouraged. Consider using `bind:editorFrameRef={...}` in src/lib/media/MediaDetails.svelte (or using a callback) instead
2026-10-05T23:58:38.3427350Z 2026-10-05T23:58:38.342Z pw:browser [pid=2829][err] https://svelte.dev/e/ownership_invalid_mutation font-weight: bold font-weight: normal", source: http://localhost:63315/__vitest_browser__/tester-BJtsJFpD.js (1222)
2026-10-05T23:58:38.3958970Z 2026-10-05T23:58:38.395Z pw:browser [pid=2829][err] [1005/235838.395481:INFO:CONSOLE:1222] "%c[svelte] ownership_invalid_mutation
2026-10-05T23:58:38.3961107Z 2026-10-05T23:58:38.395Z pw:browser [pid=2829][err] %cMutating unbound props (`editorFrameRef`, at src/​lib/​media/​FocalPointEditor.svelte:18:96) is strongly discouraged. Consider using `bind:editorFrameRef={...}` in src/lib/media/MediaDetails.svelte (or using a callback) instead
2026-10-05T23:58:38.3962781Z 2026-10-05T23:58:38.395Z pw:browser [pid=2829][err] https://svelte.dev/e/ownership_invalid_mutation font-weight: bold font-weight: normal", source: http://localhost:63315/__vitest_browser__/tester-BJtsJFpD.js (1222)
2026-10-05T23:58:38.3984062Z 2026-10-05T23:58:38.398Z pw:browser [pid=2829][err] [1005/235838.398303:INFO:CONSOLE:1222] "%c[svelte] ownership_invalid_mutation
2026-10-05T23:58:38.3985613Z 2026-10-05T23:58:38.398Z pw:browser [pid=2829][err] %cMutating unbound props (`editorFrameRef`, at src/​lib/​media/​FocalPointEditor.svelte:18:32) is strongly discouraged. Consider using `bind:editorFrameRef={...}` in src/lib/media/MediaDetails.svelte (or using a callback) instead
2026-10-05T23:58:38.3987177Z 2026-10-05T23:58:38.398Z pw:browser [pid=2829][err] https://svelte.dev/e/ownership_invalid_mutation font-weight: bold font-weight: normal", source: http://localhost:63315/__vitest_browser__/tester-BJtsJFpD.js (1222)
2026-10-05T23:58:38.4531137Z 2026-10-05T23:58:38.452Z pw:browser [pid=2829][err] [1005/235838.452805:INFO:CONSOLE:1222] "%c[svelte] ownership_invalid_mutation
2026-10-05T23:58:38.4532818Z 2026-10-05T23:58:38.452Z pw:browser [pid=2829][err] %cMutating unbound props (`editorFrameRef`, at src/​lib/​media/​FocalPointEditor.svelte:18:96) is strongly discouraged. Consider using `bind:editorFrameRef={...}` in src/lib/media/MediaDetails.svelte (or using a callback) instead
2026-10-05T23:58:38.4534209Z 2026-10-05T23:58:38.452Z pw:browser [pid=2829][err] https://svelte.dev/e/ownership_invalid_mutation font-weight: bold font-weight: normal", source: http://localhost:63315/__vitest_browser__/tester-BJtsJFpD.js (1222)
2026-10-05T23:58:38.4552508Z 2026-10-05T23:58:38.455Z pw:browser [pid=2829][err] [1005/235838.455116:INFO:CONSOLE:1222] "%c[svelte] ownership_invalid_mutation
2026-10-05T23:58:38.4554548Z 2026-10-05T23:58:38.455Z pw:browser [pid=2829][err] %cMutating unbound props (`editorFrameRef`, at src/​lib/​media/​FocalPointEditor.svelte:18:32) is strongly discouraged. Consider using `bind:editorFrameRef={...}` in src/lib/media/MediaDetails.svelte (or using a callback) instead
2026-10-05T23:58:38.4555699Z 2026-10-05T23:58:38.455Z pw:browser [pid=2829][err] https://svelte.dev/e/ownership_invalid_mutation font-weight: bold font-weight: normal", source: http://localhost:63315/__vitest_browser__/tester-BJtsJFpD.js (1222)
2026-10-05T23:58:38.4857518Z [90mstderr[2m | parity/emdash/media-admin-editor/source/packages/admin/tests/components/MediaDetailPanel.test.tsx[2m > [22m[2mMediaDetailPanel[2m > [22m[2mmoves a local video without image metadata
2026-10-05T23:58:38.4861898Z [22m[39m[svelte] ownership_invalid_mutation
2026-10-05T23:58:38.4863325Z Mutating unbound props (`editorFrameRef`, at src/​lib/​media/​FocalPointEditor.svelte:18:96) is strongly discouraged. Consider using `bind:editorFrameRef={...}` in src/lib/media/MediaDetails.svelte (or using a callback) instead
2026-10-05T23:58:38.4864144Z https://svelte.dev/e/ownership_invalid_mutation
2026-10-05T23:58:38.4865227Z [90mstderr[2m | parity/emdash/media-admin-editor/source/packages/admin/tests/components/MediaDetailPanel.test.tsx[2m > [22m[2mMediaDetailPanel[2m > [22m[2mloads one additional bounded Location page on request
2026-10-05T23:58:38.4866083Z [22m[39m[svelte] ownership_invalid_mutation
2026-10-05T23:58:38.4867110Z Mutating unbound props (`editorFrameRef`, at src/​lib/​media/​FocalPointEditor.svelte:18:32) is strongly discouraged. Consider using `bind:editorFrameRef={...}` in src/lib/media/MediaDetails.svelte (or using a callback) instead
2026-10-05T23:58:38.4867928Z https://svelte.dev/e/ownership_invalid_mutation
2026-10-05T23:58:38.4869039Z [90mstderr[2m | parity/emdash/media-admin-editor/source/packages/admin/tests/components/MediaDetailPanel.test.tsx[2m > [22m[2mMediaDetailPanel[2m > [22m[2mshows a read-only Location when the user cannot move the item
2026-10-05T23:58:38.4869881Z [22m[39m[svelte] ownership_invalid_mutation
2026-10-05T23:58:38.4871016Z Mutating unbound props (`editorFrameRef`, at src/​lib/​media/​FocalPointEditor.svelte:18:96) is strongly discouraged. Consider using `bind:editorFrameRef={...}` in src/lib/media/MediaDetails.svelte (or using a callback) instead
2026-10-05T23:58:38.4871762Z https://svelte.dev/e/ownership_invalid_mutation
2026-10-05T23:58:38.4872779Z [90mstderr[2m | parity/emdash/media-admin-editor/source/packages/admin/tests/components/MediaDetailPanel.test.tsx[2m > [22m[2mMediaDetailPanel[2m > [22m[2mshows a read-only Location when the user cannot move the item
2026-10-05T23:58:38.4873536Z [22m[39m[svelte] ownership_invalid_mutation
2026-10-05T23:58:38.4874601Z Mutating unbound props (`editorFrameRef`, at src/​lib/​media/​FocalPointEditor.svelte:18:32) is strongly discouraged. Consider using `bind:editorFrameRef={...}` in src/lib/media/MediaDetails.svelte (or using a callback) instead
2026-10-05T23:58:38.4875435Z https://svelte.dev/e/ownership_invalid_mutation
2026-10-05T23:58:38.4876448Z [90mstderr[2m | parity/emdash/media-admin-editor/source/packages/admin/tests/components/MediaDetailPanel.test.tsx[2m > [22m[2mMediaDetailPanel[2m > [22m[2mrefreshes the open item when its saved folder no longer exists
2026-10-05T23:58:38.4877196Z [22m[39m[svelte] ownership_invalid_mutation
2026-10-05T23:58:38.4878392Z Mutating unbound props (`editorFrameRef`, at src/​lib/​media/​FocalPointEditor.svelte:18:96) is strongly discouraged. Consider using `bind:editorFrameRef={...}` in src/lib/media/MediaDetails.svelte (or using a callback) instead
2026-10-05T23:58:38.4879184Z https://svelte.dev/e/ownership_invalid_mutation
2026-10-05T23:58:38.4880411Z [90mstderr[2m | parity/emdash/media-admin-editor/source/packages/admin/tests/components/MediaDetailPanel.test.tsx[2m > [22m[2mMediaDetailPanel[2m > [22m[2mrefreshes the open item when its saved folder no longer exists
2026-10-05T23:58:38.4881280Z [22m[39m[svelte] ownership_invalid_mutation
2026-10-05T23:58:38.4882390Z Mutating unbound props (`editorFrameRef`, at src/​lib/​media/​FocalPointEditor.svelte:18:32) is strongly discouraged. Consider using `bind:editorFrameRef={...}` in src/lib/media/MediaDetails.svelte (or using a callback) instead
2026-10-05T23:58:38.4883241Z https://svelte.dev/e/ownership_invalid_mutation
2026-10-05T23:58:38.4884412Z [90mstderr[2m | parity/emdash/media-admin-editor/source/packages/admin/tests/components/MediaDetailPanel.test.tsx[2m > [22m[2mMediaDetailPanel[2m > [22m[2mrefreshes the open item when a selected folder disappears during save
2026-10-05T23:58:38.4885285Z [22m[39m[svelte] ownership_invalid_mutation
2026-10-05T23:58:38.4886276Z Mutating unbound props (`editorFrameRef`, at src/​lib/​media/​FocalPointEditor.svelte:18:96) is strongly discouraged. Consider using `bind:editorFrameRef={...}` in src/lib/media/MediaDetails.svelte (or using a callback) instead
2026-10-05T23:58:38.4887221Z https://svelte.dev/e/ownership_invalid_mutation
2026-10-05T23:58:38.4888643Z [90mstderr[2m | parity/emdash/media-admin-editor/source/packages/admin/tests/components/MediaDetailPanel.test.tsx[2m > [22m[2mMediaDetailPanel[2m > [22m[2mrefreshes the open item when a selected folder disappears during save
2026-10-05T23:58:38.4889407Z [22m[39m[svelte] ownership_invalid_mutation
2026-10-05T23:58:38.4890042Z Mutating unbound props (`editorFrameRef`, at src/​lib/​media/​FocalPointEditor.svelte:18:32) is strongly discouraged. Consider using `bind:editorFrameRef={...}` in src/lib/media/MediaDetails.svelte (or using a callback) instead
2026-10-05T23:58:38.4890795Z https://svelte.dev/e/ownership_invalid_mutation
2026-10-05T23:58:38.4891433Z [90mstderr[2m | parity/emdash/media-admin-editor/source/packages/admin/tests/components/MediaDetailPanel.test.tsx[2m > [22m[2mMediaDetailPanel[2m > [22m[2mblocks stale save retries while missing-folder recovery is pending
2026-10-05T23:58:38.4892015Z [22m[39m[svelte] ownership_invalid_mutation
2026-10-05T23:58:38.4892675Z Mutating unbound props (`editorFrameRef`, at src/​lib/​media/​FocalPointEditor.svelte:18:96) is strongly discouraged. Consider using `bind:editorFrameRef={...}` in src/lib/media/MediaDetails.svelte (or using a callback) instead
2026-10-05T23:58:38.4893277Z https://svelte.dev/e/ownership_invalid_mutation
2026-10-05T23:58:38.4893800Z 2026-10-05T23:58:38.486Z pw:browser [pid=2829][err] [1005/235838.485667:INFO:CONSOLE:1222] "%c[svelte] derived_inert
2026-10-05T23:58:38.4894405Z 2026-10-05T23:58:38.486Z pw:browser [pid=2829][err] %cReading a derived belonging to a now-destroyed effect may result in stale values
2026-10-05T23:58:38.4895455Z 2026-10-05T23:58:38.486Z pw:browser [pid=2829][err] https://svelte.dev/e/derived_inert font-weight: bold font-weight: normal", source: http://localhost:63315/__vitest_browser__/tester-BJtsJFpD.js (1222)
2026-10-05T23:58:38.4896962Z [90mstderr[2m | parity/emdash/media-admin-editor/source/packages/admin/tests/components/MediaDetailPanel.test.tsx[2m > [22m[2mMediaDetailPanel[2m > [22m[2mblocks stale save retries while missing-folder recovery is pending
2026-10-05T23:58:38.4897805Z [22m[39m[svelte] ownership_invalid_mutation
2026-10-05T23:58:38.4898822Z Mutating unbound props (`editorFrameRef`, at src/​lib/​media/​FocalPointEditor.svelte:18:32) is strongly discouraged. Consider using `bind:editorFrameRef={...}` in src/lib/media/MediaDetails.svelte (or using a callback) instead
2026-10-05T23:58:38.4899306Z https://svelte.dev/e/ownership_invalid_mutation
2026-10-05T23:58:38.4899951Z [90mstderr[2m | parity/emdash/media-admin-editor/source/packages/admin/tests/components/MediaDetailPanel.test.tsx[2m > [22m[2mMediaDetailPanel[2m > [22m[2mblocks stale save retries while missing-folder recovery is pending
2026-10-05T23:58:38.4900577Z [22m[39m[svelte] derived_inert
2026-10-05T23:58:38.4900820Z Reading a derived belonging to a now-destroyed effect may result in stale values
2026-10-05T23:58:38.4901057Z https://svelte.dev/e/derived_inert
2026-10-05T23:58:38.5210637Z 2026-10-05T23:58:38.520Z pw:browser [pid=2829][err] [1005/235838.520821:INFO:CONSOLE:1222] "%c[svelte] derived_inert
2026-10-05T23:58:38.5211421Z 2026-10-05T23:58:38.520Z pw:browser [pid=2829][err] %cReading a derived belonging to a now-destroyed effect may result in stale values
2026-10-05T23:58:38.5212475Z 2026-10-05T23:58:38.520Z pw:browser [pid=2829][err] https://svelte.dev/e/derived_inert font-weight: bold font-weight: normal", source: http://localhost:63315/__vitest_browser__/tester-BJtsJFpD.js (1222)
2026-10-05T23:58:38.5214060Z [90mstderr[2m | parity/emdash/media-admin-editor/source/packages/admin/tests/components/MediaDetailPanel.test.tsx[2m > [22m[2mMediaDetailPanel[2m > [22m[2mblocks stale save retries while missing-folder recovery is pending
2026-10-05T23:58:38.5215008Z [22m[39m[svelte] derived_inert
2026-10-05T23:58:38.5215401Z Reading a derived belonging to a now-destroyed effect may result in stale values
2026-10-05T23:58:38.5215798Z https://svelte.dev/e/derived_inert
2026-10-05T23:58:38.5216907Z [90mstderr[2m | parity/emdash/media-admin-editor/source/packages/admin/tests/components/MediaDetailPanel.test.tsx[2m > [22m[2mMediaDetailPanel[2m > [22m[2mblocks stale save retries while missing-folder recovery is pending
2026-10-05T23:58:38.5217688Z [22m[39m[svelte] derived_inert
2026-10-05T23:58:38.5218062Z Reading a derived belonging to a now-destroyed effect may result in stale values
2026-10-05T23:58:38.5218431Z https://svelte.dev/e/derived_inert
2026-10-05T23:58:38.5219479Z [90mstderr[2m | parity/emdash/media-admin-editor/source/packages/admin/tests/components/MediaDetailPanel.test.tsx[2m > [22m[2mMediaDetailPanel[2m > [22m[2mblocks stale save retries while missing-folder recovery is pending
2026-10-05T23:58:38.5220011Z [22m[39m[svelte] derived_inert
2026-10-05T23:58:38.5220384Z Reading a derived belonging to a now-destroyed effect may result in stale values
2026-10-05T23:58:38.5220617Z https://svelte.dev/e/derived_inert
2026-10-05T23:58:38.5221224Z [90mstderr[2m | parity/emdash/media-admin-editor/source/packages/admin/tests/components/MediaDetailPanel.test.tsx[2m > [22m[2mMediaDetailPanel[2m > [22m[2mblocks stale save retries while missing-folder recovery is pending
2026-10-05T23:58:38.5221756Z [22m[39m[svelte] derived_inert
2026-10-05T23:58:38.5222084Z Reading a derived belonging to a now-destroyed effect may result in stale values
2026-10-05T23:58:38.5222309Z https://svelte.dev/e/derived_inert
2026-10-05T23:58:38.5222607Z 2026-10-05T23:58:38.521Z pw:browser [pid=2829][err] [1005/235838.521502:INFO:CONSOLE:1222] "%c[svelte] derived_inert
2026-10-05T23:58:38.5223136Z 2026-10-05T23:58:38.521Z pw:browser [pid=2829][err] %cReading a derived belonging to a now-destroyed effect may result in stale values
2026-10-05T23:58:38.5223772Z 2026-10-05T23:58:38.521Z pw:browser [pid=2829][err] https://svelte.dev/e/derived_inert font-weight: bold font-weight: normal", source: http://localhost:63315/__vitest_browser__/tester-BJtsJFpD.js (1222)
2026-10-05T23:58:38.5224327Z 2026-10-05T23:58:38.521Z pw:browser [pid=2829][err] [1005/235838.521565:INFO:CONSOLE:1222] "%c[svelte] derived_inert
2026-10-05T23:58:38.5224763Z 2026-10-05T23:58:38.521Z pw:browser [pid=2829][err] %cReading a derived belonging to a now-destroyed effect may result in stale values
2026-10-05T23:58:38.5225376Z 2026-10-05T23:58:38.521Z pw:browser [pid=2829][err] https://svelte.dev/e/derived_inert font-weight: bold font-weight: normal", source: http://localhost:63315/__vitest_browser__/tester-BJtsJFpD.js (1222)
2026-10-05T23:58:38.5225918Z 2026-10-05T23:58:38.521Z pw:browser [pid=2829][err] [1005/235838.521618:INFO:CONSOLE:1222] "%c[svelte] derived_inert
2026-10-05T23:58:38.5226485Z 2026-10-05T23:58:38.521Z pw:browser [pid=2829][err] %cReading a derived belonging to a now-destroyed effect may result in stale values
2026-10-05T23:58:38.5227148Z 2026-10-05T23:58:38.521Z pw:browser [pid=2829][err] https://svelte.dev/e/derived_inert font-weight: bold font-weight: normal", source: http://localhost:63315/__vitest_browser__/tester-BJtsJFpD.js (1222)
2026-10-05T23:58:38.5618210Z 2026-10-05T23:58:38.561Z pw:browser [pid=2829][err] [1005/235838.561657:INFO:CONSOLE:1222] "%c[svelte] ownership_invalid_mutation
2026-10-05T23:58:38.5619806Z 2026-10-05T23:58:38.561Z pw:browser [pid=2829][err] %cMutating unbound props (`editorFrameRef`, at src/​lib/​media/​FocalPointEditor.svelte:18:96) is strongly discouraged. Consider using `bind:editorFrameRef={...}` in src/lib/media/MediaDetails.svelte (or using a callback) instead
2026-10-05T23:58:38.5621410Z 2026-10-05T23:58:38.561Z pw:browser [pid=2829][err] https://svelte.dev/e/ownership_invalid_mutation font-weight: bold font-weight: normal", source: http://localhost:63315/__vitest_browser__/tester-BJtsJFpD.js (1222)
2026-10-05T23:58:38.5623477Z [90mstderr[2m | parity/emdash/media-admin-editor/source/packages/admin/tests/components/MediaDetailPanel.test.tsx[2m > [22m[2mMediaDetailPanel[2m > [22m[2mreports when the media itself was deleted during a save
2026-10-05T23:58:38.5624538Z [22m[39m[svelte] ownership_invalid_mutation
2026-10-05T23:58:38.5625645Z Mutating unbound props (`editorFrameRef`, at src/​lib/​media/​FocalPointEditor.svelte:18:96) is strongly discouraged. Consider using `bind:editorFrameRef={...}` in src/lib/media/MediaDetails.svelte (or using a callback) instead
2026-10-05T23:58:38.5626391Z https://svelte.dev/e/ownership_invalid_mutation
2026-10-05T23:58:38.5644871Z 2026-10-05T23:58:38.564Z pw:browser [pid=2829][err] [1005/235838.564368:INFO:CONSOLE:1222] "%c[svelte] ownership_invalid_mutation
2026-10-05T23:58:38.5646622Z 2026-10-05T23:58:38.564Z pw:browser [pid=2829][err] %cMutating unbound props (`editorFrameRef`, at src/​lib/​media/​FocalPointEditor.svelte:18:32) is strongly discouraged. Consider using `bind:editorFrameRef={...}` in src/lib/media/MediaDetails.svelte (or using a callback) instead
2026-10-05T23:58:38.5648304Z 2026-10-05T23:58:38.564Z pw:browser [pid=2829][err] https://svelte.dev/e/ownership_invalid_mutation font-weight: bold font-weight: normal", source: http://localhost:63315/__vitest_browser__/tester-BJtsJFpD.js (1222)
2026-10-05T23:58:38.5653013Z [90mstderr[2m | parity/emdash/media-admin-editor/source/packages/admin/tests/components/MediaDetailPanel.test.tsx[2m > [22m[2mMediaDetailPanel[2m > [22m[2mreports when the media itself was deleted during a save
2026-10-05T23:58:38.5653993Z [22m[39m[svelte] ownership_invalid_mutation
2026-10-05T23:58:38.5655456Z Mutating unbound props (`editorFrameRef`, at src/​lib/​media/​FocalPointEditor.svelte:18:32) is strongly discouraged. Consider using `bind:editorFrameRef={...}` in src/lib/media/MediaDetails.svelte (or using a callback) instead
2026-10-05T23:58:38.5656239Z https://svelte.dev/e/ownership_invalid_mutation
2026-10-05T23:58:38.6212134Z 2026-10-05T23:58:38.620Z pw:browser [pid=2829][err] [1005/235838.620910:INFO:CONSOLE:1222] "%c[svelte] ownership_invalid_mutation
2026-10-05T23:58:38.6213863Z 2026-10-05T23:58:38.621Z pw:browser [pid=2829][err] %cMutating unbound props (`editorFrameRef`, at src/​lib/​media/​FocalPointEditor.svelte:18:96) is strongly discouraged. Consider using `bind:editorFrameRef={...}` in src/lib/media/MediaDetails.svelte (or using a callback) instead
2026-10-05T23:58:38.6215568Z 2026-10-05T23:58:38.621Z pw:browser [pid=2829][err] https://svelte.dev/e/ownership_invalid_mutation font-weight: bold font-weight: normal", source: http://localhost:63315/__vitest_browser__/tester-BJtsJFpD.js (1222)
2026-10-05T23:58:38.6232813Z [90mstderr[2m | parity/emdash/media-admin-editor/source/packages/admin/tests/components/MediaDetailPanel.test.tsx[2m > [22m[2mMediaDetailPanel[2m > [22m[2mdoes not blame the folder when missing-item recovery cannot confirm the state
2026-10-05T23:58:38.6233716Z [22m[39m[svelte] ownership_invalid_mutation
2026-10-05T23:58:38.6234826Z Mutating unbound props (`editorFrameRef`, at src/​lib/​media/​FocalPointEditor.svelte:18:96) is strongly discouraged. Consider using `bind:editorFrameRef={...}` in src/lib/media/MediaDetails.svelte (or using a callback) instead
2026-10-05T23:58:38.6235642Z https://svelte.dev/e/ownership_invalid_mutation
2026-10-05T23:58:38.6241435Z 2026-10-05T23:58:38.623Z pw:browser [pid=2829][err] [1005/235838.623900:INFO:CONSOLE:1222] "%c[svelte] ownership_invalid_mutation
2026-10-05T23:58:38.6243013Z 2026-10-05T23:58:38.623Z pw:browser [pid=2829][err] %cMutating unbound props (`editorFrameRef`, at src/​lib/​media/​FocalPointEditor.svelte:18:32) is strongly discouraged. Consider using `bind:editorFrameRef={...}` in src/lib/media/MediaDetails.svelte (or using a callback) instead
2026-10-05T23:58:38.6244536Z 2026-10-05T23:58:38.623Z pw:browser [pid=2829][err] https://svelte.dev/e/ownership_invalid_mutation font-weight: bold font-weight: normal", source: http://localhost:63315/__vitest_browser__/tester-BJtsJFpD.js (1222)
2026-10-05T23:58:38.6246484Z [90mstderr[2m | parity/emdash/media-admin-editor/source/packages/admin/tests/components/MediaDetailPanel.test.tsx[2m > [22m[2mMediaDetailPanel[2m > [22m[2mdoes not blame the folder when missing-item recovery cannot confirm the state
2026-10-05T23:58:38.6247315Z [22m[39m[svelte] ownership_invalid_mutation
2026-10-05T23:58:38.6248434Z Mutating unbound props (`editorFrameRef`, at src/​lib/​media/​FocalPointEditor.svelte:18:32) is strongly discouraged. Consider using `bind:editorFrameRef={...}` in src/lib/media/MediaDetails.svelte (or using a callback) instead
2026-10-05T23:58:38.6249311Z https://svelte.dev/e/ownership_invalid_mutation
2026-10-05T23:58:38.6809873Z 2026-10-05T23:58:38.680Z pw:browser [pid=2829][err] [1005/235838.680775:INFO:CONSOLE:1222] "%c[svelte] ownership_invalid_mutation
2026-10-05T23:58:38.6811617Z 2026-10-05T23:58:38.680Z pw:browser [pid=2829][err] %cMutating unbound props (`editorFrameRef`, at src/​lib/​media/​FocalPointEditor.svelte:18:96) is strongly discouraged. Consider using `bind:editorFrameRef={...}` in src/lib/media/MediaDetails.svelte (or using a callback) instead
2026-10-05T23:58:38.6813084Z 2026-10-05T23:58:38.680Z pw:browser [pid=2829][err] https://svelte.dev/e/ownership_invalid_mutation font-weight: bold font-weight: normal", source: http://localhost:63315/__vitest_browser__/tester-BJtsJFpD.js (1222)
2026-10-05T23:58:38.6814617Z [90mstderr[2m | parity/emdash/media-admin-editor/source/packages/admin/tests/components/MediaDetailPanel.test.tsx[2m > [22m[2mMediaDetailPanel[2m > [22m[2mdoes not consume the keyboard save shortcut when nothing can be saved
2026-10-05T23:58:38.6815435Z [22m[39m[svelte] ownership_invalid_mutation
2026-10-05T23:58:38.6816694Z Mutating unbound props (`editorFrameRef`, at src/​lib/​media/​FocalPointEditor.svelte:18:96) is strongly discouraged. Consider using `bind:editorFrameRef={...}` in src/lib/media/MediaDetails.svelte (or using a callback) instead
2026-10-05T23:58:38.6817447Z https://svelte.dev/e/ownership_invalid_mutation
2026-10-05T23:58:38.6833021Z 2026-10-05T23:58:38.683Z pw:browser [pid=2829][err] [1005/235838.683104:INFO:CONSOLE:1222] "%c[svelte] ownership_invalid_mutation
2026-10-05T23:58:38.6834404Z 2026-10-05T23:58:38.683Z pw:browser [pid=2829][err] %cMutating unbound props (`editorFrameRef`, at src/​lib/​media/​FocalPointEditor.svelte:18:32) is strongly discouraged. Consider using `bind:editorFrameRef={...}` in src/lib/media/MediaDetails.svelte (or using a callback) instead
2026-10-05T23:58:38.6835590Z 2026-10-05T23:58:38.683Z pw:browser [pid=2829][err] https://svelte.dev/e/ownership_invalid_mutation font-weight: bold font-weight: normal", source: http://localhost:63315/__vitest_browser__/tester-BJtsJFpD.js (1222)
2026-10-05T23:58:38.6836787Z [90mstderr[2m | parity/emdash/media-admin-editor/source/packages/admin/tests/components/MediaDetailPanel.test.tsx[2m > [22m[2mMediaDetailPanel[2m > [22m[2mdoes not consume the keyboard save shortcut when nothing can be saved
2026-10-05T23:58:38.6837457Z [22m[39m[svelte] ownership_invalid_mutation
2026-10-05T23:58:38.6838509Z Mutating unbound props (`editorFrameRef`, at src/​lib/​media/​FocalPointEditor.svelte:18:32) is strongly discouraged. Consider using `bind:editorFrameRef={...}` in src/lib/media/MediaDetails.svelte (or using a callback) instead
2026-10-05T23:58:38.6838987Z https://svelte.dev/e/ownership_invalid_mutation
2026-10-05T23:58:38.6855468Z [90mstderr[2m | parity/emdash/media-admin-editor/source/packages/admin/tests/components/MediaDetailPanel.test.tsx[2m > [22m[2mMediaDetailPanel[2m > [22m[2mdelete with confirm calls deleteMedia and onClose + onDeleted
2026-10-05T23:58:38.6856311Z [22m[39m[svelte] ownership_invalid_mutation
2026-10-05T23:58:38.6857213Z Mutating unbound props (`editorFrameRef`, at src/​lib/​media/​FocalPointEditor.svelte:18:96) is strongly discouraged. Consider using `bind:editorFrameRef={...}` in src/lib/media/MediaDetails.svelte (or using a callback) instead
2026-10-05T23:58:38.6857707Z https://svelte.dev/e/ownership_invalid_mutation
2026-10-05T23:58:38.6865485Z 2026-10-05T23:58:38.686Z pw:browser [pid=2829][err] [1005/235838.686181:INFO:CONSOLE:1222] "%c[svelte] ownership_invalid_mutation
2026-10-05T23:58:38.6867017Z 2026-10-05T23:58:38.686Z pw:browser [pid=2829][err] %cMutating unbound props (`editorFrameRef`, at src/​lib/​media/​FocalPointEditor.svelte:18:96) is strongly discouraged. Consider using `bind:editorFrameRef={...}` in src/lib/media/MediaDetails.svelte (or using a callback) instead
2026-10-05T23:58:38.6868048Z 2026-10-05T23:58:38.686Z pw:browser [pid=2829][err] https://svelte.dev/e/ownership_invalid_mutation font-weight: bold font-weight: normal", source: http://localhost:63315/__vitest_browser__/tester-BJtsJFpD.js (1222)
2026-10-05T23:58:38.6875371Z 2026-10-05T23:58:38.687Z pw:browser [pid=2829][err] [1005/235838.687378:INFO:CONSOLE:1222] "%c[svelte] ownership_invalid_mutation
2026-10-05T23:58:38.6878072Z 2026-10-05T23:58:38.687Z pw:browser [pid=2829][err] %cMutating unbound props (`editorFrameRef`, at src/​lib/​media/​FocalPointEditor.svelte:18:32) is strongly discouraged. Consider using `bind:editorFrameRef={...}` in src/lib/media/MediaDetails.svelte (or using a callback) instead
2026-10-05T23:58:38.6879135Z 2026-10-05T23:58:38.687Z pw:browser [pid=2829][err] https://svelte.dev/e/ownership_invalid_mutation font-weight: bold font-weight: normal", source: http://localhost:63315/__vitest_browser__/tester-BJtsJFpD.js (1222)
2026-10-05T23:58:38.6882146Z [90mstderr[2m | parity/emdash/media-admin-editor/source/packages/admin/tests/components/MediaDetailPanel.test.tsx[2m > [22m[2mMediaDetailPanel[2m > [22m[2mdelete with confirm calls deleteMedia and onClose + onDeleted
2026-10-05T23:58:38.6883092Z [22m[39m[svelte] ownership_invalid_mutation
2026-10-05T23:58:38.6884081Z Mutating unbound props (`editorFrameRef`, at src/​lib/​media/​FocalPointEditor.svelte:18:32) is strongly discouraged. Consider using `bind:editorFrameRef={...}` in src/lib/media/MediaDetails.svelte (or using a callback) instead
2026-10-05T23:58:38.6884851Z https://svelte.dev/e/ownership_invalid_mutation
2026-10-05T23:58:38.7423642Z 2026-10-05T23:58:38.742Z pw:browser [pid=2829][err] [1005/235838.742118:INFO:CONSOLE:1222] "%c[svelte] ownership_invalid_mutation
2026-10-05T23:58:38.7425640Z 2026-10-05T23:58:38.742Z pw:browser [pid=2829][err] %cMutating unbound props (`editorFrameRef`, at src/​lib/​media/​FocalPointEditor.svelte:18:96) is strongly discouraged. Consider using `bind:editorFrameRef={...}` in src/lib/media/MediaDetails.svelte (or using a callback) instead
2026-10-05T23:58:38.7427201Z 2026-10-05T23:58:38.742Z pw:browser [pid=2829][err] https://svelte.dev/e/ownership_invalid_mutation font-weight: bold font-weight: normal", source: http://localhost:63315/__vitest_browser__/tester-BJtsJFpD.js (1222)
2026-10-05T23:58:38.7428316Z [90mstderr[2m | parity/emdash/media-admin-editor/source/packages/admin/tests/components/MediaDetailPanel.test.tsx[2m > [22m[2mMediaDetailPanel[2m > [22m[2mdeletes provider assets through the provider API when deletion is supported
2026-10-05T23:58:38.7428869Z [22m[39m[svelte] ownership_invalid_mutation
2026-10-05T23:58:38.7429526Z Mutating unbound props (`editorFrameRef`, at src/​lib/​media/​FocalPointEditor.svelte:18:96) is strongly discouraged. Consider using `bind:editorFrameRef={...}` in src/lib/media/MediaDetails.svelte (or using a callback) instead
2026-10-05T23:58:38.7430014Z https://svelte.dev/e/ownership_invalid_mutation
2026-10-05T23:58:38.7445870Z 2026-10-05T23:58:38.744Z pw:browser [pid=2829][err] [1005/235838.744429:INFO:CONSOLE:1222] "%c[svelte] ownership_invalid_mutation
2026-10-05T23:58:38.7447672Z 2026-10-05T23:58:38.744Z pw:browser [pid=2829][err] %cMutating unbound props (`editorFrameRef`, at src/​lib/​media/​FocalPointEditor.svelte:18:32) is strongly discouraged. Consider using `bind:editorFrameRef={...}` in src/lib/media/MediaDetails.svelte (or using a callback) instead
2026-10-05T23:58:38.7448974Z 2026-10-05T23:58:38.744Z pw:browser [pid=2829][err] https://svelte.dev/e/ownership_invalid_mutation font-weight: bold font-weight: normal", source: http://localhost:63315/__vitest_browser__/tester-BJtsJFpD.js (1222)
2026-10-05T23:58:38.7450792Z [90mstderr[2m | parity/emdash/media-admin-editor/source/packages/admin/tests/components/MediaDetailPanel.test.tsx[2m > [22m[2mMediaDetailPanel[2m > [22m[2mdeletes provider assets through the provider API when deletion is supported
2026-10-05T23:58:38.7451652Z [22m[39m[svelte] ownership_invalid_mutation
2026-10-05T23:58:38.7452575Z Mutating unbound props (`editorFrameRef`, at src/​lib/​media/​FocalPointEditor.svelte:18:32) is strongly discouraged. Consider using `bind:editorFrameRef={...}` in src/lib/media/MediaDetails.svelte (or using a callback) instead
2026-10-05T23:58:38.7453059Z https://svelte.dev/e/ownership_invalid_mutation
2026-10-05T23:58:38.7986057Z 2026-10-05T23:58:38.798Z pw:browser [pid=2829][err] [1005/235838.798391:INFO:CONSOLE:1222] "%c[svelte] ownership_invalid_mutation
2026-10-05T23:58:38.7988022Z 2026-10-05T23:58:38.798Z pw:browser [pid=2829][err] %cMutating unbound props (`editorFrameRef`, at src/​lib/​media/​FocalPointEditor.svelte:18:96) is strongly discouraged. Consider using `bind:editorFrameRef={...}` in src/lib/media/MediaDetails.svelte (or using a callback) instead
2026-10-05T23:58:38.7990094Z 2026-10-05T23:58:38.798Z pw:browser [pid=2829][err] https://svelte.dev/e/ownership_invalid_mutation font-weight: bold font-weight: normal", source: http://localhost:63315/__vitest_browser__/tester-BJtsJFpD.js (1222)
2026-10-05T23:58:38.7992133Z [90mstderr[2m | parity/emdash/media-admin-editor/source/packages/admin/tests/components/MediaDetailPanel.test.tsx[2m > [22m[2mMediaDetailPanel[2m > [22m[2mdelete cancelled does not call deleteMedia
2026-10-05T23:58:38.7995259Z [22m[39m[svelte] ownership_invalid_mutation
2026-10-05T23:58:38.7996684Z Mutating unbound props (`editorFrameRef`, at src/​lib/​media/​FocalPointEditor.svelte:18:96) is strongly discouraged. Consider using `bind:editorFrameRef={...}` in src/lib/media/MediaDetails.svelte (or using a callback) instead
2026-10-05T23:58:38.7997624Z https://svelte.dev/e/ownership_invalid_mutation
2026-10-05T23:58:38.8013391Z 2026-10-05T23:58:38.801Z pw:browser [pid=2829][err] [1005/235838.801188:INFO:CONSOLE:1222] "%c[svelte] ownership_invalid_mutation
2026-10-05T23:58:38.8014888Z 2026-10-05T23:58:38.801Z pw:browser [pid=2829][err] %cMutating unbound props (`editorFrameRef`, at src/​lib/​media/​FocalPointEditor.svelte:18:32) is strongly discouraged. Consider using `bind:editorFrameRef={...}` in src/lib/media/MediaDetails.svelte (or using a callback) instead
2026-10-05T23:58:38.8015843Z 2026-10-05T23:58:38.801Z pw:browser [pid=2829][err] https://svelte.dev/e/ownership_invalid_mutation font-weight: bold font-weight: normal", source: http://localhost:63315/__vitest_browser__/tester-BJtsJFpD.js (1222)
2026-10-05T23:58:38.8022934Z [90mstderr[2m | parity/emdash/media-admin-editor/source/packages/admin/tests/components/MediaDetailPanel.test.tsx[2m > [22m[2mMediaDetailPanel[2m > [22m[2mdelete cancelled does not call deleteMedia
2026-10-05T23:58:38.8023677Z [22m[39m[svelte] ownership_invalid_mutation
2026-10-05T23:58:38.8024732Z Mutating unbound props (`editorFrameRef`, at src/​lib/​media/​FocalPointEditor.svelte:18:32) is strongly discouraged. Consider using `bind:editorFrameRef={...}` in src/lib/media/MediaDetails.svelte (or using a callback) instead
2026-10-05T23:58:38.8025528Z https://svelte.dev/e/ownership_invalid_mutation
2026-10-05T23:58:38.8055618Z 2026-10-05T23:58:38.805Z pw:browser [pid=2829][err] [1005/235838.805413:INFO:CONSOLE:1222] "%c[svelte] ownership_invalid_mutation
2026-10-05T23:58:38.8057170Z 2026-10-05T23:58:38.805Z pw:browser [pid=2829][err] %cMutating unbound props (`editorFrameRef`, at src/​lib/​media/​FocalPointEditor.svelte:18:96) is strongly discouraged. Consider using `bind:editorFrameRef={...}` in src/lib/media/MediaDetails.svelte (or using a callback) instead
2026-10-05T23:58:38.8058648Z 2026-10-05T23:58:38.805Z pw:browser [pid=2829][err] https://svelte.dev/e/ownership_invalid_mutation font-weight: bold font-weight: normal", source: http://localhost:63315/__vitest_browser__/tester-BJtsJFpD.js (1222)
2026-10-05T23:58:38.8060414Z [90mstderr[2m | parity/emdash/media-admin-editor/source/packages/admin/tests/components/MediaDetailPanel.test.tsx[2m > [22m[2mMediaDetailPanel[2m > [22m[2mclose button calls onClose when clean
2026-10-05T23:58:38.8061398Z [22m[39m[svelte] ownership_invalid_mutation
2026-10-05T23:58:38.8062497Z Mutating unbound props (`editorFrameRef`, at src/​lib/​media/​FocalPointEditor.svelte:18:96) is strongly discouraged. Consider using `bind:editorFrameRef={...}` in src/lib/media/MediaDetails.svelte (or using a callback) instead
2026-10-05T23:58:38.8063350Z https://svelte.dev/e/ownership_invalid_mutation
2026-10-05T23:58:38.8081348Z 2026-10-05T23:58:38.807Z pw:browser [pid=2829][err] [1005/235838.807859:INFO:CONSOLE:1222] "%c[svelte] ownership_invalid_mutation
2026-10-05T23:58:38.8082925Z 2026-10-05T23:58:38.807Z pw:browser [pid=2829][err] %cMutating unbound props (`editorFrameRef`, at src/​lib/​media/​FocalPointEditor.svelte:18:32) is strongly discouraged. Consider using `bind:editorFrameRef={...}` in src/lib/media/MediaDetails.svelte (or using a callback) instead
2026-10-05T23:58:38.8084266Z 2026-10-05T23:58:38.807Z pw:browser [pid=2829][err] https://svelte.dev/e/ownership_invalid_mutation font-weight: bold font-weight: normal", source: http://localhost:63315/__vitest_browser__/tester-BJtsJFpD.js (1222)
2026-10-05T23:58:38.8085135Z [90mstderr[2m | parity/emdash/media-admin-editor/source/packages/admin/tests/components/MediaDetailPanel.test.tsx[2m > [22m[2mMediaDetailPanel[2m > [22m[2mclose button calls onClose when clean
2026-10-05T23:58:38.8085603Z [22m[39m[svelte] ownership_invalid_mutation
2026-10-05T23:58:38.8086425Z Mutating unbound props (`editorFrameRef`, at src/​lib/​media/​FocalPointEditor.svelte:18:32) is strongly discouraged. Consider using `bind:editorFrameRef={...}` in src/lib/media/MediaDetails.svelte (or using a callback) instead
2026-10-05T23:58:38.8087034Z https://svelte.dev/e/ownership_invalid_mutation
2026-10-05T23:58:38.8099173Z 2026-10-05T23:58:38.809Z pw:browser [pid=2829][err] [1005/235838.809796:INFO:CONSOLE:1222] "%c[svelte] ownership_invalid_mutation
2026-10-05T23:58:38.8100857Z 2026-10-05T23:58:38.809Z pw:browser [pid=2829][err] %cMutating unbound props (`editorFrameRef`, at src/​lib/​media/​FocalPointEditor.svelte:18:96) is strongly discouraged. Consider using `bind:editorFrameRef={...}` in src/lib/media/MediaDetails.svelte (or using a callback) instead
2026-10-05T23:58:38.8113058Z 2026-10-05T23:58:38.809Z pw:browser [pid=2829][err] https://svelte.dev/e/ownership_invalid_mutation font-weight: bold font-weight: normal", source: http://localhost:63315/__vitest_browser__/tester-BJtsJFpD.js (1222)
2026-10-05T23:58:38.8114653Z [90mstderr[2m | parity/emdash/media-admin-editor/source/packages/admin/tests/components/MediaDetailPanel.test.tsx[2m > [22m[2mMediaDetailPanel[2m > [22m[2mplaces a compact Back action in the embedded footer
2026-10-05T23:58:38.8115489Z [22m[39m[svelte] ownership_invalid_mutation
2026-10-05T23:58:38.8116629Z Mutating unbound props (`editorFrameRef`, at src/​lib/​media/​FocalPointEditor.svelte:18:96) is strongly discouraged. Consider using `bind:editorFrameRef={...}` in src/lib/media/MediaDetails.svelte (or using a callback) instead
2026-10-05T23:58:38.8117481Z https://svelte.dev/e/ownership_invalid_mutation
2026-10-05T23:58:38.8228272Z 2026-10-05T23:58:38.822Z pw:browser [pid=2829][err] [1005/235838.822588:INFO:CONSOLE:1222] "%c[svelte] ownership_invalid_mutation
2026-10-05T23:58:38.8231351Z 2026-10-05T23:58:38.822Z pw:browser [pid=2829][err] %cMutating unbound props (`editorFrameRef`, at src/​lib/​media/​FocalPointEditor.svelte:18:32) is strongly discouraged. Consider using `bind:editorFrameRef={...}` in src/lib/media/MediaDetails.svelte (or using a callback) instead
2026-10-05T23:58:38.8234623Z 2026-10-05T23:58:38.822Z pw:browser [pid=2829][err] https://svelte.dev/e/ownership_invalid_mutation font-weight: bold font-weight: normal", source: http://localhost:63315/__vitest_browser__/tester-BJtsJFpD.js (1222)
2026-10-05T23:58:38.8235780Z [90mstderr[2m | parity/emdash/media-admin-editor/source/packages/admin/tests/components/MediaDetailPanel.test.tsx[2m > [22m[2mMediaDetailPanel[2m > [22m[2mplaces a compact Back action in the embedded footer
2026-10-05T23:58:38.8236278Z [22m[39m[svelte] ownership_invalid_mutation
2026-10-05T23:58:38.8236946Z Mutating unbound props (`editorFrameRef`, at src/​lib/​media/​FocalPointEditor.svelte:18:32) is strongly discouraged. Consider using `bind:editorFrameRef={...}` in src/lib/media/MediaDetails.svelte (or using a callback) instead
2026-10-05T23:58:38.8237444Z https://svelte.dev/e/ownership_invalid_mutation
2026-10-05T23:58:38.8307337Z 2026-10-05T23:58:38.830Z pw:browser [pid=2829][err] [1005/235838.830507:INFO:CONSOLE:1222] "%c[svelte] ownership_invalid_mutation
2026-10-05T23:58:38.8308864Z 2026-10-05T23:58:38.830Z pw:browser [pid=2829][err] %cMutating unbound props (`editorFrameRef`, at src/​lib/​media/​FocalPointEditor.svelte:18:96) is strongly discouraged. Consider using `bind:editorFrameRef={...}` in src/lib/media/MediaDetails.svelte (or using a callback) instead
2026-10-05T23:58:38.8310490Z 2026-10-05T23:58:38.830Z pw:browser [pid=2829][err] https://svelte.dev/e/ownership_invalid_mutation font-weight: bold font-weight: normal", source: http://localhost:63315/__vitest_browser__/tester-BJtsJFpD.js (1222)
2026-10-05T23:58:38.8311640Z [90mstderr[2m | parity/emdash/media-admin-editor/source/packages/admin/tests/components/MediaDetailPanel.test.tsx[2m > [22m[2mMediaDetailPanel[2m > [22m[2mconfirms dirty changes before closing an embedded workspace
2026-10-05T23:58:38.8312153Z [22m[39m[svelte] ownership_invalid_mutation
2026-10-05T23:58:38.8312976Z Mutating unbound props (`editorFrameRef`, at src/​lib/​media/​FocalPointEditor.svelte:18:96) is strongly discouraged. Consider using `bind:editorFrameRef={...}` in src/lib/media/MediaDetails.svelte (or using a callback) instead
2026-10-05T23:58:38.8313475Z https://svelte.dev/e/ownership_invalid_mutation
2026-10-05T23:58:38.8362707Z 2026-10-05T23:58:38.836Z pw:browser [pid=2829][err] [1005/235838.836097:INFO:CONSOLE:1222] "%c[svelte] ownership_invalid_mutation
2026-10-05T23:58:38.8364412Z 2026-10-05T23:58:38.836Z pw:browser [pid=2829][err] %cMutating unbound props (`editorFrameRef`, at src/​lib/​media/​FocalPointEditor.svelte:18:32) is strongly discouraged. Consider using `bind:editorFrameRef={...}` in src/lib/media/MediaDetails.svelte (or using a callback) instead
2026-10-05T23:58:38.8366121Z 2026-10-05T23:58:38.836Z pw:browser [pid=2829][err] https://svelte.dev/e/ownership_invalid_mutation font-weight: bold font-weight: normal", source: http://localhost:63315/__vitest_browser__/tester-BJtsJFpD.js (1222)
2026-10-05T23:58:38.8367237Z [90mstderr[2m | parity/emdash/media-admin-editor/source/packages/admin/tests/components/MediaDetailPanel.test.tsx[2m > [22m[2mMediaDetailPanel[2m > [22m[2mconfirms dirty changes before closing an embedded workspace
2026-10-05T23:58:38.8367981Z [22m[39m[svelte] ownership_invalid_mutation
2026-10-05T23:58:38.8369134Z Mutating unbound props (`editorFrameRef`, at src/​lib/​media/​FocalPointEditor.svelte:18:32) is strongly discouraged. Consider using `bind:editorFrameRef={...}` in src/lib/media/MediaDetails.svelte (or using a callback) instead
2026-10-05T23:58:38.8369834Z https://svelte.dev/e/ownership_invalid_mutation
2026-10-05T23:58:38.8485884Z 2026-10-05T23:58:38.848Z pw:browser [pid=2829][err] [1005/235838.848386:INFO:CONSOLE:1222] "%c[svelte] ownership_invalid_mutation
2026-10-05T23:58:38.8487524Z 2026-10-05T23:58:38.848Z pw:browser [pid=2829][err] %cMutating unbound props (`editorFrameRef`, at src/​lib/​media/​FocalPointEditor.svelte:18:96) is strongly discouraged. Consider using `bind:editorFrameRef={...}` in src/lib/media/MediaDetails.svelte (or using a callback) instead
2026-10-05T23:58:38.8489100Z 2026-10-05T23:58:38.848Z pw:browser [pid=2829][err] https://svelte.dev/e/ownership_invalid_mutation font-weight: bold font-weight: normal", source: http://localhost:63315/__vitest_browser__/tester-BJtsJFpD.js (1222)
2026-10-05T23:58:38.8493346Z [90mstderr[2m | parity/emdash/media-admin-editor/source/packages/admin/tests/components/MediaDetailPanel.test.tsx[2m > [22m[2mMediaDetailPanel[2m > [22m[2mclose button opens discard confirmation when dirty
2026-10-05T23:58:38.8493944Z [22m[39m[svelte] ownership_invalid_mutation
2026-10-05T23:58:38.8494621Z Mutating unbound props (`editorFrameRef`, at src/​lib/​media/​FocalPointEditor.svelte:18:96) is strongly discouraged. Consider using `bind:editorFrameRef={...}` in src/lib/media/MediaDetails.svelte (or using a callback) instead
2026-10-05T23:58:38.8495421Z https://svelte.dev/e/ownership_invalid_mutation
2026-10-05T23:58:38.8512160Z 2026-10-05T23:58:38.851Z pw:browser [pid=2829][err] [1005/235838.851070:INFO:CONSOLE:1222] "%c[svelte] ownership_invalid_mutation
2026-10-05T23:58:38.8513755Z 2026-10-05T23:58:38.851Z pw:browser [pid=2829][err] %cMutating unbound props (`editorFrameRef`, at src/​lib/​media/​FocalPointEditor.svelte:18:32) is strongly discouraged. Consider using `bind:editorFrameRef={...}` in src/lib/media/MediaDetails.svelte (or using a callback) instead
2026-10-05T23:58:38.8515251Z 2026-10-05T23:58:38.851Z pw:browser [pid=2829][err] https://svelte.dev/e/ownership_invalid_mutation font-weight: bold font-weight: normal", source: http://localhost:63315/__vitest_browser__/tester-BJtsJFpD.js (1222)
2026-10-05T23:58:38.8516698Z [90mstderr[2m | parity/emdash/media-admin-editor/source/packages/admin/tests/components/MediaDetailPanel.test.tsx[2m > [22m[2mMediaDetailPanel[2m > [22m[2mclose button opens discard confirmation when dirty
2026-10-05T23:58:38.8517498Z [22m[39m[svelte] ownership_invalid_mutation
2026-10-05T23:58:38.8518450Z Mutating unbound props (`editorFrameRef`, at src/​lib/​media/​FocalPointEditor.svelte:18:32) is strongly discouraged. Consider using `bind:editorFrameRef={...}` in src/lib/media/MediaDetails.svelte (or using a callback) instead
2026-10-05T23:58:38.8518944Z https://svelte.dev/e/ownership_invalid_mutation
2026-10-05T23:58:38.8601912Z 2026-10-05T23:58:38.860Z pw:browser [pid=2829][err] [1005/235838.860015:INFO:CONSOLE:1222] "%c[svelte] ownership_invalid_mutation
2026-10-05T23:58:38.8603718Z 2026-10-05T23:58:38.860Z pw:browser [pid=2829][err] %cMutating unbound props (`editorFrameRef`, at src/​lib/​media/​FocalPointEditor.svelte:18:96) is strongly discouraged. Consider using `bind:editorFrameRef={...}` in src/lib/media/MediaDetails.svelte (or using a callback) instead
2026-10-05T23:58:38.8605368Z 2026-10-05T23:58:38.860Z pw:browser [pid=2829][err] https://svelte.dev/e/ownership_invalid_mutation font-weight: bold font-weight: normal", source: http://localhost:63315/__vitest_browser__/tester-BJtsJFpD.js (1222)
2026-10-05T23:58:38.8612934Z [90mstderr[2m | parity/emdash/media-admin-editor/source/packages/admin/tests/components/MediaDetailPanel.test.tsx[2m > [22m[2mMediaDetailPanel[2m > [22m[2mcancels the close fallback when reopened before the fallback timer fires
2026-10-05T23:58:38.8613502Z [22m[39m[svelte] ownership_invalid_mutation
2026-10-05T23:58:38.8614184Z Mutating unbound props (`editorFrameRef`, at src/​lib/​media/​FocalPointEditor.svelte:18:96) is strongly discouraged. Consider using `bind:editorFrameRef={...}` in src/lib/media/MediaDetails.svelte (or using a callback) instead
2026-10-05T23:58:38.8614694Z https://svelte.dev/e/ownership_invalid_mutation
2026-10-05T23:58:38.8634037Z 2026-10-05T23:58:38.863Z pw:browser [pid=2829][err] [1005/235838.863230:INFO:CONSOLE:1222] "%c[svelte] ownership_invalid_mutation
2026-10-05T23:58:38.8637193Z 2026-10-05T23:58:38.863Z pw:browser [pid=2829][err] %cMutating unbound props (`editorFrameRef`, at src/​lib/​media/​FocalPointEditor.svelte:18:32) is strongly discouraged. Consider using `bind:editorFrameRef={...}` in src/lib/media/MediaDetails.svelte (or using a callback) instead
2026-10-05T23:58:38.8638814Z 2026-10-05T23:58:38.863Z pw:browser [pid=2829][err] https://svelte.dev/e/ownership_invalid_mutation font-weight: bold font-weight: normal", source: http://localhost:63315/__vitest_browser__/tester-BJtsJFpD.js (1222)
2026-10-05T23:58:38.8640133Z [90mstderr[2m | parity/emdash/media-admin-editor/source/packages/admin/tests/components/MediaDetailPanel.test.tsx[2m > [22m[2mMediaDetailPanel[2m > [22m[2mcancels the close fallback when reopened before the fallback timer fires
2026-10-05T23:58:38.8641213Z [22m[39m[svelte] ownership_invalid_mutation
2026-10-05T23:58:38.8642390Z Mutating unbound props (`editorFrameRef`, at src/​lib/​media/​FocalPointEditor.svelte:18:32) is strongly discouraged. Consider using `bind:editorFrameRef={...}` in src/lib/media/MediaDetails.svelte (or using a callback) instead
2026-10-05T23:58:38.8643201Z https://svelte.dev/e/ownership_invalid_mutation
2026-10-05T23:58:38.8677117Z 2026-10-05T23:58:38.867Z pw:browser [pid=2829][err] [1005/235838.867585:INFO:CONSOLE:1222] "%c[svelte] ownership_invalid_mutation
2026-10-05T23:58:38.8678668Z 2026-10-05T23:58:38.867Z pw:browser [pid=2829][err] %cMutating unbound props (`editorFrameRef`, at src/​lib/​media/​FocalPointEditor.svelte:18:96) is strongly discouraged. Consider using `bind:editorFrameRef={...}` in src/lib/media/MediaDetails.svelte (or using a callback) instead
2026-10-05T23:58:38.8680337Z 2026-10-05T23:58:38.867Z pw:browser [pid=2829][err] https://svelte.dev/e/ownership_invalid_mutation font-weight: bold font-weight: normal", source: http://localhost:63315/__vitest_browser__/tester-BJtsJFpD.js (1222)
2026-10-05T23:58:38.8681780Z [90mstderr[2m | parity/emdash/media-admin-editor/source/packages/admin/tests/components/MediaDetailPanel.test.tsx[2m > [22m[2mMediaDetailPanel[2m > [22m[2mform fields reset when item prop changes
2026-10-05T23:58:38.8682539Z [22m[39m[svelte] ownership_invalid_mutation
2026-10-05T23:58:38.8683788Z Mutating unbound props (`editorFrameRef`, at src/​lib/​media/​FocalPointEditor.svelte:18:96) is strongly discouraged. Consider using `bind:editorFrameRef={...}` in src/lib/media/MediaDetails.svelte (or using a callback) instead
2026-10-05T23:58:38.8684402Z https://svelte.dev/e/ownership_invalid_mutation
2026-10-05T23:58:38.8696523Z 2026-10-05T23:58:38.869Z pw:browser [pid=2829][err] [1005/235838.869507:INFO:CONSOLE:1222] "%c[svelte] ownership_invalid_mutation
2026-10-05T23:58:38.8701631Z 2026-10-05T23:58:38.869Z pw:browser [pid=2829][err] %cMutating unbound props (`editorFrameRef`, at src/​lib/​media/​FocalPointEditor.svelte:18:32) is strongly discouraged. Consider using `bind:editorFrameRef={...}` in src/lib/media/MediaDetails.svelte (or using a callback) instead
2026-10-05T23:58:38.8703341Z 2026-10-05T23:58:38.869Z pw:browser [pid=2829][err] https://svelte.dev/e/ownership_invalid_mutation font-weight: bold font-weight: normal", source: http://localhost:63315/__vitest_browser__/tester-BJtsJFpD.js (1222)
2026-10-05T23:58:38.8704913Z [90mstderr[2m | parity/emdash/media-admin-editor/source/packages/admin/tests/components/MediaDetailPanel.test.tsx[2m > [22m[2mMediaDetailPanel[2m > [22m[2mform fields reset when item prop changes
2026-10-05T23:58:38.8705767Z [22m[39m[svelte] ownership_invalid_mutation
2026-10-05T23:58:38.8706914Z Mutating unbound props (`editorFrameRef`, at src/​lib/​media/​FocalPointEditor.svelte:18:32) is strongly discouraged. Consider using `bind:editorFrameRef={...}` in src/lib/media/MediaDetails.svelte (or using a callback) instead
2026-10-05T23:58:38.8708881Z https://svelte.dev/e/ownership_invalid_mutation
2026-10-05T23:58:38.8733244Z 2026-10-05T23:58:38.873Z pw:browser [pid=2829][err] [1005/235838.873192:INFO:CONSOLE:1222] "%c[svelte] ownership_invalid_mutation
2026-10-05T23:58:38.8734540Z 2026-10-05T23:58:38.873Z pw:browser [pid=2829][err] %cMutating unbound props (`editorFrameRef`, at src/​lib/​media/​FocalPointEditor.svelte:18:96) is strongly discouraged. Consider using `bind:editorFrameRef={...}` in src/lib/media/MediaDetails.svelte (or using a callback) instead
2026-10-05T23:58:38.8736290Z 2026-10-05T23:58:38.873Z pw:browser [pid=2829][err] https://svelte.dev/e/ownership_invalid_mutation font-weight: bold font-weight: normal", source: http://localhost:63315/__vitest_browser__/tester-BJtsJFpD.js (1222)
2026-10-05T23:58:38.8742173Z [90mstderr[2m | parity/emdash/media-admin-editor/source/packages/admin/tests/components/MediaDetailPanel.test.tsx[2m > [22m[2mMediaDetailPanel file URL[2m > [22m[2mshows a shortened file path while copying the absolute URL
2026-10-05T23:58:38.8743029Z [22m[39m[svelte] ownership_invalid_mutation
2026-10-05T23:58:38.8744099Z Mutating unbound props (`editorFrameRef`, at src/​lib/​media/​FocalPointEditor.svelte:18:96) is strongly discouraged. Consider using `bind:editorFrameRef={...}` in src/lib/media/MediaDetails.svelte (or using a callback) instead
2026-10-05T23:58:38.8744597Z https://svelte.dev/e/ownership_invalid_mutation
2026-10-05T23:58:38.8756725Z 2026-10-05T23:58:38.875Z pw:browser [pid=2829][err] [1005/235838.875549:INFO:CONSOLE:1222] "%c[svelte] ownership_invalid_mutation
2026-10-05T23:58:38.8759466Z 2026-10-05T23:58:38.875Z pw:browser [pid=2829][err] %cMutating unbound props (`editorFrameRef`, at src/​lib/​media/​FocalPointEditor.svelte:18:32) is strongly discouraged. Consider using `bind:editorFrameRef={...}` in src/lib/media/MediaDetails.svelte (or using a callback) instead
2026-10-05T23:58:38.8760622Z 2026-10-05T23:58:38.875Z pw:browser [pid=2829][err] https://svelte.dev/e/ownership_invalid_mutation font-weight: bold font-weight: normal", source: http://localhost:63315/__vitest_browser__/tester-BJtsJFpD.js (1222)
2026-10-05T23:58:38.8761553Z [90mstderr[2m | parity/emdash/media-admin-editor/source/packages/admin/tests/components/MediaDetailPanel.test.tsx[2m > [22m[2mMediaDetailPanel file URL[2m > [22m[2mshows a shortened file path while copying the absolute URL
2026-10-05T23:58:38.8762061Z [22m[39m[svelte] ownership_invalid_mutation
2026-10-05T23:58:38.8762904Z Mutating unbound props (`editorFrameRef`, at src/​lib/​media/​FocalPointEditor.svelte:18:32) is strongly discouraged. Consider using `bind:editorFrameRef={...}` in src/lib/media/MediaDetails.svelte (or using a callback) instead
2026-10-05T23:58:38.8763391Z https://svelte.dev/e/ownership_invalid_mutation
2026-10-05T23:58:38.8788509Z 2026-10-05T23:58:38.878Z pw:browser [pid=2829][err] [1005/235838.878508:INFO:CONSOLE:1222] "%c[svelte] ownership_invalid_mutation
2026-10-05T23:58:38.8790941Z 2026-10-05T23:58:38.878Z pw:browser [pid=2829][err] %cMutating unbound props (`editorFrameRef`, at src/​lib/​media/​FocalPointEditor.svelte:18:96) is strongly discouraged. Consider using `bind:editorFrameRef={...}` in src/lib/media/MediaDetails.svelte (or using a callback) instead
2026-10-05T23:58:38.8792508Z 2026-10-05T23:58:38.878Z pw:browser [pid=2829][err] https://svelte.dev/e/ownership_invalid_mutation font-weight: bold font-weight: normal", source: http://localhost:63315/__vitest_browser__/tester-BJtsJFpD.js (1222)
2026-10-05T23:58:38.8793491Z [90mstderr[2m | parity/emdash/media-admin-editor/source/packages/admin/tests/components/MediaDetailPanel.test.tsx[2m > [22m[2mMediaDetailPanel file URL[2m > [22m[2mdoes not expose provider preview URLs as public URLs
2026-10-05T23:58:38.8794003Z [22m[39m[svelte] ownership_invalid_mutation
2026-10-05T23:58:38.8794648Z Mutating unbound props (`editorFrameRef`, at src/​lib/​media/​FocalPointEditor.svelte:18:96) is strongly discouraged. Consider using `bind:editorFrameRef={...}` in src/lib/media/MediaDetails.svelte (or using a callback) instead
2026-10-05T23:58:38.8795129Z https://svelte.dev/e/ownership_invalid_mutation
2026-10-05T23:58:38.8800529Z 2026-10-05T23:58:38.879Z pw:browser [pid=2829][err] [1005/235838.879919:INFO:CONSOLE:1222] "%c[svelte] ownership_invalid_mutation
2026-10-05T23:58:38.8802572Z 2026-10-05T23:58:38.879Z pw:browser [pid=2829][err] %cMutating unbound props (`editorFrameRef`, at src/​lib/​media/​FocalPointEditor.svelte:18:32) is strongly discouraged. Consider using `bind:editorFrameRef={...}` in src/lib/media/MediaDetails.svelte (or using a callback) instead
2026-10-05T23:58:38.8804177Z 2026-10-05T23:58:38.879Z pw:browser [pid=2829][err] https://svelte.dev/e/ownership_invalid_mutation font-weight: bold font-weight: normal", source: http://localhost:63315/__vitest_browser__/tester-BJtsJFpD.js (1222)
2026-10-05T23:58:38.8805940Z [90mstderr[2m | parity/emdash/media-admin-editor/source/packages/admin/tests/components/MediaDetailPanel.test.tsx[2m > [22m[2mMediaDetailPanel file URL[2m > [22m[2mdoes not expose provider preview URLs as public URLs
2026-10-05T23:58:38.8806783Z [22m[39m[svelte] ownership_invalid_mutation
2026-10-05T23:58:38.8807823Z Mutating unbound props (`editorFrameRef`, at src/​lib/​media/​FocalPointEditor.svelte:18:32) is strongly discouraged. Consider using `bind:editorFrameRef={...}` in src/lib/media/MediaDetails.svelte (or using a callback) instead
2026-10-05T23:58:38.8808626Z https://svelte.dev/e/ownership_invalid_mutation
2026-10-05T23:58:38.8827913Z 2026-10-05T23:58:38.882Z pw:browser [pid=2829][err] [1005/235838.882629:INFO:CONSOLE:1222] "%c[svelte] ownership_invalid_mutation
2026-10-05T23:58:38.8829483Z 2026-10-05T23:58:38.882Z pw:browser [pid=2829][err] %cMutating unbound props (`editorFrameRef`, at src/​lib/​media/​FocalPointEditor.svelte:18:96) is strongly discouraged. Consider using `bind:editorFrameRef={...}` in src/lib/media/MediaDetails.svelte (or using a callback) instead
2026-10-05T23:58:38.8831267Z 2026-10-05T23:58:38.882Z pw:browser [pid=2829][err] https://svelte.dev/e/ownership_invalid_mutation font-weight: bold font-weight: normal", source: http://localhost:63315/__vitest_browser__/tester-BJtsJFpD.js (1222)
2026-10-05T23:58:38.8832780Z [90mstderr[2m | parity/emdash/media-admin-editor/source/packages/admin/tests/components/MediaDetailPanel.test.tsx[2m > [22m[2mMediaDetailPanel file URL[2m > [22m[2mrenders provider assets read-only
2026-10-05T23:58:38.8833783Z [22m[39m[svelte] ownership_invalid_mutation
2026-10-05T23:58:38.8834901Z Mutating unbound props (`editorFrameRef`, at src/​lib/​media/​FocalPointEditor.svelte:18:96) is strongly discouraged. Consider using `bind:editorFrameRef={...}` in src/lib/media/MediaDetails.svelte (or using a callback) instead
2026-10-05T23:58:38.8835720Z https://svelte.dev/e/ownership_invalid_mutation
2026-10-05T23:58:38.8842570Z 2026-10-05T23:58:38.884Z pw:browser [pid=2829][err] [1005/235838.884112:INFO:CONSOLE:1222] "%c[svelte] ownership_invalid_mutation
2026-10-05T23:58:38.8845966Z 2026-10-05T23:58:38.884Z pw:browser [pid=2829][err] %cMutating unbound props (`editorFrameRef`, at src/​lib/​media/​FocalPointEditor.svelte:18:32) is strongly discouraged. Consider using `bind:editorFrameRef={...}` in src/lib/media/MediaDetails.svelte (or using a callback) instead
2026-10-05T23:58:38.8847598Z 2026-10-05T23:58:38.884Z pw:browser [pid=2829][err] https://svelte.dev/e/ownership_invalid_mutation font-weight: bold font-weight: normal", source: http://localhost:63315/__vitest_browser__/tester-BJtsJFpD.js (1222)
2026-10-05T23:58:38.8849027Z [90mstderr[2m | parity/emdash/media-admin-editor/source/packages/admin/tests/components/MediaDetailPanel.test.tsx[2m > [22m[2mMediaDetailPanel file URL[2m > [22m[2mrenders provider assets read-only
2026-10-05T23:58:38.8849824Z [22m[39m[svelte] ownership_invalid_mutation
2026-10-05T23:58:38.8851039Z Mutating unbound props (`editorFrameRef`, at src/​lib/​media/​FocalPointEditor.svelte:18:32) is strongly discouraged. Consider using `bind:editorFrameRef={...}` in src/lib/media/MediaDetails.svelte (or using a callback) instead
2026-10-05T23:58:38.8851876Z https://svelte.dev/e/ownership_invalid_mutation
2026-10-05T23:58:38.8863643Z 2026-10-05T23:58:38.886Z pw:browser [pid=2829][err] [1005/235838.886242:INFO:CONSOLE:1222] "%c[svelte] ownership_invalid_mutation
2026-10-05T23:58:38.8865226Z 2026-10-05T23:58:38.886Z pw:browser [pid=2829][err] %cMutating unbound props (`editorFrameRef`, at src/​lib/​media/​FocalPointEditor.svelte:18:96) is strongly discouraged. Consider using `bind:editorFrameRef={...}` in src/lib/media/MediaDetails.svelte (or using a callback) instead
2026-10-05T23:58:38.8866746Z 2026-10-05T23:58:38.886Z pw:browser [pid=2829][err] https://svelte.dev/e/ownership_invalid_mutation font-weight: bold font-weight: normal", source: http://localhost:63315/__vitest_browser__/tester-BJtsJFpD.js (1222)
2026-10-05T23:58:38.8874968Z [90mstderr[2m | parity/emdash/media-admin-editor/source/packages/admin/tests/components/MediaDetailPanel.test.tsx[2m > [22m[2mMediaDetailPanel file URL[2m > [22m[2mvideo preview[2m > [22m[2mplays a streaming item's HLS/DASH sources rather than its poster URL
2026-10-05T23:58:38.8875830Z [22m[39m[svelte] ownership_invalid_mutation
2026-10-05T23:58:38.8876887Z Mutating unbound props (`editorFrameRef`, at src/​lib/​media/​FocalPointEditor.svelte:18:96) is strongly discouraged. Consider using `bind:editorFrameRef={...}` in src/lib/media/MediaDetails.svelte (or using a callback) instead
2026-10-05T23:58:38.8877412Z https://svelte.dev/e/ownership_invalid_mutation
2026-10-05T23:58:38.9029090Z [90mstderr[2m | parity/emdash/media-admin-editor/source/packages/admin/tests/components/MediaDetailPanel.test.tsx
2026-10-05T23:58:38.9032605Z [22m[39m[svelte] derived_inert
2026-10-05T23:58:38.9055795Z Reading a derived belonging to a now-destroyed effect may result in stale values
2026-10-05T23:58:38.9056187Z https://svelte.dev/e/derived_inert
2026-10-05T23:58:38.9056836Z [90mstderr[2m | parity/emdash/media-admin-editor/source/packages/admin/tests/components/MediaDetailPanel.test.tsx
2026-10-05T23:58:38.9057233Z [22m[39m[svelte] derived_inert
2026-10-05T23:58:38.9057476Z Reading a derived belonging to a now-destroyed effect may result in stale values
2026-10-05T23:58:38.9057718Z https://svelte.dev/e/derived_inert
2026-10-05T23:58:38.9058091Z [90mstderr[2m | parity/emdash/media-admin-editor/source/packages/admin/tests/components/MediaDetailPanel.test.tsx
2026-10-05T23:58:38.9058417Z [22m[39m[svelte] derived_inert
2026-10-05T23:58:38.9058889Z Reading a derived belonging to a now-destroyed effect may result in stale values
2026-10-05T23:58:38.9059120Z https://svelte.dev/e/derived_inert
2026-10-05T23:58:38.9059483Z [90mstderr[2m | parity/emdash/media-admin-editor/source/packages/admin/tests/components/MediaDetailPanel.test.tsx
2026-10-05T23:58:38.9059787Z [22m[39m[svelte] derived_inert
2026-10-05T23:58:38.9060014Z Reading a derived belonging to a now-destroyed effect may result in stale values
2026-10-05T23:58:38.9060395Z https://svelte.dev/e/derived_inert
2026-10-05T23:58:38.9060701Z 2026-10-05T23:58:38.902Z pw:browser [pid=2829][err] [1005/235838.901840:INFO:CONSOLE:1222] "%c[svelte] derived_inert
2026-10-05T23:58:38.9061148Z 2026-10-05T23:58:38.902Z pw:browser [pid=2829][err] %cReading a derived belonging to a now-destroyed effect may result in stale values
2026-10-05T23:58:38.9061791Z 2026-10-05T23:58:38.902Z pw:browser [pid=2829][err] https://svelte.dev/e/derived_inert font-weight: bold font-weight: normal", source: http://localhost:63315/__vitest_browser__/tester-BJtsJFpD.js (1222)
2026-10-05T23:58:38.9062348Z 2026-10-05T23:58:38.902Z pw:browser [pid=2829][err] [1005/235838.901973:INFO:CONSOLE:1222] "%c[svelte] derived_inert
2026-10-05T23:58:38.9062793Z 2026-10-05T23:58:38.902Z pw:browser [pid=2829][err] %cReading a derived belonging to a now-destroyed effect may result in stale values
2026-10-05T23:58:38.9063410Z 2026-10-05T23:58:38.902Z pw:browser [pid=2829][err] https://svelte.dev/e/derived_inert font-weight: bold font-weight: normal", source: http://localhost:63315/__vitest_browser__/tester-BJtsJFpD.js (1222)
2026-10-05T23:58:38.9063953Z 2026-10-05T23:58:38.902Z pw:browser [pid=2829][err] [1005/235838.902086:INFO:CONSOLE:1222] "%c[svelte] derived_inert
2026-10-05T23:58:38.9064386Z 2026-10-05T23:58:38.902Z pw:browser [pid=2829][err] %cReading a derived belonging to a now-destroyed effect may result in stale values
2026-10-05T23:58:38.9065002Z 2026-10-05T23:58:38.902Z pw:browser [pid=2829][err] https://svelte.dev/e/derived_inert font-weight: bold font-weight: normal", source: http://localhost:63315/__vitest_browser__/tester-BJtsJFpD.js (1222)
2026-10-05T23:58:38.9065541Z 2026-10-05T23:58:38.902Z pw:browser [pid=2829][err] [1005/235838.902177:INFO:CONSOLE:1222] "%c[svelte] derived_inert
2026-10-05T23:58:38.9066099Z 2026-10-05T23:58:38.902Z pw:browser [pid=2829][err] %cReading a derived belonging to a now-destroyed effect may result in stale values
2026-10-05T23:58:38.9066708Z 2026-10-05T23:58:38.902Z pw:browser [pid=2829][err] https://svelte.dev/e/derived_inert font-weight: bold font-weight: normal", source: http://localhost:63315/__vitest_browser__/tester-BJtsJFpD.js (1222)
2026-10-05T23:58:38.9067244Z 2026-10-05T23:58:38.902Z pw:browser [pid=2829][err] [1005/235838.902267:INFO:CONSOLE:1222] "%c[svelte] derived_inert
2026-10-05T23:58:38.9067675Z 2026-10-05T23:58:38.902Z pw:browser [pid=2829][err] %cReading a derived belonging to a now-destroyed effect may result in stale values
2026-10-05T23:58:38.9068288Z 2026-10-05T23:58:38.902Z pw:browser [pid=2829][err] https://svelte.dev/e/derived_inert font-weight: bold font-weight: normal", source: http://localhost:63315/__vitest_browser__/tester-BJtsJFpD.js (1222)
2026-10-05T23:58:38.9068903Z [90mstderr[2m | parity/emdash/media-admin-editor/source/packages/admin/tests/components/MediaDetailPanel.test.tsx
2026-10-05T23:58:38.9069205Z [22m[39m[svelte] derived_inert
2026-10-05T23:58:38.9069436Z Reading a derived belonging to a now-destroyed effect may result in stale values
2026-10-05T23:58:38.9069664Z https://svelte.dev/e/derived_inert
2026-10-05T23:58:38.9131395Z  [32m✓[39m [30m[43m chromium [49m[39m parity/emdash/media-admin-editor/source/packages/admin/tests/components/MediaDetailPanel.test.tsx [2m([22m[2m86 tests[22m[2m)[22m[33m 3541[2mms[22m[39m
2026-10-05T23:58:38.9132109Z      [33m[2m✓[22m[39m searches Location independently and resets the search after selection [33m 316[2mms[22m[39m
2026-10-05T23:58:38.9432254Z 2026-10-05T23:58:38.942Z pw:browser [pid=2829][err] [1005/235838.942061:INFO:CONSOLE:934] "[vite] connecting...", source: http://localhost:63315/@vite/client (934)
2026-10-05T23:58:38.9509057Z 2026-10-05T23:58:38.950Z pw:browser [pid=2829][err] [1005/235838.950247:INFO:CONSOLE:1045] "[vite] connected.", source: http://localhost:63315/@vite/client (1045)
2026-10-05T23:58:39.4004155Z  [32m✓[39m [30m[43m chromium [49m[39m parity/emdash/media-admin-editor/source/packages/admin/tests/components/MediaUsedIn.test.tsx [2m([22m[2m23 tests[22m[2m)[22m[33m 312[2mms[22m[39m
2026-10-05T23:58:39.4296600Z 2026-10-05T23:58:39.426Z pw:browser [pid=2829][err] [1005/235839.426106:INFO:CONSOLE:934] "[vite] connecting...", source: http://localhost:63315/@vite/client (934)
2026-10-05T23:58:39.4335648Z 2026-10-05T23:58:39.433Z pw:browser [pid=2829][err] [1005/235839.432861:INFO:CONSOLE:1045] "[vite] connected.", source: http://localhost:63315/@vite/client (1045)
2026-10-05T23:58:39.8938940Z  [32m✓[39m [30m[43m chromium [49m[39m parity/emdash/media-admin-editor/source/packages/admin/tests/components/MediaImageCropper.test.tsx [2m([22m[2m12 tests[22m[2m)[22m[33m 374[2mms[22m[39m
2026-10-05T23:58:39.9103725Z 2026-10-05T23:58:39.909Z pw:browser [pid=2829][err] [1005/235839.909254:INFO:CONSOLE:934] "[vite] connecting...", source: http://localhost:63315/@vite/client (934)
2026-10-05T23:58:39.9169856Z 2026-10-05T23:58:39.916Z pw:browser [pid=2829][err] [1005/235839.916528:INFO:CONSOLE:1045] "[vite] connected.", source: http://localhost:63315/@vite/client (1045)
2026-10-05T23:58:40.0598032Z 2026-10-05T23:58:40.059Z pw:browser [pid=2829][err] [1005/235840.059378:INFO:CONSOLE:1222] "%c[svelte] ownership_invalid_mutation
2026-10-05T23:58:40.0599702Z 2026-10-05T23:58:40.059Z pw:browser [pid=2829][err] %cMutating unbound props (`editorFrameRef`, at src/​lib/​media/​FocalPointEditor.svelte:18:32) is strongly discouraged. Consider using `bind:editorFrameRef={...}` in src/lib/media/MediaDetails.svelte (or using a callback) instead
2026-10-05T23:58:40.0602409Z 2026-10-05T23:58:40.059Z pw:browser [pid=2829][err] https://svelte.dev/e/ownership_invalid_mutation font-weight: bold font-weight: normal", source: http://localhost:63315/__vitest_browser__/tester-BJtsJFpD.js (1222)
2026-10-05T23:58:40.0603987Z [90mstderr[2m | parity/emdash/media-admin-editor/source/packages/admin/tests/components/MediaDetailPanelNavigation.test.tsx[2m > [22m[2mMediaDetailPanel usage navigation[2m > [22m[2mrequests and navigates from local media without a usage summary
2026-10-05T23:58:40.0604716Z [22m[39m[svelte] ownership_invalid_mutation
2026-10-05T23:58:40.0605693Z Mutating unbound props (`editorFrameRef`, at src/​lib/​media/​FocalPointEditor.svelte:18:32) is strongly discouraged. Consider using `bind:editorFrameRef={...}` in src/lib/media/MediaDetails.svelte (or using a callback) instead
2026-10-05T23:58:40.0606323Z https://svelte.dev/e/ownership_invalid_mutation
2026-10-05T23:58:40.1234533Z 2026-10-05T23:58:40.123Z pw:browser [pid=2829][err] [1005/235840.123115:INFO:CONSOLE:1222] "%c[svelte] ownership_invalid_mutation
2026-10-05T23:58:40.1236427Z 2026-10-05T23:58:40.123Z pw:browser [pid=2829][err] %cMutating unbound props (`editorFrameRef`, at src/​lib/​media/​FocalPointEditor.svelte:18:96) is strongly discouraged. Consider using `bind:editorFrameRef={...}` in src/lib/media/MediaDetails.svelte (or using a callback) instead
2026-10-05T23:58:40.1237863Z 2026-10-05T23:58:40.123Z pw:browser [pid=2829][err] https://svelte.dev/e/ownership_invalid_mutation font-weight: bold font-weight: normal", source: http://localhost:63315/__vitest_browser__/tester-BJtsJFpD.js (1222)
2026-10-05T23:58:40.1239660Z [90mstderr[2m | parity/emdash/media-admin-editor/source/packages/admin/tests/components/MediaDetailPanelNavigation.test.tsx[2m > [22m[2mMediaDetailPanel usage navigation[2m > [22m[2mrequests and navigates from local media without a usage summary
2026-10-05T23:58:40.1240773Z [22m[39m[svelte] ownership_invalid_mutation
2026-10-05T23:58:40.1246802Z Mutating unbound props (`editorFrameRef`, at src/​lib/​media/​FocalPointEditor.svelte:18:96) is strongly discouraged. Consider using `bind:editorFrameRef={...}` in src/lib/media/MediaDetails.svelte (or using a callback) instead
2026-10-05T23:58:40.1248330Z https://svelte.dev/e/ownership_invalid_mutation
2026-10-05T23:58:40.1249598Z [90mstderr[2m | parity/emdash/media-admin-editor/source/packages/admin/tests/components/MediaDetailPanelNavigation.test.tsx[2m > [22m[2mMediaDetailPanel usage navigation[2m > [22m[2mrequests and navigates from local media without a usage summary
2026-10-05T23:58:40.1250941Z [22m[39mAttempted to synchronously unmount a root while React was already rendering. React cannot finish unmounting the root until the current render has completed, which may lead to a race condition.
2026-10-05T23:58:40.1252612Z 2026-10-05T23:58:40.124Z pw:browser [pid=2829][err] [1005/235840.124196:INFO:CONSOLE:1222] "Attempted to synchronously unmount a root while React was already rendering. React cannot finish unmounting the root until the current render has completed, which may lead to a race condition.", source: http://localhost:63315/__vitest_browser__/tester-BJtsJFpD.js (1222)
2026-10-05T23:58:40.1299175Z 2026-10-05T23:58:40.129Z pw:browser [pid=2829][err] [1005/235840.129781:INFO:CONSOLE:1222] "%c[svelte] ownership_invalid_mutation
2026-10-05T23:58:40.1300833Z 2026-10-05T23:58:40.129Z pw:browser [pid=2829][err] %cMutating unbound props (`editorFrameRef`, at src/​lib/​media/​FocalPointEditor.svelte:18:32) is strongly discouraged. Consider using `bind:editorFrameRef={...}` in src/lib/media/MediaDetails.svelte (or using a callback) instead
2026-10-05T23:58:40.1302126Z 2026-10-05T23:58:40.129Z pw:browser [pid=2829][err] https://svelte.dev/e/ownership_invalid_mutation font-weight: bold font-weight: normal", source: http://localhost:63315/__vitest_browser__/tester-BJtsJFpD.js (1222)
2026-10-05T23:58:40.1303139Z [90mstderr[2m | parity/emdash/media-admin-editor/source/packages/admin/tests/components/MediaDetailPanelNavigation.test.tsx[2m > [22m[2mMediaDetailPanel usage navigation[2m > [22m[2mkeeps the Used in height stable when loading results appear
2026-10-05T23:58:40.1303685Z [22m[39m[svelte] ownership_invalid_mutation
2026-10-05T23:58:40.1304499Z Mutating unbound props (`editorFrameRef`, at src/​lib/​media/​FocalPointEditor.svelte:18:32) is strongly discouraged. Consider using `bind:editorFrameRef={...}` in src/lib/media/MediaDetails.svelte (or using a callback) instead
2026-10-05T23:58:40.1304979Z https://svelte.dev/e/ownership_invalid_mutation
2026-10-05T23:58:40.2356946Z 2026-10-05T23:58:40.235Z pw:browser [pid=2829][err] [1005/235840.235493:INFO:CONSOLE:1222] "%c[svelte] ownership_invalid_mutation
2026-10-05T23:58:40.2358782Z 2026-10-05T23:58:40.235Z pw:browser [pid=2829][err] %cMutating unbound props (`editorFrameRef`, at src/​lib/​media/​FocalPointEditor.svelte:18:96) is strongly discouraged. Consider using `bind:editorFrameRef={...}` in src/lib/media/MediaDetails.svelte (or using a callback) instead
2026-10-05T23:58:40.2360529Z 2026-10-05T23:58:40.235Z pw:browser [pid=2829][err] https://svelte.dev/e/ownership_invalid_mutation font-weight: bold font-weight: normal", source: http://localhost:63315/__vitest_browser__/tester-BJtsJFpD.js (1222)
2026-10-05T23:58:40.2366029Z 2026-10-05T23:58:40.236Z pw:browser [pid=2829][err] [1005/235840.236156:INFO:CONSOLE:1222] "Attempted to synchronously unmount a root while React was already rendering. React cannot finish unmounting the root until the current render has completed, which may lead to a race condition.", source: http://localhost:63315/__vitest_browser__/tester-BJtsJFpD.js (1222)
2026-10-05T23:58:40.2367932Z [90mstderr[2m | parity/emdash/media-admin-editor/source/packages/admin/tests/components/MediaDetailPanelNavigation.test.tsx[2m > [22m[2mMediaDetailPanel usage navigation[2m > [22m[2mmakes no usage request for provider media
2026-10-05T23:58:40.2368668Z [22m[39m[svelte] ownership_invalid_mutation
2026-10-05T23:58:40.2369722Z Mutating unbound props (`editorFrameRef`, at src/​lib/​media/​FocalPointEditor.svelte:18:96) is strongly discouraged. Consider using `bind:editorFrameRef={...}` in src/lib/media/MediaDetails.svelte (or using a callback) instead
2026-10-05T23:58:40.2370366Z https://svelte.dev/e/ownership_invalid_mutation
2026-10-05T23:58:40.2371227Z [90mstderr[2m | parity/emdash/media-admin-editor/source/packages/admin/tests/components/MediaDetailPanelNavigation.test.tsx[2m > [22m[2mMediaDetailPanel usage navigation[2m > [22m[2mmakes no usage request for provider media
2026-10-05T23:58:40.2372497Z [22m[39mAttempted to synchronously unmount a root while React was already rendering. React cannot finish unmounting the root until the current render has completed, which may lead to a race condition.
2026-10-05T23:58:40.2398203Z 2026-10-05T23:58:40.239Z pw:browser [pid=2829][err] [1005/235840.239697:INFO:CONSOLE:1222] "%c[svelte] ownership_invalid_mutation
2026-10-05T23:58:40.2399728Z 2026-10-05T23:58:40.239Z pw:browser [pid=2829][err] %cMutating unbound props (`editorFrameRef`, at src/​lib/​media/​FocalPointEditor.svelte:18:32) is strongly discouraged. Consider using `bind:editorFrameRef={...}` in src/lib/media/MediaDetails.svelte (or using a callback) instead
2026-10-05T23:58:40.2401700Z 2026-10-05T23:58:40.239Z pw:browser [pid=2829][err] https://svelte.dev/e/ownership_invalid_mutation font-weight: bold font-weight: normal", source: http://localhost:63315/__vitest_browser__/tester-BJtsJFpD.js (1222)
2026-10-05T23:58:40.2402685Z [90mstderr[2m | parity/emdash/media-admin-editor/source/packages/admin/tests/components/MediaDetailPanelNavigation.test.tsx[2m > [22m[2mMediaDetailPanel usage navigation[2m > [22m[2mmakes no usage request for provider media
2026-10-05T23:58:40.2403207Z [22m[39m[svelte] ownership_invalid_mutation
2026-10-05T23:58:40.2403849Z Mutating unbound props (`editorFrameRef`, at src/​lib/​media/​FocalPointEditor.svelte:18:32) is strongly discouraged. Consider using `bind:editorFrameRef={...}` in src/lib/media/MediaDetails.svelte (or using a callback) instead
2026-10-05T23:58:40.2404335Z https://svelte.dev/e/ownership_invalid_mutation
2026-10-05T23:58:40.2444071Z 2026-10-05T23:58:40.243Z pw:browser [pid=2829][err] [1005/235840.243502:INFO:CONSOLE:1222] "%c[svelte] ownership_invalid_mutation
2026-10-05T23:58:40.2445776Z 2026-10-05T23:58:40.243Z pw:browser [pid=2829][err] %cMutating unbound props (`editorFrameRef`, at src/​lib/​media/​FocalPointEditor.svelte:18:96) is strongly discouraged. Consider using `bind:editorFrameRef={...}` in src/lib/media/MediaDetails.svelte (or using a callback) instead
2026-10-05T23:58:40.2446878Z 2026-10-05T23:58:40.243Z pw:browser [pid=2829][err] https://svelte.dev/e/ownership_invalid_mutation font-weight: bold font-weight: normal", source: http://localhost:63315/__vitest_browser__/tester-BJtsJFpD.js (1222)
2026-10-05T23:58:40.2448106Z [90mstderr[2m | parity/emdash/media-admin-editor/source/packages/admin/tests/components/MediaDetailPanelNavigation.test.tsx[2m > [22m[2mMediaDetailPanel usage navigation[2m > [22m[2mpreserves modified links and lets dirty same-tab navigation be cancelled
2026-10-05T23:58:40.2449141Z [22m[39m[svelte] ownership_invalid_mutation
2026-10-05T23:58:40.2450427Z Mutating unbound props (`editorFrameRef`, at src/​lib/​media/​FocalPointEditor.svelte:18:96) is strongly discouraged. Consider using `bind:editorFrameRef={...}` in src/lib/media/MediaDetails.svelte (or using a callback) instead
2026-10-05T23:58:40.2451160Z https://svelte.dev/e/ownership_invalid_mutation
2026-10-05T23:58:40.2477060Z 2026-10-05T23:58:40.247Z pw:browser [pid=2829][err] [1005/235840.247559:INFO:CONSOLE:1222] "%c[svelte] ownership_invalid_mutation
2026-10-05T23:58:40.2478437Z 2026-10-05T23:58:40.247Z pw:browser [pid=2829][err] %cMutating unbound props (`editorFrameRef`, at src/​lib/​media/​FocalPointEditor.svelte:18:32) is strongly discouraged. Consider using `bind:editorFrameRef={...}` in src/lib/media/MediaDetails.svelte (or using a callback) instead
2026-10-05T23:58:40.2480167Z 2026-10-05T23:58:40.247Z pw:browser [pid=2829][err] https://svelte.dev/e/ownership_invalid_mutation font-weight: bold font-weight: normal", source: http://localhost:63315/__vitest_browser__/tester-BJtsJFpD.js (1222)
2026-10-05T23:58:40.2481611Z [90mstderr[2m | parity/emdash/media-admin-editor/source/packages/admin/tests/components/MediaDetailPanelNavigation.test.tsx[2m > [22m[2mMediaDetailPanel usage navigation[2m > [22m[2mpreserves modified links and lets dirty same-tab navigation be cancelled
2026-10-05T23:58:40.2482218Z [22m[39m[svelte] ownership_invalid_mutation
2026-10-05T23:58:40.2482885Z Mutating unbound props (`editorFrameRef`, at src/​lib/​media/​FocalPointEditor.svelte:18:32) is strongly discouraged. Consider using `bind:editorFrameRef={...}` in src/lib/media/MediaDetails.svelte (or using a callback) instead
2026-10-05T23:58:40.2483393Z https://svelte.dev/e/ownership_invalid_mutation
2026-10-05T23:58:40.3228723Z 2026-10-05T23:58:40.322Z pw:browser [pid=2829][err] [1005/235840.322552:INFO:CONSOLE:1222] "%c[svelte] ownership_invalid_mutation
2026-10-05T23:58:40.3230571Z 2026-10-05T23:58:40.322Z pw:browser [pid=2829][err] %cMutating unbound props (`editorFrameRef`, at src/​lib/​media/​FocalPointEditor.svelte:18:96) is strongly discouraged. Consider using `bind:editorFrameRef={...}` in src/lib/media/MediaDetails.svelte (or using a callback) instead
2026-10-05T23:58:40.3232466Z 2026-10-05T23:58:40.322Z pw:browser [pid=2829][err] https://svelte.dev/e/ownership_invalid_mutation font-weight: bold font-weight: normal", source: http://localhost:63315/__vitest_browser__/tester-BJtsJFpD.js (1222)
2026-10-05T23:58:40.3236703Z 2026-10-05T23:58:40.323Z pw:browser [pid=2829][err] [1005/235840.323161:INFO:CONSOLE:1222] "Attempted to synchronously unmount a root while React was already rendering. React cannot finish unmounting the root until the current render has completed, which may lead to a race condition.", source: http://localhost:63315/__vitest_browser__/tester-BJtsJFpD.js (1222)
2026-10-05T23:58:40.3244329Z [90mstderr[2m | parity/emdash/media-admin-editor/source/packages/admin/tests/components/MediaDetailPanelNavigation.test.tsx[2m > [22m[2mMediaDetailPanel usage navigation[2m > [22m[2mnavigates after dirty same-tab navigation is discarded
2026-10-05T23:58:40.3245198Z [22m[39m[svelte] ownership_invalid_mutation
2026-10-05T23:58:40.3246234Z Mutating unbound props (`editorFrameRef`, at src/​lib/​media/​FocalPointEditor.svelte:18:96) is strongly discouraged. Consider using `bind:editorFrameRef={...}` in src/lib/media/MediaDetails.svelte (or using a callback) instead
2026-10-05T23:58:40.3247043Z https://svelte.dev/e/ownership_invalid_mutation
2026-10-05T23:58:40.3248312Z [90mstderr[2m | parity/emdash/media-admin-editor/source/packages/admin/tests/components/MediaDetailPanelNavigation.test.tsx[2m > [22m[2mMediaDetailPanel usage navigation[2m > [22m[2mnavigates after dirty same-tab navigation is discarded
2026-10-05T23:58:40.3249901Z [22m[39mAttempted to synchronously unmount a root while React was already rendering. React cannot finish unmounting the root until the current render has completed, which may lead to a race condition.
2026-10-05T23:58:40.3277384Z 2026-10-05T23:58:40.327Z pw:browser [pid=2829][err] [1005/235840.327593:INFO:CONSOLE:1222] "%c[svelte] ownership_invalid_mutation
2026-10-05T23:58:40.3278988Z 2026-10-05T23:58:40.327Z pw:browser [pid=2829][err] %cMutating unbound props (`editorFrameRef`, at src/​lib/​media/​FocalPointEditor.svelte:18:32) is strongly discouraged. Consider using `bind:editorFrameRef={...}` in src/lib/media/MediaDetails.svelte (or using a callback) instead
2026-10-05T23:58:40.3280124Z 2026-10-05T23:58:40.327Z pw:browser [pid=2829][err] https://svelte.dev/e/ownership_invalid_mutation font-weight: bold font-weight: normal", source: http://localhost:63315/__vitest_browser__/tester-BJtsJFpD.js (1222)
2026-10-05T23:58:40.3288275Z [90mstderr[2m | parity/emdash/media-admin-editor/source/packages/admin/tests/components/MediaDetailPanelNavigation.test.tsx[2m > [22m[2mMediaDetailPanel usage navigation[2m > [22m[2mnavigates after dirty same-tab navigation is discarded
2026-10-05T23:58:40.3289149Z [22m[39m[svelte] ownership_invalid_mutation
2026-10-05T23:58:40.3290368Z Mutating unbound props (`editorFrameRef`, at src/​lib/​media/​FocalPointEditor.svelte:18:32) is strongly discouraged. Consider using `bind:editorFrameRef={...}` in src/lib/media/MediaDetails.svelte (or using a callback) instead
2026-10-05T23:58:40.3291151Z https://svelte.dev/e/ownership_invalid_mutation
2026-10-05T23:58:40.3914300Z 2026-10-05T23:58:40.391Z pw:browser [pid=2829][err] [1005/235840.391047:INFO:CONSOLE:1222] "%c[svelte] ownership_invalid_mutation
2026-10-05T23:58:40.3916181Z 2026-10-05T23:58:40.391Z pw:browser [pid=2829][err] %cMutating unbound props (`editorFrameRef`, at src/​lib/​media/​FocalPointEditor.svelte:18:96) is strongly discouraged. Consider using `bind:editorFrameRef={...}` in src/lib/media/MediaDetails.svelte (or using a callback) instead
2026-10-05T23:58:40.3918658Z 2026-10-05T23:58:40.391Z pw:browser [pid=2829][err] https://svelte.dev/e/ownership_invalid_mutation font-weight: bold font-weight: normal", source: http://localhost:63315/__vitest_browser__/tester-BJtsJFpD.js (1222)
2026-10-05T23:58:40.3920991Z [90mstderr[2m | parity/emdash/media-admin-editor/source/packages/admin/tests/components/MediaDetailPanelNavigation.test.tsx[2m > [22m[2mMediaDetailPanel usage navigation[2m > [22m[2mnavigates after dirty same-tab navigation is discarded
2026-10-05T23:58:40.3921766Z [22m[39m[svelte] ownership_invalid_mutation
2026-10-05T23:58:40.3922501Z Mutating unbound props (`editorFrameRef`, at src/​lib/​media/​FocalPointEditor.svelte:18:96) is strongly discouraged. Consider using `bind:editorFrameRef={...}` in src/lib/media/MediaDetails.svelte (or using a callback) instead
2026-10-05T23:58:40.3923062Z https://svelte.dev/e/ownership_invalid_mutation
2026-10-05T23:58:40.3923903Z [90mstderr[2m | parity/emdash/media-admin-editor/source/packages/admin/tests/components/MediaDetailPanelNavigation.test.tsx[2m > [22m[2mMediaDetailPanel usage navigation[2m > [22m[2mnavigates after dirty same-tab navigation is discarded
2026-10-05T23:58:40.3925648Z [22m[39mAttempted to synchronously unmount a root while React was already rendering. React cannot finish unmounting the root until the current render has completed, which may lead to a race condition.
2026-10-05T23:58:40.3927514Z 2026-10-05T23:58:40.391Z pw:browser [pid=2829][err] [1005/235840.391768:INFO:CONSOLE:1222] "Attempted to synchronously unmount a root while React was already rendering. React cannot finish unmounting the root until the current render has completed, which may lead to a race condition.", source: http://localhost:63315/__vitest_browser__/tester-BJtsJFpD.js (1222)
2026-10-05T23:58:40.3965747Z 2026-10-05T23:58:40.396Z pw:browser [pid=2829][err] [1005/235840.396430:INFO:CONSOLE:1222] "%c[svelte] ownership_invalid_mutation
2026-10-05T23:58:40.3967341Z 2026-10-05T23:58:40.396Z pw:browser [pid=2829][err] %cMutating unbound props (`editorFrameRef`, at src/​lib/​media/​FocalPointEditor.svelte:18:32) is strongly discouraged. Consider using `bind:editorFrameRef={...}` in src/lib/media/MediaDetails.svelte (or using a callback) instead
2026-10-05T23:58:40.3968702Z 2026-10-05T23:58:40.396Z pw:browser [pid=2829][err] https://svelte.dev/e/ownership_invalid_mutation font-weight: bold font-weight: normal", source: http://localhost:63315/__vitest_browser__/tester-BJtsJFpD.js (1222)
2026-10-05T23:58:40.3969751Z [90mstderr[2m | parity/emdash/media-admin-editor/source/packages/admin/tests/components/MediaDetailPanelNavigation.test.tsx[2m > [22m[2mMediaDetailPanel usage navigation[2m > [22m[2mblocks primary, modified, auxiliary, and keyboard activation while saving
2026-10-05T23:58:40.3970834Z [22m[39m[svelte] ownership_invalid_mutation
2026-10-05T23:58:40.3972346Z Mutating unbound props (`editorFrameRef`, at src/​lib/​media/​FocalPointEditor.svelte:18:32) is strongly discouraged. Consider using `bind:editorFrameRef={...}` in src/lib/media/MediaDetails.svelte (or using a callback) instead
2026-10-05T23:58:40.3973366Z https://svelte.dev/e/ownership_invalid_mutation
2026-10-05T23:58:40.5252699Z  [32m✓[39m [30m[43m chromium [49m[39m parity/emdash/media-admin-editor/source/packages/admin/tests/components/MediaDetailPanelNavigation.test.tsx [2m([22m[2m6 tests[22m[2m)[22m[33m 477[2mms[22m[39m
2026-10-05T23:58:40.5566947Z 2026-10-05T23:58:40.556Z pw:browser [pid=2829][err] [1005/235840.555968:INFO:CONSOLE:934] "[vite] connecting...", source: http://localhost:63315/@vite/client (934)
2026-10-05T23:58:40.5614994Z 2026-10-05T23:58:40.561Z pw:browser [pid=2829][err] [1005/235840.561167:INFO:CONSOLE:1045] "[vite] connected.", source: http://localhost:63315/@vite/client (1045)
2026-10-05T23:58:40.7202720Z 2026-10-05T23:58:40.719Z pw:browser [pid=2829][err] [1005/235840.719887:INFO:CONSOLE:1222] "%c[svelte] ownership_invalid_mutation
2026-10-05T23:58:40.7204873Z 2026-10-05T23:58:40.719Z pw:browser [pid=2829][err] %cMutating unbound props (`editorFrameRef`, at src/​lib/​media/​FocalPointEditor.svelte:18:32) is strongly discouraged. Consider using `bind:editorFrameRef={...}` in src/lib/media/MediaDetails.svelte (or using a callback) instead
2026-10-05T23:58:40.7206491Z 2026-10-05T23:58:40.720Z pw:browser [pid=2829][err] https://svelte.dev/e/ownership_invalid_mutation font-weight: bold font-weight: normal", source: http://localhost:63315/__vitest_browser__/tester-BJtsJFpD.js (1222)
2026-10-05T23:58:40.7207371Z [90mstderr[2m | tests/media-panel-host/current-row-preservation.browser.tsx[2m > [22m[2mCURRENT Native empty update result retains the complete row and invalidates the supplied media cache
2026-10-05T23:58:40.7207829Z [22m[39m[svelte] ownership_invalid_mutation
2026-10-05T23:58:40.7208479Z Mutating unbound props (`editorFrameRef`, at src/​lib/​media/​FocalPointEditor.svelte:18:32) is strongly discouraged. Consider using `bind:editorFrameRef={...}` in src/lib/media/MediaDetails.svelte (or using a callback) instead
2026-10-05T23:58:40.7208974Z https://svelte.dev/e/ownership_invalid_mutation
2026-10-05T23:58:40.7927191Z 2026-10-05T23:58:40.792Z pw:browser [pid=2829][err] [1005/235840.792463:INFO:CONSOLE:1222] "%c[svelte] ownership_invalid_mutation
2026-10-05T23:58:40.7929300Z 2026-10-05T23:58:40.792Z pw:browser [pid=2829][err] %cMutating unbound props (`editorFrameRef`, at src/​lib/​media/​FocalPointEditor.svelte:18:96) is strongly discouraged. Consider using `bind:editorFrameRef={...}` in src/lib/media/MediaDetails.svelte (or using a callback) instead
2026-10-05T23:58:40.7931119Z 2026-10-05T23:58:40.792Z pw:browser [pid=2829][err] https://svelte.dev/e/ownership_invalid_mutation font-weight: bold font-weight: normal", source: http://localhost:63315/__vitest_browser__/tester-BJtsJFpD.js (1222)
2026-10-05T23:58:40.7932590Z [90mstderr[2m | tests/media-panel-host/current-row-preservation.browser.tsx[2m > [22m[2mCURRENT Native partial update merges returned fields and retains the original URL and row metadata
2026-10-05T23:58:40.7933685Z [22m[39m[svelte] ownership_invalid_mutation
2026-10-05T23:58:40.7934395Z Mutating unbound props (`editorFrameRef`, at src/​lib/​media/​FocalPointEditor.svelte:18:96) is strongly discouraged. Consider using `bind:editorFrameRef={...}` in src/lib/media/MediaDetails.svelte (or using a callback) instead
2026-10-05T23:58:40.7934946Z https://svelte.dev/e/ownership_invalid_mutation
2026-10-05T23:58:40.7960632Z 2026-10-05T23:58:40.795Z pw:browser [pid=2829][err] [1005/235840.795903:INFO:CONSOLE:1222] "%c[svelte] ownership_invalid_mutation
2026-10-05T23:58:40.7962271Z 2026-10-05T23:58:40.795Z pw:browser [pid=2829][err] %cMutating unbound props (`editorFrameRef`, at src/​lib/​media/​FocalPointEditor.svelte:18:32) is strongly discouraged. Consider using `bind:editorFrameRef={...}` in src/lib/media/MediaDetails.svelte (or using a callback) instead
2026-10-05T23:58:40.7964454Z 2026-10-05T23:58:40.795Z pw:browser [pid=2829][err] https://svelte.dev/e/ownership_invalid_mutation font-weight: bold font-weight: normal", source: http://localhost:63315/__vitest_browser__/tester-BJtsJFpD.js (1222)
2026-10-05T23:58:40.7965724Z [90mstderr[2m | tests/media-panel-host/current-row-preservation.browser.tsx[2m > [22m[2mCURRENT Native partial update merges returned fields and retains the original URL and row metadata
2026-10-05T23:58:40.7966356Z [22m[39m[svelte] ownership_invalid_mutation
2026-10-05T23:58:40.7967325Z Mutating unbound props (`editorFrameRef`, at src/​lib/​media/​FocalPointEditor.svelte:18:32) is strongly discouraged. Consider using `bind:editorFrameRef={...}` in src/lib/media/MediaDetails.svelte (or using a callback) instead
2026-10-05T23:58:40.7967965Z https://svelte.dev/e/ownership_invalid_mutation
2026-10-05T23:58:40.8118132Z 2026-10-05T23:58:40.811Z pw:browser [pid=2829][err] [1005/235840.811608:INFO:CONSOLE:1222] "%c[svelte] derived_inert
2026-10-05T23:58:40.8118931Z 2026-10-05T23:58:40.811Z pw:browser [pid=2829][err] %cReading a derived belonging to a now-destroyed effect may result in stale values
2026-10-05T23:58:40.8120059Z 2026-10-05T23:58:40.811Z pw:browser [pid=2829][err] https://svelte.dev/e/derived_inert font-weight: bold font-weight: normal", source: http://localhost:63315/__vitest_browser__/tester-BJtsJFpD.js (1222)
2026-10-05T23:58:40.8122054Z [90mstderr[2m | tests/media-panel-host/current-row-preservation.browser.tsx[2m > [22m[2mCURRENT Native partial update merges returned fields and retains the original URL and row metadata
2026-10-05T23:58:40.8122762Z [22m[39m[svelte] derived_inert
2026-10-05T23:58:40.8123133Z Reading a derived belonging to a now-destroyed effect may result in stale values
2026-10-05T23:58:40.8123522Z https://svelte.dev/e/derived_inert
2026-10-05T23:58:40.8555850Z  [32m✓[39m [30m[43m chromium [49m[39m tests/media-panel-host/current-row-preservation.browser.tsx [2m([22m[2m2 tests[22m[2m)[22m[32m 139[2mms[22m[39m
2026-10-05T23:58:40.8823026Z 2026-10-05T23:58:40.882Z pw:browser [pid=2829][err] [1005/235840.881663:INFO:CONSOLE:934] "[vite] connecting...", source: http://localhost:63315/@vite/client (934)
2026-10-05T23:58:40.8896995Z 2026-10-05T23:58:40.889Z pw:browser [pid=2829][err] [1005/235840.889045:INFO:CONSOLE:1045] "[vite] connected.", source: http://localhost:63315/@vite/client (1045)
2026-10-05T23:58:40.9801128Z  [32m✓[39m [30m[43m chromium [49m[39m parity/emdash/media-admin-editor/source/packages/admin/tests/components/FocalPointEditor.test.tsx [2m([22m[2m1 test[22m[2m)[22m[32m 8[2mms[22m[39m
2026-10-05T23:58:41.0309053Z 2026-10-05T23:58:41.029Z pw:browser [pid=2829][err] [1005/235841.028500:INFO:CONSOLE:934] "[vite] connecting...", source: http://localhost:63315/@vite/client (934)
2026-10-05T23:58:41.0432909Z 2026-10-05T23:58:41.042Z pw:browser [pid=2829][err] [1005/235841.042671:INFO:CONSOLE:1045] "[vite] connected.", source: http://localhost:63315/@vite/client (1045)
2026-10-05T23:58:41.1207883Z  [32m✓[39m [30m[43m chromium [49m[39m parity/emdash/media-admin-editor/source/packages/admin/tests/components/useContainedMediaSize.test.tsx [2m([22m[2m1 test[22m[2m)[22m[32m 4[2mms[22m[39m
2026-10-05T23:58:41.1226616Z 
2026-10-05T23:58:41.1229337Z [2m Test Files [22m [1m[32m7 passed[39m[22m[90m (7)[39m
2026-10-05T23:58:41.1229833Z [2m      Tests [22m [1m[32m131 passed[39m[22m[90m (131)[39m
2026-10-05T23:58:41.1230347Z [2m   Start at [22m 23:58:32
2026-10-05T23:58:41.1231797Z [2m   Duration [22m 8.19s[2m (transform 0ms, setup 220ms, import 854ms, tests 4.85s, environment 0ms)[22m
2026-10-05T23:58:41.1236577Z 
2026-10-05T23:58:41.1244011Z JSON report written to /home/runner/work/cms/cms/media-detail-source-results.json
2026-10-05T23:58:41.1279595Z 2026-10-05T23:58:41.127Z pw:browser [pid=2829][err] [1005/235841.125532:INFO:CONSOLE:1080] "[vite] server connection lost. Polling for restart...", source: http://localhost:63315/@vite/client (1080)
2026-10-05T23:58:41.1281220Z 2026-10-05T23:58:41.127Z pw:browser [pid=2829][err] [1005/235841.126259:INFO:CONSOLE:1211] "[vite] server connection lost. Polling for restart...", source: http://localhost:63315/__vitest_browser__/tester-BJtsJFpD.js (1211)
2026-10-05T23:58:41.1378891Z 2026-10-05T23:58:41.137Z pw:browser [pid=2829] <gracefully close start>
2026-10-05T23:58:41.1528567Z 2026-10-05T23:58:41.152Z pw:browser [pid=2829] <process did exit: exitCode=0, signal=null>
2026-10-05T23:58:41.1529404Z 2026-10-05T23:58:41.152Z pw:browser [pid=2829] starting temporary directories cleanup
2026-10-05T23:58:41.1547102Z 2026-10-05T23:58:41.154Z pw:browser [pid=2829] finished temporary directories cleanup
2026-10-05T23:58:41.1547624Z 2026-10-05T23:58:41.154Z pw:browser [pid=2829] <gracefully close end>
2026-10-05T23:58:41.1945184Z ##[group]Run actions/upload-artifact@v4
2026-10-05T23:58:41.1945355Z with:
2026-10-05T23:58:41.1945478Z   name: media-detail-source-results
2026-10-05T23:58:41.1945643Z   path: media-detail-source-results.json
2026-10-05T23:58:41.1945800Z   retention-days: 14
2026-10-05T23:58:41.1945924Z   if-no-files-found: warn
2026-10-05T23:58:41.1946054Z   compression-level: 6
2026-10-05T23:58:41.1946174Z   overwrite: false
2026-10-05T23:58:41.1946294Z   include-hidden-files: false
2026-10-05T23:58:41.1946427Z env:
2026-10-05T23:58:41.1946560Z   PNPM_HOME: /home/runner/setup-pnpm/node_modules/.bin
2026-10-05T23:58:41.1946842Z ##[endgroup]
2026-10-05T23:58:41.2942494Z (node:2912) [DEP0040] DeprecationWarning: The `punycode` module is deprecated. Please use a userland alternative instead.
2026-10-05T23:58:41.2942951Z (Use `node --trace-deprecation ...` to show where the warning was created)
2026-10-05T23:58:41.2966911Z With the provided path, there will be 1 file uploaded
2026-10-05T23:58:41.2979311Z Artifact name is valid!
2026-10-05T23:58:41.2979689Z Root directory input is valid!
2026-10-05T23:58:41.5708670Z Beginning upload of artifact content to blob storage
2026-10-05T23:58:41.5816498Z (node:2912) [DEP0169] DeprecationWarning: `url.parse()` behavior is not standardized and prone to errors that have security implications. Use the WHATWG URL API instead. CVEs are not issued for `url.parse()` vulnerabilities.
2026-10-05T23:58:41.7377766Z Uploaded bytes 5318
2026-10-05T23:58:41.7838737Z Finished uploading artifact content to blob storage!
2026-10-05T23:58:41.7839323Z SHA256 digest of uploaded artifact zip is b4e2e4361ac45784d35f09ff113a743f0b55d9600b6bb69d6fa236da95c1dfb1
2026-10-05T23:58:41.7840836Z Finalizing artifact upload
2026-10-05T23:58:42.0097731Z Artifact media-detail-source-results.zip successfully finalized. Artifact ID 11380529973
2026-10-05T23:58:42.0098652Z Artifact media-detail-source-results has been successfully uploaded! Final size is 5318 bytes. Artifact ID is 11380529973
2026-10-05T23:58:42.0102126Z Artifact download URL: https://github.com/sveltery/cms/actions/runs/37391064548/artifacts/11380529973
2026-10-05T23:58:42.0198169Z Post job cleanup.
2026-10-05T23:58:42.0846224Z (node:2924) [DEP0040] DeprecationWarning: The `punycode` module is deprecated. Please use a userland alternative instead.
2026-10-05T23:58:42.0846667Z (Use `node --trace-deprecation ...` to show where the warning was created)
2026-10-05T23:58:42.0931995Z Post job cleanup.
2026-10-05T23:58:42.1716477Z Pruning is unnecessary.
2026-10-05T23:58:42.1824595Z Post job cleanup.
2026-10-05T23:58:42.2369483Z [command]/usr/bin/git version
2026-10-05T23:58:42.2397019Z git version 2.55.0
2026-10-05T23:58:42.2418308Z Temporarily overriding HOME='/home/runner/work/_temp/ac073cbe-f3d1-41a7-b808-42e05aa6fbaf' before making global git config changes
2026-10-05T23:58:42.2419055Z Adding repository directory to the temporary git global config as a safe directory
2026-10-05T23:58:42.2421328Z [command]/usr/bin/git config --global --add safe.directory /home/runner/work/cms/cms
2026-10-05T23:58:42.2441470Z [command]/usr/bin/git config --local --name-only --get-regexp core\.sshCommand
2026-10-05T23:58:42.2458977Z [command]/usr/bin/git submodule foreach --recursive sh -c "git config --local --name-only --get-regexp 'core\.sshCommand' && git config --local --unset-all 'core.sshCommand' || :"
2026-10-05T23:58:42.2579688Z [command]/usr/bin/git config --local --name-only --get-regexp http\.https\:\/\/github\.com\/\.extraheader
2026-10-05T23:58:42.2594539Z http.https://github.com/.extraheader
2026-10-05T23:58:42.2601494Z [command]/usr/bin/git config --local --unset-all http.https://github.com/.extraheader
2026-10-05T23:58:42.2623645Z [command]/usr/bin/git submodule foreach --recursive sh -c "git config --local --name-only --get-regexp 'http\.https\:\/\/github\.com\/\.extraheader' && git config --local --unset-all 'http.https://github.com/.extraheader' || :"
2026-10-05T23:58:42.2744485Z [command]/usr/bin/git config --local --name-only --get-regexp ^includeIf\.gitdir:
2026-10-05T23:58:42.2791381Z [command]/usr/bin/git submodule foreach --recursive git config --local --show-origin --name-only --get-regexp remote.origin.url
2026-10-05T23:58:42.2993186Z Cleaning up orphan processes
2026-10-05T23:58:42.3142827Z ##[warning]Node.js 20 is deprecated. The following actions target Node.js 20 but are being forced to run on Node.js 24: actions/checkout@v4, actions/setup-node@v4, actions/upload-artifact@v4, pnpm/action-setup@v4. For more information see: https://github.blog/changelog/2025-09-19-deprecation-of-node-20-on-github-actions-runners/
