2026-10-06T01:43:57.7453209Z Current runner version: '2.337.0'
2026-10-06T01:43:57.7479155Z ##[group]Runner Image Provisioner
2026-10-06T01:43:57.7480194Z Hosted Compute Agent
2026-10-06T01:43:57.7481036Z Version: 20260901.588
2026-10-06T01:43:57.7481798Z Commit: f88ec8081b781fac6c440065ac7ff9e710ce3d0b
2026-10-06T01:43:57.7482562Z Build Date: 2026-09-01T19:56:44Z
2026-10-06T01:43:57.7483262Z Worker ID: {c860224d-1364-40e8-bc39-5f6ed835a8f6}
2026-10-06T01:43:57.7484073Z Azure Region: westus2
2026-10-06T01:43:57.7484685Z ##[endgroup]
2026-10-06T01:43:57.7486255Z ##[group]Operating System
2026-10-06T01:43:57.7486955Z Ubuntu
2026-10-06T01:43:57.7487556Z 22.04.5
2026-10-06T01:43:57.7488174Z LTS
2026-10-06T01:43:57.7488732Z ##[endgroup]
2026-10-06T01:43:57.7489354Z ##[group]Runner Image
2026-10-06T01:43:57.7490028Z Image: ubuntu-22.04
2026-10-06T01:43:57.7490826Z Version: 20260927.309.1
2026-10-06T01:43:57.7492337Z Included Software: https://github.com/actions/runner-images/blob/ubuntu22/20260927.309/images/ubuntu/Ubuntu2204-Readme.md
2026-10-06T01:43:57.7493976Z Image Release: https://github.com/actions/runner-images/releases/tag/ubuntu22%2F20260927.309
2026-10-06T01:43:57.7495005Z ##[endgroup]
2026-10-06T01:43:57.7496212Z ##[group]GITHUB_TOKEN Permissions
2026-10-06T01:43:57.7498175Z Contents: read
2026-10-06T01:43:57.7498819Z Metadata: read
2026-10-06T01:43:57.7499539Z ##[endgroup]
2026-10-06T01:43:57.7502064Z Secret source: Actions
2026-10-06T01:43:57.7503220Z Cache mode: write
2026-10-06T01:43:57.7503949Z Prepare workflow directory
2026-10-06T01:43:57.7841215Z Prepare all required actions
2026-10-06T01:43:57.7890033Z Getting action download info
2026-10-06T01:43:58.1857686Z Download action repository 'actions/checkout@v4' (SHA:11d5960a326750d5838078e36cf38b85af677262)
2026-10-06T01:43:58.3012638Z Download action repository 'pnpm/action-setup@v4' (SHA:b906affcce14559ad1aafd4ab0e942779e9f58b1)
2026-10-06T01:43:58.5498902Z Download action repository 'actions/setup-node@v4' (SHA:49933ea5288caeca8642d1e84afbd3f7d6820020)
2026-10-06T01:43:58.7176948Z Download action repository 'actions/upload-artifact@v4' (SHA:ea165f8d65b6e75b540449e92b4886f43607fa02)
2026-10-06T01:43:58.9308481Z Complete job name: media-admin-editor-source (panel)
2026-10-06T01:43:59.0102864Z ##[group]Run actions/checkout@v4
2026-10-06T01:43:59.0103928Z with:
2026-10-06T01:43:59.0104628Z   repository: sveltery/cms
2026-10-06T01:43:59.0108437Z   token: ***
2026-10-06T01:43:59.0109056Z   ssh-strict: true
2026-10-06T01:43:59.0109635Z   ssh-user: git
2026-10-06T01:43:59.0110207Z   persist-credentials: true
2026-10-06T01:43:59.0111340Z   clean: true
2026-10-06T01:43:59.0111929Z   sparse-checkout-cone-mode: true
2026-10-06T01:43:59.0112649Z   fetch-depth: 1
2026-10-06T01:43:59.0113231Z   fetch-tags: false
2026-10-06T01:43:59.0113814Z   show-progress: true
2026-10-06T01:43:59.0114437Z   lfs: false
2026-10-06T01:43:59.0114968Z   submodules: false
2026-10-06T01:43:59.0115533Z   set-safe-directory: true
2026-10-06T01:43:59.0116228Z   allow-unsafe-pr-checkout: false
2026-10-06T01:43:59.0117389Z ##[endgroup]
2026-10-06T01:43:59.1166541Z Syncing repository: sveltery/cms
2026-10-06T01:43:59.1169268Z ##[group]Getting Git version info
2026-10-06T01:43:59.1171105Z Working directory is '/home/runner/work/cms/cms'
2026-10-06T01:43:59.1173169Z [command]/usr/bin/git version
2026-10-06T01:43:59.1264269Z git version 2.55.0
2026-10-06T01:43:59.1287016Z ##[endgroup]
2026-10-06T01:43:59.1301666Z Temporarily overriding HOME='/home/runner/work/_temp/af1f9e22-afdb-490f-8deb-e43861643ed9' before making global git config changes
2026-10-06T01:43:59.1304227Z Adding repository directory to the temporary git global config as a safe directory
2026-10-06T01:43:59.1314710Z [command]/usr/bin/git config --global --add safe.directory /home/runner/work/cms/cms
2026-10-06T01:43:59.1348952Z Deleting the contents of '/home/runner/work/cms/cms'
2026-10-06T01:43:59.1354688Z ##[group]Initializing the repository
2026-10-06T01:43:59.1358446Z [command]/usr/bin/git init /home/runner/work/cms/cms
2026-10-06T01:43:59.1480240Z hint: Using 'master' as the name for the initial branch. This default branch name
2026-10-06T01:43:59.1482827Z hint: will change to "main" in Git 3.0. To configure the initial branch name
2026-10-06T01:43:59.1484961Z hint: to use in all of your new repositories, which will suppress this warning,
2026-10-06T01:43:59.1486595Z hint: call:
2026-10-06T01:43:59.1487821Z hint:
2026-10-06T01:43:59.1489081Z hint: 	git config --global init.defaultBranch <name>
2026-10-06T01:43:59.1490394Z hint:
2026-10-06T01:43:59.1492115Z hint: Names commonly chosen instead of 'master' are 'main', 'trunk' and
2026-10-06T01:43:59.1494430Z hint: 'development'. The just-created branch can be renamed via this command:
2026-10-06T01:43:59.1496400Z hint:
2026-10-06T01:43:59.1497573Z hint: 	git branch -m <name>
2026-10-06T01:43:59.1498738Z hint:
2026-10-06T01:43:59.1500120Z hint: Disable this message with "git config set advice.defaultBranchName false"
2026-10-06T01:43:59.1502144Z Initialized empty Git repository in /home/runner/work/cms/cms/.git/
2026-10-06T01:43:59.1505601Z [command]/usr/bin/git remote add origin https://github.com/sveltery/cms
2026-10-06T01:43:59.1541346Z ##[endgroup]
2026-10-06T01:43:59.1542509Z ##[group]Disabling automatic garbage collection
2026-10-06T01:43:59.1545890Z [command]/usr/bin/git config --local gc.auto 0
2026-10-06T01:43:59.1582369Z ##[endgroup]
2026-10-06T01:43:59.1583962Z ##[group]Setting up auth
2026-10-06T01:43:59.1588716Z [command]/usr/bin/git config --local --name-only --get-regexp core\.sshCommand
2026-10-06T01:43:59.1625445Z [command]/usr/bin/git submodule foreach --recursive sh -c "git config --local --name-only --get-regexp 'core\.sshCommand' && git config --local --unset-all 'core.sshCommand' || :"
2026-10-06T01:43:59.2060138Z [command]/usr/bin/git config --local --name-only --get-regexp http\.https\:\/\/github\.com\/\.extraheader
2026-10-06T01:43:59.2103972Z [command]/usr/bin/git submodule foreach --recursive sh -c "git config --local --name-only --get-regexp 'http\.https\:\/\/github\.com\/\.extraheader' && git config --local --unset-all 'http.https://github.com/.extraheader' || :"
2026-10-06T01:43:59.2385628Z [command]/usr/bin/git config --local --name-only --get-regexp ^includeIf\.gitdir:
2026-10-06T01:43:59.2428577Z [command]/usr/bin/git submodule foreach --recursive git config --local --show-origin --name-only --get-regexp remote.origin.url
2026-10-06T01:43:59.2691329Z [command]/usr/bin/git config --local http.https://github.com/.extraheader AUTHORIZATION: basic ***
2026-10-06T01:43:59.2735491Z ##[endgroup]
2026-10-06T01:43:59.2736495Z ##[group]Fetching the repository
2026-10-06T01:43:59.2745062Z [command]/usr/bin/git -c protocol.version=2 fetch --no-tags --prune --no-recurse-submodules --depth=1 origin +75fd61ec31e6268944950117a7103a89c235dc9a:refs/remotes/pull/121/merge
2026-10-06T01:44:00.7961640Z From https://github.com/sveltery/cms
2026-10-06T01:44:00.7962666Z  * [new ref]         75fd61ec31e6268944950117a7103a89c235dc9a -> pull/121/merge
2026-10-06T01:44:00.7965881Z ##[endgroup]
2026-10-06T01:44:00.7966736Z ##[group]Determining the checkout info
2026-10-06T01:44:00.7968418Z ##[endgroup]
2026-10-06T01:44:00.7974449Z [command]/usr/bin/git sparse-checkout disable
2026-10-06T01:44:00.8026182Z [command]/usr/bin/git config --local --unset-all extensions.worktreeConfig
2026-10-06T01:44:00.8097410Z ##[group]Checking out the ref
2026-10-06T01:44:00.8101188Z [command]/usr/bin/git checkout --progress --force refs/remotes/pull/121/merge
2026-10-06T01:44:01.3059928Z Note: switching to 'refs/remotes/pull/121/merge'.
2026-10-06T01:44:01.3061472Z 
2026-10-06T01:44:01.3061917Z You are in 'detached HEAD' state. You can look around, make experimental
2026-10-06T01:44:01.3062901Z changes and commit them, and you can discard any commits you make in this
2026-10-06T01:44:01.3063839Z state without impacting any branches by switching back to a branch.
2026-10-06T01:44:01.3064418Z 
2026-10-06T01:44:01.3064805Z If you want to create a new branch to retain commits you create, you may
2026-10-06T01:44:01.3065698Z do so (now or later) by using -c with the switch command. Example:
2026-10-06T01:44:01.3066572Z 
2026-10-06T01:44:01.3066795Z   git switch -c <new-branch-name>
2026-10-06T01:44:01.3067150Z 
2026-10-06T01:44:01.3067416Z Or undo this operation with:
2026-10-06T01:44:01.3067735Z 
2026-10-06T01:44:01.3067923Z   git switch -
2026-10-06T01:44:01.3068228Z 
2026-10-06T01:44:01.3068707Z Turn off this advice by setting config variable advice.detachedHead to false
2026-10-06T01:44:01.3069316Z 
2026-10-06T01:44:01.3070000Z HEAD is now at 75fd61e Merge 563b3fb36a43265336e34c4610cd6e2306195a8a into d8989c402af17e329be09c0f17773fa33e36d7a9
2026-10-06T01:44:01.3085680Z ##[endgroup]
2026-10-06T01:44:01.3133568Z [command]/usr/bin/git log -1 --format=%H
2026-10-06T01:44:01.3164097Z 75fd61ec31e6268944950117a7103a89c235dc9a
2026-10-06T01:44:01.3424603Z ##[group]Run pnpm/action-setup@v4
2026-10-06T01:44:01.3424941Z with:
2026-10-06T01:44:01.3425187Z   version: 12.6.0
2026-10-06T01:44:01.3425441Z   dest: ~/setup-pnpm
2026-10-06T01:44:01.3425696Z   run_install: null
2026-10-06T01:44:01.3425959Z   cache: false
2026-10-06T01:44:01.3426221Z   cache_dependency_path: pnpm-lock.yaml
2026-10-06T01:44:01.3426571Z   package_json_file: package.json
2026-10-06T01:44:01.3426870Z   standalone: false
2026-10-06T01:44:01.3427118Z ##[endgroup]
2026-10-06T01:44:01.4952496Z ##[group]Running self-installer...
2026-10-06T01:44:01.9499119Z (node:2112) [DEP0169] DeprecationWarning: `url.parse()` behavior is not standardized and prone to errors that have security implications. Use the WHATWG URL API instead. CVEs are not issued for `url.parse()` vulnerabilities.
2026-10-06T01:44:01.9501144Z (Use `node --trace-deprecation ...` to show where the warning was created)
2026-10-06T01:44:02.1217576Z Progress: resolved 1, reused 0, downloaded 0, added 0
2026-10-06T01:44:02.2856370Z Packages: +3
2026-10-06T01:44:02.2856839Z +++
2026-10-06T01:44:03.0264949Z Progress: resolved 15, reused 0, downloaded 3, added 3, done
2026-10-06T01:44:03.0430234Z .../.pnpm/pnpm@12.6.0/node_modules/pnpm preinstall$ node install.js
2026-10-06T01:44:03.3174064Z .../.pnpm/pnpm@12.6.0/node_modules/pnpm preinstall: Done
2026-10-06T01:44:03.3177541Z .../.pnpm/pnpm@12.6.0/node_modules/pnpm postinstall$ node install.js
2026-10-06T01:44:03.3665897Z .../.pnpm/pnpm@12.6.0/node_modules/pnpm postinstall: Done
2026-10-06T01:44:04.8328812Z 
2026-10-06T01:44:04.8329294Z dependencies:
2026-10-06T01:44:04.8329884Z + pnpm 12.6.0 (12.9.1 is available)
2026-10-06T01:44:04.8330308Z 
2026-10-06T01:44:04.8354585Z Done in 3.1s
2026-10-06T01:44:04.9051380Z ##[endgroup]
2026-10-06T01:44:04.9051707Z Installation Completed!
2026-10-06T01:44:04.9262889Z ##[group]Run actions/setup-node@v4
2026-10-06T01:44:04.9263186Z with:
2026-10-06T01:44:04.9263377Z   node-version: 24
2026-10-06T01:44:04.9263582Z   cache: pnpm
2026-10-06T01:44:04.9263786Z   always-auth: false
2026-10-06T01:44:04.9263999Z   check-latest: false
2026-10-06T01:44:04.9266622Z   token: ***
2026-10-06T01:44:04.9266825Z env:
2026-10-06T01:44:04.9267082Z   PNPM_HOME: /home/runner/setup-pnpm/node_modules/.bin
2026-10-06T01:44:04.9267414Z ##[endgroup]
2026-10-06T01:44:05.0821411Z Found in cache @ /opt/hostedtoolcache/node/24.21.0/x64
2026-10-06T01:44:05.0826428Z (node:2143) [DEP0040] DeprecationWarning: The `punycode` module is deprecated. Please use a userland alternative instead.
2026-10-06T01:44:05.0828051Z (Use `node --trace-deprecation ...` to show where the warning was created)
2026-10-06T01:44:05.0829652Z ##[group]Environment details
2026-10-06T01:44:07.9005899Z node: v24.21.0
2026-10-06T01:44:07.9006619Z npm: 11.19.0
2026-10-06T01:44:07.9007242Z yarn: 1.22.22
2026-10-06T01:44:07.9009047Z ##[endgroup]
2026-10-06T01:44:07.9031495Z [command]/home/runner/setup-pnpm/node_modules/.bin/pnpm store path --silent
2026-10-06T01:44:07.9225666Z /home/runner/setup-pnpm/node_modules/.bin/store/v11
2026-10-06T01:44:08.1789452Z Cache hit for: node-cache-Linux-x64-pnpm-cb01908ec0d0a45d9eb29e44f56e05364983ff2ce958acc694c939d2835b5d56
2026-10-06T01:44:08.1897854Z (node:2143) [DEP0169] DeprecationWarning: `url.parse()` behavior is not standardized and prone to errors that have security implications. Use the WHATWG URL API instead. CVEs are not issued for `url.parse()` vulnerabilities.
2026-10-06T01:44:09.4788020Z Received 4194304 of 174062786 (2.4%), 4.0 MBs/sec
2026-10-06T01:44:10.5405134Z Received 134217728 of 174062786 (77.1%), 62.0 MBs/sec
2026-10-06T01:44:10.9454086Z Received 174062786 of 174062786 (100.0%), 67.2 MBs/sec
2026-10-06T01:44:10.9455890Z Cache Size: ~166 MB (174062786 B)
2026-10-06T01:44:10.9493740Z [command]/usr/bin/tar -xf /home/runner/work/_temp/9bd44c49-3293-419f-b20a-a969eb3a7b40/cache.tzst -P -C /home/runner/work/cms/cms --use-compress-program unzstd
2026-10-06T01:44:13.0496085Z Cache restored successfully
2026-10-06T01:44:13.0892198Z Cache restored from key: node-cache-Linux-x64-pnpm-cb01908ec0d0a45d9eb29e44f56e05364983ff2ce958acc694c939d2835b5d56
2026-10-06T01:44:13.1197884Z ##[group]Run pnpm install --frozen-lockfile
2026-10-06T01:44:13.1198504Z [36;1mpnpm install --frozen-lockfile[0m
2026-10-06T01:44:13.1668668Z shell: /usr/bin/bash -e {0}
2026-10-06T01:44:13.1669135Z env:
2026-10-06T01:44:13.1669756Z   PNPM_HOME: /home/runner/setup-pnpm/node_modules/.bin
2026-10-06T01:44:13.1670340Z ##[endgroup]
2026-10-06T01:44:13.2250866Z ? Verifying lockfile against supply-chain policies (534 entries)...
2026-10-06T01:44:13.4528022Z Packages are hard linked from the content-addressable store to the virtual store.
2026-10-06T01:44:13.4542113Z   Content-addressable store is at: /home/runner/setup-pnpm/node_modules/.bin/store/v11
2026-10-06T01:44:13.4543180Z   Virtual store is at:             node_modules/.pnpm
2026-10-06T01:44:15.6251600Z ✓ Lockfile passes supply-chain policies (534 entries in 2.4s)
2026-10-06T01:44:15.6252270Z Lockfile is up to date, resolution step is skipped
2026-10-06T01:44:15.6313306Z Packages: +403
2026-10-06T01:44:15.6314217Z ++++++++++++++++++++++++++++++++++++++++++++++++++++++++++++++++++++++++++++++++
2026-10-06T01:44:15.6695583Z Progress: resolved 403, reused 403, downloaded 0, added 403, done
2026-10-06T01:44:15.7549362Z . prepare$ svelte-kit sync
2026-10-06T01:44:16.9793844Z . prepare: Done
2026-10-06T01:44:16.9804208Z 
2026-10-06T01:44:16.9804460Z dependencies:
2026-10-06T01:44:16.9804817Z + @oslojs/crypto 1.0.1
2026-10-06T01:44:16.9805144Z + @oslojs/encoding 1.1.0
2026-10-06T01:44:16.9805468Z + @oslojs/webauthn 1.0.0
2026-10-06T01:44:16.9806165Z + @wordpress/block-serialization-default-parser 5.38.0
2026-10-06T01:44:16.9806778Z + blurhash 2.0.5
2026-10-06T01:44:16.9807165Z + cn 0.2.2
2026-10-06T01:44:16.9807532Z + date-fns 4.1.0
2026-10-06T01:44:16.9807932Z + image-size 2.0.2
2026-10-06T01:44:16.9808286Z + jpeg-js 0.4.4
2026-10-06T01:44:16.9808652Z + jsonc-parser 3.3.1
2026-10-06T01:44:16.9809019Z + kysely 0.29.2
2026-10-06T01:44:16.9809342Z + mime 4.1.0
2026-10-06T01:44:16.9809655Z + parse5 7.3.0
2026-10-06T01:44:16.9810047Z + smol-toml 1.6.0
2026-10-06T01:44:16.9810423Z + ulidx 2.4.1
2026-10-06T01:44:16.9810986Z + upng-js 2.1.0
2026-10-06T01:44:16.9811326Z + valibot 1.5.0
2026-10-06T01:44:16.9811652Z + zod 4.5.4
2026-10-06T01:44:16.9811833Z 
2026-10-06T01:44:16.9811972Z devDependencies:
2026-10-06T01:44:16.9812339Z + @babel/core 7.29.7
2026-10-06T01:44:16.9812713Z + @cloudflare/kumo 2.6.0
2026-10-06T01:44:16.9813235Z + @cloudflare/workers-types 4.20260507.1
2026-10-06T01:44:16.9813721Z + @floating-ui/dom 1.8.0
2026-10-06T01:44:16.9814281Z + @lingui/babel-plugin-lingui-macro 5.9.5
2026-10-06T01:44:16.9814839Z + @lingui/conf 5.9.5
2026-10-06T01:44:16.9815212Z + @lingui/core 5.9.5
2026-10-06T01:44:16.9815588Z + @lingui/react 5.9.5
2026-10-06T01:44:16.9815974Z + @playwright/test 1.63.0
2026-10-06T01:44:16.9816435Z + @sveltejs/adapter-auto 7.0.1
2026-10-06T01:44:16.9816940Z + @sveltejs/adapter-cloudflare 7.2.9
2026-10-06T01:44:16.9817437Z + @sveltejs/adapter-node 5.5.7
2026-10-06T01:44:16.9817843Z + @sveltejs/kit 2.70.3
2026-10-06T01:44:16.9818308Z + @sveltejs/vite-plugin-svelte 7.3.1
2026-10-06T01:44:16.9818863Z + @tanstack/react-query 5.90.21
2026-10-06T01:44:16.9819389Z + @tanstack/react-router 1.163.2
2026-10-06T01:44:16.9820178Z + @testing-library/react 16.3.2
2026-10-06T01:44:16.9820599Z + @types/jsdom 30.0.0
2026-10-06T01:44:16.9821394Z + @types/node 24.19.0
2026-10-06T01:44:16.9821820Z + @types/react 19.3.0
2026-10-06T01:44:16.9822218Z + @types/react-dom 19.3.0
2026-10-06T01:44:16.9822709Z + @vitest/browser-playwright 4.1.10
2026-10-06T01:44:16.9823124Z + devalue 5.9.4
2026-10-06T01:44:16.9823449Z + jsdom 30.1.1
2026-10-06T01:44:16.9823800Z + miniflare 4.20260507.1
2026-10-06T01:44:16.9824216Z + pg 8.18.0
2026-10-06T01:44:16.9824541Z + react 19.3.0
2026-10-06T01:44:16.9824920Z + react-day-picker 9.14.0
2026-10-06T01:44:16.9825333Z + react-dom 19.3.0
2026-10-06T01:44:16.9825693Z + svelte 5.57.1
2026-10-06T01:44:16.9826059Z + svelte-check 4.7.6
2026-10-06T01:44:16.9826470Z + typescript 6.0.3
2026-10-06T01:44:16.9826750Z + vite 8.3.2
2026-10-06T01:44:16.9827210Z + vitest 4.1.10
2026-10-06T01:44:16.9827461Z + vitest-browser-react 2.2.0
2026-10-06T01:44:16.9827722Z + wrangler 4.99.0
2026-10-06T01:44:16.9827856Z 
2026-10-06T01:44:16.9830026Z Done in 3.8s using pnpm v12.6.0
2026-10-06T01:44:17.0195146Z ##[group]Run pnpm exec playwright install --with-deps chromium
2026-10-06T01:44:17.0195659Z [36;1mpnpm exec playwright install --with-deps chromium[0m
2026-10-06T01:44:17.0268972Z shell: /usr/bin/bash -e {0}
2026-10-06T01:44:17.0269237Z env:
2026-10-06T01:44:17.0269497Z   PNPM_HOME: /home/runner/setup-pnpm/node_modules/.bin
2026-10-06T01:44:17.0269829Z ##[endgroup]
2026-10-06T01:44:17.7164659Z Installing dependencies...
2026-10-06T01:44:17.7252094Z Switching to root user to install dependencies...
2026-10-06T01:44:17.8437618Z Get:1 file:/etc/apt/apt-mirrors.txt Mirrorlist [144 B]
2026-10-06T01:44:17.8726861Z Get:6 https://packages.microsoft.com/ubuntu/22.04/prod jammy InRelease [3632 B]
2026-10-06T01:44:17.9544552Z Get:7 https://packages.microsoft.com/ubuntu/22.04/prod jammy/main arm64 Packages [551 kB]
2026-10-06T01:44:17.9690393Z Hit:2 http://azure.archive.ubuntu.com/ubuntu jammy InRelease
2026-10-06T01:44:17.9706011Z Get:3 http://azure.archive.ubuntu.com/ubuntu jammy-updates InRelease [128 kB]
2026-10-06T01:44:17.9746788Z Get:8 https://packages.microsoft.com/ubuntu/22.04/prod jammy/main amd64 Packages [797 kB]
2026-10-06T01:44:17.9788017Z Get:4 http://azure.archive.ubuntu.com/ubuntu jammy-backports InRelease [127 kB]
2026-10-06T01:44:17.9813139Z Get:5 http://azure.archive.ubuntu.com/ubuntu jammy-security InRelease [129 kB]
2026-10-06T01:44:18.1541326Z Get:9 http://azure.archive.ubuntu.com/ubuntu jammy-updates/main amd64 Packages [3907 kB]
2026-10-06T01:44:18.1774019Z Get:10 http://azure.archive.ubuntu.com/ubuntu jammy-updates/main Translation-en [576 kB]
2026-10-06T01:44:18.1833113Z Get:11 http://azure.archive.ubuntu.com/ubuntu jammy-updates/restricted amd64 Packages [6714 kB]
2026-10-06T01:44:18.2182887Z Get:12 http://azure.archive.ubuntu.com/ubuntu jammy-updates/restricted Translation-en [1290 kB]
2026-10-06T01:44:18.2245414Z Get:13 http://azure.archive.ubuntu.com/ubuntu jammy-updates/universe amd64 Packages [1285 kB]
2026-10-06T01:44:18.2328449Z Get:14 http://azure.archive.ubuntu.com/ubuntu jammy-updates/universe Translation-en [325 kB]
2026-10-06T01:44:18.3454414Z Get:15 http://azure.archive.ubuntu.com/ubuntu jammy-security/main amd64 Packages [3631 kB]
2026-10-06T01:44:18.3646830Z Get:16 http://azure.archive.ubuntu.com/ubuntu jammy-security/main Translation-en [508 kB]
2026-10-06T01:44:18.3683428Z Get:17 http://azure.archive.ubuntu.com/ubuntu jammy-security/restricted amd64 Packages [6465 kB]
2026-10-06T01:44:18.4023057Z Get:18 http://azure.archive.ubuntu.com/ubuntu jammy-security/restricted Translation-en [1244 kB]
2026-10-06T01:44:18.4503571Z Get:19 http://azure.archive.ubuntu.com/ubuntu jammy-security/universe amd64 Packages [1052 kB]
2026-10-06T01:44:18.4562224Z Get:20 http://azure.archive.ubuntu.com/ubuntu jammy-security/universe Translation-en [237 kB]
2026-10-06T01:44:23.9160365Z Fetched 29.0 MB in 3s (8969 kB/s)
2026-10-06T01:44:25.2230081Z Reading package lists...
2026-10-06T01:44:25.2866473Z Reading package lists...
2026-10-06T01:44:25.5413986Z Building dependency tree...
2026-10-06T01:44:25.5425698Z Reading state information...
2026-10-06T01:44:25.7126948Z fonts-liberation is already the newest version (1:1.07.4-11).
2026-10-06T01:44:25.7127649Z fonts-liberation set to manually installed.
2026-10-06T01:44:25.7128756Z libatk-bridge2.0-0 is already the newest version (2.38.0-3).
2026-10-06T01:44:25.7129834Z libatk-bridge2.0-0 set to manually installed.
2026-10-06T01:44:25.7131250Z libatk1.0-0 is already the newest version (2.36.0-3build1).
2026-10-06T01:44:25.7132011Z libatk1.0-0 set to manually installed.
2026-10-06T01:44:25.7132834Z libatspi2.0-0 is already the newest version (2.44.0-3).
2026-10-06T01:44:25.7133703Z libatspi2.0-0 set to manually installed.
2026-10-06T01:44:25.7134713Z libfontconfig1 is already the newest version (2.13.1-4.2ubuntu5).
2026-10-06T01:44:25.7135717Z libfontconfig1 set to manually installed.
2026-10-06T01:44:25.7136841Z libxcb1 is already the newest version (1.14-3ubuntu3).
2026-10-06T01:44:25.7137681Z libxcb1 set to manually installed.
2026-10-06T01:44:25.7139070Z libxcomposite1 is already the newest version (1:0.4.5-1build2).
2026-10-06T01:44:25.7140215Z libxcomposite1 set to manually installed.
2026-10-06T01:44:25.7141331Z libxdamage1 is already the newest version (1:1.1.5-2build2).
2026-10-06T01:44:25.7142135Z libxdamage1 set to manually installed.
2026-10-06T01:44:25.7142980Z libxext6 is already the newest version (2:1.3.4-1build1).
2026-10-06T01:44:25.7143665Z libxext6 set to manually installed.
2026-10-06T01:44:25.7144353Z libxfixes3 is already the newest version (1:6.0.0-1).
2026-10-06T01:44:25.7145107Z libxfixes3 set to manually installed.
2026-10-06T01:44:25.7145828Z libxkbcommon0 is already the newest version (1.4.0-1).
2026-10-06T01:44:25.7146525Z libxkbcommon0 set to manually installed.
2026-10-06T01:44:25.7147444Z libxrandr2 is already the newest version (2:1.5.2-1build1).
2026-10-06T01:44:25.7148160Z libxrandr2 set to manually installed.
2026-10-06T01:44:25.7149040Z fonts-noto-color-emoji is already the newest version (2.047-0ubuntu0.22.04.1).
2026-10-06T01:44:25.7150120Z libasound2 is already the newest version (1.2.6.1-1ubuntu1.2).
2026-10-06T01:44:25.7151336Z libasound2 set to manually installed.
2026-10-06T01:44:25.7152155Z libcairo2 is already the newest version (1.16.0-5ubuntu2.1).
2026-10-06T01:44:25.7152908Z libcairo2 set to manually installed.
2026-10-06T01:44:25.7153694Z libcups2 is already the newest version (2.4.1op1-1ubuntu4.21).
2026-10-06T01:44:25.7154473Z libcups2 set to manually installed.
2026-10-06T01:44:25.7155240Z libdbus-1-3 is already the newest version (1.12.20-2ubuntu4.1).
2026-10-06T01:44:25.7155979Z libdbus-1-3 set to manually installed.
2026-10-06T01:44:25.7156806Z libdrm2 is already the newest version (2.4.113-2~ubuntu0.22.04.1).
2026-10-06T01:44:25.7157585Z libdrm2 set to manually installed.
2026-10-06T01:44:25.7158397Z libfreetype6 is already the newest version (2.11.1+dfsg-1ubuntu0.3).
2026-10-06T01:44:25.7159234Z libfreetype6 set to manually installed.
2026-10-06T01:44:25.7160048Z libgbm1 is already the newest version (23.2.1-1ubuntu3.1~22.04.4).
2026-10-06T01:44:25.7161073Z libgbm1 set to manually installed.
2026-10-06T01:44:25.7161862Z libglib2.0-0 is already the newest version (2.72.4-0ubuntu2.10).
2026-10-06T01:44:25.7162630Z libglib2.0-0 set to manually installed.
2026-10-06T01:44:25.7163461Z libnspr4 is already the newest version (2:4.35-0ubuntu0.22.04.1).
2026-10-06T01:44:25.7164416Z libnss3 is already the newest version (2:3.98-0ubuntu0.22.04.4).
2026-10-06T01:44:25.7165397Z libpango-1.0-0 is already the newest version (1.50.6+ds-2ubuntu1).
2026-10-06T01:44:25.7166217Z libpango-1.0-0 set to manually installed.
2026-10-06T01:44:25.7167147Z libwayland-client0 is already the newest version (1.20.0-1ubuntu0.1).
2026-10-06T01:44:25.7168086Z libwayland-client0 set to manually installed.
2026-10-06T01:44:25.7168943Z libx11-6 is already the newest version (2:1.7.5-1ubuntu0.3).
2026-10-06T01:44:25.7169711Z libx11-6 set to manually installed.
2026-10-06T01:44:25.7170429Z xvfb is already the newest version (2:21.1.4-2ubuntu1.7~22.04.16).
2026-10-06T01:44:25.7171242Z The following additional packages will be installed:
2026-10-06T01:44:25.7171626Z   xfonts-encodings xfonts-utils
2026-10-06T01:44:25.7171926Z Recommended packages:
2026-10-06T01:44:25.7172209Z   fonts-ipafont-mincho fonts-tlwg-loma
2026-10-06T01:44:25.7339422Z The following NEW packages will be installed:
2026-10-06T01:44:25.7340321Z   fonts-freefont-ttf fonts-ipafont-gothic fonts-tlwg-loma-otf fonts-unifont
2026-10-06T01:44:25.7345763Z   fonts-wqy-zenhei xfonts-cyrillic xfonts-encodings xfonts-scalable
2026-10-06T01:44:25.7346458Z   xfonts-utils
2026-10-06T01:44:25.7527732Z 0 upgraded, 9 newly installed, 0 to remove and 20 not upgraded.
2026-10-06T01:44:25.7528474Z Need to get 18.4 MB of archives.
2026-10-06T01:44:25.7528998Z After this operation, 56.8 MB of additional disk space will be used.
2026-10-06T01:44:25.7529508Z Get:1 file:/etc/apt/apt-mirrors.txt Mirrorlist [144 B]
2026-10-06T01:44:26.0610241Z Get:2 http://azure.archive.ubuntu.com/ubuntu jammy/universe amd64 fonts-ipafont-gothic all 00303-21ubuntu1 [3513 kB]
2026-10-06T01:44:26.3863119Z Get:3 http://azure.archive.ubuntu.com/ubuntu jammy/main amd64 fonts-freefont-ttf all 20120503-10build1 [2388 kB]
2026-10-06T01:44:26.6547216Z Get:4 http://azure.archive.ubuntu.com/ubuntu jammy/universe amd64 fonts-tlwg-loma-otf all 1:0.7.3-1 [107 kB]
2026-10-06T01:44:26.8137905Z Get:5 http://azure.archive.ubuntu.com/ubuntu jammy/universe amd64 fonts-unifont all 1:14.0.01-1 [3551 kB]
2026-10-06T01:44:27.1404048Z Get:6 http://azure.archive.ubuntu.com/ubuntu jammy/universe amd64 fonts-wqy-zenhei all 0.9.45-8 [7472 kB]
2026-10-06T01:44:27.6593913Z Get:7 http://azure.archive.ubuntu.com/ubuntu jammy/main amd64 xfonts-encodings all 1:1.0.5-0ubuntu2 [578 kB]
2026-10-06T01:44:27.8421109Z Get:8 http://azure.archive.ubuntu.com/ubuntu jammy/main amd64 xfonts-utils amd64 1:7.7+6build2 [94.6 kB]
2026-10-06T01:44:28.0879854Z Get:9 http://azure.archive.ubuntu.com/ubuntu jammy/universe amd64 xfonts-cyrillic all 1:1.0.5 [386 kB]
2026-10-06T01:44:28.5222946Z Get:10 http://azure.archive.ubuntu.com/ubuntu jammy/main amd64 xfonts-scalable all 1:1.0.3-1.2ubuntu1 [306 kB]
2026-10-06T01:44:28.9891034Z Fetched 18.4 MB in 3s (6299 kB/s)
2026-10-06T01:44:29.0227695Z Selecting previously unselected package fonts-ipafont-gothic.
2026-10-06T01:44:29.0628072Z (Reading database ... 
2026-10-06T01:44:29.0628573Z (Reading database ... 5%
2026-10-06T01:44:29.0629029Z (Reading database ... 10%
2026-10-06T01:44:29.0629474Z (Reading database ... 15%
2026-10-06T01:44:29.0629746Z (Reading database ... 20%
2026-10-06T01:44:29.0630008Z (Reading database ... 25%
2026-10-06T01:44:29.0630274Z (Reading database ... 30%
2026-10-06T01:44:29.0630534Z (Reading database ... 35%
2026-10-06T01:44:29.0631242Z (Reading database ... 40%
2026-10-06T01:44:29.0631710Z (Reading database ... 45%
2026-10-06T01:44:29.0632069Z (Reading database ... 50%
2026-10-06T01:44:29.1360923Z (Reading database ... 55%
2026-10-06T01:44:29.3427153Z (Reading database ... 60%
2026-10-06T01:44:29.5353547Z (Reading database ... 65%
2026-10-06T01:44:29.8452293Z (Reading database ... 70%
2026-10-06T01:44:30.0895629Z (Reading database ... 75%
2026-10-06T01:44:31.6929196Z (Reading database ... 80%
2026-10-06T01:44:31.8793478Z (Reading database ... 85%
2026-10-06T01:44:32.1327012Z (Reading database ... 90%
2026-10-06T01:44:32.3090091Z (Reading database ... 95%
2026-10-06T01:44:32.3091117Z (Reading database ... 100%
2026-10-06T01:44:32.3092273Z (Reading database ... 260411 files and directories currently installed.)
2026-10-06T01:44:32.3144352Z Preparing to unpack .../0-fonts-ipafont-gothic_00303-21ubuntu1_all.deb ...
2026-10-06T01:44:32.3250687Z Unpacking fonts-ipafont-gothic (00303-21ubuntu1) ...
2026-10-06T01:44:32.5866744Z Selecting previously unselected package fonts-freefont-ttf.
2026-10-06T01:44:32.6079390Z Preparing to unpack .../1-fonts-freefont-ttf_20120503-10build1_all.deb ...
2026-10-06T01:44:32.6086324Z Unpacking fonts-freefont-ttf (20120503-10build1) ...
2026-10-06T01:44:32.8019541Z Selecting previously unselected package fonts-tlwg-loma-otf.
2026-10-06T01:44:32.8222996Z Preparing to unpack .../2-fonts-tlwg-loma-otf_1%3a0.7.3-1_all.deb ...
2026-10-06T01:44:32.8229481Z Unpacking fonts-tlwg-loma-otf (1:0.7.3-1) ...
2026-10-06T01:44:32.8459836Z Selecting previously unselected package fonts-unifont.
2026-10-06T01:44:32.8663794Z Preparing to unpack .../3-fonts-unifont_1%3a14.0.01-1_all.deb ...
2026-10-06T01:44:32.8670877Z Unpacking fonts-unifont (1:14.0.01-1) ...
2026-10-06T01:44:32.9553800Z Selecting previously unselected package fonts-wqy-zenhei.
2026-10-06T01:44:32.9759141Z Preparing to unpack .../4-fonts-wqy-zenhei_0.9.45-8_all.deb ...
2026-10-06T01:44:32.9877122Z Unpacking fonts-wqy-zenhei (0.9.45-8) ...
2026-10-06T01:44:33.4779718Z Selecting previously unselected package xfonts-encodings.
2026-10-06T01:44:33.4982080Z Preparing to unpack .../5-xfonts-encodings_1%3a1.0.5-0ubuntu2_all.deb ...
2026-10-06T01:44:33.4988896Z Unpacking xfonts-encodings (1:1.0.5-0ubuntu2) ...
2026-10-06T01:44:33.5317323Z Selecting previously unselected package xfonts-utils.
2026-10-06T01:44:33.5520578Z Preparing to unpack .../6-xfonts-utils_1%3a7.7+6build2_amd64.deb ...
2026-10-06T01:44:33.5527396Z Unpacking xfonts-utils (1:7.7+6build2) ...
2026-10-06T01:44:33.5923433Z Selecting previously unselected package xfonts-cyrillic.
2026-10-06T01:44:33.6125660Z Preparing to unpack .../7-xfonts-cyrillic_1%3a1.0.5_all.deb ...
2026-10-06T01:44:33.6132987Z Unpacking xfonts-cyrillic (1:1.0.5) ...
2026-10-06T01:44:33.6643714Z Selecting previously unselected package xfonts-scalable.
2026-10-06T01:44:33.6844209Z Preparing to unpack .../8-xfonts-scalable_1%3a1.0.3-1.2ubuntu1_all.deb ...
2026-10-06T01:44:33.6851431Z Unpacking xfonts-scalable (1:1.0.3-1.2ubuntu1) ...
2026-10-06T01:44:33.7382368Z Setting up fonts-wqy-zenhei (0.9.45-8) ...
2026-10-06T01:44:33.7502487Z Setting up fonts-freefont-ttf (20120503-10build1) ...
2026-10-06T01:44:33.7521485Z Setting up fonts-tlwg-loma-otf (1:0.7.3-1) ...
2026-10-06T01:44:33.7538283Z Setting up xfonts-encodings (1:1.0.5-0ubuntu2) ...
2026-10-06T01:44:33.7557639Z Setting up fonts-ipafont-gothic (00303-21ubuntu1) ...
2026-10-06T01:44:33.7639014Z update-alternatives: using /usr/share/fonts/opentype/ipafont-gothic/ipag.ttf to provide /usr/share/fonts/truetype/fonts-japanese-gothic.ttf (fonts-japanese-gothic.ttf) in auto mode
2026-10-06T01:44:33.7658975Z Setting up fonts-unifont (1:14.0.01-1) ...
2026-10-06T01:44:33.7676706Z Setting up xfonts-utils (1:7.7+6build2) ...
2026-10-06T01:44:33.7716942Z Setting up xfonts-cyrillic (1:1.0.5) ...
2026-10-06T01:44:33.8222829Z Setting up xfonts-scalable (1:1.0.3-1.2ubuntu1) ...
2026-10-06T01:44:33.8636154Z Processing triggers for man-db (2.10.2-1) ...
2026-10-06T01:44:33.8660282Z Not building database; man-db/auto-update is not 'true'.
2026-10-06T01:44:33.8670502Z Processing triggers for fontconfig (2.13.1-4.2ubuntu5) ...
2026-10-06T01:44:34.6957820Z 
2026-10-06T01:44:34.6958543Z Running kernel seems to be up-to-date.
2026-10-06T01:44:34.6959009Z 
2026-10-06T01:44:34.6959293Z No services need to be restarted.
2026-10-06T01:44:34.6959634Z 
2026-10-06T01:44:34.6959893Z No containers need to be restarted.
2026-10-06T01:44:34.6960224Z 
2026-10-06T01:44:34.6960541Z No user sessions are running outdated binaries.
2026-10-06T01:44:34.6961200Z 
2026-10-06T01:44:34.6961729Z No VM guests are running outdated hypervisor (qemu) binaries on this host.
2026-10-06T01:44:35.9562081Z Downloading Chrome for Testing 153.0.8010.12 (playwright chromium v1243) from https://cdn.playwright.dev/builds/cft/153.0.8010.12/linux64/chrome-linux64.zip
2026-10-06T01:44:36.3986241Z |                                                                                |   0% of 186.8 MiB
2026-10-06T01:44:36.5544803Z |■■■■■■■■                                                                        |  10% of 186.8 MiB
2026-10-06T01:44:36.6793072Z |■■■■■■■■■■■■■■■■                                                                |  20% of 186.8 MiB
2026-10-06T01:44:36.7983350Z |■■■■■■■■■■■■■■■■■■■■■■■■                                                        |  30% of 186.8 MiB
2026-10-06T01:44:36.9036526Z |■■■■■■■■■■■■■■■■■■■■■■■■■■■■■■■■                                                |  40% of 186.8 MiB
2026-10-06T01:44:37.0186195Z |■■■■■■■■■■■■■■■■■■■■■■■■■■■■■■■■■■■■■■■■                                        |  50% of 186.8 MiB
2026-10-06T01:44:37.1449223Z |■■■■■■■■■■■■■■■■■■■■■■■■■■■■■■■■■■■■■■■■■■■■■■■■                                |  60% of 186.8 MiB
2026-10-06T01:44:37.2525899Z |■■■■■■■■■■■■■■■■■■■■■■■■■■■■■■■■■■■■■■■■■■■■■■■■■■■■■■■■                        |  70% of 186.8 MiB
2026-10-06T01:44:37.4357664Z |■■■■■■■■■■■■■■■■■■■■■■■■■■■■■■■■■■■■■■■■■■■■■■■■■■■■■■■■■■■■■■■■                |  80% of 186.8 MiB
2026-10-06T01:44:37.5769364Z |■■■■■■■■■■■■■■■■■■■■■■■■■■■■■■■■■■■■■■■■■■■■■■■■■■■■■■■■■■■■■■■■■■■■■■■■        |  90% of 186.8 MiB
2026-10-06T01:44:37.7352590Z |■■■■■■■■■■■■■■■■■■■■■■■■■■■■■■■■■■■■■■■■■■■■■■■■■■■■■■■■■■■■■■■■■■■■■■■■■■■■■■■■| 100% of 186.8 MiB
2026-10-06T01:44:40.7386910Z Chrome for Testing 153.0.8010.12 (playwright chromium v1243) downloaded to /home/runner/.cache/ms-playwright/chromium-1243
2026-10-06T01:44:40.7391042Z Downloading FFmpeg (playwright ffmpeg v1011) from https://cdn.playwright.dev/dbazure/download/playwright/builds/ffmpeg/1011/ffmpeg-linux.zip
2026-10-06T01:44:41.2014934Z |                                                                                |   0% of 2.3 MiB
2026-10-06T01:44:41.2492052Z |■■■■■■■■                                                                        |  10% of 2.3 MiB
2026-10-06T01:44:41.2706275Z |■■■■■■■■■■■■■■■■                                                                |  20% of 2.3 MiB
2026-10-06T01:44:41.3102033Z |■■■■■■■■■■■■■■■■■■■■■■■■                                                        |  30% of 2.3 MiB
2026-10-06T01:44:41.3438218Z |■■■■■■■■■■■■■■■■■■■■■■■■■■■■■■■■                                                |  40% of 2.3 MiB
2026-10-06T01:44:41.3628515Z |■■■■■■■■■■■■■■■■■■■■■■■■■■■■■■■■■■■■■■■■                                        |  50% of 2.3 MiB
2026-10-06T01:44:41.3838629Z |■■■■■■■■■■■■■■■■■■■■■■■■■■■■■■■■■■■■■■■■■■■■■■■■                                |  60% of 2.3 MiB
2026-10-06T01:44:41.3895135Z |■■■■■■■■■■■■■■■■■■■■■■■■■■■■■■■■■■■■■■■■■■■■■■■■■■■■■■■■                        |  70% of 2.3 MiB
2026-10-06T01:44:41.3944870Z |■■■■■■■■■■■■■■■■■■■■■■■■■■■■■■■■■■■■■■■■■■■■■■■■■■■■■■■■■■■■■■■■                |  80% of 2.3 MiB
2026-10-06T01:44:41.4002417Z |■■■■■■■■■■■■■■■■■■■■■■■■■■■■■■■■■■■■■■■■■■■■■■■■■■■■■■■■■■■■■■■■■■■■■■■■        |  90% of 2.3 MiB
2026-10-06T01:44:41.4058392Z |■■■■■■■■■■■■■■■■■■■■■■■■■■■■■■■■■■■■■■■■■■■■■■■■■■■■■■■■■■■■■■■■■■■■■■■■■■■■■■■■| 100% of 2.3 MiB
2026-10-06T01:44:41.4664398Z FFmpeg (playwright ffmpeg v1011) downloaded to /home/runner/.cache/ms-playwright/ffmpeg-1011
2026-10-06T01:44:41.4667787Z Downloading Chrome Headless Shell 153.0.8010.12 (playwright chromium-headless-shell v1243) from https://cdn.playwright.dev/builds/cft/153.0.8010.12/linux64/chrome-headless-shell-linux64.zip
2026-10-06T01:44:41.8684999Z |                                                                                |   0% of 114.3 MiB
2026-10-06T01:44:42.0041338Z |■■■■■■■■                                                                        |  10% of 114.3 MiB
2026-10-06T01:44:42.0762457Z |■■■■■■■■■■■■■■■■                                                                |  20% of 114.3 MiB
2026-10-06T01:44:42.1446644Z |■■■■■■■■■■■■■■■■■■■■■■■■                                                        |  30% of 114.3 MiB
2026-10-06T01:44:42.2141332Z |■■■■■■■■■■■■■■■■■■■■■■■■■■■■■■■■                                                |  40% of 114.3 MiB
2026-10-06T01:44:42.2712277Z |■■■■■■■■■■■■■■■■■■■■■■■■■■■■■■■■■■■■■■■■                                        |  50% of 114.3 MiB
2026-10-06T01:44:42.3138403Z |■■■■■■■■■■■■■■■■■■■■■■■■■■■■■■■■■■■■■■■■■■■■■■■■                                |  60% of 114.3 MiB
2026-10-06T01:44:42.3729025Z |■■■■■■■■■■■■■■■■■■■■■■■■■■■■■■■■■■■■■■■■■■■■■■■■■■■■■■■■                        |  70% of 114.3 MiB
2026-10-06T01:44:42.4146894Z |■■■■■■■■■■■■■■■■■■■■■■■■■■■■■■■■■■■■■■■■■■■■■■■■■■■■■■■■■■■■■■■■                |  80% of 114.3 MiB
2026-10-06T01:44:42.4575152Z |■■■■■■■■■■■■■■■■■■■■■■■■■■■■■■■■■■■■■■■■■■■■■■■■■■■■■■■■■■■■■■■■■■■■■■■■        |  90% of 114.3 MiB
2026-10-06T01:44:42.5128919Z |■■■■■■■■■■■■■■■■■■■■■■■■■■■■■■■■■■■■■■■■■■■■■■■■■■■■■■■■■■■■■■■■■■■■■■■■■■■■■■■■| 100% of 114.3 MiB
2026-10-06T01:44:44.6663981Z Chrome Headless Shell 153.0.8010.12 (playwright chromium-headless-shell v1243) downloaded to /home/runner/.cache/ms-playwright/chromium_headless_shell-1243
2026-10-06T01:44:44.6932126Z ##[group]Run pnpm test:media-admin-editor:browser --reporter=default --reporter=json --outputFile=media-source-results.json
2026-10-06T01:44:44.6933434Z [36;1mpnpm test:media-admin-editor:browser --reporter=default --reporter=json --outputFile=media-source-results.json[0m
2026-10-06T01:44:44.7005742Z shell: /usr/bin/bash -e {0}
2026-10-06T01:44:44.7006021Z env:
2026-10-06T01:44:44.7006281Z   PNPM_HOME: /home/runner/setup-pnpm/node_modules/.bin
2026-10-06T01:44:44.7006622Z   MEDIA_SOURCE_GROUP: panel
2026-10-06T01:44:44.7006864Z   DEBUG: pw:browser
2026-10-06T01:44:44.7007067Z ##[endgroup]
2026-10-06T01:44:44.7284984Z $ node scripts/check-media-admin-editor-source.mjs && vitest run --config vitest.media-admin-editor-browser.config.ts --reporter=default --reporter=json --outputFile=media-source-results.json
2026-10-06T01:44:45.0136844Z {"immutableFiles":44,"wholeTestFiles":42,"runtimeWholeTestFiles":3,"declarations":497,"expectationExpressions":2015,"pinnedApiBodies":2,"productTestsRun":0}
2026-10-06T01:44:45.8930431Z 
2026-10-06T01:44:45.8935100Z [1m[30m[46m RUN [49m[39m[22m [36mv4.1.10 [39m[90m/home/runner/work/cms/cms[39m
2026-10-06T01:44:45.8935727Z 
2026-10-06T01:44:46.8981281Z 2026-10-06T01:44:46.896Z pw:browser <launching> /home/runner/.cache/ms-playwright/chromium_headless_shell-1243/chrome-headless-shell-linux64/chrome-headless-shell --disable-field-trial-config --disable-background-networking --disable-background-timer-throttling --disable-backgrounding-occluded-windows --disable-back-forward-cache --disable-breakpad --disable-client-side-phishing-detection --disable-component-extensions-with-background-pages --disable-component-update --no-default-browser-check --disable-default-apps --disable-dev-shm-usage --disable-edgeupdater --disable-extensions --disable-features=AvoidUnnecessaryBeforeUnloadCheckSync,DestroyProfileOnBrowserClose,DialMediaRouteProvider,GlobalMediaControls,HttpsUpgrades,LensOverlay,MediaRouter,PaintHolding,ThirdPartyStoragePartitioning,BlockOriginHeaderModificationOnRedirect,Translate,AutoDeElevate,OptimizationHints,msForceBrowserSignIn,msEdgeUpdateLaunchServicesPreferredVersion --enable-features=CDPScreenshotNewSurface --allow-pre-commit-input --disable-hang-monitor --disable-ipc-flooding-protection --disable-popup-blocking --disable-prompt-on-repost --disable-renderer-backgrounding --disable-updater-scheduler --force-color-profile=srgb --metrics-recording-only --no-first-run --password-store=basic --use-mock-keychain --no-service-autorun --export-tagged-pdf --disable-search-engine-choice-screen --unsafely-disable-devtools-self-xss-warnings --edge-skip-compat-layer-relaunch --disable-infobars --disable-search-engine-choice-screen --disable-sync --enable-unsafe-swiftshader --headless --hide-scrollbars --mute-audio --blink-settings=primaryHoverType=2,availableHoverTypes=2,primaryPointerType=4,availablePointerTypes=4 --user-data-dir=/tmp/playwright_chromiumdev_profile-Zrd0Bo --remote-debugging-pipe --no-startup-window
2026-10-06T01:44:46.9062016Z 2026-10-06T01:44:46.905Z pw:browser <launched> pid=3066
2026-10-06T01:44:47.4447496Z [2m1:44:47 AM[22m [36m[1m[vite][22m[39m [90m[2m(client)[22m[39m [optimizer] bundling dependencies...
2026-10-06T01:44:47.4914811Z 2026-10-06T01:44:47.491Z pw:browser [pid=3066][err] [1006/014447.276136:ERROR:dbus/bus.cc:405] Failed to connect to the bus: Could not parse server address: Unknown address type (examples of valid types are "tcp" and on UNIX "unix")
2026-10-06T01:44:47.4917108Z 2026-10-06T01:44:47.491Z pw:browser [pid=3066][err] Unable to revert mtime: /usr/share/fonts
2026-10-06T01:44:47.4918473Z 2026-10-06T01:44:47.491Z pw:browser [pid=3066][err] Unable to revert mtime: /usr/share/fonts/truetype
2026-10-06T01:44:47.4921383Z 2026-10-06T01:44:47.491Z pw:browser [pid=3066][err] [1006/014447.300942:WARNING:media/gpu/vaapi/vaapi_wrapper.cc:1660] drmGetDevices2() has not found any devices
2026-10-06T01:44:47.4924339Z 2026-10-06T01:44:47.491Z pw:browser [pid=3066][err] [1006/014447.302585:WARNING:sandbox/policy/linux/sandbox_linux.cc:405] InitializeSandbox() called with multiple threads in process gpu-process.
2026-10-06T01:44:47.4926488Z 2026-10-06T01:44:47.491Z pw:browser [pid=3066][err] Unable to revert mtime: /usr/share/fonts/truetype/dejavu
2026-10-06T01:44:47.6184470Z 2026-10-06T01:44:47.618Z pw:browser [pid=3066][err] Unable to revert mtime: /usr/share/fonts/truetype/lato
2026-10-06T01:44:48.0129057Z 2026-10-06T01:44:48.012Z pw:browser [pid=3066][err] Unable to revert mtime: /usr/share/fonts/truetype/liberation
2026-10-06T01:44:48.1188352Z 2026-10-06T01:44:48.118Z pw:browser [pid=3066][err] Unable to revert mtime: /usr/share/fonts/truetype/noto
2026-10-06T01:44:48.2887684Z 2026-10-06T01:44:48.288Z pw:browser [pid=3066][err] [1006/014448.288107:ERROR:dbus/object_proxy.cc:572] Failed to call method: org.freedesktop.DBus.NameHasOwner: object_path= /org/freedesktop/DBus: unknown error type: 
2026-10-06T01:44:48.2908564Z 2026-10-06T01:44:48.290Z pw:browser [pid=3066][err] [1006/014448.290152:ERROR:dbus/bus.cc:405] Failed to connect to the bus: Could not parse server address: Unknown address type (examples of valid types are "tcp" and on UNIX "unix")
2026-10-06T01:44:48.2954086Z 2026-10-06T01:44:48.294Z pw:browser [pid=3066][err] [1006/014448.293717:ERROR:dbus/object_proxy.cc:572] Failed to call method: org.freedesktop.DBus.NameHasOwner: object_path= /org/freedesktop/DBus: unknown error type: 
2026-10-06T01:44:48.6552850Z 2026-10-06T01:44:48.654Z pw:browser [pid=3066][err] [1006/014448.654859:INFO:CONSOLE:934] "[vite] connecting...", source: http://localhost:63315/@vite/client (934)
2026-10-06T01:44:48.6619788Z 2026-10-06T01:44:48.661Z pw:browser [pid=3066][err] [1006/014448.661152:INFO:CONSOLE:1045] "[vite] connected.", source: http://localhost:63315/@vite/client (1045)
2026-10-06T01:44:48.7010202Z 2026-10-06T01:44:48.700Z pw:browser [pid=3066][err] [1006/014448.700250:INFO:CONSOLE:934] "[vite] connecting...", source: http://localhost:63315/@vite/client (934)
2026-10-06T01:44:48.7058552Z 2026-10-06T01:44:48.705Z pw:browser [pid=3066][err] [1006/014448.703876:INFO:CONSOLE:1045] "[vite] connected.", source: http://localhost:63315/@vite/client (1045)
2026-10-06T01:44:50.1708656Z 2026-10-06T01:44:50.170Z pw:browser [pid=3066][err] [1006/014450.170335:INFO:CONSOLE:1222] "%c[svelte] ownership_invalid_mutation
2026-10-06T01:44:50.1714797Z 2026-10-06T01:44:50.170Z pw:browser [pid=3066][err] %cMutating unbound props (`editorFrameRef`, at src/​lib/​media/​FocalPointEditor.svelte:18:32) is strongly discouraged. Consider using `bind:editorFrameRef={...}` in src/lib/media/MediaDetails.svelte (or using a callback) instead
2026-10-06T01:44:50.1718857Z 2026-10-06T01:44:50.170Z pw:browser [pid=3066][err] https://svelte.dev/e/ownership_invalid_mutation font-weight: bold font-weight: normal", source: http://localhost:63315/__vitest_browser__/tester-BJtsJFpD.js (1222)
2026-10-06T01:44:50.1731037Z [90mstderr[2m | parity/emdash/media-admin-editor/source/packages/admin/tests/components/MediaDetailPanel.test.tsx[2m > [22m[2mMediaDetailPanel[2m > [22m[2mdisplays filename and file size
2026-10-06T01:44:50.1732931Z [22m[39m[svelte] ownership_invalid_mutation
2026-10-06T01:44:50.1734695Z Mutating unbound props (`editorFrameRef`, at src/​lib/​media/​FocalPointEditor.svelte:18:32) is strongly discouraged. Consider using `bind:editorFrameRef={...}` in src/lib/media/MediaDetails.svelte (or using a callback) instead
2026-10-06T01:44:50.1736113Z https://svelte.dev/e/ownership_invalid_mutation
2026-10-06T01:44:50.1896194Z 2026-10-06T01:44:50.189Z pw:browser [pid=3066][err] [1006/014450.186496:INFO:CONSOLE:1222] "%c[svelte] ownership_invalid_mutation
2026-10-06T01:44:50.1900031Z 2026-10-06T01:44:50.189Z pw:browser [pid=3066][err] %cMutating unbound props (`editorFrameRef`, at src/​lib/​media/​FocalPointEditor.svelte:18:96) is strongly discouraged. Consider using `bind:editorFrameRef={...}` in src/lib/media/MediaDetails.svelte (or using a callback) instead
2026-10-06T01:44:50.1907747Z 2026-10-06T01:44:50.189Z pw:browser [pid=3066][err] https://svelte.dev/e/ownership_invalid_mutation font-weight: bold font-weight: normal", source: http://localhost:63315/__vitest_browser__/tester-BJtsJFpD.js (1222)
2026-10-06T01:44:50.1911380Z [90mstderr[2m | parity/emdash/media-admin-editor/source/packages/admin/tests/components/MediaDetailPanel.test.tsx[2m > [22m[2mMediaDetailPanel[2m > [22m[2mdisplays dimensions for images
2026-10-06T01:44:50.1913432Z [22m[39m[svelte] ownership_invalid_mutation
2026-10-06T01:44:50.1915739Z Mutating unbound props (`editorFrameRef`, at src/​lib/​media/​FocalPointEditor.svelte:18:96) is strongly discouraged. Consider using `bind:editorFrameRef={...}` in src/lib/media/MediaDetails.svelte (or using a callback) instead
2026-10-06T01:44:50.1917457Z https://svelte.dev/e/ownership_invalid_mutation
2026-10-06T01:44:50.1927694Z 2026-10-06T01:44:50.192Z pw:browser [pid=3066][err] [1006/014450.192437:INFO:CONSOLE:1222] "%c[svelte] ownership_invalid_mutation
2026-10-06T01:44:50.1941618Z 2026-10-06T01:44:50.192Z pw:browser [pid=3066][err] %cMutating unbound props (`editorFrameRef`, at src/​lib/​media/​FocalPointEditor.svelte:18:32) is strongly discouraged. Consider using `bind:editorFrameRef={...}` in src/lib/media/MediaDetails.svelte (or using a callback) instead
2026-10-06T01:44:50.1943677Z 2026-10-06T01:44:50.192Z pw:browser [pid=3066][err] https://svelte.dev/e/ownership_invalid_mutation font-weight: bold font-weight: normal", source: http://localhost:63315/__vitest_browser__/tester-BJtsJFpD.js (1222)
2026-10-06T01:44:50.1945740Z [90mstderr[2m | parity/emdash/media-admin-editor/source/packages/admin/tests/components/MediaDetailPanel.test.tsx[2m > [22m[2mMediaDetailPanel[2m > [22m[2mdisplays dimensions for images
2026-10-06T01:44:50.1946686Z [22m[39m[svelte] ownership_invalid_mutation
2026-10-06T01:44:50.1948016Z Mutating unbound props (`editorFrameRef`, at src/​lib/​media/​FocalPointEditor.svelte:18:32) is strongly discouraged. Consider using `bind:editorFrameRef={...}` in src/lib/media/MediaDetails.svelte (or using a callback) instead
2026-10-06T01:44:50.1949231Z https://svelte.dev/e/ownership_invalid_mutation
2026-10-06T01:44:50.1996491Z 2026-10-06T01:44:50.199Z pw:browser [pid=3066][err] [1006/014450.199404:INFO:CONSOLE:1222] "%c[svelte] ownership_invalid_mutation
2026-10-06T01:44:50.2000409Z 2026-10-06T01:44:50.199Z pw:browser [pid=3066][err] %cMutating unbound props (`editorFrameRef`, at src/​lib/​media/​FocalPointEditor.svelte:18:96) is strongly discouraged. Consider using `bind:editorFrameRef={...}` in src/lib/media/MediaDetails.svelte (or using a callback) instead
2026-10-06T01:44:50.2004491Z 2026-10-06T01:44:50.199Z pw:browser [pid=3066][err] https://svelte.dev/e/ownership_invalid_mutation font-weight: bold font-weight: normal", source: http://localhost:63315/__vitest_browser__/tester-BJtsJFpD.js (1222)
2026-10-06T01:44:50.2009103Z [90mstderr[2m | parity/emdash/media-admin-editor/source/packages/admin/tests/components/MediaDetailPanel.test.tsx[2m > [22m[2mMediaDetailPanel[2m > [22m[2mkeeps the Uploaded row in the wider column when dimensions are missing
2026-10-06T01:44:50.2012177Z [22m[39m[svelte] ownership_invalid_mutation
2026-10-06T01:44:50.2014947Z Mutating unbound props (`editorFrameRef`, at src/​lib/​media/​FocalPointEditor.svelte:18:96) is strongly discouraged. Consider using `bind:editorFrameRef={...}` in src/lib/media/MediaDetails.svelte (or using a callback) instead
2026-10-06T01:44:50.2017176Z https://svelte.dev/e/ownership_invalid_mutation
2026-10-06T01:44:50.2396363Z 2026-10-06T01:44:50.239Z pw:browser [pid=3066][err] [1006/014450.239222:INFO:CONSOLE:1222] "%c[svelte] ownership_invalid_mutation
2026-10-06T01:44:50.2401612Z 2026-10-06T01:44:50.239Z pw:browser [pid=3066][err] %cMutating unbound props (`editorFrameRef`, at src/​lib/​media/​FocalPointEditor.svelte:18:32) is strongly discouraged. Consider using `bind:editorFrameRef={...}` in src/lib/media/MediaDetails.svelte (or using a callback) instead
2026-10-06T01:44:50.2406156Z 2026-10-06T01:44:50.239Z pw:browser [pid=3066][err] https://svelte.dev/e/ownership_invalid_mutation font-weight: bold font-weight: normal", source: http://localhost:63315/__vitest_browser__/tester-BJtsJFpD.js (1222)
2026-10-06T01:44:50.2416702Z [90mstderr[2m | parity/emdash/media-admin-editor/source/packages/admin/tests/components/MediaDetailPanel.test.tsx[2m > [22m[2mMediaDetailPanel[2m > [22m[2mgroups the preview, metadata, and actions in an accessible dialog
2026-10-06T01:44:50.2419034Z [22m[39m[svelte] ownership_invalid_mutation
2026-10-06T01:44:50.2422020Z Mutating unbound props (`editorFrameRef`, at src/​lib/​media/​FocalPointEditor.svelte:18:32) is strongly discouraged. Consider using `bind:editorFrameRef={...}` in src/lib/media/MediaDetails.svelte (or using a callback) instead
2026-10-06T01:44:50.2424431Z https://svelte.dev/e/ownership_invalid_mutation
2026-10-06T01:44:50.3038076Z 2026-10-06T01:44:50.303Z pw:browser [pid=3066][err] [1006/014450.303377:INFO:CONSOLE:1222] "%c[svelte] ownership_invalid_mutation
2026-10-06T01:44:50.3042325Z 2026-10-06T01:44:50.303Z pw:browser [pid=3066][err] %cMutating unbound props (`editorFrameRef`, at src/​lib/​media/​FocalPointEditor.svelte:18:96) is strongly discouraged. Consider using `bind:editorFrameRef={...}` in src/lib/media/MediaDetails.svelte (or using a callback) instead
2026-10-06T01:44:50.3046748Z 2026-10-06T01:44:50.303Z pw:browser [pid=3066][err] https://svelte.dev/e/ownership_invalid_mutation font-weight: bold font-weight: normal", source: http://localhost:63315/__vitest_browser__/tester-BJtsJFpD.js (1222)
2026-10-06T01:44:50.3056852Z [90mstderr[2m | parity/emdash/media-admin-editor/source/packages/admin/tests/components/MediaDetailPanel.test.tsx[2m > [22m[2mMediaDetailPanel[2m > [22m[2mreplaces a selected image and keeps the media dialog open
2026-10-06T01:44:50.3058804Z [22m[39m[svelte] ownership_invalid_mutation
2026-10-06T01:44:50.3061611Z Mutating unbound props (`editorFrameRef`, at src/​lib/​media/​FocalPointEditor.svelte:18:96) is strongly discouraged. Consider using `bind:editorFrameRef={...}` in src/lib/media/MediaDetails.svelte (or using a callback) instead
2026-10-06T01:44:50.3063635Z https://svelte.dev/e/ownership_invalid_mutation
2026-10-06T01:44:50.3099131Z 2026-10-06T01:44:50.309Z pw:browser [pid=3066][err] [1006/014450.309644:INFO:CONSOLE:1222] "%c[svelte] ownership_invalid_mutation
2026-10-06T01:44:50.3103219Z 2026-10-06T01:44:50.309Z pw:browser [pid=3066][err] %cMutating unbound props (`editorFrameRef`, at src/​lib/​media/​FocalPointEditor.svelte:18:32) is strongly discouraged. Consider using `bind:editorFrameRef={...}` in src/lib/media/MediaDetails.svelte (or using a callback) instead
2026-10-06T01:44:50.3107086Z 2026-10-06T01:44:50.309Z pw:browser [pid=3066][err] https://svelte.dev/e/ownership_invalid_mutation font-weight: bold font-weight: normal", source: http://localhost:63315/__vitest_browser__/tester-BJtsJFpD.js (1222)
2026-10-06T01:44:50.3116149Z [90mstderr[2m | parity/emdash/media-admin-editor/source/packages/admin/tests/components/MediaDetailPanel.test.tsx[2m > [22m[2mMediaDetailPanel[2m > [22m[2mreplaces a selected image and keeps the media dialog open
2026-10-06T01:44:50.3117622Z [22m[39m[svelte] ownership_invalid_mutation
2026-10-06T01:44:50.3119400Z Mutating unbound props (`editorFrameRef`, at src/​lib/​media/​FocalPointEditor.svelte:18:32) is strongly discouraged. Consider using `bind:editorFrameRef={...}` in src/lib/media/MediaDetails.svelte (or using a callback) instead
2026-10-06T01:44:50.3121453Z https://svelte.dev/e/ownership_invalid_mutation
2026-10-06T01:44:50.4836281Z 2026-10-06T01:44:50.483Z pw:browser [pid=3066][err] [1006/014450.483244:INFO:CONSOLE:1222] "%c[svelte] ownership_invalid_mutation
2026-10-06T01:44:50.4841277Z 2026-10-06T01:44:50.483Z pw:browser [pid=3066][err] %cMutating unbound props (`editorFrameRef`, at src/​lib/​media/​FocalPointEditor.svelte:18:96) is strongly discouraged. Consider using `bind:editorFrameRef={...}` in src/lib/media/MediaDetails.svelte (or using a callback) instead
2026-10-06T01:44:50.4845615Z 2026-10-06T01:44:50.483Z pw:browser [pid=3066][err] https://svelte.dev/e/ownership_invalid_mutation font-weight: bold font-weight: normal", source: http://localhost:63315/__vitest_browser__/tester-BJtsJFpD.js (1222)
2026-10-06T01:44:50.4849659Z [90mstderr[2m | parity/emdash/media-admin-editor/source/packages/admin/tests/components/MediaDetailPanel.test.tsx[2m > [22m[2mMediaDetailPanel[2m > [22m[2mignores replacement inspection that finishes after the dialog closes
2026-10-06T01:44:50.4855238Z [22m[39m[svelte] ownership_invalid_mutation
2026-10-06T01:44:50.4858039Z Mutating unbound props (`editorFrameRef`, at src/​lib/​media/​FocalPointEditor.svelte:18:96) is strongly discouraged. Consider using `bind:editorFrameRef={...}` in src/lib/media/MediaDetails.svelte (or using a callback) instead
2026-10-06T01:44:50.4859351Z https://svelte.dev/e/ownership_invalid_mutation
2026-10-06T01:44:50.4893330Z 2026-10-06T01:44:50.489Z pw:browser [pid=3066][err] [1006/014450.489056:INFO:CONSOLE:1222] "%c[svelte] ownership_invalid_mutation
2026-10-06T01:44:50.4896537Z 2026-10-06T01:44:50.489Z pw:browser [pid=3066][err] %cMutating unbound props (`editorFrameRef`, at src/​lib/​media/​FocalPointEditor.svelte:18:32) is strongly discouraged. Consider using `bind:editorFrameRef={...}` in src/lib/media/MediaDetails.svelte (or using a callback) instead
2026-10-06T01:44:50.4901582Z 2026-10-06T01:44:50.489Z pw:browser [pid=3066][err] https://svelte.dev/e/ownership_invalid_mutation font-weight: bold font-weight: normal", source: http://localhost:63315/__vitest_browser__/tester-BJtsJFpD.js (1222)
2026-10-06T01:44:50.4905654Z [90mstderr[2m | parity/emdash/media-admin-editor/source/packages/admin/tests/components/MediaDetailPanel.test.tsx[2m > [22m[2mMediaDetailPanel[2m > [22m[2mignores replacement inspection that finishes after the dialog closes
2026-10-06T01:44:50.4908249Z [22m[39m[svelte] ownership_invalid_mutation
2026-10-06T01:44:50.4911092Z Mutating unbound props (`editorFrameRef`, at src/​lib/​media/​FocalPointEditor.svelte:18:32) is strongly discouraged. Consider using `bind:editorFrameRef={...}` in src/lib/media/MediaDetails.svelte (or using a callback) instead
2026-10-06T01:44:50.4912947Z https://svelte.dev/e/ownership_invalid_mutation
2026-10-06T01:44:50.5097760Z 2026-10-06T01:44:50.509Z pw:browser [pid=3066][err] [1006/014450.509362:INFO:CONSOLE:1222] "%c[svelte] ownership_invalid_mutation
2026-10-06T01:44:50.5102256Z 2026-10-06T01:44:50.509Z pw:browser [pid=3066][err] %cMutating unbound props (`editorFrameRef`, at src/​lib/​media/​FocalPointEditor.svelte:18:96) is strongly discouraged. Consider using `bind:editorFrameRef={...}` in src/lib/media/MediaDetails.svelte (or using a callback) instead
2026-10-06T01:44:50.5106460Z 2026-10-06T01:44:50.509Z pw:browser [pid=3066][err] https://svelte.dev/e/ownership_invalid_mutation font-weight: bold font-weight: normal", source: http://localhost:63315/__vitest_browser__/tester-BJtsJFpD.js (1222)
2026-10-06T01:44:50.5111672Z [90mstderr[2m | parity/emdash/media-admin-editor/source/packages/admin/tests/components/MediaDetailPanel.test.tsx[2m > [22m[2mMediaDetailPanel[2m > [22m[2madapts the dialog height to each image task without clipping its actions
2026-10-06T01:44:50.5113906Z [22m[39m[svelte] ownership_invalid_mutation
2026-10-06T01:44:50.5115684Z Mutating unbound props (`editorFrameRef`, at src/​lib/​media/​FocalPointEditor.svelte:18:96) is strongly discouraged. Consider using `bind:editorFrameRef={...}` in src/lib/media/MediaDetails.svelte (or using a callback) instead
2026-10-06T01:44:50.5117487Z https://svelte.dev/e/ownership_invalid_mutation
2026-10-06T01:44:50.5148724Z 2026-10-06T01:44:50.514Z pw:browser [pid=3066][err] [1006/014450.514609:INFO:CONSOLE:1222] "%c[svelte] ownership_invalid_mutation
2026-10-06T01:44:50.5152018Z 2026-10-06T01:44:50.514Z pw:browser [pid=3066][err] %cMutating unbound props (`editorFrameRef`, at src/​lib/​media/​FocalPointEditor.svelte:18:32) is strongly discouraged. Consider using `bind:editorFrameRef={...}` in src/lib/media/MediaDetails.svelte (or using a callback) instead
2026-10-06T01:44:50.5154548Z 2026-10-06T01:44:50.514Z pw:browser [pid=3066][err] https://svelte.dev/e/ownership_invalid_mutation font-weight: bold font-weight: normal", source: http://localhost:63315/__vitest_browser__/tester-BJtsJFpD.js (1222)
2026-10-06T01:44:50.5176261Z [90mstderr[2m | parity/emdash/media-admin-editor/source/packages/admin/tests/components/MediaDetailPanel.test.tsx[2m > [22m[2mMediaDetailPanel[2m > [22m[2madapts the dialog height to each image task without clipping its actions
2026-10-06T01:44:50.5178447Z [22m[39m[svelte] ownership_invalid_mutation
2026-10-06T01:44:50.5181326Z Mutating unbound props (`editorFrameRef`, at src/​lib/​media/​FocalPointEditor.svelte:18:32) is strongly discouraged. Consider using `bind:editorFrameRef={...}` in src/lib/media/MediaDetails.svelte (or using a callback) instead
2026-10-06T01:44:50.5183273Z https://svelte.dev/e/ownership_invalid_mutation
2026-10-06T01:44:50.5275778Z 2026-10-06T01:44:50.526Z pw:browser [pid=3066][err] [1006/014450.526710:INFO:CONSOLE:1222] "%c[svelte] ownership_invalid_mutation
2026-10-06T01:44:50.5279998Z 2026-10-06T01:44:50.526Z pw:browser [pid=3066][err] %cMutating unbound props (`editorFrameRef`, at src/​lib/​media/​FocalPointEditor.svelte:18:96) is strongly discouraged. Consider using `bind:editorFrameRef={...}` in src/lib/media/MediaDetails.svelte (or using a callback) instead
2026-10-06T01:44:50.5288061Z 2026-10-06T01:44:50.526Z pw:browser [pid=3066][err] https://svelte.dev/e/ownership_invalid_mutation font-weight: bold font-weight: normal", source: http://localhost:63315/__vitest_browser__/tester-BJtsJFpD.js (1222)
2026-10-06T01:44:50.5292425Z [90mstderr[2m | parity/emdash/media-admin-editor/source/packages/admin/tests/components/MediaDetailPanel.test.tsx[2m > [22m[2mMediaDetailPanel[2m > [22m[2madapts the dialog height to each image task without clipping its actions
2026-10-06T01:44:50.5294951Z [22m[39m[svelte] ownership_invalid_mutation
2026-10-06T01:44:50.5297887Z Mutating unbound props (`editorFrameRef`, at src/​lib/​media/​FocalPointEditor.svelte:18:96) is strongly discouraged. Consider using `bind:editorFrameRef={...}` in src/lib/media/MediaDetails.svelte (or using a callback) instead
2026-10-06T01:44:50.5300174Z https://svelte.dev/e/ownership_invalid_mutation
2026-10-06T01:44:50.5375876Z 2026-10-06T01:44:50.537Z pw:browser [pid=3066][err] [1006/014450.537262:INFO:CONSOLE:1222] "%c[svelte] ownership_invalid_mutation
2026-10-06T01:44:50.5383641Z 2026-10-06T01:44:50.537Z pw:browser [pid=3066][err] %cMutating unbound props (`editorFrameRef`, at src/​lib/​media/​FocalPointEditor.svelte:18:32) is strongly discouraged. Consider using `bind:editorFrameRef={...}` in src/lib/media/MediaDetails.svelte (or using a callback) instead
2026-10-06T01:44:50.5388688Z 2026-10-06T01:44:50.537Z pw:browser [pid=3066][err] https://svelte.dev/e/ownership_invalid_mutation font-weight: bold font-weight: normal", source: http://localhost:63315/__vitest_browser__/tester-BJtsJFpD.js (1222)
2026-10-06T01:44:50.5392359Z [90mstderr[2m | parity/emdash/media-admin-editor/source/packages/admin/tests/components/MediaDetailPanel.test.tsx[2m > [22m[2mMediaDetailPanel[2m > [22m[2madapts the dialog height to each image task without clipping its actions
2026-10-06T01:44:50.5394169Z [22m[39m[svelte] ownership_invalid_mutation
2026-10-06T01:44:50.5396176Z Mutating unbound props (`editorFrameRef`, at src/​lib/​media/​FocalPointEditor.svelte:18:32) is strongly discouraged. Consider using `bind:editorFrameRef={...}` in src/lib/media/MediaDetails.svelte (or using a callback) instead
2026-10-06T01:44:50.5397244Z https://svelte.dev/e/ownership_invalid_mutation
2026-10-06T01:44:50.5398288Z 2026-10-06T01:44:50.538Z pw:browser [pid=3066][err] [1006/014450.538117:INFO:CONSOLE:1222] "%c[svelte] ownership_invalid_mutation
2026-10-06T01:44:50.5401897Z 2026-10-06T01:44:50.538Z pw:browser [pid=3066][err] %cMutating unbound props (`firstPreviewRef`, at src/​lib/​media/​FocalPointPreviews.svelte:8:33) is strongly discouraged. Consider using `bind:firstPreviewRef={...}` in src/lib/media/MediaDetails.svelte (or using a callback) instead
2026-10-06T01:44:50.5404173Z 2026-10-06T01:44:50.538Z pw:browser [pid=3066][err] https://svelte.dev/e/ownership_invalid_mutation font-weight: bold font-weight: normal", source: http://localhost:63315/__vitest_browser__/tester-BJtsJFpD.js (1222)
2026-10-06T01:44:50.5407619Z [90mstderr[2m | parity/emdash/media-admin-editor/source/packages/admin/tests/components/MediaDetailPanel.test.tsx[2m > [22m[2mMediaDetailPanel[2m > [22m[2madapts the dialog height to each image task without clipping its actions
2026-10-06T01:44:50.5409706Z [22m[39m[svelte] ownership_invalid_mutation
2026-10-06T01:44:50.5412001Z Mutating unbound props (`firstPreviewRef`, at src/​lib/​media/​FocalPointPreviews.svelte:8:33) is strongly discouraged. Consider using `bind:firstPreviewRef={...}` in src/lib/media/MediaDetails.svelte (or using a callback) instead
2026-10-06T01:44:50.5413387Z https://svelte.dev/e/ownership_invalid_mutation
2026-10-06T01:44:50.5414269Z 2026-10-06T01:44:50.540Z pw:browser [pid=3066][err] [1006/014450.540450:INFO:CONSOLE:1222] "%c[svelte] ownership_invalid_mutation
2026-10-06T01:44:50.5417365Z 2026-10-06T01:44:50.540Z pw:browser [pid=3066][err] %cMutating unbound props (`editorFrameRef`, at src/​lib/​media/​FocalPointEditor.svelte:18:96) is strongly discouraged. Consider using `bind:editorFrameRef={...}` in src/lib/media/MediaDetails.svelte (or using a callback) instead
2026-10-06T01:44:50.5420299Z 2026-10-06T01:44:50.540Z pw:browser [pid=3066][err] https://svelte.dev/e/ownership_invalid_mutation font-weight: bold font-weight: normal", source: http://localhost:63315/__vitest_browser__/tester-BJtsJFpD.js (1222)
2026-10-06T01:44:50.5424392Z [90mstderr[2m | parity/emdash/media-admin-editor/source/packages/admin/tests/components/MediaDetailPanel.test.tsx[2m > [22m[2mMediaDetailPanel[2m > [22m[2msuppresses inner scrollbars only while the dialog height expands
2026-10-06T01:44:50.5426309Z [22m[39m[svelte] ownership_invalid_mutation
2026-10-06T01:44:50.5428730Z Mutating unbound props (`editorFrameRef`, at src/​lib/​media/​FocalPointEditor.svelte:18:96) is strongly discouraged. Consider using `bind:editorFrameRef={...}` in src/lib/media/MediaDetails.svelte (or using a callback) instead
2026-10-06T01:44:50.5435728Z https://svelte.dev/e/ownership_invalid_mutation
2026-10-06T01:44:50.5438321Z [90mstderr[2m | parity/emdash/media-admin-editor/source/packages/admin/tests/components/MediaDetailPanel.test.tsx[2m > [22m[2mMediaDetailPanel[2m > [22m[2msuppresses inner scrollbars only while the dialog height expands
2026-10-06T01:44:50.5440051Z [22m[39m[svelte] ownership_invalid_mutation
2026-10-06T01:44:50.5443235Z Mutating unbound props (`firstPreviewRef`, at src/​lib/​media/​FocalPointPreviews.svelte:8:99) is strongly discouraged. Consider using `bind:firstPreviewRef={...}` in src/lib/media/MediaDetails.svelte (or using a callback) instead
2026-10-06T01:44:50.5444690Z https://svelte.dev/e/ownership_invalid_mutation
2026-10-06T01:44:50.5445481Z 2026-10-06T01:44:50.542Z pw:browser [pid=3066][err] [1006/014450.542052:INFO:CONSOLE:1222] "%c[svelte] ownership_invalid_mutation
2026-10-06T01:44:50.5453529Z 2026-10-06T01:44:50.542Z pw:browser [pid=3066][err] %cMutating unbound props (`firstPreviewRef`, at src/​lib/​media/​FocalPointPreviews.svelte:8:99) is strongly discouraged. Consider using `bind:firstPreviewRef={...}` in src/lib/media/MediaDetails.svelte (or using a callback) instead
2026-10-06T01:44:50.5456939Z 2026-10-06T01:44:50.542Z pw:browser [pid=3066][err] https://svelte.dev/e/ownership_invalid_mutation font-weight: bold font-weight: normal", source: http://localhost:63315/__vitest_browser__/tester-BJtsJFpD.js (1222)
2026-10-06T01:44:50.5460401Z [90mstderr[2m | parity/emdash/media-admin-editor/source/packages/admin/tests/components/MediaDetailPanel.test.tsx[2m > [22m[2mMediaDetailPanel[2m > [22m[2msuppresses inner scrollbars only while the dialog height expands
2026-10-06T01:44:50.5462471Z [22m[39m[svelte] derived_inert
2026-10-06T01:44:50.5463685Z Reading a derived belonging to a now-destroyed effect may result in stale values
2026-10-06T01:44:50.5464660Z https://svelte.dev/e/derived_inert
2026-10-06T01:44:50.5468242Z [90mstderr[2m | parity/emdash/media-admin-editor/source/packages/admin/tests/components/MediaDetailPanel.test.tsx[2m > [22m[2mMediaDetailPanel[2m > [22m[2msuppresses inner scrollbars only while the dialog height expands
2026-10-06T01:44:50.5469562Z [22m[39m[svelte] derived_inert
2026-10-06T01:44:50.5470147Z Reading a derived belonging to a now-destroyed effect may result in stale values
2026-10-06T01:44:50.5472249Z https://svelte.dev/e/derived_inert
2026-10-06T01:44:50.5473056Z 2026-10-06T01:44:50.544Z pw:browser [pid=3066][err] [1006/014450.544632:INFO:CONSOLE:1222] "%c[svelte] derived_inert
2026-10-06T01:44:50.5474002Z 2026-10-06T01:44:50.544Z pw:browser [pid=3066][err] %cReading a derived belonging to a now-destroyed effect may result in stale values
2026-10-06T01:44:50.5475369Z 2026-10-06T01:44:50.544Z pw:browser [pid=3066][err] https://svelte.dev/e/derived_inert font-weight: bold font-weight: normal", source: http://localhost:63315/__vitest_browser__/tester-BJtsJFpD.js (1222)
2026-10-06T01:44:50.5476548Z 2026-10-06T01:44:50.545Z pw:browser [pid=3066][err] [1006/014450.545326:INFO:CONSOLE:1222] "%c[svelte] derived_inert
2026-10-06T01:44:50.5477490Z 2026-10-06T01:44:50.545Z pw:browser [pid=3066][err] %cReading a derived belonging to a now-destroyed effect may result in stale values
2026-10-06T01:44:50.5479900Z 2026-10-06T01:44:50.545Z pw:browser [pid=3066][err] https://svelte.dev/e/derived_inert font-weight: bold font-weight: normal", source: http://localhost:63315/__vitest_browser__/tester-BJtsJFpD.js (1222)
2026-10-06T01:44:50.5481507Z 2026-10-06T01:44:50.545Z pw:browser [pid=3066][err] [1006/014450.545730:INFO:CONSOLE:1222] "%c[svelte] derived_inert
2026-10-06T01:44:50.5483412Z 2026-10-06T01:44:50.545Z pw:browser [pid=3066][err] %cReading a derived belonging to a now-destroyed effect may result in stale values
2026-10-06T01:44:50.5484858Z 2026-10-06T01:44:50.545Z pw:browser [pid=3066][err] https://svelte.dev/e/derived_inert font-weight: bold font-weight: normal", source: http://localhost:63315/__vitest_browser__/tester-BJtsJFpD.js (1222)
2026-10-06T01:44:50.5486794Z [90mstderr[2m | parity/emdash/media-admin-editor/source/packages/admin/tests/components/MediaDetailPanel.test.tsx[2m > [22m[2mMediaDetailPanel[2m > [22m[2msuppresses inner scrollbars only while the dialog height expands
2026-10-06T01:44:50.5487818Z [22m[39m[svelte] derived_inert
2026-10-06T01:44:50.5488297Z Reading a derived belonging to a now-destroyed effect may result in stale values
2026-10-06T01:44:50.5488771Z https://svelte.dev/e/derived_inert
2026-10-06T01:44:50.5493671Z 2026-10-06T01:44:50.549Z pw:browser [pid=3066][err] [1006/014450.549104:INFO:CONSOLE:1222] "%c[svelte] ownership_invalid_mutation
2026-10-06T01:44:50.5499931Z 2026-10-06T01:44:50.549Z pw:browser [pid=3066][err] %cMutating unbound props (`editorFrameRef`, at src/​lib/​media/​FocalPointEditor.svelte:18:32) is strongly discouraged. Consider using `bind:editorFrameRef={...}` in src/lib/media/MediaDetails.svelte (or using a callback) instead
2026-10-06T01:44:50.5502983Z 2026-10-06T01:44:50.549Z pw:browser [pid=3066][err] https://svelte.dev/e/ownership_invalid_mutation font-weight: bold font-weight: normal", source: http://localhost:63315/__vitest_browser__/tester-BJtsJFpD.js (1222)
2026-10-06T01:44:50.5504940Z [90mstderr[2m | parity/emdash/media-admin-editor/source/packages/admin/tests/components/MediaDetailPanel.test.tsx[2m > [22m[2mMediaDetailPanel[2m > [22m[2msuppresses inner scrollbars only while the dialog height expands
2026-10-06T01:44:50.5506025Z [22m[39m[svelte] ownership_invalid_mutation
2026-10-06T01:44:50.5507348Z Mutating unbound props (`editorFrameRef`, at src/​lib/​media/​FocalPointEditor.svelte:18:32) is strongly discouraged. Consider using `bind:editorFrameRef={...}` in src/lib/media/MediaDetails.svelte (or using a callback) instead
2026-10-06T01:44:50.5508594Z https://svelte.dev/e/ownership_invalid_mutation
2026-10-06T01:44:50.5562377Z 2026-10-06T01:44:50.555Z pw:browser [pid=3066][err] [1006/014450.555738:INFO:CONSOLE:1222] "%c[svelte] ownership_invalid_mutation
2026-10-06T01:44:50.5565318Z 2026-10-06T01:44:50.555Z pw:browser [pid=3066][err] %cMutating unbound props (`editorFrameRef`, at src/​lib/​media/​FocalPointEditor.svelte:18:96) is strongly discouraged. Consider using `bind:editorFrameRef={...}` in src/lib/media/MediaDetails.svelte (or using a callback) instead
2026-10-06T01:44:50.5567322Z 2026-10-06T01:44:50.555Z pw:browser [pid=3066][err] https://svelte.dev/e/ownership_invalid_mutation font-weight: bold font-weight: normal", source: http://localhost:63315/__vitest_browser__/tester-BJtsJFpD.js (1222)
2026-10-06T01:44:50.5569234Z [90mstderr[2m | parity/emdash/media-admin-editor/source/packages/admin/tests/components/MediaDetailPanel.test.tsx[2m > [22m[2mMediaDetailPanel[2m > [22m[2msuppresses inner scrollbars only while the dialog height expands
2026-10-06T01:44:50.5570301Z [22m[39m[svelte] ownership_invalid_mutation
2026-10-06T01:44:50.5572249Z Mutating unbound props (`editorFrameRef`, at src/​lib/​media/​FocalPointEditor.svelte:18:96) is strongly discouraged. Consider using `bind:editorFrameRef={...}` in src/lib/media/MediaDetails.svelte (or using a callback) instead
2026-10-06T01:44:50.5573300Z https://svelte.dev/e/ownership_invalid_mutation
2026-10-06T01:44:50.6111224Z 2026-10-06T01:44:50.610Z pw:browser [pid=3066][err] [1006/014450.610728:INFO:CONSOLE:1222] "%c[svelte] ownership_invalid_mutation
2026-10-06T01:44:50.6115221Z 2026-10-06T01:44:50.610Z pw:browser [pid=3066][err] %cMutating unbound props (`editorFrameRef`, at src/​lib/​media/​FocalPointEditor.svelte:18:32) is strongly discouraged. Consider using `bind:editorFrameRef={...}` in src/lib/media/MediaDetails.svelte (or using a callback) instead
2026-10-06T01:44:50.6118604Z 2026-10-06T01:44:50.610Z pw:browser [pid=3066][err] https://svelte.dev/e/ownership_invalid_mutation font-weight: bold font-weight: normal", source: http://localhost:63315/__vitest_browser__/tester-BJtsJFpD.js (1222)
2026-10-06T01:44:50.6122618Z [90mstderr[2m | parity/emdash/media-admin-editor/source/packages/admin/tests/components/MediaDetailPanel.test.tsx[2m > [22m[2mMediaDetailPanel[2m > [22m[2msuppresses inner scrollbars only while the dialog height expands
2026-10-06T01:44:50.6124215Z [22m[39m[svelte] ownership_invalid_mutation
2026-10-06T01:44:50.6126184Z Mutating unbound props (`editorFrameRef`, at src/​lib/​media/​FocalPointEditor.svelte:18:32) is strongly discouraged. Consider using `bind:editorFrameRef={...}` in src/lib/media/MediaDetails.svelte (or using a callback) instead
2026-10-06T01:44:50.6127533Z https://svelte.dev/e/ownership_invalid_mutation
2026-10-06T01:44:50.6633736Z 2026-10-06T01:44:50.663Z pw:browser [pid=3066][err] [1006/014450.663051:INFO:CONSOLE:1222] "%c[svelte] ownership_invalid_mutation
2026-10-06T01:44:50.6637371Z 2026-10-06T01:44:50.663Z pw:browser [pid=3066][err] %cMutating unbound props (`editorFrameRef`, at src/​lib/​media/​FocalPointEditor.svelte:18:96) is strongly discouraged. Consider using `bind:editorFrameRef={...}` in src/lib/media/MediaDetails.svelte (or using a callback) instead
2026-10-06T01:44:50.6641287Z 2026-10-06T01:44:50.663Z pw:browser [pid=3066][err] https://svelte.dev/e/ownership_invalid_mutation font-weight: bold font-weight: normal", source: http://localhost:63315/__vitest_browser__/tester-BJtsJFpD.js (1222)
2026-10-06T01:44:50.6652263Z [90mstderr[2m | parity/emdash/media-admin-editor/source/packages/admin/tests/components/MediaDetailPanel.test.tsx[2m > [22m[2mMediaDetailPanel[2m > [22m[2mresizes without spatial motion when reduced motion is preferred
2026-10-06T01:44:50.6653812Z [22m[39m[svelte] ownership_invalid_mutation
2026-10-06T01:44:50.6656722Z Mutating unbound props (`editorFrameRef`, at src/​lib/​media/​FocalPointEditor.svelte:18:96) is strongly discouraged. Consider using `bind:editorFrameRef={...}` in src/lib/media/MediaDetails.svelte (or using a callback) instead
2026-10-06T01:44:50.6658707Z https://svelte.dev/e/ownership_invalid_mutation
2026-10-06T01:44:50.6683387Z 2026-10-06T01:44:50.668Z pw:browser [pid=3066][err] [1006/014450.668015:INFO:CONSOLE:1222] "%c[svelte] ownership_invalid_mutation
2026-10-06T01:44:50.6686968Z 2026-10-06T01:44:50.668Z pw:browser [pid=3066][err] %cMutating unbound props (`editorFrameRef`, at src/​lib/​media/​FocalPointEditor.svelte:18:32) is strongly discouraged. Consider using `bind:editorFrameRef={...}` in src/lib/media/MediaDetails.svelte (or using a callback) instead
2026-10-06T01:44:50.6691045Z 2026-10-06T01:44:50.668Z pw:browser [pid=3066][err] https://svelte.dev/e/ownership_invalid_mutation font-weight: bold font-weight: normal", source: http://localhost:63315/__vitest_browser__/tester-BJtsJFpD.js (1222)
2026-10-06T01:44:50.6694999Z [90mstderr[2m | parity/emdash/media-admin-editor/source/packages/admin/tests/components/MediaDetailPanel.test.tsx[2m > [22m[2mMediaDetailPanel[2m > [22m[2mresizes without spatial motion when reduced motion is preferred
2026-10-06T01:44:50.6697039Z [22m[39m[svelte] ownership_invalid_mutation
2026-10-06T01:44:50.6699504Z Mutating unbound props (`editorFrameRef`, at src/​lib/​media/​FocalPointEditor.svelte:18:32) is strongly discouraged. Consider using `bind:editorFrameRef={...}` in src/lib/media/MediaDetails.svelte (or using a callback) instead
2026-10-06T01:44:50.6702071Z https://svelte.dev/e/ownership_invalid_mutation
2026-10-06T01:44:50.6744759Z 2026-10-06T01:44:50.674Z pw:browser [pid=3066][err] [1006/014450.674238:INFO:CONSOLE:1222] "%c[svelte] ownership_invalid_mutation
2026-10-06T01:44:50.6748573Z 2026-10-06T01:44:50.674Z pw:browser [pid=3066][err] %cMutating unbound props (`editorFrameRef`, at src/​lib/​media/​FocalPointEditor.svelte:18:96) is strongly discouraged. Consider using `bind:editorFrameRef={...}` in src/lib/media/MediaDetails.svelte (or using a callback) instead
2026-10-06T01:44:50.6752771Z 2026-10-06T01:44:50.674Z pw:browser [pid=3066][err] https://svelte.dev/e/ownership_invalid_mutation font-weight: bold font-weight: normal", source: http://localhost:63315/__vitest_browser__/tester-BJtsJFpD.js (1222)
2026-10-06T01:44:50.6757499Z 2026-10-06T01:44:50.675Z pw:browser [pid=3066][err] [1006/014450.674836:INFO:CONSOLE:1222] "Attempted to synchronously unmount a root while React was already rendering. React cannot finish unmounting the root until the current render has completed, which may lead to a race condition.", source: http://localhost:63315/__vitest_browser__/tester-BJtsJFpD.js (1222)
2026-10-06T01:44:50.6765172Z [90mstderr[2m | parity/emdash/media-admin-editor/source/packages/admin/tests/components/MediaDetailPanel.test.tsx[2m > [22m[2mMediaDetailPanel[2m > [22m[2mshows usage only in its dedicated local-image tab
2026-10-06T01:44:50.6767125Z [22m[39m[svelte] ownership_invalid_mutation
2026-10-06T01:44:50.6769692Z Mutating unbound props (`editorFrameRef`, at src/​lib/​media/​FocalPointEditor.svelte:18:96) is strongly discouraged. Consider using `bind:editorFrameRef={...}` in src/lib/media/MediaDetails.svelte (or using a callback) instead
2026-10-06T01:44:50.6771961Z https://svelte.dev/e/ownership_invalid_mutation
2026-10-06T01:44:50.6774405Z [90mstderr[2m | parity/emdash/media-admin-editor/source/packages/admin/tests/components/MediaDetailPanel.test.tsx[2m > [22m[2mMediaDetailPanel[2m > [22m[2mshows usage only in its dedicated local-image tab
2026-10-06T01:44:50.6777710Z [22m[39mAttempted to synchronously unmount a root while React was already rendering. React cannot finish unmounting the root until the current render has completed, which may lead to a race condition.
2026-10-06T01:44:50.6792638Z 2026-10-06T01:44:50.678Z pw:browser [pid=3066][err] [1006/014450.678910:INFO:CONSOLE:1222] "%c[svelte] ownership_invalid_mutation
2026-10-06T01:44:50.6796700Z 2026-10-06T01:44:50.679Z pw:browser [pid=3066][err] %cMutating unbound props (`editorFrameRef`, at src/​lib/​media/​FocalPointEditor.svelte:18:32) is strongly discouraged. Consider using `bind:editorFrameRef={...}` in src/lib/media/MediaDetails.svelte (or using a callback) instead
2026-10-06T01:44:50.6800357Z 2026-10-06T01:44:50.679Z pw:browser [pid=3066][err] https://svelte.dev/e/ownership_invalid_mutation font-weight: bold font-weight: normal", source: http://localhost:63315/__vitest_browser__/tester-BJtsJFpD.js (1222)
2026-10-06T01:44:50.6804131Z [90mstderr[2m | parity/emdash/media-admin-editor/source/packages/admin/tests/components/MediaDetailPanel.test.tsx[2m > [22m[2mMediaDetailPanel[2m > [22m[2mshows usage only in its dedicated local-image tab
2026-10-06T01:44:50.6806082Z [22m[39m[svelte] ownership_invalid_mutation
2026-10-06T01:44:50.6808646Z Mutating unbound props (`editorFrameRef`, at src/​lib/​media/​FocalPointEditor.svelte:18:32) is strongly discouraged. Consider using `bind:editorFrameRef={...}` in src/lib/media/MediaDetails.svelte (or using a callback) instead
2026-10-06T01:44:50.6810600Z https://svelte.dev/e/ownership_invalid_mutation
2026-10-06T01:44:50.6853505Z 2026-10-06T01:44:50.685Z pw:browser [pid=3066][err] [1006/014450.685009:INFO:CONSOLE:1222] "%c[svelte] ownership_invalid_mutation
2026-10-06T01:44:50.6859610Z 2026-10-06T01:44:50.685Z pw:browser [pid=3066][err] %cMutating unbound props (`firstPreviewRef`, at src/​lib/​media/​FocalPointPreviews.svelte:8:33) is strongly discouraged. Consider using `bind:firstPreviewRef={...}` in src/lib/media/MediaDetails.svelte (or using a callback) instead
2026-10-06T01:44:50.6863953Z 2026-10-06T01:44:50.685Z pw:browser [pid=3066][err] https://svelte.dev/e/ownership_invalid_mutation font-weight: bold font-weight: normal", source: http://localhost:63315/__vitest_browser__/tester-BJtsJFpD.js (1222)
2026-10-06T01:44:50.6867865Z [90mstderr[2m | parity/emdash/media-admin-editor/source/packages/admin/tests/components/MediaDetailPanel.test.tsx[2m > [22m[2mMediaDetailPanel[2m > [22m[2mshows usage only in its dedicated local-image tab
2026-10-06T01:44:50.6869834Z [22m[39m[svelte] ownership_invalid_mutation
2026-10-06T01:44:50.6872621Z Mutating unbound props (`firstPreviewRef`, at src/​lib/​media/​FocalPointPreviews.svelte:8:33) is strongly discouraged. Consider using `bind:firstPreviewRef={...}` in src/lib/media/MediaDetails.svelte (or using a callback) instead
2026-10-06T01:44:50.6873874Z https://svelte.dev/e/ownership_invalid_mutation
2026-10-06T01:44:50.6880120Z 2026-10-06T01:44:50.687Z pw:browser [pid=3066][err] [1006/014450.687782:INFO:CONSOLE:1222] "%c[svelte] ownership_invalid_mutation
2026-10-06T01:44:50.6884743Z 2026-10-06T01:44:50.687Z pw:browser [pid=3066][err] %cMutating unbound props (`firstPreviewRef`, at src/​lib/​media/​FocalPointPreviews.svelte:8:99) is strongly discouraged. Consider using `bind:firstPreviewRef={...}` in src/lib/media/MediaDetails.svelte (or using a callback) instead
2026-10-06T01:44:50.6888387Z 2026-10-06T01:44:50.687Z pw:browser [pid=3066][err] https://svelte.dev/e/ownership_invalid_mutation font-weight: bold font-weight: normal", source: http://localhost:63315/__vitest_browser__/tester-BJtsJFpD.js (1222)
2026-10-06T01:44:50.6895245Z [90mstderr[2m | parity/emdash/media-admin-editor/source/packages/admin/tests/components/MediaDetailPanel.test.tsx[2m > [22m[2mMediaDetailPanel[2m > [22m[2mshows usage only in its dedicated local-image tab
2026-10-06T01:44:50.6896314Z [22m[39m[svelte] ownership_invalid_mutation
2026-10-06T01:44:50.6897680Z Mutating unbound props (`firstPreviewRef`, at src/​lib/​media/​FocalPointPreviews.svelte:8:99) is strongly discouraged. Consider using `bind:firstPreviewRef={...}` in src/lib/media/MediaDetails.svelte (or using a callback) instead
2026-10-06T01:44:50.6899074Z https://svelte.dev/e/ownership_invalid_mutation
2026-10-06T01:44:50.6920977Z 2026-10-06T01:44:50.691Z pw:browser [pid=3066][err] [1006/014450.691747:INFO:CONSOLE:1222] "%c[svelte] ownership_invalid_mutation
2026-10-06T01:44:50.6927046Z 2026-10-06T01:44:50.691Z pw:browser [pid=3066][err] %cMutating unbound props (`editorFrameRef`, at src/​lib/​media/​FocalPointEditor.svelte:18:96) is strongly discouraged. Consider using `bind:editorFrameRef={...}` in src/lib/media/MediaDetails.svelte (or using a callback) instead
2026-10-06T01:44:50.6939911Z 2026-10-06T01:44:50.691Z pw:browser [pid=3066][err] https://svelte.dev/e/ownership_invalid_mutation font-weight: bold font-weight: normal", source: http://localhost:63315/__vitest_browser__/tester-BJtsJFpD.js (1222)
2026-10-06T01:44:50.6944591Z 2026-10-06T01:44:50.692Z pw:browser [pid=3066][err] [1006/014450.692364:INFO:CONSOLE:1222] "Attempted to synchronously unmount a root while React was already rendering. React cannot finish unmounting the root until the current render has completed, which may lead to a race condition.", source: http://localhost:63315/__vitest_browser__/tester-BJtsJFpD.js (1222)
2026-10-06T01:44:50.6947356Z [90mstderr[2m | parity/emdash/media-admin-editor/source/packages/admin/tests/components/MediaDetailPanel.test.tsx[2m > [22m[2mMediaDetailPanel[2m > [22m[2mgives non-image local media a dedicated usage tab
2026-10-06T01:44:50.6948388Z [22m[39m[svelte] ownership_invalid_mutation
2026-10-06T01:44:50.6949963Z Mutating unbound props (`editorFrameRef`, at src/​lib/​media/​FocalPointEditor.svelte:18:96) is strongly discouraged. Consider using `bind:editorFrameRef={...}` in src/lib/media/MediaDetails.svelte (or using a callback) instead
2026-10-06T01:44:50.6951612Z https://svelte.dev/e/ownership_invalid_mutation
2026-10-06T01:44:50.6953756Z [90mstderr[2m | parity/emdash/media-admin-editor/source/packages/admin/tests/components/MediaDetailPanel.test.tsx[2m > [22m[2mMediaDetailPanel[2m > [22m[2mgives non-image local media a dedicated usage tab
2026-10-06T01:44:50.6957169Z [22m[39mAttempted to synchronously unmount a root while React was already rendering. React cannot finish unmounting the root until the current render has completed, which may lead to a race condition.
2026-10-06T01:44:50.7042326Z 2026-10-06T01:44:50.703Z pw:browser [pid=3066][err] [1006/014450.703684:INFO:CONSOLE:1222] "Attempted to synchronously unmount a root while React was already rendering. React cannot finish unmounting the root until the current render has completed, which may lead to a race condition.", source: http://localhost:63315/__vitest_browser__/tester-BJtsJFpD.js (1222)
2026-10-06T01:44:50.7054938Z [90mstderr[2m | parity/emdash/media-admin-editor/source/packages/admin/tests/components/MediaDetailPanel.test.tsx[2m > [22m[2mMediaDetailPanel[2m > [22m[2mdoes not offer usage for provider media
2026-10-06T01:44:50.7056781Z [22m[39mAttempted to synchronously unmount a root while React was already rendering. React cannot finish unmounting the root until the current render has completed, which may lead to a race condition.
2026-10-06T01:44:50.7071284Z 2026-10-06T01:44:50.706Z pw:browser [pid=3066][err] [1006/014450.706657:INFO:CONSOLE:1222] "%c[svelte] ownership_invalid_mutation
2026-10-06T01:44:50.7076653Z 2026-10-06T01:44:50.706Z pw:browser [pid=3066][err] %cMutating unbound props (`editorFrameRef`, at src/​lib/​media/​FocalPointEditor.svelte:18:32) is strongly discouraged. Consider using `bind:editorFrameRef={...}` in src/lib/media/MediaDetails.svelte (or using a callback) instead
2026-10-06T01:44:50.7108939Z 2026-10-06T01:44:50.706Z pw:browser [pid=3066][err] https://svelte.dev/e/ownership_invalid_mutation font-weight: bold font-weight: normal", source: http://localhost:63315/__vitest_browser__/tester-BJtsJFpD.js (1222)
2026-10-06T01:44:50.7112634Z [90mstderr[2m | parity/emdash/media-admin-editor/source/packages/admin/tests/components/MediaDetailPanel.test.tsx[2m > [22m[2mMediaDetailPanel[2m > [22m[2mdoes not offer usage for provider media
2026-10-06T01:44:50.7114359Z [22m[39m[svelte] ownership_invalid_mutation
2026-10-06T01:44:50.7116909Z Mutating unbound props (`editorFrameRef`, at src/​lib/​media/​FocalPointEditor.svelte:18:32) is strongly discouraged. Consider using `bind:editorFrameRef={...}` in src/lib/media/MediaDetails.svelte (or using a callback) instead
2026-10-06T01:44:50.7118874Z https://svelte.dev/e/ownership_invalid_mutation
2026-10-06T01:44:50.7121004Z 2026-10-06T01:44:50.710Z pw:browser [pid=3066][err] [1006/014450.709939:INFO:CONSOLE:1222] "%c[svelte] ownership_invalid_mutation
2026-10-06T01:44:50.7124990Z 2026-10-06T01:44:50.710Z pw:browser [pid=3066][err] %cMutating unbound props (`editorFrameRef`, at src/​lib/​media/​FocalPointEditor.svelte:18:96) is strongly discouraged. Consider using `bind:editorFrameRef={...}` in src/lib/media/MediaDetails.svelte (or using a callback) instead
2026-10-06T01:44:50.7127725Z 2026-10-06T01:44:50.710Z pw:browser [pid=3066][err] https://svelte.dev/e/ownership_invalid_mutation font-weight: bold font-weight: normal", source: http://localhost:63315/__vitest_browser__/tester-BJtsJFpD.js (1222)
2026-10-06T01:44:50.7129607Z [90mstderr[2m | parity/emdash/media-admin-editor/source/packages/admin/tests/components/MediaDetailPanel.test.tsx[2m > [22m[2mMediaDetailPanel[2m > [22m[2mshows image preview for image mimeTypes
2026-10-06T01:44:50.7130590Z [22m[39m[svelte] ownership_invalid_mutation
2026-10-06T01:44:50.7132265Z Mutating unbound props (`editorFrameRef`, at src/​lib/​media/​FocalPointEditor.svelte:18:96) is strongly discouraged. Consider using `bind:editorFrameRef={...}` in src/lib/media/MediaDetails.svelte (or using a callback) instead
2026-10-06T01:44:50.7133385Z https://svelte.dev/e/ownership_invalid_mutation
2026-10-06T01:44:50.7137450Z 2026-10-06T01:44:50.713Z pw:browser [pid=3066][err] [1006/014450.713387:INFO:CONSOLE:1222] "%c[svelte] ownership_invalid_mutation
2026-10-06T01:44:50.7142279Z 2026-10-06T01:44:50.713Z pw:browser [pid=3066][err] %cMutating unbound props (`editorFrameRef`, at src/​lib/​media/​FocalPointEditor.svelte:18:32) is strongly discouraged. Consider using `bind:editorFrameRef={...}` in src/lib/media/MediaDetails.svelte (or using a callback) instead
2026-10-06T01:44:50.7144537Z 2026-10-06T01:44:50.713Z pw:browser [pid=3066][err] https://svelte.dev/e/ownership_invalid_mutation font-weight: bold font-weight: normal", source: http://localhost:63315/__vitest_browser__/tester-BJtsJFpD.js (1222)
2026-10-06T01:44:50.7146396Z [90mstderr[2m | parity/emdash/media-admin-editor/source/packages/admin/tests/components/MediaDetailPanel.test.tsx[2m > [22m[2mMediaDetailPanel[2m > [22m[2mshows image preview for image mimeTypes
2026-10-06T01:44:50.7147359Z [22m[39m[svelte] ownership_invalid_mutation
2026-10-06T01:44:50.7149782Z Mutating unbound props (`editorFrameRef`, at src/​lib/​media/​FocalPointEditor.svelte:18:32) is strongly discouraged. Consider using `bind:editorFrameRef={...}` in src/lib/media/MediaDetails.svelte (or using a callback) instead
2026-10-06T01:44:50.7151199Z https://svelte.dev/e/ownership_invalid_mutation
2026-10-06T01:44:50.7184142Z 2026-10-06T01:44:50.718Z pw:browser [pid=3066][err] [1006/014450.718060:INFO:CONSOLE:1222] "%c[svelte] ownership_invalid_mutation
2026-10-06T01:44:50.7189401Z 2026-10-06T01:44:50.718Z pw:browser [pid=3066][err] %cMutating unbound props (`editorFrameRef`, at src/​lib/​media/​FocalPointEditor.svelte:18:96) is strongly discouraged. Consider using `bind:editorFrameRef={...}` in src/lib/media/MediaDetails.svelte (or using a callback) instead
2026-10-06T01:44:50.7193087Z 2026-10-06T01:44:50.718Z pw:browser [pid=3066][err] https://svelte.dev/e/ownership_invalid_mutation font-weight: bold font-weight: normal", source: http://localhost:63315/__vitest_browser__/tester-BJtsJFpD.js (1222)
2026-10-06T01:44:50.7202327Z [90mstderr[2m | parity/emdash/media-admin-editor/source/packages/admin/tests/components/MediaDetailPanel.test.tsx[2m > [22m[2mMediaDetailPanel[2m > [22m[2mseparates image details from focal-point editing with tabs
2026-10-06T01:44:50.7203468Z [22m[39m[svelte] ownership_invalid_mutation
2026-10-06T01:44:50.7204830Z Mutating unbound props (`editorFrameRef`, at src/​lib/​media/​FocalPointEditor.svelte:18:96) is strongly discouraged. Consider using `bind:editorFrameRef={...}` in src/lib/media/MediaDetails.svelte (or using a callback) instead
2026-10-06T01:44:50.7205863Z https://svelte.dev/e/ownership_invalid_mutation
2026-10-06T01:44:50.7232734Z 2026-10-06T01:44:50.722Z pw:browser [pid=3066][err] [1006/014450.722698:INFO:CONSOLE:1222] "%c[svelte] ownership_invalid_mutation
2026-10-06T01:44:50.7236512Z 2026-10-06T01:44:50.722Z pw:browser [pid=3066][err] %cMutating unbound props (`editorFrameRef`, at src/​lib/​media/​FocalPointEditor.svelte:18:32) is strongly discouraged. Consider using `bind:editorFrameRef={...}` in src/lib/media/MediaDetails.svelte (or using a callback) instead
2026-10-06T01:44:50.7240069Z 2026-10-06T01:44:50.722Z pw:browser [pid=3066][err] https://svelte.dev/e/ownership_invalid_mutation font-weight: bold font-weight: normal", source: http://localhost:63315/__vitest_browser__/tester-BJtsJFpD.js (1222)
2026-10-06T01:44:50.7242337Z [90mstderr[2m | parity/emdash/media-admin-editor/source/packages/admin/tests/components/MediaDetailPanel.test.tsx[2m > [22m[2mMediaDetailPanel[2m > [22m[2mseparates image details from focal-point editing with tabs
2026-10-06T01:44:50.7243383Z [22m[39m[svelte] ownership_invalid_mutation
2026-10-06T01:44:50.7244711Z Mutating unbound props (`editorFrameRef`, at src/​lib/​media/​FocalPointEditor.svelte:18:32) is strongly discouraged. Consider using `bind:editorFrameRef={...}` in src/lib/media/MediaDetails.svelte (or using a callback) instead
2026-10-06T01:44:50.7245729Z https://svelte.dev/e/ownership_invalid_mutation
2026-10-06T01:44:50.7304432Z 2026-10-06T01:44:50.730Z pw:browser [pid=3066][err] [1006/014450.730131:INFO:CONSOLE:1222] "%c[svelte] ownership_invalid_mutation
2026-10-06T01:44:50.7311404Z 2026-10-06T01:44:50.730Z pw:browser [pid=3066][err] %cMutating unbound props (`firstPreviewRef`, at src/​lib/​media/​FocalPointPreviews.svelte:8:33) is strongly discouraged. Consider using `bind:firstPreviewRef={...}` in src/lib/media/MediaDetails.svelte (or using a callback) instead
2026-10-06T01:44:50.7315117Z 2026-10-06T01:44:50.730Z pw:browser [pid=3066][err] https://svelte.dev/e/ownership_invalid_mutation font-weight: bold font-weight: normal", source: http://localhost:63315/__vitest_browser__/tester-BJtsJFpD.js (1222)
2026-10-06T01:44:50.7318858Z [90mstderr[2m | parity/emdash/media-admin-editor/source/packages/admin/tests/components/MediaDetailPanel.test.tsx[2m > [22m[2mMediaDetailPanel[2m > [22m[2mseparates image details from focal-point editing with tabs
2026-10-06T01:44:50.7321200Z [22m[39m[svelte] ownership_invalid_mutation
2026-10-06T01:44:50.7323803Z Mutating unbound props (`firstPreviewRef`, at src/​lib/​media/​FocalPointPreviews.svelte:8:33) is strongly discouraged. Consider using `bind:firstPreviewRef={...}` in src/lib/media/MediaDetails.svelte (or using a callback) instead
2026-10-06T01:44:50.7325940Z https://svelte.dev/e/ownership_invalid_mutation
2026-10-06T01:44:50.7369359Z 2026-10-06T01:44:50.736Z pw:browser [pid=3066][err] [1006/014450.736688:INFO:CONSOLE:1222] "%c[svelte] ownership_invalid_mutation
2026-10-06T01:44:50.7373284Z 2026-10-06T01:44:50.736Z pw:browser [pid=3066][err] %cMutating unbound props (`firstPreviewRef`, at src/​lib/​media/​FocalPointPreviews.svelte:8:99) is strongly discouraged. Consider using `bind:firstPreviewRef={...}` in src/lib/media/MediaDetails.svelte (or using a callback) instead
2026-10-06T01:44:50.7376963Z 2026-10-06T01:44:50.736Z pw:browser [pid=3066][err] https://svelte.dev/e/ownership_invalid_mutation font-weight: bold font-weight: normal", source: http://localhost:63315/__vitest_browser__/tester-BJtsJFpD.js (1222)
2026-10-06T01:44:50.7385322Z [90mstderr[2m | parity/emdash/media-admin-editor/source/packages/admin/tests/components/MediaDetailPanel.test.tsx[2m > [22m[2mMediaDetailPanel[2m > [22m[2mseparates image details from focal-point editing with tabs
2026-10-06T01:44:50.7387315Z [22m[39m[svelte] ownership_invalid_mutation
2026-10-06T01:44:50.7389835Z Mutating unbound props (`firstPreviewRef`, at src/​lib/​media/​FocalPointPreviews.svelte:8:99) is strongly discouraged. Consider using `bind:firstPreviewRef={...}` in src/lib/media/MediaDetails.svelte (or using a callback) instead
2026-10-06T01:44:50.7392096Z https://svelte.dev/e/ownership_invalid_mutation
2026-10-06T01:44:50.7397655Z 2026-10-06T01:44:50.739Z pw:browser [pid=3066][err] [1006/014450.739445:INFO:CONSOLE:1222] "%c[svelte] ownership_invalid_mutation
2026-10-06T01:44:50.7401428Z 2026-10-06T01:44:50.739Z pw:browser [pid=3066][err] %cMutating unbound props (`editorFrameRef`, at src/​lib/​media/​FocalPointEditor.svelte:18:96) is strongly discouraged. Consider using `bind:editorFrameRef={...}` in src/lib/media/MediaDetails.svelte (or using a callback) instead
2026-10-06T01:44:50.7404812Z 2026-10-06T01:44:50.739Z pw:browser [pid=3066][err] https://svelte.dev/e/ownership_invalid_mutation font-weight: bold font-weight: normal", source: http://localhost:63315/__vitest_browser__/tester-BJtsJFpD.js (1222)
2026-10-06T01:44:50.7422127Z [90mstderr[2m | parity/emdash/media-admin-editor/source/packages/admin/tests/components/MediaDetailPanel.test.tsx[2m > [22m[2mMediaDetailPanel[2m > [22m[2mkeeps focal-point preview image bottoms aligned with the editor frame
2026-10-06T01:44:50.7424139Z [22m[39m[svelte] ownership_invalid_mutation
2026-10-06T01:44:50.7426607Z Mutating unbound props (`editorFrameRef`, at src/​lib/​media/​FocalPointEditor.svelte:18:96) is strongly discouraged. Consider using `bind:editorFrameRef={...}` in src/lib/media/MediaDetails.svelte (or using a callback) instead
2026-10-06T01:44:50.7428594Z https://svelte.dev/e/ownership_invalid_mutation
2026-10-06T01:44:50.7440148Z 2026-10-06T01:44:50.743Z pw:browser [pid=3066][err] [1006/014450.743764:INFO:CONSOLE:1222] "%c[svelte] ownership_invalid_mutation
2026-10-06T01:44:50.7443691Z 2026-10-06T01:44:50.743Z pw:browser [pid=3066][err] %cMutating unbound props (`editorFrameRef`, at src/​lib/​media/​FocalPointEditor.svelte:18:32) is strongly discouraged. Consider using `bind:editorFrameRef={...}` in src/lib/media/MediaDetails.svelte (or using a callback) instead
2026-10-06T01:44:50.7447019Z 2026-10-06T01:44:50.743Z pw:browser [pid=3066][err] https://svelte.dev/e/ownership_invalid_mutation font-weight: bold font-weight: normal", source: http://localhost:63315/__vitest_browser__/tester-BJtsJFpD.js (1222)
2026-10-06T01:44:50.7449108Z [90mstderr[2m | parity/emdash/media-admin-editor/source/packages/admin/tests/components/MediaDetailPanel.test.tsx[2m > [22m[2mMediaDetailPanel[2m > [22m[2mkeeps focal-point preview image bottoms aligned with the editor frame
2026-10-06T01:44:50.7451336Z [22m[39m[svelte] ownership_invalid_mutation
2026-10-06T01:44:50.7452701Z Mutating unbound props (`editorFrameRef`, at src/​lib/​media/​FocalPointEditor.svelte:18:32) is strongly discouraged. Consider using `bind:editorFrameRef={...}` in src/lib/media/MediaDetails.svelte (or using a callback) instead
2026-10-06T01:44:50.7454164Z https://svelte.dev/e/ownership_invalid_mutation
2026-10-06T01:44:50.7507421Z 2026-10-06T01:44:50.750Z pw:browser [pid=3066][err] [1006/014450.750106:INFO:CONSOLE:1222] "%c[svelte] ownership_invalid_mutation
2026-10-06T01:44:50.7511033Z 2026-10-06T01:44:50.750Z pw:browser [pid=3066][err] %cMutating unbound props (`firstPreviewRef`, at src/​lib/​media/​FocalPointPreviews.svelte:8:33) is strongly discouraged. Consider using `bind:firstPreviewRef={...}` in src/lib/media/MediaDetails.svelte (or using a callback) instead
2026-10-06T01:44:50.7513938Z 2026-10-06T01:44:50.750Z pw:browser [pid=3066][err] https://svelte.dev/e/ownership_invalid_mutation font-weight: bold font-weight: normal", source: http://localhost:63315/__vitest_browser__/tester-BJtsJFpD.js (1222)
2026-10-06T01:44:50.7516713Z [90mstderr[2m | parity/emdash/media-admin-editor/source/packages/admin/tests/components/MediaDetailPanel.test.tsx[2m > [22m[2mMediaDetailPanel[2m > [22m[2mkeeps focal-point preview image bottoms aligned with the editor frame
2026-10-06T01:44:50.7518194Z [22m[39m[svelte] ownership_invalid_mutation
2026-10-06T01:44:50.7520482Z Mutating unbound props (`firstPreviewRef`, at src/​lib/​media/​FocalPointPreviews.svelte:8:33) is strongly discouraged. Consider using `bind:firstPreviewRef={...}` in src/lib/media/MediaDetails.svelte (or using a callback) instead
2026-10-06T01:44:50.7522182Z https://svelte.dev/e/ownership_invalid_mutation
2026-10-06T01:44:50.8058644Z 2026-10-06T01:44:50.805Z pw:browser [pid=3066][err] [1006/014450.805498:INFO:CONSOLE:1222] "%c[svelte] ownership_invalid_mutation
2026-10-06T01:44:50.8063316Z 2026-10-06T01:44:50.805Z pw:browser [pid=3066][err] %cMutating unbound props (`editorFrameRef`, at src/​lib/​media/​FocalPointEditor.svelte:18:96) is strongly discouraged. Consider using `bind:editorFrameRef={...}` in src/lib/media/MediaDetails.svelte (or using a callback) instead
2026-10-06T01:44:50.8068503Z 2026-10-06T01:44:50.805Z pw:browser [pid=3066][err] https://svelte.dev/e/ownership_invalid_mutation font-weight: bold font-weight: normal", source: http://localhost:63315/__vitest_browser__/tester-BJtsJFpD.js (1222)
2026-10-06T01:44:50.8073227Z [90mstderr[2m | parity/emdash/media-admin-editor/source/packages/admin/tests/components/MediaDetailPanel.test.tsx[2m > [22m[2mMediaDetailPanel[2m > [22m[2maligns focal-point previews before painting the mode switch
2026-10-06T01:44:50.8075469Z [22m[39m[svelte] ownership_invalid_mutation
2026-10-06T01:44:50.8078168Z Mutating unbound props (`editorFrameRef`, at src/​lib/​media/​FocalPointEditor.svelte:18:96) is strongly discouraged. Consider using `bind:editorFrameRef={...}` in src/lib/media/MediaDetails.svelte (or using a callback) instead
2026-10-06T01:44:50.8080296Z https://svelte.dev/e/ownership_invalid_mutation
2026-10-06T01:44:50.8082162Z 2026-10-06T01:44:50.806Z pw:browser [pid=3066][err] [1006/014450.806293:INFO:CONSOLE:1222] "%c[svelte] ownership_invalid_mutation
2026-10-06T01:44:50.8085674Z 2026-10-06T01:44:50.806Z pw:browser [pid=3066][err] %cMutating unbound props (`firstPreviewRef`, at src/​lib/​media/​FocalPointPreviews.svelte:8:99) is strongly discouraged. Consider using `bind:firstPreviewRef={...}` in src/lib/media/MediaDetails.svelte (or using a callback) instead
2026-10-06T01:44:50.8089485Z 2026-10-06T01:44:50.806Z pw:browser [pid=3066][err] https://svelte.dev/e/ownership_invalid_mutation font-weight: bold font-weight: normal", source: http://localhost:63315/__vitest_browser__/tester-BJtsJFpD.js (1222)
2026-10-06T01:44:50.8092644Z [90mstderr[2m | parity/emdash/media-admin-editor/source/packages/admin/tests/components/MediaDetailPanel.test.tsx[2m > [22m[2mMediaDetailPanel[2m > [22m[2maligns focal-point previews before painting the mode switch
2026-10-06T01:44:50.8094906Z [22m[39m[svelte] ownership_invalid_mutation
2026-10-06T01:44:50.8096976Z Mutating unbound props (`firstPreviewRef`, at src/​lib/​media/​FocalPointPreviews.svelte:8:99) is strongly discouraged. Consider using `bind:firstPreviewRef={...}` in src/lib/media/MediaDetails.svelte (or using a callback) instead
2026-10-06T01:44:50.8098450Z https://svelte.dev/e/ownership_invalid_mutation
2026-10-06T01:44:50.8122613Z 2026-10-06T01:44:50.812Z pw:browser [pid=3066][err] [1006/014450.811976:INFO:CONSOLE:1222] "%c[svelte] ownership_invalid_mutation
2026-10-06T01:44:50.8126365Z 2026-10-06T01:44:50.812Z pw:browser [pid=3066][err] %cMutating unbound props (`editorFrameRef`, at src/​lib/​media/​FocalPointEditor.svelte:18:32) is strongly discouraged. Consider using `bind:editorFrameRef={...}` in src/lib/media/MediaDetails.svelte (or using a callback) instead
2026-10-06T01:44:50.8130188Z 2026-10-06T01:44:50.812Z pw:browser [pid=3066][err] https://svelte.dev/e/ownership_invalid_mutation font-weight: bold font-weight: normal", source: http://localhost:63315/__vitest_browser__/tester-BJtsJFpD.js (1222)
2026-10-06T01:44:50.8134359Z [90mstderr[2m | parity/emdash/media-admin-editor/source/packages/admin/tests/components/MediaDetailPanel.test.tsx[2m > [22m[2mMediaDetailPanel[2m > [22m[2maligns focal-point previews before painting the mode switch
2026-10-06T01:44:50.8136128Z [22m[39m[svelte] ownership_invalid_mutation
2026-10-06T01:44:50.8138809Z Mutating unbound props (`editorFrameRef`, at src/​lib/​media/​FocalPointEditor.svelte:18:32) is strongly discouraged. Consider using `bind:editorFrameRef={...}` in src/lib/media/MediaDetails.svelte (or using a callback) instead
2026-10-06T01:44:50.8139871Z https://svelte.dev/e/ownership_invalid_mutation
2026-10-06T01:44:50.8199700Z 2026-10-06T01:44:50.819Z pw:browser [pid=3066][err] [1006/014450.819555:INFO:CONSOLE:1222] "%c[svelte] ownership_invalid_mutation
2026-10-06T01:44:50.8203207Z 2026-10-06T01:44:50.819Z pw:browser [pid=3066][err] %cMutating unbound props (`editorFrameRef`, at src/​lib/​media/​FocalPointEditor.svelte:18:96) is strongly discouraged. Consider using `bind:editorFrameRef={...}` in src/lib/media/MediaDetails.svelte (or using a callback) instead
2026-10-06T01:44:50.8207180Z 2026-10-06T01:44:50.819Z pw:browser [pid=3066][err] https://svelte.dev/e/ownership_invalid_mutation font-weight: bold font-weight: normal", source: http://localhost:63315/__vitest_browser__/tester-BJtsJFpD.js (1222)
2026-10-06T01:44:50.8210911Z [90mstderr[2m | parity/emdash/media-admin-editor/source/packages/admin/tests/components/MediaDetailPanel.test.tsx[2m > [22m[2mMediaDetailPanel[2m > [22m[2maligns focal-point previews before painting the mode switch
2026-10-06T01:44:50.8212866Z [22m[39m[svelte] ownership_invalid_mutation
2026-10-06T01:44:50.8214518Z Mutating unbound props (`editorFrameRef`, at src/​lib/​media/​FocalPointEditor.svelte:18:96) is strongly discouraged. Consider using `bind:editorFrameRef={...}` in src/lib/media/MediaDetails.svelte (or using a callback) instead
2026-10-06T01:44:50.8215574Z https://svelte.dev/e/ownership_invalid_mutation
2026-10-06T01:44:50.8264936Z 2026-10-06T01:44:50.825Z pw:browser [pid=3066][err] [1006/014450.825596:INFO:CONSOLE:1222] "%c[svelte] ownership_invalid_mutation
2026-10-06T01:44:50.8284452Z 2026-10-06T01:44:50.825Z pw:browser [pid=3066][err] %cMutating unbound props (`editorFrameRef`, at src/​lib/​media/​FocalPointEditor.svelte:18:32) is strongly discouraged. Consider using `bind:editorFrameRef={...}` in src/lib/media/MediaDetails.svelte (or using a callback) instead
2026-10-06T01:44:50.8288042Z 2026-10-06T01:44:50.825Z pw:browser [pid=3066][err] https://svelte.dev/e/ownership_invalid_mutation font-weight: bold font-weight: normal", source: http://localhost:63315/__vitest_browser__/tester-BJtsJFpD.js (1222)
2026-10-06T01:44:50.8291841Z [90mstderr[2m | parity/emdash/media-admin-editor/source/packages/admin/tests/components/MediaDetailPanel.test.tsx[2m > [22m[2mMediaDetailPanel[2m > [22m[2maligns focal-point previews before painting the mode switch
2026-10-06T01:44:50.8293812Z [22m[39m[svelte] ownership_invalid_mutation
2026-10-06T01:44:50.8296323Z Mutating unbound props (`editorFrameRef`, at src/​lib/​media/​FocalPointEditor.svelte:18:32) is strongly discouraged. Consider using `bind:editorFrameRef={...}` in src/lib/media/MediaDetails.svelte (or using a callback) instead
2026-10-06T01:44:50.8298104Z https://svelte.dev/e/ownership_invalid_mutation
2026-10-06T01:44:50.8300492Z [90mstderr[2m | parity/emdash/media-admin-editor/source/packages/admin/tests/components/MediaDetailPanel.test.tsx[2m > [22m[2mMediaDetailPanel[2m > [22m[2maligns focal-point previews before painting the mode switch
2026-10-06T01:44:50.8302780Z [22m[39m[svelte] ownership_invalid_mutation
2026-10-06T01:44:50.8305273Z Mutating unbound props (`firstPreviewRef`, at src/​lib/​media/​FocalPointPreviews.svelte:8:33) is strongly discouraged. Consider using `bind:firstPreviewRef={...}` in src/lib/media/MediaDetails.svelte (or using a callback) instead
2026-10-06T01:44:50.8307236Z https://svelte.dev/e/ownership_invalid_mutation
2026-10-06T01:44:50.8308571Z 2026-10-06T01:44:50.827Z pw:browser [pid=3066][err] [1006/014450.826756:INFO:CONSOLE:1222] "%c[svelte] ownership_invalid_mutation
2026-10-06T01:44:50.8321628Z 2026-10-06T01:44:50.827Z pw:browser [pid=3066][err] %cMutating unbound props (`firstPreviewRef`, at src/​lib/​media/​FocalPointPreviews.svelte:8:33) is strongly discouraged. Consider using `bind:firstPreviewRef={...}` in src/lib/media/MediaDetails.svelte (or using a callback) instead
2026-10-06T01:44:50.8326992Z 2026-10-06T01:44:50.827Z pw:browser [pid=3066][err] https://svelte.dev/e/ownership_invalid_mutation font-weight: bold font-weight: normal", source: http://localhost:63315/__vitest_browser__/tester-BJtsJFpD.js (1222)
2026-10-06T01:44:50.8346523Z 2026-10-06T01:44:50.827Z pw:browser [pid=3066][err] [1006/014450.826987:INFO:CONSOLE:2466] "Invalid keyframe value for property height: undefinedpx", source: http://localhost:63315/src/lib/media/MediaDetails.svelte (2466)
2026-10-06T01:44:50.8350435Z [90mstderr[2m | parity/emdash/media-admin-editor/source/packages/admin/tests/components/MediaDetailPanel.test.tsx[2m > [22m[2mMediaDetailPanel[2m > [22m[2mshows crop only for ready supported local images with an allowed action
2026-10-06T01:44:50.8352776Z [22m[39m[svelte] ownership_invalid_mutation
2026-10-06T01:44:50.8355358Z Mutating unbound props (`editorFrameRef`, at src/​lib/​media/​FocalPointEditor.svelte:18:96) is strongly discouraged. Consider using `bind:editorFrameRef={...}` in src/lib/media/MediaDetails.svelte (or using a callback) instead
2026-10-06T01:44:50.8357306Z https://svelte.dev/e/ownership_invalid_mutation
2026-10-06T01:44:50.8359960Z [90mstderr[2m | parity/emdash/media-admin-editor/source/packages/admin/tests/components/MediaDetailPanel.test.tsx[2m > [22m[2mMediaDetailPanel[2m > [22m[2mshows crop only for ready supported local images with an allowed action
2026-10-06T01:44:50.8362281Z [22m[39m[svelte] ownership_invalid_mutation
2026-10-06T01:44:50.8372732Z Mutating unbound props (`firstPreviewRef`, at src/​lib/​media/​FocalPointPreviews.svelte:8:99) is strongly discouraged. Consider using `bind:firstPreviewRef={...}` in src/lib/media/MediaDetails.svelte (or using a callback) instead
2026-10-06T01:44:50.8374760Z https://svelte.dev/e/ownership_invalid_mutation
2026-10-06T01:44:50.8377305Z [90mstderr[2m | parity/emdash/media-admin-editor/source/packages/admin/tests/components/MediaDetailPanel.test.tsx[2m > [22m[2mMediaDetailPanel[2m > [22m[2mshows crop only for ready supported local images with an allowed action
2026-10-06T01:44:50.8379259Z [22m[39m[svelte] derived_inert
2026-10-06T01:44:50.8380126Z Reading a derived belonging to a now-destroyed effect may result in stale values
2026-10-06T01:44:50.8381296Z https://svelte.dev/e/derived_inert
2026-10-06T01:44:50.8382607Z 2026-10-06T01:44:50.830Z pw:browser [pid=3066][err] [1006/014450.830172:INFO:CONSOLE:1222] "%c[svelte] ownership_invalid_mutation
2026-10-06T01:44:50.8386070Z 2026-10-06T01:44:50.830Z pw:browser [pid=3066][err] %cMutating unbound props (`editorFrameRef`, at src/​lib/​media/​FocalPointEditor.svelte:18:96) is strongly discouraged. Consider using `bind:editorFrameRef={...}` in src/lib/media/MediaDetails.svelte (or using a callback) instead
2026-10-06T01:44:50.8389563Z 2026-10-06T01:44:50.830Z pw:browser [pid=3066][err] https://svelte.dev/e/ownership_invalid_mutation font-weight: bold font-weight: normal", source: http://localhost:63315/__vitest_browser__/tester-BJtsJFpD.js (1222)
2026-10-06T01:44:50.8392185Z 2026-10-06T01:44:50.830Z pw:browser [pid=3066][err] [1006/014450.830624:INFO:CONSOLE:1222] "%c[svelte] ownership_invalid_mutation
2026-10-06T01:44:50.8395698Z 2026-10-06T01:44:50.830Z pw:browser [pid=3066][err] %cMutating unbound props (`firstPreviewRef`, at src/​lib/​media/​FocalPointPreviews.svelte:8:99) is strongly discouraged. Consider using `bind:firstPreviewRef={...}` in src/lib/media/MediaDetails.svelte (or using a callback) instead
2026-10-06T01:44:50.8399259Z 2026-10-06T01:44:50.830Z pw:browser [pid=3066][err] https://svelte.dev/e/ownership_invalid_mutation font-weight: bold font-weight: normal", source: http://localhost:63315/__vitest_browser__/tester-BJtsJFpD.js (1222)
2026-10-06T01:44:50.8401927Z 2026-10-06T01:44:50.831Z pw:browser [pid=3066][err] [1006/014450.831046:INFO:CONSOLE:1222] "%c[svelte] derived_inert
2026-10-06T01:44:50.8403664Z 2026-10-06T01:44:50.831Z pw:browser [pid=3066][err] %cReading a derived belonging to a now-destroyed effect may result in stale values
2026-10-06T01:44:50.8406535Z 2026-10-06T01:44:50.831Z pw:browser [pid=3066][err] https://svelte.dev/e/derived_inert font-weight: bold font-weight: normal", source: http://localhost:63315/__vitest_browser__/tester-BJtsJFpD.js (1222)
2026-10-06T01:44:50.8408786Z 2026-10-06T01:44:50.833Z pw:browser [pid=3066][err] [1006/014450.833820:INFO:CONSOLE:1222] "%c[svelte] ownership_invalid_mutation
2026-10-06T01:44:50.8412457Z 2026-10-06T01:44:50.833Z pw:browser [pid=3066][err] %cMutating unbound props (`editorFrameRef`, at src/​lib/​media/​FocalPointEditor.svelte:18:32) is strongly discouraged. Consider using `bind:editorFrameRef={...}` in src/lib/media/MediaDetails.svelte (or using a callback) instead
2026-10-06T01:44:50.8435123Z 2026-10-06T01:44:50.834Z pw:browser [pid=3066][err] https://svelte.dev/e/ownership_invalid_mutation font-weight: bold font-weight: normal", source: http://localhost:63315/__vitest_browser__/tester-BJtsJFpD.js (1222)
2026-10-06T01:44:50.8438777Z [90mstderr[2m | parity/emdash/media-admin-editor/source/packages/admin/tests/components/MediaDetailPanel.test.tsx[2m > [22m[2mMediaDetailPanel[2m > [22m[2mshows crop only for ready supported local images with an allowed action
2026-10-06T01:44:50.8441110Z [22m[39m[svelte] ownership_invalid_mutation
2026-10-06T01:44:50.8443614Z Mutating unbound props (`editorFrameRef`, at src/​lib/​media/​FocalPointEditor.svelte:18:32) is strongly discouraged. Consider using `bind:editorFrameRef={...}` in src/lib/media/MediaDetails.svelte (or using a callback) instead
2026-10-06T01:44:50.8445502Z https://svelte.dev/e/ownership_invalid_mutation
2026-10-06T01:44:50.8446886Z 2026-10-06T01:44:50.841Z pw:browser [pid=3066][err] [1006/014450.841397:INFO:CONSOLE:1222] "%c[svelte] ownership_invalid_mutation
2026-10-06T01:44:50.8450878Z 2026-10-06T01:44:50.841Z pw:browser [pid=3066][err] %cMutating unbound props (`editorFrameRef`, at src/​lib/​media/​FocalPointEditor.svelte:18:96) is strongly discouraged. Consider using `bind:editorFrameRef={...}` in src/lib/media/MediaDetails.svelte (or using a callback) instead
2026-10-06T01:44:50.8454611Z 2026-10-06T01:44:50.841Z pw:browser [pid=3066][err] https://svelte.dev/e/ownership_invalid_mutation font-weight: bold font-weight: normal", source: http://localhost:63315/__vitest_browser__/tester-BJtsJFpD.js (1222)
2026-10-06T01:44:50.8458315Z [90mstderr[2m | parity/emdash/media-admin-editor/source/packages/admin/tests/components/MediaDetailPanel.test.tsx[2m > [22m[2mMediaDetailPanel[2m > [22m[2mshows crop only for ready supported local images with an allowed action
2026-10-06T01:44:50.8460450Z [22m[39m[svelte] ownership_invalid_mutation
2026-10-06T01:44:50.8463304Z Mutating unbound props (`editorFrameRef`, at src/​lib/​media/​FocalPointEditor.svelte:18:96) is strongly discouraged. Consider using `bind:editorFrameRef={...}` in src/lib/media/MediaDetails.svelte (or using a callback) instead
2026-10-06T01:44:50.8465246Z https://svelte.dev/e/ownership_invalid_mutation
2026-10-06T01:44:50.8478990Z 2026-10-06T01:44:50.847Z pw:browser [pid=3066][err] [1006/014450.847468:INFO:CONSOLE:1222] "Attempted to synchronously unmount a root while React was already rendering. React cannot finish unmounting the root until the current render has completed, which may lead to a race condition.", source: http://localhost:63315/__vitest_browser__/tester-BJtsJFpD.js (1222)
2026-10-06T01:44:50.8483994Z [90mstderr[2m | parity/emdash/media-admin-editor/source/packages/admin/tests/components/MediaDetailPanel.test.tsx[2m > [22m[2mMediaDetailPanel[2m > [22m[2msuppresses image-editor overflow only while the mode layout settles
2026-10-06T01:44:50.8487233Z [22m[39mAttempted to synchronously unmount a root while React was already rendering. React cannot finish unmounting the root until the current render has completed, which may lead to a race condition.
2026-10-06T01:44:50.8520365Z 2026-10-06T01:44:50.851Z pw:browser [pid=3066][err] [1006/014450.851771:INFO:CONSOLE:1222] "%c[svelte] ownership_invalid_mutation
2026-10-06T01:44:50.8524586Z 2026-10-06T01:44:50.851Z pw:browser [pid=3066][err] %cMutating unbound props (`editorFrameRef`, at src/​lib/​media/​FocalPointEditor.svelte:18:32) is strongly discouraged. Consider using `bind:editorFrameRef={...}` in src/lib/media/MediaDetails.svelte (or using a callback) instead
2026-10-06T01:44:50.8528402Z 2026-10-06T01:44:50.851Z pw:browser [pid=3066][err] https://svelte.dev/e/ownership_invalid_mutation font-weight: bold font-weight: normal", source: http://localhost:63315/__vitest_browser__/tester-BJtsJFpD.js (1222)
2026-10-06T01:44:50.8532746Z [90mstderr[2m | parity/emdash/media-admin-editor/source/packages/admin/tests/components/MediaDetailPanel.test.tsx[2m > [22m[2mMediaDetailPanel[2m > [22m[2msuppresses image-editor overflow only while the mode layout settles
2026-10-06T01:44:50.8534989Z [22m[39m[svelte] ownership_invalid_mutation
2026-10-06T01:44:50.8537625Z Mutating unbound props (`editorFrameRef`, at src/​lib/​media/​FocalPointEditor.svelte:18:32) is strongly discouraged. Consider using `bind:editorFrameRef={...}` in src/lib/media/MediaDetails.svelte (or using a callback) instead
2026-10-06T01:44:50.8539853Z https://svelte.dev/e/ownership_invalid_mutation
2026-10-06T01:44:50.8562629Z 2026-10-06T01:44:50.856Z pw:browser [pid=3066][err] [1006/014450.856010:INFO:CONSOLE:1222] "%c[svelte] ownership_invalid_mutation
2026-10-06T01:44:50.8566586Z 2026-10-06T01:44:50.856Z pw:browser [pid=3066][err] %cMutating unbound props (`editorFrameRef`, at src/​lib/​media/​FocalPointEditor.svelte:18:96) is strongly discouraged. Consider using `bind:editorFrameRef={...}` in src/lib/media/MediaDetails.svelte (or using a callback) instead
2026-10-06T01:44:50.8571622Z 2026-10-06T01:44:50.856Z pw:browser [pid=3066][err] https://svelte.dev/e/ownership_invalid_mutation font-weight: bold font-weight: normal", source: http://localhost:63315/__vitest_browser__/tester-BJtsJFpD.js (1222)
2026-10-06T01:44:50.8595398Z [90mstderr[2m | parity/emdash/media-admin-editor/source/packages/admin/tests/components/MediaDetailPanel.test.tsx[2m > [22m[2mMediaDetailPanel[2m > [22m[2msuppresses image-editor overflow only while the mode layout settles
2026-10-06T01:44:50.8596584Z [22m[39m[svelte] ownership_invalid_mutation
2026-10-06T01:44:50.8597950Z Mutating unbound props (`editorFrameRef`, at src/​lib/​media/​FocalPointEditor.svelte:18:96) is strongly discouraged. Consider using `bind:editorFrameRef={...}` in src/lib/media/MediaDetails.svelte (or using a callback) instead
2026-10-06T01:44:50.8599217Z https://svelte.dev/e/ownership_invalid_mutation
2026-10-06T01:44:50.9125670Z 2026-10-06T01:44:50.910Z pw:browser [pid=3066][err] [1006/014450.910670:INFO:CONSOLE:1222] "%c[svelte] ownership_invalid_mutation
2026-10-06T01:44:50.9133402Z 2026-10-06T01:44:50.910Z pw:browser [pid=3066][err] %cMutating unbound props (`editorFrameRef`, at src/​lib/​media/​FocalPointEditor.svelte:18:32) is strongly discouraged. Consider using `bind:editorFrameRef={...}` in src/lib/media/MediaDetails.svelte (or using a callback) instead
2026-10-06T01:44:50.9135727Z 2026-10-06T01:44:50.910Z pw:browser [pid=3066][err] https://svelte.dev/e/ownership_invalid_mutation font-weight: bold font-weight: normal", source: http://localhost:63315/__vitest_browser__/tester-BJtsJFpD.js (1222)
2026-10-06T01:44:50.9137948Z [90mstderr[2m | parity/emdash/media-admin-editor/source/packages/admin/tests/components/MediaDetailPanel.test.tsx[2m > [22m[2mMediaDetailPanel[2m > [22m[2msuppresses image-editor overflow only while the mode layout settles
2026-10-06T01:44:50.9139462Z [22m[39m[svelte] ownership_invalid_mutation
2026-10-06T01:44:50.9142476Z Mutating unbound props (`editorFrameRef`, at src/​lib/​media/​FocalPointEditor.svelte:18:32) is strongly discouraged. Consider using `bind:editorFrameRef={...}` in src/lib/media/MediaDetails.svelte (or using a callback) instead
2026-10-06T01:44:50.9144425Z https://svelte.dev/e/ownership_invalid_mutation
2026-10-06T01:44:50.9147369Z [90mstderr[2m | parity/emdash/media-admin-editor/source/packages/admin/tests/components/MediaDetailPanel.test.tsx[2m > [22m[2mMediaDetailPanel[2m > [22m[2msuppresses image-editor overflow only while the mode layout settles
2026-10-06T01:44:50.9149416Z [22m[39m[svelte] ownership_invalid_mutation
2026-10-06T01:44:50.9151515Z Mutating unbound props (`firstPreviewRef`, at src/​lib/​media/​FocalPointPreviews.svelte:8:33) is strongly discouraged. Consider using `bind:firstPreviewRef={...}` in src/lib/media/MediaDetails.svelte (or using a callback) instead
2026-10-06T01:44:50.9152913Z https://svelte.dev/e/ownership_invalid_mutation
2026-10-06T01:44:50.9153875Z 2026-10-06T01:44:50.911Z pw:browser [pid=3066][err] [1006/014450.910919:INFO:CONSOLE:1222] "%c[svelte] ownership_invalid_mutation
2026-10-06T01:44:50.9155725Z 2026-10-06T01:44:50.912Z pw:browser [pid=3066][err] %cMutating unbound props (`firstPreviewRef`, at src/​lib/​media/​FocalPointPreviews.svelte:8:33) is strongly discouraged. Consider using `bind:firstPreviewRef={...}` in src/lib/media/MediaDetails.svelte (or using a callback) instead
2026-10-06T01:44:50.9157640Z 2026-10-06T01:44:50.912Z pw:browser [pid=3066][err] https://svelte.dev/e/ownership_invalid_mutation font-weight: bold font-weight: normal", source: http://localhost:63315/__vitest_browser__/tester-BJtsJFpD.js (1222)
2026-10-06T01:44:50.9634967Z 2026-10-06T01:44:50.963Z pw:browser [pid=3066][err] [1006/014450.962944:INFO:CONSOLE:1222] "%c[svelte] ownership_invalid_mutation
2026-10-06T01:44:50.9639419Z 2026-10-06T01:44:50.963Z pw:browser [pid=3066][err] %cMutating unbound props (`editorFrameRef`, at src/​lib/​media/​FocalPointEditor.svelte:18:96) is strongly discouraged. Consider using `bind:editorFrameRef={...}` in src/lib/media/MediaDetails.svelte (or using a callback) instead
2026-10-06T01:44:50.9644740Z 2026-10-06T01:44:50.963Z pw:browser [pid=3066][err] https://svelte.dev/e/ownership_invalid_mutation font-weight: bold font-weight: normal", source: http://localhost:63315/__vitest_browser__/tester-BJtsJFpD.js (1222)
2026-10-06T01:44:50.9647177Z 2026-10-06T01:44:50.964Z pw:browser [pid=3066][err] [1006/014450.963725:INFO:CONSOLE:1222] "%c[svelte] ownership_invalid_mutation
2026-10-06T01:44:50.9652459Z 2026-10-06T01:44:50.964Z pw:browser [pid=3066][err] %cMutating unbound props (`firstPreviewRef`, at src/​lib/​media/​FocalPointPreviews.svelte:8:99) is strongly discouraged. Consider using `bind:firstPreviewRef={...}` in src/lib/media/MediaDetails.svelte (or using a callback) instead
2026-10-06T01:44:50.9655828Z 2026-10-06T01:44:50.964Z pw:browser [pid=3066][err] https://svelte.dev/e/ownership_invalid_mutation font-weight: bold font-weight: normal", source: http://localhost:63315/__vitest_browser__/tester-BJtsJFpD.js (1222)
2026-10-06T01:44:50.9658779Z [90mstderr[2m | parity/emdash/media-admin-editor/source/packages/admin/tests/components/MediaDetailPanel.test.tsx[2m > [22m[2mMediaDetailPanel[2m > [22m[2mhides crop for a pending image
2026-10-06T01:44:50.9659966Z [22m[39m[svelte] ownership_invalid_mutation
2026-10-06T01:44:50.9661853Z Mutating unbound props (`editorFrameRef`, at src/​lib/​media/​FocalPointEditor.svelte:18:96) is strongly discouraged. Consider using `bind:editorFrameRef={...}` in src/lib/media/MediaDetails.svelte (or using a callback) instead
2026-10-06T01:44:50.9663077Z https://svelte.dev/e/ownership_invalid_mutation
2026-10-06T01:44:50.9664451Z [90mstderr[2m | parity/emdash/media-admin-editor/source/packages/admin/tests/components/MediaDetailPanel.test.tsx[2m > [22m[2mMediaDetailPanel[2m > [22m[2mhides crop for a pending image
2026-10-06T01:44:50.9665545Z [22m[39m[svelte] ownership_invalid_mutation
2026-10-06T01:44:50.9667963Z Mutating unbound props (`firstPreviewRef`, at src/​lib/​media/​FocalPointPreviews.svelte:8:99) is strongly discouraged. Consider using `bind:firstPreviewRef={...}` in src/lib/media/MediaDetails.svelte (or using a callback) instead
2026-10-06T01:44:50.9669944Z https://svelte.dev/e/ownership_invalid_mutation
2026-10-06T01:44:50.9675029Z 2026-10-06T01:44:50.967Z pw:browser [pid=3066][err] [1006/014450.967204:INFO:CONSOLE:1222] "%c[svelte] ownership_invalid_mutation
2026-10-06T01:44:50.9684973Z 2026-10-06T01:44:50.967Z pw:browser [pid=3066][err] %cMutating unbound props (`editorFrameRef`, at src/​lib/​media/​FocalPointEditor.svelte:18:32) is strongly discouraged. Consider using `bind:editorFrameRef={...}` in src/lib/media/MediaDetails.svelte (or using a callback) instead
2026-10-06T01:44:50.9688923Z 2026-10-06T01:44:50.967Z pw:browser [pid=3066][err] https://svelte.dev/e/ownership_invalid_mutation font-weight: bold font-weight: normal", source: http://localhost:63315/__vitest_browser__/tester-BJtsJFpD.js (1222)
2026-10-06T01:44:50.9692785Z [90mstderr[2m | parity/emdash/media-admin-editor/source/packages/admin/tests/components/MediaDetailPanel.test.tsx[2m > [22m[2mMediaDetailPanel[2m > [22m[2mhides crop for a pending image
2026-10-06T01:44:50.9694914Z [22m[39m[svelte] ownership_invalid_mutation
2026-10-06T01:44:50.9697524Z Mutating unbound props (`editorFrameRef`, at src/​lib/​media/​FocalPointEditor.svelte:18:32) is strongly discouraged. Consider using `bind:editorFrameRef={...}` in src/lib/media/MediaDetails.svelte (or using a callback) instead
2026-10-06T01:44:50.9699512Z https://svelte.dev/e/ownership_invalid_mutation
2026-10-06T01:44:50.9722139Z 2026-10-06T01:44:50.971Z pw:browser [pid=3066][err] [1006/014450.971847:INFO:CONSOLE:1222] "%c[svelte] ownership_invalid_mutation
2026-10-06T01:44:50.9725755Z 2026-10-06T01:44:50.971Z pw:browser [pid=3066][err] %cMutating unbound props (`firstPreviewRef`, at src/​lib/​media/​FocalPointPreviews.svelte:8:33) is strongly discouraged. Consider using `bind:firstPreviewRef={...}` in src/lib/media/MediaDetails.svelte (or using a callback) instead
2026-10-06T01:44:50.9729489Z 2026-10-06T01:44:50.971Z pw:browser [pid=3066][err] https://svelte.dev/e/ownership_invalid_mutation font-weight: bold font-weight: normal", source: http://localhost:63315/__vitest_browser__/tester-BJtsJFpD.js (1222)
2026-10-06T01:44:50.9733072Z [90mstderr[2m | parity/emdash/media-admin-editor/source/packages/admin/tests/components/MediaDetailPanel.test.tsx[2m > [22m[2mMediaDetailPanel[2m > [22m[2mhides crop for a pending image
2026-10-06T01:44:50.9735177Z [22m[39m[svelte] ownership_invalid_mutation
2026-10-06T01:44:50.9737781Z Mutating unbound props (`firstPreviewRef`, at src/​lib/​media/​FocalPointPreviews.svelte:8:33) is strongly discouraged. Consider using `bind:firstPreviewRef={...}` in src/lib/media/MediaDetails.svelte (or using a callback) instead
2026-10-06T01:44:50.9739749Z https://svelte.dev/e/ownership_invalid_mutation
2026-10-06T01:44:50.9753896Z 2026-10-06T01:44:50.975Z pw:browser [pid=3066][err] [1006/014450.975156:INFO:CONSOLE:1222] "%c[svelte] ownership_invalid_mutation
2026-10-06T01:44:50.9757652Z 2026-10-06T01:44:50.975Z pw:browser [pid=3066][err] %cMutating unbound props (`editorFrameRef`, at src/​lib/​media/​FocalPointEditor.svelte:18:96) is strongly discouraged. Consider using `bind:editorFrameRef={...}` in src/lib/media/MediaDetails.svelte (or using a callback) instead
2026-10-06T01:44:50.9761845Z 2026-10-06T01:44:50.975Z pw:browser [pid=3066][err] https://svelte.dev/e/ownership_invalid_mutation font-weight: bold font-weight: normal", source: http://localhost:63315/__vitest_browser__/tester-BJtsJFpD.js (1222)
2026-10-06T01:44:50.9764473Z 2026-10-06T01:44:50.975Z pw:browser [pid=3066][err] [1006/014450.975920:INFO:CONSOLE:1222] "%c[svelte] ownership_invalid_mutation
2026-10-06T01:44:50.9768295Z 2026-10-06T01:44:50.976Z pw:browser [pid=3066][err] %cMutating unbound props (`firstPreviewRef`, at src/​lib/​media/​FocalPointPreviews.svelte:8:99) is strongly discouraged. Consider using `bind:firstPreviewRef={...}` in src/lib/media/MediaDetails.svelte (or using a callback) instead
2026-10-06T01:44:50.9772625Z 2026-10-06T01:44:50.976Z pw:browser [pid=3066][err] https://svelte.dev/e/ownership_invalid_mutation font-weight: bold font-weight: normal", source: http://localhost:63315/__vitest_browser__/tester-BJtsJFpD.js (1222)
2026-10-06T01:44:50.9776342Z [90mstderr[2m | parity/emdash/media-admin-editor/source/packages/admin/tests/components/MediaDetailPanel.test.tsx[2m > [22m[2mMediaDetailPanel[2m > [22m[2mhides crop for a unsupported image
2026-10-06T01:44:50.9778789Z [22m[39m[svelte] ownership_invalid_mutation
2026-10-06T01:44:50.9781810Z Mutating unbound props (`editorFrameRef`, at src/​lib/​media/​FocalPointEditor.svelte:18:96) is strongly discouraged. Consider using `bind:editorFrameRef={...}` in src/lib/media/MediaDetails.svelte (or using a callback) instead
2026-10-06T01:44:50.9784014Z https://svelte.dev/e/ownership_invalid_mutation
2026-10-06T01:44:50.9786969Z [90mstderr[2m | parity/emdash/media-admin-editor/source/packages/admin/tests/components/MediaDetailPanel.test.tsx[2m > [22m[2mMediaDetailPanel[2m > [22m[2mhides crop for a unsupported image
2026-10-06T01:44:50.9789114Z [22m[39m[svelte] ownership_invalid_mutation
2026-10-06T01:44:50.9792196Z Mutating unbound props (`firstPreviewRef`, at src/​lib/​media/​FocalPointPreviews.svelte:8:99) is strongly discouraged. Consider using `bind:firstPreviewRef={...}` in src/lib/media/MediaDetails.svelte (or using a callback) instead
2026-10-06T01:44:50.9794445Z https://svelte.dev/e/ownership_invalid_mutation
2026-10-06T01:44:50.9797065Z 2026-10-06T01:44:50.979Z pw:browser [pid=3066][err] [1006/014450.979504:INFO:CONSOLE:1222] "%c[svelte] ownership_invalid_mutation
2026-10-06T01:44:50.9801157Z 2026-10-06T01:44:50.979Z pw:browser [pid=3066][err] %cMutating unbound props (`editorFrameRef`, at src/​lib/​media/​FocalPointEditor.svelte:18:32) is strongly discouraged. Consider using `bind:editorFrameRef={...}` in src/lib/media/MediaDetails.svelte (or using a callback) instead
2026-10-06T01:44:50.9805027Z 2026-10-06T01:44:50.979Z pw:browser [pid=3066][err] https://svelte.dev/e/ownership_invalid_mutation font-weight: bold font-weight: normal", source: http://localhost:63315/__vitest_browser__/tester-BJtsJFpD.js (1222)
2026-10-06T01:44:50.9816060Z [90mstderr[2m | parity/emdash/media-admin-editor/source/packages/admin/tests/components/MediaDetailPanel.test.tsx[2m > [22m[2mMediaDetailPanel[2m > [22m[2mhides crop for a unsupported image
2026-10-06T01:44:50.9818753Z [22m[39m[svelte] ownership_invalid_mutation
2026-10-06T01:44:50.9821878Z Mutating unbound props (`editorFrameRef`, at src/​lib/​media/​FocalPointEditor.svelte:18:32) is strongly discouraged. Consider using `bind:editorFrameRef={...}` in src/lib/media/MediaDetails.svelte (or using a callback) instead
2026-10-06T01:44:50.9824010Z https://svelte.dev/e/ownership_invalid_mutation
2026-10-06T01:44:50.9859774Z 2026-10-06T01:44:50.985Z pw:browser [pid=3066][err] [1006/014450.985605:INFO:CONSOLE:1222] "%c[svelte] ownership_invalid_mutation
2026-10-06T01:44:50.9863860Z 2026-10-06T01:44:50.985Z pw:browser [pid=3066][err] %cMutating unbound props (`firstPreviewRef`, at src/​lib/​media/​FocalPointPreviews.svelte:8:33) is strongly discouraged. Consider using `bind:firstPreviewRef={...}` in src/lib/media/MediaDetails.svelte (or using a callback) instead
2026-10-06T01:44:50.9867840Z 2026-10-06T01:44:50.985Z pw:browser [pid=3066][err] https://svelte.dev/e/ownership_invalid_mutation font-weight: bold font-weight: normal", source: http://localhost:63315/__vitest_browser__/tester-BJtsJFpD.js (1222)
2026-10-06T01:44:50.9871809Z [90mstderr[2m | parity/emdash/media-admin-editor/source/packages/admin/tests/components/MediaDetailPanel.test.tsx[2m > [22m[2mMediaDetailPanel[2m > [22m[2mhides crop for a unsupported image
2026-10-06T01:44:50.9873962Z [22m[39m[svelte] ownership_invalid_mutation
2026-10-06T01:44:50.9876745Z Mutating unbound props (`firstPreviewRef`, at src/​lib/​media/​FocalPointPreviews.svelte:8:33) is strongly discouraged. Consider using `bind:firstPreviewRef={...}` in src/lib/media/MediaDetails.svelte (or using a callback) instead
2026-10-06T01:44:50.9878998Z https://svelte.dev/e/ownership_invalid_mutation
2026-10-06T01:44:50.9894035Z 2026-10-06T01:44:50.989Z pw:browser [pid=3066][err] [1006/014450.989151:INFO:CONSOLE:1222] "%c[svelte] ownership_invalid_mutation
2026-10-06T01:44:50.9898169Z 2026-10-06T01:44:50.989Z pw:browser [pid=3066][err] %cMutating unbound props (`editorFrameRef`, at src/​lib/​media/​FocalPointEditor.svelte:18:96) is strongly discouraged. Consider using `bind:editorFrameRef={...}` in src/lib/media/MediaDetails.svelte (or using a callback) instead
2026-10-06T01:44:50.9902276Z 2026-10-06T01:44:50.989Z pw:browser [pid=3066][err] https://svelte.dev/e/ownership_invalid_mutation font-weight: bold font-weight: normal", source: http://localhost:63315/__vitest_browser__/tester-BJtsJFpD.js (1222)
2026-10-06T01:44:50.9905278Z 2026-10-06T01:44:50.989Z pw:browser [pid=3066][err] [1006/014450.989719:INFO:CONSOLE:1222] "%c[svelte] ownership_invalid_mutation
2026-10-06T01:44:50.9908895Z 2026-10-06T01:44:50.989Z pw:browser [pid=3066][err] %cMutating unbound props (`firstPreviewRef`, at src/​lib/​media/​FocalPointPreviews.svelte:8:99) is strongly discouraged. Consider using `bind:firstPreviewRef={...}` in src/lib/media/MediaDetails.svelte (or using a callback) instead
2026-10-06T01:44:50.9913005Z 2026-10-06T01:44:50.989Z pw:browser [pid=3066][err] https://svelte.dev/e/ownership_invalid_mutation font-weight: bold font-weight: normal", source: http://localhost:63315/__vitest_browser__/tester-BJtsJFpD.js (1222)
2026-10-06T01:44:50.9925501Z [90mstderr[2m | parity/emdash/media-admin-editor/source/packages/admin/tests/components/MediaDetailPanel.test.tsx[2m > [22m[2mMediaDetailPanel[2m > [22m[2mhides crop for a provider image
2026-10-06T01:44:50.9927257Z [22m[39m[svelte] ownership_invalid_mutation
2026-10-06T01:44:50.9929595Z Mutating unbound props (`editorFrameRef`, at src/​lib/​media/​FocalPointEditor.svelte:18:96) is strongly discouraged. Consider using `bind:editorFrameRef={...}` in src/lib/media/MediaDetails.svelte (or using a callback) instead
2026-10-06T01:44:50.9931567Z https://svelte.dev/e/ownership_invalid_mutation
2026-10-06T01:44:50.9933887Z [90mstderr[2m | parity/emdash/media-admin-editor/source/packages/admin/tests/components/MediaDetailPanel.test.tsx[2m > [22m[2mMediaDetailPanel[2m > [22m[2mhides crop for a provider image
2026-10-06T01:44:50.9935770Z [22m[39m[svelte] ownership_invalid_mutation
2026-10-06T01:44:50.9938298Z Mutating unbound props (`firstPreviewRef`, at src/​lib/​media/​FocalPointPreviews.svelte:8:99) is strongly discouraged. Consider using `bind:firstPreviewRef={...}` in src/lib/media/MediaDetails.svelte (or using a callback) instead
2026-10-06T01:44:50.9939416Z https://svelte.dev/e/ownership_invalid_mutation
2026-10-06T01:44:50.9940183Z 2026-10-06T01:44:50.993Z pw:browser [pid=3066][err] [1006/014450.992970:INFO:CONSOLE:1222] "%c[svelte] ownership_invalid_mutation
2026-10-06T01:44:50.9943241Z 2026-10-06T01:44:50.993Z pw:browser [pid=3066][err] %cMutating unbound props (`editorFrameRef`, at src/​lib/​media/​FocalPointEditor.svelte:18:32) is strongly discouraged. Consider using `bind:editorFrameRef={...}` in src/lib/media/MediaDetails.svelte (or using a callback) instead
2026-10-06T01:44:50.9945466Z 2026-10-06T01:44:50.993Z pw:browser [pid=3066][err] https://svelte.dev/e/ownership_invalid_mutation font-weight: bold font-weight: normal", source: http://localhost:63315/__vitest_browser__/tester-BJtsJFpD.js (1222)
2026-10-06T01:44:50.9948673Z [90mstderr[2m | parity/emdash/media-admin-editor/source/packages/admin/tests/components/MediaDetailPanel.test.tsx[2m > [22m[2mMediaDetailPanel[2m > [22m[2mhides crop for a provider image
2026-10-06T01:44:50.9950438Z [22m[39m[svelte] ownership_invalid_mutation
2026-10-06T01:44:50.9952166Z Mutating unbound props (`editorFrameRef`, at src/​lib/​media/​FocalPointEditor.svelte:18:32) is strongly discouraged. Consider using `bind:editorFrameRef={...}` in src/lib/media/MediaDetails.svelte (or using a callback) instead
2026-10-06T01:44:50.9953214Z https://svelte.dev/e/ownership_invalid_mutation
2026-10-06T01:44:50.9964050Z 2026-10-06T01:44:50.996Z pw:browser [pid=3066][err] [1006/014450.996175:INFO:CONSOLE:1222] "%c[svelte] ownership_invalid_mutation
2026-10-06T01:44:50.9967954Z 2026-10-06T01:44:50.996Z pw:browser [pid=3066][err] %cMutating unbound props (`editorFrameRef`, at src/​lib/​media/​FocalPointEditor.svelte:18:96) is strongly discouraged. Consider using `bind:editorFrameRef={...}` in src/lib/media/MediaDetails.svelte (or using a callback) instead
2026-10-06T01:44:50.9971657Z 2026-10-06T01:44:50.996Z pw:browser [pid=3066][err] https://svelte.dev/e/ownership_invalid_mutation font-weight: bold font-weight: normal", source: http://localhost:63315/__vitest_browser__/tester-BJtsJFpD.js (1222)
2026-10-06T01:44:50.9974546Z [90mstderr[2m | parity/emdash/media-admin-editor/source/packages/admin/tests/components/MediaDetailPanel.test.tsx[2m > [22m[2mMediaDetailPanel[2m > [22m[2muses a contextual crop footer with output and reset
2026-10-06T01:44:50.9976137Z [22m[39m[svelte] ownership_invalid_mutation
2026-10-06T01:44:50.9978170Z Mutating unbound props (`editorFrameRef`, at src/​lib/​media/​FocalPointEditor.svelte:18:96) is strongly discouraged. Consider using `bind:editorFrameRef={...}` in src/lib/media/MediaDetails.svelte (or using a callback) instead
2026-10-06T01:44:50.9979407Z https://svelte.dev/e/ownership_invalid_mutation
2026-10-06T01:44:51.0009848Z 2026-10-06T01:44:51.000Z pw:browser [pid=3066][err] [1006/014451.000266:INFO:CONSOLE:1222] "%c[svelte] ownership_invalid_mutation
2026-10-06T01:44:51.0012305Z 2026-10-06T01:44:51.000Z pw:browser [pid=3066][err] %cMutating unbound props (`editorFrameRef`, at src/​lib/​media/​FocalPointEditor.svelte:18:32) is strongly discouraged. Consider using `bind:editorFrameRef={...}` in src/lib/media/MediaDetails.svelte (or using a callback) instead
2026-10-06T01:44:51.0014272Z 2026-10-06T01:44:51.000Z pw:browser [pid=3066][err] https://svelte.dev/e/ownership_invalid_mutation font-weight: bold font-weight: normal", source: http://localhost:63315/__vitest_browser__/tester-BJtsJFpD.js (1222)
2026-10-06T01:44:51.0016119Z [90mstderr[2m | parity/emdash/media-admin-editor/source/packages/admin/tests/components/MediaDetailPanel.test.tsx[2m > [22m[2mMediaDetailPanel[2m > [22m[2muses a contextual crop footer with output and reset
2026-10-06T01:44:51.0017113Z [22m[39m[svelte] ownership_invalid_mutation
2026-10-06T01:44:51.0018427Z Mutating unbound props (`editorFrameRef`, at src/​lib/​media/​FocalPointEditor.svelte:18:32) is strongly discouraged. Consider using `bind:editorFrameRef={...}` in src/lib/media/MediaDetails.svelte (or using a callback) instead
2026-10-06T01:44:51.0019443Z https://svelte.dev/e/ownership_invalid_mutation
2026-10-06T01:44:51.0046647Z 2026-10-06T01:44:51.004Z pw:browser [pid=3066][err] [1006/014451.004275:INFO:CONSOLE:1222] "%c[svelte] ownership_invalid_mutation
2026-10-06T01:44:51.0049832Z 2026-10-06T01:44:51.004Z pw:browser [pid=3066][err] %cMutating unbound props (`editorFrameRef`, at src/​lib/​media/​FocalPointEditor.svelte:18:96) is strongly discouraged. Consider using `bind:editorFrameRef={...}` in src/lib/media/MediaDetails.svelte (or using a callback) instead
2026-10-06T01:44:51.0052219Z 2026-10-06T01:44:51.004Z pw:browser [pid=3066][err] https://svelte.dev/e/ownership_invalid_mutation font-weight: bold font-weight: normal", source: http://localhost:63315/__vitest_browser__/tester-BJtsJFpD.js (1222)
2026-10-06T01:44:51.0054125Z [90mstderr[2m | parity/emdash/media-admin-editor/source/packages/admin/tests/components/MediaDetailPanel.test.tsx[2m > [22m[2mMediaDetailPanel[2m > [22m[2muses a contextual crop footer with output and reset
2026-10-06T01:44:51.0055134Z [22m[39m[svelte] ownership_invalid_mutation
2026-10-06T01:44:51.0056456Z Mutating unbound props (`editorFrameRef`, at src/​lib/​media/​FocalPointEditor.svelte:18:96) is strongly discouraged. Consider using `bind:editorFrameRef={...}` in src/lib/media/MediaDetails.svelte (or using a callback) instead
2026-10-06T01:44:51.0057481Z https://svelte.dev/e/ownership_invalid_mutation
2026-10-06T01:44:51.0681173Z 2026-10-06T01:44:51.067Z pw:browser [pid=3066][err] [1006/014451.067506:INFO:CONSOLE:1222] "Attempted to synchronously unmount a root while React was already rendering. React cannot finish unmounting the root until the current render has completed, which may lead to a race condition.", source: http://localhost:63315/__vitest_browser__/tester-BJtsJFpD.js (1222)
2026-10-06T01:44:51.0696838Z [90mstderr[2m | parity/emdash/media-admin-editor/source/packages/admin/tests/components/MediaDetailPanel.test.tsx[2m > [22m[2mMediaDetailPanel[2m > [22m[2moffers common aspect ratios and limits replacement to the original ratio
2026-10-06T01:44:51.0700349Z [22m[39mAttempted to synchronously unmount a root while React was already rendering. React cannot finish unmounting the root until the current render has completed, which may lead to a race condition.
2026-10-06T01:44:51.0724104Z 2026-10-06T01:44:51.072Z pw:browser [pid=3066][err] [1006/014451.072106:INFO:CONSOLE:1222] "%c[svelte] ownership_invalid_mutation
2026-10-06T01:44:51.0728358Z 2026-10-06T01:44:51.072Z pw:browser [pid=3066][err] %cMutating unbound props (`editorFrameRef`, at src/​lib/​media/​FocalPointEditor.svelte:18:32) is strongly discouraged. Consider using `bind:editorFrameRef={...}` in src/lib/media/MediaDetails.svelte (or using a callback) instead
2026-10-06T01:44:51.0730898Z 2026-10-06T01:44:51.072Z pw:browser [pid=3066][err] https://svelte.dev/e/ownership_invalid_mutation font-weight: bold font-weight: normal", source: http://localhost:63315/__vitest_browser__/tester-BJtsJFpD.js (1222)
2026-10-06T01:44:51.0733041Z [90mstderr[2m | parity/emdash/media-admin-editor/source/packages/admin/tests/components/MediaDetailPanel.test.tsx[2m > [22m[2mMediaDetailPanel[2m > [22m[2moffers common aspect ratios and limits replacement to the original ratio
2026-10-06T01:44:51.0734151Z [22m[39m[svelte] ownership_invalid_mutation
2026-10-06T01:44:51.0735469Z Mutating unbound props (`editorFrameRef`, at src/​lib/​media/​FocalPointEditor.svelte:18:32) is strongly discouraged. Consider using `bind:editorFrameRef={...}` in src/lib/media/MediaDetails.svelte (or using a callback) instead
2026-10-06T01:44:51.0736469Z https://svelte.dev/e/ownership_invalid_mutation
2026-10-06T01:44:51.0761507Z 2026-10-06T01:44:51.075Z pw:browser [pid=3066][err] [1006/014451.075766:INFO:CONSOLE:1222] "%c[svelte] ownership_invalid_mutation
2026-10-06T01:44:51.0765155Z 2026-10-06T01:44:51.075Z pw:browser [pid=3066][err] %cMutating unbound props (`editorFrameRef`, at src/​lib/​media/​FocalPointEditor.svelte:18:96) is strongly discouraged. Consider using `bind:editorFrameRef={...}` in src/lib/media/MediaDetails.svelte (or using a callback) instead
2026-10-06T01:44:51.0768708Z 2026-10-06T01:44:51.075Z pw:browser [pid=3066][err] https://svelte.dev/e/ownership_invalid_mutation font-weight: bold font-weight: normal", source: http://localhost:63315/__vitest_browser__/tester-BJtsJFpD.js (1222)
2026-10-06T01:44:51.0772744Z [90mstderr[2m | parity/emdash/media-admin-editor/source/packages/admin/tests/components/MediaDetailPanel.test.tsx[2m > [22m[2mMediaDetailPanel[2m > [22m[2moffers common aspect ratios and limits replacement to the original ratio
2026-10-06T01:44:51.0774831Z [22m[39m[svelte] ownership_invalid_mutation
2026-10-06T01:44:51.0777364Z Mutating unbound props (`editorFrameRef`, at src/​lib/​media/​FocalPointEditor.svelte:18:96) is strongly discouraged. Consider using `bind:editorFrameRef={...}` in src/lib/media/MediaDetails.svelte (or using a callback) instead
2026-10-06T01:44:51.0779346Z https://svelte.dev/e/ownership_invalid_mutation
2026-10-06T01:44:51.1399956Z 2026-10-06T01:44:51.139Z pw:browser [pid=3066][err] [1006/014451.139342:INFO:CONSOLE:1222] "Attempted to synchronously unmount a root while React was already rendering. React cannot finish unmounting the root until the current render has completed, which may lead to a race condition.", source: http://localhost:63315/__vitest_browser__/tester-BJtsJFpD.js (1222)
2026-10-06T01:44:51.1427121Z [90mstderr[2m | parity/emdash/media-admin-editor/source/packages/admin/tests/components/MediaDetailPanel.test.tsx[2m > [22m[2mMediaDetailPanel[2m > [22m[2mblocks crop actions while metadata is dirty
2026-10-06T01:44:51.1431367Z [22m[39mAttempted to synchronously unmount a root while React was already rendering. React cannot finish unmounting the root until the current render has completed, which may lead to a race condition.
2026-10-06T01:44:51.1437022Z 2026-10-06T01:44:51.143Z pw:browser [pid=3066][err] [1006/014451.143472:INFO:CONSOLE:1222] "%c[svelte] ownership_invalid_mutation
2026-10-06T01:44:51.1440905Z 2026-10-06T01:44:51.143Z pw:browser [pid=3066][err] %cMutating unbound props (`editorFrameRef`, at src/​lib/​media/​FocalPointEditor.svelte:18:32) is strongly discouraged. Consider using `bind:editorFrameRef={...}` in src/lib/media/MediaDetails.svelte (or using a callback) instead
2026-10-06T01:44:51.1445109Z 2026-10-06T01:44:51.143Z pw:browser [pid=3066][err] https://svelte.dev/e/ownership_invalid_mutation font-weight: bold font-weight: normal", source: http://localhost:63315/__vitest_browser__/tester-BJtsJFpD.js (1222)
2026-10-06T01:44:51.1448933Z [90mstderr[2m | parity/emdash/media-admin-editor/source/packages/admin/tests/components/MediaDetailPanel.test.tsx[2m > [22m[2mMediaDetailPanel[2m > [22m[2mblocks crop actions while metadata is dirty
2026-10-06T01:44:51.1451416Z [22m[39m[svelte] ownership_invalid_mutation
2026-10-06T01:44:51.1454292Z Mutating unbound props (`editorFrameRef`, at src/​lib/​media/​FocalPointEditor.svelte:18:32) is strongly discouraged. Consider using `bind:editorFrameRef={...}` in src/lib/media/MediaDetails.svelte (or using a callback) instead
2026-10-06T01:44:51.1469378Z https://svelte.dev/e/ownership_invalid_mutation
2026-10-06T01:44:51.1615960Z 2026-10-06T01:44:51.161Z pw:browser [pid=3066][err] [1006/014451.161285:INFO:CONSOLE:1222] "%c[svelte] ownership_invalid_mutation
2026-10-06T01:44:51.1619042Z 2026-10-06T01:44:51.161Z pw:browser [pid=3066][err] %cMutating unbound props (`editorFrameRef`, at src/​lib/​media/​FocalPointEditor.svelte:18:96) is strongly discouraged. Consider using `bind:editorFrameRef={...}` in src/lib/media/MediaDetails.svelte (or using a callback) instead
2026-10-06T01:44:51.1622447Z 2026-10-06T01:44:51.161Z pw:browser [pid=3066][err] https://svelte.dev/e/ownership_invalid_mutation font-weight: bold font-weight: normal", source: http://localhost:63315/__vitest_browser__/tester-BJtsJFpD.js (1222)
2026-10-06T01:44:51.1624868Z [90mstderr[2m | parity/emdash/media-admin-editor/source/packages/admin/tests/components/MediaDetailPanel.test.tsx[2m > [22m[2mMediaDetailPanel[2m > [22m[2mblocks crop actions while metadata is dirty
2026-10-06T01:44:51.1626056Z [22m[39m[svelte] ownership_invalid_mutation
2026-10-06T01:44:51.1628709Z Mutating unbound props (`editorFrameRef`, at src/​lib/​media/​FocalPointEditor.svelte:18:96) is strongly discouraged. Consider using `bind:editorFrameRef={...}` in src/lib/media/MediaDetails.svelte (or using a callback) instead
2026-10-06T01:44:51.1631000Z https://svelte.dev/e/ownership_invalid_mutation
2026-10-06T01:44:51.2189557Z 2026-10-06T01:44:51.218Z pw:browser [pid=3066][err] [1006/014451.218380:INFO:CONSOLE:1222] "Attempted to synchronously unmount a root while React was already rendering. React cannot finish unmounting the root until the current render has completed, which may lead to a race condition.", source: http://localhost:63315/__vitest_browser__/tester-BJtsJFpD.js (1222)
2026-10-06T01:44:51.2196582Z [90mstderr[2m | parity/emdash/media-admin-editor/source/packages/admin/tests/components/MediaDetailPanel.test.tsx[2m > [22m[2mMediaDetailPanel[2m > [22m[2mpreserves the crop draft across Media Details tabs
2026-10-06T01:44:51.2199900Z [22m[39mAttempted to synchronously unmount a root while React was already rendering. React cannot finish unmounting the root until the current render has completed, which may lead to a race condition.
2026-10-06T01:44:51.2222382Z 2026-10-06T01:44:51.222Z pw:browser [pid=3066][err] [1006/014451.221933:INFO:CONSOLE:1222] "%c[svelte] ownership_invalid_mutation
2026-10-06T01:44:51.2226303Z 2026-10-06T01:44:51.222Z pw:browser [pid=3066][err] %cMutating unbound props (`editorFrameRef`, at src/​lib/​media/​FocalPointEditor.svelte:18:32) is strongly discouraged. Consider using `bind:editorFrameRef={...}` in src/lib/media/MediaDetails.svelte (or using a callback) instead
2026-10-06T01:44:51.2229898Z 2026-10-06T01:44:51.222Z pw:browser [pid=3066][err] https://svelte.dev/e/ownership_invalid_mutation font-weight: bold font-weight: normal", source: http://localhost:63315/__vitest_browser__/tester-BJtsJFpD.js (1222)
2026-10-06T01:44:51.2233694Z [90mstderr[2m | parity/emdash/media-admin-editor/source/packages/admin/tests/components/MediaDetailPanel.test.tsx[2m > [22m[2mMediaDetailPanel[2m > [22m[2mpreserves the crop draft across Media Details tabs
2026-10-06T01:44:51.2236026Z [22m[39m[svelte] ownership_invalid_mutation
2026-10-06T01:44:51.2238537Z Mutating unbound props (`editorFrameRef`, at src/​lib/​media/​FocalPointEditor.svelte:18:32) is strongly discouraged. Consider using `bind:editorFrameRef={...}` in src/lib/media/MediaDetails.svelte (or using a callback) instead
2026-10-06T01:44:51.2240485Z https://svelte.dev/e/ownership_invalid_mutation
2026-10-06T01:44:51.2260196Z 2026-10-06T01:44:51.225Z pw:browser [pid=3066][err] [1006/014451.225772:INFO:CONSOLE:1222] "%c[svelte] ownership_invalid_mutation
2026-10-06T01:44:51.2264266Z 2026-10-06T01:44:51.225Z pw:browser [pid=3066][err] %cMutating unbound props (`editorFrameRef`, at src/​lib/​media/​FocalPointEditor.svelte:18:96) is strongly discouraged. Consider using `bind:editorFrameRef={...}` in src/lib/media/MediaDetails.svelte (or using a callback) instead
2026-10-06T01:44:51.2268453Z 2026-10-06T01:44:51.225Z pw:browser [pid=3066][err] https://svelte.dev/e/ownership_invalid_mutation font-weight: bold font-weight: normal", source: http://localhost:63315/__vitest_browser__/tester-BJtsJFpD.js (1222)
2026-10-06T01:44:51.2272617Z [90mstderr[2m | parity/emdash/media-admin-editor/source/packages/admin/tests/components/MediaDetailPanel.test.tsx[2m > [22m[2mMediaDetailPanel[2m > [22m[2mpreserves the crop draft across Media Details tabs
2026-10-06T01:44:51.2274921Z [22m[39m[svelte] ownership_invalid_mutation
2026-10-06T01:44:51.2277056Z Mutating unbound props (`editorFrameRef`, at src/​lib/​media/​FocalPointEditor.svelte:18:96) is strongly discouraged. Consider using `bind:editorFrameRef={...}` in src/lib/media/MediaDetails.svelte (or using a callback) instead
2026-10-06T01:44:51.2278546Z https://svelte.dev/e/ownership_invalid_mutation
2026-10-06T01:44:51.2831280Z 2026-10-06T01:44:51.282Z pw:browser [pid=3066][err] [1006/014451.282659:INFO:CONSOLE:1222] "%c[svelte] ownership_invalid_mutation
2026-10-06T01:44:51.2844301Z 2026-10-06T01:44:51.282Z pw:browser [pid=3066][err] %cMutating unbound props (`editorFrameRef`, at src/​lib/​media/​FocalPointEditor.svelte:18:32) is strongly discouraged. Consider using `bind:editorFrameRef={...}` in src/lib/media/MediaDetails.svelte (or using a callback) instead
2026-10-06T01:44:51.2848100Z 2026-10-06T01:44:51.282Z pw:browser [pid=3066][err] https://svelte.dev/e/ownership_invalid_mutation font-weight: bold font-weight: normal", source: http://localhost:63315/__vitest_browser__/tester-BJtsJFpD.js (1222)
2026-10-06T01:44:51.2851997Z [90mstderr[2m | parity/emdash/media-admin-editor/source/packages/admin/tests/components/MediaDetailPanel.test.tsx[2m > [22m[2mMediaDetailPanel[2m > [22m[2mpreserves the crop draft across Media Details tabs
2026-10-06T01:44:51.2853930Z [22m[39m[svelte] ownership_invalid_mutation
2026-10-06T01:44:51.2856453Z Mutating unbound props (`editorFrameRef`, at src/​lib/​media/​FocalPointEditor.svelte:18:32) is strongly discouraged. Consider using `bind:editorFrameRef={...}` in src/lib/media/MediaDetails.svelte (or using a callback) instead
2026-10-06T01:44:51.2858125Z https://svelte.dev/e/ownership_invalid_mutation
2026-10-06T01:44:51.2858885Z 2026-10-06T01:44:51.285Z pw:browser [pid=3066][err] [1006/014451.285055:INFO:CONSOLE:1222] "%c[svelte] ownership_invalid_mutation
2026-10-06T01:44:51.2862182Z 2026-10-06T01:44:51.285Z pw:browser [pid=3066][err] %cMutating unbound props (`editorFrameRef`, at src/​lib/​media/​FocalPointEditor.svelte:18:96) is strongly discouraged. Consider using `bind:editorFrameRef={...}` in src/lib/media/MediaDetails.svelte (or using a callback) instead
2026-10-06T01:44:51.2864149Z 2026-10-06T01:44:51.285Z pw:browser [pid=3066][err] https://svelte.dev/e/ownership_invalid_mutation font-weight: bold font-weight: normal", source: http://localhost:63315/__vitest_browser__/tester-BJtsJFpD.js (1222)
2026-10-06T01:44:51.2866003Z [90mstderr[2m | parity/emdash/media-admin-editor/source/packages/admin/tests/components/MediaDetailPanel.test.tsx[2m > [22m[2mMediaDetailPanel[2m > [22m[2mpreserves the crop draft across Media Details tabs
2026-10-06T01:44:51.2867151Z [22m[39m[svelte] ownership_invalid_mutation
2026-10-06T01:44:51.2868548Z Mutating unbound props (`editorFrameRef`, at src/​lib/​media/​FocalPointEditor.svelte:18:96) is strongly discouraged. Consider using `bind:editorFrameRef={...}` in src/lib/media/MediaDetails.svelte (or using a callback) instead
2026-10-06T01:44:51.2870309Z https://svelte.dev/e/ownership_invalid_mutation
2026-10-06T01:44:51.2896945Z 2026-10-06T01:44:51.289Z pw:browser [pid=3066][err] [1006/014451.289222:INFO:CONSOLE:1222] "Attempted to synchronously unmount a root while React was already rendering. React cannot finish unmounting the root until the current render has completed, which may lead to a race condition.", source: http://localhost:63315/__vitest_browser__/tester-BJtsJFpD.js (1222)
2026-10-06T01:44:51.2914880Z [90mstderr[2m | parity/emdash/media-admin-editor/source/packages/admin/tests/components/MediaDetailPanel.test.tsx[2m > [22m[2mMediaDetailPanel[2m > [22m[2mpreserves crop and focal-point positions while switching edit modes
2026-10-06T01:44:51.2918855Z [22m[39mAttempted to synchronously unmount a root while React was already rendering. React cannot finish unmounting the root until the current render has completed, which may lead to a race condition.
2026-10-06T01:44:51.2921835Z 2026-10-06T01:44:51.290Z pw:browser [pid=3066][err] [1006/014451.290541:INFO:CONSOLE:1222] "%c[svelte] derived_inert
2026-10-06T01:44:51.2923058Z 2026-10-06T01:44:51.290Z pw:browser [pid=3066][err] %cReading a derived belonging to a now-destroyed effect may result in stale values
2026-10-06T01:44:51.2924578Z 2026-10-06T01:44:51.290Z pw:browser [pid=3066][err] https://svelte.dev/e/derived_inert font-weight: bold font-weight: normal", source: http://localhost:63315/__vitest_browser__/tester-BJtsJFpD.js (1222)
2026-10-06T01:44:51.2926810Z [90mstderr[2m | parity/emdash/media-admin-editor/source/packages/admin/tests/components/MediaDetailPanel.test.tsx[2m > [22m[2mMediaDetailPanel[2m > [22m[2mpreserves crop and focal-point positions while switching edit modes
2026-10-06T01:44:51.2928032Z [22m[39m[svelte] derived_inert
2026-10-06T01:44:51.2928677Z Reading a derived belonging to a now-destroyed effect may result in stale values
2026-10-06T01:44:51.2929161Z https://svelte.dev/e/derived_inert
2026-10-06T01:44:51.2942683Z 2026-10-06T01:44:51.293Z pw:browser [pid=3066][err] [1006/014451.293834:INFO:CONSOLE:1222] "%c[svelte] ownership_invalid_mutation
2026-10-06T01:44:51.2945630Z 2026-10-06T01:44:51.293Z pw:browser [pid=3066][err] %cMutating unbound props (`editorFrameRef`, at src/​lib/​media/​FocalPointEditor.svelte:18:32) is strongly discouraged. Consider using `bind:editorFrameRef={...}` in src/lib/media/MediaDetails.svelte (or using a callback) instead
2026-10-06T01:44:51.2948196Z 2026-10-06T01:44:51.294Z pw:browser [pid=3066][err] https://svelte.dev/e/ownership_invalid_mutation font-weight: bold font-weight: normal", source: http://localhost:63315/__vitest_browser__/tester-BJtsJFpD.js (1222)
2026-10-06T01:44:51.2951075Z [90mstderr[2m | parity/emdash/media-admin-editor/source/packages/admin/tests/components/MediaDetailPanel.test.tsx[2m > [22m[2mMediaDetailPanel[2m > [22m[2mpreserves crop and focal-point positions while switching edit modes
2026-10-06T01:44:51.2953323Z [22m[39m[svelte] ownership_invalid_mutation
2026-10-06T01:44:51.2956321Z Mutating unbound props (`editorFrameRef`, at src/​lib/​media/​FocalPointEditor.svelte:18:32) is strongly discouraged. Consider using `bind:editorFrameRef={...}` in src/lib/media/MediaDetails.svelte (or using a callback) instead
2026-10-06T01:44:51.2958307Z https://svelte.dev/e/ownership_invalid_mutation
2026-10-06T01:44:51.3002445Z 2026-10-06T01:44:51.299Z pw:browser [pid=3066][err] [1006/014451.299561:INFO:CONSOLE:1222] "%c[svelte] ownership_invalid_mutation
2026-10-06T01:44:51.3005930Z 2026-10-06T01:44:51.299Z pw:browser [pid=3066][err] %cMutating unbound props (`editorFrameRef`, at src/​lib/​media/​FocalPointEditor.svelte:18:96) is strongly discouraged. Consider using `bind:editorFrameRef={...}` in src/lib/media/MediaDetails.svelte (or using a callback) instead
2026-10-06T01:44:51.3009897Z 2026-10-06T01:44:51.299Z pw:browser [pid=3066][err] https://svelte.dev/e/ownership_invalid_mutation font-weight: bold font-weight: normal", source: http://localhost:63315/__vitest_browser__/tester-BJtsJFpD.js (1222)
2026-10-06T01:44:51.3013794Z [90mstderr[2m | parity/emdash/media-admin-editor/source/packages/admin/tests/components/MediaDetailPanel.test.tsx[2m > [22m[2mMediaDetailPanel[2m > [22m[2mpreserves crop and focal-point positions while switching edit modes
2026-10-06T01:44:51.3015806Z [22m[39m[svelte] ownership_invalid_mutation
2026-10-06T01:44:51.3018315Z Mutating unbound props (`editorFrameRef`, at src/​lib/​media/​FocalPointEditor.svelte:18:96) is strongly discouraged. Consider using `bind:editorFrameRef={...}` in src/lib/media/MediaDetails.svelte (or using a callback) instead
2026-10-06T01:44:51.3020293Z https://svelte.dev/e/ownership_invalid_mutation
2026-10-06T01:44:51.3576858Z 2026-10-06T01:44:51.357Z pw:browser [pid=3066][err] [1006/014451.357315:INFO:CONSOLE:1222] "%c[svelte] ownership_invalid_mutation
2026-10-06T01:44:51.3586848Z 2026-10-06T01:44:51.357Z pw:browser [pid=3066][err] %cMutating unbound props (`editorFrameRef`, at src/​lib/​media/​FocalPointEditor.svelte:18:32) is strongly discouraged. Consider using `bind:editorFrameRef={...}` in src/lib/media/MediaDetails.svelte (or using a callback) instead
2026-10-06T01:44:51.3590955Z 2026-10-06T01:44:51.357Z pw:browser [pid=3066][err] https://svelte.dev/e/ownership_invalid_mutation font-weight: bold font-weight: normal", source: http://localhost:63315/__vitest_browser__/tester-BJtsJFpD.js (1222)
2026-10-06T01:44:51.3594834Z [90mstderr[2m | parity/emdash/media-admin-editor/source/packages/admin/tests/components/MediaDetailPanel.test.tsx[2m > [22m[2mMediaDetailPanel[2m > [22m[2mpreserves crop and focal-point positions while switching edit modes
2026-10-06T01:44:51.3596969Z [22m[39m[svelte] ownership_invalid_mutation
2026-10-06T01:44:51.3599239Z Mutating unbound props (`editorFrameRef`, at src/​lib/​media/​FocalPointEditor.svelte:18:32) is strongly discouraged. Consider using `bind:editorFrameRef={...}` in src/lib/media/MediaDetails.svelte (or using a callback) instead
2026-10-06T01:44:51.3600314Z https://svelte.dev/e/ownership_invalid_mutation
2026-10-06T01:44:51.3602049Z [90mstderr[2m | parity/emdash/media-admin-editor/source/packages/admin/tests/components/MediaDetailPanel.test.tsx[2m > [22m[2mMediaDetailPanel[2m > [22m[2mpreserves crop and focal-point positions while switching edit modes
2026-10-06T01:44:51.3603125Z [22m[39m[svelte] ownership_invalid_mutation
2026-10-06T01:44:51.3604460Z Mutating unbound props (`firstPreviewRef`, at src/​lib/​media/​FocalPointPreviews.svelte:8:33) is strongly discouraged. Consider using `bind:firstPreviewRef={...}` in src/lib/media/MediaDetails.svelte (or using a callback) instead
2026-10-06T01:44:51.3605489Z https://svelte.dev/e/ownership_invalid_mutation
2026-10-06T01:44:51.3606208Z 2026-10-06T01:44:51.358Z pw:browser [pid=3066][err] [1006/014451.357843:INFO:CONSOLE:1222] "%c[svelte] ownership_invalid_mutation
2026-10-06T01:44:51.3608024Z 2026-10-06T01:44:51.358Z pw:browser [pid=3066][err] %cMutating unbound props (`firstPreviewRef`, at src/​lib/​media/​FocalPointPreviews.svelte:8:33) is strongly discouraged. Consider using `bind:firstPreviewRef={...}` in src/lib/media/MediaDetails.svelte (or using a callback) instead
2026-10-06T01:44:51.3610206Z 2026-10-06T01:44:51.358Z pw:browser [pid=3066][err] https://svelte.dev/e/ownership_invalid_mutation font-weight: bold font-weight: normal", source: http://localhost:63315/__vitest_browser__/tester-BJtsJFpD.js (1222)
2026-10-06T01:44:51.4322148Z 2026-10-06T01:44:51.431Z pw:browser [pid=3066][err] [1006/014451.431201:INFO:CONSOLE:1222] "%c[svelte] ownership_invalid_mutation
2026-10-06T01:44:51.4326331Z 2026-10-06T01:44:51.431Z pw:browser [pid=3066][err] %cMutating unbound props (`editorFrameRef`, at src/​lib/​media/​FocalPointEditor.svelte:18:96) is strongly discouraged. Consider using `bind:editorFrameRef={...}` in src/lib/media/MediaDetails.svelte (or using a callback) instead
2026-10-06T01:44:51.4335683Z 2026-10-06T01:44:51.431Z pw:browser [pid=3066][err] https://svelte.dev/e/ownership_invalid_mutation font-weight: bold font-weight: normal", source: http://localhost:63315/__vitest_browser__/tester-BJtsJFpD.js (1222)
2026-10-06T01:44:51.4338742Z [90mstderr[2m | parity/emdash/media-admin-editor/source/packages/admin/tests/components/MediaDetailPanel.test.tsx[2m > [22m[2mMediaDetailPanel[2m > [22m[2mpreserves crop and focal-point positions while switching edit modes
2026-10-06T01:44:51.4340361Z [22m[39m[svelte] ownership_invalid_mutation
2026-10-06T01:44:51.4343319Z Mutating unbound props (`editorFrameRef`, at src/​lib/​media/​FocalPointEditor.svelte:18:96) is strongly discouraged. Consider using `bind:editorFrameRef={...}` in src/lib/media/MediaDetails.svelte (or using a callback) instead
2026-10-06T01:44:51.4345286Z https://svelte.dev/e/ownership_invalid_mutation
2026-10-06T01:44:51.4346597Z 2026-10-06T01:44:51.432Z pw:browser [pid=3066][err] [1006/014451.431942:INFO:CONSOLE:1222] "%c[svelte] ownership_invalid_mutation
2026-10-06T01:44:51.4350041Z 2026-10-06T01:44:51.432Z pw:browser [pid=3066][err] %cMutating unbound props (`firstPreviewRef`, at src/​lib/​media/​FocalPointPreviews.svelte:8:99) is strongly discouraged. Consider using `bind:firstPreviewRef={...}` in src/lib/media/MediaDetails.svelte (or using a callback) instead
2026-10-06T01:44:51.4352945Z 2026-10-06T01:44:51.432Z pw:browser [pid=3066][err] https://svelte.dev/e/ownership_invalid_mutation font-weight: bold font-weight: normal", source: http://localhost:63315/__vitest_browser__/tester-BJtsJFpD.js (1222)
2026-10-06T01:44:51.4355270Z [90mstderr[2m | parity/emdash/media-admin-editor/source/packages/admin/tests/components/MediaDetailPanel.test.tsx[2m > [22m[2mMediaDetailPanel[2m > [22m[2mpreserves crop and focal-point positions while switching edit modes
2026-10-06T01:44:51.4356598Z [22m[39m[svelte] ownership_invalid_mutation
2026-10-06T01:44:51.4358147Z Mutating unbound props (`firstPreviewRef`, at src/​lib/​media/​FocalPointPreviews.svelte:8:99) is strongly discouraged. Consider using `bind:firstPreviewRef={...}` in src/lib/media/MediaDetails.svelte (or using a callback) instead
2026-10-06T01:44:51.4359357Z https://svelte.dev/e/ownership_invalid_mutation
2026-10-06T01:44:51.4386118Z 2026-10-06T01:44:51.438Z pw:browser [pid=3066][err] [1006/014451.438172:INFO:CONSOLE:1222] "%c[svelte] ownership_invalid_mutation
2026-10-06T01:44:51.4390337Z 2026-10-06T01:44:51.438Z pw:browser [pid=3066][err] %cMutating unbound props (`editorFrameRef`, at src/​lib/​media/​FocalPointEditor.svelte:18:32) is strongly discouraged. Consider using `bind:editorFrameRef={...}` in src/lib/media/MediaDetails.svelte (or using a callback) instead
2026-10-06T01:44:51.4394319Z 2026-10-06T01:44:51.438Z pw:browser [pid=3066][err] https://svelte.dev/e/ownership_invalid_mutation font-weight: bold font-weight: normal", source: http://localhost:63315/__vitest_browser__/tester-BJtsJFpD.js (1222)
2026-10-06T01:44:51.4397253Z [90mstderr[2m | parity/emdash/media-admin-editor/source/packages/admin/tests/components/MediaDetailPanel.test.tsx[2m > [22m[2mMediaDetailPanel[2m > [22m[2mpreserves crop and focal-point positions while switching edit modes
2026-10-06T01:44:51.4398339Z [22m[39m[svelte] ownership_invalid_mutation
2026-10-06T01:44:51.4399912Z Mutating unbound props (`editorFrameRef`, at src/​lib/​media/​FocalPointEditor.svelte:18:32) is strongly discouraged. Consider using `bind:editorFrameRef={...}` in src/lib/media/MediaDetails.svelte (or using a callback) instead
2026-10-06T01:44:51.4401325Z https://svelte.dev/e/ownership_invalid_mutation
2026-10-06T01:44:51.4402694Z 2026-10-06T01:44:51.438Z pw:browser [pid=3066][err] [1006/014451.438520:INFO:CONSOLE:1222] "%c[svelte] ownership_invalid_mutation
2026-10-06T01:44:51.4405892Z 2026-10-06T01:44:51.438Z pw:browser [pid=3066][err] %cMutating unbound props (`firstPreviewRef`, at src/​lib/​media/​FocalPointPreviews.svelte:8:33) is strongly discouraged. Consider using `bind:firstPreviewRef={...}` in src/lib/media/MediaDetails.svelte (or using a callback) instead
2026-10-06T01:44:51.4409350Z 2026-10-06T01:44:51.438Z pw:browser [pid=3066][err] https://svelte.dev/e/ownership_invalid_mutation font-weight: bold font-weight: normal", source: http://localhost:63315/__vitest_browser__/tester-BJtsJFpD.js (1222)
2026-10-06T01:44:51.4413868Z [90mstderr[2m | parity/emdash/media-admin-editor/source/packages/admin/tests/components/MediaDetailPanel.test.tsx[2m > [22m[2mMediaDetailPanel[2m > [22m[2mpreserves crop and focal-point positions while switching edit modes
2026-10-06T01:44:51.4416170Z [22m[39m[svelte] ownership_invalid_mutation
2026-10-06T01:44:51.4419004Z Mutating unbound props (`firstPreviewRef`, at src/​lib/​media/​FocalPointPreviews.svelte:8:33) is strongly discouraged. Consider using `bind:firstPreviewRef={...}` in src/lib/media/MediaDetails.svelte (or using a callback) instead
2026-10-06T01:44:51.4421531Z https://svelte.dev/e/ownership_invalid_mutation
2026-10-06T01:44:51.4428497Z 2026-10-06T01:44:51.440Z pw:browser [pid=3066][err] [1006/014451.440686:INFO:CONSOLE:1222] "%c[svelte] ownership_invalid_mutation
2026-10-06T01:44:51.4431762Z 2026-10-06T01:44:51.440Z pw:browser [pid=3066][err] %cMutating unbound props (`editorFrameRef`, at src/​lib/​media/​FocalPointEditor.svelte:18:96) is strongly discouraged. Consider using `bind:editorFrameRef={...}` in src/lib/media/MediaDetails.svelte (or using a callback) instead
2026-10-06T01:44:51.4435315Z 2026-10-06T01:44:51.440Z pw:browser [pid=3066][err] https://svelte.dev/e/ownership_invalid_mutation font-weight: bold font-weight: normal", source: http://localhost:63315/__vitest_browser__/tester-BJtsJFpD.js (1222)
2026-10-06T01:44:51.4437666Z 2026-10-06T01:44:51.441Z pw:browser [pid=3066][err] [1006/014451.441337:INFO:CONSOLE:1222] "%c[svelte] ownership_invalid_mutation
2026-10-06T01:44:51.4441079Z 2026-10-06T01:44:51.441Z pw:browser [pid=3066][err] %cMutating unbound props (`firstPreviewRef`, at src/​lib/​media/​FocalPointPreviews.svelte:8:99) is strongly discouraged. Consider using `bind:firstPreviewRef={...}` in src/lib/media/MediaDetails.svelte (or using a callback) instead
2026-10-06T01:44:51.4443094Z 2026-10-06T01:44:51.441Z pw:browser [pid=3066][err] https://svelte.dev/e/ownership_invalid_mutation font-weight: bold font-weight: normal", source: http://localhost:63315/__vitest_browser__/tester-BJtsJFpD.js (1222)
2026-10-06T01:44:51.4444372Z 2026-10-06T01:44:51.442Z pw:browser [pid=3066][err] [1006/014451.442120:INFO:CONSOLE:1222] "%c[svelte] derived_inert
2026-10-06T01:44:51.4445311Z 2026-10-06T01:44:51.442Z pw:browser [pid=3066][err] %cReading a derived belonging to a now-destroyed effect may result in stale values
2026-10-06T01:44:51.4446634Z 2026-10-06T01:44:51.442Z pw:browser [pid=3066][err] https://svelte.dev/e/derived_inert font-weight: bold font-weight: normal", source: http://localhost:63315/__vitest_browser__/tester-BJtsJFpD.js (1222)
2026-10-06T01:44:51.4448525Z [90mstderr[2m | parity/emdash/media-admin-editor/source/packages/admin/tests/components/MediaDetailPanel.test.tsx[2m > [22m[2mMediaDetailPanel[2m > [22m[2mkeeps the loaded focal-point image stable when returning to Details
2026-10-06T01:44:51.4449649Z [22m[39m[svelte] ownership_invalid_mutation
2026-10-06T01:44:51.4451752Z Mutating unbound props (`editorFrameRef`, at src/​lib/​media/​FocalPointEditor.svelte:18:96) is strongly discouraged. Consider using `bind:editorFrameRef={...}` in src/lib/media/MediaDetails.svelte (or using a callback) instead
2026-10-06T01:44:51.4452799Z https://svelte.dev/e/ownership_invalid_mutation
2026-10-06T01:44:51.4454140Z [90mstderr[2m | parity/emdash/media-admin-editor/source/packages/admin/tests/components/MediaDetailPanel.test.tsx[2m > [22m[2mMediaDetailPanel[2m > [22m[2mkeeps the loaded focal-point image stable when returning to Details
2026-10-06T01:44:51.4455641Z [22m[39m[svelte] ownership_invalid_mutation
2026-10-06T01:44:51.4458255Z Mutating unbound props (`firstPreviewRef`, at src/​lib/​media/​FocalPointPreviews.svelte:8:99) is strongly discouraged. Consider using `bind:firstPreviewRef={...}` in src/lib/media/MediaDetails.svelte (or using a callback) instead
2026-10-06T01:44:51.4460232Z https://svelte.dev/e/ownership_invalid_mutation
2026-10-06T01:44:51.4463188Z [90mstderr[2m | parity/emdash/media-admin-editor/source/packages/admin/tests/components/MediaDetailPanel.test.tsx[2m > [22m[2mMediaDetailPanel[2m > [22m[2mkeeps the loaded focal-point image stable when returning to Details
2026-10-06T01:44:51.4465179Z [22m[39m[svelte] derived_inert
2026-10-06T01:44:51.4466039Z Reading a derived belonging to a now-destroyed effect may result in stale values
2026-10-06T01:44:51.4466874Z https://svelte.dev/e/derived_inert
2026-10-06T01:44:51.4468126Z 2026-10-06T01:44:51.445Z pw:browser [pid=3066][err] [1006/014451.445594:INFO:CONSOLE:1222] "%c[svelte] ownership_invalid_mutation
2026-10-06T01:44:51.4470156Z 2026-10-06T01:44:51.445Z pw:browser [pid=3066][err] %cMutating unbound props (`editorFrameRef`, at src/​lib/​media/​FocalPointEditor.svelte:18:32) is strongly discouraged. Consider using `bind:editorFrameRef={...}` in src/lib/media/MediaDetails.svelte (or using a callback) instead
2026-10-06T01:44:51.4473146Z 2026-10-06T01:44:51.445Z pw:browser [pid=3066][err] https://svelte.dev/e/ownership_invalid_mutation font-weight: bold font-weight: normal", source: http://localhost:63315/__vitest_browser__/tester-BJtsJFpD.js (1222)
2026-10-06T01:44:51.4475755Z [90mstderr[2m | parity/emdash/media-admin-editor/source/packages/admin/tests/components/MediaDetailPanel.test.tsx[2m > [22m[2mMediaDetailPanel[2m > [22m[2mkeeps the loaded focal-point image stable when returning to Details
2026-10-06T01:44:51.4477715Z [22m[39m[svelte] ownership_invalid_mutation
2026-10-06T01:44:51.4480292Z Mutating unbound props (`editorFrameRef`, at src/​lib/​media/​FocalPointEditor.svelte:18:32) is strongly discouraged. Consider using `bind:editorFrameRef={...}` in src/lib/media/MediaDetails.svelte (or using a callback) instead
2026-10-06T01:44:51.4482406Z https://svelte.dev/e/ownership_invalid_mutation
2026-10-06T01:44:51.4514973Z 2026-10-06T01:44:51.451Z pw:browser [pid=3066][err] [1006/014451.451166:INFO:CONSOLE:1222] "%c[svelte] ownership_invalid_mutation
2026-10-06T01:44:51.4519177Z 2026-10-06T01:44:51.451Z pw:browser [pid=3066][err] %cMutating unbound props (`editorFrameRef`, at src/​lib/​media/​FocalPointEditor.svelte:18:96) is strongly discouraged. Consider using `bind:editorFrameRef={...}` in src/lib/media/MediaDetails.svelte (or using a callback) instead
2026-10-06T01:44:51.4523193Z 2026-10-06T01:44:51.451Z pw:browser [pid=3066][err] https://svelte.dev/e/ownership_invalid_mutation font-weight: bold font-weight: normal", source: http://localhost:63315/__vitest_browser__/tester-BJtsJFpD.js (1222)
2026-10-06T01:44:51.4525969Z [90mstderr[2m | parity/emdash/media-admin-editor/source/packages/admin/tests/components/MediaDetailPanel.test.tsx[2m > [22m[2mMediaDetailPanel[2m > [22m[2mkeeps the loaded focal-point image stable when returning to Details
2026-10-06T01:44:51.4527233Z [22m[39m[svelte] ownership_invalid_mutation
2026-10-06T01:44:51.4528727Z Mutating unbound props (`editorFrameRef`, at src/​lib/​media/​FocalPointEditor.svelte:18:96) is strongly discouraged. Consider using `bind:editorFrameRef={...}` in src/lib/media/MediaDetails.svelte (or using a callback) instead
2026-10-06T01:44:51.4530182Z https://svelte.dev/e/ownership_invalid_mutation
2026-10-06T01:44:51.4551977Z 2026-10-06T01:44:51.454Z pw:browser [pid=3066][err] [1006/014451.454872:INFO:CONSOLE:1222] "%c[svelte] ownership_invalid_mutation
2026-10-06T01:44:51.4555470Z 2026-10-06T01:44:51.454Z pw:browser [pid=3066][err] %cMutating unbound props (`editorFrameRef`, at src/​lib/​media/​FocalPointEditor.svelte:18:32) is strongly discouraged. Consider using `bind:editorFrameRef={...}` in src/lib/media/MediaDetails.svelte (or using a callback) instead
2026-10-06T01:44:51.4559261Z 2026-10-06T01:44:51.455Z pw:browser [pid=3066][err] https://svelte.dev/e/ownership_invalid_mutation font-weight: bold font-weight: normal", source: http://localhost:63315/__vitest_browser__/tester-BJtsJFpD.js (1222)
2026-10-06T01:44:51.4563023Z [90mstderr[2m | parity/emdash/media-admin-editor/source/packages/admin/tests/components/MediaDetailPanel.test.tsx[2m > [22m[2mMediaDetailPanel[2m > [22m[2mkeeps the loaded focal-point image stable when returning to Details
2026-10-06T01:44:51.4564959Z [22m[39m[svelte] ownership_invalid_mutation
2026-10-06T01:44:51.4566711Z Mutating unbound props (`editorFrameRef`, at src/​lib/​media/​FocalPointEditor.svelte:18:32) is strongly discouraged. Consider using `bind:editorFrameRef={...}` in src/lib/media/MediaDetails.svelte (or using a callback) instead
2026-10-06T01:44:51.4568415Z https://svelte.dev/e/ownership_invalid_mutation
2026-10-06T01:44:51.4571137Z [90mstderr[2m | parity/emdash/media-admin-editor/source/packages/admin/tests/components/MediaDetailPanel.test.tsx[2m > [22m[2mMediaDetailPanel[2m > [22m[2mkeeps the loaded focal-point image stable when returning to Details
2026-10-06T01:44:51.4573028Z [22m[39m[svelte] ownership_invalid_mutation
2026-10-06T01:44:51.4575304Z Mutating unbound props (`firstPreviewRef`, at src/​lib/​media/​FocalPointPreviews.svelte:8:33) is strongly discouraged. Consider using `bind:firstPreviewRef={...}` in src/lib/media/MediaDetails.svelte (or using a callback) instead
2026-10-06T01:44:51.4576658Z https://svelte.dev/e/ownership_invalid_mutation
2026-10-06T01:44:51.4579173Z [90mstderr[2m | parity/emdash/media-admin-editor/source/packages/admin/tests/components/MediaDetailPanel.test.tsx[2m > [22m[2mMediaDetailPanel[2m > [22m[2mkeeps the loaded focal-point image stable when returning to Details
2026-10-06T01:44:51.4581416Z [22m[39m[svelte] ownership_invalid_mutation
2026-10-06T01:44:51.4583266Z Mutating unbound props (`firstPreviewRef`, at src/​lib/​media/​FocalPointPreviews.svelte:8:99) is strongly discouraged. Consider using `bind:firstPreviewRef={...}` in src/lib/media/MediaDetails.svelte (or using a callback) instead
2026-10-06T01:44:51.4584526Z https://svelte.dev/e/ownership_invalid_mutation
2026-10-06T01:44:51.4585979Z 2026-10-06T01:44:51.458Z pw:browser [pid=3066][err] [1006/014451.458027:INFO:CONSOLE:1222] "%c[svelte] ownership_invalid_mutation
2026-10-06T01:44:51.4589633Z 2026-10-06T01:44:51.458Z pw:browser [pid=3066][err] %cMutating unbound props (`firstPreviewRef`, at src/​lib/​media/​FocalPointPreviews.svelte:8:33) is strongly discouraged. Consider using `bind:firstPreviewRef={...}` in src/lib/media/MediaDetails.svelte (or using a callback) instead
2026-10-06T01:44:51.4592702Z 2026-10-06T01:44:51.458Z pw:browser [pid=3066][err] https://svelte.dev/e/ownership_invalid_mutation font-weight: bold font-weight: normal", source: http://localhost:63315/__vitest_browser__/tester-BJtsJFpD.js (1222)
2026-10-06T01:44:51.4594282Z 2026-10-06T01:44:51.458Z pw:browser [pid=3066][err] [1006/014451.458192:INFO:CONSOLE:1222] "%c[svelte] ownership_invalid_mutation
2026-10-06T01:44:51.4596454Z 2026-10-06T01:44:51.458Z pw:browser [pid=3066][err] %cMutating unbound props (`firstPreviewRef`, at src/​lib/​media/​FocalPointPreviews.svelte:8:99) is strongly discouraged. Consider using `bind:firstPreviewRef={...}` in src/lib/media/MediaDetails.svelte (or using a callback) instead
2026-10-06T01:44:51.4598942Z 2026-10-06T01:44:51.458Z pw:browser [pid=3066][err] https://svelte.dev/e/ownership_invalid_mutation font-weight: bold font-weight: normal", source: http://localhost:63315/__vitest_browser__/tester-BJtsJFpD.js (1222)
2026-10-06T01:44:51.4605080Z 2026-10-06T01:44:51.460Z pw:browser [pid=3066][err] [1006/014451.460201:INFO:CONSOLE:1222] "%c[svelte] ownership_invalid_mutation
2026-10-06T01:44:51.4610434Z 2026-10-06T01:44:51.460Z pw:browser [pid=3066][err] %cMutating unbound props (`editorFrameRef`, at src/​lib/​media/​FocalPointEditor.svelte:18:96) is strongly discouraged. Consider using `bind:editorFrameRef={...}` in src/lib/media/MediaDetails.svelte (or using a callback) instead
2026-10-06T01:44:51.4615729Z 2026-10-06T01:44:51.460Z pw:browser [pid=3066][err] https://svelte.dev/e/ownership_invalid_mutation font-weight: bold font-weight: normal", source: http://localhost:63315/__vitest_browser__/tester-BJtsJFpD.js (1222)
2026-10-06T01:44:51.4623696Z [90mstderr[2m | parity/emdash/media-admin-editor/source/packages/admin/tests/components/MediaDetailPanel.test.tsx[2m > [22m[2mMediaDetailPanel[2m > [22m[2mcreates a distinct cropped copy and closes the source dialog after success
2026-10-06T01:44:51.4626033Z [22m[39m[svelte] ownership_invalid_mutation
2026-10-06T01:44:51.4628541Z Mutating unbound props (`editorFrameRef`, at src/​lib/​media/​FocalPointEditor.svelte:18:96) is strongly discouraged. Consider using `bind:editorFrameRef={...}` in src/lib/media/MediaDetails.svelte (or using a callback) instead
2026-10-06T01:44:51.4630595Z https://svelte.dev/e/ownership_invalid_mutation
2026-10-06T01:44:51.4632088Z 2026-10-06T01:44:51.461Z pw:browser [pid=3066][err] [1006/014451.461409:INFO:CONSOLE:1222] "%c[svelte] derived_inert
2026-10-06T01:44:51.4633870Z 2026-10-06T01:44:51.461Z pw:browser [pid=3066][err] %cReading a derived belonging to a now-destroyed effect may result in stale values
2026-10-06T01:44:51.4636384Z 2026-10-06T01:44:51.461Z pw:browser [pid=3066][err] https://svelte.dev/e/derived_inert font-weight: bold font-weight: normal", source: http://localhost:63315/__vitest_browser__/tester-BJtsJFpD.js (1222)
2026-10-06T01:44:51.4639864Z [90mstderr[2m | parity/emdash/media-admin-editor/source/packages/admin/tests/components/MediaDetailPanel.test.tsx[2m > [22m[2mMediaDetailPanel[2m > [22m[2mcreates a distinct cropped copy and closes the source dialog after success
2026-10-06T01:44:51.4642168Z [22m[39m[svelte] derived_inert
2026-10-06T01:44:51.4643096Z Reading a derived belonging to a now-destroyed effect may result in stale values
2026-10-06T01:44:51.4644018Z https://svelte.dev/e/derived_inert
2026-10-06T01:44:51.4652474Z 2026-10-06T01:44:51.465Z pw:browser [pid=3066][err] [1006/014451.464967:INFO:CONSOLE:1222] "%c[svelte] ownership_invalid_mutation
2026-10-06T01:44:51.4657536Z 2026-10-06T01:44:51.465Z pw:browser [pid=3066][err] %cMutating unbound props (`editorFrameRef`, at src/​lib/​media/​FocalPointEditor.svelte:18:32) is strongly discouraged. Consider using `bind:editorFrameRef={...}` in src/lib/media/MediaDetails.svelte (or using a callback) instead
2026-10-06T01:44:51.4659740Z 2026-10-06T01:44:51.465Z pw:browser [pid=3066][err] https://svelte.dev/e/ownership_invalid_mutation font-weight: bold font-weight: normal", source: http://localhost:63315/__vitest_browser__/tester-BJtsJFpD.js (1222)
2026-10-06T01:44:51.4662915Z [90mstderr[2m | parity/emdash/media-admin-editor/source/packages/admin/tests/components/MediaDetailPanel.test.tsx[2m > [22m[2mMediaDetailPanel[2m > [22m[2mcreates a distinct cropped copy and closes the source dialog after success
2026-10-06T01:44:51.4664069Z [22m[39m[svelte] ownership_invalid_mutation
2026-10-06T01:44:51.4665627Z Mutating unbound props (`editorFrameRef`, at src/​lib/​media/​FocalPointEditor.svelte:18:32) is strongly discouraged. Consider using `bind:editorFrameRef={...}` in src/lib/media/MediaDetails.svelte (or using a callback) instead
2026-10-06T01:44:51.4666663Z https://svelte.dev/e/ownership_invalid_mutation
2026-10-06T01:44:51.4711964Z 2026-10-06T01:44:51.470Z pw:browser [pid=3066][err] [1006/014451.470826:INFO:CONSOLE:1222] "%c[svelte] ownership_invalid_mutation
2026-10-06T01:44:51.4714623Z 2026-10-06T01:44:51.470Z pw:browser [pid=3066][err] %cMutating unbound props (`editorFrameRef`, at src/​lib/​media/​FocalPointEditor.svelte:18:96) is strongly discouraged. Consider using `bind:editorFrameRef={...}` in src/lib/media/MediaDetails.svelte (or using a callback) instead
2026-10-06T01:44:51.4717347Z 2026-10-06T01:44:51.470Z pw:browser [pid=3066][err] https://svelte.dev/e/ownership_invalid_mutation font-weight: bold font-weight: normal", source: http://localhost:63315/__vitest_browser__/tester-BJtsJFpD.js (1222)
2026-10-06T01:44:51.4740121Z [90mstderr[2m | parity/emdash/media-admin-editor/source/packages/admin/tests/components/MediaDetailPanel.test.tsx[2m > [22m[2mMediaDetailPanel[2m > [22m[2mcreates a distinct cropped copy and closes the source dialog after success
2026-10-06T01:44:51.4741846Z [22m[39m[svelte] ownership_invalid_mutation
2026-10-06T01:44:51.4743331Z Mutating unbound props (`editorFrameRef`, at src/​lib/​media/​FocalPointEditor.svelte:18:96) is strongly discouraged. Consider using `bind:editorFrameRef={...}` in src/lib/media/MediaDetails.svelte (or using a callback) instead
2026-10-06T01:44:51.4744844Z https://svelte.dev/e/ownership_invalid_mutation
2026-10-06T01:44:51.5806459Z 2026-10-06T01:44:51.579Z pw:browser [pid=3066][err] [1006/014451.579562:INFO:CONSOLE:1222] "Attempted to synchronously unmount a root while React was already rendering. React cannot finish unmounting the root until the current render has completed, which may lead to a race condition.", source: http://localhost:63315/__vitest_browser__/tester-BJtsJFpD.js (1222)
2026-10-06T01:44:51.5811344Z [90mstderr[2m | parity/emdash/media-admin-editor/source/packages/admin/tests/components/MediaDetailPanel.test.tsx[2m > [22m[2mMediaDetailPanel[2m > [22m[2mkeeps asset-management controls out of content workflows
2026-10-06T01:44:51.5814766Z [22m[39mAttempted to synchronously unmount a root while React was already rendering. React cannot finish unmounting the root until the current render has completed, which may lead to a race condition.
2026-10-06T01:44:51.5835428Z 2026-10-06T01:44:51.583Z pw:browser [pid=3066][err] [1006/014451.583055:INFO:CONSOLE:1222] "%c[svelte] ownership_invalid_mutation
2026-10-06T01:44:51.5838563Z 2026-10-06T01:44:51.583Z pw:browser [pid=3066][err] %cMutating unbound props (`editorFrameRef`, at src/​lib/​media/​FocalPointEditor.svelte:18:32) is strongly discouraged. Consider using `bind:editorFrameRef={...}` in src/lib/media/MediaDetails.svelte (or using a callback) instead
2026-10-06T01:44:51.5842169Z 2026-10-06T01:44:51.583Z pw:browser [pid=3066][err] https://svelte.dev/e/ownership_invalid_mutation font-weight: bold font-weight: normal", source: http://localhost:63315/__vitest_browser__/tester-BJtsJFpD.js (1222)
2026-10-06T01:44:51.5845422Z [90mstderr[2m | parity/emdash/media-admin-editor/source/packages/admin/tests/components/MediaDetailPanel.test.tsx[2m > [22m[2mMediaDetailPanel[2m > [22m[2mkeeps asset-management controls out of content workflows
2026-10-06T01:44:51.5846926Z [22m[39m[svelte] ownership_invalid_mutation
2026-10-06T01:44:51.5848543Z Mutating unbound props (`editorFrameRef`, at src/​lib/​media/​FocalPointEditor.svelte:18:32) is strongly discouraged. Consider using `bind:editorFrameRef={...}` in src/lib/media/MediaDetails.svelte (or using a callback) instead
2026-10-06T01:44:51.5849938Z https://svelte.dev/e/ownership_invalid_mutation
2026-10-06T01:44:51.5900001Z 2026-10-06T01:44:51.589Z pw:browser [pid=3066][err] [1006/014451.589734:INFO:CONSOLE:1222] "%c[svelte] ownership_invalid_mutation
2026-10-06T01:44:51.5903460Z 2026-10-06T01:44:51.589Z pw:browser [pid=3066][err] %cMutating unbound props (`editorFrameRef`, at src/​lib/​media/​FocalPointEditor.svelte:18:96) is strongly discouraged. Consider using `bind:editorFrameRef={...}` in src/lib/media/MediaDetails.svelte (or using a callback) instead
2026-10-06T01:44:51.5906471Z 2026-10-06T01:44:51.589Z pw:browser [pid=3066][err] https://svelte.dev/e/ownership_invalid_mutation font-weight: bold font-weight: normal", source: http://localhost:63315/__vitest_browser__/tester-BJtsJFpD.js (1222)
2026-10-06T01:44:51.5909170Z [90mstderr[2m | parity/emdash/media-admin-editor/source/packages/admin/tests/components/MediaDetailPanel.test.tsx[2m > [22m[2mMediaDetailPanel[2m > [22m[2mconfirms and replaces the original while keeping the dialog open
2026-10-06T01:44:51.5910258Z [22m[39m[svelte] ownership_invalid_mutation
2026-10-06T01:44:51.5913310Z Mutating unbound props (`editorFrameRef`, at src/​lib/​media/​FocalPointEditor.svelte:18:96) is strongly discouraged. Consider using `bind:editorFrameRef={...}` in src/lib/media/MediaDetails.svelte (or using a callback) instead
2026-10-06T01:44:51.5915263Z https://svelte.dev/e/ownership_invalid_mutation
2026-10-06T01:44:51.5936559Z 2026-10-06T01:44:51.593Z pw:browser [pid=3066][err] [1006/014451.593248:INFO:CONSOLE:1222] "%c[svelte] ownership_invalid_mutation
2026-10-06T01:44:51.5950405Z 2026-10-06T01:44:51.593Z pw:browser [pid=3066][err] %cMutating unbound props (`editorFrameRef`, at src/​lib/​media/​FocalPointEditor.svelte:18:32) is strongly discouraged. Consider using `bind:editorFrameRef={...}` in src/lib/media/MediaDetails.svelte (or using a callback) instead
2026-10-06T01:44:51.5954328Z 2026-10-06T01:44:51.593Z pw:browser [pid=3066][err] https://svelte.dev/e/ownership_invalid_mutation font-weight: bold font-weight: normal", source: http://localhost:63315/__vitest_browser__/tester-BJtsJFpD.js (1222)
2026-10-06T01:44:51.5958063Z [90mstderr[2m | parity/emdash/media-admin-editor/source/packages/admin/tests/components/MediaDetailPanel.test.tsx[2m > [22m[2mMediaDetailPanel[2m > [22m[2mconfirms and replaces the original while keeping the dialog open
2026-10-06T01:44:51.5960085Z [22m[39m[svelte] ownership_invalid_mutation
2026-10-06T01:44:51.5962893Z Mutating unbound props (`editorFrameRef`, at src/​lib/​media/​FocalPointEditor.svelte:18:32) is strongly discouraged. Consider using `bind:editorFrameRef={...}` in src/lib/media/MediaDetails.svelte (or using a callback) instead
2026-10-06T01:44:51.5964806Z https://svelte.dev/e/ownership_invalid_mutation
2026-10-06T01:44:51.5998089Z [90mstderr[2m | parity/emdash/media-admin-editor/source/packages/admin/tests/components/MediaDetailPanel.test.tsx[2m > [22m[2mMediaDetailPanel[2m > [22m[2mconfirms and replaces the original while keeping the dialog open
2026-10-06T01:44:51.6005841Z [22m[39m[svelte] ownership_invalid_mutation
2026-10-06T01:44:51.6008592Z Mutating unbound props (`editorFrameRef`, at src/​lib/​media/​FocalPointEditor.svelte:18:96) is strongly discouraged. Consider using `bind:editorFrameRef={...}` in src/lib/media/MediaDetails.svelte (or using a callback) instead
2026-10-06T01:44:51.6012030Z https://svelte.dev/e/ownership_invalid_mutation
2026-10-06T01:44:51.6014030Z 2026-10-06T01:44:51.600Z pw:browser [pid=3066][err] [1006/014451.599738:INFO:CONSOLE:1222] "%c[svelte] ownership_invalid_mutation
2026-10-06T01:44:51.6023767Z 2026-10-06T01:44:51.600Z pw:browser [pid=3066][err] %cMutating unbound props (`editorFrameRef`, at src/​lib/​media/​FocalPointEditor.svelte:18:96) is strongly discouraged. Consider using `bind:editorFrameRef={...}` in src/lib/media/MediaDetails.svelte (or using a callback) instead
2026-10-06T01:44:51.6028549Z 2026-10-06T01:44:51.600Z pw:browser [pid=3066][err] https://svelte.dev/e/ownership_invalid_mutation font-weight: bold font-weight: normal", source: http://localhost:63315/__vitest_browser__/tester-BJtsJFpD.js (1222)
2026-10-06T01:44:51.6078829Z [90mstderr[2m | parity/emdash/media-admin-editor/source/packages/admin/tests/components/MediaDetailPanel.test.tsx[2m > [22m[2mMediaDetailPanel[2m > [22m[2mconfirms and replaces the original while keeping the dialog open
2026-10-06T01:44:51.6080438Z [22m[39m[svelte] derived_inert
2026-10-06T01:44:51.6084304Z Reading a derived belonging to a now-destroyed effect may result in stale values
2026-10-06T01:44:51.6085511Z https://svelte.dev/e/derived_inert
2026-10-06T01:44:51.6086502Z 2026-10-06T01:44:51.607Z pw:browser [pid=3066][err] [1006/014451.607238:INFO:CONSOLE:1222] "%c[svelte] derived_inert
2026-10-06T01:44:51.6088370Z 2026-10-06T01:44:51.607Z pw:browser [pid=3066][err] %cReading a derived belonging to a now-destroyed effect may result in stale values
2026-10-06T01:44:51.6091082Z 2026-10-06T01:44:51.607Z pw:browser [pid=3066][err] https://svelte.dev/e/derived_inert font-weight: bold font-weight: normal", source: http://localhost:63315/__vitest_browser__/tester-BJtsJFpD.js (1222)
2026-10-06T01:44:51.7154421Z [90mstderr[2m | parity/emdash/media-admin-editor/source/packages/admin/tests/components/MediaDetailPanel.test.tsx[2m > [22m[2mMediaDetailPanel[2m > [22m[2mkeeps a failed crop draft available for retry
2026-10-06T01:44:51.7157845Z [22m[39mAttempted to synchronously unmount a root while React was already rendering. React cannot finish unmounting the root until the current render has completed, which may lead to a race condition.
2026-10-06T01:44:51.7162492Z 2026-10-06T01:44:51.715Z pw:browser [pid=3066][err] [1006/014451.715210:INFO:CONSOLE:1222] "Attempted to synchronously unmount a root while React was already rendering. React cannot finish unmounting the root until the current render has completed, which may lead to a race condition.", source: http://localhost:63315/__vitest_browser__/tester-BJtsJFpD.js (1222)
2026-10-06T01:44:51.7199821Z 2026-10-06T01:44:51.719Z pw:browser [pid=3066][err] [1006/014451.719645:INFO:CONSOLE:1222] "%c[svelte] ownership_invalid_mutation
2026-10-06T01:44:51.7203647Z 2026-10-06T01:44:51.719Z pw:browser [pid=3066][err] %cMutating unbound props (`editorFrameRef`, at src/​lib/​media/​FocalPointEditor.svelte:18:32) is strongly discouraged. Consider using `bind:editorFrameRef={...}` in src/lib/media/MediaDetails.svelte (or using a callback) instead
2026-10-06T01:44:51.7207217Z 2026-10-06T01:44:51.719Z pw:browser [pid=3066][err] https://svelte.dev/e/ownership_invalid_mutation font-weight: bold font-weight: normal", source: http://localhost:63315/__vitest_browser__/tester-BJtsJFpD.js (1222)
2026-10-06T01:44:51.7215846Z [90mstderr[2m | parity/emdash/media-admin-editor/source/packages/admin/tests/components/MediaDetailPanel.test.tsx[2m > [22m[2mMediaDetailPanel[2m > [22m[2mkeeps a failed crop draft available for retry
2026-10-06T01:44:51.7218163Z [22m[39m[svelte] ownership_invalid_mutation
2026-10-06T01:44:51.7221511Z Mutating unbound props (`editorFrameRef`, at src/​lib/​media/​FocalPointEditor.svelte:18:32) is strongly discouraged. Consider using `bind:editorFrameRef={...}` in src/lib/media/MediaDetails.svelte (or using a callback) instead
2026-10-06T01:44:51.7223021Z https://svelte.dev/e/ownership_invalid_mutation
2026-10-06T01:44:51.7250192Z 2026-10-06T01:44:51.724Z pw:browser [pid=3066][err] [1006/014451.724609:INFO:CONSOLE:1222] "%c[svelte] ownership_invalid_mutation
2026-10-06T01:44:51.7255361Z 2026-10-06T01:44:51.724Z pw:browser [pid=3066][err] %cMutating unbound props (`editorFrameRef`, at src/​lib/​media/​FocalPointEditor.svelte:18:96) is strongly discouraged. Consider using `bind:editorFrameRef={...}` in src/lib/media/MediaDetails.svelte (or using a callback) instead
2026-10-06T01:44:51.7259746Z 2026-10-06T01:44:51.724Z pw:browser [pid=3066][err] https://svelte.dev/e/ownership_invalid_mutation font-weight: bold font-weight: normal", source: http://localhost:63315/__vitest_browser__/tester-BJtsJFpD.js (1222)
2026-10-06T01:44:51.7264328Z [90mstderr[2m | parity/emdash/media-admin-editor/source/packages/admin/tests/components/MediaDetailPanel.test.tsx[2m > [22m[2mMediaDetailPanel[2m > [22m[2mkeeps a failed crop draft available for retry
2026-10-06T01:44:51.7265388Z [22m[39m[svelte] ownership_invalid_mutation
2026-10-06T01:44:51.7268109Z Mutating unbound props (`editorFrameRef`, at src/​lib/​media/​FocalPointEditor.svelte:18:96) is strongly discouraged. Consider using `bind:editorFrameRef={...}` in src/lib/media/MediaDetails.svelte (or using a callback) instead
2026-10-06T01:44:51.7269951Z https://svelte.dev/e/ownership_invalid_mutation
2026-10-06T01:44:51.8859175Z 2026-10-06T01:44:51.885Z pw:browser [pid=3066][err] [1006/014451.885176:INFO:CONSOLE:1222] "Attempted to synchronously unmount a root while React was already rendering. React cannot finish unmounting the root until the current render has completed, which may lead to a race condition.", source: http://localhost:63315/__vitest_browser__/tester-BJtsJFpD.js (1222)
2026-10-06T01:44:51.8864188Z [90mstderr[2m | parity/emdash/media-admin-editor/source/packages/admin/tests/components/MediaDetailPanel.test.tsx[2m > [22m[2mMediaDetailPanel[2m > [22m[2mreturns replacement failures to the crop panel with the draft intact
2026-10-06T01:44:51.8868090Z [22m[39mAttempted to synchronously unmount a root while React was already rendering. React cannot finish unmounting the root until the current render has completed, which may lead to a race condition.
2026-10-06T01:44:51.8891403Z 2026-10-06T01:44:51.888Z pw:browser [pid=3066][err] [1006/014451.888819:INFO:CONSOLE:1222] "%c[svelte] ownership_invalid_mutation
2026-10-06T01:44:51.8894888Z 2026-10-06T01:44:51.888Z pw:browser [pid=3066][err] %cMutating unbound props (`editorFrameRef`, at src/​lib/​media/​FocalPointEditor.svelte:18:32) is strongly discouraged. Consider using `bind:editorFrameRef={...}` in src/lib/media/MediaDetails.svelte (or using a callback) instead
2026-10-06T01:44:51.8898472Z 2026-10-06T01:44:51.888Z pw:browser [pid=3066][err] https://svelte.dev/e/ownership_invalid_mutation font-weight: bold font-weight: normal", source: http://localhost:63315/__vitest_browser__/tester-BJtsJFpD.js (1222)
2026-10-06T01:44:51.8902415Z [90mstderr[2m | parity/emdash/media-admin-editor/source/packages/admin/tests/components/MediaDetailPanel.test.tsx[2m > [22m[2mMediaDetailPanel[2m > [22m[2mreturns replacement failures to the crop panel with the draft intact
2026-10-06T01:44:51.8904520Z [22m[39m[svelte] ownership_invalid_mutation
2026-10-06T01:44:51.8907053Z Mutating unbound props (`editorFrameRef`, at src/​lib/​media/​FocalPointEditor.svelte:18:32) is strongly discouraged. Consider using `bind:editorFrameRef={...}` in src/lib/media/MediaDetails.svelte (or using a callback) instead
2026-10-06T01:44:51.8908974Z https://svelte.dev/e/ownership_invalid_mutation
2026-10-06T01:44:51.8929947Z 2026-10-06T01:44:51.892Z pw:browser [pid=3066][err] [1006/014451.892762:INFO:CONSOLE:1222] "%c[svelte] ownership_invalid_mutation
2026-10-06T01:44:51.8933668Z 2026-10-06T01:44:51.892Z pw:browser [pid=3066][err] %cMutating unbound props (`editorFrameRef`, at src/​lib/​media/​FocalPointEditor.svelte:18:96) is strongly discouraged. Consider using `bind:editorFrameRef={...}` in src/lib/media/MediaDetails.svelte (or using a callback) instead
2026-10-06T01:44:51.8937835Z 2026-10-06T01:44:51.892Z pw:browser [pid=3066][err] https://svelte.dev/e/ownership_invalid_mutation font-weight: bold font-weight: normal", source: http://localhost:63315/__vitest_browser__/tester-BJtsJFpD.js (1222)
2026-10-06T01:44:51.8941654Z [90mstderr[2m | parity/emdash/media-admin-editor/source/packages/admin/tests/components/MediaDetailPanel.test.tsx[2m > [22m[2mMediaDetailPanel[2m > [22m[2mreturns replacement failures to the crop panel with the draft intact
2026-10-06T01:44:51.8955394Z [22m[39m[svelte] ownership_invalid_mutation
2026-10-06T01:44:51.8956947Z Mutating unbound props (`editorFrameRef`, at src/​lib/​media/​FocalPointEditor.svelte:18:96) is strongly discouraged. Consider using `bind:editorFrameRef={...}` in src/lib/media/MediaDetails.svelte (or using a callback) instead
2026-10-06T01:44:51.8958369Z https://svelte.dev/e/ownership_invalid_mutation
2026-10-06T01:44:52.0028436Z 2026-10-06T01:44:52.002Z pw:browser [pid=3066][err] [1006/014452.002317:INFO:CONSOLE:1222] "Attempted to synchronously unmount a root while React was already rendering. React cannot finish unmounting the root until the current render has completed, which may lead to a race condition.", source: http://localhost:63315/__vitest_browser__/tester-BJtsJFpD.js (1222)
2026-10-06T01:44:52.0035174Z [90mstderr[2m | parity/emdash/media-admin-editor/source/packages/admin/tests/components/MediaDetailPanel.test.tsx[2m > [22m[2mMediaDetailPanel[2m > [22m[2mreports when the image is deleted while replacing the original
2026-10-06T01:44:52.0037954Z [22m[39mAttempted to synchronously unmount a root while React was already rendering. React cannot finish unmounting the root until the current render has completed, which may lead to a race condition.
2026-10-06T01:44:52.0070294Z 2026-10-06T01:44:52.006Z pw:browser [pid=3066][err] [1006/014452.006623:INFO:CONSOLE:1222] "%c[svelte] ownership_invalid_mutation
2026-10-06T01:44:52.0073175Z 2026-10-06T01:44:52.006Z pw:browser [pid=3066][err] %cMutating unbound props (`editorFrameRef`, at src/​lib/​media/​FocalPointEditor.svelte:18:32) is strongly discouraged. Consider using `bind:editorFrameRef={...}` in src/lib/media/MediaDetails.svelte (or using a callback) instead
2026-10-06T01:44:52.0076354Z 2026-10-06T01:44:52.006Z pw:browser [pid=3066][err] https://svelte.dev/e/ownership_invalid_mutation font-weight: bold font-weight: normal", source: http://localhost:63315/__vitest_browser__/tester-BJtsJFpD.js (1222)
2026-10-06T01:44:52.0080513Z [90mstderr[2m | parity/emdash/media-admin-editor/source/packages/admin/tests/components/MediaDetailPanel.test.tsx[2m > [22m[2mMediaDetailPanel[2m > [22m[2mreports when the image is deleted while replacing the original
2026-10-06T01:44:52.0082064Z [22m[39m[svelte] ownership_invalid_mutation
2026-10-06T01:44:52.0084244Z Mutating unbound props (`editorFrameRef`, at src/​lib/​media/​FocalPointEditor.svelte:18:32) is strongly discouraged. Consider using `bind:editorFrameRef={...}` in src/lib/media/MediaDetails.svelte (or using a callback) instead
2026-10-06T01:44:52.0085276Z https://svelte.dev/e/ownership_invalid_mutation
2026-10-06T01:44:52.0110026Z 2026-10-06T01:44:52.010Z pw:browser [pid=3066][err] [1006/014452.010681:INFO:CONSOLE:1222] "%c[svelte] ownership_invalid_mutation
2026-10-06T01:44:52.0112758Z 2026-10-06T01:44:52.010Z pw:browser [pid=3066][err] %cMutating unbound props (`editorFrameRef`, at src/​lib/​media/​FocalPointEditor.svelte:18:96) is strongly discouraged. Consider using `bind:editorFrameRef={...}` in src/lib/media/MediaDetails.svelte (or using a callback) instead
2026-10-06T01:44:52.0117036Z 2026-10-06T01:44:52.010Z pw:browser [pid=3066][err] https://svelte.dev/e/ownership_invalid_mutation font-weight: bold font-weight: normal", source: http://localhost:63315/__vitest_browser__/tester-BJtsJFpD.js (1222)
2026-10-06T01:44:52.0121135Z [90mstderr[2m | parity/emdash/media-admin-editor/source/packages/admin/tests/components/MediaDetailPanel.test.tsx[2m > [22m[2mMediaDetailPanel[2m > [22m[2mreports when the image is deleted while replacing the original
2026-10-06T01:44:52.0122971Z [22m[39m[svelte] ownership_invalid_mutation
2026-10-06T01:44:52.0124551Z Mutating unbound props (`editorFrameRef`, at src/​lib/​media/​FocalPointEditor.svelte:18:96) is strongly discouraged. Consider using `bind:editorFrameRef={...}` in src/lib/media/MediaDetails.svelte (or using a callback) instead
2026-10-06T01:44:52.0125917Z https://svelte.dev/e/ownership_invalid_mutation
2026-10-06T01:44:52.1189343Z 2026-10-06T01:44:52.118Z pw:browser [pid=3066][err] [1006/014452.118373:INFO:CONSOLE:1222] "Attempted to synchronously unmount a root while React was already rendering. React cannot finish unmounting the root until the current render has completed, which may lead to a race condition.", source: http://localhost:63315/__vitest_browser__/tester-BJtsJFpD.js (1222)
2026-10-06T01:44:52.1194389Z [90mstderr[2m | parity/emdash/media-admin-editor/source/packages/admin/tests/components/MediaDetailPanel.test.tsx[2m > [22m[2mMediaDetailPanel[2m > [22m[2mexplains that cropped WebP output is static
2026-10-06T01:44:52.1199316Z [22m[39mAttempted to synchronously unmount a root while React was already rendering. React cannot finish unmounting the root until the current render has completed, which may lead to a race condition.
2026-10-06T01:44:52.1222646Z 2026-10-06T01:44:52.122Z pw:browser [pid=3066][err] [1006/014452.121942:INFO:CONSOLE:1222] "%c[svelte] ownership_invalid_mutation
2026-10-06T01:44:52.1226345Z 2026-10-06T01:44:52.122Z pw:browser [pid=3066][err] %cMutating unbound props (`editorFrameRef`, at src/​lib/​media/​FocalPointEditor.svelte:18:32) is strongly discouraged. Consider using `bind:editorFrameRef={...}` in src/lib/media/MediaDetails.svelte (or using a callback) instead
2026-10-06T01:44:52.1229547Z 2026-10-06T01:44:52.122Z pw:browser [pid=3066][err] https://svelte.dev/e/ownership_invalid_mutation font-weight: bold font-weight: normal", source: http://localhost:63315/__vitest_browser__/tester-BJtsJFpD.js (1222)
2026-10-06T01:44:52.1231894Z [90mstderr[2m | parity/emdash/media-admin-editor/source/packages/admin/tests/components/MediaDetailPanel.test.tsx[2m > [22m[2mMediaDetailPanel[2m > [22m[2mexplains that cropped WebP output is static
2026-10-06T01:44:52.1233729Z [22m[39m[svelte] ownership_invalid_mutation
2026-10-06T01:44:52.1235428Z Mutating unbound props (`editorFrameRef`, at src/​lib/​media/​FocalPointEditor.svelte:18:32) is strongly discouraged. Consider using `bind:editorFrameRef={...}` in src/lib/media/MediaDetails.svelte (or using a callback) instead
2026-10-06T01:44:52.1236454Z https://svelte.dev/e/ownership_invalid_mutation
2026-10-06T01:44:52.1264292Z 2026-10-06T01:44:52.126Z pw:browser [pid=3066][err] [1006/014452.125941:INFO:CONSOLE:1222] "%c[svelte] ownership_invalid_mutation
2026-10-06T01:44:52.1268213Z 2026-10-06T01:44:52.126Z pw:browser [pid=3066][err] %cMutating unbound props (`editorFrameRef`, at src/​lib/​media/​FocalPointEditor.svelte:18:96) is strongly discouraged. Consider using `bind:editorFrameRef={...}` in src/lib/media/MediaDetails.svelte (or using a callback) instead
2026-10-06T01:44:52.1272454Z 2026-10-06T01:44:52.126Z pw:browser [pid=3066][err] https://svelte.dev/e/ownership_invalid_mutation font-weight: bold font-weight: normal", source: http://localhost:63315/__vitest_browser__/tester-BJtsJFpD.js (1222)
2026-10-06T01:44:52.1276245Z [90mstderr[2m | parity/emdash/media-admin-editor/source/packages/admin/tests/components/MediaDetailPanel.test.tsx[2m > [22m[2mMediaDetailPanel[2m > [22m[2mexplains that cropped WebP output is static
2026-10-06T01:44:52.1278517Z [22m[39m[svelte] ownership_invalid_mutation
2026-10-06T01:44:52.1281341Z Mutating unbound props (`editorFrameRef`, at src/​lib/​media/​FocalPointEditor.svelte:18:96) is strongly discouraged. Consider using `bind:editorFrameRef={...}` in src/lib/media/MediaDetails.svelte (or using a callback) instead
2026-10-06T01:44:52.1282767Z https://svelte.dev/e/ownership_invalid_mutation
2026-10-06T01:44:52.1311846Z 2026-10-06T01:44:52.130Z pw:browser [pid=3066][err] [1006/014452.130726:INFO:CONSOLE:1222] "Attempted to synchronously unmount a root while React was already rendering. React cannot finish unmounting the root until the current render has completed, which may lead to a race condition.", source: http://localhost:63315/__vitest_browser__/tester-BJtsJFpD.js (1222)
2026-10-06T01:44:52.1318597Z [90mstderr[2m | parity/emdash/media-admin-editor/source/packages/admin/tests/components/MediaDetailPanel.test.tsx[2m > [22m[2mMediaDetailPanel[2m > [22m[2mblocks repeated actions and dialog navigation while cropping
2026-10-06T01:44:52.1322416Z [22m[39mAttempted to synchronously unmount a root while React was already rendering. React cannot finish unmounting the root until the current render has completed, which may lead to a race condition.
2026-10-06T01:44:52.1349459Z 2026-10-06T01:44:52.134Z pw:browser [pid=3066][err] [1006/014452.134698:INFO:CONSOLE:1222] "%c[svelte] ownership_invalid_mutation
2026-10-06T01:44:52.1358621Z 2026-10-06T01:44:52.135Z pw:browser [pid=3066][err] %cMutating unbound props (`editorFrameRef`, at src/​lib/​media/​FocalPointEditor.svelte:18:32) is strongly discouraged. Consider using `bind:editorFrameRef={...}` in src/lib/media/MediaDetails.svelte (or using a callback) instead
2026-10-06T01:44:52.1362934Z 2026-10-06T01:44:52.135Z pw:browser [pid=3066][err] https://svelte.dev/e/ownership_invalid_mutation font-weight: bold font-weight: normal", source: http://localhost:63315/__vitest_browser__/tester-BJtsJFpD.js (1222)
2026-10-06T01:44:52.1366816Z [90mstderr[2m | parity/emdash/media-admin-editor/source/packages/admin/tests/components/MediaDetailPanel.test.tsx[2m > [22m[2mMediaDetailPanel[2m > [22m[2mblocks repeated actions and dialog navigation while cropping
2026-10-06T01:44:52.1369520Z [22m[39m[svelte] ownership_invalid_mutation
2026-10-06T01:44:52.1372600Z Mutating unbound props (`editorFrameRef`, at src/​lib/​media/​FocalPointEditor.svelte:18:32) is strongly discouraged. Consider using `bind:editorFrameRef={...}` in src/lib/media/MediaDetails.svelte (or using a callback) instead
2026-10-06T01:44:52.1376448Z https://svelte.dev/e/ownership_invalid_mutation
2026-10-06T01:44:52.1390462Z 2026-10-06T01:44:52.138Z pw:browser [pid=3066][err] [1006/014452.138808:INFO:CONSOLE:1222] "%c[svelte] ownership_invalid_mutation
2026-10-06T01:44:52.1395467Z 2026-10-06T01:44:52.138Z pw:browser [pid=3066][err] %cMutating unbound props (`editorFrameRef`, at src/​lib/​media/​FocalPointEditor.svelte:18:96) is strongly discouraged. Consider using `bind:editorFrameRef={...}` in src/lib/media/MediaDetails.svelte (or using a callback) instead
2026-10-06T01:44:52.1399503Z 2026-10-06T01:44:52.138Z pw:browser [pid=3066][err] https://svelte.dev/e/ownership_invalid_mutation font-weight: bold font-weight: normal", source: http://localhost:63315/__vitest_browser__/tester-BJtsJFpD.js (1222)
2026-10-06T01:44:52.1403715Z [90mstderr[2m | parity/emdash/media-admin-editor/source/packages/admin/tests/components/MediaDetailPanel.test.tsx[2m > [22m[2mMediaDetailPanel[2m > [22m[2mblocks repeated actions and dialog navigation while cropping
2026-10-06T01:44:52.1406099Z [22m[39m[svelte] ownership_invalid_mutation
2026-10-06T01:44:52.1408125Z Mutating unbound props (`editorFrameRef`, at src/​lib/​media/​FocalPointEditor.svelte:18:96) is strongly discouraged. Consider using `bind:editorFrameRef={...}` in src/lib/media/MediaDetails.svelte (or using a callback) instead
2026-10-06T01:44:52.1409204Z https://svelte.dev/e/ownership_invalid_mutation
2026-10-06T01:44:52.2979055Z 2026-10-06T01:44:52.297Z pw:browser [pid=3066][err] [1006/014452.297285:INFO:CONSOLE:1222] "Attempted to synchronously unmount a root while React was already rendering. React cannot finish unmounting the root until the current render has completed, which may lead to a race condition.", source: http://localhost:63315/__vitest_browser__/tester-BJtsJFpD.js (1222)
2026-10-06T01:44:52.2983928Z [90mstderr[2m | parity/emdash/media-admin-editor/source/packages/admin/tests/components/MediaDetailPanel.test.tsx[2m > [22m[2mMediaDetailPanel[2m > [22m[2mfalls back to the ordinary preview when the crop source cannot load
2026-10-06T01:44:52.2987353Z [22m[39mAttempted to synchronously unmount a root while React was already rendering. React cannot finish unmounting the root until the current render has completed, which may lead to a race condition.
2026-10-06T01:44:52.3011253Z 2026-10-06T01:44:52.300Z pw:browser [pid=3066][err] [1006/014452.300767:INFO:CONSOLE:1222] "%c[svelte] ownership_invalid_mutation
2026-10-06T01:44:52.3014773Z 2026-10-06T01:44:52.300Z pw:browser [pid=3066][err] %cMutating unbound props (`editorFrameRef`, at src/​lib/​media/​FocalPointEditor.svelte:18:32) is strongly discouraged. Consider using `bind:editorFrameRef={...}` in src/lib/media/MediaDetails.svelte (or using a callback) instead
2026-10-06T01:44:52.3018273Z 2026-10-06T01:44:52.300Z pw:browser [pid=3066][err] https://svelte.dev/e/ownership_invalid_mutation font-weight: bold font-weight: normal", source: http://localhost:63315/__vitest_browser__/tester-BJtsJFpD.js (1222)
2026-10-06T01:44:52.3022247Z [90mstderr[2m | parity/emdash/media-admin-editor/source/packages/admin/tests/components/MediaDetailPanel.test.tsx[2m > [22m[2mMediaDetailPanel[2m > [22m[2mfalls back to the ordinary preview when the crop source cannot load
2026-10-06T01:44:52.3024321Z [22m[39m[svelte] ownership_invalid_mutation
2026-10-06T01:44:52.3026879Z Mutating unbound props (`editorFrameRef`, at src/​lib/​media/​FocalPointEditor.svelte:18:32) is strongly discouraged. Consider using `bind:editorFrameRef={...}` in src/lib/media/MediaDetails.svelte (or using a callback) instead
2026-10-06T01:44:52.3028772Z https://svelte.dev/e/ownership_invalid_mutation
2026-10-06T01:44:52.3053282Z 2026-10-06T01:44:52.305Z pw:browser [pid=3066][err] [1006/014452.305038:INFO:CONSOLE:1222] "%c[svelte] ownership_invalid_mutation
2026-10-06T01:44:52.3057624Z 2026-10-06T01:44:52.305Z pw:browser [pid=3066][err] %cMutating unbound props (`editorFrameRef`, at src/​lib/​media/​FocalPointEditor.svelte:18:96) is strongly discouraged. Consider using `bind:editorFrameRef={...}` in src/lib/media/MediaDetails.svelte (or using a callback) instead
2026-10-06T01:44:52.3060887Z 2026-10-06T01:44:52.305Z pw:browser [pid=3066][err] https://svelte.dev/e/ownership_invalid_mutation font-weight: bold font-weight: normal", source: http://localhost:63315/__vitest_browser__/tester-BJtsJFpD.js (1222)
2026-10-06T01:44:52.3066848Z [90mstderr[2m | parity/emdash/media-admin-editor/source/packages/admin/tests/components/MediaDetailPanel.test.tsx[2m > [22m[2mMediaDetailPanel[2m > [22m[2mfalls back to the ordinary preview when the crop source cannot load
2026-10-06T01:44:52.3067970Z [22m[39m[svelte] ownership_invalid_mutation
2026-10-06T01:44:52.3069338Z Mutating unbound props (`editorFrameRef`, at src/​lib/​media/​FocalPointEditor.svelte:18:96) is strongly discouraged. Consider using `bind:editorFrameRef={...}` in src/lib/media/MediaDetails.svelte (or using a callback) instead
2026-10-06T01:44:52.3071102Z https://svelte.dev/e/ownership_invalid_mutation
2026-10-06T01:44:52.3081045Z 2026-10-06T01:44:52.307Z pw:browser [pid=3066][err] [1006/014452.307668:INFO:CONSOLE:1222] "%c[svelte] ownership_invalid_mutation
2026-10-06T01:44:52.3084635Z 2026-10-06T01:44:52.307Z pw:browser [pid=3066][err] %cMutating unbound props (`editorFrameRef`, at src/​lib/​media/​FocalPointEditor.svelte:18:32) is strongly discouraged. Consider using `bind:editorFrameRef={...}` in src/lib/media/MediaDetails.svelte (or using a callback) instead
2026-10-06T01:44:52.3088334Z 2026-10-06T01:44:52.307Z pw:browser [pid=3066][err] https://svelte.dev/e/ownership_invalid_mutation font-weight: bold font-weight: normal", source: http://localhost:63315/__vitest_browser__/tester-BJtsJFpD.js (1222)
2026-10-06T01:44:52.3092320Z [90mstderr[2m | parity/emdash/media-admin-editor/source/packages/admin/tests/components/MediaDetailPanel.test.tsx[2m > [22m[2mMediaDetailPanel[2m > [22m[2mfalls back to the ordinary preview when the crop source cannot load
2026-10-06T01:44:52.3094413Z [22m[39m[svelte] ownership_invalid_mutation
2026-10-06T01:44:52.3096958Z Mutating unbound props (`editorFrameRef`, at src/​lib/​media/​FocalPointEditor.svelte:18:32) is strongly discouraged. Consider using `bind:editorFrameRef={...}` in src/lib/media/MediaDetails.svelte (or using a callback) instead
2026-10-06T01:44:52.3099149Z https://svelte.dev/e/ownership_invalid_mutation
2026-10-06T01:44:52.3106500Z 2026-10-06T01:44:52.310Z pw:browser [pid=3066][err] [1006/014452.310370:INFO:CONSOLE:1222] "%c[svelte] ownership_invalid_mutation
2026-10-06T01:44:52.3110012Z 2026-10-06T01:44:52.310Z pw:browser [pid=3066][err] %cMutating unbound props (`editorFrameRef`, at src/​lib/​media/​FocalPointEditor.svelte:18:96) is strongly discouraged. Consider using `bind:editorFrameRef={...}` in src/lib/media/MediaDetails.svelte (or using a callback) instead
2026-10-06T01:44:52.3114010Z 2026-10-06T01:44:52.310Z pw:browser [pid=3066][err] https://svelte.dev/e/ownership_invalid_mutation font-weight: bold font-weight: normal", source: http://localhost:63315/__vitest_browser__/tester-BJtsJFpD.js (1222)
2026-10-06T01:44:52.3127115Z [90mstderr[2m | parity/emdash/media-admin-editor/source/packages/admin/tests/components/MediaDetailPanel.test.tsx[2m > [22m[2mMediaDetailPanel[2m > [22m[2mpreserves the focal-point draft while switching tabs
2026-10-06T01:44:52.3129122Z [22m[39m[svelte] ownership_invalid_mutation
2026-10-06T01:44:52.3131928Z Mutating unbound props (`editorFrameRef`, at src/​lib/​media/​FocalPointEditor.svelte:18:96) is strongly discouraged. Consider using `bind:editorFrameRef={...}` in src/lib/media/MediaDetails.svelte (or using a callback) instead
2026-10-06T01:44:52.3133901Z https://svelte.dev/e/ownership_invalid_mutation
2026-10-06T01:44:52.3136802Z [90mstderr[2m | parity/emdash/media-admin-editor/source/packages/admin/tests/components/MediaDetailPanel.test.tsx[2m > [22m[2mMediaDetailPanel[2m > [22m[2mpreserves the focal-point draft while switching tabs
2026-10-06T01:44:52.3138734Z [22m[39m[svelte] derived_inert
2026-10-06T01:44:52.3139622Z Reading a derived belonging to a now-destroyed effect may result in stale values
2026-10-06T01:44:52.3140511Z https://svelte.dev/e/derived_inert
2026-10-06T01:44:52.3141905Z 2026-10-06T01:44:52.312Z pw:browser [pid=3066][err] [1006/014452.311279:INFO:CONSOLE:1222] "%c[svelte] derived_inert
2026-10-06T01:44:52.3143735Z 2026-10-06T01:44:52.312Z pw:browser [pid=3066][err] %cReading a derived belonging to a now-destroyed effect may result in stale values
2026-10-06T01:44:52.3146306Z 2026-10-06T01:44:52.312Z pw:browser [pid=3066][err] https://svelte.dev/e/derived_inert font-weight: bold font-weight: normal", source: http://localhost:63315/__vitest_browser__/tester-BJtsJFpD.js (1222)
2026-10-06T01:44:52.3148679Z 2026-10-06T01:44:52.314Z pw:browser [pid=3066][err] [1006/014452.314097:INFO:CONSOLE:1222] "%c[svelte] ownership_invalid_mutation
2026-10-06T01:44:52.3152469Z 2026-10-06T01:44:52.314Z pw:browser [pid=3066][err] %cMutating unbound props (`editorFrameRef`, at src/​lib/​media/​FocalPointEditor.svelte:18:32) is strongly discouraged. Consider using `bind:editorFrameRef={...}` in src/lib/media/MediaDetails.svelte (or using a callback) instead
2026-10-06T01:44:52.3156148Z 2026-10-06T01:44:52.314Z pw:browser [pid=3066][err] https://svelte.dev/e/ownership_invalid_mutation font-weight: bold font-weight: normal", source: http://localhost:63315/__vitest_browser__/tester-BJtsJFpD.js (1222)
2026-10-06T01:44:52.3163550Z [90mstderr[2m | parity/emdash/media-admin-editor/source/packages/admin/tests/components/MediaDetailPanel.test.tsx[2m > [22m[2mMediaDetailPanel[2m > [22m[2mpreserves the focal-point draft while switching tabs
2026-10-06T01:44:52.3165631Z [22m[39m[svelte] ownership_invalid_mutation
2026-10-06T01:44:52.3168192Z Mutating unbound props (`editorFrameRef`, at src/​lib/​media/​FocalPointEditor.svelte:18:32) is strongly discouraged. Consider using `bind:editorFrameRef={...}` in src/lib/media/MediaDetails.svelte (or using a callback) instead
2026-10-06T01:44:52.3170052Z https://svelte.dev/e/ownership_invalid_mutation
2026-10-06T01:44:52.3297156Z [90mstderr[2m | parity/emdash/media-admin-editor/source/packages/admin/tests/components/MediaDetailPanel.test.tsx[2m > [22m[2mMediaDetailPanel[2m > [22m[2mpreserves the focal-point draft while switching tabs
2026-10-06T01:44:52.3301890Z [22m[39m[svelte] ownership_invalid_mutation
2026-10-06T01:44:52.3304448Z Mutating unbound props (`firstPreviewRef`, at src/​lib/​media/​FocalPointPreviews.svelte:8:33) is strongly discouraged. Consider using `bind:firstPreviewRef={...}` in src/lib/media/MediaDetails.svelte (or using a callback) instead
2026-10-06T01:44:52.3305567Z https://svelte.dev/e/ownership_invalid_mutation
2026-10-06T01:44:52.3306315Z 2026-10-06T01:44:52.329Z pw:browser [pid=3066][err] [1006/014452.328052:INFO:CONSOLE:1222] "%c[svelte] ownership_invalid_mutation
2026-10-06T01:44:52.3308228Z 2026-10-06T01:44:52.329Z pw:browser [pid=3066][err] %cMutating unbound props (`firstPreviewRef`, at src/​lib/​media/​FocalPointPreviews.svelte:8:33) is strongly discouraged. Consider using `bind:firstPreviewRef={...}` in src/lib/media/MediaDetails.svelte (or using a callback) instead
2026-10-06T01:44:52.3310164Z 2026-10-06T01:44:52.329Z pw:browser [pid=3066][err] https://svelte.dev/e/ownership_invalid_mutation font-weight: bold font-weight: normal", source: http://localhost:63315/__vitest_browser__/tester-BJtsJFpD.js (1222)
2026-10-06T01:44:52.3475087Z 2026-10-06T01:44:52.347Z pw:browser [pid=3066][err] [1006/014452.347028:INFO:CONSOLE:1222] "%c[svelte] ownership_invalid_mutation
2026-10-06T01:44:52.3478725Z 2026-10-06T01:44:52.347Z pw:browser [pid=3066][err] %cMutating unbound props (`firstPreviewRef`, at src/​lib/​media/​FocalPointPreviews.svelte:8:99) is strongly discouraged. Consider using `bind:firstPreviewRef={...}` in src/lib/media/MediaDetails.svelte (or using a callback) instead
2026-10-06T01:44:52.3483215Z 2026-10-06T01:44:52.347Z pw:browser [pid=3066][err] https://svelte.dev/e/ownership_invalid_mutation font-weight: bold font-weight: normal", source: http://localhost:63315/__vitest_browser__/tester-BJtsJFpD.js (1222)
2026-10-06T01:44:52.3486532Z [90mstderr[2m | parity/emdash/media-admin-editor/source/packages/admin/tests/components/MediaDetailPanel.test.tsx[2m > [22m[2mMediaDetailPanel[2m > [22m[2mpreserves the focal-point draft while switching tabs
2026-10-06T01:44:52.3488765Z [22m[39m[svelte] ownership_invalid_mutation
2026-10-06T01:44:52.3491575Z Mutating unbound props (`firstPreviewRef`, at src/​lib/​media/​FocalPointPreviews.svelte:8:99) is strongly discouraged. Consider using `bind:firstPreviewRef={...}` in src/lib/media/MediaDetails.svelte (or using a callback) instead
2026-10-06T01:44:52.3493554Z https://svelte.dev/e/ownership_invalid_mutation
2026-10-06T01:44:52.3505868Z 2026-10-06T01:44:52.350Z pw:browser [pid=3066][err] [1006/014452.350163:INFO:CONSOLE:1222] "%c[svelte] ownership_invalid_mutation
2026-10-06T01:44:52.3512108Z 2026-10-06T01:44:52.350Z pw:browser [pid=3066][err] %cMutating unbound props (`firstPreviewRef`, at src/​lib/​media/​FocalPointPreviews.svelte:8:33) is strongly discouraged. Consider using `bind:firstPreviewRef={...}` in src/lib/media/MediaDetails.svelte (or using a callback) instead
2026-10-06T01:44:52.3515844Z 2026-10-06T01:44:52.350Z pw:browser [pid=3066][err] https://svelte.dev/e/ownership_invalid_mutation font-weight: bold font-weight: normal", source: http://localhost:63315/__vitest_browser__/tester-BJtsJFpD.js (1222)
2026-10-06T01:44:52.3519424Z [90mstderr[2m | parity/emdash/media-admin-editor/source/packages/admin/tests/components/MediaDetailPanel.test.tsx[2m > [22m[2mMediaDetailPanel[2m > [22m[2mpreserves the focal-point draft while switching tabs
2026-10-06T01:44:52.3521597Z [22m[39m[svelte] ownership_invalid_mutation
2026-10-06T01:44:52.3524138Z Mutating unbound props (`firstPreviewRef`, at src/​lib/​media/​FocalPointPreviews.svelte:8:33) is strongly discouraged. Consider using `bind:firstPreviewRef={...}` in src/lib/media/MediaDetails.svelte (or using a callback) instead
2026-10-06T01:44:52.3525984Z https://svelte.dev/e/ownership_invalid_mutation
2026-10-06T01:44:52.3530273Z 2026-10-06T01:44:52.352Z pw:browser [pid=3066][err] [1006/014452.352805:INFO:CONSOLE:1222] "%c[svelte] ownership_invalid_mutation
2026-10-06T01:44:52.3534482Z 2026-10-06T01:44:52.352Z pw:browser [pid=3066][err] %cMutating unbound props (`editorFrameRef`, at src/​lib/​media/​FocalPointEditor.svelte:18:96) is strongly discouraged. Consider using `bind:editorFrameRef={...}` in src/lib/media/MediaDetails.svelte (or using a callback) instead
2026-10-06T01:44:52.3538405Z 2026-10-06T01:44:52.352Z pw:browser [pid=3066][err] https://svelte.dev/e/ownership_invalid_mutation font-weight: bold font-weight: normal", source: http://localhost:63315/__vitest_browser__/tester-BJtsJFpD.js (1222)
2026-10-06T01:44:52.3542486Z [90mstderr[2m | parity/emdash/media-admin-editor/source/packages/admin/tests/components/MediaDetailPanel.test.tsx[2m > [22m[2mMediaDetailPanel[2m > [22m[2medits the focal point with the keyboard and saves only the focal pair
2026-10-06T01:44:52.3544663Z [22m[39m[svelte] ownership_invalid_mutation
2026-10-06T01:44:52.3547533Z Mutating unbound props (`editorFrameRef`, at src/​lib/​media/​FocalPointEditor.svelte:18:96) is strongly discouraged. Consider using `bind:editorFrameRef={...}` in src/lib/media/MediaDetails.svelte (or using a callback) instead
2026-10-06T01:44:52.3549725Z https://svelte.dev/e/ownership_invalid_mutation
2026-10-06T01:44:52.3551714Z 2026-10-06T01:44:52.354Z pw:browser [pid=3066][err] [1006/014452.353573:INFO:CONSOLE:1222] "%c[svelte] ownership_invalid_mutation
2026-10-06T01:44:52.3555527Z 2026-10-06T01:44:52.354Z pw:browser [pid=3066][err] %cMutating unbound props (`firstPreviewRef`, at src/​lib/​media/​FocalPointPreviews.svelte:8:99) is strongly discouraged. Consider using `bind:firstPreviewRef={...}` in src/lib/media/MediaDetails.svelte (or using a callback) instead
2026-10-06T01:44:52.3559753Z 2026-10-06T01:44:52.354Z pw:browser [pid=3066][err] https://svelte.dev/e/ownership_invalid_mutation font-weight: bold font-weight: normal", source: http://localhost:63315/__vitest_browser__/tester-BJtsJFpD.js (1222)
2026-10-06T01:44:52.3563856Z [90mstderr[2m | parity/emdash/media-admin-editor/source/packages/admin/tests/components/MediaDetailPanel.test.tsx[2m > [22m[2mMediaDetailPanel[2m > [22m[2medits the focal point with the keyboard and saves only the focal pair
2026-10-06T01:44:52.3566235Z [22m[39m[svelte] ownership_invalid_mutation
2026-10-06T01:44:52.3569188Z Mutating unbound props (`firstPreviewRef`, at src/​lib/​media/​FocalPointPreviews.svelte:8:99) is strongly discouraged. Consider using `bind:firstPreviewRef={...}` in src/lib/media/MediaDetails.svelte (or using a callback) instead
2026-10-06T01:44:52.3571841Z https://svelte.dev/e/ownership_invalid_mutation
2026-10-06T01:44:52.3575035Z 2026-10-06T01:44:52.357Z pw:browser [pid=3066][err] [1006/014452.357300:INFO:CONSOLE:1222] "%c[svelte] ownership_invalid_mutation
2026-10-06T01:44:52.3578787Z 2026-10-06T01:44:52.357Z pw:browser [pid=3066][err] %cMutating unbound props (`editorFrameRef`, at src/​lib/​media/​FocalPointEditor.svelte:18:32) is strongly discouraged. Consider using `bind:editorFrameRef={...}` in src/lib/media/MediaDetails.svelte (or using a callback) instead
2026-10-06T01:44:52.3582914Z 2026-10-06T01:44:52.357Z pw:browser [pid=3066][err] https://svelte.dev/e/ownership_invalid_mutation font-weight: bold font-weight: normal", source: http://localhost:63315/__vitest_browser__/tester-BJtsJFpD.js (1222)
2026-10-06T01:44:52.3586848Z [90mstderr[2m | parity/emdash/media-admin-editor/source/packages/admin/tests/components/MediaDetailPanel.test.tsx[2m > [22m[2mMediaDetailPanel[2m > [22m[2medits the focal point with the keyboard and saves only the focal pair
2026-10-06T01:44:52.3588955Z [22m[39m[svelte] ownership_invalid_mutation
2026-10-06T01:44:52.3590577Z Mutating unbound props (`editorFrameRef`, at src/​lib/​media/​FocalPointEditor.svelte:18:32) is strongly discouraged. Consider using `bind:editorFrameRef={...}` in src/lib/media/MediaDetails.svelte (or using a callback) instead
2026-10-06T01:44:52.3593214Z https://svelte.dev/e/ownership_invalid_mutation
2026-10-06T01:44:52.3613651Z 2026-10-06T01:44:52.360Z pw:browser [pid=3066][err] [1006/014452.360793:INFO:CONSOLE:1222] "%c[svelte] ownership_invalid_mutation
2026-10-06T01:44:52.3617262Z 2026-10-06T01:44:52.360Z pw:browser [pid=3066][err] %cMutating unbound props (`firstPreviewRef`, at src/​lib/​media/​FocalPointPreviews.svelte:8:33) is strongly discouraged. Consider using `bind:firstPreviewRef={...}` in src/lib/media/MediaDetails.svelte (or using a callback) instead
2026-10-06T01:44:52.3621094Z 2026-10-06T01:44:52.360Z pw:browser [pid=3066][err] https://svelte.dev/e/ownership_invalid_mutation font-weight: bold font-weight: normal", source: http://localhost:63315/__vitest_browser__/tester-BJtsJFpD.js (1222)
2026-10-06T01:44:52.3623151Z [90mstderr[2m | parity/emdash/media-admin-editor/source/packages/admin/tests/components/MediaDetailPanel.test.tsx[2m > [22m[2mMediaDetailPanel[2m > [22m[2medits the focal point with the keyboard and saves only the focal pair
2026-10-06T01:44:52.3624227Z [22m[39m[svelte] ownership_invalid_mutation
2026-10-06T01:44:52.3625591Z Mutating unbound props (`firstPreviewRef`, at src/​lib/​media/​FocalPointPreviews.svelte:8:33) is strongly discouraged. Consider using `bind:firstPreviewRef={...}` in src/lib/media/MediaDetails.svelte (or using a callback) instead
2026-10-06T01:44:52.3626623Z https://svelte.dev/e/ownership_invalid_mutation
2026-10-06T01:44:52.4001782Z 2026-10-06T01:44:52.399Z pw:browser [pid=3066][err] [1006/014452.399203:INFO:CONSOLE:1222] "%c[svelte] ownership_invalid_mutation
2026-10-06T01:44:52.4005902Z 2026-10-06T01:44:52.399Z pw:browser [pid=3066][err] %cMutating unbound props (`editorFrameRef`, at src/​lib/​media/​FocalPointEditor.svelte:18:96) is strongly discouraged. Consider using `bind:editorFrameRef={...}` in src/lib/media/MediaDetails.svelte (or using a callback) instead
2026-10-06T01:44:52.4010036Z 2026-10-06T01:44:52.399Z pw:browser [pid=3066][err] https://svelte.dev/e/ownership_invalid_mutation font-weight: bold font-weight: normal", source: http://localhost:63315/__vitest_browser__/tester-BJtsJFpD.js (1222)
2026-10-06T01:44:52.4013788Z [90mstderr[2m | parity/emdash/media-admin-editor/source/packages/admin/tests/components/MediaDetailPanel.test.tsx[2m > [22m[2mMediaDetailPanel[2m > [22m[2mkeeps the focal draft visible when saving fails
2026-10-06T01:44:52.4015581Z [22m[39m[svelte] ownership_invalid_mutation
2026-10-06T01:44:52.4018115Z Mutating unbound props (`editorFrameRef`, at src/​lib/​media/​FocalPointEditor.svelte:18:96) is strongly discouraged. Consider using `bind:editorFrameRef={...}` in src/lib/media/MediaDetails.svelte (or using a callback) instead
2026-10-06T01:44:52.4019415Z https://svelte.dev/e/ownership_invalid_mutation
2026-10-06T01:44:52.4020173Z 2026-10-06T01:44:52.400Z pw:browser [pid=3066][err] [1006/014452.400330:INFO:CONSOLE:1222] "%c[svelte] ownership_invalid_mutation
2026-10-06T01:44:52.4022416Z 2026-10-06T01:44:52.400Z pw:browser [pid=3066][err] %cMutating unbound props (`firstPreviewRef`, at src/​lib/​media/​FocalPointPreviews.svelte:8:99) is strongly discouraged. Consider using `bind:firstPreviewRef={...}` in src/lib/media/MediaDetails.svelte (or using a callback) instead
2026-10-06T01:44:52.4024367Z 2026-10-06T01:44:52.401Z pw:browser [pid=3066][err] https://svelte.dev/e/ownership_invalid_mutation font-weight: bold font-weight: normal", source: http://localhost:63315/__vitest_browser__/tester-BJtsJFpD.js (1222)
2026-10-06T01:44:52.4026179Z [90mstderr[2m | parity/emdash/media-admin-editor/source/packages/admin/tests/components/MediaDetailPanel.test.tsx[2m > [22m[2mMediaDetailPanel[2m > [22m[2mkeeps the focal draft visible when saving fails
2026-10-06T01:44:52.4027166Z [22m[39m[svelte] ownership_invalid_mutation
2026-10-06T01:44:52.4028798Z Mutating unbound props (`firstPreviewRef`, at src/​lib/​media/​FocalPointPreviews.svelte:8:99) is strongly discouraged. Consider using `bind:firstPreviewRef={...}` in src/lib/media/MediaDetails.svelte (or using a callback) instead
2026-10-06T01:44:52.4029824Z https://svelte.dev/e/ownership_invalid_mutation
2026-10-06T01:44:52.4040304Z 2026-10-06T01:44:52.403Z pw:browser [pid=3066][err] [1006/014452.403482:INFO:CONSOLE:1222] "%c[svelte] ownership_invalid_mutation
2026-10-06T01:44:52.4044402Z 2026-10-06T01:44:52.403Z pw:browser [pid=3066][err] %cMutating unbound props (`editorFrameRef`, at src/​lib/​media/​FocalPointEditor.svelte:18:32) is strongly discouraged. Consider using `bind:editorFrameRef={...}` in src/lib/media/MediaDetails.svelte (or using a callback) instead
2026-10-06T01:44:52.4046558Z 2026-10-06T01:44:52.403Z pw:browser [pid=3066][err] https://svelte.dev/e/ownership_invalid_mutation font-weight: bold font-weight: normal", source: http://localhost:63315/__vitest_browser__/tester-BJtsJFpD.js (1222)
2026-10-06T01:44:52.4048609Z [90mstderr[2m | parity/emdash/media-admin-editor/source/packages/admin/tests/components/MediaDetailPanel.test.tsx[2m > [22m[2mMediaDetailPanel[2m > [22m[2mkeeps the focal draft visible when saving fails
2026-10-06T01:44:52.4050207Z [22m[39m[svelte] ownership_invalid_mutation
2026-10-06T01:44:52.4052227Z Mutating unbound props (`editorFrameRef`, at src/​lib/​media/​FocalPointEditor.svelte:18:32) is strongly discouraged. Consider using `bind:editorFrameRef={...}` in src/lib/media/MediaDetails.svelte (or using a callback) instead
2026-10-06T01:44:52.4054098Z https://svelte.dev/e/ownership_invalid_mutation
2026-10-06T01:44:52.4081339Z [90mstderr[2m | parity/emdash/media-admin-editor/source/packages/admin/tests/components/MediaDetailPanel.test.tsx[2m > [22m[2mMediaDetailPanel[2m > [22m[2mkeeps the focal draft visible when saving fails
2026-10-06T01:44:52.4083550Z [22m[39m[svelte] ownership_invalid_mutation
2026-10-06T01:44:52.4085939Z Mutating unbound props (`firstPreviewRef`, at src/​lib/​media/​FocalPointPreviews.svelte:8:33) is strongly discouraged. Consider using `bind:firstPreviewRef={...}` in src/lib/media/MediaDetails.svelte (or using a callback) instead
2026-10-06T01:44:52.4086995Z https://svelte.dev/e/ownership_invalid_mutation
2026-10-06T01:44:52.4087741Z 2026-10-06T01:44:52.407Z pw:browser [pid=3066][err] [1006/014452.407501:INFO:CONSOLE:1222] "%c[svelte] ownership_invalid_mutation
2026-10-06T01:44:52.4091242Z 2026-10-06T01:44:52.407Z pw:browser [pid=3066][err] %cMutating unbound props (`firstPreviewRef`, at src/​lib/​media/​FocalPointPreviews.svelte:8:33) is strongly discouraged. Consider using `bind:firstPreviewRef={...}` in src/lib/media/MediaDetails.svelte (or using a callback) instead
2026-10-06T01:44:52.4095136Z 2026-10-06T01:44:52.407Z pw:browser [pid=3066][err] https://svelte.dev/e/ownership_invalid_mutation font-weight: bold font-weight: normal", source: http://localhost:63315/__vitest_browser__/tester-BJtsJFpD.js (1222)
2026-10-06T01:44:52.4841315Z 2026-10-06T01:44:52.483Z pw:browser [pid=3066][err] [1006/014452.483716:INFO:CONSOLE:1222] "%c[svelte] ownership_invalid_mutation
2026-10-06T01:44:52.4845264Z 2026-10-06T01:44:52.483Z pw:browser [pid=3066][err] %cMutating unbound props (`editorFrameRef`, at src/​lib/​media/​FocalPointEditor.svelte:18:96) is strongly discouraged. Consider using `bind:editorFrameRef={...}` in src/lib/media/MediaDetails.svelte (or using a callback) instead
2026-10-06T01:44:52.4848778Z 2026-10-06T01:44:52.483Z pw:browser [pid=3066][err] https://svelte.dev/e/ownership_invalid_mutation font-weight: bold font-weight: normal", source: http://localhost:63315/__vitest_browser__/tester-BJtsJFpD.js (1222)
2026-10-06T01:44:52.4851364Z 2026-10-06T01:44:52.484Z pw:browser [pid=3066][err] [1006/014452.484612:INFO:CONSOLE:1222] "%c[svelte] ownership_invalid_mutation
2026-10-06T01:44:52.4864527Z 2026-10-06T01:44:52.484Z pw:browser [pid=3066][err] %cMutating unbound props (`firstPreviewRef`, at src/​lib/​media/​FocalPointPreviews.svelte:8:99) is strongly discouraged. Consider using `bind:firstPreviewRef={...}` in src/lib/media/MediaDetails.svelte (or using a callback) instead
2026-10-06T01:44:52.4867482Z 2026-10-06T01:44:52.484Z pw:browser [pid=3066][err] https://svelte.dev/e/ownership_invalid_mutation font-weight: bold font-weight: normal", source: http://localhost:63315/__vitest_browser__/tester-BJtsJFpD.js (1222)
2026-10-06T01:44:52.4870890Z [90mstderr[2m | parity/emdash/media-admin-editor/source/packages/admin/tests/components/MediaDetailPanel.test.tsx[2m > [22m[2mMediaDetailPanel[2m > [22m[2mkeeps one active pointer and clears it after cancellation or lost capture
2026-10-06T01:44:52.4872297Z [22m[39m[svelte] ownership_invalid_mutation
2026-10-06T01:44:52.4873644Z Mutating unbound props (`editorFrameRef`, at src/​lib/​media/​FocalPointEditor.svelte:18:96) is strongly discouraged. Consider using `bind:editorFrameRef={...}` in src/lib/media/MediaDetails.svelte (or using a callback) instead
2026-10-06T01:44:52.4874885Z https://svelte.dev/e/ownership_invalid_mutation
2026-10-06T01:44:52.4876511Z [90mstderr[2m | parity/emdash/media-admin-editor/source/packages/admin/tests/components/MediaDetailPanel.test.tsx[2m > [22m[2mMediaDetailPanel[2m > [22m[2mkeeps one active pointer and clears it after cancellation or lost capture
2026-10-06T01:44:52.4878465Z [22m[39m[svelte] ownership_invalid_mutation
2026-10-06T01:44:52.4881396Z Mutating unbound props (`firstPreviewRef`, at src/​lib/​media/​FocalPointPreviews.svelte:8:99) is strongly discouraged. Consider using `bind:firstPreviewRef={...}` in src/lib/media/MediaDetails.svelte (or using a callback) instead
2026-10-06T01:44:52.4883361Z https://svelte.dev/e/ownership_invalid_mutation
2026-10-06T01:44:52.4884220Z 2026-10-06T01:44:52.487Z pw:browser [pid=3066][err] [1006/014452.487700:INFO:CONSOLE:1222] "%c[svelte] ownership_invalid_mutation
2026-10-06T01:44:52.4886099Z 2026-10-06T01:44:52.487Z pw:browser [pid=3066][err] %cMutating unbound props (`editorFrameRef`, at src/​lib/​media/​FocalPointEditor.svelte:18:32) is strongly discouraged. Consider using `bind:editorFrameRef={...}` in src/lib/media/MediaDetails.svelte (or using a callback) instead
2026-10-06T01:44:52.4887985Z 2026-10-06T01:44:52.487Z pw:browser [pid=3066][err] https://svelte.dev/e/ownership_invalid_mutation font-weight: bold font-weight: normal", source: http://localhost:63315/__vitest_browser__/tester-BJtsJFpD.js (1222)
2026-10-06T01:44:52.4890136Z [90mstderr[2m | parity/emdash/media-admin-editor/source/packages/admin/tests/components/MediaDetailPanel.test.tsx[2m > [22m[2mMediaDetailPanel[2m > [22m[2mkeeps one active pointer and clears it after cancellation or lost capture
2026-10-06T01:44:52.4891960Z [22m[39m[svelte] ownership_invalid_mutation
2026-10-06T01:44:52.4893492Z Mutating unbound props (`editorFrameRef`, at src/​lib/​media/​FocalPointEditor.svelte:18:32) is strongly discouraged. Consider using `bind:editorFrameRef={...}` in src/lib/media/MediaDetails.svelte (or using a callback) instead
2026-10-06T01:44:52.4894767Z https://svelte.dev/e/ownership_invalid_mutation
2026-10-06T01:44:52.4915333Z 2026-10-06T01:44:52.491Z pw:browser [pid=3066][err] [1006/014452.491006:INFO:CONSOLE:1222] "%c[svelte] ownership_invalid_mutation
2026-10-06T01:44:52.4918988Z 2026-10-06T01:44:52.491Z pw:browser [pid=3066][err] %cMutating unbound props (`firstPreviewRef`, at src/​lib/​media/​FocalPointPreviews.svelte:8:33) is strongly discouraged. Consider using `bind:firstPreviewRef={...}` in src/lib/media/MediaDetails.svelte (or using a callback) instead
2026-10-06T01:44:52.4922972Z 2026-10-06T01:44:52.491Z pw:browser [pid=3066][err] https://svelte.dev/e/ownership_invalid_mutation font-weight: bold font-weight: normal", source: http://localhost:63315/__vitest_browser__/tester-BJtsJFpD.js (1222)
2026-10-06T01:44:52.4926707Z [90mstderr[2m | parity/emdash/media-admin-editor/source/packages/admin/tests/components/MediaDetailPanel.test.tsx[2m > [22m[2mMediaDetailPanel[2m > [22m[2mkeeps one active pointer and clears it after cancellation or lost capture
2026-10-06T01:44:52.4928873Z [22m[39m[svelte] ownership_invalid_mutation
2026-10-06T01:44:52.4931730Z Mutating unbound props (`firstPreviewRef`, at src/​lib/​media/​FocalPointPreviews.svelte:8:33) is strongly discouraged. Consider using `bind:firstPreviewRef={...}` in src/lib/media/MediaDetails.svelte (or using a callback) instead
2026-10-06T01:44:52.4933728Z https://svelte.dev/e/ownership_invalid_mutation
2026-10-06T01:44:52.5995139Z 2026-10-06T01:44:52.598Z pw:browser [pid=3066][err] [1006/014452.597935:INFO:CONSOLE:1222] "%c[svelte] ownership_invalid_mutation
2026-10-06T01:44:52.6007018Z 2026-10-06T01:44:52.598Z pw:browser [pid=3066][err] %cMutating unbound props (`editorFrameRef`, at src/​lib/​media/​FocalPointEditor.svelte:18:96) is strongly discouraged. Consider using `bind:editorFrameRef={...}` in src/lib/media/MediaDetails.svelte (or using a callback) instead
2026-10-06T01:44:52.6011117Z 2026-10-06T01:44:52.598Z pw:browser [pid=3066][err] https://svelte.dev/e/ownership_invalid_mutation font-weight: bold font-weight: normal", source: http://localhost:63315/__vitest_browser__/tester-BJtsJFpD.js (1222)
2026-10-06T01:44:52.6014506Z [90mstderr[2m | parity/emdash/media-admin-editor/source/packages/admin/tests/components/MediaDetailPanel.test.tsx[2m > [22m[2mMediaDetailPanel[2m > [22m[2mresets a custom focal point to the centered fallback
2026-10-06T01:44:52.6016319Z [22m[39m[svelte] ownership_invalid_mutation
2026-10-06T01:44:52.6018759Z Mutating unbound props (`editorFrameRef`, at src/​lib/​media/​FocalPointEditor.svelte:18:96) is strongly discouraged. Consider using `bind:editorFrameRef={...}` in src/lib/media/MediaDetails.svelte (or using a callback) instead
2026-10-06T01:44:52.6021368Z https://svelte.dev/e/ownership_invalid_mutation
2026-10-06T01:44:52.6025800Z [90mstderr[2m | parity/emdash/media-admin-editor/source/packages/admin/tests/components/MediaDetailPanel.test.tsx[2m > [22m[2mMediaDetailPanel[2m > [22m[2mresets a custom focal point to the centered fallback
2026-10-06T01:44:52.6027675Z [22m[39m[svelte] ownership_invalid_mutation
2026-10-06T01:44:52.6030148Z Mutating unbound props (`firstPreviewRef`, at src/​lib/​media/​FocalPointPreviews.svelte:8:99) is strongly discouraged. Consider using `bind:firstPreviewRef={...}` in src/lib/media/MediaDetails.svelte (or using a callback) instead
2026-10-06T01:44:52.6032235Z https://svelte.dev/e/ownership_invalid_mutation
2026-10-06T01:44:52.6033562Z 2026-10-06T01:44:52.598Z pw:browser [pid=3066][err] [1006/014452.598782:INFO:CONSOLE:1222] "%c[svelte] ownership_invalid_mutation
2026-10-06T01:44:52.6038193Z 2026-10-06T01:44:52.599Z pw:browser [pid=3066][err] %cMutating unbound props (`firstPreviewRef`, at src/​lib/​media/​FocalPointPreviews.svelte:8:99) is strongly discouraged. Consider using `bind:firstPreviewRef={...}` in src/lib/media/MediaDetails.svelte (or using a callback) instead
2026-10-06T01:44:52.6042799Z 2026-10-06T01:44:52.599Z pw:browser [pid=3066][err] https://svelte.dev/e/ownership_invalid_mutation font-weight: bold font-weight: normal", source: http://localhost:63315/__vitest_browser__/tester-BJtsJFpD.js (1222)
2026-10-06T01:44:52.6045129Z 2026-10-06T01:44:52.602Z pw:browser [pid=3066][err] [1006/014452.602083:INFO:CONSOLE:1222] "%c[svelte] ownership_invalid_mutation
2026-10-06T01:44:52.6048515Z 2026-10-06T01:44:52.602Z pw:browser [pid=3066][err] %cMutating unbound props (`editorFrameRef`, at src/​lib/​media/​FocalPointEditor.svelte:18:32) is strongly discouraged. Consider using `bind:editorFrameRef={...}` in src/lib/media/MediaDetails.svelte (or using a callback) instead
2026-10-06T01:44:52.6052800Z 2026-10-06T01:44:52.602Z pw:browser [pid=3066][err] https://svelte.dev/e/ownership_invalid_mutation font-weight: bold font-weight: normal", source: http://localhost:63315/__vitest_browser__/tester-BJtsJFpD.js (1222)
2026-10-06T01:44:52.6056245Z [90mstderr[2m | parity/emdash/media-admin-editor/source/packages/admin/tests/components/MediaDetailPanel.test.tsx[2m > [22m[2mMediaDetailPanel[2m > [22m[2mresets a custom focal point to the centered fallback
2026-10-06T01:44:52.6059516Z [22m[39m[svelte] ownership_invalid_mutation
2026-10-06T01:44:52.6062236Z Mutating unbound props (`editorFrameRef`, at src/​lib/​media/​FocalPointEditor.svelte:18:32) is strongly discouraged. Consider using `bind:editorFrameRef={...}` in src/lib/media/MediaDetails.svelte (or using a callback) instead
2026-10-06T01:44:52.6064166Z https://svelte.dev/e/ownership_invalid_mutation
2026-10-06T01:44:52.6065754Z 2026-10-06T01:44:52.605Z pw:browser [pid=3066][err] [1006/014452.605683:INFO:CONSOLE:1222] "%c[svelte] ownership_invalid_mutation
2026-10-06T01:44:52.6069242Z 2026-10-06T01:44:52.605Z pw:browser [pid=3066][err] %cMutating unbound props (`firstPreviewRef`, at src/​lib/​media/​FocalPointPreviews.svelte:8:33) is strongly discouraged. Consider using `bind:firstPreviewRef={...}` in src/lib/media/MediaDetails.svelte (or using a callback) instead
2026-10-06T01:44:52.6073178Z 2026-10-06T01:44:52.605Z pw:browser [pid=3066][err] https://svelte.dev/e/ownership_invalid_mutation font-weight: bold font-weight: normal", source: http://localhost:63315/__vitest_browser__/tester-BJtsJFpD.js (1222)
2026-10-06T01:44:52.6085585Z [90mstderr[2m | parity/emdash/media-admin-editor/source/packages/admin/tests/components/MediaDetailPanel.test.tsx[2m > [22m[2mMediaDetailPanel[2m > [22m[2mresets a custom focal point to the centered fallback
2026-10-06T01:44:52.6087649Z [22m[39m[svelte] ownership_invalid_mutation
2026-10-06T01:44:52.6090269Z Mutating unbound props (`firstPreviewRef`, at src/​lib/​media/​FocalPointPreviews.svelte:8:33) is strongly discouraged. Consider using `bind:firstPreviewRef={...}` in src/lib/media/MediaDetails.svelte (or using a callback) instead
2026-10-06T01:44:52.6092542Z https://svelte.dev/e/ownership_invalid_mutation
2026-10-06T01:44:52.6126944Z 2026-10-06T01:44:52.612Z pw:browser [pid=3066][err] [1006/014452.612365:INFO:CONSOLE:1222] "%c[svelte] ownership_invalid_mutation
2026-10-06T01:44:52.6134190Z 2026-10-06T01:44:52.612Z pw:browser [pid=3066][err] %cMutating unbound props (`editorFrameRef`, at src/​lib/​media/​FocalPointEditor.svelte:18:96) is strongly discouraged. Consider using `bind:editorFrameRef={...}` in src/lib/media/MediaDetails.svelte (or using a callback) instead
2026-10-06T01:44:52.6137841Z 2026-10-06T01:44:52.612Z pw:browser [pid=3066][err] https://svelte.dev/e/ownership_invalid_mutation font-weight: bold font-weight: normal", source: http://localhost:63315/__vitest_browser__/tester-BJtsJFpD.js (1222)
2026-10-06T01:44:52.6148068Z [90mstderr[2m | parity/emdash/media-admin-editor/source/packages/admin/tests/components/MediaDetailPanel.test.tsx[2m > [22m[2mMediaDetailPanel[2m > [22m[2mdoes not create unsaved changes by opening Focal point
2026-10-06T01:44:52.6150408Z [22m[39m[svelte] ownership_invalid_mutation
2026-10-06T01:44:52.6153454Z Mutating unbound props (`editorFrameRef`, at src/​lib/​media/​FocalPointEditor.svelte:18:96) is strongly discouraged. Consider using `bind:editorFrameRef={...}` in src/lib/media/MediaDetails.svelte (or using a callback) instead
2026-10-06T01:44:52.6155379Z https://svelte.dev/e/ownership_invalid_mutation
2026-10-06T01:44:52.6157759Z [90mstderr[2m | parity/emdash/media-admin-editor/source/packages/admin/tests/components/MediaDetailPanel.test.tsx[2m > [22m[2mMediaDetailPanel[2m > [22m[2mdoes not create unsaved changes by opening Focal point
2026-10-06T01:44:52.6159558Z [22m[39m[svelte] ownership_invalid_mutation
2026-10-06T01:44:52.6162199Z Mutating unbound props (`firstPreviewRef`, at src/​lib/​media/​FocalPointPreviews.svelte:8:99) is strongly discouraged. Consider using `bind:firstPreviewRef={...}` in src/lib/media/MediaDetails.svelte (or using a callback) instead
2026-10-06T01:44:52.6164067Z https://svelte.dev/e/ownership_invalid_mutation
2026-10-06T01:44:52.6165379Z 2026-10-06T01:44:52.614Z pw:browser [pid=3066][err] [1006/014452.614044:INFO:CONSOLE:1222] "%c[svelte] ownership_invalid_mutation
2026-10-06T01:44:52.6168839Z 2026-10-06T01:44:52.614Z pw:browser [pid=3066][err] %cMutating unbound props (`firstPreviewRef`, at src/​lib/​media/​FocalPointPreviews.svelte:8:99) is strongly discouraged. Consider using `bind:firstPreviewRef={...}` in src/lib/media/MediaDetails.svelte (or using a callback) instead
2026-10-06T01:44:52.6172513Z 2026-10-06T01:44:52.614Z pw:browser [pid=3066][err] https://svelte.dev/e/ownership_invalid_mutation font-weight: bold font-weight: normal", source: http://localhost:63315/__vitest_browser__/tester-BJtsJFpD.js (1222)
2026-10-06T01:44:52.6179653Z 2026-10-06T01:44:52.617Z pw:browser [pid=3066][err] [1006/014452.616546:INFO:CONSOLE:1222] "%c[svelte] ownership_invalid_mutation
2026-10-06T01:44:52.6183405Z 2026-10-06T01:44:52.617Z pw:browser [pid=3066][err] %cMutating unbound props (`editorFrameRef`, at src/​lib/​media/​FocalPointEditor.svelte:18:32) is strongly discouraged. Consider using `bind:editorFrameRef={...}` in src/lib/media/MediaDetails.svelte (or using a callback) instead
2026-10-06T01:44:52.6187165Z 2026-10-06T01:44:52.617Z pw:browser [pid=3066][err] https://svelte.dev/e/ownership_invalid_mutation font-weight: bold font-weight: normal", source: http://localhost:63315/__vitest_browser__/tester-BJtsJFpD.js (1222)
2026-10-06T01:44:52.6192343Z [90mstderr[2m | parity/emdash/media-admin-editor/source/packages/admin/tests/components/MediaDetailPanel.test.tsx[2m > [22m[2mMediaDetailPanel[2m > [22m[2mdoes not create unsaved changes by opening Focal point
2026-10-06T01:44:52.6194333Z [22m[39m[svelte] ownership_invalid_mutation
2026-10-06T01:44:52.6196789Z Mutating unbound props (`editorFrameRef`, at src/​lib/​media/​FocalPointEditor.svelte:18:32) is strongly discouraged. Consider using `bind:editorFrameRef={...}` in src/lib/media/MediaDetails.svelte (or using a callback) instead
2026-10-06T01:44:52.6198633Z https://svelte.dev/e/ownership_invalid_mutation
2026-10-06T01:44:52.6208624Z 2026-10-06T01:44:52.620Z pw:browser [pid=3066][err] [1006/014452.620573:INFO:CONSOLE:1222] "%c[svelte] ownership_invalid_mutation
2026-10-06T01:44:52.6212338Z 2026-10-06T01:44:52.620Z pw:browser [pid=3066][err] %cMutating unbound props (`firstPreviewRef`, at src/​lib/​media/​FocalPointPreviews.svelte:8:33) is strongly discouraged. Consider using `bind:firstPreviewRef={...}` in src/lib/media/MediaDetails.svelte (or using a callback) instead
2026-10-06T01:44:52.6215971Z 2026-10-06T01:44:52.620Z pw:browser [pid=3066][err] https://svelte.dev/e/ownership_invalid_mutation font-weight: bold font-weight: normal", source: http://localhost:63315/__vitest_browser__/tester-BJtsJFpD.js (1222)
2026-10-06T01:44:52.6219385Z [90mstderr[2m | parity/emdash/media-admin-editor/source/packages/admin/tests/components/MediaDetailPanel.test.tsx[2m > [22m[2mMediaDetailPanel[2m > [22m[2mdoes not create unsaved changes by opening Focal point
2026-10-06T01:44:52.6221405Z [22m[39m[svelte] ownership_invalid_mutation
2026-10-06T01:44:52.6223881Z Mutating unbound props (`firstPreviewRef`, at src/​lib/​media/​FocalPointPreviews.svelte:8:33) is strongly discouraged. Consider using `bind:firstPreviewRef={...}` in src/lib/media/MediaDetails.svelte (or using a callback) instead
2026-10-06T01:44:52.6225759Z https://svelte.dev/e/ownership_invalid_mutation
2026-10-06T01:44:52.6255153Z 2026-10-06T01:44:52.625Z pw:browser [pid=3066][err] [1006/014452.625274:INFO:CONSOLE:1222] "%c[svelte] ownership_invalid_mutation
2026-10-06T01:44:52.6257535Z 2026-10-06T01:44:52.625Z pw:browser [pid=3066][err] %cMutating unbound props (`editorFrameRef`, at src/​lib/​media/​FocalPointEditor.svelte:18:96) is strongly discouraged. Consider using `bind:editorFrameRef={...}` in src/lib/media/MediaDetails.svelte (or using a callback) instead
2026-10-06T01:44:52.6259485Z 2026-10-06T01:44:52.625Z pw:browser [pid=3066][err] https://svelte.dev/e/ownership_invalid_mutation font-weight: bold font-weight: normal", source: http://localhost:63315/__vitest_browser__/tester-BJtsJFpD.js (1222)
2026-10-06T01:44:52.6278506Z [90mstderr[2m | parity/emdash/media-admin-editor/source/packages/admin/tests/components/MediaDetailPanel.test.tsx[2m > [22m[2mMediaDetailPanel[2m > [22m[2mdoes not show image preview for non-image mimeTypes
2026-10-06T01:44:52.6280066Z [22m[39m[svelte] ownership_invalid_mutation
2026-10-06T01:44:52.6282330Z Mutating unbound props (`editorFrameRef`, at src/​lib/​media/​FocalPointEditor.svelte:18:96) is strongly discouraged. Consider using `bind:editorFrameRef={...}` in src/lib/media/MediaDetails.svelte (or using a callback) instead
2026-10-06T01:44:52.6284314Z https://svelte.dev/e/ownership_invalid_mutation
2026-10-06T01:44:52.6286013Z 2026-10-06T01:44:52.628Z pw:browser [pid=3066][err] [1006/014452.628232:INFO:CONSOLE:1222] "%c[svelte] ownership_invalid_mutation
2026-10-06T01:44:52.6293655Z 2026-10-06T01:44:52.628Z pw:browser [pid=3066][err] %cMutating unbound props (`firstPreviewRef`, at src/​lib/​media/​FocalPointPreviews.svelte:8:99) is strongly discouraged. Consider using `bind:firstPreviewRef={...}` in src/lib/media/MediaDetails.svelte (or using a callback) instead
2026-10-06T01:44:52.6299887Z 2026-10-06T01:44:52.628Z pw:browser [pid=3066][err] https://svelte.dev/e/ownership_invalid_mutation font-weight: bold font-weight: normal", source: http://localhost:63315/__vitest_browser__/tester-BJtsJFpD.js (1222)
2026-10-06T01:44:52.6305442Z [90mstderr[2m | parity/emdash/media-admin-editor/source/packages/admin/tests/components/MediaDetailPanel.test.tsx[2m > [22m[2mMediaDetailPanel[2m > [22m[2mdoes not show image preview for non-image mimeTypes
2026-10-06T01:44:52.6306503Z [22m[39m[svelte] ownership_invalid_mutation
2026-10-06T01:44:52.6307885Z Mutating unbound props (`firstPreviewRef`, at src/​lib/​media/​FocalPointPreviews.svelte:8:99) is strongly discouraged. Consider using `bind:firstPreviewRef={...}` in src/lib/media/MediaDetails.svelte (or using a callback) instead
2026-10-06T01:44:52.6309645Z https://svelte.dev/e/ownership_invalid_mutation
2026-10-06T01:44:52.6377174Z 2026-10-06T01:44:52.637Z pw:browser [pid=3066][err] [1006/014452.637307:INFO:CONSOLE:1222] "%c[svelte] ownership_invalid_mutation
2026-10-06T01:44:52.6380467Z 2026-10-06T01:44:52.637Z pw:browser [pid=3066][err] %cMutating unbound props (`editorFrameRef`, at src/​lib/​media/​FocalPointEditor.svelte:18:32) is strongly discouraged. Consider using `bind:editorFrameRef={...}` in src/lib/media/MediaDetails.svelte (or using a callback) instead
2026-10-06T01:44:52.6386468Z 2026-10-06T01:44:52.637Z pw:browser [pid=3066][err] https://svelte.dev/e/ownership_invalid_mutation font-weight: bold font-weight: normal", source: http://localhost:63315/__vitest_browser__/tester-BJtsJFpD.js (1222)
2026-10-06T01:44:52.6391491Z [90mstderr[2m | parity/emdash/media-admin-editor/source/packages/admin/tests/components/MediaDetailPanel.test.tsx[2m > [22m[2mMediaDetailPanel[2m > [22m[2malt text input is editable
2026-10-06T01:44:52.6393604Z [22m[39m[svelte] ownership_invalid_mutation
2026-10-06T01:44:52.6399634Z Mutating unbound props (`editorFrameRef`, at src/​lib/​media/​FocalPointEditor.svelte:18:32) is strongly discouraged. Consider using `bind:editorFrameRef={...}` in src/lib/media/MediaDetails.svelte (or using a callback) instead
2026-10-06T01:44:52.6403614Z https://svelte.dev/e/ownership_invalid_mutation
2026-10-06T01:44:52.6562358Z 2026-10-06T01:44:52.655Z pw:browser [pid=3066][err] [1006/014452.655037:INFO:CONSOLE:1222] "%c[svelte] ownership_invalid_mutation
2026-10-06T01:44:52.6566851Z 2026-10-06T01:44:52.655Z pw:browser [pid=3066][err] %cMutating unbound props (`editorFrameRef`, at src/​lib/​media/​FocalPointEditor.svelte:18:96) is strongly discouraged. Consider using `bind:editorFrameRef={...}` in src/lib/media/MediaDetails.svelte (or using a callback) instead
2026-10-06T01:44:52.6569253Z 2026-10-06T01:44:52.655Z pw:browser [pid=3066][err] https://svelte.dev/e/ownership_invalid_mutation font-weight: bold font-weight: normal", source: http://localhost:63315/__vitest_browser__/tester-BJtsJFpD.js (1222)
2026-10-06T01:44:52.6572182Z [90mstderr[2m | parity/emdash/media-admin-editor/source/packages/admin/tests/components/MediaDetailPanel.test.tsx[2m > [22m[2mMediaDetailPanel[2m > [22m[2mshows caption textarea only for images
2026-10-06T01:44:52.6574114Z [22m[39m[svelte] ownership_invalid_mutation
2026-10-06T01:44:52.6578978Z Mutating unbound props (`editorFrameRef`, at src/​lib/​media/​FocalPointEditor.svelte:18:96) is strongly discouraged. Consider using `bind:editorFrameRef={...}` in src/lib/media/MediaDetails.svelte (or using a callback) instead
2026-10-06T01:44:52.6582149Z https://svelte.dev/e/ownership_invalid_mutation
2026-10-06T01:44:52.6602541Z 2026-10-06T01:44:52.659Z pw:browser [pid=3066][err] [1006/014452.659018:INFO:CONSOLE:1222] "%c[svelte] ownership_invalid_mutation
2026-10-06T01:44:52.6606028Z 2026-10-06T01:44:52.659Z pw:browser [pid=3066][err] %cMutating unbound props (`editorFrameRef`, at src/​lib/​media/​FocalPointEditor.svelte:18:32) is strongly discouraged. Consider using `bind:editorFrameRef={...}` in src/lib/media/MediaDetails.svelte (or using a callback) instead
2026-10-06T01:44:52.6609854Z 2026-10-06T01:44:52.659Z pw:browser [pid=3066][err] https://svelte.dev/e/ownership_invalid_mutation font-weight: bold font-weight: normal", source: http://localhost:63315/__vitest_browser__/tester-BJtsJFpD.js (1222)
2026-10-06T01:44:52.6615260Z [90mstderr[2m | parity/emdash/media-admin-editor/source/packages/admin/tests/components/MediaDetailPanel.test.tsx[2m > [22m[2mMediaDetailPanel[2m > [22m[2mshows caption textarea only for images
2026-10-06T01:44:52.6617322Z [22m[39m[svelte] ownership_invalid_mutation
2026-10-06T01:44:52.6619979Z Mutating unbound props (`editorFrameRef`, at src/​lib/​media/​FocalPointEditor.svelte:18:32) is strongly discouraged. Consider using `bind:editorFrameRef={...}` in src/lib/media/MediaDetails.svelte (or using a callback) instead
2026-10-06T01:44:52.6622087Z https://svelte.dev/e/ownership_invalid_mutation
2026-10-06T01:44:52.6634385Z 2026-10-06T01:44:52.663Z pw:browser [pid=3066][err] [1006/014452.663218:INFO:CONSOLE:1222] "%c[svelte] ownership_invalid_mutation
2026-10-06T01:44:52.6637962Z 2026-10-06T01:44:52.663Z pw:browser [pid=3066][err] %cMutating unbound props (`editorFrameRef`, at src/​lib/​media/​FocalPointEditor.svelte:18:96) is strongly discouraged. Consider using `bind:editorFrameRef={...}` in src/lib/media/MediaDetails.svelte (or using a callback) instead
2026-10-06T01:44:52.6641749Z 2026-10-06T01:44:52.663Z pw:browser [pid=3066][err] https://svelte.dev/e/ownership_invalid_mutation font-weight: bold font-weight: normal", source: http://localhost:63315/__vitest_browser__/tester-BJtsJFpD.js (1222)
2026-10-06T01:44:52.6644922Z [90mstderr[2m | parity/emdash/media-admin-editor/source/packages/admin/tests/components/MediaDetailPanel.test.tsx[2m > [22m[2mMediaDetailPanel[2m > [22m[2mhides caption textarea for non-images
2026-10-06T01:44:52.6645916Z [22m[39m[svelte] ownership_invalid_mutation
2026-10-06T01:44:52.6647248Z Mutating unbound props (`editorFrameRef`, at src/​lib/​media/​FocalPointEditor.svelte:18:96) is strongly discouraged. Consider using `bind:editorFrameRef={...}` in src/lib/media/MediaDetails.svelte (or using a callback) instead
2026-10-06T01:44:52.6648264Z https://svelte.dev/e/ownership_invalid_mutation
2026-10-06T01:44:52.6703000Z 2026-10-06T01:44:52.670Z pw:browser [pid=3066][err] [1006/014452.670067:INFO:CONSOLE:1222] "%c[svelte] ownership_invalid_mutation
2026-10-06T01:44:52.6714047Z 2026-10-06T01:44:52.670Z pw:browser [pid=3066][err] %cMutating unbound props (`editorFrameRef`, at src/​lib/​media/​FocalPointEditor.svelte:18:32) is strongly discouraged. Consider using `bind:editorFrameRef={...}` in src/lib/media/MediaDetails.svelte (or using a callback) instead
2026-10-06T01:44:52.6718227Z 2026-10-06T01:44:52.670Z pw:browser [pid=3066][err] https://svelte.dev/e/ownership_invalid_mutation font-weight: bold font-weight: normal", source: http://localhost:63315/__vitest_browser__/tester-BJtsJFpD.js (1222)
2026-10-06T01:44:52.6724943Z [90mstderr[2m | parity/emdash/media-admin-editor/source/packages/admin/tests/components/MediaDetailPanel.test.tsx[2m > [22m[2mMediaDetailPanel[2m > [22m[2mfilename input is disabled with tooltip help
2026-10-06T01:44:52.6728276Z [22m[39m[svelte] ownership_invalid_mutation
2026-10-06T01:44:52.6747885Z Mutating unbound props (`editorFrameRef`, at src/​lib/​media/​FocalPointEditor.svelte:18:32) is strongly discouraged. Consider using `bind:editorFrameRef={...}` in src/lib/media/MediaDetails.svelte (or using a callback) instead
2026-10-06T01:44:52.6753594Z https://svelte.dev/e/ownership_invalid_mutation
2026-10-06T01:44:52.6759366Z [90mstderr[2m | parity/emdash/media-admin-editor/source/packages/admin/tests/components/MediaDetailPanel.test.tsx[2m > [22m[2mMediaDetailPanel[2m > [22m[2msave button is disabled when no changes
2026-10-06T01:44:52.6761887Z [22m[39m[svelte] ownership_invalid_mutation
2026-10-06T01:44:52.6764792Z Mutating unbound props (`editorFrameRef`, at src/​lib/​media/​FocalPointEditor.svelte:18:96) is strongly discouraged. Consider using `bind:editorFrameRef={...}` in src/lib/media/MediaDetails.svelte (or using a callback) instead
2026-10-06T01:44:52.6769811Z https://svelte.dev/e/ownership_invalid_mutation
2026-10-06T01:44:52.6771734Z 2026-10-06T01:44:52.674Z pw:browser [pid=3066][err] [1006/014452.674327:INFO:CONSOLE:1222] "%c[svelte] ownership_invalid_mutation
2026-10-06T01:44:52.6775603Z 2026-10-06T01:44:52.674Z pw:browser [pid=3066][err] %cMutating unbound props (`editorFrameRef`, at src/​lib/​media/​FocalPointEditor.svelte:18:96) is strongly discouraged. Consider using `bind:editorFrameRef={...}` in src/lib/media/MediaDetails.svelte (or using a callback) instead
2026-10-06T01:44:52.6779762Z 2026-10-06T01:44:52.674Z pw:browser [pid=3066][err] https://svelte.dev/e/ownership_invalid_mutation font-weight: bold font-weight: normal", source: http://localhost:63315/__vitest_browser__/tester-BJtsJFpD.js (1222)
2026-10-06T01:44:52.6783776Z [90mstderr[2m | parity/emdash/media-admin-editor/source/packages/admin/tests/components/MediaDetailPanel.test.tsx[2m > [22m[2mMediaDetailPanel[2m > [22m[2msave button is disabled when no changes
2026-10-06T01:44:52.6785966Z [22m[39m[svelte] ownership_invalid_mutation
2026-10-06T01:44:52.6788777Z Mutating unbound props (`editorFrameRef`, at src/​lib/​media/​FocalPointEditor.svelte:18:32) is strongly discouraged. Consider using `bind:editorFrameRef={...}` in src/lib/media/MediaDetails.svelte (or using a callback) instead
2026-10-06T01:44:52.6791279Z https://svelte.dev/e/ownership_invalid_mutation
2026-10-06T01:44:52.6792990Z 2026-10-06T01:44:52.677Z pw:browser [pid=3066][err] [1006/014452.676873:INFO:CONSOLE:1222] "%c[svelte] ownership_invalid_mutation
2026-10-06T01:44:52.6796810Z 2026-10-06T01:44:52.677Z pw:browser [pid=3066][err] %cMutating unbound props (`editorFrameRef`, at src/​lib/​media/​FocalPointEditor.svelte:18:32) is strongly discouraged. Consider using `bind:editorFrameRef={...}` in src/lib/media/MediaDetails.svelte (or using a callback) instead
2026-10-06T01:44:52.6801040Z 2026-10-06T01:44:52.677Z pw:browser [pid=3066][err] https://svelte.dev/e/ownership_invalid_mutation font-weight: bold font-weight: normal", source: http://localhost:63315/__vitest_browser__/tester-BJtsJFpD.js (1222)
2026-10-06T01:44:52.6806788Z 2026-10-06T01:44:52.680Z pw:browser [pid=3066][err] [1006/014452.680491:INFO:CONSOLE:1222] "%c[svelte] ownership_invalid_mutation
2026-10-06T01:44:52.6810876Z 2026-10-06T01:44:52.680Z pw:browser [pid=3066][err] %cMutating unbound props (`editorFrameRef`, at src/​lib/​media/​FocalPointEditor.svelte:18:96) is strongly discouraged. Consider using `bind:editorFrameRef={...}` in src/lib/media/MediaDetails.svelte (or using a callback) instead
2026-10-06T01:44:52.6815186Z 2026-10-06T01:44:52.680Z pw:browser [pid=3066][err] https://svelte.dev/e/ownership_invalid_mutation font-weight: bold font-weight: normal", source: http://localhost:63315/__vitest_browser__/tester-BJtsJFpD.js (1222)
2026-10-06T01:44:52.6818942Z [90mstderr[2m | parity/emdash/media-admin-editor/source/packages/admin/tests/components/MediaDetailPanel.test.tsx[2m > [22m[2mMediaDetailPanel[2m > [22m[2msave button is enabled after changing alt text
2026-10-06T01:44:52.6821387Z [22m[39m[svelte] ownership_invalid_mutation
2026-10-06T01:44:52.6824210Z Mutating unbound props (`editorFrameRef`, at src/​lib/​media/​FocalPointEditor.svelte:18:96) is strongly discouraged. Consider using `bind:editorFrameRef={...}` in src/lib/media/MediaDetails.svelte (or using a callback) instead
2026-10-06T01:44:52.6826459Z https://svelte.dev/e/ownership_invalid_mutation
2026-10-06T01:44:52.6845103Z 2026-10-06T01:44:52.684Z pw:browser [pid=3066][err] [1006/014452.684246:INFO:CONSOLE:1222] "%c[svelte] ownership_invalid_mutation
2026-10-06T01:44:52.6851668Z 2026-10-06T01:44:52.684Z pw:browser [pid=3066][err] %cMutating unbound props (`editorFrameRef`, at src/​lib/​media/​FocalPointEditor.svelte:18:32) is strongly discouraged. Consider using `bind:editorFrameRef={...}` in src/lib/media/MediaDetails.svelte (or using a callback) instead
2026-10-06T01:44:52.6856058Z 2026-10-06T01:44:52.684Z pw:browser [pid=3066][err] https://svelte.dev/e/ownership_invalid_mutation font-weight: bold font-weight: normal", source: http://localhost:63315/__vitest_browser__/tester-BJtsJFpD.js (1222)
2026-10-06T01:44:52.6860536Z [90mstderr[2m | parity/emdash/media-admin-editor/source/packages/admin/tests/components/MediaDetailPanel.test.tsx[2m > [22m[2mMediaDetailPanel[2m > [22m[2msave button is enabled after changing alt text
2026-10-06T01:44:52.6863503Z [22m[39m[svelte] ownership_invalid_mutation
2026-10-06T01:44:52.6866350Z Mutating unbound props (`editorFrameRef`, at src/​lib/​media/​FocalPointEditor.svelte:18:32) is strongly discouraged. Consider using `bind:editorFrameRef={...}` in src/lib/media/MediaDetails.svelte (or using a callback) instead
2026-10-06T01:44:52.6869460Z https://svelte.dev/e/ownership_invalid_mutation
2026-10-06T01:44:52.7004053Z 2026-10-06T01:44:52.700Z pw:browser [pid=3066][err] [1006/014452.699529:INFO:CONSOLE:1222] "%c[svelte] ownership_invalid_mutation
2026-10-06T01:44:52.7015376Z 2026-10-06T01:44:52.700Z pw:browser [pid=3066][err] %cMutating unbound props (`editorFrameRef`, at src/​lib/​media/​FocalPointEditor.svelte:18:96) is strongly discouraged. Consider using `bind:editorFrameRef={...}` in src/lib/media/MediaDetails.svelte (or using a callback) instead
2026-10-06T01:44:52.7019430Z 2026-10-06T01:44:52.700Z pw:browser [pid=3066][err] https://svelte.dev/e/ownership_invalid_mutation font-weight: bold font-weight: normal", source: http://localhost:63315/__vitest_browser__/tester-BJtsJFpD.js (1222)
2026-10-06T01:44:52.7023249Z [90mstderr[2m | parity/emdash/media-admin-editor/source/packages/admin/tests/components/MediaDetailPanel.test.tsx[2m > [22m[2mMediaDetailPanel[2m > [22m[2msave calls updateMedia with correct payload
2026-10-06T01:44:52.7025438Z [22m[39m[svelte] ownership_invalid_mutation
2026-10-06T01:44:52.7028336Z Mutating unbound props (`editorFrameRef`, at src/​lib/​media/​FocalPointEditor.svelte:18:96) is strongly discouraged. Consider using `bind:editorFrameRef={...}` in src/lib/media/MediaDetails.svelte (or using a callback) instead
2026-10-06T01:44:52.7030632Z https://svelte.dev/e/ownership_invalid_mutation
2026-10-06T01:44:52.7039252Z 2026-10-06T01:44:52.703Z pw:browser [pid=3066][err] [1006/014452.703329:INFO:CONSOLE:1222] "%c[svelte] ownership_invalid_mutation
2026-10-06T01:44:52.7043804Z 2026-10-06T01:44:52.703Z pw:browser [pid=3066][err] %cMutating unbound props (`editorFrameRef`, at src/​lib/​media/​FocalPointEditor.svelte:18:32) is strongly discouraged. Consider using `bind:editorFrameRef={...}` in src/lib/media/MediaDetails.svelte (or using a callback) instead
2026-10-06T01:44:52.7048353Z 2026-10-06T01:44:52.703Z pw:browser [pid=3066][err] https://svelte.dev/e/ownership_invalid_mutation font-weight: bold font-weight: normal", source: http://localhost:63315/__vitest_browser__/tester-BJtsJFpD.js (1222)
2026-10-06T01:44:52.7052200Z [90mstderr[2m | parity/emdash/media-admin-editor/source/packages/admin/tests/components/MediaDetailPanel.test.tsx[2m > [22m[2mMediaDetailPanel[2m > [22m[2msave calls updateMedia with correct payload
2026-10-06T01:44:52.7054297Z [22m[39m[svelte] ownership_invalid_mutation
2026-10-06T01:44:52.7057518Z Mutating unbound props (`editorFrameRef`, at src/​lib/​media/​FocalPointEditor.svelte:18:32) is strongly discouraged. Consider using `bind:editorFrameRef={...}` in src/lib/media/MediaDetails.svelte (or using a callback) instead
2026-10-06T01:44:52.7060394Z https://svelte.dev/e/ownership_invalid_mutation
2026-10-06T01:44:52.7734794Z 2026-10-06T01:44:52.773Z pw:browser [pid=3066][err] [1006/014452.772934:INFO:CONSOLE:1222] "%c[svelte] ownership_invalid_mutation
2026-10-06T01:44:52.7744748Z 2026-10-06T01:44:52.773Z pw:browser [pid=3066][err] %cMutating unbound props (`editorFrameRef`, at src/​lib/​media/​FocalPointEditor.svelte:18:96) is strongly discouraged. Consider using `bind:editorFrameRef={...}` in src/lib/media/MediaDetails.svelte (or using a callback) instead
2026-10-06T01:44:52.7748716Z 2026-10-06T01:44:52.773Z pw:browser [pid=3066][err] https://svelte.dev/e/ownership_invalid_mutation font-weight: bold font-weight: normal", source: http://localhost:63315/__vitest_browser__/tester-BJtsJFpD.js (1222)
2026-10-06T01:44:52.7753888Z [90mstderr[2m | parity/emdash/media-admin-editor/source/packages/admin/tests/components/MediaDetailPanel.test.tsx[2m > [22m[2mMediaDetailPanel[2m > [22m[2msaves empty strings when clearing alt text and caption
2026-10-06T01:44:52.7755876Z [22m[39m[svelte] ownership_invalid_mutation
2026-10-06T01:44:52.7758386Z Mutating unbound props (`editorFrameRef`, at src/​lib/​media/​FocalPointEditor.svelte:18:96) is strongly discouraged. Consider using `bind:editorFrameRef={...}` in src/lib/media/MediaDetails.svelte (or using a callback) instead
2026-10-06T01:44:52.7760361Z https://svelte.dev/e/ownership_invalid_mutation
2026-10-06T01:44:52.7767719Z 2026-10-06T01:44:52.776Z pw:browser [pid=3066][err] [1006/014452.776512:INFO:CONSOLE:1222] "%c[svelte] ownership_invalid_mutation
2026-10-06T01:44:52.7774431Z 2026-10-06T01:44:52.776Z pw:browser [pid=3066][err] %cMutating unbound props (`editorFrameRef`, at src/​lib/​media/​FocalPointEditor.svelte:18:32) is strongly discouraged. Consider using `bind:editorFrameRef={...}` in src/lib/media/MediaDetails.svelte (or using a callback) instead
2026-10-06T01:44:52.7778333Z 2026-10-06T01:44:52.776Z pw:browser [pid=3066][err] https://svelte.dev/e/ownership_invalid_mutation font-weight: bold font-weight: normal", source: http://localhost:63315/__vitest_browser__/tester-BJtsJFpD.js (1222)
2026-10-06T01:44:52.7782169Z [90mstderr[2m | parity/emdash/media-admin-editor/source/packages/admin/tests/components/MediaDetailPanel.test.tsx[2m > [22m[2mMediaDetailPanel[2m > [22m[2msaves empty strings when clearing alt text and caption
2026-10-06T01:44:52.7785309Z [22m[39m[svelte] ownership_invalid_mutation
2026-10-06T01:44:52.7788497Z Mutating unbound props (`editorFrameRef`, at src/​lib/​media/​FocalPointEditor.svelte:18:32) is strongly discouraged. Consider using `bind:editorFrameRef={...}` in src/lib/media/MediaDetails.svelte (or using a callback) instead
2026-10-06T01:44:52.7790586Z https://svelte.dev/e/ownership_invalid_mutation
2026-10-06T01:44:52.8151924Z [90mstderr[2m | parity/emdash/media-admin-editor/source/packages/admin/tests/components/MediaDetailPanel.test.tsx[2m > [22m[2mMediaDetailPanel[2m > [22m[2mdisables editing and closing while a save is pending
2026-10-06T01:44:52.8154146Z [22m[39m[svelte] ownership_invalid_mutation
2026-10-06T01:44:52.8156936Z Mutating unbound props (`editorFrameRef`, at src/​lib/​media/​FocalPointEditor.svelte:18:96) is strongly discouraged. Consider using `bind:editorFrameRef={...}` in src/lib/media/MediaDetails.svelte (or using a callback) instead
2026-10-06T01:44:52.8159051Z https://svelte.dev/e/ownership_invalid_mutation
2026-10-06T01:44:52.8160620Z 2026-10-06T01:44:52.815Z pw:browser [pid=3066][err] [1006/014452.814979:INFO:CONSOLE:1222] "%c[svelte] ownership_invalid_mutation
2026-10-06T01:44:52.8164408Z 2026-10-06T01:44:52.815Z pw:browser [pid=3066][err] %cMutating unbound props (`editorFrameRef`, at src/​lib/​media/​FocalPointEditor.svelte:18:96) is strongly discouraged. Consider using `bind:editorFrameRef={...}` in src/lib/media/MediaDetails.svelte (or using a callback) instead
2026-10-06T01:44:52.8170375Z 2026-10-06T01:44:52.815Z pw:browser [pid=3066][err] https://svelte.dev/e/ownership_invalid_mutation font-weight: bold font-weight: normal", source: http://localhost:63315/__vitest_browser__/tester-BJtsJFpD.js (1222)
2026-10-06T01:44:52.8188501Z 2026-10-06T01:44:52.818Z pw:browser [pid=3066][err] [1006/014452.818225:INFO:CONSOLE:1222] "%c[svelte] ownership_invalid_mutation
2026-10-06T01:44:52.8192399Z 2026-10-06T01:44:52.818Z pw:browser [pid=3066][err] %cMutating unbound props (`editorFrameRef`, at src/​lib/​media/​FocalPointEditor.svelte:18:32) is strongly discouraged. Consider using `bind:editorFrameRef={...}` in src/lib/media/MediaDetails.svelte (or using a callback) instead
2026-10-06T01:44:52.8196424Z 2026-10-06T01:44:52.818Z pw:browser [pid=3066][err] https://svelte.dev/e/ownership_invalid_mutation font-weight: bold font-weight: normal", source: http://localhost:63315/__vitest_browser__/tester-BJtsJFpD.js (1222)
2026-10-06T01:44:52.8199990Z [90mstderr[2m | parity/emdash/media-admin-editor/source/packages/admin/tests/components/MediaDetailPanel.test.tsx[2m > [22m[2mMediaDetailPanel[2m > [22m[2mdisables editing and closing while a save is pending
2026-10-06T01:44:52.8202265Z [22m[39m[svelte] ownership_invalid_mutation
2026-10-06T01:44:52.8205011Z Mutating unbound props (`editorFrameRef`, at src/​lib/​media/​FocalPointEditor.svelte:18:32) is strongly discouraged. Consider using `bind:editorFrameRef={...}` in src/lib/media/MediaDetails.svelte (or using a callback) instead
2026-10-06T01:44:52.8207393Z https://svelte.dev/e/ownership_invalid_mutation
2026-10-06T01:44:52.8879459Z 2026-10-06T01:44:52.887Z pw:browser [pid=3066][err] [1006/014452.887575:INFO:CONSOLE:1222] "%c[svelte] ownership_invalid_mutation
2026-10-06T01:44:52.8888797Z 2026-10-06T01:44:52.887Z pw:browser [pid=3066][err] %cMutating unbound props (`editorFrameRef`, at src/​lib/​media/​FocalPointEditor.svelte:18:96) is strongly discouraged. Consider using `bind:editorFrameRef={...}` in src/lib/media/MediaDetails.svelte (or using a callback) instead
2026-10-06T01:44:52.8893405Z 2026-10-06T01:44:52.887Z pw:browser [pid=3066][err] https://svelte.dev/e/ownership_invalid_mutation font-weight: bold font-weight: normal", source: http://localhost:63315/__vitest_browser__/tester-BJtsJFpD.js (1222)
2026-10-06T01:44:52.8897329Z [90mstderr[2m | parity/emdash/media-admin-editor/source/packages/admin/tests/components/MediaDetailPanel.test.tsx[2m > [22m[2mMediaDetailPanel[2m > [22m[2msaves dirty metadata with the keyboard shortcut
2026-10-06T01:44:52.8899396Z [22m[39m[svelte] ownership_invalid_mutation
2026-10-06T01:44:52.8902475Z Mutating unbound props (`editorFrameRef`, at src/​lib/​media/​FocalPointEditor.svelte:18:96) is strongly discouraged. Consider using `bind:editorFrameRef={...}` in src/lib/media/MediaDetails.svelte (or using a callback) instead
2026-10-06T01:44:52.8904557Z https://svelte.dev/e/ownership_invalid_mutation
2026-10-06T01:44:52.8923872Z 2026-10-06T01:44:52.891Z pw:browser [pid=3066][err] [1006/014452.891466:INFO:CONSOLE:1222] "%c[svelte] ownership_invalid_mutation
2026-10-06T01:44:52.8927588Z 2026-10-06T01:44:52.891Z pw:browser [pid=3066][err] %cMutating unbound props (`editorFrameRef`, at src/​lib/​media/​FocalPointEditor.svelte:18:32) is strongly discouraged. Consider using `bind:editorFrameRef={...}` in src/lib/media/MediaDetails.svelte (or using a callback) instead
2026-10-06T01:44:52.8931629Z 2026-10-06T01:44:52.891Z pw:browser [pid=3066][err] https://svelte.dev/e/ownership_invalid_mutation font-weight: bold font-weight: normal", source: http://localhost:63315/__vitest_browser__/tester-BJtsJFpD.js (1222)
2026-10-06T01:44:52.8936567Z [90mstderr[2m | parity/emdash/media-admin-editor/source/packages/admin/tests/components/MediaDetailPanel.test.tsx[2m > [22m[2mMediaDetailPanel[2m > [22m[2msaves dirty metadata with the keyboard shortcut
2026-10-06T01:44:52.8940932Z [22m[39m[svelte] ownership_invalid_mutation
2026-10-06T01:44:52.8944287Z Mutating unbound props (`editorFrameRef`, at src/​lib/​media/​FocalPointEditor.svelte:18:32) is strongly discouraged. Consider using `bind:editorFrameRef={...}` in src/lib/media/MediaDetails.svelte (or using a callback) instead
2026-10-06T01:44:52.8947310Z https://svelte.dev/e/ownership_invalid_mutation
2026-10-06T01:44:52.9575417Z 2026-10-06T01:44:52.957Z pw:browser [pid=3066][err] [1006/014452.957089:INFO:CONSOLE:1222] "%c[svelte] ownership_invalid_mutation
2026-10-06T01:44:52.9579120Z 2026-10-06T01:44:52.957Z pw:browser [pid=3066][err] %cMutating unbound props (`editorFrameRef`, at src/​lib/​media/​FocalPointEditor.svelte:18:96) is strongly discouraged. Consider using `bind:editorFrameRef={...}` in src/lib/media/MediaDetails.svelte (or using a callback) instead
2026-10-06T01:44:52.9588974Z 2026-10-06T01:44:52.957Z pw:browser [pid=3066][err] https://svelte.dev/e/ownership_invalid_mutation font-weight: bold font-weight: normal", source: http://localhost:63315/__vitest_browser__/tester-BJtsJFpD.js (1222)
2026-10-06T01:44:52.9593428Z [90mstderr[2m | parity/emdash/media-admin-editor/source/packages/admin/tests/components/MediaDetailPanel.test.tsx[2m > [22m[2mMediaDetailPanel[2m > [22m[2mloads bounded Location options only after the control opens
2026-10-06T01:44:52.9595380Z [22m[39m[svelte] ownership_invalid_mutation
2026-10-06T01:44:52.9598041Z Mutating unbound props (`editorFrameRef`, at src/​lib/​media/​FocalPointEditor.svelte:18:96) is strongly discouraged. Consider using `bind:editorFrameRef={...}` in src/lib/media/MediaDetails.svelte (or using a callback) instead
2026-10-06T01:44:52.9599961Z https://svelte.dev/e/ownership_invalid_mutation
2026-10-06T01:44:52.9613309Z 2026-10-06T01:44:52.961Z pw:browser [pid=3066][err] [1006/014452.961110:INFO:CONSOLE:1222] "%c[svelte] ownership_invalid_mutation
2026-10-06T01:44:52.9623911Z 2026-10-06T01:44:52.961Z pw:browser [pid=3066][err] %cMutating unbound props (`editorFrameRef`, at src/​lib/​media/​FocalPointEditor.svelte:18:32) is strongly discouraged. Consider using `bind:editorFrameRef={...}` in src/lib/media/MediaDetails.svelte (or using a callback) instead
2026-10-06T01:44:52.9627706Z 2026-10-06T01:44:52.961Z pw:browser [pid=3066][err] https://svelte.dev/e/ownership_invalid_mutation font-weight: bold font-weight: normal", source: http://localhost:63315/__vitest_browser__/tester-BJtsJFpD.js (1222)
2026-10-06T01:44:52.9631601Z [90mstderr[2m | parity/emdash/media-admin-editor/source/packages/admin/tests/components/MediaDetailPanel.test.tsx[2m > [22m[2mMediaDetailPanel[2m > [22m[2mloads bounded Location options only after the control opens
2026-10-06T01:44:52.9633706Z [22m[39m[svelte] ownership_invalid_mutation
2026-10-06T01:44:52.9636346Z Mutating unbound props (`editorFrameRef`, at src/​lib/​media/​FocalPointEditor.svelte:18:32) is strongly discouraged. Consider using `bind:editorFrameRef={...}` in src/lib/media/MediaDetails.svelte (or using a callback) instead
2026-10-06T01:44:52.9638617Z https://svelte.dev/e/ownership_invalid_mutation
2026-10-06T01:44:53.0227593Z 2026-10-06T01:44:53.022Z pw:browser [pid=3066][err] [1006/014453.022364:INFO:CONSOLE:1222] "%c[svelte] ownership_invalid_mutation
2026-10-06T01:44:53.0236299Z 2026-10-06T01:44:53.022Z pw:browser [pid=3066][err] %cMutating unbound props (`editorFrameRef`, at src/​lib/​media/​FocalPointEditor.svelte:18:96) is strongly discouraged. Consider using `bind:editorFrameRef={...}` in src/lib/media/MediaDetails.svelte (or using a callback) instead
2026-10-06T01:44:53.0244525Z 2026-10-06T01:44:53.022Z pw:browser [pid=3066][err] https://svelte.dev/e/ownership_invalid_mutation font-weight: bold font-weight: normal", source: http://localhost:63315/__vitest_browser__/tester-BJtsJFpD.js (1222)
2026-10-06T01:44:53.0259952Z [90mstderr[2m | parity/emdash/media-admin-editor/source/packages/admin/tests/components/MediaDetailPanel.test.tsx[2m > [22m[2mMediaDetailPanel[2m > [22m[2msaves image metadata and Location in one update
2026-10-06T01:44:53.0261949Z [22m[39m[svelte] ownership_invalid_mutation
2026-10-06T01:44:53.0264824Z Mutating unbound props (`editorFrameRef`, at src/​lib/​media/​FocalPointEditor.svelte:18:96) is strongly discouraged. Consider using `bind:editorFrameRef={...}` in src/lib/media/MediaDetails.svelte (or using a callback) instead
2026-10-06T01:44:53.0265898Z https://svelte.dev/e/ownership_invalid_mutation
2026-10-06T01:44:53.0272466Z 2026-10-06T01:44:53.026Z pw:browser [pid=3066][err] [1006/014453.026694:INFO:CONSOLE:1222] "%c[svelte] ownership_invalid_mutation
2026-10-06T01:44:53.0276789Z 2026-10-06T01:44:53.026Z pw:browser [pid=3066][err] %cMutating unbound props (`editorFrameRef`, at src/​lib/​media/​FocalPointEditor.svelte:18:32) is strongly discouraged. Consider using `bind:editorFrameRef={...}` in src/lib/media/MediaDetails.svelte (or using a callback) instead
2026-10-06T01:44:53.0280620Z 2026-10-06T01:44:53.026Z pw:browser [pid=3066][err] https://svelte.dev/e/ownership_invalid_mutation font-weight: bold font-weight: normal", source: http://localhost:63315/__vitest_browser__/tester-BJtsJFpD.js (1222)
2026-10-06T01:44:53.0284243Z [90mstderr[2m | parity/emdash/media-admin-editor/source/packages/admin/tests/components/MediaDetailPanel.test.tsx[2m > [22m[2mMediaDetailPanel[2m > [22m[2msaves image metadata and Location in one update
2026-10-06T01:44:53.0285781Z [22m[39m[svelte] ownership_invalid_mutation
2026-10-06T01:44:53.0287763Z Mutating unbound props (`editorFrameRef`, at src/​lib/​media/​FocalPointEditor.svelte:18:32) is strongly discouraged. Consider using `bind:editorFrameRef={...}` in src/lib/media/MediaDetails.svelte (or using a callback) instead
2026-10-06T01:44:53.0289604Z https://svelte.dev/e/ownership_invalid_mutation
2026-10-06T01:44:53.0967297Z 2026-10-06T01:44:53.096Z pw:browser [pid=3066][err] [1006/014453.096407:INFO:CONSOLE:1222] "%c[svelte] ownership_invalid_mutation
2026-10-06T01:44:53.0971574Z 2026-10-06T01:44:53.096Z pw:browser [pid=3066][err] %cMutating unbound props (`editorFrameRef`, at src/​lib/​media/​FocalPointEditor.svelte:18:96) is strongly discouraged. Consider using `bind:editorFrameRef={...}` in src/lib/media/MediaDetails.svelte (or using a callback) instead
2026-10-06T01:44:53.0982511Z 2026-10-06T01:44:53.096Z pw:browser [pid=3066][err] https://svelte.dev/e/ownership_invalid_mutation font-weight: bold font-weight: normal", source: http://localhost:63315/__vitest_browser__/tester-BJtsJFpD.js (1222)
2026-10-06T01:44:53.0986830Z [90mstderr[2m | parity/emdash/media-admin-editor/source/packages/admin/tests/components/MediaDetailPanel.test.tsx[2m > [22m[2mMediaDetailPanel[2m > [22m[2mdoes not overwrite Location during a metadata-only save
2026-10-06T01:44:53.0988980Z [22m[39m[svelte] ownership_invalid_mutation
2026-10-06T01:44:53.0991840Z Mutating unbound props (`editorFrameRef`, at src/​lib/​media/​FocalPointEditor.svelte:18:96) is strongly discouraged. Consider using `bind:editorFrameRef={...}` in src/lib/media/MediaDetails.svelte (or using a callback) instead
2026-10-06T01:44:53.0993938Z https://svelte.dev/e/ownership_invalid_mutation
2026-10-06T01:44:53.1009977Z 2026-10-06T01:44:53.100Z pw:browser [pid=3066][err] [1006/014453.100347:INFO:CONSOLE:1222] "%c[svelte] ownership_invalid_mutation
2026-10-06T01:44:53.1014473Z 2026-10-06T01:44:53.100Z pw:browser [pid=3066][err] %cMutating unbound props (`editorFrameRef`, at src/​lib/​media/​FocalPointEditor.svelte:18:32) is strongly discouraged. Consider using `bind:editorFrameRef={...}` in src/lib/media/MediaDetails.svelte (or using a callback) instead
2026-10-06T01:44:53.1018233Z 2026-10-06T01:44:53.100Z pw:browser [pid=3066][err] https://svelte.dev/e/ownership_invalid_mutation font-weight: bold font-weight: normal", source: http://localhost:63315/__vitest_browser__/tester-BJtsJFpD.js (1222)
2026-10-06T01:44:53.1022110Z [90mstderr[2m | parity/emdash/media-admin-editor/source/packages/admin/tests/components/MediaDetailPanel.test.tsx[2m > [22m[2mMediaDetailPanel[2m > [22m[2mdoes not overwrite Location during a metadata-only save
2026-10-06T01:44:53.1024694Z [22m[39m[svelte] ownership_invalid_mutation
2026-10-06T01:44:53.1027364Z Mutating unbound props (`editorFrameRef`, at src/​lib/​media/​FocalPointEditor.svelte:18:32) is strongly discouraged. Consider using `bind:editorFrameRef={...}` in src/lib/media/MediaDetails.svelte (or using a callback) instead
2026-10-06T01:44:53.1032580Z https://svelte.dev/e/ownership_invalid_mutation
2026-10-06T01:44:53.1171642Z [90mstderr[2m | parity/emdash/media-admin-editor/source/packages/admin/tests/components/MediaDetailPanel.test.tsx[2m > [22m[2mMediaDetailPanel[2m > [22m[2msearches Location independently and resets the search after selection
2026-10-06T01:44:53.1174085Z [22m[39m[svelte] ownership_invalid_mutation
2026-10-06T01:44:53.1176827Z Mutating unbound props (`editorFrameRef`, at src/​lib/​media/​FocalPointEditor.svelte:18:96) is strongly discouraged. Consider using `bind:editorFrameRef={...}` in src/lib/media/MediaDetails.svelte (or using a callback) instead
2026-10-06T01:44:53.1179178Z https://svelte.dev/e/ownership_invalid_mutation
2026-10-06T01:44:53.1180881Z 2026-10-06T01:44:53.116Z pw:browser [pid=3066][err] [1006/014453.116309:INFO:CONSOLE:1222] "%c[svelte] ownership_invalid_mutation
2026-10-06T01:44:53.1184477Z 2026-10-06T01:44:53.116Z pw:browser [pid=3066][err] %cMutating unbound props (`editorFrameRef`, at src/​lib/​media/​FocalPointEditor.svelte:18:96) is strongly discouraged. Consider using `bind:editorFrameRef={...}` in src/lib/media/MediaDetails.svelte (or using a callback) instead
2026-10-06T01:44:53.1188151Z 2026-10-06T01:44:53.116Z pw:browser [pid=3066][err] https://svelte.dev/e/ownership_invalid_mutation font-weight: bold font-weight: normal", source: http://localhost:63315/__vitest_browser__/tester-BJtsJFpD.js (1222)
2026-10-06T01:44:53.1196607Z 2026-10-06T01:44:53.119Z pw:browser [pid=3066][err] [1006/014453.119176:INFO:CONSOLE:1222] "%c[svelte] ownership_invalid_mutation
2026-10-06T01:44:53.1201188Z 2026-10-06T01:44:53.119Z pw:browser [pid=3066][err] %cMutating unbound props (`editorFrameRef`, at src/​lib/​media/​FocalPointEditor.svelte:18:32) is strongly discouraged. Consider using `bind:editorFrameRef={...}` in src/lib/media/MediaDetails.svelte (or using a callback) instead
2026-10-06T01:44:53.1206085Z 2026-10-06T01:44:53.119Z pw:browser [pid=3066][err] https://svelte.dev/e/ownership_invalid_mutation font-weight: bold font-weight: normal", source: http://localhost:63315/__vitest_browser__/tester-BJtsJFpD.js (1222)
2026-10-06T01:44:53.1212896Z [90mstderr[2m | parity/emdash/media-admin-editor/source/packages/admin/tests/components/MediaDetailPanel.test.tsx[2m > [22m[2mMediaDetailPanel[2m > [22m[2msearches Location independently and resets the search after selection
2026-10-06T01:44:53.1215788Z [22m[39m[svelte] ownership_invalid_mutation
2026-10-06T01:44:53.1218431Z Mutating unbound props (`editorFrameRef`, at src/​lib/​media/​FocalPointEditor.svelte:18:32) is strongly discouraged. Consider using `bind:editorFrameRef={...}` in src/lib/media/MediaDetails.svelte (or using a callback) instead
2026-10-06T01:44:53.1220581Z https://svelte.dev/e/ownership_invalid_mutation
2026-10-06T01:44:53.1273175Z [90mstderr[2m | parity/emdash/media-admin-editor/source/packages/admin/tests/components/MediaDetailPanel.test.tsx[2m > [22m[2mMediaDetailPanel[2m > [22m[2msearches Location independently and resets the search after selection
2026-10-06T01:44:53.1276998Z [22m[39m[svelte] derived_inert
2026-10-06T01:44:53.1278139Z Reading a derived belonging to a now-destroyed effect may result in stale values
2026-10-06T01:44:53.1279864Z https://svelte.dev/e/derived_inert
2026-10-06T01:44:53.1281857Z 2026-10-06T01:44:53.127Z pw:browser [pid=3066][err] [1006/014453.126135:INFO:CONSOLE:1222] "%c[svelte] derived_inert
2026-10-06T01:44:53.1284380Z 2026-10-06T01:44:53.127Z pw:browser [pid=3066][err] %cReading a derived belonging to a now-destroyed effect may result in stale values
2026-10-06T01:44:53.1287044Z 2026-10-06T01:44:53.127Z pw:browser [pid=3066][err] https://svelte.dev/e/derived_inert font-weight: bold font-weight: normal", source: http://localhost:63315/__vitest_browser__/tester-BJtsJFpD.js (1222)
2026-10-06T01:44:53.4422593Z 2026-10-06T01:44:53.442Z pw:browser [pid=3066][err] [1006/014453.441896:INFO:CONSOLE:1222] "%c[svelte] ownership_invalid_mutation
2026-10-06T01:44:53.4431726Z 2026-10-06T01:44:53.442Z pw:browser [pid=3066][err] %cMutating unbound props (`editorFrameRef`, at src/​lib/​media/​FocalPointEditor.svelte:18:96) is strongly discouraged. Consider using `bind:editorFrameRef={...}` in src/lib/media/MediaDetails.svelte (or using a callback) instead
2026-10-06T01:44:53.4436254Z 2026-10-06T01:44:53.442Z pw:browser [pid=3066][err] https://svelte.dev/e/ownership_invalid_mutation font-weight: bold font-weight: normal", source: http://localhost:63315/__vitest_browser__/tester-BJtsJFpD.js (1222)
2026-10-06T01:44:53.4440336Z [90mstderr[2m | parity/emdash/media-admin-editor/source/packages/admin/tests/components/MediaDetailPanel.test.tsx[2m > [22m[2mMediaDetailPanel[2m > [22m[2mignores duplicate Location saves while the first update is pending
2026-10-06T01:44:53.4442841Z [22m[39m[svelte] ownership_invalid_mutation
2026-10-06T01:44:53.4445473Z Mutating unbound props (`editorFrameRef`, at src/​lib/​media/​FocalPointEditor.svelte:18:96) is strongly discouraged. Consider using `bind:editorFrameRef={...}` in src/lib/media/MediaDetails.svelte (or using a callback) instead
2026-10-06T01:44:53.4447517Z https://svelte.dev/e/ownership_invalid_mutation
2026-10-06T01:44:53.4457661Z 2026-10-06T01:44:53.445Z pw:browser [pid=3066][err] [1006/014453.445529:INFO:CONSOLE:1222] "%c[svelte] ownership_invalid_mutation
2026-10-06T01:44:53.4461693Z 2026-10-06T01:44:53.445Z pw:browser [pid=3066][err] %cMutating unbound props (`editorFrameRef`, at src/​lib/​media/​FocalPointEditor.svelte:18:32) is strongly discouraged. Consider using `bind:editorFrameRef={...}` in src/lib/media/MediaDetails.svelte (or using a callback) instead
2026-10-06T01:44:53.4471249Z 2026-10-06T01:44:53.445Z pw:browser [pid=3066][err] https://svelte.dev/e/ownership_invalid_mutation font-weight: bold font-weight: normal", source: http://localhost:63315/__vitest_browser__/tester-BJtsJFpD.js (1222)
2026-10-06T01:44:53.4476611Z [90mstderr[2m | parity/emdash/media-admin-editor/source/packages/admin/tests/components/MediaDetailPanel.test.tsx[2m > [22m[2mMediaDetailPanel[2m > [22m[2mignores duplicate Location saves while the first update is pending
2026-10-06T01:44:53.4478885Z [22m[39m[svelte] ownership_invalid_mutation
2026-10-06T01:44:53.4482028Z Mutating unbound props (`editorFrameRef`, at src/​lib/​media/​FocalPointEditor.svelte:18:32) is strongly discouraged. Consider using `bind:editorFrameRef={...}` in src/lib/media/MediaDetails.svelte (or using a callback) instead
2026-10-06T01:44:53.4488283Z https://svelte.dev/e/ownership_invalid_mutation
2026-10-06T01:44:53.5066158Z 2026-10-06T01:44:53.506Z pw:browser [pid=3066][err] [1006/014453.506225:INFO:CONSOLE:1222] "%c[svelte] ownership_invalid_mutation
2026-10-06T01:44:53.5070044Z 2026-10-06T01:44:53.506Z pw:browser [pid=3066][err] %cMutating unbound props (`editorFrameRef`, at src/​lib/​media/​FocalPointEditor.svelte:18:96) is strongly discouraged. Consider using `bind:editorFrameRef={...}` in src/lib/media/MediaDetails.svelte (or using a callback) instead
2026-10-06T01:44:53.5075802Z 2026-10-06T01:44:53.506Z pw:browser [pid=3066][err] https://svelte.dev/e/ownership_invalid_mutation font-weight: bold font-weight: normal", source: http://localhost:63315/__vitest_browser__/tester-BJtsJFpD.js (1222)
2026-10-06T01:44:53.5087548Z [90mstderr[2m | parity/emdash/media-admin-editor/source/packages/admin/tests/components/MediaDetailPanel.test.tsx[2m > [22m[2mMediaDetailPanel[2m > [22m[2mmoves a local video without image metadata
2026-10-06T01:44:53.5089736Z [22m[39m[svelte] ownership_invalid_mutation
2026-10-06T01:44:53.5092390Z Mutating unbound props (`editorFrameRef`, at src/​lib/​media/​FocalPointEditor.svelte:18:96) is strongly discouraged. Consider using `bind:editorFrameRef={...}` in src/lib/media/MediaDetails.svelte (or using a callback) instead
2026-10-06T01:44:53.5093447Z https://svelte.dev/e/ownership_invalid_mutation
2026-10-06T01:44:53.5481716Z [90mstderr[2m | parity/emdash/media-admin-editor/source/packages/admin/tests/components/MediaDetailPanel.test.tsx[2m > [22m[2mMediaDetailPanel[2m > [22m[2mloads one additional bounded Location page on request
2026-10-06T01:44:53.5502982Z [22m[39m[svelte] ownership_invalid_mutation
2026-10-06T01:44:53.5513640Z Mutating unbound props (`editorFrameRef`, at src/​lib/​media/​FocalPointEditor.svelte:18:32) is strongly discouraged. Consider using `bind:editorFrameRef={...}` in src/lib/media/MediaDetails.svelte (or using a callback) instead
2026-10-06T01:44:53.5542102Z https://svelte.dev/e/ownership_invalid_mutation
2026-10-06T01:44:53.5562595Z 2026-10-06T01:44:53.548Z pw:browser [pid=3066][err] [1006/014453.545274:INFO:CONSOLE:1222] "%c[svelte] ownership_invalid_mutation
2026-10-06T01:44:53.5566040Z 2026-10-06T01:44:53.548Z pw:browser [pid=3066][err] %cMutating unbound props (`editorFrameRef`, at src/​lib/​media/​FocalPointEditor.svelte:18:32) is strongly discouraged. Consider using `bind:editorFrameRef={...}` in src/lib/media/MediaDetails.svelte (or using a callback) instead
2026-10-06T01:44:53.5568055Z 2026-10-06T01:44:53.548Z pw:browser [pid=3066][err] https://svelte.dev/e/ownership_invalid_mutation font-weight: bold font-weight: normal", source: http://localhost:63315/__vitest_browser__/tester-BJtsJFpD.js (1222)
2026-10-06T01:44:53.6553722Z 2026-10-06T01:44:53.655Z pw:browser [pid=3066][err] [1006/014453.655058:INFO:CONSOLE:1222] "%c[svelte] ownership_invalid_mutation
2026-10-06T01:44:53.6557711Z 2026-10-06T01:44:53.655Z pw:browser [pid=3066][err] %cMutating unbound props (`editorFrameRef`, at src/​lib/​media/​FocalPointEditor.svelte:18:96) is strongly discouraged. Consider using `bind:editorFrameRef={...}` in src/lib/media/MediaDetails.svelte (or using a callback) instead
2026-10-06T01:44:53.6563497Z 2026-10-06T01:44:53.655Z pw:browser [pid=3066][err] https://svelte.dev/e/ownership_invalid_mutation font-weight: bold font-weight: normal", source: http://localhost:63315/__vitest_browser__/tester-BJtsJFpD.js (1222)
2026-10-06T01:44:53.6572552Z [90mstderr[2m | parity/emdash/media-admin-editor/source/packages/admin/tests/components/MediaDetailPanel.test.tsx[2m > [22m[2mMediaDetailPanel[2m > [22m[2mshows a read-only Location when the user cannot move the item
2026-10-06T01:44:53.6574512Z [22m[39m[svelte] ownership_invalid_mutation
2026-10-06T01:44:53.6576992Z Mutating unbound props (`editorFrameRef`, at src/​lib/​media/​FocalPointEditor.svelte:18:96) is strongly discouraged. Consider using `bind:editorFrameRef={...}` in src/lib/media/MediaDetails.svelte (or using a callback) instead
2026-10-06T01:44:53.6578843Z https://svelte.dev/e/ownership_invalid_mutation
2026-10-06T01:44:53.6590079Z 2026-10-06T01:44:53.658Z pw:browser [pid=3066][err] [1006/014453.658781:INFO:CONSOLE:1222] "%c[svelte] ownership_invalid_mutation
2026-10-06T01:44:53.6599351Z 2026-10-06T01:44:53.658Z pw:browser [pid=3066][err] %cMutating unbound props (`editorFrameRef`, at src/​lib/​media/​FocalPointEditor.svelte:18:32) is strongly discouraged. Consider using `bind:editorFrameRef={...}` in src/lib/media/MediaDetails.svelte (or using a callback) instead
2026-10-06T01:44:53.6603296Z 2026-10-06T01:44:53.658Z pw:browser [pid=3066][err] https://svelte.dev/e/ownership_invalid_mutation font-weight: bold font-weight: normal", source: http://localhost:63315/__vitest_browser__/tester-BJtsJFpD.js (1222)
2026-10-06T01:44:53.6606867Z [90mstderr[2m | parity/emdash/media-admin-editor/source/packages/admin/tests/components/MediaDetailPanel.test.tsx[2m > [22m[2mMediaDetailPanel[2m > [22m[2mshows a read-only Location when the user cannot move the item
2026-10-06T01:44:53.6608845Z [22m[39m[svelte] ownership_invalid_mutation
2026-10-06T01:44:53.6631050Z Mutating unbound props (`editorFrameRef`, at src/​lib/​media/​FocalPointEditor.svelte:18:32) is strongly discouraged. Consider using `bind:editorFrameRef={...}` in src/lib/media/MediaDetails.svelte (or using a callback) instead
2026-10-06T01:44:53.6635165Z https://svelte.dev/e/ownership_invalid_mutation
2026-10-06T01:44:53.6640207Z 2026-10-06T01:44:53.663Z pw:browser [pid=3066][err] [1006/014453.663762:INFO:CONSOLE:1222] "%c[svelte] ownership_invalid_mutation
2026-10-06T01:44:53.6648319Z 2026-10-06T01:44:53.663Z pw:browser [pid=3066][err] %cMutating unbound props (`editorFrameRef`, at src/​lib/​media/​FocalPointEditor.svelte:18:96) is strongly discouraged. Consider using `bind:editorFrameRef={...}` in src/lib/media/MediaDetails.svelte (or using a callback) instead
2026-10-06T01:44:53.6652409Z 2026-10-06T01:44:53.663Z pw:browser [pid=3066][err] https://svelte.dev/e/ownership_invalid_mutation font-weight: bold font-weight: normal", source: http://localhost:63315/__vitest_browser__/tester-BJtsJFpD.js (1222)
2026-10-06T01:44:53.6666172Z [90mstderr[2m | parity/emdash/media-admin-editor/source/packages/admin/tests/components/MediaDetailPanel.test.tsx[2m > [22m[2mMediaDetailPanel[2m > [22m[2mrefreshes the open item when its saved folder no longer exists
2026-10-06T01:44:53.6669006Z [22m[39m[svelte] ownership_invalid_mutation
2026-10-06T01:44:53.6672063Z Mutating unbound props (`editorFrameRef`, at src/​lib/​media/​FocalPointEditor.svelte:18:96) is strongly discouraged. Consider using `bind:editorFrameRef={...}` in src/lib/media/MediaDetails.svelte (or using a callback) instead
2026-10-06T01:44:53.6674069Z https://svelte.dev/e/ownership_invalid_mutation
2026-10-06T01:44:53.6679508Z [90mstderr[2m | parity/emdash/media-admin-editor/source/packages/admin/tests/components/MediaDetailPanel.test.tsx[2m > [22m[2mMediaDetailPanel[2m > [22m[2mrefreshes the open item when its saved folder no longer exists
2026-10-06T01:44:53.6683567Z [22m[39m[svelte] ownership_invalid_mutation
2026-10-06T01:44:53.6686413Z Mutating unbound props (`editorFrameRef`, at src/​lib/​media/​FocalPointEditor.svelte:18:32) is strongly discouraged. Consider using `bind:editorFrameRef={...}` in src/lib/media/MediaDetails.svelte (or using a callback) instead
2026-10-06T01:44:53.6688857Z https://svelte.dev/e/ownership_invalid_mutation
2026-10-06T01:44:53.6690222Z 2026-10-06T01:44:53.667Z pw:browser [pid=3066][err] [1006/014453.667605:INFO:CONSOLE:1222] "%c[svelte] ownership_invalid_mutation
2026-10-06T01:44:53.6694033Z 2026-10-06T01:44:53.667Z pw:browser [pid=3066][err] %cMutating unbound props (`editorFrameRef`, at src/​lib/​media/​FocalPointEditor.svelte:18:32) is strongly discouraged. Consider using `bind:editorFrameRef={...}` in src/lib/media/MediaDetails.svelte (or using a callback) instead
2026-10-06T01:44:53.6697676Z 2026-10-06T01:44:53.667Z pw:browser [pid=3066][err] https://svelte.dev/e/ownership_invalid_mutation font-weight: bold font-weight: normal", source: http://localhost:63315/__vitest_browser__/tester-BJtsJFpD.js (1222)
2026-10-06T01:44:53.6782168Z 2026-10-06T01:44:53.677Z pw:browser [pid=3066][err] [1006/014453.677679:INFO:CONSOLE:1222] "%c[svelte] derived_inert
2026-10-06T01:44:53.6783985Z 2026-10-06T01:44:53.677Z pw:browser [pid=3066][err] %cReading a derived belonging to a now-destroyed effect may result in stale values
2026-10-06T01:44:53.6786518Z 2026-10-06T01:44:53.677Z pw:browser [pid=3066][err] https://svelte.dev/e/derived_inert font-weight: bold font-weight: normal", source: http://localhost:63315/__vitest_browser__/tester-BJtsJFpD.js (1222)
2026-10-06T01:44:53.6790061Z [90mstderr[2m | parity/emdash/media-admin-editor/source/packages/admin/tests/components/MediaDetailPanel.test.tsx[2m > [22m[2mMediaDetailPanel[2m > [22m[2mrefreshes the open item when its saved folder no longer exists
2026-10-06T01:44:53.6792185Z [22m[39m[svelte] derived_inert
2026-10-06T01:44:53.6793082Z Reading a derived belonging to a now-destroyed effect may result in stale values
2026-10-06T01:44:53.6793958Z https://svelte.dev/e/derived_inert
2026-10-06T01:44:53.7222318Z 2026-10-06T01:44:53.721Z pw:browser [pid=3066][err] [1006/014453.721848:INFO:CONSOLE:1222] "%c[svelte] ownership_invalid_mutation
2026-10-06T01:44:53.7226066Z 2026-10-06T01:44:53.721Z pw:browser [pid=3066][err] %cMutating unbound props (`editorFrameRef`, at src/​lib/​media/​FocalPointEditor.svelte:18:96) is strongly discouraged. Consider using `bind:editorFrameRef={...}` in src/lib/media/MediaDetails.svelte (or using a callback) instead
2026-10-06T01:44:53.7230014Z 2026-10-06T01:44:53.721Z pw:browser [pid=3066][err] https://svelte.dev/e/ownership_invalid_mutation font-weight: bold font-weight: normal", source: http://localhost:63315/__vitest_browser__/tester-BJtsJFpD.js (1222)
2026-10-06T01:44:53.7237896Z [90mstderr[2m | parity/emdash/media-admin-editor/source/packages/admin/tests/components/MediaDetailPanel.test.tsx[2m > [22m[2mMediaDetailPanel[2m > [22m[2mrefreshes the open item when a selected folder disappears during save
2026-10-06T01:44:53.7240370Z [22m[39m[svelte] ownership_invalid_mutation
2026-10-06T01:44:53.7243337Z Mutating unbound props (`editorFrameRef`, at src/​lib/​media/​FocalPointEditor.svelte:18:96) is strongly discouraged. Consider using `bind:editorFrameRef={...}` in src/lib/media/MediaDetails.svelte (or using a callback) instead
2026-10-06T01:44:53.7245397Z https://svelte.dev/e/ownership_invalid_mutation
2026-10-06T01:44:53.7254672Z 2026-10-06T01:44:53.725Z pw:browser [pid=3066][err] [1006/014453.725245:INFO:CONSOLE:1222] "%c[svelte] ownership_invalid_mutation
2026-10-06T01:44:53.7266466Z 2026-10-06T01:44:53.725Z pw:browser [pid=3066][err] %cMutating unbound props (`editorFrameRef`, at src/​lib/​media/​FocalPointEditor.svelte:18:32) is strongly discouraged. Consider using `bind:editorFrameRef={...}` in src/lib/media/MediaDetails.svelte (or using a callback) instead
2026-10-06T01:44:53.7275330Z 2026-10-06T01:44:53.725Z pw:browser [pid=3066][err] https://svelte.dev/e/ownership_invalid_mutation font-weight: bold font-weight: normal", source: http://localhost:63315/__vitest_browser__/tester-BJtsJFpD.js (1222)
2026-10-06T01:44:53.7279192Z [90mstderr[2m | parity/emdash/media-admin-editor/source/packages/admin/tests/components/MediaDetailPanel.test.tsx[2m > [22m[2mMediaDetailPanel[2m > [22m[2mrefreshes the open item when a selected folder disappears during save
2026-10-06T01:44:53.7311559Z [22m[39m[svelte] ownership_invalid_mutation
2026-10-06T01:44:53.7343234Z Mutating unbound props (`editorFrameRef`, at src/​lib/​media/​FocalPointEditor.svelte:18:32) is strongly discouraged. Consider using `bind:editorFrameRef={...}` in src/lib/media/MediaDetails.svelte (or using a callback) instead
2026-10-06T01:44:53.7371557Z https://svelte.dev/e/ownership_invalid_mutation
2026-10-06T01:44:53.8136835Z 2026-10-06T01:44:53.813Z pw:browser [pid=3066][err] [1006/014453.784301:INFO:CONSOLE:1222] "%c[svelte] ownership_invalid_mutation
2026-10-06T01:44:53.8141189Z 2026-10-06T01:44:53.813Z pw:browser [pid=3066][err] %cMutating unbound props (`editorFrameRef`, at src/​lib/​media/​FocalPointEditor.svelte:18:96) is strongly discouraged. Consider using `bind:editorFrameRef={...}` in src/lib/media/MediaDetails.svelte (or using a callback) instead
2026-10-06T01:44:53.8144954Z 2026-10-06T01:44:53.813Z pw:browser [pid=3066][err] https://svelte.dev/e/ownership_invalid_mutation font-weight: bold font-weight: normal", source: http://localhost:63315/__vitest_browser__/tester-BJtsJFpD.js (1222)
2026-10-06T01:44:53.8147286Z 2026-10-06T01:44:53.813Z pw:browser [pid=3066][err] [1006/014453.789334:INFO:CONSOLE:1222] "%c[svelte] ownership_invalid_mutation
2026-10-06T01:44:53.8152859Z 2026-10-06T01:44:53.813Z pw:browser [pid=3066][err] %cMutating unbound props (`editorFrameRef`, at src/​lib/​media/​FocalPointEditor.svelte:18:32) is strongly discouraged. Consider using `bind:editorFrameRef={...}` in src/lib/media/MediaDetails.svelte (or using a callback) instead
2026-10-06T01:44:53.8156272Z 2026-10-06T01:44:53.813Z pw:browser [pid=3066][err] https://svelte.dev/e/ownership_invalid_mutation font-weight: bold font-weight: normal", source: http://localhost:63315/__vitest_browser__/tester-BJtsJFpD.js (1222)
2026-10-06T01:44:53.8169368Z [90mstderr[2m | parity/emdash/media-admin-editor/source/packages/admin/tests/components/MediaDetailPanel.test.tsx[2m > [22m[2mMediaDetailPanel[2m > [22m[2mblocks stale save retries while missing-folder recovery is pending
2026-10-06T01:44:53.8170503Z [22m[39m[svelte] ownership_invalid_mutation
2026-10-06T01:44:53.8172513Z Mutating unbound props (`editorFrameRef`, at src/​lib/​media/​FocalPointEditor.svelte:18:96) is strongly discouraged. Consider using `bind:editorFrameRef={...}` in src/lib/media/MediaDetails.svelte (or using a callback) instead
2026-10-06T01:44:53.8173564Z https://svelte.dev/e/ownership_invalid_mutation
2026-10-06T01:44:53.8174942Z [90mstderr[2m | parity/emdash/media-admin-editor/source/packages/admin/tests/components/MediaDetailPanel.test.tsx[2m > [22m[2mMediaDetailPanel[2m > [22m[2mblocks stale save retries while missing-folder recovery is pending
2026-10-06T01:44:53.8176154Z [22m[39m[svelte] ownership_invalid_mutation
2026-10-06T01:44:53.8177465Z Mutating unbound props (`editorFrameRef`, at src/​lib/​media/​FocalPointEditor.svelte:18:32) is strongly discouraged. Consider using `bind:editorFrameRef={...}` in src/lib/media/MediaDetails.svelte (or using a callback) instead
2026-10-06T01:44:53.8178467Z https://svelte.dev/e/ownership_invalid_mutation
2026-10-06T01:44:53.8994574Z 2026-10-06T01:44:53.899Z pw:browser [pid=3066][err] [1006/014453.899125:INFO:CONSOLE:1222] "%c[svelte] ownership_invalid_mutation
2026-10-06T01:44:53.8998683Z 2026-10-06T01:44:53.899Z pw:browser [pid=3066][err] %cMutating unbound props (`editorFrameRef`, at src/​lib/​media/​FocalPointEditor.svelte:18:96) is strongly discouraged. Consider using `bind:editorFrameRef={...}` in src/lib/media/MediaDetails.svelte (or using a callback) instead
2026-10-06T01:44:53.9012891Z 2026-10-06T01:44:53.899Z pw:browser [pid=3066][err] https://svelte.dev/e/ownership_invalid_mutation font-weight: bold font-weight: normal", source: http://localhost:63315/__vitest_browser__/tester-BJtsJFpD.js (1222)
2026-10-06T01:44:53.9016705Z [90mstderr[2m | parity/emdash/media-admin-editor/source/packages/admin/tests/components/MediaDetailPanel.test.tsx[2m > [22m[2mMediaDetailPanel[2m > [22m[2mreports when the media itself was deleted during a save
2026-10-06T01:44:53.9018755Z [22m[39m[svelte] ownership_invalid_mutation
2026-10-06T01:44:53.9021612Z Mutating unbound props (`editorFrameRef`, at src/​lib/​media/​FocalPointEditor.svelte:18:96) is strongly discouraged. Consider using `bind:editorFrameRef={...}` in src/lib/media/MediaDetails.svelte (or using a callback) instead
2026-10-06T01:44:53.9023559Z https://svelte.dev/e/ownership_invalid_mutation
2026-10-06T01:44:53.9033685Z 2026-10-06T01:44:53.903Z pw:browser [pid=3066][err] [1006/014453.903126:INFO:CONSOLE:1222] "%c[svelte] ownership_invalid_mutation
2026-10-06T01:44:53.9037490Z 2026-10-06T01:44:53.903Z pw:browser [pid=3066][err] %cMutating unbound props (`editorFrameRef`, at src/​lib/​media/​FocalPointEditor.svelte:18:32) is strongly discouraged. Consider using `bind:editorFrameRef={...}` in src/lib/media/MediaDetails.svelte (or using a callback) instead
2026-10-06T01:44:53.9062705Z 2026-10-06T01:44:53.903Z pw:browser [pid=3066][err] https://svelte.dev/e/ownership_invalid_mutation font-weight: bold font-weight: normal", source: http://localhost:63315/__vitest_browser__/tester-BJtsJFpD.js (1222)
2026-10-06T01:44:53.9068260Z [90mstderr[2m | parity/emdash/media-admin-editor/source/packages/admin/tests/components/MediaDetailPanel.test.tsx[2m > [22m[2mMediaDetailPanel[2m > [22m[2mreports when the media itself was deleted during a save
2026-10-06T01:44:53.9071915Z [22m[39m[svelte] ownership_invalid_mutation
2026-10-06T01:44:53.9074728Z Mutating unbound props (`editorFrameRef`, at src/​lib/​media/​FocalPointEditor.svelte:18:32) is strongly discouraged. Consider using `bind:editorFrameRef={...}` in src/lib/media/MediaDetails.svelte (or using a callback) instead
2026-10-06T01:44:53.9076704Z https://svelte.dev/e/ownership_invalid_mutation
2026-10-06T01:44:53.9635628Z 2026-10-06T01:44:53.963Z pw:browser [pid=3066][err] [1006/014453.963173:INFO:CONSOLE:1222] "%c[svelte] ownership_invalid_mutation
2026-10-06T01:44:53.9640319Z 2026-10-06T01:44:53.963Z pw:browser [pid=3066][err] %cMutating unbound props (`editorFrameRef`, at src/​lib/​media/​FocalPointEditor.svelte:18:96) is strongly discouraged. Consider using `bind:editorFrameRef={...}` in src/lib/media/MediaDetails.svelte (or using a callback) instead
2026-10-06T01:44:53.9643177Z 2026-10-06T01:44:53.963Z pw:browser [pid=3066][err] https://svelte.dev/e/ownership_invalid_mutation font-weight: bold font-weight: normal", source: http://localhost:63315/__vitest_browser__/tester-BJtsJFpD.js (1222)
2026-10-06T01:44:53.9650139Z [90mstderr[2m | parity/emdash/media-admin-editor/source/packages/admin/tests/components/MediaDetailPanel.test.tsx[2m > [22m[2mMediaDetailPanel[2m > [22m[2mdoes not blame the folder when missing-item recovery cannot confirm the state
2026-10-06T01:44:53.9652693Z [22m[39m[svelte] ownership_invalid_mutation
2026-10-06T01:44:53.9655152Z Mutating unbound props (`editorFrameRef`, at src/​lib/​media/​FocalPointEditor.svelte:18:96) is strongly discouraged. Consider using `bind:editorFrameRef={...}` in src/lib/media/MediaDetails.svelte (or using a callback) instead
2026-10-06T01:44:53.9656571Z https://svelte.dev/e/ownership_invalid_mutation
2026-10-06T01:44:53.9674852Z 2026-10-06T01:44:53.967Z pw:browser [pid=3066][err] [1006/014453.967214:INFO:CONSOLE:1222] "%c[svelte] ownership_invalid_mutation
2026-10-06T01:44:53.9678519Z 2026-10-06T01:44:53.967Z pw:browser [pid=3066][err] %cMutating unbound props (`editorFrameRef`, at src/​lib/​media/​FocalPointEditor.svelte:18:32) is strongly discouraged. Consider using `bind:editorFrameRef={...}` in src/lib/media/MediaDetails.svelte (or using a callback) instead
2026-10-06T01:44:53.9685222Z 2026-10-06T01:44:53.967Z pw:browser [pid=3066][err] https://svelte.dev/e/ownership_invalid_mutation font-weight: bold font-weight: normal", source: http://localhost:63315/__vitest_browser__/tester-BJtsJFpD.js (1222)
2026-10-06T01:44:53.9688523Z [90mstderr[2m | parity/emdash/media-admin-editor/source/packages/admin/tests/components/MediaDetailPanel.test.tsx[2m > [22m[2mMediaDetailPanel[2m > [22m[2mdoes not blame the folder when missing-item recovery cannot confirm the state
2026-10-06T01:44:53.9690573Z [22m[39m[svelte] ownership_invalid_mutation
2026-10-06T01:44:53.9693265Z Mutating unbound props (`editorFrameRef`, at src/​lib/​media/​FocalPointEditor.svelte:18:32) is strongly discouraged. Consider using `bind:editorFrameRef={...}` in src/lib/media/MediaDetails.svelte (or using a callback) instead
2026-10-06T01:44:53.9695072Z https://svelte.dev/e/ownership_invalid_mutation
2026-10-06T01:44:54.0263450Z 2026-10-06T01:44:54.026Z pw:browser [pid=3066][err] [1006/014454.025952:INFO:CONSOLE:1222] "%c[svelte] ownership_invalid_mutation
2026-10-06T01:44:54.0267229Z 2026-10-06T01:44:54.026Z pw:browser [pid=3066][err] %cMutating unbound props (`editorFrameRef`, at src/​lib/​media/​FocalPointEditor.svelte:18:96) is strongly discouraged. Consider using `bind:editorFrameRef={...}` in src/lib/media/MediaDetails.svelte (or using a callback) instead
2026-10-06T01:44:54.0271156Z 2026-10-06T01:44:54.026Z pw:browser [pid=3066][err] https://svelte.dev/e/ownership_invalid_mutation font-weight: bold font-weight: normal", source: http://localhost:63315/__vitest_browser__/tester-BJtsJFpD.js (1222)
2026-10-06T01:44:54.0280384Z [90mstderr[2m | parity/emdash/media-admin-editor/source/packages/admin/tests/components/MediaDetailPanel.test.tsx[2m > [22m[2mMediaDetailPanel[2m > [22m[2mdoes not consume the keyboard save shortcut when nothing can be saved
2026-10-06T01:44:54.0283077Z [22m[39m[svelte] ownership_invalid_mutation
2026-10-06T01:44:54.0286286Z Mutating unbound props (`editorFrameRef`, at src/​lib/​media/​FocalPointEditor.svelte:18:96) is strongly discouraged. Consider using `bind:editorFrameRef={...}` in src/lib/media/MediaDetails.svelte (or using a callback) instead
2026-10-06T01:44:54.0288545Z https://svelte.dev/e/ownership_invalid_mutation
2026-10-06T01:44:54.0299110Z 2026-10-06T01:44:54.029Z pw:browser [pid=3066][err] [1006/014454.029685:INFO:CONSOLE:1222] "%c[svelte] ownership_invalid_mutation
2026-10-06T01:44:54.0306828Z 2026-10-06T01:44:54.029Z pw:browser [pid=3066][err] %cMutating unbound props (`editorFrameRef`, at src/​lib/​media/​FocalPointEditor.svelte:18:32) is strongly discouraged. Consider using `bind:editorFrameRef={...}` in src/lib/media/MediaDetails.svelte (or using a callback) instead
2026-10-06T01:44:54.0311160Z 2026-10-06T01:44:54.029Z pw:browser [pid=3066][err] https://svelte.dev/e/ownership_invalid_mutation font-weight: bold font-weight: normal", source: http://localhost:63315/__vitest_browser__/tester-BJtsJFpD.js (1222)
2026-10-06T01:44:54.0321392Z [90mstderr[2m | parity/emdash/media-admin-editor/source/packages/admin/tests/components/MediaDetailPanel.test.tsx[2m > [22m[2mMediaDetailPanel[2m > [22m[2mdoes not consume the keyboard save shortcut when nothing can be saved
2026-10-06T01:44:54.0324608Z [22m[39m[svelte] ownership_invalid_mutation
2026-10-06T01:44:54.0327445Z Mutating unbound props (`editorFrameRef`, at src/​lib/​media/​FocalPointEditor.svelte:18:32) is strongly discouraged. Consider using `bind:editorFrameRef={...}` in src/lib/media/MediaDetails.svelte (or using a callback) instead
2026-10-06T01:44:54.0341584Z https://svelte.dev/e/ownership_invalid_mutation
2026-10-06T01:44:54.0366974Z 2026-10-06T01:44:54.036Z pw:browser [pid=3066][err] [1006/014454.035018:INFO:CONSOLE:1222] "%c[svelte] ownership_invalid_mutation
2026-10-06T01:44:54.0384320Z 2026-10-06T01:44:54.036Z pw:browser [pid=3066][err] %cMutating unbound props (`editorFrameRef`, at src/​lib/​media/​FocalPointEditor.svelte:18:96) is strongly discouraged. Consider using `bind:editorFrameRef={...}` in src/lib/media/MediaDetails.svelte (or using a callback) instead
2026-10-06T01:44:54.0388127Z 2026-10-06T01:44:54.036Z pw:browser [pid=3066][err] https://svelte.dev/e/ownership_invalid_mutation font-weight: bold font-weight: normal", source: http://localhost:63315/__vitest_browser__/tester-BJtsJFpD.js (1222)
2026-10-06T01:44:54.0392031Z [90mstderr[2m | parity/emdash/media-admin-editor/source/packages/admin/tests/components/MediaDetailPanel.test.tsx[2m > [22m[2mMediaDetailPanel[2m > [22m[2mdelete with confirm calls deleteMedia and onClose + onDeleted
2026-10-06T01:44:54.0394377Z [22m[39m[svelte] ownership_invalid_mutation
2026-10-06T01:44:54.0397181Z Mutating unbound props (`editorFrameRef`, at src/​lib/​media/​FocalPointEditor.svelte:18:96) is strongly discouraged. Consider using `bind:editorFrameRef={...}` in src/lib/media/MediaDetails.svelte (or using a callback) instead
2026-10-06T01:44:54.0399444Z https://svelte.dev/e/ownership_invalid_mutation
2026-10-06T01:44:54.0401375Z 2026-10-06T01:44:54.039Z pw:browser [pid=3066][err] [1006/014454.039579:INFO:CONSOLE:1222] "%c[svelte] ownership_invalid_mutation
2026-10-06T01:44:54.0405065Z 2026-10-06T01:44:54.039Z pw:browser [pid=3066][err] %cMutating unbound props (`editorFrameRef`, at src/​lib/​media/​FocalPointEditor.svelte:18:32) is strongly discouraged. Consider using `bind:editorFrameRef={...}` in src/lib/media/MediaDetails.svelte (or using a callback) instead
2026-10-06T01:44:54.0409203Z 2026-10-06T01:44:54.039Z pw:browser [pid=3066][err] https://svelte.dev/e/ownership_invalid_mutation font-weight: bold font-weight: normal", source: http://localhost:63315/__vitest_browser__/tester-BJtsJFpD.js (1222)
2026-10-06T01:44:54.0415587Z [90mstderr[2m | parity/emdash/media-admin-editor/source/packages/admin/tests/components/MediaDetailPanel.test.tsx[2m > [22m[2mMediaDetailPanel[2m > [22m[2mdelete with confirm calls deleteMedia and onClose + onDeleted
2026-10-06T01:44:54.0417682Z [22m[39m[svelte] ownership_invalid_mutation
2026-10-06T01:44:54.0420287Z Mutating unbound props (`editorFrameRef`, at src/​lib/​media/​FocalPointEditor.svelte:18:32) is strongly discouraged. Consider using `bind:editorFrameRef={...}` in src/lib/media/MediaDetails.svelte (or using a callback) instead
2026-10-06T01:44:54.0422654Z https://svelte.dev/e/ownership_invalid_mutation
2026-10-06T01:44:54.0986390Z 2026-10-06T01:44:54.098Z pw:browser [pid=3066][err] [1006/014454.098328:INFO:CONSOLE:1222] "%c[svelte] ownership_invalid_mutation
2026-10-06T01:44:54.0989943Z 2026-10-06T01:44:54.098Z pw:browser [pid=3066][err] %cMutating unbound props (`editorFrameRef`, at src/​lib/​media/​FocalPointEditor.svelte:18:96) is strongly discouraged. Consider using `bind:editorFrameRef={...}` in src/lib/media/MediaDetails.svelte (or using a callback) instead
2026-10-06T01:44:54.0993399Z 2026-10-06T01:44:54.098Z pw:browser [pid=3066][err] https://svelte.dev/e/ownership_invalid_mutation font-weight: bold font-weight: normal", source: http://localhost:63315/__vitest_browser__/tester-BJtsJFpD.js (1222)
2026-10-06T01:44:54.1006305Z [90mstderr[2m | parity/emdash/media-admin-editor/source/packages/admin/tests/components/MediaDetailPanel.test.tsx[2m > [22m[2mMediaDetailPanel[2m > [22m[2mdeletes provider assets through the provider API when deletion is supported
2026-10-06T01:44:54.1016923Z [22m[39m[svelte] ownership_invalid_mutation
2026-10-06T01:44:54.1019623Z Mutating unbound props (`editorFrameRef`, at src/​lib/​media/​FocalPointEditor.svelte:18:96) is strongly discouraged. Consider using `bind:editorFrameRef={...}` in src/lib/media/MediaDetails.svelte (or using a callback) instead
2026-10-06T01:44:54.1030920Z https://svelte.dev/e/ownership_invalid_mutation
2026-10-06T01:44:54.1032283Z 2026-10-06T01:44:54.102Z pw:browser [pid=3066][err] [1006/014454.102117:INFO:CONSOLE:1222] "%c[svelte] ownership_invalid_mutation
2026-10-06T01:44:54.1035172Z 2026-10-06T01:44:54.102Z pw:browser [pid=3066][err] %cMutating unbound props (`editorFrameRef`, at src/​lib/​media/​FocalPointEditor.svelte:18:32) is strongly discouraged. Consider using `bind:editorFrameRef={...}` in src/lib/media/MediaDetails.svelte (or using a callback) instead
2026-10-06T01:44:54.1037510Z 2026-10-06T01:44:54.102Z pw:browser [pid=3066][err] https://svelte.dev/e/ownership_invalid_mutation font-weight: bold font-weight: normal", source: http://localhost:63315/__vitest_browser__/tester-BJtsJFpD.js (1222)
2026-10-06T01:44:54.1041384Z [90mstderr[2m | parity/emdash/media-admin-editor/source/packages/admin/tests/components/MediaDetailPanel.test.tsx[2m > [22m[2mMediaDetailPanel[2m > [22m[2mdeletes provider assets through the provider API when deletion is supported
2026-10-06T01:44:54.1052730Z [22m[39m[svelte] ownership_invalid_mutation
2026-10-06T01:44:54.1055237Z Mutating unbound props (`editorFrameRef`, at src/​lib/​media/​FocalPointEditor.svelte:18:32) is strongly discouraged. Consider using `bind:editorFrameRef={...}` in src/lib/media/MediaDetails.svelte (or using a callback) instead
2026-10-06T01:44:54.1057106Z https://svelte.dev/e/ownership_invalid_mutation
2026-10-06T01:44:54.1597338Z 2026-10-06T01:44:54.159Z pw:browser [pid=3066][err] [1006/014454.159439:INFO:CONSOLE:1222] "%c[svelte] ownership_invalid_mutation
2026-10-06T01:44:54.1603004Z 2026-10-06T01:44:54.159Z pw:browser [pid=3066][err] %cMutating unbound props (`editorFrameRef`, at src/​lib/​media/​FocalPointEditor.svelte:18:96) is strongly discouraged. Consider using `bind:editorFrameRef={...}` in src/lib/media/MediaDetails.svelte (or using a callback) instead
2026-10-06T01:44:54.1612597Z 2026-10-06T01:44:54.159Z pw:browser [pid=3066][err] https://svelte.dev/e/ownership_invalid_mutation font-weight: bold font-weight: normal", source: http://localhost:63315/__vitest_browser__/tester-BJtsJFpD.js (1222)
2026-10-06T01:44:54.1616328Z [90mstderr[2m | parity/emdash/media-admin-editor/source/packages/admin/tests/components/MediaDetailPanel.test.tsx[2m > [22m[2mMediaDetailPanel[2m > [22m[2mdelete cancelled does not call deleteMedia
2026-10-06T01:44:54.1618499Z [22m[39m[svelte] ownership_invalid_mutation
2026-10-06T01:44:54.1621625Z Mutating unbound props (`editorFrameRef`, at src/​lib/​media/​FocalPointEditor.svelte:18:96) is strongly discouraged. Consider using `bind:editorFrameRef={...}` in src/lib/media/MediaDetails.svelte (or using a callback) instead
2026-10-06T01:44:54.1623822Z https://svelte.dev/e/ownership_invalid_mutation
2026-10-06T01:44:54.1638242Z 2026-10-06T01:44:54.163Z pw:browser [pid=3066][err] [1006/014454.163595:INFO:CONSOLE:1222] "%c[svelte] ownership_invalid_mutation
2026-10-06T01:44:54.1644928Z 2026-10-06T01:44:54.163Z pw:browser [pid=3066][err] %cMutating unbound props (`editorFrameRef`, at src/​lib/​media/​FocalPointEditor.svelte:18:32) is strongly discouraged. Consider using `bind:editorFrameRef={...}` in src/lib/media/MediaDetails.svelte (or using a callback) instead
2026-10-06T01:44:54.1648924Z 2026-10-06T01:44:54.163Z pw:browser [pid=3066][err] https://svelte.dev/e/ownership_invalid_mutation font-weight: bold font-weight: normal", source: http://localhost:63315/__vitest_browser__/tester-BJtsJFpD.js (1222)
2026-10-06T01:44:54.1653190Z [90mstderr[2m | parity/emdash/media-admin-editor/source/packages/admin/tests/components/MediaDetailPanel.test.tsx[2m > [22m[2mMediaDetailPanel[2m > [22m[2mdelete cancelled does not call deleteMedia
2026-10-06T01:44:54.1655883Z [22m[39m[svelte] ownership_invalid_mutation
2026-10-06T01:44:54.1658656Z Mutating unbound props (`editorFrameRef`, at src/​lib/​media/​FocalPointEditor.svelte:18:32) is strongly discouraged. Consider using `bind:editorFrameRef={...}` in src/lib/media/MediaDetails.svelte (or using a callback) instead
2026-10-06T01:44:54.1664819Z https://svelte.dev/e/ownership_invalid_mutation
2026-10-06T01:44:54.1727788Z 2026-10-06T01:44:54.172Z pw:browser [pid=3066][err] [1006/014454.172496:INFO:CONSOLE:1222] "%c[svelte] ownership_invalid_mutation
2026-10-06T01:44:54.1731810Z 2026-10-06T01:44:54.172Z pw:browser [pid=3066][err] %cMutating unbound props (`editorFrameRef`, at src/​lib/​media/​FocalPointEditor.svelte:18:96) is strongly discouraged. Consider using `bind:editorFrameRef={...}` in src/lib/media/MediaDetails.svelte (or using a callback) instead
2026-10-06T01:44:54.1741459Z 2026-10-06T01:44:54.172Z pw:browser [pid=3066][err] https://svelte.dev/e/ownership_invalid_mutation font-weight: bold font-weight: normal", source: http://localhost:63315/__vitest_browser__/tester-BJtsJFpD.js (1222)
2026-10-06T01:44:54.1746409Z [90mstderr[2m | parity/emdash/media-admin-editor/source/packages/admin/tests/components/MediaDetailPanel.test.tsx[2m > [22m[2mMediaDetailPanel[2m > [22m[2mclose button calls onClose when clean
2026-10-06T01:44:54.1755115Z [22m[39m[svelte] ownership_invalid_mutation
2026-10-06T01:44:54.1757832Z Mutating unbound props (`editorFrameRef`, at src/​lib/​media/​FocalPointEditor.svelte:18:96) is strongly discouraged. Consider using `bind:editorFrameRef={...}` in src/lib/media/MediaDetails.svelte (or using a callback) instead
2026-10-06T01:44:54.1759933Z https://svelte.dev/e/ownership_invalid_mutation
2026-10-06T01:44:54.1770049Z 2026-10-06T01:44:54.176Z pw:browser [pid=3066][err] [1006/014454.176752:INFO:CONSOLE:1222] "%c[svelte] ownership_invalid_mutation
2026-10-06T01:44:54.1777026Z 2026-10-06T01:44:54.176Z pw:browser [pid=3066][err] %cMutating unbound props (`editorFrameRef`, at src/​lib/​media/​FocalPointEditor.svelte:18:32) is strongly discouraged. Consider using `bind:editorFrameRef={...}` in src/lib/media/MediaDetails.svelte (or using a callback) instead
2026-10-06T01:44:54.1781401Z 2026-10-06T01:44:54.176Z pw:browser [pid=3066][err] https://svelte.dev/e/ownership_invalid_mutation font-weight: bold font-weight: normal", source: http://localhost:63315/__vitest_browser__/tester-BJtsJFpD.js (1222)
2026-10-06T01:44:54.1785756Z [90mstderr[2m | parity/emdash/media-admin-editor/source/packages/admin/tests/components/MediaDetailPanel.test.tsx[2m > [22m[2mMediaDetailPanel[2m > [22m[2mclose button calls onClose when clean
2026-10-06T01:44:54.1788454Z [22m[39m[svelte] ownership_invalid_mutation
2026-10-06T01:44:54.1791285Z Mutating unbound props (`editorFrameRef`, at src/​lib/​media/​FocalPointEditor.svelte:18:32) is strongly discouraged. Consider using `bind:editorFrameRef={...}` in src/lib/media/MediaDetails.svelte (or using a callback) instead
2026-10-06T01:44:54.1793618Z https://svelte.dev/e/ownership_invalid_mutation
2026-10-06T01:44:54.1836521Z [90mstderr[2m | parity/emdash/media-admin-editor/source/packages/admin/tests/components/MediaDetailPanel.test.tsx[2m > [22m[2mMediaDetailPanel[2m > [22m[2mplaces a compact Back action in the embedded footer
2026-10-06T01:44:54.1842054Z [22m[39m[svelte] ownership_invalid_mutation
2026-10-06T01:44:54.1844794Z Mutating unbound props (`editorFrameRef`, at src/​lib/​media/​FocalPointEditor.svelte:18:96) is strongly discouraged. Consider using `bind:editorFrameRef={...}` in src/lib/media/MediaDetails.svelte (or using a callback) instead
2026-10-06T01:44:54.1846938Z https://svelte.dev/e/ownership_invalid_mutation
2026-10-06T01:44:54.1848711Z 2026-10-06T01:44:54.183Z pw:browser [pid=3066][err] [1006/014454.183179:INFO:CONSOLE:1222] "%c[svelte] ownership_invalid_mutation
2026-10-06T01:44:54.1852935Z 2026-10-06T01:44:54.183Z pw:browser [pid=3066][err] %cMutating unbound props (`editorFrameRef`, at src/​lib/​media/​FocalPointEditor.svelte:18:96) is strongly discouraged. Consider using `bind:editorFrameRef={...}` in src/lib/media/MediaDetails.svelte (or using a callback) instead
2026-10-06T01:44:54.1856666Z 2026-10-06T01:44:54.183Z pw:browser [pid=3066][err] https://svelte.dev/e/ownership_invalid_mutation font-weight: bold font-weight: normal", source: http://localhost:63315/__vitest_browser__/tester-BJtsJFpD.js (1222)
2026-10-06T01:44:54.2102543Z 2026-10-06T01:44:54.208Z pw:browser [pid=3066][err] [1006/014454.207092:INFO:CONSOLE:1222] "%c[svelte] ownership_invalid_mutation
2026-10-06T01:44:54.2108611Z 2026-10-06T01:44:54.208Z pw:browser [pid=3066][err] %cMutating unbound props (`editorFrameRef`, at src/​lib/​media/​FocalPointEditor.svelte:18:32) is strongly discouraged. Consider using `bind:editorFrameRef={...}` in src/lib/media/MediaDetails.svelte (or using a callback) instead
2026-10-06T01:44:54.2112943Z 2026-10-06T01:44:54.208Z pw:browser [pid=3066][err] https://svelte.dev/e/ownership_invalid_mutation font-weight: bold font-weight: normal", source: http://localhost:63315/__vitest_browser__/tester-BJtsJFpD.js (1222)
2026-10-06T01:44:54.2116867Z [90mstderr[2m | parity/emdash/media-admin-editor/source/packages/admin/tests/components/MediaDetailPanel.test.tsx[2m > [22m[2mMediaDetailPanel[2m > [22m[2mplaces a compact Back action in the embedded footer
2026-10-06T01:44:54.2120422Z [22m[39m[svelte] ownership_invalid_mutation
2026-10-06T01:44:54.2124959Z Mutating unbound props (`editorFrameRef`, at src/​lib/​media/​FocalPointEditor.svelte:18:32) is strongly discouraged. Consider using `bind:editorFrameRef={...}` in src/lib/media/MediaDetails.svelte (or using a callback) instead
2026-10-06T01:44:54.2127169Z https://svelte.dev/e/ownership_invalid_mutation
2026-10-06T01:44:54.2253873Z 2026-10-06T01:44:54.224Z pw:browser [pid=3066][err] [1006/014454.224005:INFO:CONSOLE:1222] "%c[svelte] ownership_invalid_mutation
2026-10-06T01:44:54.2258117Z 2026-10-06T01:44:54.225Z pw:browser [pid=3066][err] %cMutating unbound props (`editorFrameRef`, at src/​lib/​media/​FocalPointEditor.svelte:18:96) is strongly discouraged. Consider using `bind:editorFrameRef={...}` in src/lib/media/MediaDetails.svelte (or using a callback) instead
2026-10-06T01:44:54.2262315Z 2026-10-06T01:44:54.225Z pw:browser [pid=3066][err] https://svelte.dev/e/ownership_invalid_mutation font-weight: bold font-weight: normal", source: http://localhost:63315/__vitest_browser__/tester-BJtsJFpD.js (1222)
2026-10-06T01:44:54.2282103Z [90mstderr[2m | parity/emdash/media-admin-editor/source/packages/admin/tests/components/MediaDetailPanel.test.tsx[2m > [22m[2mMediaDetailPanel[2m > [22m[2mconfirms dirty changes before closing an embedded workspace
2026-10-06T01:44:54.2292197Z [22m[39m[svelte] ownership_invalid_mutation
2026-10-06T01:44:54.2294800Z Mutating unbound props (`editorFrameRef`, at src/​lib/​media/​FocalPointEditor.svelte:18:96) is strongly discouraged. Consider using `bind:editorFrameRef={...}` in src/lib/media/MediaDetails.svelte (or using a callback) instead
2026-10-06T01:44:54.2296820Z https://svelte.dev/e/ownership_invalid_mutation
2026-10-06T01:44:54.2347747Z 2026-10-06T01:44:54.234Z pw:browser [pid=3066][err] [1006/014454.234352:INFO:CONSOLE:1222] "%c[svelte] ownership_invalid_mutation
2026-10-06T01:44:54.2360035Z 2026-10-06T01:44:54.234Z pw:browser [pid=3066][err] %cMutating unbound props (`editorFrameRef`, at src/​lib/​media/​FocalPointEditor.svelte:18:32) is strongly discouraged. Consider using `bind:editorFrameRef={...}` in src/lib/media/MediaDetails.svelte (or using a callback) instead
2026-10-06T01:44:54.2364255Z 2026-10-06T01:44:54.234Z pw:browser [pid=3066][err] https://svelte.dev/e/ownership_invalid_mutation font-weight: bold font-weight: normal", source: http://localhost:63315/__vitest_browser__/tester-BJtsJFpD.js (1222)
2026-10-06T01:44:54.2368476Z [90mstderr[2m | parity/emdash/media-admin-editor/source/packages/admin/tests/components/MediaDetailPanel.test.tsx[2m > [22m[2mMediaDetailPanel[2m > [22m[2mconfirms dirty changes before closing an embedded workspace
2026-10-06T01:44:54.2370495Z [22m[39m[svelte] ownership_invalid_mutation
2026-10-06T01:44:54.2376182Z Mutating unbound props (`editorFrameRef`, at src/​lib/​media/​FocalPointEditor.svelte:18:32) is strongly discouraged. Consider using `bind:editorFrameRef={...}` in src/lib/media/MediaDetails.svelte (or using a callback) instead
2026-10-06T01:44:54.2378531Z https://svelte.dev/e/ownership_invalid_mutation
2026-10-06T01:44:54.2559086Z 2026-10-06T01:44:54.255Z pw:browser [pid=3066][err] [1006/014454.255552:INFO:CONSOLE:1222] "%c[svelte] ownership_invalid_mutation
2026-10-06T01:44:54.2563650Z 2026-10-06T01:44:54.255Z pw:browser [pid=3066][err] %cMutating unbound props (`editorFrameRef`, at src/​lib/​media/​FocalPointEditor.svelte:18:96) is strongly discouraged. Consider using `bind:editorFrameRef={...}` in src/lib/media/MediaDetails.svelte (or using a callback) instead
2026-10-06T01:44:54.2567519Z 2026-10-06T01:44:54.255Z pw:browser [pid=3066][err] https://svelte.dev/e/ownership_invalid_mutation font-weight: bold font-weight: normal", source: http://localhost:63315/__vitest_browser__/tester-BJtsJFpD.js (1222)
2026-10-06T01:44:54.2584495Z [90mstderr[2m | parity/emdash/media-admin-editor/source/packages/admin/tests/components/MediaDetailPanel.test.tsx[2m > [22m[2mMediaDetailPanel[2m > [22m[2mclose button opens discard confirmation when dirty
2026-10-06T01:44:54.2586535Z [22m[39m[svelte] ownership_invalid_mutation
2026-10-06T01:44:54.2589282Z Mutating unbound props (`editorFrameRef`, at src/​lib/​media/​FocalPointEditor.svelte:18:96) is strongly discouraged. Consider using `bind:editorFrameRef={...}` in src/lib/media/MediaDetails.svelte (or using a callback) instead
2026-10-06T01:44:54.2591610Z https://svelte.dev/e/ownership_invalid_mutation
2026-10-06T01:44:54.2604439Z 2026-10-06T01:44:54.260Z pw:browser [pid=3066][err] [1006/014454.259900:INFO:CONSOLE:1222] "%c[svelte] ownership_invalid_mutation
2026-10-06T01:44:54.2608084Z 2026-10-06T01:44:54.260Z pw:browser [pid=3066][err] %cMutating unbound props (`editorFrameRef`, at src/​lib/​media/​FocalPointEditor.svelte:18:32) is strongly discouraged. Consider using `bind:editorFrameRef={...}` in src/lib/media/MediaDetails.svelte (or using a callback) instead
2026-10-06T01:44:54.2612868Z 2026-10-06T01:44:54.260Z pw:browser [pid=3066][err] https://svelte.dev/e/ownership_invalid_mutation font-weight: bold font-weight: normal", source: http://localhost:63315/__vitest_browser__/tester-BJtsJFpD.js (1222)
2026-10-06T01:44:54.2617654Z [90mstderr[2m | parity/emdash/media-admin-editor/source/packages/admin/tests/components/MediaDetailPanel.test.tsx[2m > [22m[2mMediaDetailPanel[2m > [22m[2mclose button opens discard confirmation when dirty
2026-10-06T01:44:54.2620097Z [22m[39m[svelte] ownership_invalid_mutation
2026-10-06T01:44:54.2623894Z Mutating unbound props (`editorFrameRef`, at src/​lib/​media/​FocalPointEditor.svelte:18:32) is strongly discouraged. Consider using `bind:editorFrameRef={...}` in src/lib/media/MediaDetails.svelte (or using a callback) instead
2026-10-06T01:44:54.2626132Z https://svelte.dev/e/ownership_invalid_mutation
2026-10-06T01:44:54.2772916Z 2026-10-06T01:44:54.277Z pw:browser [pid=3066][err] [1006/014454.276963:INFO:CONSOLE:1222] "%c[svelte] ownership_invalid_mutation
2026-10-06T01:44:54.2776808Z 2026-10-06T01:44:54.277Z pw:browser [pid=3066][err] %cMutating unbound props (`editorFrameRef`, at src/​lib/​media/​FocalPointEditor.svelte:18:96) is strongly discouraged. Consider using `bind:editorFrameRef={...}` in src/lib/media/MediaDetails.svelte (or using a callback) instead
2026-10-06T01:44:54.2780596Z 2026-10-06T01:44:54.277Z pw:browser [pid=3066][err] https://svelte.dev/e/ownership_invalid_mutation font-weight: bold font-weight: normal", source: http://localhost:63315/__vitest_browser__/tester-BJtsJFpD.js (1222)
2026-10-06T01:44:54.2799231Z [90mstderr[2m | parity/emdash/media-admin-editor/source/packages/admin/tests/components/MediaDetailPanel.test.tsx[2m > [22m[2mMediaDetailPanel[2m > [22m[2mcancels the close fallback when reopened before the fallback timer fires
2026-10-06T01:44:54.2809826Z [22m[39m[svelte] ownership_invalid_mutation
2026-10-06T01:44:54.2813677Z Mutating unbound props (`editorFrameRef`, at src/​lib/​media/​FocalPointEditor.svelte:18:96) is strongly discouraged. Consider using `bind:editorFrameRef={...}` in src/lib/media/MediaDetails.svelte (or using a callback) instead
2026-10-06T01:44:54.2817980Z https://svelte.dev/e/ownership_invalid_mutation
2026-10-06T01:44:54.2846531Z 2026-10-06T01:44:54.284Z pw:browser [pid=3066][err] [1006/014454.284346:INFO:CONSOLE:1222] "%c[svelte] ownership_invalid_mutation
2026-10-06T01:44:54.2850348Z 2026-10-06T01:44:54.284Z pw:browser [pid=3066][err] %cMutating unbound props (`editorFrameRef`, at src/​lib/​media/​FocalPointEditor.svelte:18:32) is strongly discouraged. Consider using `bind:editorFrameRef={...}` in src/lib/media/MediaDetails.svelte (or using a callback) instead
2026-10-06T01:44:54.2857429Z 2026-10-06T01:44:54.284Z pw:browser [pid=3066][err] https://svelte.dev/e/ownership_invalid_mutation font-weight: bold font-weight: normal", source: http://localhost:63315/__vitest_browser__/tester-BJtsJFpD.js (1222)
2026-10-06T01:44:54.2861499Z [90mstderr[2m | parity/emdash/media-admin-editor/source/packages/admin/tests/components/MediaDetailPanel.test.tsx[2m > [22m[2mMediaDetailPanel[2m > [22m[2mcancels the close fallback when reopened before the fallback timer fires
2026-10-06T01:44:54.2864072Z [22m[39m[svelte] ownership_invalid_mutation
2026-10-06T01:44:54.2866953Z Mutating unbound props (`editorFrameRef`, at src/​lib/​media/​FocalPointEditor.svelte:18:32) is strongly discouraged. Consider using `bind:editorFrameRef={...}` in src/lib/media/MediaDetails.svelte (or using a callback) instead
2026-10-06T01:44:54.2869837Z https://svelte.dev/e/ownership_invalid_mutation
2026-10-06T01:44:54.2942697Z 2026-10-06T01:44:54.294Z pw:browser [pid=3066][err] [1006/014454.293935:INFO:CONSOLE:1222] "%c[svelte] ownership_invalid_mutation
2026-10-06T01:44:54.2950199Z 2026-10-06T01:44:54.294Z pw:browser [pid=3066][err] %cMutating unbound props (`editorFrameRef`, at src/​lib/​media/​FocalPointEditor.svelte:18:96) is strongly discouraged. Consider using `bind:editorFrameRef={...}` in src/lib/media/MediaDetails.svelte (or using a callback) instead
2026-10-06T01:44:54.2955097Z 2026-10-06T01:44:54.294Z pw:browser [pid=3066][err] https://svelte.dev/e/ownership_invalid_mutation font-weight: bold font-weight: normal", source: http://localhost:63315/__vitest_browser__/tester-BJtsJFpD.js (1222)
2026-10-06T01:44:54.2958654Z [90mstderr[2m | parity/emdash/media-admin-editor/source/packages/admin/tests/components/MediaDetailPanel.test.tsx[2m > [22m[2mMediaDetailPanel[2m > [22m[2mform fields reset when item prop changes
2026-10-06T01:44:54.2960593Z [22m[39m[svelte] ownership_invalid_mutation
2026-10-06T01:44:54.2963470Z Mutating unbound props (`editorFrameRef`, at src/​lib/​media/​FocalPointEditor.svelte:18:96) is strongly discouraged. Consider using `bind:editorFrameRef={...}` in src/lib/media/MediaDetails.svelte (or using a callback) instead
2026-10-06T01:44:54.2965510Z https://svelte.dev/e/ownership_invalid_mutation
2026-10-06T01:44:54.2973934Z 2026-10-06T01:44:54.297Z pw:browser [pid=3066][err] [1006/014454.297143:INFO:CONSOLE:1222] "%c[svelte] ownership_invalid_mutation
2026-10-06T01:44:54.2979545Z 2026-10-06T01:44:54.297Z pw:browser [pid=3066][err] %cMutating unbound props (`editorFrameRef`, at src/​lib/​media/​FocalPointEditor.svelte:18:32) is strongly discouraged. Consider using `bind:editorFrameRef={...}` in src/lib/media/MediaDetails.svelte (or using a callback) instead
2026-10-06T01:44:54.2983502Z 2026-10-06T01:44:54.297Z pw:browser [pid=3066][err] https://svelte.dev/e/ownership_invalid_mutation font-weight: bold font-weight: normal", source: http://localhost:63315/__vitest_browser__/tester-BJtsJFpD.js (1222)
2026-10-06T01:44:54.2987318Z [90mstderr[2m | parity/emdash/media-admin-editor/source/packages/admin/tests/components/MediaDetailPanel.test.tsx[2m > [22m[2mMediaDetailPanel[2m > [22m[2mform fields reset when item prop changes
2026-10-06T01:44:54.2989644Z [22m[39m[svelte] ownership_invalid_mutation
2026-10-06T01:44:54.2992477Z Mutating unbound props (`editorFrameRef`, at src/​lib/​media/​FocalPointEditor.svelte:18:32) is strongly discouraged. Consider using `bind:editorFrameRef={...}` in src/lib/media/MediaDetails.svelte (or using a callback) instead
2026-10-06T01:44:54.2994537Z https://svelte.dev/e/ownership_invalid_mutation
2026-10-06T01:44:54.3060199Z 2026-10-06T01:44:54.305Z pw:browser [pid=3066][err] [1006/014454.305407:INFO:CONSOLE:1222] "%c[svelte] ownership_invalid_mutation
2026-10-06T01:44:54.3064326Z 2026-10-06T01:44:54.305Z pw:browser [pid=3066][err] %cMutating unbound props (`editorFrameRef`, at src/​lib/​media/​FocalPointEditor.svelte:18:96) is strongly discouraged. Consider using `bind:editorFrameRef={...}` in src/lib/media/MediaDetails.svelte (or using a callback) instead
2026-10-06T01:44:54.3068146Z 2026-10-06T01:44:54.305Z pw:browser [pid=3066][err] https://svelte.dev/e/ownership_invalid_mutation font-weight: bold font-weight: normal", source: http://localhost:63315/__vitest_browser__/tester-BJtsJFpD.js (1222)
2026-10-06T01:44:54.3086822Z [90mstderr[2m | parity/emdash/media-admin-editor/source/packages/admin/tests/components/MediaDetailPanel.test.tsx[2m > [22m[2mMediaDetailPanel file URL[2m > [22m[2mshows a shortened file path while copying the absolute URL
2026-10-06T01:44:54.3088974Z [22m[39m[svelte] ownership_invalid_mutation
2026-10-06T01:44:54.3091849Z Mutating unbound props (`editorFrameRef`, at src/​lib/​media/​FocalPointEditor.svelte:18:96) is strongly discouraged. Consider using `bind:editorFrameRef={...}` in src/lib/media/MediaDetails.svelte (or using a callback) instead
2026-10-06T01:44:54.3094025Z https://svelte.dev/e/ownership_invalid_mutation
2026-10-06T01:44:54.3095739Z 2026-10-06T01:44:54.309Z pw:browser [pid=3066][err] [1006/014454.309388:INFO:CONSOLE:1222] "%c[svelte] ownership_invalid_mutation
2026-10-06T01:44:54.3099287Z 2026-10-06T01:44:54.309Z pw:browser [pid=3066][err] %cMutating unbound props (`editorFrameRef`, at src/​lib/​media/​FocalPointEditor.svelte:18:32) is strongly discouraged. Consider using `bind:editorFrameRef={...}` in src/lib/media/MediaDetails.svelte (or using a callback) instead
2026-10-06T01:44:54.3103492Z 2026-10-06T01:44:54.309Z pw:browser [pid=3066][err] https://svelte.dev/e/ownership_invalid_mutation font-weight: bold font-weight: normal", source: http://localhost:63315/__vitest_browser__/tester-BJtsJFpD.js (1222)
2026-10-06T01:44:54.3107245Z [90mstderr[2m | parity/emdash/media-admin-editor/source/packages/admin/tests/components/MediaDetailPanel.test.tsx[2m > [22m[2mMediaDetailPanel file URL[2m > [22m[2mshows a shortened file path while copying the absolute URL
2026-10-06T01:44:54.3109360Z [22m[39m[svelte] ownership_invalid_mutation
2026-10-06T01:44:54.3112205Z Mutating unbound props (`editorFrameRef`, at src/​lib/​media/​FocalPointEditor.svelte:18:32) is strongly discouraged. Consider using `bind:editorFrameRef={...}` in src/lib/media/MediaDetails.svelte (or using a callback) instead
2026-10-06T01:44:54.3114409Z https://svelte.dev/e/ownership_invalid_mutation
2026-10-06T01:44:54.3203514Z 2026-10-06T01:44:54.320Z pw:browser [pid=3066][err] [1006/014454.318571:INFO:CONSOLE:1222] "%c[svelte] ownership_invalid_mutation
2026-10-06T01:44:54.3211847Z 2026-10-06T01:44:54.320Z pw:browser [pid=3066][err] %cMutating unbound props (`editorFrameRef`, at src/​lib/​media/​FocalPointEditor.svelte:18:96) is strongly discouraged. Consider using `bind:editorFrameRef={...}` in src/lib/media/MediaDetails.svelte (or using a callback) instead
2026-10-06T01:44:54.3215760Z 2026-10-06T01:44:54.320Z pw:browser [pid=3066][err] https://svelte.dev/e/ownership_invalid_mutation font-weight: bold font-weight: normal", source: http://localhost:63315/__vitest_browser__/tester-BJtsJFpD.js (1222)
2026-10-06T01:44:54.3225867Z [90mstderr[2m | parity/emdash/media-admin-editor/source/packages/admin/tests/components/MediaDetailPanel.test.tsx[2m > [22m[2mMediaDetailPanel file URL[2m > [22m[2mdoes not expose provider preview URLs as public URLs
2026-10-06T01:44:54.3228500Z [22m[39m[svelte] ownership_invalid_mutation
2026-10-06T01:44:54.3231429Z Mutating unbound props (`editorFrameRef`, at src/​lib/​media/​FocalPointEditor.svelte:18:96) is strongly discouraged. Consider using `bind:editorFrameRef={...}` in src/lib/media/MediaDetails.svelte (or using a callback) instead
2026-10-06T01:44:54.3234623Z https://svelte.dev/e/ownership_invalid_mutation
2026-10-06T01:44:54.3236192Z 2026-10-06T01:44:54.322Z pw:browser [pid=3066][err] [1006/014454.321773:INFO:CONSOLE:1222] "%c[svelte] ownership_invalid_mutation
2026-10-06T01:44:54.3239752Z 2026-10-06T01:44:54.322Z pw:browser [pid=3066][err] %cMutating unbound props (`editorFrameRef`, at src/​lib/​media/​FocalPointEditor.svelte:18:32) is strongly discouraged. Consider using `bind:editorFrameRef={...}` in src/lib/media/MediaDetails.svelte (or using a callback) instead
2026-10-06T01:44:54.3248203Z 2026-10-06T01:44:54.322Z pw:browser [pid=3066][err] https://svelte.dev/e/ownership_invalid_mutation font-weight: bold font-weight: normal", source: http://localhost:63315/__vitest_browser__/tester-BJtsJFpD.js (1222)
2026-10-06T01:44:54.3254916Z [90mstderr[2m | parity/emdash/media-admin-editor/source/packages/admin/tests/components/MediaDetailPanel.test.tsx[2m > [22m[2mMediaDetailPanel file URL[2m > [22m[2mdoes not expose provider preview URLs as public URLs
2026-10-06T01:44:54.3257021Z [22m[39m[svelte] ownership_invalid_mutation
2026-10-06T01:44:54.3259702Z Mutating unbound props (`editorFrameRef`, at src/​lib/​media/​FocalPointEditor.svelte:18:32) is strongly discouraged. Consider using `bind:editorFrameRef={...}` in src/lib/media/MediaDetails.svelte (or using a callback) instead
2026-10-06T01:44:54.3262734Z https://svelte.dev/e/ownership_invalid_mutation
2026-10-06T01:44:54.3265440Z [90mstderr[2m | parity/emdash/media-admin-editor/source/packages/admin/tests/components/MediaDetailPanel.test.tsx[2m > [22m[2mMediaDetailPanel file URL[2m > [22m[2mdoes not expose provider preview URLs as public URLs
2026-10-06T01:44:54.3267426Z [22m[39m[svelte] derived_inert
2026-10-06T01:44:54.3268476Z Reading a derived belonging to a now-destroyed effect may result in stale values
2026-10-06T01:44:54.3269510Z https://svelte.dev/e/derived_inert
2026-10-06T01:44:54.3271394Z 2026-10-06T01:44:54.324Z pw:browser [pid=3066][err] [1006/014454.324358:INFO:CONSOLE:1222] "%c[svelte] derived_inert
2026-10-06T01:44:54.3273365Z 2026-10-06T01:44:54.324Z pw:browser [pid=3066][err] %cReading a derived belonging to a now-destroyed effect may result in stale values
2026-10-06T01:44:54.3276269Z 2026-10-06T01:44:54.324Z pw:browser [pid=3066][err] https://svelte.dev/e/derived_inert font-weight: bold font-weight: normal", source: http://localhost:63315/__vitest_browser__/tester-BJtsJFpD.js (1222)
2026-10-06T01:44:54.3279494Z 2026-10-06T01:44:54.324Z pw:browser [pid=3066][err] [1006/014454.324443:INFO:CONSOLE:1222] "%c[svelte] derived_inert
2026-10-06T01:44:54.3285126Z 2026-10-06T01:44:54.324Z pw:browser [pid=3066][err] %cReading a derived belonging to a now-destroyed effect may result in stale values
2026-10-06T01:44:54.3287771Z 2026-10-06T01:44:54.324Z pw:browser [pid=3066][err] https://svelte.dev/e/derived_inert font-weight: bold font-weight: normal", source: http://localhost:63315/__vitest_browser__/tester-BJtsJFpD.js (1222)
2026-10-06T01:44:54.3290075Z 2026-10-06T01:44:54.324Z pw:browser [pid=3066][err] [1006/014454.324529:INFO:CONSOLE:1222] "%c[svelte] derived_inert
2026-10-06T01:44:54.3292159Z 2026-10-06T01:44:54.324Z pw:browser [pid=3066][err] %cReading a derived belonging to a now-destroyed effect may result in stale values
2026-10-06T01:44:54.3295494Z 2026-10-06T01:44:54.324Z pw:browser [pid=3066][err] https://svelte.dev/e/derived_inert font-weight: bold font-weight: normal", source: http://localhost:63315/__vitest_browser__/tester-BJtsJFpD.js (1222)
2026-10-06T01:44:54.3298062Z 2026-10-06T01:44:54.325Z pw:browser [pid=3066][err] [1006/014454.324974:INFO:CONSOLE:1222] "%c[svelte] derived_inert
2026-10-06T01:44:54.3299930Z 2026-10-06T01:44:54.325Z pw:browser [pid=3066][err] %cReading a derived belonging to a now-destroyed effect may result in stale values
2026-10-06T01:44:54.3302889Z 2026-10-06T01:44:54.325Z pw:browser [pid=3066][err] https://svelte.dev/e/derived_inert font-weight: bold font-weight: normal", source: http://localhost:63315/__vitest_browser__/tester-BJtsJFpD.js (1222)
2026-10-06T01:44:54.3305205Z 2026-10-06T01:44:54.325Z pw:browser [pid=3066][err] [1006/014454.325105:INFO:CONSOLE:1222] "%c[svelte] derived_inert
2026-10-06T01:44:54.3309706Z 2026-10-06T01:44:54.325Z pw:browser [pid=3066][err] %cReading a derived belonging to a now-destroyed effect may result in stale values
2026-10-06T01:44:54.3315013Z 2026-10-06T01:44:54.325Z pw:browser [pid=3066][err] https://svelte.dev/e/derived_inert font-weight: bold font-weight: normal", source: http://localhost:63315/__vitest_browser__/tester-BJtsJFpD.js (1222)
2026-10-06T01:44:54.3319157Z [90mstderr[2m | parity/emdash/media-admin-editor/source/packages/admin/tests/components/MediaDetailPanel.test.tsx[2m > [22m[2mMediaDetailPanel file URL[2m > [22m[2mdoes not expose provider preview URLs as public URLs
2026-10-06T01:44:54.3321611Z [22m[39m[svelte] derived_inert
2026-10-06T01:44:54.3322664Z Reading a derived belonging to a now-destroyed effect may result in stale values
2026-10-06T01:44:54.3323709Z https://svelte.dev/e/derived_inert
2026-10-06T01:44:54.3326255Z [90mstderr[2m | parity/emdash/media-admin-editor/source/packages/admin/tests/components/MediaDetailPanel.test.tsx[2m > [22m[2mMediaDetailPanel file URL[2m > [22m[2mdoes not expose provider preview URLs as public URLs
2026-10-06T01:44:54.3328717Z [22m[39m[svelte] derived_inert
2026-10-06T01:44:54.3329773Z Reading a derived belonging to a now-destroyed effect may result in stale values
2026-10-06T01:44:54.3332053Z https://svelte.dev/e/derived_inert
2026-10-06T01:44:54.3337823Z [90mstderr[2m | parity/emdash/media-admin-editor/source/packages/admin/tests/components/MediaDetailPanel.test.tsx[2m > [22m[2mMediaDetailPanel file URL[2m > [22m[2mdoes not expose provider preview URLs as public URLs
2026-10-06T01:44:54.3345891Z [22m[39m[svelte] derived_inert
2026-10-06T01:44:54.3346996Z Reading a derived belonging to a now-destroyed effect may result in stale values
2026-10-06T01:44:54.3348336Z https://svelte.dev/e/derived_inert
2026-10-06T01:44:54.3351151Z [90mstderr[2m | parity/emdash/media-admin-editor/source/packages/admin/tests/components/MediaDetailPanel.test.tsx[2m > [22m[2mMediaDetailPanel file URL[2m > [22m[2mdoes not expose provider preview URLs as public URLs
2026-10-06T01:44:54.3353178Z [22m[39m[svelte] derived_inert
2026-10-06T01:44:54.3354220Z Reading a derived belonging to a now-destroyed effect may result in stale values
2026-10-06T01:44:54.3355248Z https://svelte.dev/e/derived_inert
2026-10-06T01:44:54.3356657Z 2026-10-06T01:44:54.329Z pw:browser [pid=3066][err] [1006/014454.327787:INFO:CONSOLE:1222] "%c[svelte] ownership_invalid_mutation
2026-10-06T01:44:54.3360235Z 2026-10-06T01:44:54.329Z pw:browser [pid=3066][err] %cMutating unbound props (`editorFrameRef`, at src/​lib/​media/​FocalPointEditor.svelte:18:96) is strongly discouraged. Consider using `bind:editorFrameRef={...}` in src/lib/media/MediaDetails.svelte (or using a callback) instead
2026-10-06T01:44:54.3364155Z 2026-10-06T01:44:54.329Z pw:browser [pid=3066][err] https://svelte.dev/e/ownership_invalid_mutation font-weight: bold font-weight: normal", source: http://localhost:63315/__vitest_browser__/tester-BJtsJFpD.js (1222)
2026-10-06T01:44:54.3367637Z [90mstderr[2m | parity/emdash/media-admin-editor/source/packages/admin/tests/components/MediaDetailPanel.test.tsx[2m > [22m[2mMediaDetailPanel file URL[2m > [22m[2mrenders provider assets read-only
2026-10-06T01:44:54.3369977Z [22m[39m[svelte] ownership_invalid_mutation
2026-10-06T01:44:54.3372769Z Mutating unbound props (`editorFrameRef`, at src/​lib/​media/​FocalPointEditor.svelte:18:96) is strongly discouraged. Consider using `bind:editorFrameRef={...}` in src/lib/media/MediaDetails.svelte (or using a callback) instead
2026-10-06T01:44:54.3374865Z https://svelte.dev/e/ownership_invalid_mutation
2026-10-06T01:44:54.3377381Z [90mstderr[2m | parity/emdash/media-admin-editor/source/packages/admin/tests/components/MediaDetailPanel.test.tsx[2m > [22m[2mMediaDetailPanel file URL[2m > [22m[2mrenders provider assets read-only
2026-10-06T01:44:54.3379342Z [22m[39m[svelte] ownership_invalid_mutation
2026-10-06T01:44:54.3382199Z Mutating unbound props (`editorFrameRef`, at src/​lib/​media/​FocalPointEditor.svelte:18:32) is strongly discouraged. Consider using `bind:editorFrameRef={...}` in src/lib/media/MediaDetails.svelte (or using a callback) instead
2026-10-06T01:44:54.3384271Z https://svelte.dev/e/ownership_invalid_mutation
2026-10-06T01:44:54.3385736Z 2026-10-06T01:44:54.332Z pw:browser [pid=3066][err] [1006/014454.331098:INFO:CONSOLE:1222] "%c[svelte] ownership_invalid_mutation
2026-10-06T01:44:54.3389255Z 2026-10-06T01:44:54.332Z pw:browser [pid=3066][err] %cMutating unbound props (`editorFrameRef`, at src/​lib/​media/​FocalPointEditor.svelte:18:32) is strongly discouraged. Consider using `bind:editorFrameRef={...}` in src/lib/media/MediaDetails.svelte (or using a callback) instead
2026-10-06T01:44:54.3397818Z 2026-10-06T01:44:54.332Z pw:browser [pid=3066][err] https://svelte.dev/e/ownership_invalid_mutation font-weight: bold font-weight: normal", source: http://localhost:63315/__vitest_browser__/tester-BJtsJFpD.js (1222)
2026-10-06T01:44:54.3413290Z 2026-10-06T01:44:54.341Z pw:browser [pid=3066][err] [1006/014454.339043:INFO:CONSOLE:1222] "%c[svelte] ownership_invalid_mutation
2026-10-06T01:44:54.3431267Z 2026-10-06T01:44:54.341Z pw:browser [pid=3066][err] %cMutating unbound props (`editorFrameRef`, at src/​lib/​media/​FocalPointEditor.svelte:18:96) is strongly discouraged. Consider using `bind:editorFrameRef={...}` in src/lib/media/MediaDetails.svelte (or using a callback) instead
2026-10-06T01:44:54.3435523Z 2026-10-06T01:44:54.341Z pw:browser [pid=3066][err] https://svelte.dev/e/ownership_invalid_mutation font-weight: bold font-weight: normal", source: http://localhost:63315/__vitest_browser__/tester-BJtsJFpD.js (1222)
2026-10-06T01:44:54.3439891Z [90mstderr[2m | parity/emdash/media-admin-editor/source/packages/admin/tests/components/MediaDetailPanel.test.tsx[2m > [22m[2mMediaDetailPanel file URL[2m > [22m[2mvideo preview[2m > [22m[2mplays a streaming item's HLS/DASH sources rather than its poster URL
2026-10-06T01:44:54.3442462Z [22m[39m[svelte] ownership_invalid_mutation
2026-10-06T01:44:54.3445073Z Mutating unbound props (`editorFrameRef`, at src/​lib/​media/​FocalPointEditor.svelte:18:96) is strongly discouraged. Consider using `bind:editorFrameRef={...}` in src/lib/media/MediaDetails.svelte (or using a callback) instead
2026-10-06T01:44:54.3447110Z https://svelte.dev/e/ownership_invalid_mutation
2026-10-06T01:44:54.3790196Z  [32m✓[39m [30m[43m chromium [49m[39m parity/emdash/media-admin-editor/source/packages/admin/tests/components/MediaDetailPanel.test.tsx [2m([22m[2m86 tests[22m[2m)[22m[33m 4239[2mms[22m[39m
2026-10-06T01:44:54.3793155Z      [33m[2m✓[22m[39m searches Location independently and resets the search after selection [33m 327[2mms[22m[39m
2026-10-06T01:44:54.4343691Z 2026-10-06T01:44:54.434Z pw:browser [pid=3066][err] [1006/014454.434008:INFO:CONSOLE:934] "[vite] connecting...", source: http://localhost:63315/@vite/client (934)
2026-10-06T01:44:54.4477295Z 2026-10-06T01:44:54.447Z pw:browser [pid=3066][err] [1006/014454.447218:INFO:CONSOLE:1045] "[vite] connected.", source: http://localhost:63315/@vite/client (1045)
2026-10-06T01:44:55.0935712Z  [32m✓[39m [30m[43m chromium [49m[39m parity/emdash/media-admin-editor/source/packages/admin/tests/components/MediaUsedIn.test.tsx [2m([22m[2m23 tests[22m[2m)[22m[33m 367[2mms[22m[39m
2026-10-06T01:44:55.1385845Z 2026-10-06T01:44:55.134Z pw:browser [pid=3066][err] [1006/014455.134454:INFO:CONSOLE:934] "[vite] connecting...", source: http://localhost:63315/@vite/client (934)
2026-10-06T01:44:55.1589040Z 2026-10-06T01:44:55.158Z pw:browser [pid=3066][err] [1006/014455.157986:INFO:CONSOLE:1045] "[vite] connected.", source: http://localhost:63315/@vite/client (1045)
2026-10-06T01:44:55.7529941Z  [32m✓[39m [30m[43m chromium [49m[39m parity/emdash/media-admin-editor/source/packages/admin/tests/components/MediaImageCropper.test.tsx [2m([22m[2m12 tests[22m[2m)[22m[33m 393[2mms[22m[39m
2026-10-06T01:44:55.7814850Z 2026-10-06T01:44:55.781Z pw:browser [pid=3066][err] [1006/014455.780790:INFO:CONSOLE:934] "[vite] connecting...", source: http://localhost:63315/@vite/client (934)
2026-10-06T01:44:55.7934212Z 2026-10-06T01:44:55.792Z pw:browser [pid=3066][err] [1006/014455.792184:INFO:CONSOLE:1045] "[vite] connected.", source: http://localhost:63315/@vite/client (1045)
2026-10-06T01:44:56.0996506Z 2026-10-06T01:44:56.099Z pw:browser [pid=3066][err] [1006/014456.099311:INFO:CONSOLE:1222] "%c[svelte] ownership_invalid_mutation
2026-10-06T01:44:56.1000527Z 2026-10-06T01:44:56.099Z pw:browser [pid=3066][err] %cMutating unbound props (`editorFrameRef`, at src/​lib/​media/​FocalPointEditor.svelte:18:32) is strongly discouraged. Consider using `bind:editorFrameRef={...}` in src/lib/media/MediaDetails.svelte (or using a callback) instead
2026-10-06T01:44:56.1005292Z 2026-10-06T01:44:56.099Z pw:browser [pid=3066][err] https://svelte.dev/e/ownership_invalid_mutation font-weight: bold font-weight: normal", source: http://localhost:63315/__vitest_browser__/tester-BJtsJFpD.js (1222)
2026-10-06T01:44:56.1016746Z [90mstderr[2m | parity/emdash/media-admin-editor/source/packages/admin/tests/components/MediaDetailPanelNavigation.test.tsx[2m > [22m[2mMediaDetailPanel usage navigation[2m > [22m[2mrequests and navigates from local media without a usage summary
2026-10-06T01:44:56.1019663Z [22m[39m[svelte] ownership_invalid_mutation
2026-10-06T01:44:56.1022729Z Mutating unbound props (`editorFrameRef`, at src/​lib/​media/​FocalPointEditor.svelte:18:32) is strongly discouraged. Consider using `bind:editorFrameRef={...}` in src/lib/media/MediaDetails.svelte (or using a callback) instead
2026-10-06T01:44:56.1024832Z https://svelte.dev/e/ownership_invalid_mutation
2026-10-06T01:44:56.1722040Z 2026-10-06T01:44:56.171Z pw:browser [pid=3066][err] [1006/014456.171781:INFO:CONSOLE:1222] "%c[svelte] ownership_invalid_mutation
2026-10-06T01:44:56.1725822Z 2026-10-06T01:44:56.171Z pw:browser [pid=3066][err] %cMutating unbound props (`editorFrameRef`, at src/​lib/​media/​FocalPointEditor.svelte:18:96) is strongly discouraged. Consider using `bind:editorFrameRef={...}` in src/lib/media/MediaDetails.svelte (or using a callback) instead
2026-10-06T01:44:56.1729339Z 2026-10-06T01:44:56.171Z pw:browser [pid=3066][err] https://svelte.dev/e/ownership_invalid_mutation font-weight: bold font-weight: normal", source: http://localhost:63315/__vitest_browser__/tester-BJtsJFpD.js (1222)
2026-10-06T01:44:56.1757263Z [90mstderr[2m | parity/emdash/media-admin-editor/source/packages/admin/tests/components/MediaDetailPanelNavigation.test.tsx[2m > [22m[2mMediaDetailPanel usage navigation[2m > [22m[2mrequests and navigates from local media without a usage summary
2026-10-06T01:44:56.1762169Z [22m[39m[svelte] ownership_invalid_mutation
2026-10-06T01:44:56.1767870Z Mutating unbound props (`editorFrameRef`, at src/​lib/​media/​FocalPointEditor.svelte:18:96) is strongly discouraged. Consider using `bind:editorFrameRef={...}` in src/lib/media/MediaDetails.svelte (or using a callback) instead
2026-10-06T01:44:56.1769847Z https://svelte.dev/e/ownership_invalid_mutation
2026-10-06T01:44:56.1776073Z [90mstderr[2m | parity/emdash/media-admin-editor/source/packages/admin/tests/components/MediaDetailPanelNavigation.test.tsx[2m > [22m[2mMediaDetailPanel usage navigation[2m > [22m[2mrequests and navigates from local media without a usage summary
2026-10-06T01:44:56.1780180Z [22m[39mAttempted to synchronously unmount a root while React was already rendering. React cannot finish unmounting the root until the current render has completed, which may lead to a race condition.
2026-10-06T01:44:56.1784860Z 2026-10-06T01:44:56.174Z pw:browser [pid=3066][err] [1006/014456.174419:INFO:CONSOLE:1222] "Attempted to synchronously unmount a root while React was already rendering. React cannot finish unmounting the root until the current render has completed, which may lead to a race condition.", source: http://localhost:63315/__vitest_browser__/tester-BJtsJFpD.js (1222)
2026-10-06T01:44:56.1835272Z 2026-10-06T01:44:56.183Z pw:browser [pid=3066][err] [1006/014456.183282:INFO:CONSOLE:1222] "%c[svelte] ownership_invalid_mutation
2026-10-06T01:44:56.1839082Z 2026-10-06T01:44:56.183Z pw:browser [pid=3066][err] %cMutating unbound props (`editorFrameRef`, at src/​lib/​media/​FocalPointEditor.svelte:18:32) is strongly discouraged. Consider using `bind:editorFrameRef={...}` in src/lib/media/MediaDetails.svelte (or using a callback) instead
2026-10-06T01:44:56.1843217Z 2026-10-06T01:44:56.183Z pw:browser [pid=3066][err] https://svelte.dev/e/ownership_invalid_mutation font-weight: bold font-weight: normal", source: http://localhost:63315/__vitest_browser__/tester-BJtsJFpD.js (1222)
2026-10-06T01:44:56.1851948Z [90mstderr[2m | parity/emdash/media-admin-editor/source/packages/admin/tests/components/MediaDetailPanelNavigation.test.tsx[2m > [22m[2mMediaDetailPanel usage navigation[2m > [22m[2mkeeps the Used in height stable when loading results appear
2026-10-06T01:44:56.1854572Z [22m[39m[svelte] ownership_invalid_mutation
2026-10-06T01:44:56.1857422Z Mutating unbound props (`editorFrameRef`, at src/​lib/​media/​FocalPointEditor.svelte:18:32) is strongly discouraged. Consider using `bind:editorFrameRef={...}` in src/lib/media/MediaDetails.svelte (or using a callback) instead
2026-10-06T01:44:56.1863413Z https://svelte.dev/e/ownership_invalid_mutation
2026-10-06T01:44:56.2946557Z 2026-10-06T01:44:56.294Z pw:browser [pid=3066][err] [1006/014456.294264:INFO:CONSOLE:1222] "%c[svelte] ownership_invalid_mutation
2026-10-06T01:44:56.2958577Z 2026-10-06T01:44:56.294Z pw:browser [pid=3066][err] %cMutating unbound props (`editorFrameRef`, at src/​lib/​media/​FocalPointEditor.svelte:18:96) is strongly discouraged. Consider using `bind:editorFrameRef={...}` in src/lib/media/MediaDetails.svelte (or using a callback) instead
2026-10-06T01:44:56.2973362Z 2026-10-06T01:44:56.294Z pw:browser [pid=3066][err] https://svelte.dev/e/ownership_invalid_mutation font-weight: bold font-weight: normal", source: http://localhost:63315/__vitest_browser__/tester-BJtsJFpD.js (1222)
2026-10-06T01:44:56.2977089Z [90mstderr[2m | parity/emdash/media-admin-editor/source/packages/admin/tests/components/MediaDetailPanelNavigation.test.tsx[2m > [22m[2mMediaDetailPanel usage navigation[2m > [22m[2mmakes no usage request for provider media
2026-10-06T01:44:56.2979126Z [22m[39m[svelte] ownership_invalid_mutation
2026-10-06T01:44:56.2981898Z Mutating unbound props (`editorFrameRef`, at src/​lib/​media/​FocalPointEditor.svelte:18:96) is strongly discouraged. Consider using `bind:editorFrameRef={...}` in src/lib/media/MediaDetails.svelte (or using a callback) instead
2026-10-06T01:44:56.2983813Z https://svelte.dev/e/ownership_invalid_mutation
2026-10-06T01:44:56.2987137Z 2026-10-06T01:44:56.295Z pw:browser [pid=3066][err] [1006/014456.295504:INFO:CONSOLE:1222] "Attempted to synchronously unmount a root while React was already rendering. React cannot finish unmounting the root until the current render has completed, which may lead to a race condition.", source: http://localhost:63315/__vitest_browser__/tester-BJtsJFpD.js (1222)
2026-10-06T01:44:56.2995478Z [90mstderr[2m | parity/emdash/media-admin-editor/source/packages/admin/tests/components/MediaDetailPanelNavigation.test.tsx[2m > [22m[2mMediaDetailPanel usage navigation[2m > [22m[2mmakes no usage request for provider media
2026-10-06T01:44:56.2999358Z [22m[39mAttempted to synchronously unmount a root while React was already rendering. React cannot finish unmounting the root until the current render has completed, which may lead to a race condition.
2026-10-06T01:44:56.3025625Z 2026-10-06T01:44:56.302Z pw:browser [pid=3066][err] [1006/014456.302285:INFO:CONSOLE:1222] "%c[svelte] ownership_invalid_mutation
2026-10-06T01:44:56.3034338Z 2026-10-06T01:44:56.302Z pw:browser [pid=3066][err] %cMutating unbound props (`editorFrameRef`, at src/​lib/​media/​FocalPointEditor.svelte:18:32) is strongly discouraged. Consider using `bind:editorFrameRef={...}` in src/lib/media/MediaDetails.svelte (or using a callback) instead
2026-10-06T01:44:56.3038304Z 2026-10-06T01:44:56.302Z pw:browser [pid=3066][err] https://svelte.dev/e/ownership_invalid_mutation font-weight: bold font-weight: normal", source: http://localhost:63315/__vitest_browser__/tester-BJtsJFpD.js (1222)
2026-10-06T01:44:56.3046126Z [90mstderr[2m | parity/emdash/media-admin-editor/source/packages/admin/tests/components/MediaDetailPanelNavigation.test.tsx[2m > [22m[2mMediaDetailPanel usage navigation[2m > [22m[2mmakes no usage request for provider media
2026-10-06T01:44:56.3048927Z [22m[39m[svelte] ownership_invalid_mutation
2026-10-06T01:44:56.3052184Z Mutating unbound props (`editorFrameRef`, at src/​lib/​media/​FocalPointEditor.svelte:18:32) is strongly discouraged. Consider using `bind:editorFrameRef={...}` in src/lib/media/MediaDetails.svelte (or using a callback) instead
2026-10-06T01:44:56.3054413Z https://svelte.dev/e/ownership_invalid_mutation
2026-10-06T01:44:56.3083562Z 2026-10-06T01:44:56.308Z pw:browser [pid=3066][err] [1006/014456.307847:INFO:CONSOLE:1222] "%c[svelte] ownership_invalid_mutation
2026-10-06T01:44:56.3090449Z 2026-10-06T01:44:56.308Z pw:browser [pid=3066][err] %cMutating unbound props (`editorFrameRef`, at src/​lib/​media/​FocalPointEditor.svelte:18:96) is strongly discouraged. Consider using `bind:editorFrameRef={...}` in src/lib/media/MediaDetails.svelte (or using a callback) instead
2026-10-06T01:44:56.3095653Z 2026-10-06T01:44:56.308Z pw:browser [pid=3066][err] https://svelte.dev/e/ownership_invalid_mutation font-weight: bold font-weight: normal", source: http://localhost:63315/__vitest_browser__/tester-BJtsJFpD.js (1222)
2026-10-06T01:44:56.3100219Z [90mstderr[2m | parity/emdash/media-admin-editor/source/packages/admin/tests/components/MediaDetailPanelNavigation.test.tsx[2m > [22m[2mMediaDetailPanel usage navigation[2m > [22m[2mpreserves modified links and lets dirty same-tab navigation be cancelled
2026-10-06T01:44:56.3103178Z [22m[39m[svelte] ownership_invalid_mutation
2026-10-06T01:44:56.3106042Z Mutating unbound props (`editorFrameRef`, at src/​lib/​media/​FocalPointEditor.svelte:18:96) is strongly discouraged. Consider using `bind:editorFrameRef={...}` in src/lib/media/MediaDetails.svelte (or using a callback) instead
2026-10-06T01:44:56.3108626Z https://svelte.dev/e/ownership_invalid_mutation
2026-10-06T01:44:56.3162511Z 2026-10-06T01:44:56.315Z pw:browser [pid=3066][err] [1006/014456.315817:INFO:CONSOLE:1222] "%c[svelte] ownership_invalid_mutation
2026-10-06T01:44:56.3166359Z 2026-10-06T01:44:56.315Z pw:browser [pid=3066][err] %cMutating unbound props (`editorFrameRef`, at src/​lib/​media/​FocalPointEditor.svelte:18:32) is strongly discouraged. Consider using `bind:editorFrameRef={...}` in src/lib/media/MediaDetails.svelte (or using a callback) instead
2026-10-06T01:44:56.3173087Z 2026-10-06T01:44:56.315Z pw:browser [pid=3066][err] https://svelte.dev/e/ownership_invalid_mutation font-weight: bold font-weight: normal", source: http://localhost:63315/__vitest_browser__/tester-BJtsJFpD.js (1222)
2026-10-06T01:44:56.3180911Z [90mstderr[2m | parity/emdash/media-admin-editor/source/packages/admin/tests/components/MediaDetailPanelNavigation.test.tsx[2m > [22m[2mMediaDetailPanel usage navigation[2m > [22m[2mpreserves modified links and lets dirty same-tab navigation be cancelled
2026-10-06T01:44:56.3215416Z [22m[39m[svelte] ownership_invalid_mutation
2026-10-06T01:44:56.3217993Z Mutating unbound props (`editorFrameRef`, at src/​lib/​media/​FocalPointEditor.svelte:18:32) is strongly discouraged. Consider using `bind:editorFrameRef={...}` in src/lib/media/MediaDetails.svelte (or using a callback) instead
2026-10-06T01:44:56.3219930Z https://svelte.dev/e/ownership_invalid_mutation
2026-10-06T01:44:56.4133730Z 2026-10-06T01:44:56.412Z pw:browser [pid=3066][err] [1006/014456.412845:INFO:CONSOLE:1222] "%c[svelte] ownership_invalid_mutation
2026-10-06T01:44:56.4137618Z 2026-10-06T01:44:56.413Z pw:browser [pid=3066][err] %cMutating unbound props (`editorFrameRef`, at src/​lib/​media/​FocalPointEditor.svelte:18:96) is strongly discouraged. Consider using `bind:editorFrameRef={...}` in src/lib/media/MediaDetails.svelte (or using a callback) instead
2026-10-06T01:44:56.4147609Z 2026-10-06T01:44:56.413Z pw:browser [pid=3066][err] https://svelte.dev/e/ownership_invalid_mutation font-weight: bold font-weight: normal", source: http://localhost:63315/__vitest_browser__/tester-BJtsJFpD.js (1222)
2026-10-06T01:44:56.4157624Z 2026-10-06T01:44:56.415Z pw:browser [pid=3066][err] [1006/014456.414711:INFO:CONSOLE:1222] "Attempted to synchronously unmount a root while React was already rendering. React cannot finish unmounting the root until the current render has completed, which may lead to a race condition.", source: http://localhost:63315/__vitest_browser__/tester-BJtsJFpD.js (1222)
2026-10-06T01:44:56.4166317Z [90mstderr[2m | parity/emdash/media-admin-editor/source/packages/admin/tests/components/MediaDetailPanelNavigation.test.tsx[2m > [22m[2mMediaDetailPanel usage navigation[2m > [22m[2mnavigates after dirty same-tab navigation is discarded
2026-10-06T01:44:56.4169176Z [22m[39m[svelte] ownership_invalid_mutation
2026-10-06T01:44:56.4172574Z Mutating unbound props (`editorFrameRef`, at src/​lib/​media/​FocalPointEditor.svelte:18:96) is strongly discouraged. Consider using `bind:editorFrameRef={...}` in src/lib/media/MediaDetails.svelte (or using a callback) instead
2026-10-06T01:44:56.4174673Z https://svelte.dev/e/ownership_invalid_mutation
2026-10-06T01:44:56.4177554Z [90mstderr[2m | parity/emdash/media-admin-editor/source/packages/admin/tests/components/MediaDetailPanelNavigation.test.tsx[2m > [22m[2mMediaDetailPanel usage navigation[2m > [22m[2mnavigates after dirty same-tab navigation is discarded
2026-10-06T01:44:56.4182646Z [22m[39mAttempted to synchronously unmount a root while React was already rendering. React cannot finish unmounting the root until the current render has completed, which may lead to a race condition.
2026-10-06T01:44:56.4225146Z 2026-10-06T01:44:56.422Z pw:browser [pid=3066][err] [1006/014456.422110:INFO:CONSOLE:1222] "%c[svelte] ownership_invalid_mutation
2026-10-06T01:44:56.4234857Z 2026-10-06T01:44:56.422Z pw:browser [pid=3066][err] %cMutating unbound props (`editorFrameRef`, at src/​lib/​media/​FocalPointEditor.svelte:18:32) is strongly discouraged. Consider using `bind:editorFrameRef={...}` in src/lib/media/MediaDetails.svelte (or using a callback) instead
2026-10-06T01:44:56.4238809Z 2026-10-06T01:44:56.422Z pw:browser [pid=3066][err] https://svelte.dev/e/ownership_invalid_mutation font-weight: bold font-weight: normal", source: http://localhost:63315/__vitest_browser__/tester-BJtsJFpD.js (1222)
2026-10-06T01:44:56.4242845Z [90mstderr[2m | parity/emdash/media-admin-editor/source/packages/admin/tests/components/MediaDetailPanelNavigation.test.tsx[2m > [22m[2mMediaDetailPanel usage navigation[2m > [22m[2mnavigates after dirty same-tab navigation is discarded
2026-10-06T01:44:56.4248232Z [22m[39m[svelte] ownership_invalid_mutation
2026-10-06T01:44:56.4251024Z Mutating unbound props (`editorFrameRef`, at src/​lib/​media/​FocalPointEditor.svelte:18:32) is strongly discouraged. Consider using `bind:editorFrameRef={...}` in src/lib/media/MediaDetails.svelte (or using a callback) instead
2026-10-06T01:44:56.4262708Z https://svelte.dev/e/ownership_invalid_mutation
2026-10-06T01:44:56.4991071Z 2026-10-06T01:44:56.498Z pw:browser [pid=3066][err] [1006/014456.498614:INFO:CONSOLE:1222] "%c[svelte] ownership_invalid_mutation
2026-10-06T01:44:56.4995238Z 2026-10-06T01:44:56.498Z pw:browser [pid=3066][err] %cMutating unbound props (`editorFrameRef`, at src/​lib/​media/​FocalPointEditor.svelte:18:96) is strongly discouraged. Consider using `bind:editorFrameRef={...}` in src/lib/media/MediaDetails.svelte (or using a callback) instead
2026-10-06T01:44:56.4999364Z 2026-10-06T01:44:56.498Z pw:browser [pid=3066][err] https://svelte.dev/e/ownership_invalid_mutation font-weight: bold font-weight: normal", source: http://localhost:63315/__vitest_browser__/tester-BJtsJFpD.js (1222)
2026-10-06T01:44:56.5033451Z [90mstderr[2m | parity/emdash/media-admin-editor/source/packages/admin/tests/components/MediaDetailPanelNavigation.test.tsx[2m > [22m[2mMediaDetailPanel usage navigation[2m > [22m[2mnavigates after dirty same-tab navigation is discarded
2026-10-06T01:44:56.5035655Z [22m[39m[svelte] ownership_invalid_mutation
2026-10-06T01:44:56.5038122Z Mutating unbound props (`editorFrameRef`, at src/​lib/​media/​FocalPointEditor.svelte:18:96) is strongly discouraged. Consider using `bind:editorFrameRef={...}` in src/lib/media/MediaDetails.svelte (or using a callback) instead
2026-10-06T01:44:56.5039204Z https://svelte.dev/e/ownership_invalid_mutation
2026-10-06T01:44:56.5040913Z [90mstderr[2m | parity/emdash/media-admin-editor/source/packages/admin/tests/components/MediaDetailPanelNavigation.test.tsx[2m > [22m[2mMediaDetailPanel usage navigation[2m > [22m[2mnavigates after dirty same-tab navigation is discarded
2026-10-06T01:44:56.5042871Z [22m[39mAttempted to synchronously unmount a root while React was already rendering. React cannot finish unmounting the root until the current render has completed, which may lead to a race condition.
2026-10-06T01:44:56.5047120Z 2026-10-06T01:44:56.502Z pw:browser [pid=3066][err] [1006/014456.500247:INFO:CONSOLE:1222] "Attempted to synchronously unmount a root while React was already rendering. React cannot finish unmounting the root until the current render has completed, which may lead to a race condition.", source: http://localhost:63315/__vitest_browser__/tester-BJtsJFpD.js (1222)
2026-10-06T01:44:56.5068755Z 2026-10-06T01:44:56.506Z pw:browser [pid=3066][err] [1006/014456.506630:INFO:CONSOLE:1222] "%c[svelte] ownership_invalid_mutation
2026-10-06T01:44:56.5073372Z 2026-10-06T01:44:56.506Z pw:browser [pid=3066][err] %cMutating unbound props (`editorFrameRef`, at src/​lib/​media/​FocalPointEditor.svelte:18:32) is strongly discouraged. Consider using `bind:editorFrameRef={...}` in src/lib/media/MediaDetails.svelte (or using a callback) instead
2026-10-06T01:44:56.5076509Z 2026-10-06T01:44:56.506Z pw:browser [pid=3066][err] https://svelte.dev/e/ownership_invalid_mutation font-weight: bold font-weight: normal", source: http://localhost:63315/__vitest_browser__/tester-BJtsJFpD.js (1222)
2026-10-06T01:44:56.5079765Z [90mstderr[2m | parity/emdash/media-admin-editor/source/packages/admin/tests/components/MediaDetailPanelNavigation.test.tsx[2m > [22m[2mMediaDetailPanel usage navigation[2m > [22m[2mblocks primary, modified, auxiliary, and keyboard activation while saving
2026-10-06T01:44:56.5081579Z [22m[39m[svelte] ownership_invalid_mutation
2026-10-06T01:44:56.5084074Z Mutating unbound props (`editorFrameRef`, at src/​lib/​media/​FocalPointEditor.svelte:18:32) is strongly discouraged. Consider using `bind:editorFrameRef={...}` in src/lib/media/MediaDetails.svelte (or using a callback) instead
2026-10-06T01:44:56.5091246Z https://svelte.dev/e/ownership_invalid_mutation
2026-10-06T01:44:56.6543778Z  [32m✓[39m [30m[43m chromium [49m[39m parity/emdash/media-admin-editor/source/packages/admin/tests/components/MediaDetailPanelNavigation.test.tsx [2m([22m[2m6 tests[22m[2m)[22m[33m 574[2mms[22m[39m
2026-10-06T01:44:56.6965820Z 2026-10-06T01:44:56.694Z pw:browser [pid=3066][err] [1006/014456.693314:INFO:CONSOLE:934] "[vite] connecting...", source: http://localhost:63315/@vite/client (934)
2026-10-06T01:44:56.7065395Z 2026-10-06T01:44:56.706Z pw:browser [pid=3066][err] [1006/014456.706258:INFO:CONSOLE:1045] "[vite] connected.", source: http://localhost:63315/@vite/client (1045)
2026-10-06T01:44:56.8944023Z  [32m✓[39m [30m[43m chromium [49m[39m parity/emdash/media-admin-editor/source/packages/admin/tests/components/FocalPointEditor.test.tsx [2m([22m[2m1 test[22m[2m)[22m[32m 13[2mms[22m[39m
2026-10-06T01:44:56.9192469Z 2026-10-06T01:44:56.918Z pw:browser [pid=3066][err] [1006/014456.918411:INFO:CONSOLE:934] "[vite] connecting...", source: http://localhost:63315/@vite/client (934)
2026-10-06T01:44:56.9347841Z 2026-10-06T01:44:56.934Z pw:browser [pid=3066][err] [1006/014456.933405:INFO:CONSOLE:1045] "[vite] connected.", source: http://localhost:63315/@vite/client (1045)
2026-10-06T01:44:57.0559384Z  [32m✓[39m [30m[43m chromium [49m[39m parity/emdash/media-admin-editor/source/packages/admin/tests/components/useContainedMediaSize.test.tsx [2m([22m[2m1 test[22m[2m)[22m[32m 6[2mms[22m[39m
2026-10-06T01:44:57.0601502Z 
2026-10-06T01:44:57.0604434Z [2m Test Files [22m [1m[32m6 passed[39m[22m[90m (6)[39m
2026-10-06T01:44:57.0605788Z [2m      Tests [22m [1m[32m129 passed[39m[22m[90m (129)[39m
2026-10-06T01:44:57.0614602Z [2m   Start at [22m 01:44:45
2026-10-06T01:44:57.0616162Z [2m   Duration [22m 11.16s[2m (transform 0ms, setup 368ms, import 1.44s, tests 5.59s, environment 0ms)[22m
2026-10-06T01:44:57.0617476Z 
2026-10-06T01:44:57.0629561Z JSON report written to /home/runner/work/cms/cms/media-source-results.json
2026-10-06T01:44:57.0682683Z 2026-10-06T01:44:57.067Z pw:browser [pid=3066][err] [1006/014457.064374:INFO:CONSOLE:1080] "[vite] server connection lost. Polling for restart...", source: http://localhost:63315/@vite/client (1080)
2026-10-06T01:44:57.0770019Z 2026-10-06T01:44:57.067Z pw:browser [pid=3066][err] [1006/014457.066371:INFO:CONSOLE:1211] "[vite] server connection lost. Polling for restart...", source: http://localhost:63315/__vitest_browser__/tester-BJtsJFpD.js (1211)
2026-10-06T01:44:57.0873235Z 2026-10-06T01:44:57.086Z pw:browser [pid=3066] <gracefully close start>
2026-10-06T01:44:57.1326481Z 2026-10-06T01:44:57.131Z pw:browser [pid=3066] <process did exit: exitCode=0, signal=null>
2026-10-06T01:44:57.1327734Z 2026-10-06T01:44:57.131Z pw:browser [pid=3066] starting temporary directories cleanup
2026-10-06T01:44:57.1356960Z 2026-10-06T01:44:57.135Z pw:browser [pid=3066] finished temporary directories cleanup
2026-10-06T01:44:57.1358467Z 2026-10-06T01:44:57.135Z pw:browser [pid=3066] <gracefully close end>
2026-10-06T01:44:57.2095685Z ##[group]Run actions/upload-artifact@v4
2026-10-06T01:44:57.2095995Z with:
2026-10-06T01:44:57.2096207Z   name: media-source-panel
2026-10-06T01:44:57.2096461Z   path: media-source-results.json
2026-10-06T01:44:57.2096717Z   retention-days: 14
2026-10-06T01:44:57.2096937Z   if-no-files-found: warn
2026-10-06T01:44:57.2097359Z   compression-level: 6
2026-10-06T01:44:57.2097576Z   overwrite: false
2026-10-06T01:44:57.2097788Z   include-hidden-files: false
2026-10-06T01:44:57.2098019Z env:
2026-10-06T01:44:57.2098262Z   PNPM_HOME: /home/runner/setup-pnpm/node_modules/.bin
2026-10-06T01:44:57.2098572Z ##[endgroup]
2026-10-06T01:44:57.4025089Z (node:3148) [DEP0040] DeprecationWarning: The `punycode` module is deprecated. Please use a userland alternative instead.
2026-10-06T01:44:57.4026657Z (Use `node --trace-deprecation ...` to show where the warning was created)
2026-10-06T01:44:57.4164793Z With the provided path, there will be 1 file uploaded
2026-10-06T01:44:57.4216630Z Artifact name is valid!
2026-10-06T01:44:57.4229501Z Root directory input is valid!
2026-10-06T01:44:57.7915621Z Beginning upload of artifact content to blob storage
2026-10-06T01:44:57.8136039Z (node:3148) [DEP0169] DeprecationWarning: `url.parse()` behavior is not standardized and prone to errors that have security implications. Use the WHATWG URL API instead. CVEs are not issued for `url.parse()` vulnerabilities.
2026-10-06T01:45:03.1256659Z Uploaded bytes 5168
2026-10-06T01:45:03.2052355Z Finished uploading artifact content to blob storage!
2026-10-06T01:45:03.2054262Z SHA256 digest of uploaded artifact zip is fef8eb50ebbed41891fdb1e234980eea07f7e016abafe1bb2620d7df18aa58cf
2026-10-06T01:45:03.2055536Z Finalizing artifact upload
2026-10-06T01:45:03.5891065Z Artifact media-source-panel.zip successfully finalized. Artifact ID 11384767727
2026-10-06T01:45:03.5893174Z Artifact media-source-panel has been successfully uploaded! Final size is 5168 bytes. Artifact ID is 11384767727
2026-10-06T01:45:03.5899300Z Artifact download URL: https://github.com/sveltery/cms/actions/runs/37396334940/artifacts/11384767727
2026-10-06T01:45:03.6095461Z Post job cleanup.
2026-10-06T01:45:03.7422215Z (node:3164) [DEP0040] DeprecationWarning: The `punycode` module is deprecated. Please use a userland alternative instead.
2026-10-06T01:45:03.7423787Z (Use `node --trace-deprecation ...` to show where the warning was created)
2026-10-06T01:45:03.7427689Z Cache hit occurred on the primary key node-cache-Linux-x64-pnpm-cb01908ec0d0a45d9eb29e44f56e05364983ff2ce958acc694c939d2835b5d56, not saving cache.
2026-10-06T01:45:03.7538394Z Post job cleanup.
2026-10-06T01:45:03.9059194Z Pruning is unnecessary.
2026-10-06T01:45:03.9226600Z Post job cleanup.
2026-10-06T01:45:04.0181382Z [command]/usr/bin/git version
2026-10-06T01:45:04.0228952Z git version 2.55.0
2026-10-06T01:45:04.0274569Z Temporarily overriding HOME='/home/runner/work/_temp/0508d3ab-c017-4296-af46-4be2bd1fef62' before making global git config changes
2026-10-06T01:45:04.0275827Z Adding repository directory to the temporary git global config as a safe directory
2026-10-06T01:45:04.0280559Z [command]/usr/bin/git config --global --add safe.directory /home/runner/work/cms/cms
2026-10-06T01:45:04.0341934Z [command]/usr/bin/git config --local --name-only --get-regexp core\.sshCommand
2026-10-06T01:45:04.0412558Z [command]/usr/bin/git submodule foreach --recursive sh -c "git config --local --name-only --get-regexp 'core\.sshCommand' && git config --local --unset-all 'core.sshCommand' || :"
2026-10-06T01:45:04.0832383Z [command]/usr/bin/git config --local --name-only --get-regexp http\.https\:\/\/github\.com\/\.extraheader
2026-10-06T01:45:04.0879704Z http.https://github.com/.extraheader
2026-10-06T01:45:04.0892903Z [command]/usr/bin/git config --local --unset-all http.https://github.com/.extraheader
2026-10-06T01:45:04.0942778Z [command]/usr/bin/git submodule foreach --recursive sh -c "git config --local --name-only --get-regexp 'http\.https\:\/\/github\.com\/\.extraheader' && git config --local --unset-all 'http.https://github.com/.extraheader' || :"
2026-10-06T01:45:04.1331304Z [command]/usr/bin/git config --local --name-only --get-regexp ^includeIf\.gitdir:
2026-10-06T01:45:04.1389401Z [command]/usr/bin/git submodule foreach --recursive git config --local --show-origin --name-only --get-regexp remote.origin.url
2026-10-06T01:45:04.1836663Z Cleaning up orphan processes
2026-10-06T01:45:04.2181962Z ##[warning]Node.js 20 is deprecated. The following actions target Node.js 20 but are being forced to run on Node.js 24: actions/checkout@v4, actions/setup-node@v4, actions/upload-artifact@v4, pnpm/action-setup@v4. For more information see: https://github.blog/changelog/2025-09-19-deprecation-of-node-20-on-github-actions-runners/
