2026-10-06T00:55:06.0043558Z Current runner version: '2.337.0'
2026-10-06T00:55:06.0064275Z ##[group]Runner Image Provisioner
2026-10-06T00:55:06.0064980Z Hosted Compute Agent
2026-10-06T00:55:06.0065553Z Version: 20260901.588
2026-10-06T00:55:06.0066106Z Commit: f88ec8081b781fac6c440065ac7ff9e710ce3d0b
2026-10-06T00:55:06.0066701Z Build Date: 2026-09-01T19:56:44Z
2026-10-06T00:55:06.0067336Z Worker ID: {4868fa56-e47e-4e78-b920-3c93f5e56463}
2026-10-06T00:55:06.0067924Z Azure Region: westus3
2026-10-06T00:55:06.0068411Z ##[endgroup]
2026-10-06T00:55:06.0069568Z ##[group]Operating System
2026-10-06T00:55:06.0070098Z Ubuntu
2026-10-06T00:55:06.0070602Z 22.04.5
2026-10-06T00:55:06.0071211Z LTS
2026-10-06T00:55:06.0071644Z ##[endgroup]
2026-10-06T00:55:06.0072168Z ##[group]Runner Image
2026-10-06T00:55:06.0072681Z Image: ubuntu-22.04
2026-10-06T00:55:06.0073180Z Version: 20260927.309.1
2026-10-06T00:55:06.0074244Z Included Software: https://github.com/actions/runner-images/blob/ubuntu22/20260927.309/images/ubuntu/Ubuntu2204-Readme.md
2026-10-06T00:55:06.0075570Z Image Release: https://github.com/actions/runner-images/releases/tag/ubuntu22%2F20260927.309
2026-10-06T00:55:06.0076378Z ##[endgroup]
2026-10-06T00:55:06.0077413Z ##[group]GITHUB_TOKEN Permissions
2026-10-06T00:55:06.0078920Z Contents: read
2026-10-06T00:55:06.0079473Z Metadata: read
2026-10-06T00:55:06.0079989Z Packages: read
2026-10-06T00:55:06.0080485Z ##[endgroup]
2026-10-06T00:55:06.0082425Z Secret source: Actions
2026-10-06T00:55:06.0083176Z Cache mode: write
2026-10-06T00:55:06.0083834Z Prepare workflow directory
2026-10-06T00:55:06.0379131Z Prepare all required actions
2026-10-06T00:55:06.0424940Z Getting action download info
2026-10-06T00:55:06.3760013Z Download action repository 'actions/checkout@v4' (SHA:11d5960a326750d5838078e36cf38b85af677262)
2026-10-06T00:55:06.4884069Z Download action repository 'pnpm/action-setup@v4' (SHA:b906affcce14559ad1aafd4ab0e942779e9f58b1)
2026-10-06T00:55:07.1693697Z Download action repository 'actions/setup-node@v4' (SHA:49933ea5288caeca8642d1e84afbd3f7d6820020)
2026-10-06T00:55:07.3505313Z Download action repository 'actions/upload-artifact@v4' (SHA:ea165f8d65b6e75b540449e92b4886f43607fa02)
2026-10-06T00:55:07.6159801Z Complete job name: media-detail-source
2026-10-06T00:55:07.6827120Z ##[group]Run actions/checkout@v4
2026-10-06T00:55:07.6828004Z with:
2026-10-06T00:55:07.6828475Z   repository: sveltery/cms
2026-10-06T00:55:07.6831780Z   token: ***
2026-10-06T00:55:07.6832269Z   ssh-strict: true
2026-10-06T00:55:07.6832729Z   ssh-user: git
2026-10-06T00:55:07.6833236Z   persist-credentials: true
2026-10-06T00:55:07.6833752Z   clean: true
2026-10-06T00:55:07.6834192Z   sparse-checkout-cone-mode: true
2026-10-06T00:55:07.6834781Z   fetch-depth: 1
2026-10-06T00:55:07.6835269Z   fetch-tags: false
2026-10-06T00:55:07.6835770Z   show-progress: true
2026-10-06T00:55:07.6836276Z   lfs: false
2026-10-06T00:55:07.6836742Z   submodules: false
2026-10-06T00:55:07.6837289Z   set-safe-directory: true
2026-10-06T00:55:07.6837791Z   allow-unsafe-pr-checkout: false
2026-10-06T00:55:07.6838614Z ##[endgroup]
2026-10-06T00:55:07.7713946Z Syncing repository: sveltery/cms
2026-10-06T00:55:07.7716350Z ##[group]Getting Git version info
2026-10-06T00:55:07.7717472Z Working directory is '/home/runner/work/cms/cms'
2026-10-06T00:55:07.7718965Z [command]/usr/bin/git version
2026-10-06T00:55:07.7766448Z git version 2.55.0
2026-10-06T00:55:07.7784435Z ##[endgroup]
2026-10-06T00:55:07.7796590Z Temporarily overriding HOME='/home/runner/work/_temp/03b7d880-5796-4d51-8059-cdf96db30575' before making global git config changes
2026-10-06T00:55:07.7798037Z Adding repository directory to the temporary git global config as a safe directory
2026-10-06T00:55:07.7800227Z [command]/usr/bin/git config --global --add safe.directory /home/runner/work/cms/cms
2026-10-06T00:55:07.7834287Z Deleting the contents of '/home/runner/work/cms/cms'
2026-10-06T00:55:07.7841647Z ##[group]Initializing the repository
2026-10-06T00:55:07.7842770Z [command]/usr/bin/git init /home/runner/work/cms/cms
2026-10-06T00:55:07.8121466Z hint: Using 'master' as the name for the initial branch. This default branch name
2026-10-06T00:55:07.8123326Z hint: will change to "main" in Git 3.0. To configure the initial branch name
2026-10-06T00:55:07.8127726Z hint: to use in all of your new repositories, which will suppress this warning,
2026-10-06T00:55:07.8129045Z hint: call:
2026-10-06T00:55:07.8129834Z hint:
2026-10-06T00:55:07.8131170Z hint: 	git config --global init.defaultBranch <name>
2026-10-06T00:55:07.8133532Z hint:
2026-10-06T00:55:07.8134773Z hint: Names commonly chosen instead of 'master' are 'main', 'trunk' and
2026-10-06T00:55:07.8136272Z hint: 'development'. The just-created branch can be renamed via this command:
2026-10-06T00:55:07.8137476Z hint:
2026-10-06T00:55:07.8138401Z hint: 	git branch -m <name>
2026-10-06T00:55:07.8139281Z hint:
2026-10-06T00:55:07.8140432Z hint: Disable this message with "git config set advice.defaultBranchName false"
2026-10-06T00:55:07.8142141Z Initialized empty Git repository in /home/runner/work/cms/cms/.git/
2026-10-06T00:55:07.8144527Z [command]/usr/bin/git remote add origin https://github.com/sveltery/cms
2026-10-06T00:55:07.8180894Z ##[endgroup]
2026-10-06T00:55:07.8183129Z ##[group]Disabling automatic garbage collection
2026-10-06T00:55:07.8184725Z [command]/usr/bin/git config --local gc.auto 0
2026-10-06T00:55:07.8216880Z ##[endgroup]
2026-10-06T00:55:07.8218291Z ##[group]Setting up auth
2026-10-06T00:55:07.8223251Z [command]/usr/bin/git config --local --name-only --get-regexp core\.sshCommand
2026-10-06T00:55:07.8264425Z [command]/usr/bin/git submodule foreach --recursive sh -c "git config --local --name-only --get-regexp 'core\.sshCommand' && git config --local --unset-all 'core.sshCommand' || :"
2026-10-06T00:55:07.8587877Z [command]/usr/bin/git config --local --name-only --get-regexp http\.https\:\/\/github\.com\/\.extraheader
2026-10-06T00:55:07.8625162Z [command]/usr/bin/git submodule foreach --recursive sh -c "git config --local --name-only --get-regexp 'http\.https\:\/\/github\.com\/\.extraheader' && git config --local --unset-all 'http.https://github.com/.extraheader' || :"
2026-10-06T00:55:07.8843140Z [command]/usr/bin/git config --local --name-only --get-regexp ^includeIf\.gitdir:
2026-10-06T00:55:07.8875513Z [command]/usr/bin/git submodule foreach --recursive git config --local --show-origin --name-only --get-regexp remote.origin.url
2026-10-06T00:55:07.9091226Z [command]/usr/bin/git config --local http.https://github.com/.extraheader AUTHORIZATION: basic ***
2026-10-06T00:55:07.9193320Z ##[endgroup]
2026-10-06T00:55:07.9194408Z ##[group]Fetching the repository
2026-10-06T00:55:07.9195604Z [command]/usr/bin/git -c protocol.version=2 fetch --no-tags --prune --no-recurse-submodules --depth=1 origin +75fd61ec31e6268944950117a7103a89c235dc9a:refs/remotes/pull/121/merge
2026-10-06T00:55:09.6403892Z From https://github.com/sveltery/cms
2026-10-06T00:55:09.6405959Z  * [new ref]         75fd61ec31e6268944950117a7103a89c235dc9a -> pull/121/merge
2026-10-06T00:55:09.6413518Z ##[endgroup]
2026-10-06T00:55:09.6414731Z ##[group]Determining the checkout info
2026-10-06T00:55:09.6415988Z ##[endgroup]
2026-10-06T00:55:09.6416642Z [command]/usr/bin/git sparse-checkout disable
2026-10-06T00:55:09.6457573Z [command]/usr/bin/git config --local --unset-all extensions.worktreeConfig
2026-10-06T00:55:09.6490251Z ##[group]Checking out the ref
2026-10-06T00:55:09.6492985Z [command]/usr/bin/git checkout --progress --force refs/remotes/pull/121/merge
2026-10-06T00:55:10.0447496Z Note: switching to 'refs/remotes/pull/121/merge'.
2026-10-06T00:55:10.0447963Z 
2026-10-06T00:55:10.0448236Z You are in 'detached HEAD' state. You can look around, make experimental
2026-10-06T00:55:10.0448834Z changes and commit them, and you can discard any commits you make in this
2026-10-06T00:55:10.0449649Z state without impacting any branches by switching back to a branch.
2026-10-06T00:55:10.0450036Z 
2026-10-06T00:55:10.0450326Z If you want to create a new branch to retain commits you create, you may
2026-10-06T00:55:10.0451504Z do so (now or later) by using -c with the switch command. Example:
2026-10-06T00:55:10.0451791Z 
2026-10-06T00:55:10.0451986Z   git switch -c <new-branch-name>
2026-10-06T00:55:10.0452267Z 
2026-10-06T00:55:10.0452412Z Or undo this operation with:
2026-10-06T00:55:10.0452570Z 
2026-10-06T00:55:10.0452673Z   git switch -
2026-10-06T00:55:10.0452814Z 
2026-10-06T00:55:10.0453436Z Turn off this advice by setting config variable advice.detachedHead to false
2026-10-06T00:55:10.0453914Z 
2026-10-06T00:55:10.0454374Z HEAD is now at 75fd61e Merge 563b3fb36a43265336e34c4610cd6e2306195a8a into d8989c402af17e329be09c0f17773fa33e36d7a9
2026-10-06T00:55:10.0465785Z ##[endgroup]
2026-10-06T00:55:10.0506731Z [command]/usr/bin/git log -1 --format=%H
2026-10-06T00:55:10.0532976Z 75fd61ec31e6268944950117a7103a89c235dc9a
2026-10-06T00:55:10.0746906Z ##[group]Run pnpm/action-setup@v4
2026-10-06T00:55:10.0747182Z with:
2026-10-06T00:55:10.0747387Z   version: 12.6.0
2026-10-06T00:55:10.0747596Z   dest: ~/setup-pnpm
2026-10-06T00:55:10.0747826Z   run_install: null
2026-10-06T00:55:10.0748024Z   cache: false
2026-10-06T00:55:10.0748241Z   cache_dependency_path: pnpm-lock.yaml
2026-10-06T00:55:10.0748528Z   package_json_file: package.json
2026-10-06T00:55:10.0748769Z   standalone: false
2026-10-06T00:55:10.0748975Z ##[endgroup]
2026-10-06T00:55:10.1945031Z ##[group]Running self-installer...
2026-10-06T00:55:10.5231224Z (node:1881) [DEP0169] DeprecationWarning: `url.parse()` behavior is not standardized and prone to errors that have security implications. Use the WHATWG URL API instead. CVEs are not issued for `url.parse()` vulnerabilities.
2026-10-06T00:55:10.5232286Z (Use `node --trace-deprecation ...` to show where the warning was created)
2026-10-06T00:55:10.7051413Z Progress: resolved 1, reused 0, downloaded 0, added 0
2026-10-06T00:55:10.8378749Z Packages: +3
2026-10-06T00:55:10.8379066Z +++
2026-10-06T00:55:11.4733668Z Progress: resolved 15, reused 0, downloaded 3, added 3, done
2026-10-06T00:55:11.4870956Z .../.pnpm/pnpm@12.6.0/node_modules/pnpm preinstall$ node install.js
2026-10-06T00:55:12.9735166Z .../.pnpm/pnpm@12.6.0/node_modules/pnpm preinstall: Done
2026-10-06T00:55:12.9747405Z .../.pnpm/pnpm@12.6.0/node_modules/pnpm postinstall$ node install.js
2026-10-06T00:55:13.0207130Z .../.pnpm/pnpm@12.6.0/node_modules/pnpm postinstall: Done
2026-10-06T00:55:14.3874534Z 
2026-10-06T00:55:14.3874976Z dependencies:
2026-10-06T00:55:14.3875303Z + pnpm 12.6.0 (12.9.1 is available)
2026-10-06T00:55:14.3875522Z 
2026-10-06T00:55:14.3897662Z Done in 4s
2026-10-06T00:55:14.4496887Z ##[endgroup]
2026-10-06T00:55:14.4497194Z Installation Completed!
2026-10-06T00:55:14.4671018Z ##[group]Run actions/setup-node@v4
2026-10-06T00:55:14.4671268Z with:
2026-10-06T00:55:14.4671440Z   node-version: 24
2026-10-06T00:55:14.4671613Z   always-auth: false
2026-10-06T00:55:14.4671792Z   check-latest: false
2026-10-06T00:55:14.4673695Z   token: ***
2026-10-06T00:55:14.4673861Z env:
2026-10-06T00:55:14.4674074Z   PNPM_HOME: /home/runner/setup-pnpm/node_modules/.bin
2026-10-06T00:55:14.4674338Z ##[endgroup]
2026-10-06T00:55:14.6256979Z Found in cache @ /opt/hostedtoolcache/node/24.21.0/x64
2026-10-06T00:55:14.6261520Z (node:1913) [DEP0040] DeprecationWarning: The `punycode` module is deprecated. Please use a userland alternative instead.
2026-10-06T00:55:14.6262286Z (Use `node --trace-deprecation ...` to show where the warning was created)
2026-10-06T00:55:14.6263558Z ##[group]Environment details
2026-10-06T00:55:16.9640604Z node: v24.21.0
2026-10-06T00:55:16.9641314Z npm: 11.19.0
2026-10-06T00:55:16.9641554Z yarn: 1.22.22
2026-10-06T00:55:16.9642683Z ##[endgroup]
2026-10-06T00:55:16.9759183Z ##[group]Run pnpm install --frozen-lockfile
2026-10-06T00:55:16.9759527Z [36;1mpnpm install --frozen-lockfile[0m
2026-10-06T00:55:17.1779960Z shell: /usr/bin/bash -e {0}
2026-10-06T00:55:17.1780217Z env:
2026-10-06T00:55:17.1780445Z   PNPM_HOME: /home/runner/setup-pnpm/node_modules/.bin
2026-10-06T00:55:17.1780710Z ##[endgroup]
2026-10-06T00:55:17.2274083Z ? Verifying lockfile against supply-chain policies (534 entries)...
2026-10-06T00:55:17.6172070Z Downloading @rolldown/binding-linux-x64-gnu@1.2.12: 0.00 B/8.07 MB
2026-10-06T00:55:17.6462474Z Packages are hard linked from the content-addressable store to the virtual store.
2026-10-06T00:55:17.6464795Z   Content-addressable store is at: /home/runner/setup-pnpm/node_modules/.bin/store/v11
2026-10-06T00:55:17.6467969Z   Virtual store is at:             node_modules/.pnpm
2026-10-06T00:55:17.6545369Z Downloading @phosphor-icons/react@2.1.10: 0.00 B/5.30 MB
2026-10-06T00:55:17.6547008Z Downloading @cloudflare/workerd-linux-64@1.20260507.1: 0.00 B/36.65 MB
2026-10-06T00:55:18.0322360Z Downloading @img/sharp-libvips-linux-x64@1.2.4: 0.00 B/7.53 MB
2026-10-06T00:55:18.4717202Z Downloading @cloudflare/workerd-linux-64@1.20260609.1: 0.00 B/36.64 MB
2026-10-06T00:55:19.4934116Z Progress: resolved 403, reused 0, downloaded 192, added 190
2026-10-06T00:55:19.6753550Z ✓ Lockfile passes supply-chain policies (534 entries in 2.4s)
2026-10-06T00:55:19.6754275Z Lockfile is up to date, resolution step is skipped
2026-10-06T00:55:20.6129098Z Packages: +403
2026-10-06T00:55:20.6129771Z ++++++++++++++++++++++++++++++++++++++++++++++++++++++++++++++++++++++++++++++++
2026-10-06T00:55:20.6430447Z Progress: resolved 403, reused 0, downloaded 403, added 403, done
2026-10-06T00:55:20.9296327Z . prepare$ svelte-kit sync
2026-10-06T00:55:21.7658260Z . prepare: Done
2026-10-06T00:55:21.7678319Z 
2026-10-06T00:55:21.7678553Z dependencies:
2026-10-06T00:55:21.7678872Z + @oslojs/crypto 1.0.1
2026-10-06T00:55:21.7679184Z + @oslojs/encoding 1.1.0
2026-10-06T00:55:21.7679530Z + @oslojs/webauthn 1.0.0
2026-10-06T00:55:21.7679964Z + @wordpress/block-serialization-default-parser 5.38.0
2026-10-06T00:55:21.7680376Z + blurhash 2.0.5
2026-10-06T00:55:21.7680629Z + cn 0.2.2
2026-10-06T00:55:21.7680987Z + date-fns 4.1.0
2026-10-06T00:55:21.7681253Z + image-size 2.0.2
2026-10-06T00:55:21.7681578Z + jpeg-js 0.4.4
2026-10-06T00:55:21.7681843Z + jsonc-parser 3.3.1
2026-10-06T00:55:21.7682130Z + kysely 0.29.2
2026-10-06T00:55:21.7682381Z + mime 4.1.0
2026-10-06T00:55:21.7682688Z + parse5 7.3.0
2026-10-06T00:55:21.7682941Z + smol-toml 1.6.0
2026-10-06T00:55:21.7683183Z + ulidx 2.4.1
2026-10-06T00:55:21.7683415Z + upng-js 2.1.0
2026-10-06T00:55:21.7683657Z + valibot 1.5.0
2026-10-06T00:55:21.7683905Z + zod 4.5.4
2026-10-06T00:55:21.7684037Z 
2026-10-06T00:55:21.7684153Z devDependencies:
2026-10-06T00:55:21.7684428Z + @babel/core 7.29.7
2026-10-06T00:55:21.7684714Z + @cloudflare/kumo 2.6.0
2026-10-06T00:55:21.7685148Z + @cloudflare/workers-types 4.20260507.1
2026-10-06T00:55:21.7685454Z + @floating-ui/dom 1.8.0
2026-10-06T00:55:21.7685695Z + @lingui/babel-plugin-lingui-macro 5.9.5
2026-10-06T00:55:21.7685927Z + @lingui/conf 5.9.5
2026-10-06T00:55:21.7686111Z + @lingui/core 5.9.5
2026-10-06T00:55:21.7686292Z + @lingui/react 5.9.5
2026-10-06T00:55:21.7686485Z + @playwright/test 1.63.0
2026-10-06T00:55:21.7686725Z + @sveltejs/adapter-auto 7.0.1
2026-10-06T00:55:21.7686966Z + @sveltejs/adapter-cloudflare 7.2.9
2026-10-06T00:55:21.7687215Z + @sveltejs/adapter-node 5.5.7
2026-10-06T00:55:21.7687484Z + @sveltejs/kit 2.70.3
2026-10-06T00:55:21.7687739Z + @sveltejs/vite-plugin-svelte 7.3.1
2026-10-06T00:55:21.7687982Z + @tanstack/react-query 5.90.21
2026-10-06T00:55:21.7688214Z + @tanstack/react-router 1.163.2
2026-10-06T00:55:21.7688444Z + @testing-library/react 16.3.2
2026-10-06T00:55:21.7688644Z + @types/jsdom 30.0.0
2026-10-06T00:55:21.7688826Z + @types/node 24.19.0
2026-10-06T00:55:21.7689000Z + @types/react 19.3.0
2026-10-06T00:55:21.7689184Z + @types/react-dom 19.3.0
2026-10-06T00:55:21.7689757Z + @vitest/browser-playwright 4.1.10
2026-10-06T00:55:21.7689968Z + devalue 5.9.4
2026-10-06T00:55:21.7690132Z + jsdom 30.1.1
2026-10-06T00:55:21.7690311Z + miniflare 4.20260507.1
2026-10-06T00:55:21.7690492Z + pg 8.18.0
2026-10-06T00:55:21.7690648Z + react 19.3.0
2026-10-06T00:55:21.7691651Z + react-day-picker 9.14.0
2026-10-06T00:55:21.7691962Z + react-dom 19.3.0
2026-10-06T00:55:21.7692193Z + svelte 5.57.1
2026-10-06T00:55:21.7692629Z + svelte-check 4.7.6
2026-10-06T00:55:21.7692848Z + typescript 6.0.3
2026-10-06T00:55:21.7693013Z + vite 8.3.2
2026-10-06T00:55:21.7693171Z + vitest 4.1.10
2026-10-06T00:55:21.7693361Z + vitest-browser-react 2.2.0
2026-10-06T00:55:21.7693563Z + wrangler 4.99.0
2026-10-06T00:55:21.7693658Z 
2026-10-06T00:55:21.7898883Z Done in 4.6s using pnpm v12.6.0
2026-10-06T00:55:21.8255635Z ##[group]Run pnpm exec playwright install --with-deps chromium
2026-10-06T00:55:21.8256018Z [36;1mpnpm exec playwright install --with-deps chromium[0m
2026-10-06T00:55:21.8317886Z shell: /usr/bin/bash -e {0}
2026-10-06T00:55:21.8318091Z env:
2026-10-06T00:55:21.8318302Z   PNPM_HOME: /home/runner/setup-pnpm/node_modules/.bin
2026-10-06T00:55:21.8318563Z ##[endgroup]
2026-10-06T00:55:22.2595194Z Installing dependencies...
2026-10-06T00:55:22.2661104Z Switching to root user to install dependencies...
2026-10-06T00:55:22.5055448Z Get:1 https://packages.microsoft.com/ubuntu/22.04/prod jammy InRelease [3632 B]
2026-10-06T00:55:22.6116992Z Get:2 file:/etc/apt/apt-mirrors.txt Mirrorlist [144 B]
2026-10-06T00:55:22.6363665Z Hit:3 http://azure.archive.ubuntu.com/ubuntu jammy InRelease
2026-10-06T00:55:22.6374246Z Get:4 http://azure.archive.ubuntu.com/ubuntu jammy-updates InRelease [128 kB]
2026-10-06T00:55:22.6405372Z Get:5 http://azure.archive.ubuntu.com/ubuntu jammy-backports InRelease [127 kB]
2026-10-06T00:55:22.6421257Z Get:6 http://azure.archive.ubuntu.com/ubuntu jammy-security InRelease [129 kB]
2026-10-06T00:55:22.7422043Z Get:7 https://packages.microsoft.com/ubuntu/22.04/prod jammy/main amd64 Packages [797 kB]
2026-10-06T00:55:22.7551932Z Get:8 https://packages.microsoft.com/ubuntu/22.04/prod jammy/main arm64 Packages [551 kB]
2026-10-06T00:55:22.8955039Z Get:9 http://azure.archive.ubuntu.com/ubuntu jammy-updates/main amd64 Packages [3907 kB]
2026-10-06T00:55:22.9115541Z Get:10 http://azure.archive.ubuntu.com/ubuntu jammy-updates/main Translation-en [576 kB]
2026-10-06T00:55:22.9170389Z Get:11 http://azure.archive.ubuntu.com/ubuntu jammy-updates/restricted amd64 Packages [6714 kB]
2026-10-06T00:55:22.9433478Z Get:12 http://azure.archive.ubuntu.com/ubuntu jammy-updates/restricted Translation-en [1290 kB]
2026-10-06T00:55:22.9506703Z Get:13 http://azure.archive.ubuntu.com/ubuntu jammy-updates/universe amd64 Packages [1285 kB]
2026-10-06T00:55:22.9558017Z Get:14 http://azure.archive.ubuntu.com/ubuntu jammy-updates/universe Translation-en [325 kB]
2026-10-06T00:55:23.0577773Z Get:15 http://azure.archive.ubuntu.com/ubuntu jammy-security/main amd64 Packages [3631 kB]
2026-10-06T00:55:23.0735714Z Get:16 http://azure.archive.ubuntu.com/ubuntu jammy-security/main Translation-en [508 kB]
2026-10-06T00:55:23.0765967Z Get:17 http://azure.archive.ubuntu.com/ubuntu jammy-security/restricted amd64 Packages [6465 kB]
2026-10-06T00:55:23.1041021Z Get:18 http://azure.archive.ubuntu.com/ubuntu jammy-security/restricted Translation-en [1244 kB]
2026-10-06T00:55:23.1538264Z Get:19 http://azure.archive.ubuntu.com/ubuntu jammy-security/universe amd64 Packages [1052 kB]
2026-10-06T00:55:23.1588735Z Get:20 http://azure.archive.ubuntu.com/ubuntu jammy-security/universe Translation-en [237 kB]
2026-10-06T00:55:33.0794273Z Fetched 29.0 MB in 3s (9886 kB/s)
2026-10-06T00:55:34.1899839Z Reading package lists...
2026-10-06T00:55:34.2425890Z Reading package lists...
2026-10-06T00:55:34.4867470Z Building dependency tree...
2026-10-06T00:55:34.4877470Z Reading state information...
2026-10-06T00:55:34.6560233Z fonts-liberation is already the newest version (1:1.07.4-11).
2026-10-06T00:55:34.6560959Z fonts-liberation set to manually installed.
2026-10-06T00:55:34.6561737Z libatk-bridge2.0-0 is already the newest version (2.38.0-3).
2026-10-06T00:55:34.6562276Z libatk-bridge2.0-0 set to manually installed.
2026-10-06T00:55:34.6562804Z libatk1.0-0 is already the newest version (2.36.0-3build1).
2026-10-06T00:55:34.6563285Z libatk1.0-0 set to manually installed.
2026-10-06T00:55:34.6563768Z libatspi2.0-0 is already the newest version (2.44.0-3).
2026-10-06T00:55:34.6564477Z libatspi2.0-0 set to manually installed.
2026-10-06T00:55:34.6564811Z libfontconfig1 is already the newest version (2.13.1-4.2ubuntu5).
2026-10-06T00:55:34.6565136Z libfontconfig1 set to manually installed.
2026-10-06T00:55:34.6565447Z libxcb1 is already the newest version (1.14-3ubuntu3).
2026-10-06T00:55:34.6565727Z libxcb1 set to manually installed.
2026-10-06T00:55:34.6566271Z libxcomposite1 is already the newest version (1:0.4.5-1build2).
2026-10-06T00:55:34.6566613Z libxcomposite1 set to manually installed.
2026-10-06T00:55:34.6566936Z libxdamage1 is already the newest version (1:1.1.5-2build2).
2026-10-06T00:55:34.6567241Z libxdamage1 set to manually installed.
2026-10-06T00:55:34.6567543Z libxext6 is already the newest version (2:1.3.4-1build1).
2026-10-06T00:55:34.6567834Z libxext6 set to manually installed.
2026-10-06T00:55:34.6568121Z libxfixes3 is already the newest version (1:6.0.0-1).
2026-10-06T00:55:34.6568406Z libxfixes3 set to manually installed.
2026-10-06T00:55:34.6568709Z libxkbcommon0 is already the newest version (1.4.0-1).
2026-10-06T00:55:34.6569005Z libxkbcommon0 set to manually installed.
2026-10-06T00:55:34.6569320Z libxrandr2 is already the newest version (2:1.5.2-1build1).
2026-10-06T00:55:34.6569611Z libxrandr2 set to manually installed.
2026-10-06T00:55:34.6569984Z fonts-noto-color-emoji is already the newest version (2.047-0ubuntu0.22.04.1).
2026-10-06T00:55:34.6570404Z libasound2 is already the newest version (1.2.6.1-1ubuntu1.2).
2026-10-06T00:55:34.6570706Z libasound2 set to manually installed.
2026-10-06T00:55:34.6571291Z libcairo2 is already the newest version (1.16.0-5ubuntu2.1).
2026-10-06T00:55:34.6571680Z libcairo2 set to manually installed.
2026-10-06T00:55:34.6572087Z libcups2 is already the newest version (2.4.1op1-1ubuntu4.21).
2026-10-06T00:55:34.6572498Z libcups2 set to manually installed.
2026-10-06T00:55:34.6572921Z libdbus-1-3 is already the newest version (1.12.20-2ubuntu4.1).
2026-10-06T00:55:34.6573330Z libdbus-1-3 set to manually installed.
2026-10-06T00:55:34.6573790Z libdrm2 is already the newest version (2.4.113-2~ubuntu0.22.04.1).
2026-10-06T00:55:34.6574197Z libdrm2 set to manually installed.
2026-10-06T00:55:34.6574629Z libfreetype6 is already the newest version (2.11.1+dfsg-1ubuntu0.3).
2026-10-06T00:55:34.6575108Z libfreetype6 set to manually installed.
2026-10-06T00:55:34.6575631Z libgbm1 is already the newest version (23.2.1-1ubuntu3.1~22.04.4).
2026-10-06T00:55:34.6576090Z libgbm1 set to manually installed.
2026-10-06T00:55:34.6576552Z libglib2.0-0 is already the newest version (2.72.4-0ubuntu2.10).
2026-10-06T00:55:34.6577029Z libglib2.0-0 set to manually installed.
2026-10-06T00:55:34.6577557Z libnspr4 is already the newest version (2:4.35-0ubuntu0.22.04.1).
2026-10-06T00:55:34.6578185Z libnss3 is already the newest version (2:3.98-0ubuntu0.22.04.4).
2026-10-06T00:55:34.6578787Z libpango-1.0-0 is already the newest version (1.50.6+ds-2ubuntu1).
2026-10-06T00:55:34.6579308Z libpango-1.0-0 set to manually installed.
2026-10-06T00:55:34.6579884Z libwayland-client0 is already the newest version (1.20.0-1ubuntu0.1).
2026-10-06T00:55:34.6580444Z libwayland-client0 set to manually installed.
2026-10-06T00:55:34.6581133Z libx11-6 is already the newest version (2:1.7.5-1ubuntu0.3).
2026-10-06T00:55:34.6581616Z libx11-6 set to manually installed.
2026-10-06T00:55:34.6582144Z xvfb is already the newest version (2:21.1.4-2ubuntu1.7~22.04.16).
2026-10-06T00:55:34.6582708Z The following additional packages will be installed:
2026-10-06T00:55:34.6583151Z   xfonts-encodings xfonts-utils
2026-10-06T00:55:34.6583511Z Recommended packages:
2026-10-06T00:55:34.6583868Z   fonts-ipafont-mincho fonts-tlwg-loma
2026-10-06T00:55:34.6781825Z The following NEW packages will be installed:
2026-10-06T00:55:34.6782294Z   fonts-freefont-ttf fonts-ipafont-gothic fonts-tlwg-loma-otf fonts-unifont
2026-10-06T00:55:34.6792096Z   fonts-wqy-zenhei xfonts-cyrillic xfonts-encodings xfonts-scalable
2026-10-06T00:55:34.6792428Z   xfonts-utils
2026-10-06T00:55:34.7006448Z 0 upgraded, 9 newly installed, 0 to remove and 20 not upgraded.
2026-10-06T00:55:34.7006829Z Need to get 18.4 MB of archives.
2026-10-06T00:55:34.7007184Z After this operation, 56.8 MB of additional disk space will be used.
2026-10-06T00:55:34.7007563Z Get:1 file:/etc/apt/apt-mirrors.txt Mirrorlist [144 B]
2026-10-06T00:55:34.7847415Z Get:2 http://azure.archive.ubuntu.com/ubuntu jammy/universe amd64 fonts-ipafont-gothic all 00303-21ubuntu1 [3513 kB]
2026-10-06T00:55:34.9863707Z Get:3 http://azure.archive.ubuntu.com/ubuntu jammy/main amd64 fonts-freefont-ttf all 20120503-10build1 [2388 kB]
2026-10-06T00:55:35.5482811Z Get:4 http://azure.archive.ubuntu.com/ubuntu jammy/universe amd64 fonts-tlwg-loma-otf all 1:0.7.3-1 [107 kB]
2026-10-06T00:55:35.6144324Z Get:5 http://azure.archive.ubuntu.com/ubuntu jammy/universe amd64 fonts-unifont all 1:14.0.01-1 [3551 kB]
2026-10-06T00:55:35.7628643Z Get:6 http://azure.archive.ubuntu.com/ubuntu jammy/universe amd64 fonts-wqy-zenhei all 0.9.45-8 [7472 kB]
2026-10-06T00:55:35.9667291Z Get:7 http://azure.archive.ubuntu.com/ubuntu jammy/main amd64 xfonts-encodings all 1:1.0.5-0ubuntu2 [578 kB]
2026-10-06T00:55:36.0350316Z Get:8 http://azure.archive.ubuntu.com/ubuntu jammy/main amd64 xfonts-utils amd64 1:7.7+6build2 [94.6 kB]
2026-10-06T00:55:36.1001957Z Get:9 http://azure.archive.ubuntu.com/ubuntu jammy/universe amd64 xfonts-cyrillic all 1:1.0.5 [386 kB]
2026-10-06T00:55:36.1712703Z Get:10 http://azure.archive.ubuntu.com/ubuntu jammy/main amd64 xfonts-scalable all 1:1.0.3-1.2ubuntu1 [306 kB]
2026-10-06T00:55:36.5191911Z Fetched 18.4 MB in 1s (12.4 MB/s)
2026-10-06T00:55:36.5563475Z Selecting previously unselected package fonts-ipafont-gothic.
2026-10-06T00:55:36.6420692Z (Reading database ... 
2026-10-06T00:55:36.6421246Z (Reading database ... 5%
2026-10-06T00:55:36.6421595Z (Reading database ... 10%
2026-10-06T00:55:36.6421907Z (Reading database ... 15%
2026-10-06T00:55:36.6422211Z (Reading database ... 20%
2026-10-06T00:55:36.6422430Z (Reading database ... 25%
2026-10-06T00:55:36.6422656Z (Reading database ... 30%
2026-10-06T00:55:36.6422862Z (Reading database ... 35%
2026-10-06T00:55:36.6423059Z (Reading database ... 40%
2026-10-06T00:55:36.6423248Z (Reading database ... 45%
2026-10-06T00:55:36.6423448Z (Reading database ... 50%
2026-10-06T00:55:36.9864912Z (Reading database ... 55%
2026-10-06T00:55:37.3831681Z (Reading database ... 60%
2026-10-06T00:55:37.6069541Z (Reading database ... 65%
2026-10-06T00:55:38.0131063Z (Reading database ... 70%
2026-10-06T00:55:38.5948852Z (Reading database ... 75%
2026-10-06T00:55:39.1216994Z (Reading database ... 80%
2026-10-06T00:55:39.7086956Z (Reading database ... 85%
2026-10-06T00:55:40.6222394Z (Reading database ... 90%
2026-10-06T00:55:41.2921991Z (Reading database ... 95%
2026-10-06T00:55:41.2922388Z (Reading database ... 100%
2026-10-06T00:55:41.2922875Z (Reading database ... 260411 files and directories currently installed.)
2026-10-06T00:55:41.2987491Z Preparing to unpack .../0-fonts-ipafont-gothic_00303-21ubuntu1_all.deb ...
2026-10-06T00:55:41.3092919Z Unpacking fonts-ipafont-gothic (00303-21ubuntu1) ...
2026-10-06T00:55:41.5922462Z Selecting previously unselected package fonts-freefont-ttf.
2026-10-06T00:55:41.6107802Z Preparing to unpack .../1-fonts-freefont-ttf_20120503-10build1_all.deb ...
2026-10-06T00:55:41.6114029Z Unpacking fonts-freefont-ttf (20120503-10build1) ...
2026-10-06T00:55:41.7654265Z Selecting previously unselected package fonts-tlwg-loma-otf.
2026-10-06T00:55:41.7839948Z Preparing to unpack .../2-fonts-tlwg-loma-otf_1%3a0.7.3-1_all.deb ...
2026-10-06T00:55:41.7846856Z Unpacking fonts-tlwg-loma-otf (1:0.7.3-1) ...
2026-10-06T00:55:41.8178513Z Selecting previously unselected package fonts-unifont.
2026-10-06T00:55:41.8362178Z Preparing to unpack .../3-fonts-unifont_1%3a14.0.01-1_all.deb ...
2026-10-06T00:55:41.8368339Z Unpacking fonts-unifont (1:14.0.01-1) ...
2026-10-06T00:55:41.9810364Z Selecting previously unselected package fonts-wqy-zenhei.
2026-10-06T00:55:41.9999022Z Preparing to unpack .../4-fonts-wqy-zenhei_0.9.45-8_all.deb ...
2026-10-06T00:55:42.0136739Z Unpacking fonts-wqy-zenhei (0.9.45-8) ...
2026-10-06T00:55:42.5203671Z Selecting previously unselected package xfonts-encodings.
2026-10-06T00:55:42.5389008Z Preparing to unpack .../5-xfonts-encodings_1%3a1.0.5-0ubuntu2_all.deb ...
2026-10-06T00:55:42.5394587Z Unpacking xfonts-encodings (1:1.0.5-0ubuntu2) ...
2026-10-06T00:55:42.5663507Z Selecting previously unselected package xfonts-utils.
2026-10-06T00:55:42.5846757Z Preparing to unpack .../6-xfonts-utils_1%3a7.7+6build2_amd64.deb ...
2026-10-06T00:55:42.5853774Z Unpacking xfonts-utils (1:7.7+6build2) ...
2026-10-06T00:55:42.6508691Z Selecting previously unselected package xfonts-cyrillic.
2026-10-06T00:55:42.6692368Z Preparing to unpack .../7-xfonts-cyrillic_1%3a1.0.5_all.deb ...
2026-10-06T00:55:42.6699027Z Unpacking xfonts-cyrillic (1:1.0.5) ...
2026-10-06T00:55:42.7130593Z Selecting previously unselected package xfonts-scalable.
2026-10-06T00:55:42.7315964Z Preparing to unpack .../8-xfonts-scalable_1%3a1.0.3-1.2ubuntu1_all.deb ...
2026-10-06T00:55:42.7321913Z Unpacking xfonts-scalable (1:1.0.3-1.2ubuntu1) ...
2026-10-06T00:55:42.7804968Z Setting up fonts-wqy-zenhei (0.9.45-8) ...
2026-10-06T00:55:42.7915262Z Setting up fonts-freefont-ttf (20120503-10build1) ...
2026-10-06T00:55:42.7933336Z Setting up fonts-tlwg-loma-otf (1:0.7.3-1) ...
2026-10-06T00:55:42.7949220Z Setting up xfonts-encodings (1:1.0.5-0ubuntu2) ...
2026-10-06T00:55:42.7963885Z Setting up fonts-ipafont-gothic (00303-21ubuntu1) ...
2026-10-06T00:55:42.8032511Z update-alternatives: using /usr/share/fonts/opentype/ipafont-gothic/ipag.ttf to provide /usr/share/fonts/truetype/fonts-japanese-gothic.ttf (fonts-japanese-gothic.ttf) in auto mode
2026-10-06T00:55:42.8050419Z Setting up fonts-unifont (1:14.0.01-1) ...
2026-10-06T00:55:42.8066228Z Setting up xfonts-utils (1:7.7+6build2) ...
2026-10-06T00:55:42.8102428Z Setting up xfonts-cyrillic (1:1.0.5) ...
2026-10-06T00:55:42.8456561Z Setting up xfonts-scalable (1:1.0.3-1.2ubuntu1) ...
2026-10-06T00:55:42.8714863Z Processing triggers for man-db (2.10.2-1) ...
2026-10-06T00:55:42.8733151Z Not building database; man-db/auto-update is not 'true'.
2026-10-06T00:55:42.8743484Z Processing triggers for fontconfig (2.13.1-4.2ubuntu5) ...
2026-10-06T00:55:44.5088991Z 
2026-10-06T00:55:44.5089857Z Running kernel seems to be up-to-date.
2026-10-06T00:55:44.5090182Z 
2026-10-06T00:55:44.5090421Z No services need to be restarted.
2026-10-06T00:55:44.5090622Z 
2026-10-06T00:55:44.5090934Z No containers need to be restarted.
2026-10-06T00:55:44.5091153Z 
2026-10-06T00:55:44.5091359Z No user sessions are running outdated binaries.
2026-10-06T00:55:44.5091611Z 
2026-10-06T00:55:44.5101647Z No VM guests are running outdated hypervisor (qemu) binaries on this host.
2026-10-06T00:55:45.7027413Z Downloading Chrome for Testing 153.0.8010.12 (playwright chromium v1243) from https://cdn.playwright.dev/builds/cft/153.0.8010.12/linux64/chrome-linux64.zip
2026-10-06T00:55:46.0909138Z |                                                                                |   0% of 186.8 MiB
2026-10-06T00:55:46.5755587Z |■■■■■■■■                                                                        |  10% of 186.8 MiB
2026-10-06T00:55:47.1403727Z |■■■■■■■■■■■■■■■■                                                                |  20% of 186.8 MiB
2026-10-06T00:55:47.4958306Z |■■■■■■■■■■■■■■■■■■■■■■■■                                                        |  30% of 186.8 MiB
2026-10-06T00:55:47.7314289Z |■■■■■■■■■■■■■■■■■■■■■■■■■■■■■■■■                                                |  40% of 186.8 MiB
2026-10-06T00:55:47.9092829Z |■■■■■■■■■■■■■■■■■■■■■■■■■■■■■■■■■■■■■■■■                                        |  50% of 186.8 MiB
2026-10-06T00:55:48.0431594Z |■■■■■■■■■■■■■■■■■■■■■■■■■■■■■■■■■■■■■■■■■■■■■■■■                                |  60% of 186.8 MiB
2026-10-06T00:55:48.1992803Z |■■■■■■■■■■■■■■■■■■■■■■■■■■■■■■■■■■■■■■■■■■■■■■■■■■■■■■■■                        |  70% of 186.8 MiB
2026-10-06T00:55:48.4672235Z |■■■■■■■■■■■■■■■■■■■■■■■■■■■■■■■■■■■■■■■■■■■■■■■■■■■■■■■■■■■■■■■■                |  80% of 186.8 MiB
2026-10-06T00:55:49.0210136Z |■■■■■■■■■■■■■■■■■■■■■■■■■■■■■■■■■■■■■■■■■■■■■■■■■■■■■■■■■■■■■■■■■■■■■■■■        |  90% of 186.8 MiB
2026-10-06T00:55:49.2758387Z |■■■■■■■■■■■■■■■■■■■■■■■■■■■■■■■■■■■■■■■■■■■■■■■■■■■■■■■■■■■■■■■■■■■■■■■■■■■■■■■■| 100% of 186.8 MiB
2026-10-06T00:55:51.6809922Z Chrome for Testing 153.0.8010.12 (playwright chromium v1243) downloaded to /home/runner/.cache/ms-playwright/chromium-1243
2026-10-06T00:55:51.6813342Z Downloading FFmpeg (playwright ffmpeg v1011) from https://cdn.playwright.dev/dbazure/download/playwright/builds/ffmpeg/1011/ffmpeg-linux.zip
2026-10-06T00:55:52.0027839Z |                                                                                |   0% of 2.3 MiB
2026-10-06T00:55:52.0071504Z |■■■■■■■■                                                                        |  10% of 2.3 MiB
2026-10-06T00:55:52.0085075Z |■■■■■■■■■■■■■■■■                                                                |  20% of 2.3 MiB
2026-10-06T00:55:52.0100344Z |■■■■■■■■■■■■■■■■■■■■■■■■                                                        |  30% of 2.3 MiB
2026-10-06T00:55:52.0112940Z |■■■■■■■■■■■■■■■■■■■■■■■■■■■■■■■■                                                |  40% of 2.3 MiB
2026-10-06T00:55:52.0121827Z |■■■■■■■■■■■■■■■■■■■■■■■■■■■■■■■■■■■■■■■■                                        |  50% of 2.3 MiB
2026-10-06T00:55:52.0246868Z |■■■■■■■■■■■■■■■■■■■■■■■■■■■■■■■■■■■■■■■■■■■■■■■■                                |  60% of 2.3 MiB
2026-10-06T00:55:52.0274415Z |■■■■■■■■■■■■■■■■■■■■■■■■■■■■■■■■■■■■■■■■■■■■■■■■■■■■■■■■                        |  70% of 2.3 MiB
2026-10-06T00:55:52.0292486Z |■■■■■■■■■■■■■■■■■■■■■■■■■■■■■■■■■■■■■■■■■■■■■■■■■■■■■■■■■■■■■■■■                |  80% of 2.3 MiB
2026-10-06T00:55:52.0312088Z |■■■■■■■■■■■■■■■■■■■■■■■■■■■■■■■■■■■■■■■■■■■■■■■■■■■■■■■■■■■■■■■■■■■■■■■■        |  90% of 2.3 MiB
2026-10-06T00:55:52.0323580Z |■■■■■■■■■■■■■■■■■■■■■■■■■■■■■■■■■■■■■■■■■■■■■■■■■■■■■■■■■■■■■■■■■■■■■■■■■■■■■■■■| 100% of 2.3 MiB
2026-10-06T00:55:52.0812586Z FFmpeg (playwright ffmpeg v1011) downloaded to /home/runner/.cache/ms-playwright/ffmpeg-1011
2026-10-06T00:55:52.0815066Z Downloading Chrome Headless Shell 153.0.8010.12 (playwright chromium-headless-shell v1243) from https://cdn.playwright.dev/builds/cft/153.0.8010.12/linux64/chrome-headless-shell-linux64.zip
2026-10-06T00:55:52.4416359Z |                                                                                |   0% of 114.3 MiB
2026-10-06T00:55:52.5622779Z |■■■■■■■■                                                                        |  10% of 114.3 MiB
2026-10-06T00:55:52.6352574Z |■■■■■■■■■■■■■■■■                                                                |  20% of 114.3 MiB
2026-10-06T00:55:52.7229637Z |■■■■■■■■■■■■■■■■■■■■■■■■                                                        |  30% of 114.3 MiB
2026-10-06T00:55:52.7862468Z |■■■■■■■■■■■■■■■■■■■■■■■■■■■■■■■■                                                |  40% of 114.3 MiB
2026-10-06T00:55:52.8451895Z |■■■■■■■■■■■■■■■■■■■■■■■■■■■■■■■■■■■■■■■■                                        |  50% of 114.3 MiB
2026-10-06T00:55:52.9426244Z |■■■■■■■■■■■■■■■■■■■■■■■■■■■■■■■■■■■■■■■■■■■■■■■■                                |  60% of 114.3 MiB
2026-10-06T00:55:53.0336456Z |■■■■■■■■■■■■■■■■■■■■■■■■■■■■■■■■■■■■■■■■■■■■■■■■■■■■■■■■                        |  70% of 114.3 MiB
2026-10-06T00:55:53.1080151Z |■■■■■■■■■■■■■■■■■■■■■■■■■■■■■■■■■■■■■■■■■■■■■■■■■■■■■■■■■■■■■■■■                |  80% of 114.3 MiB
2026-10-06T00:55:53.1740523Z |■■■■■■■■■■■■■■■■■■■■■■■■■■■■■■■■■■■■■■■■■■■■■■■■■■■■■■■■■■■■■■■■■■■■■■■■        |  90% of 114.3 MiB
2026-10-06T00:55:53.2453486Z |■■■■■■■■■■■■■■■■■■■■■■■■■■■■■■■■■■■■■■■■■■■■■■■■■■■■■■■■■■■■■■■■■■■■■■■■■■■■■■■■| 100% of 114.3 MiB
2026-10-06T00:55:55.1032234Z Chrome Headless Shell 153.0.8010.12 (playwright chromium-headless-shell v1243) downloaded to /home/runner/.cache/ms-playwright/chromium_headless_shell-1243
2026-10-06T00:55:55.1325768Z ##[group]Run pnpm exec vitest run --config vitest.media-detail-complete-browser.config.ts --reporter=default --reporter=json --outputFile=media-detail-source-results.json
2026-10-06T00:55:55.1326774Z [36;1mpnpm exec vitest run --config vitest.media-detail-complete-browser.config.ts --reporter=default --reporter=json --outputFile=media-detail-source-results.json[0m
2026-10-06T00:55:55.1388351Z shell: /usr/bin/bash -e {0}
2026-10-06T00:55:55.1388566Z env:
2026-10-06T00:55:55.1388775Z   PNPM_HOME: /home/runner/setup-pnpm/node_modules/.bin
2026-10-06T00:55:55.1389045Z   DEBUG: pw:browser
2026-10-06T00:55:55.1389218Z ##[endgroup]
2026-10-06T00:55:55.9002033Z 
2026-10-06T00:55:55.9022539Z [1m[30m[46m RUN [49m[39m[22m [36mv4.1.10 [39m[90m/home/runner/work/cms/cms[39m
2026-10-06T00:55:55.9023123Z 
2026-10-06T00:55:56.7084981Z 2026-10-06T00:55:56.705Z pw:browser <launching> /home/runner/.cache/ms-playwright/chromium_headless_shell-1243/chrome-headless-shell-linux64/chrome-headless-shell --disable-field-trial-config --disable-background-networking --disable-background-timer-throttling --disable-backgrounding-occluded-windows --disable-back-forward-cache --disable-breakpad --disable-client-side-phishing-detection --disable-component-extensions-with-background-pages --disable-component-update --no-default-browser-check --disable-default-apps --disable-dev-shm-usage --disable-edgeupdater --disable-extensions --disable-features=AvoidUnnecessaryBeforeUnloadCheckSync,DestroyProfileOnBrowserClose,DialMediaRouteProvider,GlobalMediaControls,HttpsUpgrades,LensOverlay,MediaRouter,PaintHolding,ThirdPartyStoragePartitioning,BlockOriginHeaderModificationOnRedirect,Translate,AutoDeElevate,OptimizationHints,msForceBrowserSignIn,msEdgeUpdateLaunchServicesPreferredVersion --enable-features=CDPScreenshotNewSurface --allow-pre-commit-input --disable-hang-monitor --disable-ipc-flooding-protection --disable-popup-blocking --disable-prompt-on-repost --disable-renderer-backgrounding --disable-updater-scheduler --force-color-profile=srgb --metrics-recording-only --no-first-run --password-store=basic --use-mock-keychain --no-service-autorun --export-tagged-pdf --disable-search-engine-choice-screen --unsafely-disable-devtools-self-xss-warnings --edge-skip-compat-layer-relaunch --disable-infobars --disable-search-engine-choice-screen --disable-sync --enable-unsafe-swiftshader --headless --hide-scrollbars --mute-audio --blink-settings=primaryHoverType=2,availableHoverTypes=2,primaryPointerType=4,availablePointerTypes=4 --user-data-dir=/tmp/playwright_chromiumdev_profile-gQMSR4 --remote-debugging-pipe --no-startup-window
2026-10-06T00:55:56.7158635Z 2026-10-06T00:55:56.715Z pw:browser <launched> pid=2863
2026-10-06T00:55:56.8714195Z 2026-10-06T00:55:56.870Z pw:browser [pid=2863][err] [1006/005556.868030:ERROR:dbus/bus.cc:405] Failed to connect to the bus: Could not parse server address: Unknown address type (examples of valid types are "tcp" and on UNIX "unix")
2026-10-06T00:55:56.8782102Z 2026-10-06T00:55:56.876Z pw:browser [pid=2863][err] Unable to revert mtime: /usr/share/fonts
2026-10-06T00:55:56.8811806Z 2026-10-06T00:55:56.876Z pw:browser [pid=2863][err] Unable to revert mtime: /usr/share/fonts/truetype
2026-10-06T00:55:56.9102388Z 2026-10-06T00:55:56.909Z pw:browser [pid=2863][err] [1006/005556.906846:WARNING:media/gpu/vaapi/vaapi_wrapper.cc:1660] drmGetDevices2() has not found any devices
2026-10-06T00:55:56.9103763Z 2026-10-06T00:55:56.909Z pw:browser [pid=2863][err] Unable to revert mtime: /usr/share/fonts/truetype/dejavu
2026-10-06T00:55:56.9169211Z 2026-10-06T00:55:56.916Z pw:browser [pid=2863][err] [1006/005556.910001:WARNING:sandbox/policy/linux/sandbox_linux.cc:405] InitializeSandbox() called with multiple threads in process gpu-process.
2026-10-06T00:55:57.0623800Z 2026-10-06T00:55:57.061Z pw:browser [pid=2863][err] Unable to revert mtime: /usr/share/fonts/truetype/lato
2026-10-06T00:55:57.1323075Z [2m12:55:57 AM[22m [36m[1m[vite][22m[39m [90m[2m(client)[22m[39m [optimizer] bundling dependencies...
2026-10-06T00:55:57.1604477Z 2026-10-06T00:55:57.160Z pw:browser [pid=2863][err] Unable to revert mtime: /usr/share/fonts/truetype/liberation
2026-10-06T00:55:57.2462289Z 2026-10-06T00:55:57.245Z pw:browser [pid=2863][err] Unable to revert mtime: /usr/share/fonts/truetype/noto
2026-10-06T00:55:57.3933018Z 2026-10-06T00:55:57.391Z pw:browser [pid=2863][err] [1006/005557.390515:ERROR:dbus/object_proxy.cc:572] Failed to call method: org.freedesktop.DBus.NameHasOwner: object_path= /org/freedesktop/DBus: unknown error type: 
2026-10-06T00:55:57.3983379Z 2026-10-06T00:55:57.394Z pw:browser [pid=2863][err] [1006/005557.394466:ERROR:dbus/bus.cc:405] Failed to connect to the bus: Could not parse server address: Unknown address type (examples of valid types are "tcp" and on UNIX "unix")
2026-10-06T00:55:57.3989756Z 2026-10-06T00:55:57.397Z pw:browser [pid=2863][err] [1006/005557.397057:ERROR:dbus/object_proxy.cc:572] Failed to call method: org.freedesktop.DBus.NameHasOwner: object_path= /org/freedesktop/DBus: unknown error type: 
2026-10-06T00:55:57.7643112Z 2026-10-06T00:55:57.764Z pw:browser [pid=2863][err] [1006/005557.763963:INFO:CONSOLE:934] "[vite] connecting...", source: http://localhost:63315/@vite/client (934)
2026-10-06T00:55:57.7711496Z 2026-10-06T00:55:57.770Z pw:browser [pid=2863][err] [1006/005557.769902:INFO:CONSOLE:1045] "[vite] connected.", source: http://localhost:63315/@vite/client (1045)
2026-10-06T00:55:57.8068119Z 2026-10-06T00:55:57.805Z pw:browser [pid=2863][err] [1006/005557.805465:INFO:CONSOLE:934] "[vite] connecting...", source: http://localhost:63315/@vite/client (934)
2026-10-06T00:55:57.8142669Z 2026-10-06T00:55:57.814Z pw:browser [pid=2863][err] [1006/005557.812798:INFO:CONSOLE:1045] "[vite] connected.", source: http://localhost:63315/@vite/client (1045)
2026-10-06T00:55:58.9862391Z 2026-10-06T00:55:58.985Z pw:browser [pid=2863][err] [1006/005558.985318:INFO:CONSOLE:1222] "%c[svelte] ownership_invalid_mutation
2026-10-06T00:55:58.9865697Z 2026-10-06T00:55:58.985Z pw:browser [pid=2863][err] %cMutating unbound props (`editorFrameRef`, at src/​lib/​media/​FocalPointEditor.svelte:18:32) is strongly discouraged. Consider using `bind:editorFrameRef={...}` in src/lib/media/MediaDetails.svelte (or using a callback) instead
2026-10-06T00:55:58.9868492Z 2026-10-06T00:55:58.985Z pw:browser [pid=2863][err] https://svelte.dev/e/ownership_invalid_mutation font-weight: bold font-weight: normal", source: http://localhost:63315/__vitest_browser__/tester-BJtsJFpD.js (1222)
2026-10-06T00:55:58.9871469Z [90mstderr[2m | parity/emdash/media-admin-editor/source/packages/admin/tests/components/MediaDetailPanel.test.tsx[2m > [22m[2mMediaDetailPanel[2m > [22m[2mdisplays filename and file size
2026-10-06T00:55:58.9872538Z [22m[39m[svelte] ownership_invalid_mutation
2026-10-06T00:55:58.9874092Z Mutating unbound props (`editorFrameRef`, at src/​lib/​media/​FocalPointEditor.svelte:18:32) is strongly discouraged. Consider using `bind:editorFrameRef={...}` in src/lib/media/MediaDetails.svelte (or using a callback) instead
2026-10-06T00:55:58.9875421Z https://svelte.dev/e/ownership_invalid_mutation
2026-10-06T00:55:59.0017353Z 2026-10-06T00:55:58.999Z pw:browser [pid=2863][err] [1006/005558.998891:INFO:CONSOLE:1222] "%c[svelte] ownership_invalid_mutation
2026-10-06T00:55:59.0022320Z 2026-10-06T00:55:58.999Z pw:browser [pid=2863][err] %cMutating unbound props (`editorFrameRef`, at src/​lib/​media/​FocalPointEditor.svelte:18:96) is strongly discouraged. Consider using `bind:editorFrameRef={...}` in src/lib/media/MediaDetails.svelte (or using a callback) instead
2026-10-06T00:55:59.0026926Z 2026-10-06T00:55:58.999Z pw:browser [pid=2863][err] https://svelte.dev/e/ownership_invalid_mutation font-weight: bold font-weight: normal", source: http://localhost:63315/__vitest_browser__/tester-BJtsJFpD.js (1222)
2026-10-06T00:55:59.0028852Z [90mstderr[2m | parity/emdash/media-admin-editor/source/packages/admin/tests/components/MediaDetailPanel.test.tsx[2m > [22m[2mMediaDetailPanel[2m > [22m[2mdisplays dimensions for images
2026-10-06T00:55:59.0031834Z [22m[39m[svelte] ownership_invalid_mutation
2026-10-06T00:55:59.0033195Z Mutating unbound props (`editorFrameRef`, at src/​lib/​media/​FocalPointEditor.svelte:18:96) is strongly discouraged. Consider using `bind:editorFrameRef={...}` in src/lib/media/MediaDetails.svelte (or using a callback) instead
2026-10-06T00:55:59.0034175Z https://svelte.dev/e/ownership_invalid_mutation
2026-10-06T00:55:59.0037676Z [90mstderr[2m | parity/emdash/media-admin-editor/source/packages/admin/tests/components/MediaDetailPanel.test.tsx[2m > [22m[2mMediaDetailPanel[2m > [22m[2mdisplays dimensions for images
2026-10-06T00:55:59.0039169Z [22m[39m[svelte] ownership_invalid_mutation
2026-10-06T00:55:59.0041081Z Mutating unbound props (`editorFrameRef`, at src/​lib/​media/​FocalPointEditor.svelte:18:32) is strongly discouraged. Consider using `bind:editorFrameRef={...}` in src/lib/media/MediaDetails.svelte (or using a callback) instead
2026-10-06T00:55:59.0042074Z https://svelte.dev/e/ownership_invalid_mutation
2026-10-06T00:55:59.0053869Z 2026-10-06T00:55:59.005Z pw:browser [pid=2863][err] [1006/005559.005177:INFO:CONSOLE:1222] "%c[svelte] ownership_invalid_mutation
2026-10-06T00:55:59.0056375Z 2026-10-06T00:55:59.005Z pw:browser [pid=2863][err] %cMutating unbound props (`editorFrameRef`, at src/​lib/​media/​FocalPointEditor.svelte:18:32) is strongly discouraged. Consider using `bind:editorFrameRef={...}` in src/lib/media/MediaDetails.svelte (or using a callback) instead
2026-10-06T00:55:59.0058735Z 2026-10-06T00:55:59.005Z pw:browser [pid=2863][err] https://svelte.dev/e/ownership_invalid_mutation font-weight: bold font-weight: normal", source: http://localhost:63315/__vitest_browser__/tester-BJtsJFpD.js (1222)
2026-10-06T00:55:59.0117082Z 2026-10-06T00:55:59.011Z pw:browser [pid=2863][err] [1006/005559.011372:INFO:CONSOLE:1222] "%c[svelte] ownership_invalid_mutation
2026-10-06T00:55:59.0119846Z 2026-10-06T00:55:59.011Z pw:browser [pid=2863][err] %cMutating unbound props (`editorFrameRef`, at src/​lib/​media/​FocalPointEditor.svelte:18:96) is strongly discouraged. Consider using `bind:editorFrameRef={...}` in src/lib/media/MediaDetails.svelte (or using a callback) instead
2026-10-06T00:55:59.0122617Z 2026-10-06T00:55:59.011Z pw:browser [pid=2863][err] https://svelte.dev/e/ownership_invalid_mutation font-weight: bold font-weight: normal", source: http://localhost:63315/__vitest_browser__/tester-BJtsJFpD.js (1222)
2026-10-06T00:55:59.0124979Z [90mstderr[2m | parity/emdash/media-admin-editor/source/packages/admin/tests/components/MediaDetailPanel.test.tsx[2m > [22m[2mMediaDetailPanel[2m > [22m[2mkeeps the Uploaded row in the wider column when dimensions are missing
2026-10-06T00:55:59.0126267Z [22m[39m[svelte] ownership_invalid_mutation
2026-10-06T00:55:59.0127904Z Mutating unbound props (`editorFrameRef`, at src/​lib/​media/​FocalPointEditor.svelte:18:96) is strongly discouraged. Consider using `bind:editorFrameRef={...}` in src/lib/media/MediaDetails.svelte (or using a callback) instead
2026-10-06T00:55:59.0129134Z https://svelte.dev/e/ownership_invalid_mutation
2026-10-06T00:55:59.0429576Z 2026-10-06T00:55:59.042Z pw:browser [pid=2863][err] [1006/005559.042449:INFO:CONSOLE:1222] "%c[svelte] ownership_invalid_mutation
2026-10-06T00:55:59.0432025Z 2026-10-06T00:55:59.042Z pw:browser [pid=2863][err] %cMutating unbound props (`editorFrameRef`, at src/​lib/​media/​FocalPointEditor.svelte:18:32) is strongly discouraged. Consider using `bind:editorFrameRef={...}` in src/lib/media/MediaDetails.svelte (or using a callback) instead
2026-10-06T00:55:59.0433656Z 2026-10-06T00:55:59.042Z pw:browser [pid=2863][err] https://svelte.dev/e/ownership_invalid_mutation font-weight: bold font-weight: normal", source: http://localhost:63315/__vitest_browser__/tester-BJtsJFpD.js (1222)
2026-10-06T00:55:59.0456355Z [90mstderr[2m | parity/emdash/media-admin-editor/source/packages/admin/tests/components/MediaDetailPanel.test.tsx[2m > [22m[2mMediaDetailPanel[2m > [22m[2mgroups the preview, metadata, and actions in an accessible dialog
2026-10-06T00:55:59.0457615Z [22m[39m[svelte] ownership_invalid_mutation
2026-10-06T00:55:59.0459415Z Mutating unbound props (`editorFrameRef`, at src/​lib/​media/​FocalPointEditor.svelte:18:32) is strongly discouraged. Consider using `bind:editorFrameRef={...}` in src/lib/media/MediaDetails.svelte (or using a callback) instead
2026-10-06T00:55:59.0460220Z https://svelte.dev/e/ownership_invalid_mutation
2026-10-06T00:55:59.1039223Z 2026-10-06T00:55:59.103Z pw:browser [pid=2863][err] [1006/005559.103541:INFO:CONSOLE:1222] "%c[svelte] ownership_invalid_mutation
2026-10-06T00:55:59.1041890Z 2026-10-06T00:55:59.103Z pw:browser [pid=2863][err] %cMutating unbound props (`editorFrameRef`, at src/​lib/​media/​FocalPointEditor.svelte:18:96) is strongly discouraged. Consider using `bind:editorFrameRef={...}` in src/lib/media/MediaDetails.svelte (or using a callback) instead
2026-10-06T00:55:59.1044019Z 2026-10-06T00:55:59.103Z pw:browser [pid=2863][err] https://svelte.dev/e/ownership_invalid_mutation font-weight: bold font-weight: normal", source: http://localhost:63315/__vitest_browser__/tester-BJtsJFpD.js (1222)
2026-10-06T00:55:59.1050467Z [90mstderr[2m | parity/emdash/media-admin-editor/source/packages/admin/tests/components/MediaDetailPanel.test.tsx[2m > [22m[2mMediaDetailPanel[2m > [22m[2mreplaces a selected image and keeps the media dialog open
2026-10-06T00:55:59.1054583Z [22m[39m[svelte] ownership_invalid_mutation
2026-10-06T00:55:59.1056338Z Mutating unbound props (`editorFrameRef`, at src/​lib/​media/​FocalPointEditor.svelte:18:96) is strongly discouraged. Consider using `bind:editorFrameRef={...}` in src/lib/media/MediaDetails.svelte (or using a callback) instead
2026-10-06T00:55:59.1057613Z https://svelte.dev/e/ownership_invalid_mutation
2026-10-06T00:55:59.1097148Z 2026-10-06T00:55:59.109Z pw:browser [pid=2863][err] [1006/005559.109093:INFO:CONSOLE:1222] "%c[svelte] ownership_invalid_mutation
2026-10-06T00:55:59.1099578Z 2026-10-06T00:55:59.109Z pw:browser [pid=2863][err] %cMutating unbound props (`editorFrameRef`, at src/​lib/​media/​FocalPointEditor.svelte:18:32) is strongly discouraged. Consider using `bind:editorFrameRef={...}` in src/lib/media/MediaDetails.svelte (or using a callback) instead
2026-10-06T00:55:59.1102277Z 2026-10-06T00:55:59.109Z pw:browser [pid=2863][err] https://svelte.dev/e/ownership_invalid_mutation font-weight: bold font-weight: normal", source: http://localhost:63315/__vitest_browser__/tester-BJtsJFpD.js (1222)
2026-10-06T00:55:59.1104485Z [90mstderr[2m | parity/emdash/media-admin-editor/source/packages/admin/tests/components/MediaDetailPanel.test.tsx[2m > [22m[2mMediaDetailPanel[2m > [22m[2mreplaces a selected image and keeps the media dialog open
2026-10-06T00:55:59.1105722Z [22m[39m[svelte] ownership_invalid_mutation
2026-10-06T00:55:59.1107399Z Mutating unbound props (`editorFrameRef`, at src/​lib/​media/​FocalPointEditor.svelte:18:32) is strongly discouraged. Consider using `bind:editorFrameRef={...}` in src/lib/media/MediaDetails.svelte (or using a callback) instead
2026-10-06T00:55:59.1108604Z https://svelte.dev/e/ownership_invalid_mutation
2026-10-06T00:55:59.2688358Z 2026-10-06T00:55:59.268Z pw:browser [pid=2863][err] [1006/005559.268161:INFO:CONSOLE:1222] "%c[svelte] ownership_invalid_mutation
2026-10-06T00:55:59.2691722Z 2026-10-06T00:55:59.268Z pw:browser [pid=2863][err] %cMutating unbound props (`editorFrameRef`, at src/​lib/​media/​FocalPointEditor.svelte:18:96) is strongly discouraged. Consider using `bind:editorFrameRef={...}` in src/lib/media/MediaDetails.svelte (or using a callback) instead
2026-10-06T00:55:59.2694215Z 2026-10-06T00:55:59.268Z pw:browser [pid=2863][err] https://svelte.dev/e/ownership_invalid_mutation font-weight: bold font-weight: normal", source: http://localhost:63315/__vitest_browser__/tester-BJtsJFpD.js (1222)
2026-10-06T00:55:59.2697325Z [90mstderr[2m | parity/emdash/media-admin-editor/source/packages/admin/tests/components/MediaDetailPanel.test.tsx[2m > [22m[2mMediaDetailPanel[2m > [22m[2mignores replacement inspection that finishes after the dialog closes
2026-10-06T00:55:59.2701641Z [22m[39m[svelte] ownership_invalid_mutation
2026-10-06T00:55:59.2703252Z Mutating unbound props (`editorFrameRef`, at src/​lib/​media/​FocalPointEditor.svelte:18:96) is strongly discouraged. Consider using `bind:editorFrameRef={...}` in src/lib/media/MediaDetails.svelte (or using a callback) instead
2026-10-06T00:55:59.2704306Z https://svelte.dev/e/ownership_invalid_mutation
2026-10-06T00:55:59.2731130Z 2026-10-06T00:55:59.272Z pw:browser [pid=2863][err] [1006/005559.272849:INFO:CONSOLE:1222] "%c[svelte] ownership_invalid_mutation
2026-10-06T00:55:59.2734829Z 2026-10-06T00:55:59.273Z pw:browser [pid=2863][err] %cMutating unbound props (`editorFrameRef`, at src/​lib/​media/​FocalPointEditor.svelte:18:32) is strongly discouraged. Consider using `bind:editorFrameRef={...}` in src/lib/media/MediaDetails.svelte (or using a callback) instead
2026-10-06T00:55:59.2737238Z 2026-10-06T00:55:59.273Z pw:browser [pid=2863][err] https://svelte.dev/e/ownership_invalid_mutation font-weight: bold font-weight: normal", source: http://localhost:63315/__vitest_browser__/tester-BJtsJFpD.js (1222)
2026-10-06T00:55:59.2739040Z [90mstderr[2m | parity/emdash/media-admin-editor/source/packages/admin/tests/components/MediaDetailPanel.test.tsx[2m > [22m[2mMediaDetailPanel[2m > [22m[2mignores replacement inspection that finishes after the dialog closes
2026-10-06T00:55:59.2739988Z [22m[39m[svelte] ownership_invalid_mutation
2026-10-06T00:55:59.2741330Z Mutating unbound props (`editorFrameRef`, at src/​lib/​media/​FocalPointEditor.svelte:18:32) is strongly discouraged. Consider using `bind:editorFrameRef={...}` in src/lib/media/MediaDetails.svelte (or using a callback) instead
2026-10-06T00:55:59.2742238Z https://svelte.dev/e/ownership_invalid_mutation
2026-10-06T00:55:59.2901793Z 2026-10-06T00:55:59.289Z pw:browser [pid=2863][err] [1006/005559.289850:INFO:CONSOLE:1222] "%c[svelte] ownership_invalid_mutation
2026-10-06T00:55:59.2904628Z 2026-10-06T00:55:59.289Z pw:browser [pid=2863][err] %cMutating unbound props (`editorFrameRef`, at src/​lib/​media/​FocalPointEditor.svelte:18:96) is strongly discouraged. Consider using `bind:editorFrameRef={...}` in src/lib/media/MediaDetails.svelte (or using a callback) instead
2026-10-06T00:55:59.2907932Z 2026-10-06T00:55:59.289Z pw:browser [pid=2863][err] https://svelte.dev/e/ownership_invalid_mutation font-weight: bold font-weight: normal", source: http://localhost:63315/__vitest_browser__/tester-BJtsJFpD.js (1222)
2026-10-06T00:55:59.2910365Z [90mstderr[2m | parity/emdash/media-admin-editor/source/packages/admin/tests/components/MediaDetailPanel.test.tsx[2m > [22m[2mMediaDetailPanel[2m > [22m[2madapts the dialog height to each image task without clipping its actions
2026-10-06T00:55:59.2912078Z [22m[39m[svelte] ownership_invalid_mutation
2026-10-06T00:55:59.2913667Z Mutating unbound props (`editorFrameRef`, at src/​lib/​media/​FocalPointEditor.svelte:18:96) is strongly discouraged. Consider using `bind:editorFrameRef={...}` in src/lib/media/MediaDetails.svelte (or using a callback) instead
2026-10-06T00:55:59.2914559Z https://svelte.dev/e/ownership_invalid_mutation
2026-10-06T00:55:59.2942546Z 2026-10-06T00:55:59.294Z pw:browser [pid=2863][err] [1006/005559.293998:INFO:CONSOLE:1222] "%c[svelte] ownership_invalid_mutation
2026-10-06T00:55:59.2946545Z 2026-10-06T00:55:59.294Z pw:browser [pid=2863][err] %cMutating unbound props (`editorFrameRef`, at src/​lib/​media/​FocalPointEditor.svelte:18:32) is strongly discouraged. Consider using `bind:editorFrameRef={...}` in src/lib/media/MediaDetails.svelte (or using a callback) instead
2026-10-06T00:55:59.2948963Z 2026-10-06T00:55:59.294Z pw:browser [pid=2863][err] https://svelte.dev/e/ownership_invalid_mutation font-weight: bold font-weight: normal", source: http://localhost:63315/__vitest_browser__/tester-BJtsJFpD.js (1222)
2026-10-06T00:55:59.2951844Z [90mstderr[2m | parity/emdash/media-admin-editor/source/packages/admin/tests/components/MediaDetailPanel.test.tsx[2m > [22m[2mMediaDetailPanel[2m > [22m[2madapts the dialog height to each image task without clipping its actions
2026-10-06T00:55:59.2952938Z [22m[39m[svelte] ownership_invalid_mutation
2026-10-06T00:55:59.2954058Z Mutating unbound props (`editorFrameRef`, at src/​lib/​media/​FocalPointEditor.svelte:18:32) is strongly discouraged. Consider using `bind:editorFrameRef={...}` in src/lib/media/MediaDetails.svelte (or using a callback) instead
2026-10-06T00:55:59.2954928Z https://svelte.dev/e/ownership_invalid_mutation
2026-10-06T00:55:59.3023898Z 2026-10-06T00:55:59.301Z pw:browser [pid=2863][err] [1006/005559.301864:INFO:CONSOLE:1222] "%c[svelte] ownership_invalid_mutation
2026-10-06T00:55:59.3027133Z 2026-10-06T00:55:59.302Z pw:browser [pid=2863][err] %cMutating unbound props (`editorFrameRef`, at src/​lib/​media/​FocalPointEditor.svelte:18:96) is strongly discouraged. Consider using `bind:editorFrameRef={...}` in src/lib/media/MediaDetails.svelte (or using a callback) instead
2026-10-06T00:55:59.3029113Z 2026-10-06T00:55:59.302Z pw:browser [pid=2863][err] https://svelte.dev/e/ownership_invalid_mutation font-weight: bold font-weight: normal", source: http://localhost:63315/__vitest_browser__/tester-BJtsJFpD.js (1222)
2026-10-06T00:55:59.3031412Z [90mstderr[2m | parity/emdash/media-admin-editor/source/packages/admin/tests/components/MediaDetailPanel.test.tsx[2m > [22m[2mMediaDetailPanel[2m > [22m[2madapts the dialog height to each image task without clipping its actions
2026-10-06T00:55:59.3032220Z [22m[39m[svelte] ownership_invalid_mutation
2026-10-06T00:55:59.3033245Z Mutating unbound props (`editorFrameRef`, at src/​lib/​media/​FocalPointEditor.svelte:18:96) is strongly discouraged. Consider using `bind:editorFrameRef={...}` in src/lib/media/MediaDetails.svelte (or using a callback) instead
2026-10-06T00:55:59.3033975Z https://svelte.dev/e/ownership_invalid_mutation
2026-10-06T00:55:59.3101716Z 2026-10-06T00:55:59.309Z pw:browser [pid=2863][err] [1006/005559.309869:INFO:CONSOLE:1222] "%c[svelte] ownership_invalid_mutation
2026-10-06T00:55:59.3103930Z 2026-10-06T00:55:59.310Z pw:browser [pid=2863][err] %cMutating unbound props (`editorFrameRef`, at src/​lib/​media/​FocalPointEditor.svelte:18:32) is strongly discouraged. Consider using `bind:editorFrameRef={...}` in src/lib/media/MediaDetails.svelte (or using a callback) instead
2026-10-06T00:55:59.3106335Z 2026-10-06T00:55:59.310Z pw:browser [pid=2863][err] https://svelte.dev/e/ownership_invalid_mutation font-weight: bold font-weight: normal", source: http://localhost:63315/__vitest_browser__/tester-BJtsJFpD.js (1222)
2026-10-06T00:55:59.3108414Z [90mstderr[2m | parity/emdash/media-admin-editor/source/packages/admin/tests/components/MediaDetailPanel.test.tsx[2m > [22m[2mMediaDetailPanel[2m > [22m[2madapts the dialog height to each image task without clipping its actions
2026-10-06T00:55:59.3109763Z [22m[39m[svelte] ownership_invalid_mutation
2026-10-06T00:55:59.3111650Z Mutating unbound props (`editorFrameRef`, at src/​lib/​media/​FocalPointEditor.svelte:18:32) is strongly discouraged. Consider using `bind:editorFrameRef={...}` in src/lib/media/MediaDetails.svelte (or using a callback) instead
2026-10-06T00:55:59.3112752Z https://svelte.dev/e/ownership_invalid_mutation
2026-10-06T00:55:59.3113352Z 2026-10-06T00:55:59.310Z pw:browser [pid=2863][err] [1006/005559.310729:INFO:CONSOLE:1222] "%c[svelte] ownership_invalid_mutation
2026-10-06T00:55:59.3115281Z 2026-10-06T00:55:59.310Z pw:browser [pid=2863][err] %cMutating unbound props (`firstPreviewRef`, at src/​lib/​media/​FocalPointPreviews.svelte:8:33) is strongly discouraged. Consider using `bind:firstPreviewRef={...}` in src/lib/media/MediaDetails.svelte (or using a callback) instead
2026-10-06T00:55:59.3117329Z 2026-10-06T00:55:59.310Z pw:browser [pid=2863][err] https://svelte.dev/e/ownership_invalid_mutation font-weight: bold font-weight: normal", source: http://localhost:63315/__vitest_browser__/tester-BJtsJFpD.js (1222)
2026-10-06T00:55:59.3119210Z [90mstderr[2m | parity/emdash/media-admin-editor/source/packages/admin/tests/components/MediaDetailPanel.test.tsx[2m > [22m[2mMediaDetailPanel[2m > [22m[2madapts the dialog height to each image task without clipping its actions
2026-10-06T00:55:59.3120363Z [22m[39m[svelte] ownership_invalid_mutation
2026-10-06T00:55:59.3122150Z Mutating unbound props (`firstPreviewRef`, at src/​lib/​media/​FocalPointPreviews.svelte:8:33) is strongly discouraged. Consider using `bind:firstPreviewRef={...}` in src/lib/media/MediaDetails.svelte (or using a callback) instead
2026-10-06T00:55:59.3123363Z https://svelte.dev/e/ownership_invalid_mutation
2026-10-06T00:55:59.3129355Z 2026-10-06T00:55:59.312Z pw:browser [pid=2863][err] [1006/005559.312767:INFO:CONSOLE:1222] "%c[svelte] ownership_invalid_mutation
2026-10-06T00:55:59.3132009Z 2026-10-06T00:55:59.312Z pw:browser [pid=2863][err] %cMutating unbound props (`editorFrameRef`, at src/​lib/​media/​FocalPointEditor.svelte:18:96) is strongly discouraged. Consider using `bind:editorFrameRef={...}` in src/lib/media/MediaDetails.svelte (or using a callback) instead
2026-10-06T00:55:59.3134491Z 2026-10-06T00:55:59.312Z pw:browser [pid=2863][err] https://svelte.dev/e/ownership_invalid_mutation font-weight: bold font-weight: normal", source: http://localhost:63315/__vitest_browser__/tester-BJtsJFpD.js (1222)
2026-10-06T00:55:59.3136974Z [90mstderr[2m | parity/emdash/media-admin-editor/source/packages/admin/tests/components/MediaDetailPanel.test.tsx[2m > [22m[2mMediaDetailPanel[2m > [22m[2msuppresses inner scrollbars only while the dialog height expands
2026-10-06T00:55:59.3139304Z [22m[39m[svelte] ownership_invalid_mutation
2026-10-06T00:55:59.3141216Z Mutating unbound props (`editorFrameRef`, at src/​lib/​media/​FocalPointEditor.svelte:18:96) is strongly discouraged. Consider using `bind:editorFrameRef={...}` in src/lib/media/MediaDetails.svelte (or using a callback) instead
2026-10-06T00:55:59.3142576Z https://svelte.dev/e/ownership_invalid_mutation
2026-10-06T00:55:59.3143499Z 2026-10-06T00:55:59.313Z pw:browser [pid=2863][err] [1006/005559.313385:INFO:CONSOLE:1222] "%c[svelte] ownership_invalid_mutation
2026-10-06T00:55:59.3145822Z 2026-10-06T00:55:59.313Z pw:browser [pid=2863][err] %cMutating unbound props (`firstPreviewRef`, at src/​lib/​media/​FocalPointPreviews.svelte:8:99) is strongly discouraged. Consider using `bind:firstPreviewRef={...}` in src/lib/media/MediaDetails.svelte (or using a callback) instead
2026-10-06T00:55:59.3148056Z 2026-10-06T00:55:59.313Z pw:browser [pid=2863][err] https://svelte.dev/e/ownership_invalid_mutation font-weight: bold font-weight: normal", source: http://localhost:63315/__vitest_browser__/tester-BJtsJFpD.js (1222)
2026-10-06T00:55:59.3150378Z [90mstderr[2m | parity/emdash/media-admin-editor/source/packages/admin/tests/components/MediaDetailPanel.test.tsx[2m > [22m[2mMediaDetailPanel[2m > [22m[2msuppresses inner scrollbars only while the dialog height expands
2026-10-06T00:55:59.3151881Z [22m[39m[svelte] ownership_invalid_mutation
2026-10-06T00:55:59.3153511Z Mutating unbound props (`firstPreviewRef`, at src/​lib/​media/​FocalPointPreviews.svelte:8:99) is strongly discouraged. Consider using `bind:firstPreviewRef={...}` in src/lib/media/MediaDetails.svelte (or using a callback) instead
2026-10-06T00:55:59.3154732Z https://svelte.dev/e/ownership_invalid_mutation
2026-10-06T00:55:59.3155561Z 2026-10-06T00:55:59.314Z pw:browser [pid=2863][err] [1006/005559.314479:INFO:CONSOLE:1222] "%c[svelte] derived_inert
2026-10-06T00:55:59.3156670Z 2026-10-06T00:55:59.314Z pw:browser [pid=2863][err] %cReading a derived belonging to a now-destroyed effect may result in stale values
2026-10-06T00:55:59.3158215Z 2026-10-06T00:55:59.314Z pw:browser [pid=2863][err] https://svelte.dev/e/derived_inert font-weight: bold font-weight: normal", source: http://localhost:63315/__vitest_browser__/tester-BJtsJFpD.js (1222)
2026-10-06T00:55:59.3160254Z [90mstderr[2m | parity/emdash/media-admin-editor/source/packages/admin/tests/components/MediaDetailPanel.test.tsx[2m > [22m[2mMediaDetailPanel[2m > [22m[2msuppresses inner scrollbars only while the dialog height expands
2026-10-06T00:55:59.3161555Z [22m[39m[svelte] derived_inert
2026-10-06T00:55:59.3162147Z Reading a derived belonging to a now-destroyed effect may result in stale values
2026-10-06T00:55:59.3162733Z https://svelte.dev/e/derived_inert
2026-10-06T00:55:59.3163998Z [90mstderr[2m | parity/emdash/media-admin-editor/source/packages/admin/tests/components/MediaDetailPanel.test.tsx[2m > [22m[2mMediaDetailPanel[2m > [22m[2msuppresses inner scrollbars only while the dialog height expands
2026-10-06T00:55:59.3164737Z [22m[39m[svelte] derived_inert
2026-10-06T00:55:59.3165101Z Reading a derived belonging to a now-destroyed effect may result in stale values
2026-10-06T00:55:59.3165459Z https://svelte.dev/e/derived_inert
2026-10-06T00:55:59.3165930Z 2026-10-06T00:55:59.315Z pw:browser [pid=2863][err] [1006/005559.315242:INFO:CONSOLE:1222] "%c[svelte] derived_inert
2026-10-06T00:55:59.3166598Z 2026-10-06T00:55:59.315Z pw:browser [pid=2863][err] %cReading a derived belonging to a now-destroyed effect may result in stale values
2026-10-06T00:55:59.3167569Z 2026-10-06T00:55:59.315Z pw:browser [pid=2863][err] https://svelte.dev/e/derived_inert font-weight: bold font-weight: normal", source: http://localhost:63315/__vitest_browser__/tester-BJtsJFpD.js (1222)
2026-10-06T00:55:59.3168412Z 2026-10-06T00:55:59.316Z pw:browser [pid=2863][err] [1006/005559.316054:INFO:CONSOLE:1222] "%c[svelte] derived_inert
2026-10-06T00:55:59.3169073Z 2026-10-06T00:55:59.316Z pw:browser [pid=2863][err] %cReading a derived belonging to a now-destroyed effect may result in stale values
2026-10-06T00:55:59.3170305Z 2026-10-06T00:55:59.316Z pw:browser [pid=2863][err] https://svelte.dev/e/derived_inert font-weight: bold font-weight: normal", source: http://localhost:63315/__vitest_browser__/tester-BJtsJFpD.js (1222)
2026-10-06T00:55:59.3175303Z [90mstderr[2m | parity/emdash/media-admin-editor/source/packages/admin/tests/components/MediaDetailPanel.test.tsx[2m > [22m[2mMediaDetailPanel[2m > [22m[2msuppresses inner scrollbars only while the dialog height expands
2026-10-06T00:55:59.3176320Z [22m[39m[svelte] derived_inert
2026-10-06T00:55:59.3176707Z Reading a derived belonging to a now-destroyed effect may result in stale values
2026-10-06T00:55:59.3177077Z https://svelte.dev/e/derived_inert
2026-10-06T00:55:59.3192838Z 2026-10-06T00:55:59.319Z pw:browser [pid=2863][err] [1006/005559.319056:INFO:CONSOLE:1222] "%c[svelte] ownership_invalid_mutation
2026-10-06T00:55:59.3195173Z 2026-10-06T00:55:59.319Z pw:browser [pid=2863][err] %cMutating unbound props (`editorFrameRef`, at src/​lib/​media/​FocalPointEditor.svelte:18:32) is strongly discouraged. Consider using `bind:editorFrameRef={...}` in src/lib/media/MediaDetails.svelte (or using a callback) instead
2026-10-06T00:55:59.3197670Z 2026-10-06T00:55:59.319Z pw:browser [pid=2863][err] https://svelte.dev/e/ownership_invalid_mutation font-weight: bold font-weight: normal", source: http://localhost:63315/__vitest_browser__/tester-BJtsJFpD.js (1222)
2026-10-06T00:55:59.3203065Z [90mstderr[2m | parity/emdash/media-admin-editor/source/packages/admin/tests/components/MediaDetailPanel.test.tsx[2m > [22m[2mMediaDetailPanel[2m > [22m[2msuppresses inner scrollbars only while the dialog height expands
2026-10-06T00:55:59.3204083Z [22m[39m[svelte] ownership_invalid_mutation
2026-10-06T00:55:59.3205114Z Mutating unbound props (`editorFrameRef`, at src/​lib/​media/​FocalPointEditor.svelte:18:32) is strongly discouraged. Consider using `bind:editorFrameRef={...}` in src/lib/media/MediaDetails.svelte (or using a callback) instead
2026-10-06T00:55:59.3205879Z https://svelte.dev/e/ownership_invalid_mutation
2026-10-06T00:55:59.3248415Z 2026-10-06T00:55:59.324Z pw:browser [pid=2863][err] [1006/005559.324552:INFO:CONSOLE:1222] "%c[svelte] ownership_invalid_mutation
2026-10-06T00:55:59.3259287Z 2026-10-06T00:55:59.324Z pw:browser [pid=2863][err] %cMutating unbound props (`editorFrameRef`, at src/​lib/​media/​FocalPointEditor.svelte:18:96) is strongly discouraged. Consider using `bind:editorFrameRef={...}` in src/lib/media/MediaDetails.svelte (or using a callback) instead
2026-10-06T00:55:59.3261618Z 2026-10-06T00:55:59.324Z pw:browser [pid=2863][err] https://svelte.dev/e/ownership_invalid_mutation font-weight: bold font-weight: normal", source: http://localhost:63315/__vitest_browser__/tester-BJtsJFpD.js (1222)
2026-10-06T00:55:59.3263609Z [90mstderr[2m | parity/emdash/media-admin-editor/source/packages/admin/tests/components/MediaDetailPanel.test.tsx[2m > [22m[2mMediaDetailPanel[2m > [22m[2msuppresses inner scrollbars only while the dialog height expands
2026-10-06T00:55:59.3264393Z [22m[39m[svelte] ownership_invalid_mutation
2026-10-06T00:55:59.3265400Z Mutating unbound props (`editorFrameRef`, at src/​lib/​media/​FocalPointEditor.svelte:18:96) is strongly discouraged. Consider using `bind:editorFrameRef={...}` in src/lib/media/MediaDetails.svelte (or using a callback) instead
2026-10-06T00:55:59.3266155Z https://svelte.dev/e/ownership_invalid_mutation
2026-10-06T00:55:59.3796718Z 2026-10-06T00:55:59.379Z pw:browser [pid=2863][err] [1006/005559.379230:INFO:CONSOLE:1222] "%c[svelte] ownership_invalid_mutation
2026-10-06T00:55:59.3799097Z 2026-10-06T00:55:59.379Z pw:browser [pid=2863][err] %cMutating unbound props (`editorFrameRef`, at src/​lib/​media/​FocalPointEditor.svelte:18:32) is strongly discouraged. Consider using `bind:editorFrameRef={...}` in src/lib/media/MediaDetails.svelte (or using a callback) instead
2026-10-06T00:55:59.3801279Z 2026-10-06T00:55:59.379Z pw:browser [pid=2863][err] https://svelte.dev/e/ownership_invalid_mutation font-weight: bold font-weight: normal", source: http://localhost:63315/__vitest_browser__/tester-BJtsJFpD.js (1222)
2026-10-06T00:55:59.3803522Z [90mstderr[2m | parity/emdash/media-admin-editor/source/packages/admin/tests/components/MediaDetailPanel.test.tsx[2m > [22m[2mMediaDetailPanel[2m > [22m[2msuppresses inner scrollbars only while the dialog height expands
2026-10-06T00:55:59.3804654Z [22m[39m[svelte] ownership_invalid_mutation
2026-10-06T00:55:59.3806087Z Mutating unbound props (`editorFrameRef`, at src/​lib/​media/​FocalPointEditor.svelte:18:32) is strongly discouraged. Consider using `bind:editorFrameRef={...}` in src/lib/media/MediaDetails.svelte (or using a callback) instead
2026-10-06T00:55:59.3806832Z https://svelte.dev/e/ownership_invalid_mutation
2026-10-06T00:55:59.4317752Z 2026-10-06T00:55:59.431Z pw:browser [pid=2863][err] [1006/005559.431408:INFO:CONSOLE:1222] "%c[svelte] ownership_invalid_mutation
2026-10-06T00:55:59.4320324Z 2026-10-06T00:55:59.431Z pw:browser [pid=2863][err] %cMutating unbound props (`editorFrameRef`, at src/​lib/​media/​FocalPointEditor.svelte:18:96) is strongly discouraged. Consider using `bind:editorFrameRef={...}` in src/lib/media/MediaDetails.svelte (or using a callback) instead
2026-10-06T00:55:59.4322477Z 2026-10-06T00:55:59.431Z pw:browser [pid=2863][err] https://svelte.dev/e/ownership_invalid_mutation font-weight: bold font-weight: normal", source: http://localhost:63315/__vitest_browser__/tester-BJtsJFpD.js (1222)
2026-10-06T00:55:59.4326559Z [90mstderr[2m | parity/emdash/media-admin-editor/source/packages/admin/tests/components/MediaDetailPanel.test.tsx[2m > [22m[2mMediaDetailPanel[2m > [22m[2mresizes without spatial motion when reduced motion is preferred
2026-10-06T00:55:59.4327528Z [22m[39m[svelte] ownership_invalid_mutation
2026-10-06T00:55:59.4328697Z Mutating unbound props (`editorFrameRef`, at src/​lib/​media/​FocalPointEditor.svelte:18:96) is strongly discouraged. Consider using `bind:editorFrameRef={...}` in src/lib/media/MediaDetails.svelte (or using a callback) instead
2026-10-06T00:55:59.4329625Z https://svelte.dev/e/ownership_invalid_mutation
2026-10-06T00:55:59.4358289Z 2026-10-06T00:55:59.435Z pw:browser [pid=2863][err] [1006/005559.435529:INFO:CONSOLE:1222] "%c[svelte] ownership_invalid_mutation
2026-10-06T00:55:59.4361238Z 2026-10-06T00:55:59.435Z pw:browser [pid=2863][err] %cMutating unbound props (`editorFrameRef`, at src/​lib/​media/​FocalPointEditor.svelte:18:32) is strongly discouraged. Consider using `bind:editorFrameRef={...}` in src/lib/media/MediaDetails.svelte (or using a callback) instead
2026-10-06T00:55:59.4363127Z 2026-10-06T00:55:59.435Z pw:browser [pid=2863][err] https://svelte.dev/e/ownership_invalid_mutation font-weight: bold font-weight: normal", source: http://localhost:63315/__vitest_browser__/tester-BJtsJFpD.js (1222)
2026-10-06T00:55:59.4364528Z [90mstderr[2m | parity/emdash/media-admin-editor/source/packages/admin/tests/components/MediaDetailPanel.test.tsx[2m > [22m[2mMediaDetailPanel[2m > [22m[2mresizes without spatial motion when reduced motion is preferred
2026-10-06T00:55:59.4365312Z [22m[39m[svelte] ownership_invalid_mutation
2026-10-06T00:55:59.4366300Z Mutating unbound props (`editorFrameRef`, at src/​lib/​media/​FocalPointEditor.svelte:18:32) is strongly discouraged. Consider using `bind:editorFrameRef={...}` in src/lib/media/MediaDetails.svelte (or using a callback) instead
2026-10-06T00:55:59.4367055Z https://svelte.dev/e/ownership_invalid_mutation
2026-10-06T00:55:59.4428936Z 2026-10-06T00:55:59.442Z pw:browser [pid=2863][err] [1006/005559.442220:INFO:CONSOLE:1222] "%c[svelte] ownership_invalid_mutation
2026-10-06T00:55:59.4431454Z 2026-10-06T00:55:59.442Z pw:browser [pid=2863][err] %cMutating unbound props (`editorFrameRef`, at src/​lib/​media/​FocalPointEditor.svelte:18:96) is strongly discouraged. Consider using `bind:editorFrameRef={...}` in src/lib/media/MediaDetails.svelte (or using a callback) instead
2026-10-06T00:55:59.4433790Z 2026-10-06T00:55:59.442Z pw:browser [pid=2863][err] https://svelte.dev/e/ownership_invalid_mutation font-weight: bold font-weight: normal", source: http://localhost:63315/__vitest_browser__/tester-BJtsJFpD.js (1222)
2026-10-06T00:55:59.4435899Z [90mstderr[2m | parity/emdash/media-admin-editor/source/packages/admin/tests/components/MediaDetailPanel.test.tsx[2m > [22m[2mMediaDetailPanel[2m > [22m[2mshows usage only in its dedicated local-image tab
2026-10-06T00:55:59.4437052Z [22m[39m[svelte] ownership_invalid_mutation
2026-10-06T00:55:59.4439146Z Mutating unbound props (`editorFrameRef`, at src/​lib/​media/​FocalPointEditor.svelte:18:96) is strongly discouraged. Consider using `bind:editorFrameRef={...}` in src/lib/media/MediaDetails.svelte (or using a callback) instead
2026-10-06T00:55:59.4440054Z https://svelte.dev/e/ownership_invalid_mutation
2026-10-06T00:55:59.4441557Z 2026-10-06T00:55:59.442Z pw:browser [pid=2863][err] [1006/005559.442742:INFO:CONSOLE:1222] "Attempted to synchronously unmount a root while React was already rendering. React cannot finish unmounting the root until the current render has completed, which may lead to a race condition.", source: http://localhost:63315/__vitest_browser__/tester-BJtsJFpD.js (1222)
2026-10-06T00:55:59.4443252Z [90mstderr[2m | parity/emdash/media-admin-editor/source/packages/admin/tests/components/MediaDetailPanel.test.tsx[2m > [22m[2mMediaDetailPanel[2m > [22m[2mshows usage only in its dedicated local-image tab
2026-10-06T00:55:59.4444531Z [22m[39mAttempted to synchronously unmount a root while React was already rendering. React cannot finish unmounting the root until the current render has completed, which may lead to a race condition.
2026-10-06T00:55:59.4468876Z 2026-10-06T00:55:59.446Z pw:browser [pid=2863][err] [1006/005559.446656:INFO:CONSOLE:1222] "%c[svelte] ownership_invalid_mutation
2026-10-06T00:55:59.4471591Z 2026-10-06T00:55:59.446Z pw:browser [pid=2863][err] %cMutating unbound props (`editorFrameRef`, at src/​lib/​media/​FocalPointEditor.svelte:18:32) is strongly discouraged. Consider using `bind:editorFrameRef={...}` in src/lib/media/MediaDetails.svelte (or using a callback) instead
2026-10-06T00:55:59.4473859Z 2026-10-06T00:55:59.446Z pw:browser [pid=2863][err] https://svelte.dev/e/ownership_invalid_mutation font-weight: bold font-weight: normal", source: http://localhost:63315/__vitest_browser__/tester-BJtsJFpD.js (1222)
2026-10-06T00:55:59.4476408Z [90mstderr[2m | parity/emdash/media-admin-editor/source/packages/admin/tests/components/MediaDetailPanel.test.tsx[2m > [22m[2mMediaDetailPanel[2m > [22m[2mshows usage only in its dedicated local-image tab
2026-10-06T00:55:59.4477672Z [22m[39m[svelte] ownership_invalid_mutation
2026-10-06T00:55:59.4479344Z Mutating unbound props (`editorFrameRef`, at src/​lib/​media/​FocalPointEditor.svelte:18:32) is strongly discouraged. Consider using `bind:editorFrameRef={...}` in src/lib/media/MediaDetails.svelte (or using a callback) instead
2026-10-06T00:55:59.4480444Z https://svelte.dev/e/ownership_invalid_mutation
2026-10-06T00:55:59.4510476Z 2026-10-06T00:55:59.450Z pw:browser [pid=2863][err] [1006/005559.450768:INFO:CONSOLE:1222] "%c[svelte] ownership_invalid_mutation
2026-10-06T00:55:59.4512903Z 2026-10-06T00:55:59.450Z pw:browser [pid=2863][err] %cMutating unbound props (`firstPreviewRef`, at src/​lib/​media/​FocalPointPreviews.svelte:8:33) is strongly discouraged. Consider using `bind:firstPreviewRef={...}` in src/lib/media/MediaDetails.svelte (or using a callback) instead
2026-10-06T00:55:59.4515126Z 2026-10-06T00:55:59.450Z pw:browser [pid=2863][err] https://svelte.dev/e/ownership_invalid_mutation font-weight: bold font-weight: normal", source: http://localhost:63315/__vitest_browser__/tester-BJtsJFpD.js (1222)
2026-10-06T00:55:59.4517238Z [90mstderr[2m | parity/emdash/media-admin-editor/source/packages/admin/tests/components/MediaDetailPanel.test.tsx[2m > [22m[2mMediaDetailPanel[2m > [22m[2mshows usage only in its dedicated local-image tab
2026-10-06T00:55:59.4518356Z [22m[39m[svelte] ownership_invalid_mutation
2026-10-06T00:55:59.4519967Z Mutating unbound props (`firstPreviewRef`, at src/​lib/​media/​FocalPointPreviews.svelte:8:33) is strongly discouraged. Consider using `bind:firstPreviewRef={...}` in src/lib/media/MediaDetails.svelte (or using a callback) instead
2026-10-06T00:55:59.4521360Z https://svelte.dev/e/ownership_invalid_mutation
2026-10-06T00:55:59.4533485Z 2026-10-06T00:55:59.453Z pw:browser [pid=2863][err] [1006/005559.452987:INFO:CONSOLE:1222] "%c[svelte] ownership_invalid_mutation
2026-10-06T00:55:59.4536751Z 2026-10-06T00:55:59.453Z pw:browser [pid=2863][err] %cMutating unbound props (`firstPreviewRef`, at src/​lib/​media/​FocalPointPreviews.svelte:8:99) is strongly discouraged. Consider using `bind:firstPreviewRef={...}` in src/lib/media/MediaDetails.svelte (or using a callback) instead
2026-10-06T00:55:59.4539316Z 2026-10-06T00:55:59.453Z pw:browser [pid=2863][err] https://svelte.dev/e/ownership_invalid_mutation font-weight: bold font-weight: normal", source: http://localhost:63315/__vitest_browser__/tester-BJtsJFpD.js (1222)
2026-10-06T00:55:59.4540903Z [90mstderr[2m | parity/emdash/media-admin-editor/source/packages/admin/tests/components/MediaDetailPanel.test.tsx[2m > [22m[2mMediaDetailPanel[2m > [22m[2mshows usage only in its dedicated local-image tab
2026-10-06T00:55:59.4541911Z [22m[39m[svelte] ownership_invalid_mutation
2026-10-06T00:55:59.4543004Z Mutating unbound props (`firstPreviewRef`, at src/​lib/​media/​FocalPointPreviews.svelte:8:99) is strongly discouraged. Consider using `bind:firstPreviewRef={...}` in src/lib/media/MediaDetails.svelte (or using a callback) instead
2026-10-06T00:55:59.4543778Z https://svelte.dev/e/ownership_invalid_mutation
2026-10-06T00:55:59.4566567Z 2026-10-06T00:55:59.456Z pw:browser [pid=2863][err] [1006/005559.456206:INFO:CONSOLE:1222] "%c[svelte] ownership_invalid_mutation
2026-10-06T00:55:59.4573387Z 2026-10-06T00:55:59.456Z pw:browser [pid=2863][err] %cMutating unbound props (`editorFrameRef`, at src/​lib/​media/​FocalPointEditor.svelte:18:96) is strongly discouraged. Consider using `bind:editorFrameRef={...}` in src/lib/media/MediaDetails.svelte (or using a callback) instead
2026-10-06T00:55:59.4578443Z 2026-10-06T00:55:59.456Z pw:browser [pid=2863][err] https://svelte.dev/e/ownership_invalid_mutation font-weight: bold font-weight: normal", source: http://localhost:63315/__vitest_browser__/tester-BJtsJFpD.js (1222)
2026-10-06T00:55:59.4581680Z [90mstderr[2m | parity/emdash/media-admin-editor/source/packages/admin/tests/components/MediaDetailPanel.test.tsx[2m > [22m[2mMediaDetailPanel[2m > [22m[2mgives non-image local media a dedicated usage tab
2026-10-06T00:55:59.4583069Z [22m[39m[svelte] ownership_invalid_mutation
2026-10-06T00:55:59.4584842Z Mutating unbound props (`editorFrameRef`, at src/​lib/​media/​FocalPointEditor.svelte:18:96) is strongly discouraged. Consider using `bind:editorFrameRef={...}` in src/lib/media/MediaDetails.svelte (or using a callback) instead
2026-10-06T00:55:59.4586162Z https://svelte.dev/e/ownership_invalid_mutation
2026-10-06T00:55:59.4587594Z 2026-10-06T00:55:59.457Z pw:browser [pid=2863][err] [1006/005559.456908:INFO:CONSOLE:1222] "Attempted to synchronously unmount a root while React was already rendering. React cannot finish unmounting the root until the current render has completed, which may lead to a race condition.", source: http://localhost:63315/__vitest_browser__/tester-BJtsJFpD.js (1222)
2026-10-06T00:55:59.4589433Z [90mstderr[2m | parity/emdash/media-admin-editor/source/packages/admin/tests/components/MediaDetailPanel.test.tsx[2m > [22m[2mMediaDetailPanel[2m > [22m[2mgives non-image local media a dedicated usage tab
2026-10-06T00:55:59.4590995Z [22m[39mAttempted to synchronously unmount a root while React was already rendering. React cannot finish unmounting the root until the current render has completed, which may lead to a race condition.
2026-10-06T00:55:59.4657717Z 2026-10-06T00:55:59.465Z pw:browser [pid=2863][err] [1006/005559.465194:INFO:CONSOLE:1222] "Attempted to synchronously unmount a root while React was already rendering. React cannot finish unmounting the root until the current render has completed, which may lead to a race condition.", source: http://localhost:63315/__vitest_browser__/tester-BJtsJFpD.js (1222)
2026-10-06T00:55:59.4661638Z [90mstderr[2m | parity/emdash/media-admin-editor/source/packages/admin/tests/components/MediaDetailPanel.test.tsx[2m > [22m[2mMediaDetailPanel[2m > [22m[2mdoes not offer usage for provider media
2026-10-06T00:55:59.4663232Z [22m[39mAttempted to synchronously unmount a root while React was already rendering. React cannot finish unmounting the root until the current render has completed, which may lead to a race condition.
2026-10-06T00:55:59.4678038Z 2026-10-06T00:55:59.467Z pw:browser [pid=2863][err] [1006/005559.467507:INFO:CONSOLE:1222] "%c[svelte] ownership_invalid_mutation
2026-10-06T00:55:59.4683078Z 2026-10-06T00:55:59.467Z pw:browser [pid=2863][err] %cMutating unbound props (`editorFrameRef`, at src/​lib/​media/​FocalPointEditor.svelte:18:32) is strongly discouraged. Consider using `bind:editorFrameRef={...}` in src/lib/media/MediaDetails.svelte (or using a callback) instead
2026-10-06T00:55:59.4685386Z 2026-10-06T00:55:59.467Z pw:browser [pid=2863][err] https://svelte.dev/e/ownership_invalid_mutation font-weight: bold font-weight: normal", source: http://localhost:63315/__vitest_browser__/tester-BJtsJFpD.js (1222)
2026-10-06T00:55:59.4690326Z [90mstderr[2m | parity/emdash/media-admin-editor/source/packages/admin/tests/components/MediaDetailPanel.test.tsx[2m > [22m[2mMediaDetailPanel[2m > [22m[2mdoes not offer usage for provider media
2026-10-06T00:55:59.4691748Z [22m[39m[svelte] ownership_invalid_mutation
2026-10-06T00:55:59.4693257Z Mutating unbound props (`editorFrameRef`, at src/​lib/​media/​FocalPointEditor.svelte:18:32) is strongly discouraged. Consider using `bind:editorFrameRef={...}` in src/lib/media/MediaDetails.svelte (or using a callback) instead
2026-10-06T00:55:59.4694414Z https://svelte.dev/e/ownership_invalid_mutation
2026-10-06T00:55:59.4726817Z [90mstderr[2m | parity/emdash/media-admin-editor/source/packages/admin/tests/components/MediaDetailPanel.test.tsx[2m > [22m[2mMediaDetailPanel[2m > [22m[2mshows image preview for image mimeTypes
2026-10-06T00:55:59.4728285Z [22m[39m[svelte] ownership_invalid_mutation
2026-10-06T00:55:59.4730337Z Mutating unbound props (`editorFrameRef`, at src/​lib/​media/​FocalPointEditor.svelte:18:96) is strongly discouraged. Consider using `bind:editorFrameRef={...}` in src/lib/media/MediaDetails.svelte (or using a callback) instead
2026-10-06T00:55:59.4731750Z https://svelte.dev/e/ownership_invalid_mutation
2026-10-06T00:55:59.4732627Z 2026-10-06T00:55:59.472Z pw:browser [pid=2863][err] [1006/005559.472200:INFO:CONSOLE:1222] "%c[svelte] ownership_invalid_mutation
2026-10-06T00:55:59.4734760Z 2026-10-06T00:55:59.472Z pw:browser [pid=2863][err] %cMutating unbound props (`editorFrameRef`, at src/​lib/​media/​FocalPointEditor.svelte:18:96) is strongly discouraged. Consider using `bind:editorFrameRef={...}` in src/lib/media/MediaDetails.svelte (or using a callback) instead
2026-10-06T00:55:59.4736805Z 2026-10-06T00:55:59.472Z pw:browser [pid=2863][err] https://svelte.dev/e/ownership_invalid_mutation font-weight: bold font-weight: normal", source: http://localhost:63315/__vitest_browser__/tester-BJtsJFpD.js (1222)
2026-10-06T00:55:59.4753037Z 2026-10-06T00:55:59.475Z pw:browser [pid=2863][err] [1006/005559.474991:INFO:CONSOLE:1222] "%c[svelte] ownership_invalid_mutation
2026-10-06T00:55:59.4757665Z 2026-10-06T00:55:59.475Z pw:browser [pid=2863][err] %cMutating unbound props (`editorFrameRef`, at src/​lib/​media/​FocalPointEditor.svelte:18:32) is strongly discouraged. Consider using `bind:editorFrameRef={...}` in src/lib/media/MediaDetails.svelte (or using a callback) instead
2026-10-06T00:55:59.4759127Z 2026-10-06T00:55:59.475Z pw:browser [pid=2863][err] https://svelte.dev/e/ownership_invalid_mutation font-weight: bold font-weight: normal", source: http://localhost:63315/__vitest_browser__/tester-BJtsJFpD.js (1222)
2026-10-06T00:55:59.4760521Z [90mstderr[2m | parity/emdash/media-admin-editor/source/packages/admin/tests/components/MediaDetailPanel.test.tsx[2m > [22m[2mMediaDetailPanel[2m > [22m[2mshows image preview for image mimeTypes
2026-10-06T00:55:59.4761456Z [22m[39m[svelte] ownership_invalid_mutation
2026-10-06T00:55:59.4762468Z Mutating unbound props (`editorFrameRef`, at src/​lib/​media/​FocalPointEditor.svelte:18:32) is strongly discouraged. Consider using `bind:editorFrameRef={...}` in src/lib/media/MediaDetails.svelte (or using a callback) instead
2026-10-06T00:55:59.4763519Z https://svelte.dev/e/ownership_invalid_mutation
2026-10-06T00:55:59.4780304Z 2026-10-06T00:55:59.477Z pw:browser [pid=2863][err] [1006/005559.477844:INFO:CONSOLE:1222] "%c[svelte] ownership_invalid_mutation
2026-10-06T00:55:59.4782357Z 2026-10-06T00:55:59.477Z pw:browser [pid=2863][err] %cMutating unbound props (`editorFrameRef`, at src/​lib/​media/​FocalPointEditor.svelte:18:96) is strongly discouraged. Consider using `bind:editorFrameRef={...}` in src/lib/media/MediaDetails.svelte (or using a callback) instead
2026-10-06T00:55:59.4784584Z 2026-10-06T00:55:59.477Z pw:browser [pid=2863][err] https://svelte.dev/e/ownership_invalid_mutation font-weight: bold font-weight: normal", source: http://localhost:63315/__vitest_browser__/tester-BJtsJFpD.js (1222)
2026-10-06T00:55:59.4790687Z [90mstderr[2m | parity/emdash/media-admin-editor/source/packages/admin/tests/components/MediaDetailPanel.test.tsx[2m > [22m[2mMediaDetailPanel[2m > [22m[2mseparates image details from focal-point editing with tabs
2026-10-06T00:55:59.4792049Z [22m[39m[svelte] ownership_invalid_mutation
2026-10-06T00:55:59.4793085Z Mutating unbound props (`editorFrameRef`, at src/​lib/​media/​FocalPointEditor.svelte:18:96) is strongly discouraged. Consider using `bind:editorFrameRef={...}` in src/lib/media/MediaDetails.svelte (or using a callback) instead
2026-10-06T00:55:59.4793850Z https://svelte.dev/e/ownership_invalid_mutation
2026-10-06T00:55:59.4817773Z 2026-10-06T00:55:59.481Z pw:browser [pid=2863][err] [1006/005559.481482:INFO:CONSOLE:1222] "%c[svelte] ownership_invalid_mutation
2026-10-06T00:55:59.4820074Z 2026-10-06T00:55:59.481Z pw:browser [pid=2863][err] %cMutating unbound props (`editorFrameRef`, at src/​lib/​media/​FocalPointEditor.svelte:18:32) is strongly discouraged. Consider using `bind:editorFrameRef={...}` in src/lib/media/MediaDetails.svelte (or using a callback) instead
2026-10-06T00:55:59.4822203Z 2026-10-06T00:55:59.481Z pw:browser [pid=2863][err] https://svelte.dev/e/ownership_invalid_mutation font-weight: bold font-weight: normal", source: http://localhost:63315/__vitest_browser__/tester-BJtsJFpD.js (1222)
2026-10-06T00:55:59.4823603Z [90mstderr[2m | parity/emdash/media-admin-editor/source/packages/admin/tests/components/MediaDetailPanel.test.tsx[2m > [22m[2mMediaDetailPanel[2m > [22m[2mseparates image details from focal-point editing with tabs
2026-10-06T00:55:59.4824616Z [22m[39m[svelte] ownership_invalid_mutation
2026-10-06T00:55:59.4825621Z Mutating unbound props (`editorFrameRef`, at src/​lib/​media/​FocalPointEditor.svelte:18:32) is strongly discouraged. Consider using `bind:editorFrameRef={...}` in src/lib/media/MediaDetails.svelte (or using a callback) instead
2026-10-06T00:55:59.4826363Z https://svelte.dev/e/ownership_invalid_mutation
2026-10-06T00:55:59.4894538Z 2026-10-06T00:55:59.489Z pw:browser [pid=2863][err] [1006/005559.488909:INFO:CONSOLE:1222] "%c[svelte] ownership_invalid_mutation
2026-10-06T00:55:59.4905780Z 2026-10-06T00:55:59.489Z pw:browser [pid=2863][err] %cMutating unbound props (`firstPreviewRef`, at src/​lib/​media/​FocalPointPreviews.svelte:8:33) is strongly discouraged. Consider using `bind:firstPreviewRef={...}` in src/lib/media/MediaDetails.svelte (or using a callback) instead
2026-10-06T00:55:59.4908083Z 2026-10-06T00:55:59.489Z pw:browser [pid=2863][err] https://svelte.dev/e/ownership_invalid_mutation font-weight: bold font-weight: normal", source: http://localhost:63315/__vitest_browser__/tester-BJtsJFpD.js (1222)
2026-10-06T00:55:59.4909758Z [90mstderr[2m | parity/emdash/media-admin-editor/source/packages/admin/tests/components/MediaDetailPanel.test.tsx[2m > [22m[2mMediaDetailPanel[2m > [22m[2mseparates image details from focal-point editing with tabs
2026-10-06T00:55:59.4910699Z [22m[39m[svelte] ownership_invalid_mutation
2026-10-06T00:55:59.4912343Z Mutating unbound props (`firstPreviewRef`, at src/​lib/​media/​FocalPointPreviews.svelte:8:33) is strongly discouraged. Consider using `bind:firstPreviewRef={...}` in src/lib/media/MediaDetails.svelte (or using a callback) instead
2026-10-06T00:55:59.4927760Z https://svelte.dev/e/ownership_invalid_mutation
2026-10-06T00:55:59.4952181Z 2026-10-06T00:55:59.494Z pw:browser [pid=2863][err] [1006/005559.494780:INFO:CONSOLE:1222] "%c[svelte] ownership_invalid_mutation
2026-10-06T00:55:59.4954786Z 2026-10-06T00:55:59.495Z pw:browser [pid=2863][err] %cMutating unbound props (`firstPreviewRef`, at src/​lib/​media/​FocalPointPreviews.svelte:8:99) is strongly discouraged. Consider using `bind:firstPreviewRef={...}` in src/lib/media/MediaDetails.svelte (or using a callback) instead
2026-10-06T00:55:59.4957045Z 2026-10-06T00:55:59.495Z pw:browser [pid=2863][err] https://svelte.dev/e/ownership_invalid_mutation font-weight: bold font-weight: normal", source: http://localhost:63315/__vitest_browser__/tester-BJtsJFpD.js (1222)
2026-10-06T00:55:59.4958980Z [90mstderr[2m | parity/emdash/media-admin-editor/source/packages/admin/tests/components/MediaDetailPanel.test.tsx[2m > [22m[2mMediaDetailPanel[2m > [22m[2mseparates image details from focal-point editing with tabs
2026-10-06T00:55:59.4959924Z [22m[39m[svelte] ownership_invalid_mutation
2026-10-06T00:55:59.4961934Z Mutating unbound props (`firstPreviewRef`, at src/​lib/​media/​FocalPointPreviews.svelte:8:99) is strongly discouraged. Consider using `bind:firstPreviewRef={...}` in src/lib/media/MediaDetails.svelte (or using a callback) instead
2026-10-06T00:55:59.4963054Z https://svelte.dev/e/ownership_invalid_mutation
2026-10-06T00:55:59.4975188Z 2026-10-06T00:55:59.497Z pw:browser [pid=2863][err] [1006/005559.497340:INFO:CONSOLE:1222] "%c[svelte] ownership_invalid_mutation
2026-10-06T00:55:59.4978104Z 2026-10-06T00:55:59.497Z pw:browser [pid=2863][err] %cMutating unbound props (`editorFrameRef`, at src/​lib/​media/​FocalPointEditor.svelte:18:96) is strongly discouraged. Consider using `bind:editorFrameRef={...}` in src/lib/media/MediaDetails.svelte (or using a callback) instead
2026-10-06T00:55:59.4980406Z 2026-10-06T00:55:59.497Z pw:browser [pid=2863][err] https://svelte.dev/e/ownership_invalid_mutation font-weight: bold font-weight: normal", source: http://localhost:63315/__vitest_browser__/tester-BJtsJFpD.js (1222)
2026-10-06T00:55:59.4982621Z [90mstderr[2m | parity/emdash/media-admin-editor/source/packages/admin/tests/components/MediaDetailPanel.test.tsx[2m > [22m[2mMediaDetailPanel[2m > [22m[2mkeeps focal-point preview image bottoms aligned with the editor frame
2026-10-06T00:55:59.4983810Z [22m[39m[svelte] ownership_invalid_mutation
2026-10-06T00:55:59.4985355Z Mutating unbound props (`editorFrameRef`, at src/​lib/​media/​FocalPointEditor.svelte:18:96) is strongly discouraged. Consider using `bind:editorFrameRef={...}` in src/lib/media/MediaDetails.svelte (or using a callback) instead
2026-10-06T00:55:59.4986544Z https://svelte.dev/e/ownership_invalid_mutation
2026-10-06T00:55:59.5023163Z 2026-10-06T00:55:59.502Z pw:browser [pid=2863][err] [1006/005559.502048:INFO:CONSOLE:1222] "%c[svelte] ownership_invalid_mutation
2026-10-06T00:55:59.5025941Z 2026-10-06T00:55:59.502Z pw:browser [pid=2863][err] %cMutating unbound props (`editorFrameRef`, at src/​lib/​media/​FocalPointEditor.svelte:18:32) is strongly discouraged. Consider using `bind:editorFrameRef={...}` in src/lib/media/MediaDetails.svelte (or using a callback) instead
2026-10-06T00:55:59.5028263Z 2026-10-06T00:55:59.502Z pw:browser [pid=2863][err] https://svelte.dev/e/ownership_invalid_mutation font-weight: bold font-weight: normal", source: http://localhost:63315/__vitest_browser__/tester-BJtsJFpD.js (1222)
2026-10-06T00:55:59.5029937Z [90mstderr[2m | parity/emdash/media-admin-editor/source/packages/admin/tests/components/MediaDetailPanel.test.tsx[2m > [22m[2mMediaDetailPanel[2m > [22m[2mkeeps focal-point preview image bottoms aligned with the editor frame
2026-10-06T00:55:59.5031086Z [22m[39m[svelte] ownership_invalid_mutation
2026-10-06T00:55:59.5032260Z Mutating unbound props (`editorFrameRef`, at src/​lib/​media/​FocalPointEditor.svelte:18:32) is strongly discouraged. Consider using `bind:editorFrameRef={...}` in src/lib/media/MediaDetails.svelte (or using a callback) instead
2026-10-06T00:55:59.5033445Z https://svelte.dev/e/ownership_invalid_mutation
2026-10-06T00:55:59.5072306Z 2026-10-06T00:55:59.507Z pw:browser [pid=2863][err] [1006/005559.506919:INFO:CONSOLE:1222] "%c[svelte] ownership_invalid_mutation
2026-10-06T00:55:59.5077714Z 2026-10-06T00:55:59.507Z pw:browser [pid=2863][err] %cMutating unbound props (`firstPreviewRef`, at src/​lib/​media/​FocalPointPreviews.svelte:8:33) is strongly discouraged. Consider using `bind:firstPreviewRef={...}` in src/lib/media/MediaDetails.svelte (or using a callback) instead
2026-10-06T00:55:59.5080317Z 2026-10-06T00:55:59.507Z pw:browser [pid=2863][err] https://svelte.dev/e/ownership_invalid_mutation font-weight: bold font-weight: normal", source: http://localhost:63315/__vitest_browser__/tester-BJtsJFpD.js (1222)
2026-10-06T00:55:59.5086819Z [90mstderr[2m | parity/emdash/media-admin-editor/source/packages/admin/tests/components/MediaDetailPanel.test.tsx[2m > [22m[2mMediaDetailPanel[2m > [22m[2mkeeps focal-point preview image bottoms aligned with the editor frame
2026-10-06T00:55:59.5088401Z [22m[39m[svelte] ownership_invalid_mutation
2026-10-06T00:55:59.5090332Z Mutating unbound props (`firstPreviewRef`, at src/​lib/​media/​FocalPointPreviews.svelte:8:33) is strongly discouraged. Consider using `bind:firstPreviewRef={...}` in src/lib/media/MediaDetails.svelte (or using a callback) instead
2026-10-06T00:55:59.5091920Z https://svelte.dev/e/ownership_invalid_mutation
2026-10-06T00:55:59.5620414Z 2026-10-06T00:55:59.561Z pw:browser [pid=2863][err] [1006/005559.561727:INFO:CONSOLE:1222] "%c[svelte] ownership_invalid_mutation
2026-10-06T00:55:59.5623618Z 2026-10-06T00:55:59.561Z pw:browser [pid=2863][err] %cMutating unbound props (`editorFrameRef`, at src/​lib/​media/​FocalPointEditor.svelte:18:96) is strongly discouraged. Consider using `bind:editorFrameRef={...}` in src/lib/media/MediaDetails.svelte (or using a callback) instead
2026-10-06T00:55:59.5626871Z 2026-10-06T00:55:59.561Z pw:browser [pid=2863][err] https://svelte.dev/e/ownership_invalid_mutation font-weight: bold font-weight: normal", source: http://localhost:63315/__vitest_browser__/tester-BJtsJFpD.js (1222)
2026-10-06T00:55:59.5636460Z [90mstderr[2m | parity/emdash/media-admin-editor/source/packages/admin/tests/components/MediaDetailPanel.test.tsx[2m > [22m[2mMediaDetailPanel[2m > [22m[2maligns focal-point previews before painting the mode switch
2026-10-06T00:55:59.5638953Z [22m[39m[svelte] ownership_invalid_mutation
2026-10-06T00:55:59.5640711Z Mutating unbound props (`editorFrameRef`, at src/​lib/​media/​FocalPointEditor.svelte:18:96) is strongly discouraged. Consider using `bind:editorFrameRef={...}` in src/lib/media/MediaDetails.svelte (or using a callback) instead
2026-10-06T00:55:59.5642389Z https://svelte.dev/e/ownership_invalid_mutation
2026-10-06T00:55:59.5643811Z [90mstderr[2m | parity/emdash/media-admin-editor/source/packages/admin/tests/components/MediaDetailPanel.test.tsx[2m > [22m[2mMediaDetailPanel[2m > [22m[2maligns focal-point previews before painting the mode switch
2026-10-06T00:55:59.5644826Z [22m[39m[svelte] ownership_invalid_mutation
2026-10-06T00:55:59.5645862Z Mutating unbound props (`firstPreviewRef`, at src/​lib/​media/​FocalPointPreviews.svelte:8:99) is strongly discouraged. Consider using `bind:firstPreviewRef={...}` in src/lib/media/MediaDetails.svelte (or using a callback) instead
2026-10-06T00:55:59.5646824Z https://svelte.dev/e/ownership_invalid_mutation
2026-10-06T00:55:59.5647643Z 2026-10-06T00:55:59.563Z pw:browser [pid=2863][err] [1006/005559.563477:INFO:CONSOLE:1222] "%c[svelte] ownership_invalid_mutation
2026-10-06T00:55:59.5649578Z 2026-10-06T00:55:59.563Z pw:browser [pid=2863][err] %cMutating unbound props (`firstPreviewRef`, at src/​lib/​media/​FocalPointPreviews.svelte:8:99) is strongly discouraged. Consider using `bind:firstPreviewRef={...}` in src/lib/media/MediaDetails.svelte (or using a callback) instead
2026-10-06T00:55:59.5651176Z 2026-10-06T00:55:59.563Z pw:browser [pid=2863][err] https://svelte.dev/e/ownership_invalid_mutation font-weight: bold font-weight: normal", source: http://localhost:63315/__vitest_browser__/tester-BJtsJFpD.js (1222)
2026-10-06T00:55:59.5668852Z 2026-10-06T00:55:59.566Z pw:browser [pid=2863][err] [1006/005559.566693:INFO:CONSOLE:1222] "%c[svelte] ownership_invalid_mutation
2026-10-06T00:55:59.5671428Z 2026-10-06T00:55:59.566Z pw:browser [pid=2863][err] %cMutating unbound props (`editorFrameRef`, at src/​lib/​media/​FocalPointEditor.svelte:18:32) is strongly discouraged. Consider using `bind:editorFrameRef={...}` in src/lib/media/MediaDetails.svelte (or using a callback) instead
2026-10-06T00:55:59.5673575Z 2026-10-06T00:55:59.566Z pw:browser [pid=2863][err] https://svelte.dev/e/ownership_invalid_mutation font-weight: bold font-weight: normal", source: http://localhost:63315/__vitest_browser__/tester-BJtsJFpD.js (1222)
2026-10-06T00:55:59.5675146Z [90mstderr[2m | parity/emdash/media-admin-editor/source/packages/admin/tests/components/MediaDetailPanel.test.tsx[2m > [22m[2mMediaDetailPanel[2m > [22m[2maligns focal-point previews before painting the mode switch
2026-10-06T00:55:59.5676023Z [22m[39m[svelte] ownership_invalid_mutation
2026-10-06T00:55:59.5677130Z Mutating unbound props (`editorFrameRef`, at src/​lib/​media/​FocalPointEditor.svelte:18:32) is strongly discouraged. Consider using `bind:editorFrameRef={...}` in src/lib/media/MediaDetails.svelte (or using a callback) instead
2026-10-06T00:55:59.5677986Z https://svelte.dev/e/ownership_invalid_mutation
2026-10-06T00:55:59.5728033Z 2026-10-06T00:55:59.572Z pw:browser [pid=2863][err] [1006/005559.572056:INFO:CONSOLE:1222] "%c[svelte] ownership_invalid_mutation
2026-10-06T00:55:59.5730438Z 2026-10-06T00:55:59.572Z pw:browser [pid=2863][err] %cMutating unbound props (`editorFrameRef`, at src/​lib/​media/​FocalPointEditor.svelte:18:96) is strongly discouraged. Consider using `bind:editorFrameRef={...}` in src/lib/media/MediaDetails.svelte (or using a callback) instead
2026-10-06T00:55:59.5732089Z 2026-10-06T00:55:59.572Z pw:browser [pid=2863][err] https://svelte.dev/e/ownership_invalid_mutation font-weight: bold font-weight: normal", source: http://localhost:63315/__vitest_browser__/tester-BJtsJFpD.js (1222)
2026-10-06T00:55:59.5738173Z [90mstderr[2m | parity/emdash/media-admin-editor/source/packages/admin/tests/components/MediaDetailPanel.test.tsx[2m > [22m[2mMediaDetailPanel[2m > [22m[2maligns focal-point previews before painting the mode switch
2026-10-06T00:55:59.5739431Z [22m[39m[svelte] ownership_invalid_mutation
2026-10-06T00:55:59.5741289Z Mutating unbound props (`editorFrameRef`, at src/​lib/​media/​FocalPointEditor.svelte:18:96) is strongly discouraged. Consider using `bind:editorFrameRef={...}` in src/lib/media/MediaDetails.svelte (or using a callback) instead
2026-10-06T00:55:59.5742505Z https://svelte.dev/e/ownership_invalid_mutation
2026-10-06T00:55:59.5769176Z 2026-10-06T00:55:59.576Z pw:browser [pid=2863][err] [1006/005559.576469:INFO:CONSOLE:1222] "%c[svelte] ownership_invalid_mutation
2026-10-06T00:55:59.5771810Z 2026-10-06T00:55:59.576Z pw:browser [pid=2863][err] %cMutating unbound props (`editorFrameRef`, at src/​lib/​media/​FocalPointEditor.svelte:18:32) is strongly discouraged. Consider using `bind:editorFrameRef={...}` in src/lib/media/MediaDetails.svelte (or using a callback) instead
2026-10-06T00:55:59.5774053Z 2026-10-06T00:55:59.576Z pw:browser [pid=2863][err] https://svelte.dev/e/ownership_invalid_mutation font-weight: bold font-weight: normal", source: http://localhost:63315/__vitest_browser__/tester-BJtsJFpD.js (1222)
2026-10-06T00:55:59.5775580Z 2026-10-06T00:55:59.576Z pw:browser [pid=2863][err] [1006/005559.576708:INFO:CONSOLE:1222] "%c[svelte] ownership_invalid_mutation
2026-10-06T00:55:59.5777716Z 2026-10-06T00:55:59.576Z pw:browser [pid=2863][err] %cMutating unbound props (`firstPreviewRef`, at src/​lib/​media/​FocalPointPreviews.svelte:8:33) is strongly discouraged. Consider using `bind:firstPreviewRef={...}` in src/lib/media/MediaDetails.svelte (or using a callback) instead
2026-10-06T00:55:59.5779957Z 2026-10-06T00:55:59.576Z pw:browser [pid=2863][err] https://svelte.dev/e/ownership_invalid_mutation font-weight: bold font-weight: normal", source: http://localhost:63315/__vitest_browser__/tester-BJtsJFpD.js (1222)
2026-10-06T00:55:59.5785857Z 2026-10-06T00:55:59.578Z pw:browser [pid=2863][err] [1006/005559.578346:INFO:CONSOLE:2466] "Invalid keyframe value for property height: undefinedpx", source: http://localhost:63315/src/lib/media/MediaDetails.svelte (2466)
2026-10-06T00:55:59.5787448Z 2026-10-06T00:55:59.578Z pw:browser [pid=2863][err] [1006/005559.578377:INFO:CONSOLE:1222] "%c[svelte] ownership_invalid_mutation
2026-10-06T00:55:59.5789772Z 2026-10-06T00:55:59.578Z pw:browser [pid=2863][err] %cMutating unbound props (`editorFrameRef`, at src/​lib/​media/​FocalPointEditor.svelte:18:96) is strongly discouraged. Consider using `bind:editorFrameRef={...}` in src/lib/media/MediaDetails.svelte (or using a callback) instead
2026-10-06T00:55:59.5792120Z 2026-10-06T00:55:59.578Z pw:browser [pid=2863][err] https://svelte.dev/e/ownership_invalid_mutation font-weight: bold font-weight: normal", source: http://localhost:63315/__vitest_browser__/tester-BJtsJFpD.js (1222)
2026-10-06T00:55:59.5801429Z [90mstderr[2m | parity/emdash/media-admin-editor/source/packages/admin/tests/components/MediaDetailPanel.test.tsx[2m > [22m[2mMediaDetailPanel[2m > [22m[2maligns focal-point previews before painting the mode switch
2026-10-06T00:55:59.5802658Z [22m[39m[svelte] ownership_invalid_mutation
2026-10-06T00:55:59.5807181Z Mutating unbound props (`editorFrameRef`, at src/​lib/​media/​FocalPointEditor.svelte:18:32) is strongly discouraged. Consider using `bind:editorFrameRef={...}` in src/lib/media/MediaDetails.svelte (or using a callback) instead
2026-10-06T00:55:59.5808780Z https://svelte.dev/e/ownership_invalid_mutation
2026-10-06T00:55:59.5810522Z [90mstderr[2m | parity/emdash/media-admin-editor/source/packages/admin/tests/components/MediaDetailPanel.test.tsx[2m > [22m[2mMediaDetailPanel[2m > [22m[2maligns focal-point previews before painting the mode switch
2026-10-06T00:55:59.5812073Z [22m[39m[svelte] ownership_invalid_mutation
2026-10-06T00:55:59.5813690Z Mutating unbound props (`firstPreviewRef`, at src/​lib/​media/​FocalPointPreviews.svelte:8:33) is strongly discouraged. Consider using `bind:firstPreviewRef={...}` in src/lib/media/MediaDetails.svelte (or using a callback) instead
2026-10-06T00:55:59.5815020Z https://svelte.dev/e/ownership_invalid_mutation
2026-10-06T00:55:59.5816743Z [90mstderr[2m | parity/emdash/media-admin-editor/source/packages/admin/tests/components/MediaDetailPanel.test.tsx[2m > [22m[2mMediaDetailPanel[2m > [22m[2mshows crop only for ready supported local images with an allowed action
2026-10-06T00:55:59.5818189Z [22m[39m[svelte] ownership_invalid_mutation
2026-10-06T00:55:59.5819962Z Mutating unbound props (`editorFrameRef`, at src/​lib/​media/​FocalPointEditor.svelte:18:96) is strongly discouraged. Consider using `bind:editorFrameRef={...}` in src/lib/media/MediaDetails.svelte (or using a callback) instead
2026-10-06T00:55:59.5821333Z https://svelte.dev/e/ownership_invalid_mutation
2026-10-06T00:55:59.5822955Z [90mstderr[2m | parity/emdash/media-admin-editor/source/packages/admin/tests/components/MediaDetailPanel.test.tsx[2m > [22m[2mMediaDetailPanel[2m > [22m[2mshows crop only for ready supported local images with an allowed action
2026-10-06T00:55:59.5824204Z [22m[39m[svelte] ownership_invalid_mutation
2026-10-06T00:55:59.5825814Z Mutating unbound props (`firstPreviewRef`, at src/​lib/​media/​FocalPointPreviews.svelte:8:99) is strongly discouraged. Consider using `bind:firstPreviewRef={...}` in src/lib/media/MediaDetails.svelte (or using a callback) instead
2026-10-06T00:55:59.5827029Z https://svelte.dev/e/ownership_invalid_mutation
2026-10-06T00:55:59.5827923Z 2026-10-06T00:55:59.579Z pw:browser [pid=2863][err] [1006/005559.579581:INFO:CONSOLE:1222] "%c[svelte] ownership_invalid_mutation
2026-10-06T00:55:59.5830099Z 2026-10-06T00:55:59.579Z pw:browser [pid=2863][err] %cMutating unbound props (`firstPreviewRef`, at src/​lib/​media/​FocalPointPreviews.svelte:8:99) is strongly discouraged. Consider using `bind:firstPreviewRef={...}` in src/lib/media/MediaDetails.svelte (or using a callback) instead
2026-10-06T00:55:59.5832498Z 2026-10-06T00:55:59.579Z pw:browser [pid=2863][err] https://svelte.dev/e/ownership_invalid_mutation font-weight: bold font-weight: normal", source: http://localhost:63315/__vitest_browser__/tester-BJtsJFpD.js (1222)
2026-10-06T00:55:59.5833894Z 2026-10-06T00:55:59.580Z pw:browser [pid=2863][err] [1006/005559.579907:INFO:CONSOLE:1222] "%c[svelte] derived_inert
2026-10-06T00:55:59.5834936Z 2026-10-06T00:55:59.580Z pw:browser [pid=2863][err] %cReading a derived belonging to a now-destroyed effect may result in stale values
2026-10-06T00:55:59.5836454Z 2026-10-06T00:55:59.580Z pw:browser [pid=2863][err] https://svelte.dev/e/derived_inert font-weight: bold font-weight: normal", source: http://localhost:63315/__vitest_browser__/tester-BJtsJFpD.js (1222)
2026-10-06T00:55:59.5838601Z [90mstderr[2m | parity/emdash/media-admin-editor/source/packages/admin/tests/components/MediaDetailPanel.test.tsx[2m > [22m[2mMediaDetailPanel[2m > [22m[2mshows crop only for ready supported local images with an allowed action
2026-10-06T00:55:59.5840279Z [22m[39m[svelte] derived_inert
2026-10-06T00:55:59.5841010Z Reading a derived belonging to a now-destroyed effect may result in stale values
2026-10-06T00:55:59.5841597Z https://svelte.dev/e/derived_inert
2026-10-06T00:55:59.5842404Z 2026-10-06T00:55:59.583Z pw:browser [pid=2863][err] [1006/005559.583117:INFO:CONSOLE:1222] "%c[svelte] ownership_invalid_mutation
2026-10-06T00:55:59.5845251Z 2026-10-06T00:55:59.583Z pw:browser [pid=2863][err] %cMutating unbound props (`editorFrameRef`, at src/​lib/​media/​FocalPointEditor.svelte:18:32) is strongly discouraged. Consider using `bind:editorFrameRef={...}` in src/lib/media/MediaDetails.svelte (or using a callback) instead
2026-10-06T00:55:59.5847719Z 2026-10-06T00:55:59.583Z pw:browser [pid=2863][err] https://svelte.dev/e/ownership_invalid_mutation font-weight: bold font-weight: normal", source: http://localhost:63315/__vitest_browser__/tester-BJtsJFpD.js (1222)
2026-10-06T00:55:59.5850214Z [90mstderr[2m | parity/emdash/media-admin-editor/source/packages/admin/tests/components/MediaDetailPanel.test.tsx[2m > [22m[2mMediaDetailPanel[2m > [22m[2mshows crop only for ready supported local images with an allowed action
2026-10-06T00:55:59.5851248Z [22m[39m[svelte] ownership_invalid_mutation
2026-10-06T00:55:59.5852268Z Mutating unbound props (`editorFrameRef`, at src/​lib/​media/​FocalPointEditor.svelte:18:32) is strongly discouraged. Consider using `bind:editorFrameRef={...}` in src/lib/media/MediaDetails.svelte (or using a callback) instead
2026-10-06T00:55:59.5853010Z https://svelte.dev/e/ownership_invalid_mutation
2026-10-06T00:55:59.5900218Z 2026-10-06T00:55:59.588Z pw:browser [pid=2863][err] [1006/005559.588535:INFO:CONSOLE:1222] "%c[svelte] ownership_invalid_mutation
2026-10-06T00:55:59.5902847Z 2026-10-06T00:55:59.588Z pw:browser [pid=2863][err] %cMutating unbound props (`editorFrameRef`, at src/​lib/​media/​FocalPointEditor.svelte:18:96) is strongly discouraged. Consider using `bind:editorFrameRef={...}` in src/lib/media/MediaDetails.svelte (or using a callback) instead
2026-10-06T00:55:59.5904442Z 2026-10-06T00:55:59.588Z pw:browser [pid=2863][err] https://svelte.dev/e/ownership_invalid_mutation font-weight: bold font-weight: normal", source: http://localhost:63315/__vitest_browser__/tester-BJtsJFpD.js (1222)
2026-10-06T00:55:59.5905881Z [90mstderr[2m | parity/emdash/media-admin-editor/source/packages/admin/tests/components/MediaDetailPanel.test.tsx[2m > [22m[2mMediaDetailPanel[2m > [22m[2mshows crop only for ready supported local images with an allowed action
2026-10-06T00:55:59.5906672Z [22m[39m[svelte] ownership_invalid_mutation
2026-10-06T00:55:59.5907658Z Mutating unbound props (`editorFrameRef`, at src/​lib/​media/​FocalPointEditor.svelte:18:96) is strongly discouraged. Consider using `bind:editorFrameRef={...}` in src/lib/media/MediaDetails.svelte (or using a callback) instead
2026-10-06T00:55:59.5908625Z https://svelte.dev/e/ownership_invalid_mutation
2026-10-06T00:55:59.5932184Z 2026-10-06T00:55:59.592Z pw:browser [pid=2863][err] [1006/005559.592879:INFO:CONSOLE:1222] "Attempted to synchronously unmount a root while React was already rendering. React cannot finish unmounting the root until the current render has completed, which may lead to a race condition.", source: http://localhost:63315/__vitest_browser__/tester-BJtsJFpD.js (1222)
2026-10-06T00:55:59.5935011Z [90mstderr[2m | parity/emdash/media-admin-editor/source/packages/admin/tests/components/MediaDetailPanel.test.tsx[2m > [22m[2mMediaDetailPanel[2m > [22m[2msuppresses image-editor overflow only while the mode layout settles
2026-10-06T00:55:59.5937317Z [22m[39mAttempted to synchronously unmount a root while React was already rendering. React cannot finish unmounting the root until the current render has completed, which may lead to a race condition.
2026-10-06T00:55:59.5964275Z 2026-10-06T00:55:59.596Z pw:browser [pid=2863][err] [1006/005559.596159:INFO:CONSOLE:1222] "%c[svelte] ownership_invalid_mutation
2026-10-06T00:55:59.5966729Z 2026-10-06T00:55:59.596Z pw:browser [pid=2863][err] %cMutating unbound props (`editorFrameRef`, at src/​lib/​media/​FocalPointEditor.svelte:18:32) is strongly discouraged. Consider using `bind:editorFrameRef={...}` in src/lib/media/MediaDetails.svelte (or using a callback) instead
2026-10-06T00:55:59.5968792Z 2026-10-06T00:55:59.596Z pw:browser [pid=2863][err] https://svelte.dev/e/ownership_invalid_mutation font-weight: bold font-weight: normal", source: http://localhost:63315/__vitest_browser__/tester-BJtsJFpD.js (1222)
2026-10-06T00:55:59.5970408Z [90mstderr[2m | parity/emdash/media-admin-editor/source/packages/admin/tests/components/MediaDetailPanel.test.tsx[2m > [22m[2mMediaDetailPanel[2m > [22m[2msuppresses image-editor overflow only while the mode layout settles
2026-10-06T00:55:59.5971537Z [22m[39m[svelte] ownership_invalid_mutation
2026-10-06T00:55:59.5972654Z Mutating unbound props (`editorFrameRef`, at src/​lib/​media/​FocalPointEditor.svelte:18:32) is strongly discouraged. Consider using `bind:editorFrameRef={...}` in src/lib/media/MediaDetails.svelte (or using a callback) instead
2026-10-06T00:55:59.5973544Z https://svelte.dev/e/ownership_invalid_mutation
2026-10-06T00:55:59.5993677Z 2026-10-06T00:55:59.599Z pw:browser [pid=2863][err] [1006/005559.598972:INFO:CONSOLE:1222] "%c[svelte] ownership_invalid_mutation
2026-10-06T00:55:59.5995871Z 2026-10-06T00:55:59.599Z pw:browser [pid=2863][err] %cMutating unbound props (`editorFrameRef`, at src/​lib/​media/​FocalPointEditor.svelte:18:96) is strongly discouraged. Consider using `bind:editorFrameRef={...}` in src/lib/media/MediaDetails.svelte (or using a callback) instead
2026-10-06T00:55:59.5997585Z 2026-10-06T00:55:59.599Z pw:browser [pid=2863][err] https://svelte.dev/e/ownership_invalid_mutation font-weight: bold font-weight: normal", source: http://localhost:63315/__vitest_browser__/tester-BJtsJFpD.js (1222)
2026-10-06T00:55:59.5998994Z [90mstderr[2m | parity/emdash/media-admin-editor/source/packages/admin/tests/components/MediaDetailPanel.test.tsx[2m > [22m[2mMediaDetailPanel[2m > [22m[2msuppresses image-editor overflow only while the mode layout settles
2026-10-06T00:55:59.5999788Z [22m[39m[svelte] ownership_invalid_mutation
2026-10-06T00:55:59.6000948Z Mutating unbound props (`editorFrameRef`, at src/​lib/​media/​FocalPointEditor.svelte:18:96) is strongly discouraged. Consider using `bind:editorFrameRef={...}` in src/lib/media/MediaDetails.svelte (or using a callback) instead
2026-10-06T00:55:59.6001993Z https://svelte.dev/e/ownership_invalid_mutation
2026-10-06T00:55:59.6533540Z 2026-10-06T00:55:59.653Z pw:browser [pid=2863][err] [1006/005559.652934:INFO:CONSOLE:1222] "%c[svelte] ownership_invalid_mutation
2026-10-06T00:55:59.6536115Z 2026-10-06T00:55:59.653Z pw:browser [pid=2863][err] %cMutating unbound props (`editorFrameRef`, at src/​lib/​media/​FocalPointEditor.svelte:18:32) is strongly discouraged. Consider using `bind:editorFrameRef={...}` in src/lib/media/MediaDetails.svelte (or using a callback) instead
2026-10-06T00:55:59.6538279Z 2026-10-06T00:55:59.653Z pw:browser [pid=2863][err] https://svelte.dev/e/ownership_invalid_mutation font-weight: bold font-weight: normal", source: http://localhost:63315/__vitest_browser__/tester-BJtsJFpD.js (1222)
2026-10-06T00:55:59.6539339Z 2026-10-06T00:55:59.653Z pw:browser [pid=2863][err] [1006/005559.653215:INFO:CONSOLE:1222] "%c[svelte] ownership_invalid_mutation
2026-10-06T00:55:59.6541371Z 2026-10-06T00:55:59.653Z pw:browser [pid=2863][err] %cMutating unbound props (`firstPreviewRef`, at src/​lib/​media/​FocalPointPreviews.svelte:8:33) is strongly discouraged. Consider using `bind:firstPreviewRef={...}` in src/lib/media/MediaDetails.svelte (or using a callback) instead
2026-10-06T00:55:59.6543766Z 2026-10-06T00:55:59.653Z pw:browser [pid=2863][err] https://svelte.dev/e/ownership_invalid_mutation font-weight: bold font-weight: normal", source: http://localhost:63315/__vitest_browser__/tester-BJtsJFpD.js (1222)
2026-10-06T00:55:59.6546177Z [90mstderr[2m | parity/emdash/media-admin-editor/source/packages/admin/tests/components/MediaDetailPanel.test.tsx[2m > [22m[2mMediaDetailPanel[2m > [22m[2msuppresses image-editor overflow only while the mode layout settles
2026-10-06T00:55:59.6547701Z [22m[39m[svelte] ownership_invalid_mutation
2026-10-06T00:55:59.6549691Z Mutating unbound props (`editorFrameRef`, at src/​lib/​media/​FocalPointEditor.svelte:18:32) is strongly discouraged. Consider using `bind:editorFrameRef={...}` in src/lib/media/MediaDetails.svelte (or using a callback) instead
2026-10-06T00:55:59.6550500Z https://svelte.dev/e/ownership_invalid_mutation
2026-10-06T00:55:59.6551785Z [90mstderr[2m | parity/emdash/media-admin-editor/source/packages/admin/tests/components/MediaDetailPanel.test.tsx[2m > [22m[2mMediaDetailPanel[2m > [22m[2msuppresses image-editor overflow only while the mode layout settles
2026-10-06T00:55:59.6552650Z [22m[39m[svelte] ownership_invalid_mutation
2026-10-06T00:55:59.6554105Z Mutating unbound props (`firstPreviewRef`, at src/​lib/​media/​FocalPointPreviews.svelte:8:33) is strongly discouraged. Consider using `bind:firstPreviewRef={...}` in src/lib/media/MediaDetails.svelte (or using a callback) instead
2026-10-06T00:55:59.6555345Z https://svelte.dev/e/ownership_invalid_mutation
2026-10-06T00:55:59.7054184Z 2026-10-06T00:55:59.705Z pw:browser [pid=2863][err] [1006/005559.704974:INFO:CONSOLE:1222] "%c[svelte] ownership_invalid_mutation
2026-10-06T00:55:59.7056696Z 2026-10-06T00:55:59.705Z pw:browser [pid=2863][err] %cMutating unbound props (`editorFrameRef`, at src/​lib/​media/​FocalPointEditor.svelte:18:96) is strongly discouraged. Consider using `bind:editorFrameRef={...}` in src/lib/media/MediaDetails.svelte (or using a callback) instead
2026-10-06T00:55:59.7059255Z 2026-10-06T00:55:59.705Z pw:browser [pid=2863][err] https://svelte.dev/e/ownership_invalid_mutation font-weight: bold font-weight: normal", source: http://localhost:63315/__vitest_browser__/tester-BJtsJFpD.js (1222)
2026-10-06T00:55:59.7060614Z 2026-10-06T00:55:59.705Z pw:browser [pid=2863][err] [1006/005559.705551:INFO:CONSOLE:1222] "%c[svelte] ownership_invalid_mutation
2026-10-06T00:55:59.7062990Z 2026-10-06T00:55:59.705Z pw:browser [pid=2863][err] %cMutating unbound props (`firstPreviewRef`, at src/​lib/​media/​FocalPointPreviews.svelte:8:99) is strongly discouraged. Consider using `bind:firstPreviewRef={...}` in src/lib/media/MediaDetails.svelte (or using a callback) instead
2026-10-06T00:55:59.7065104Z 2026-10-06T00:55:59.705Z pw:browser [pid=2863][err] https://svelte.dev/e/ownership_invalid_mutation font-weight: bold font-weight: normal", source: http://localhost:63315/__vitest_browser__/tester-BJtsJFpD.js (1222)
2026-10-06T00:55:59.7068625Z [90mstderr[2m | parity/emdash/media-admin-editor/source/packages/admin/tests/components/MediaDetailPanel.test.tsx[2m > [22m[2mMediaDetailPanel[2m > [22m[2mhides crop for a pending image
2026-10-06T00:55:59.7069809Z [22m[39m[svelte] ownership_invalid_mutation
2026-10-06T00:55:59.7071571Z Mutating unbound props (`editorFrameRef`, at src/​lib/​media/​FocalPointEditor.svelte:18:96) is strongly discouraged. Consider using `bind:editorFrameRef={...}` in src/lib/media/MediaDetails.svelte (or using a callback) instead
2026-10-06T00:55:59.7072632Z https://svelte.dev/e/ownership_invalid_mutation
2026-10-06T00:55:59.7073923Z [90mstderr[2m | parity/emdash/media-admin-editor/source/packages/admin/tests/components/MediaDetailPanel.test.tsx[2m > [22m[2mMediaDetailPanel[2m > [22m[2mhides crop for a pending image
2026-10-06T00:55:59.7076279Z [22m[39m[svelte] ownership_invalid_mutation
2026-10-06T00:55:59.7077624Z Mutating unbound props (`firstPreviewRef`, at src/​lib/​media/​FocalPointPreviews.svelte:8:99) is strongly discouraged. Consider using `bind:firstPreviewRef={...}` in src/lib/media/MediaDetails.svelte (or using a callback) instead
2026-10-06T00:55:59.7078408Z https://svelte.dev/e/ownership_invalid_mutation
2026-10-06T00:55:59.7094854Z 2026-10-06T00:55:59.709Z pw:browser [pid=2863][err] [1006/005559.709003:INFO:CONSOLE:1222] "%c[svelte] ownership_invalid_mutation
2026-10-06T00:55:59.7096731Z 2026-10-06T00:55:59.709Z pw:browser [pid=2863][err] %cMutating unbound props (`editorFrameRef`, at src/​lib/​media/​FocalPointEditor.svelte:18:32) is strongly discouraged. Consider using `bind:editorFrameRef={...}` in src/lib/media/MediaDetails.svelte (or using a callback) instead
2026-10-06T00:55:59.7098429Z 2026-10-06T00:55:59.709Z pw:browser [pid=2863][err] https://svelte.dev/e/ownership_invalid_mutation font-weight: bold font-weight: normal", source: http://localhost:63315/__vitest_browser__/tester-BJtsJFpD.js (1222)
2026-10-06T00:55:59.7099712Z [90mstderr[2m | parity/emdash/media-admin-editor/source/packages/admin/tests/components/MediaDetailPanel.test.tsx[2m > [22m[2mMediaDetailPanel[2m > [22m[2mhides crop for a pending image
2026-10-06T00:55:59.7100463Z [22m[39m[svelte] ownership_invalid_mutation
2026-10-06T00:55:59.7101631Z Mutating unbound props (`editorFrameRef`, at src/​lib/​media/​FocalPointEditor.svelte:18:32) is strongly discouraged. Consider using `bind:editorFrameRef={...}` in src/lib/media/MediaDetails.svelte (or using a callback) instead
2026-10-06T00:55:59.7102375Z https://svelte.dev/e/ownership_invalid_mutation
2026-10-06T00:55:59.7127134Z 2026-10-06T00:55:59.712Z pw:browser [pid=2863][err] [1006/005559.712511:INFO:CONSOLE:1222] "%c[svelte] ownership_invalid_mutation
2026-10-06T00:55:59.7129438Z 2026-10-06T00:55:59.712Z pw:browser [pid=2863][err] %cMutating unbound props (`firstPreviewRef`, at src/​lib/​media/​FocalPointPreviews.svelte:8:33) is strongly discouraged. Consider using `bind:firstPreviewRef={...}` in src/lib/media/MediaDetails.svelte (or using a callback) instead
2026-10-06T00:55:59.7131516Z 2026-10-06T00:55:59.712Z pw:browser [pid=2863][err] https://svelte.dev/e/ownership_invalid_mutation font-weight: bold font-weight: normal", source: http://localhost:63315/__vitest_browser__/tester-BJtsJFpD.js (1222)
2026-10-06T00:55:59.7132852Z [90mstderr[2m | parity/emdash/media-admin-editor/source/packages/admin/tests/components/MediaDetailPanel.test.tsx[2m > [22m[2mMediaDetailPanel[2m > [22m[2mhides crop for a pending image
2026-10-06T00:55:59.7133575Z [22m[39m[svelte] ownership_invalid_mutation
2026-10-06T00:55:59.7134599Z Mutating unbound props (`firstPreviewRef`, at src/​lib/​media/​FocalPointPreviews.svelte:8:33) is strongly discouraged. Consider using `bind:firstPreviewRef={...}` in src/lib/media/MediaDetails.svelte (or using a callback) instead
2026-10-06T00:55:59.7135357Z https://svelte.dev/e/ownership_invalid_mutation
2026-10-06T00:55:59.7149919Z 2026-10-06T00:55:59.714Z pw:browser [pid=2863][err] [1006/005559.714794:INFO:CONSOLE:1222] "%c[svelte] ownership_invalid_mutation
2026-10-06T00:55:59.7152345Z 2026-10-06T00:55:59.714Z pw:browser [pid=2863][err] %cMutating unbound props (`editorFrameRef`, at src/​lib/​media/​FocalPointEditor.svelte:18:96) is strongly discouraged. Consider using `bind:editorFrameRef={...}` in src/lib/media/MediaDetails.svelte (or using a callback) instead
2026-10-06T00:55:59.7154380Z 2026-10-06T00:55:59.714Z pw:browser [pid=2863][err] https://svelte.dev/e/ownership_invalid_mutation font-weight: bold font-weight: normal", source: http://localhost:63315/__vitest_browser__/tester-BJtsJFpD.js (1222)
2026-10-06T00:55:59.7156257Z [90mstderr[2m | parity/emdash/media-admin-editor/source/packages/admin/tests/components/MediaDetailPanel.test.tsx[2m > [22m[2mMediaDetailPanel[2m > [22m[2mhides crop for a unsupported image
2026-10-06T00:55:59.7157302Z [22m[39m[svelte] ownership_invalid_mutation
2026-10-06T00:55:59.7158671Z Mutating unbound props (`editorFrameRef`, at src/​lib/​media/​FocalPointEditor.svelte:18:96) is strongly discouraged. Consider using `bind:editorFrameRef={...}` in src/lib/media/MediaDetails.svelte (or using a callback) instead
2026-10-06T00:55:59.7159793Z https://svelte.dev/e/ownership_invalid_mutation
2026-10-06T00:55:59.7161360Z [90mstderr[2m | parity/emdash/media-admin-editor/source/packages/admin/tests/components/MediaDetailPanel.test.tsx[2m > [22m[2mMediaDetailPanel[2m > [22m[2mhides crop for a unsupported image
2026-10-06T00:55:59.7162528Z [22m[39m[svelte] ownership_invalid_mutation
2026-10-06T00:55:59.7164147Z Mutating unbound props (`firstPreviewRef`, at src/​lib/​media/​FocalPointPreviews.svelte:8:99) is strongly discouraged. Consider using `bind:firstPreviewRef={...}` in src/lib/media/MediaDetails.svelte (or using a callback) instead
2026-10-06T00:55:59.7165379Z https://svelte.dev/e/ownership_invalid_mutation
2026-10-06T00:55:59.7180983Z 2026-10-06T00:55:59.717Z pw:browser [pid=2863][err] [1006/005559.716766:INFO:CONSOLE:1222] "%c[svelte] ownership_invalid_mutation
2026-10-06T00:55:59.7182722Z 2026-10-06T00:55:59.717Z pw:browser [pid=2863][err] %cMutating unbound props (`firstPreviewRef`, at src/​lib/​media/​FocalPointPreviews.svelte:8:99) is strongly discouraged. Consider using `bind:firstPreviewRef={...}` in src/lib/media/MediaDetails.svelte (or using a callback) instead
2026-10-06T00:55:59.7184195Z 2026-10-06T00:55:59.717Z pw:browser [pid=2863][err] https://svelte.dev/e/ownership_invalid_mutation font-weight: bold font-weight: normal", source: http://localhost:63315/__vitest_browser__/tester-BJtsJFpD.js (1222)
2026-10-06T00:55:59.7187108Z 2026-10-06T00:55:59.718Z pw:browser [pid=2863][err] [1006/005559.718517:INFO:CONSOLE:1222] "%c[svelte] ownership_invalid_mutation
2026-10-06T00:55:59.7190312Z 2026-10-06T00:55:59.718Z pw:browser [pid=2863][err] %cMutating unbound props (`editorFrameRef`, at src/​lib/​media/​FocalPointEditor.svelte:18:32) is strongly discouraged. Consider using `bind:editorFrameRef={...}` in src/lib/media/MediaDetails.svelte (or using a callback) instead
2026-10-06T00:55:59.7192846Z 2026-10-06T00:55:59.718Z pw:browser [pid=2863][err] https://svelte.dev/e/ownership_invalid_mutation font-weight: bold font-weight: normal", source: http://localhost:63315/__vitest_browser__/tester-BJtsJFpD.js (1222)
2026-10-06T00:55:59.7197360Z [90mstderr[2m | parity/emdash/media-admin-editor/source/packages/admin/tests/components/MediaDetailPanel.test.tsx[2m > [22m[2mMediaDetailPanel[2m > [22m[2mhides crop for a unsupported image
2026-10-06T00:55:59.7198434Z [22m[39m[svelte] ownership_invalid_mutation
2026-10-06T00:55:59.7199811Z Mutating unbound props (`editorFrameRef`, at src/​lib/​media/​FocalPointEditor.svelte:18:32) is strongly discouraged. Consider using `bind:editorFrameRef={...}` in src/lib/media/MediaDetails.svelte (or using a callback) instead
2026-10-06T00:55:59.7200625Z https://svelte.dev/e/ownership_invalid_mutation
2026-10-06T00:55:59.7237827Z 2026-10-06T00:55:59.723Z pw:browser [pid=2863][err] [1006/005559.723309:INFO:CONSOLE:1222] "%c[svelte] ownership_invalid_mutation
2026-10-06T00:55:59.7239497Z 2026-10-06T00:55:59.723Z pw:browser [pid=2863][err] %cMutating unbound props (`firstPreviewRef`, at src/​lib/​media/​FocalPointPreviews.svelte:8:33) is strongly discouraged. Consider using `bind:firstPreviewRef={...}` in src/lib/media/MediaDetails.svelte (or using a callback) instead
2026-10-06T00:55:59.7241191Z 2026-10-06T00:55:59.723Z pw:browser [pid=2863][err] https://svelte.dev/e/ownership_invalid_mutation font-weight: bold font-weight: normal", source: http://localhost:63315/__vitest_browser__/tester-BJtsJFpD.js (1222)
2026-10-06T00:55:59.7255212Z [90mstderr[2m | parity/emdash/media-admin-editor/source/packages/admin/tests/components/MediaDetailPanel.test.tsx[2m > [22m[2mMediaDetailPanel[2m > [22m[2mhides crop for a unsupported image
2026-10-06T00:55:59.7256316Z [22m[39m[svelte] ownership_invalid_mutation
2026-10-06T00:55:59.7257948Z Mutating unbound props (`firstPreviewRef`, at src/​lib/​media/​FocalPointPreviews.svelte:8:33) is strongly discouraged. Consider using `bind:firstPreviewRef={...}` in src/lib/media/MediaDetails.svelte (or using a callback) instead
2026-10-06T00:55:59.7259140Z https://svelte.dev/e/ownership_invalid_mutation
2026-10-06T00:55:59.7263662Z 2026-10-06T00:55:59.726Z pw:browser [pid=2863][err] [1006/005559.726164:INFO:CONSOLE:1222] "%c[svelte] ownership_invalid_mutation
2026-10-06T00:55:59.7266115Z 2026-10-06T00:55:59.726Z pw:browser [pid=2863][err] %cMutating unbound props (`editorFrameRef`, at src/​lib/​media/​FocalPointEditor.svelte:18:96) is strongly discouraged. Consider using `bind:editorFrameRef={...}` in src/lib/media/MediaDetails.svelte (or using a callback) instead
2026-10-06T00:55:59.7268853Z 2026-10-06T00:55:59.726Z pw:browser [pid=2863][err] https://svelte.dev/e/ownership_invalid_mutation font-weight: bold font-weight: normal", source: http://localhost:63315/__vitest_browser__/tester-BJtsJFpD.js (1222)
2026-10-06T00:55:59.7271043Z [90mstderr[2m | parity/emdash/media-admin-editor/source/packages/admin/tests/components/MediaDetailPanel.test.tsx[2m > [22m[2mMediaDetailPanel[2m > [22m[2mhides crop for a provider image
2026-10-06T00:55:59.7272186Z [22m[39m[svelte] ownership_invalid_mutation
2026-10-06T00:55:59.7273688Z Mutating unbound props (`editorFrameRef`, at src/​lib/​media/​FocalPointEditor.svelte:18:96) is strongly discouraged. Consider using `bind:editorFrameRef={...}` in src/lib/media/MediaDetails.svelte (or using a callback) instead
2026-10-06T00:55:59.7274735Z https://svelte.dev/e/ownership_invalid_mutation
2026-10-06T00:55:59.7276051Z [90mstderr[2m | parity/emdash/media-admin-editor/source/packages/admin/tests/components/MediaDetailPanel.test.tsx[2m > [22m[2mMediaDetailPanel[2m > [22m[2mhides crop for a provider image
2026-10-06T00:55:59.7277087Z [22m[39m[svelte] ownership_invalid_mutation
2026-10-06T00:55:59.7278714Z Mutating unbound props (`firstPreviewRef`, at src/​lib/​media/​FocalPointPreviews.svelte:8:99) is strongly discouraged. Consider using `bind:firstPreviewRef={...}` in src/lib/media/MediaDetails.svelte (or using a callback) instead
2026-10-06T00:55:59.7280194Z https://svelte.dev/e/ownership_invalid_mutation
2026-10-06T00:55:59.7282031Z 2026-10-06T00:55:59.727Z pw:browser [pid=2863][err] [1006/005559.727747:INFO:CONSOLE:1222] "%c[svelte] ownership_invalid_mutation
2026-10-06T00:55:59.7284181Z 2026-10-06T00:55:59.727Z pw:browser [pid=2863][err] %cMutating unbound props (`firstPreviewRef`, at src/​lib/​media/​FocalPointPreviews.svelte:8:99) is strongly discouraged. Consider using `bind:firstPreviewRef={...}` in src/lib/media/MediaDetails.svelte (or using a callback) instead
2026-10-06T00:55:59.7286290Z 2026-10-06T00:55:59.727Z pw:browser [pid=2863][err] https://svelte.dev/e/ownership_invalid_mutation font-weight: bold font-weight: normal", source: http://localhost:63315/__vitest_browser__/tester-BJtsJFpD.js (1222)
2026-10-06T00:55:59.7295490Z 2026-10-06T00:55:59.729Z pw:browser [pid=2863][err] [1006/005559.729327:INFO:CONSOLE:1222] "%c[svelte] ownership_invalid_mutation
2026-10-06T00:55:59.7299853Z 2026-10-06T00:55:59.729Z pw:browser [pid=2863][err] %cMutating unbound props (`editorFrameRef`, at src/​lib/​media/​FocalPointEditor.svelte:18:32) is strongly discouraged. Consider using `bind:editorFrameRef={...}` in src/lib/media/MediaDetails.svelte (or using a callback) instead
2026-10-06T00:55:59.7301507Z 2026-10-06T00:55:59.729Z pw:browser [pid=2863][err] https://svelte.dev/e/ownership_invalid_mutation font-weight: bold font-weight: normal", source: http://localhost:63315/__vitest_browser__/tester-BJtsJFpD.js (1222)
2026-10-06T00:55:59.7302783Z [90mstderr[2m | parity/emdash/media-admin-editor/source/packages/admin/tests/components/MediaDetailPanel.test.tsx[2m > [22m[2mMediaDetailPanel[2m > [22m[2mhides crop for a provider image
2026-10-06T00:55:59.7303476Z [22m[39m[svelte] ownership_invalid_mutation
2026-10-06T00:55:59.7304875Z Mutating unbound props (`editorFrameRef`, at src/​lib/​media/​FocalPointEditor.svelte:18:32) is strongly discouraged. Consider using `bind:editorFrameRef={...}` in src/lib/media/MediaDetails.svelte (or using a callback) instead
2026-10-06T00:55:59.7305649Z https://svelte.dev/e/ownership_invalid_mutation
2026-10-06T00:55:59.7320257Z 2026-10-06T00:55:59.731Z pw:browser [pid=2863][err] [1006/005559.731845:INFO:CONSOLE:1222] "%c[svelte] ownership_invalid_mutation
2026-10-06T00:55:59.7322693Z 2026-10-06T00:55:59.731Z pw:browser [pid=2863][err] %cMutating unbound props (`editorFrameRef`, at src/​lib/​media/​FocalPointEditor.svelte:18:96) is strongly discouraged. Consider using `bind:editorFrameRef={...}` in src/lib/media/MediaDetails.svelte (or using a callback) instead
2026-10-06T00:55:59.7324997Z 2026-10-06T00:55:59.731Z pw:browser [pid=2863][err] https://svelte.dev/e/ownership_invalid_mutation font-weight: bold font-weight: normal", source: http://localhost:63315/__vitest_browser__/tester-BJtsJFpD.js (1222)
2026-10-06T00:55:59.7327526Z [90mstderr[2m | parity/emdash/media-admin-editor/source/packages/admin/tests/components/MediaDetailPanel.test.tsx[2m > [22m[2mMediaDetailPanel[2m > [22m[2muses a contextual crop footer with output and reset
2026-10-06T00:55:59.7328759Z [22m[39m[svelte] ownership_invalid_mutation
2026-10-06T00:55:59.7330413Z Mutating unbound props (`editorFrameRef`, at src/​lib/​media/​FocalPointEditor.svelte:18:96) is strongly discouraged. Consider using `bind:editorFrameRef={...}` in src/lib/media/MediaDetails.svelte (or using a callback) instead
2026-10-06T00:55:59.7331795Z https://svelte.dev/e/ownership_invalid_mutation
2026-10-06T00:55:59.7352646Z 2026-10-06T00:55:59.735Z pw:browser [pid=2863][err] [1006/005559.734909:INFO:CONSOLE:1222] "%c[svelte] ownership_invalid_mutation
2026-10-06T00:55:59.7354948Z 2026-10-06T00:55:59.735Z pw:browser [pid=2863][err] %cMutating unbound props (`editorFrameRef`, at src/​lib/​media/​FocalPointEditor.svelte:18:32) is strongly discouraged. Consider using `bind:editorFrameRef={...}` in src/lib/media/MediaDetails.svelte (or using a callback) instead
2026-10-06T00:55:59.7356578Z 2026-10-06T00:55:59.735Z pw:browser [pid=2863][err] https://svelte.dev/e/ownership_invalid_mutation font-weight: bold font-weight: normal", source: http://localhost:63315/__vitest_browser__/tester-BJtsJFpD.js (1222)
2026-10-06T00:55:59.7364238Z [90mstderr[2m | parity/emdash/media-admin-editor/source/packages/admin/tests/components/MediaDetailPanel.test.tsx[2m > [22m[2mMediaDetailPanel[2m > [22m[2muses a contextual crop footer with output and reset
2026-10-06T00:55:59.7365531Z [22m[39m[svelte] ownership_invalid_mutation
2026-10-06T00:55:59.7366779Z Mutating unbound props (`editorFrameRef`, at src/​lib/​media/​FocalPointEditor.svelte:18:32) is strongly discouraged. Consider using `bind:editorFrameRef={...}` in src/lib/media/MediaDetails.svelte (or using a callback) instead
2026-10-06T00:55:59.7367955Z https://svelte.dev/e/ownership_invalid_mutation
2026-10-06T00:55:59.7398125Z 2026-10-06T00:55:59.739Z pw:browser [pid=2863][err] [1006/005559.739494:INFO:CONSOLE:1222] "%c[svelte] ownership_invalid_mutation
2026-10-06T00:55:59.7400453Z 2026-10-06T00:55:59.739Z pw:browser [pid=2863][err] %cMutating unbound props (`editorFrameRef`, at src/​lib/​media/​FocalPointEditor.svelte:18:96) is strongly discouraged. Consider using `bind:editorFrameRef={...}` in src/lib/media/MediaDetails.svelte (or using a callback) instead
2026-10-06T00:55:59.7402787Z 2026-10-06T00:55:59.739Z pw:browser [pid=2863][err] https://svelte.dev/e/ownership_invalid_mutation font-weight: bold font-weight: normal", source: http://localhost:63315/__vitest_browser__/tester-BJtsJFpD.js (1222)
2026-10-06T00:55:59.7405004Z [90mstderr[2m | parity/emdash/media-admin-editor/source/packages/admin/tests/components/MediaDetailPanel.test.tsx[2m > [22m[2mMediaDetailPanel[2m > [22m[2muses a contextual crop footer with output and reset
2026-10-06T00:55:59.7406232Z [22m[39m[svelte] ownership_invalid_mutation
2026-10-06T00:55:59.7407824Z Mutating unbound props (`editorFrameRef`, at src/​lib/​media/​FocalPointEditor.svelte:18:96) is strongly discouraged. Consider using `bind:editorFrameRef={...}` in src/lib/media/MediaDetails.svelte (or using a callback) instead
2026-10-06T00:55:59.7409068Z https://svelte.dev/e/ownership_invalid_mutation
2026-10-06T00:55:59.8022833Z 2026-10-06T00:55:59.801Z pw:browser [pid=2863][err] [1006/005559.800820:INFO:CONSOLE:1222] "Attempted to synchronously unmount a root while React was already rendering. React cannot finish unmounting the root until the current render has completed, which may lead to a race condition.", source: http://localhost:63315/__vitest_browser__/tester-BJtsJFpD.js (1222)
2026-10-06T00:55:59.8026389Z [90mstderr[2m | parity/emdash/media-admin-editor/source/packages/admin/tests/components/MediaDetailPanel.test.tsx[2m > [22m[2mMediaDetailPanel[2m > [22m[2moffers common aspect ratios and limits replacement to the original ratio
2026-10-06T00:55:59.8028756Z [22m[39mAttempted to synchronously unmount a root while React was already rendering. React cannot finish unmounting the root until the current render has completed, which may lead to a race condition.
2026-10-06T00:55:59.8063695Z 2026-10-06T00:55:59.806Z pw:browser [pid=2863][err] [1006/005559.805947:INFO:CONSOLE:1222] "%c[svelte] ownership_invalid_mutation
2026-10-06T00:55:59.8066856Z 2026-10-06T00:55:59.806Z pw:browser [pid=2863][err] %cMutating unbound props (`editorFrameRef`, at src/​lib/​media/​FocalPointEditor.svelte:18:32) is strongly discouraged. Consider using `bind:editorFrameRef={...}` in src/lib/media/MediaDetails.svelte (or using a callback) instead
2026-10-06T00:55:59.8069267Z 2026-10-06T00:55:59.806Z pw:browser [pid=2863][err] https://svelte.dev/e/ownership_invalid_mutation font-weight: bold font-weight: normal", source: http://localhost:63315/__vitest_browser__/tester-BJtsJFpD.js (1222)
2026-10-06T00:55:59.8072124Z [90mstderr[2m | parity/emdash/media-admin-editor/source/packages/admin/tests/components/MediaDetailPanel.test.tsx[2m > [22m[2mMediaDetailPanel[2m > [22m[2moffers common aspect ratios and limits replacement to the original ratio
2026-10-06T00:55:59.8074130Z [22m[39m[svelte] ownership_invalid_mutation
2026-10-06T00:55:59.8075574Z Mutating unbound props (`editorFrameRef`, at src/​lib/​media/​FocalPointEditor.svelte:18:32) is strongly discouraged. Consider using `bind:editorFrameRef={...}` in src/lib/media/MediaDetails.svelte (or using a callback) instead
2026-10-06T00:55:59.8076393Z https://svelte.dev/e/ownership_invalid_mutation
2026-10-06T00:55:59.8097155Z 2026-10-06T00:55:59.809Z pw:browser [pid=2863][err] [1006/005559.809498:INFO:CONSOLE:1222] "%c[svelte] ownership_invalid_mutation
2026-10-06T00:55:59.8099054Z 2026-10-06T00:55:59.809Z pw:browser [pid=2863][err] %cMutating unbound props (`editorFrameRef`, at src/​lib/​media/​FocalPointEditor.svelte:18:96) is strongly discouraged. Consider using `bind:editorFrameRef={...}` in src/lib/media/MediaDetails.svelte (or using a callback) instead
2026-10-06T00:55:59.8101242Z 2026-10-06T00:55:59.809Z pw:browser [pid=2863][err] https://svelte.dev/e/ownership_invalid_mutation font-weight: bold font-weight: normal", source: http://localhost:63315/__vitest_browser__/tester-BJtsJFpD.js (1222)
2026-10-06T00:55:59.8107053Z [90mstderr[2m | parity/emdash/media-admin-editor/source/packages/admin/tests/components/MediaDetailPanel.test.tsx[2m > [22m[2mMediaDetailPanel[2m > [22m[2moffers common aspect ratios and limits replacement to the original ratio
2026-10-06T00:55:59.8108255Z [22m[39m[svelte] ownership_invalid_mutation
2026-10-06T00:55:59.8109798Z Mutating unbound props (`editorFrameRef`, at src/​lib/​media/​FocalPointEditor.svelte:18:96) is strongly discouraged. Consider using `bind:editorFrameRef={...}` in src/lib/media/MediaDetails.svelte (or using a callback) instead
2026-10-06T00:55:59.8111172Z https://svelte.dev/e/ownership_invalid_mutation
2026-10-06T00:55:59.8699995Z 2026-10-06T00:55:59.869Z pw:browser [pid=2863][err] [1006/005559.869443:INFO:CONSOLE:1222] "Attempted to synchronously unmount a root while React was already rendering. React cannot finish unmounting the root until the current render has completed, which may lead to a race condition.", source: http://localhost:63315/__vitest_browser__/tester-BJtsJFpD.js (1222)
2026-10-06T00:55:59.8705350Z [90mstderr[2m | parity/emdash/media-admin-editor/source/packages/admin/tests/components/MediaDetailPanel.test.tsx[2m > [22m[2mMediaDetailPanel[2m > [22m[2mblocks crop actions while metadata is dirty
2026-10-06T00:55:59.8707376Z [22m[39mAttempted to synchronously unmount a root while React was already rendering. React cannot finish unmounting the root until the current render has completed, which may lead to a race condition.
2026-10-06T00:55:59.8733021Z 2026-10-06T00:55:59.873Z pw:browser [pid=2863][err] [1006/005559.873016:INFO:CONSOLE:1222] "%c[svelte] ownership_invalid_mutation
2026-10-06T00:55:59.8735656Z 2026-10-06T00:55:59.873Z pw:browser [pid=2863][err] %cMutating unbound props (`editorFrameRef`, at src/​lib/​media/​FocalPointEditor.svelte:18:32) is strongly discouraged. Consider using `bind:editorFrameRef={...}` in src/lib/media/MediaDetails.svelte (or using a callback) instead
2026-10-06T00:55:59.8737281Z 2026-10-06T00:55:59.873Z pw:browser [pid=2863][err] https://svelte.dev/e/ownership_invalid_mutation font-weight: bold font-weight: normal", source: http://localhost:63315/__vitest_browser__/tester-BJtsJFpD.js (1222)
2026-10-06T00:55:59.8738691Z [90mstderr[2m | parity/emdash/media-admin-editor/source/packages/admin/tests/components/MediaDetailPanel.test.tsx[2m > [22m[2mMediaDetailPanel[2m > [22m[2mblocks crop actions while metadata is dirty
2026-10-06T00:55:59.8739417Z [22m[39m[svelte] ownership_invalid_mutation
2026-10-06T00:55:59.8740420Z Mutating unbound props (`editorFrameRef`, at src/​lib/​media/​FocalPointEditor.svelte:18:32) is strongly discouraged. Consider using `bind:editorFrameRef={...}` in src/lib/media/MediaDetails.svelte (or using a callback) instead
2026-10-06T00:55:59.8741410Z https://svelte.dev/e/ownership_invalid_mutation
2026-10-06T00:55:59.8869553Z 2026-10-06T00:55:59.886Z pw:browser [pid=2863][err] [1006/005559.886268:INFO:CONSOLE:1222] "%c[svelte] ownership_invalid_mutation
2026-10-06T00:55:59.8874586Z 2026-10-06T00:55:59.886Z pw:browser [pid=2863][err] %cMutating unbound props (`editorFrameRef`, at src/​lib/​media/​FocalPointEditor.svelte:18:96) is strongly discouraged. Consider using `bind:editorFrameRef={...}` in src/lib/media/MediaDetails.svelte (or using a callback) instead
2026-10-06T00:55:59.8876872Z 2026-10-06T00:55:59.886Z pw:browser [pid=2863][err] https://svelte.dev/e/ownership_invalid_mutation font-weight: bold font-weight: normal", source: http://localhost:63315/__vitest_browser__/tester-BJtsJFpD.js (1222)
2026-10-06T00:55:59.8878716Z [90mstderr[2m | parity/emdash/media-admin-editor/source/packages/admin/tests/components/MediaDetailPanel.test.tsx[2m > [22m[2mMediaDetailPanel[2m > [22m[2mblocks crop actions while metadata is dirty
2026-10-06T00:55:59.8879495Z [22m[39m[svelte] ownership_invalid_mutation
2026-10-06T00:55:59.8880505Z Mutating unbound props (`editorFrameRef`, at src/​lib/​media/​FocalPointEditor.svelte:18:96) is strongly discouraged. Consider using `bind:editorFrameRef={...}` in src/lib/media/MediaDetails.svelte (or using a callback) instead
2026-10-06T00:55:59.8881462Z https://svelte.dev/e/ownership_invalid_mutation
2026-10-06T00:55:59.9432058Z 2026-10-06T00:55:59.942Z pw:browser [pid=2863][err] [1006/005559.942577:INFO:CONSOLE:1222] "Attempted to synchronously unmount a root while React was already rendering. React cannot finish unmounting the root until the current render has completed, which may lead to a race condition.", source: http://localhost:63315/__vitest_browser__/tester-BJtsJFpD.js (1222)
2026-10-06T00:55:59.9438644Z [90mstderr[2m | parity/emdash/media-admin-editor/source/packages/admin/tests/components/MediaDetailPanel.test.tsx[2m > [22m[2mMediaDetailPanel[2m > [22m[2mpreserves the crop draft across Media Details tabs
2026-10-06T00:55:59.9440246Z [22m[39mAttempted to synchronously unmount a root while React was already rendering. React cannot finish unmounting the root until the current render has completed, which may lead to a race condition.
2026-10-06T00:55:59.9461128Z 2026-10-06T00:55:59.945Z pw:browser [pid=2863][err] [1006/005559.945787:INFO:CONSOLE:1222] "%c[svelte] ownership_invalid_mutation
2026-10-06T00:55:59.9462901Z 2026-10-06T00:55:59.945Z pw:browser [pid=2863][err] %cMutating unbound props (`editorFrameRef`, at src/​lib/​media/​FocalPointEditor.svelte:18:32) is strongly discouraged. Consider using `bind:editorFrameRef={...}` in src/lib/media/MediaDetails.svelte (or using a callback) instead
2026-10-06T00:55:59.9464370Z 2026-10-06T00:55:59.945Z pw:browser [pid=2863][err] https://svelte.dev/e/ownership_invalid_mutation font-weight: bold font-weight: normal", source: http://localhost:63315/__vitest_browser__/tester-BJtsJFpD.js (1222)
2026-10-06T00:55:59.9466047Z [90mstderr[2m | parity/emdash/media-admin-editor/source/packages/admin/tests/components/MediaDetailPanel.test.tsx[2m > [22m[2mMediaDetailPanel[2m > [22m[2mpreserves the crop draft across Media Details tabs
2026-10-06T00:55:59.9466794Z [22m[39m[svelte] ownership_invalid_mutation
2026-10-06T00:55:59.9467807Z Mutating unbound props (`editorFrameRef`, at src/​lib/​media/​FocalPointEditor.svelte:18:32) is strongly discouraged. Consider using `bind:editorFrameRef={...}` in src/lib/media/MediaDetails.svelte (or using a callback) instead
2026-10-06T00:55:59.9468532Z https://svelte.dev/e/ownership_invalid_mutation
2026-10-06T00:55:59.9489041Z 2026-10-06T00:55:59.948Z pw:browser [pid=2863][err] [1006/005559.948726:INFO:CONSOLE:1222] "%c[svelte] ownership_invalid_mutation
2026-10-06T00:55:59.9491705Z 2026-10-06T00:55:59.948Z pw:browser [pid=2863][err] %cMutating unbound props (`editorFrameRef`, at src/​lib/​media/​FocalPointEditor.svelte:18:96) is strongly discouraged. Consider using `bind:editorFrameRef={...}` in src/lib/media/MediaDetails.svelte (or using a callback) instead
2026-10-06T00:55:59.9494069Z 2026-10-06T00:55:59.948Z pw:browser [pid=2863][err] https://svelte.dev/e/ownership_invalid_mutation font-weight: bold font-weight: normal", source: http://localhost:63315/__vitest_browser__/tester-BJtsJFpD.js (1222)
2026-10-06T00:55:59.9498538Z [90mstderr[2m | parity/emdash/media-admin-editor/source/packages/admin/tests/components/MediaDetailPanel.test.tsx[2m > [22m[2mMediaDetailPanel[2m > [22m[2mpreserves the crop draft across Media Details tabs
2026-10-06T00:55:59.9499740Z [22m[39m[svelte] ownership_invalid_mutation
2026-10-06T00:55:59.9501564Z Mutating unbound props (`editorFrameRef`, at src/​lib/​media/​FocalPointEditor.svelte:18:96) is strongly discouraged. Consider using `bind:editorFrameRef={...}` in src/lib/media/MediaDetails.svelte (or using a callback) instead
2026-10-06T00:55:59.9502760Z https://svelte.dev/e/ownership_invalid_mutation
2026-10-06T00:56:00.0048830Z 2026-10-06T00:56:00.004Z pw:browser [pid=2863][err] [1006/005600.004511:INFO:CONSOLE:1222] "%c[svelte] ownership_invalid_mutation
2026-10-06T00:56:00.0054873Z 2026-10-06T00:56:00.004Z pw:browser [pid=2863][err] %cMutating unbound props (`editorFrameRef`, at src/​lib/​media/​FocalPointEditor.svelte:18:32) is strongly discouraged. Consider using `bind:editorFrameRef={...}` in src/lib/media/MediaDetails.svelte (or using a callback) instead
2026-10-06T00:56:00.0056360Z 2026-10-06T00:56:00.004Z pw:browser [pid=2863][err] https://svelte.dev/e/ownership_invalid_mutation font-weight: bold font-weight: normal", source: http://localhost:63315/__vitest_browser__/tester-BJtsJFpD.js (1222)
2026-10-06T00:56:00.0057743Z [90mstderr[2m | parity/emdash/media-admin-editor/source/packages/admin/tests/components/MediaDetailPanel.test.tsx[2m > [22m[2mMediaDetailPanel[2m > [22m[2mpreserves the crop draft across Media Details tabs
2026-10-06T00:56:00.0058662Z [22m[39m[svelte] ownership_invalid_mutation
2026-10-06T00:56:00.0060273Z Mutating unbound props (`editorFrameRef`, at src/​lib/​media/​FocalPointEditor.svelte:18:32) is strongly discouraged. Consider using `bind:editorFrameRef={...}` in src/lib/media/MediaDetails.svelte (or using a callback) instead
2026-10-06T00:56:00.0061642Z https://svelte.dev/e/ownership_invalid_mutation
2026-10-06T00:56:00.0066462Z 2026-10-06T00:56:00.006Z pw:browser [pid=2863][err] [1006/005600.006436:INFO:CONSOLE:1222] "%c[svelte] ownership_invalid_mutation
2026-10-06T00:56:00.0068916Z 2026-10-06T00:56:00.006Z pw:browser [pid=2863][err] %cMutating unbound props (`editorFrameRef`, at src/​lib/​media/​FocalPointEditor.svelte:18:96) is strongly discouraged. Consider using `bind:editorFrameRef={...}` in src/lib/media/MediaDetails.svelte (or using a callback) instead
2026-10-06T00:56:00.0071938Z 2026-10-06T00:56:00.006Z pw:browser [pid=2863][err] https://svelte.dev/e/ownership_invalid_mutation font-weight: bold font-weight: normal", source: http://localhost:63315/__vitest_browser__/tester-BJtsJFpD.js (1222)
2026-10-06T00:56:00.0074944Z [90mstderr[2m | parity/emdash/media-admin-editor/source/packages/admin/tests/components/MediaDetailPanel.test.tsx[2m > [22m[2mMediaDetailPanel[2m > [22m[2mpreserves the crop draft across Media Details tabs
2026-10-06T00:56:00.0076332Z [22m[39m[svelte] ownership_invalid_mutation
2026-10-06T00:56:00.0077945Z Mutating unbound props (`editorFrameRef`, at src/​lib/​media/​FocalPointEditor.svelte:18:96) is strongly discouraged. Consider using `bind:editorFrameRef={...}` in src/lib/media/MediaDetails.svelte (or using a callback) instead
2026-10-06T00:56:00.0079421Z https://svelte.dev/e/ownership_invalid_mutation
2026-10-06T00:56:00.0100468Z 2026-10-06T00:56:00.009Z pw:browser [pid=2863][err] [1006/005600.009737:INFO:CONSOLE:1222] "Attempted to synchronously unmount a root while React was already rendering. React cannot finish unmounting the root until the current render has completed, which may lead to a race condition.", source: http://localhost:63315/__vitest_browser__/tester-BJtsJFpD.js (1222)
2026-10-06T00:56:00.0109110Z [90mstderr[2m | parity/emdash/media-admin-editor/source/packages/admin/tests/components/MediaDetailPanel.test.tsx[2m > [22m[2mMediaDetailPanel[2m > [22m[2mpreserves crop and focal-point positions while switching edit modes
2026-10-06T00:56:00.0112004Z [22m[39mAttempted to synchronously unmount a root while React was already rendering. React cannot finish unmounting the root until the current render has completed, which may lead to a race condition.
2026-10-06T00:56:00.0113253Z 2026-10-06T00:56:00.010Z pw:browser [pid=2863][err] [1006/005600.010495:INFO:CONSOLE:1222] "%c[svelte] derived_inert
2026-10-06T00:56:00.0113950Z 2026-10-06T00:56:00.010Z pw:browser [pid=2863][err] %cReading a derived belonging to a now-destroyed effect may result in stale values
2026-10-06T00:56:00.0114914Z 2026-10-06T00:56:00.010Z pw:browser [pid=2863][err] https://svelte.dev/e/derived_inert font-weight: bold font-weight: normal", source: http://localhost:63315/__vitest_browser__/tester-BJtsJFpD.js (1222)
2026-10-06T00:56:00.0116302Z [90mstderr[2m | parity/emdash/media-admin-editor/source/packages/admin/tests/components/MediaDetailPanel.test.tsx[2m > [22m[2mMediaDetailPanel[2m > [22m[2mpreserves crop and focal-point positions while switching edit modes
2026-10-06T00:56:00.0117403Z [22m[39m[svelte] derived_inert
2026-10-06T00:56:00.0117782Z Reading a derived belonging to a now-destroyed effect may result in stale values
2026-10-06T00:56:00.0118141Z https://svelte.dev/e/derived_inert
2026-10-06T00:56:00.0133291Z 2026-10-06T00:56:00.013Z pw:browser [pid=2863][err] [1006/005600.013093:INFO:CONSOLE:1222] "%c[svelte] ownership_invalid_mutation
2026-10-06T00:56:00.0135229Z 2026-10-06T00:56:00.013Z pw:browser [pid=2863][err] %cMutating unbound props (`editorFrameRef`, at src/​lib/​media/​FocalPointEditor.svelte:18:32) is strongly discouraged. Consider using `bind:editorFrameRef={...}` in src/lib/media/MediaDetails.svelte (or using a callback) instead
2026-10-06T00:56:00.0136669Z 2026-10-06T00:56:00.013Z pw:browser [pid=2863][err] https://svelte.dev/e/ownership_invalid_mutation font-weight: bold font-weight: normal", source: http://localhost:63315/__vitest_browser__/tester-BJtsJFpD.js (1222)
2026-10-06T00:56:00.0148029Z [90mstderr[2m | parity/emdash/media-admin-editor/source/packages/admin/tests/components/MediaDetailPanel.test.tsx[2m > [22m[2mMediaDetailPanel[2m > [22m[2mpreserves crop and focal-point positions while switching edit modes
2026-10-06T00:56:00.0149033Z [22m[39m[svelte] ownership_invalid_mutation
2026-10-06T00:56:00.0151734Z Mutating unbound props (`editorFrameRef`, at src/​lib/​media/​FocalPointEditor.svelte:18:32) is strongly discouraged. Consider using `bind:editorFrameRef={...}` in src/lib/media/MediaDetails.svelte (or using a callback) instead
2026-10-06T00:56:00.0152901Z https://svelte.dev/e/ownership_invalid_mutation
2026-10-06T00:56:00.0165478Z 2026-10-06T00:56:00.016Z pw:browser [pid=2863][err] [1006/005600.016325:INFO:CONSOLE:1222] "%c[svelte] ownership_invalid_mutation
2026-10-06T00:56:00.0168437Z 2026-10-06T00:56:00.016Z pw:browser [pid=2863][err] %cMutating unbound props (`editorFrameRef`, at src/​lib/​media/​FocalPointEditor.svelte:18:96) is strongly discouraged. Consider using `bind:editorFrameRef={...}` in src/lib/media/MediaDetails.svelte (or using a callback) instead
2026-10-06T00:56:00.0174550Z 2026-10-06T00:56:00.016Z pw:browser [pid=2863][err] https://svelte.dev/e/ownership_invalid_mutation font-weight: bold font-weight: normal", source: http://localhost:63315/__vitest_browser__/tester-BJtsJFpD.js (1222)
2026-10-06T00:56:00.0176838Z [90mstderr[2m | parity/emdash/media-admin-editor/source/packages/admin/tests/components/MediaDetailPanel.test.tsx[2m > [22m[2mMediaDetailPanel[2m > [22m[2mpreserves crop and focal-point positions while switching edit modes
2026-10-06T00:56:00.0178152Z [22m[39m[svelte] ownership_invalid_mutation
2026-10-06T00:56:00.0179754Z Mutating unbound props (`editorFrameRef`, at src/​lib/​media/​FocalPointEditor.svelte:18:96) is strongly discouraged. Consider using `bind:editorFrameRef={...}` in src/lib/media/MediaDetails.svelte (or using a callback) instead
2026-10-06T00:56:00.0181130Z https://svelte.dev/e/ownership_invalid_mutation
2026-10-06T00:56:00.0734030Z 2026-10-06T00:56:00.073Z pw:browser [pid=2863][err] [1006/005600.072889:INFO:CONSOLE:1222] "%c[svelte] ownership_invalid_mutation
2026-10-06T00:56:00.0736540Z 2026-10-06T00:56:00.073Z pw:browser [pid=2863][err] %cMutating unbound props (`editorFrameRef`, at src/​lib/​media/​FocalPointEditor.svelte:18:32) is strongly discouraged. Consider using `bind:editorFrameRef={...}` in src/lib/media/MediaDetails.svelte (or using a callback) instead
2026-10-06T00:56:00.0738771Z 2026-10-06T00:56:00.073Z pw:browser [pid=2863][err] https://svelte.dev/e/ownership_invalid_mutation font-weight: bold font-weight: normal", source: http://localhost:63315/__vitest_browser__/tester-BJtsJFpD.js (1222)
2026-10-06T00:56:00.0740302Z 2026-10-06T00:56:00.073Z pw:browser [pid=2863][err] [1006/005600.073164:INFO:CONSOLE:1222] "%c[svelte] ownership_invalid_mutation
2026-10-06T00:56:00.0742874Z 2026-10-06T00:56:00.073Z pw:browser [pid=2863][err] %cMutating unbound props (`firstPreviewRef`, at src/​lib/​media/​FocalPointPreviews.svelte:8:33) is strongly discouraged. Consider using `bind:firstPreviewRef={...}` in src/lib/media/MediaDetails.svelte (or using a callback) instead
2026-10-06T00:56:00.0745091Z 2026-10-06T00:56:00.073Z pw:browser [pid=2863][err] https://svelte.dev/e/ownership_invalid_mutation font-weight: bold font-weight: normal", source: http://localhost:63315/__vitest_browser__/tester-BJtsJFpD.js (1222)
2026-10-06T00:56:00.0747440Z [90mstderr[2m | parity/emdash/media-admin-editor/source/packages/admin/tests/components/MediaDetailPanel.test.tsx[2m > [22m[2mMediaDetailPanel[2m > [22m[2mpreserves crop and focal-point positions while switching edit modes
2026-10-06T00:56:00.0748664Z [22m[39m[svelte] ownership_invalid_mutation
2026-10-06T00:56:00.0750109Z Mutating unbound props (`editorFrameRef`, at src/​lib/​media/​FocalPointEditor.svelte:18:32) is strongly discouraged. Consider using `bind:editorFrameRef={...}` in src/lib/media/MediaDetails.svelte (or using a callback) instead
2026-10-06T00:56:00.0751082Z https://svelte.dev/e/ownership_invalid_mutation
2026-10-06T00:56:00.0752122Z [90mstderr[2m | parity/emdash/media-admin-editor/source/packages/admin/tests/components/MediaDetailPanel.test.tsx[2m > [22m[2mMediaDetailPanel[2m > [22m[2mpreserves crop and focal-point positions while switching edit modes
2026-10-06T00:56:00.0752901Z [22m[39m[svelte] ownership_invalid_mutation
2026-10-06T00:56:00.0753900Z Mutating unbound props (`firstPreviewRef`, at src/​lib/​media/​FocalPointPreviews.svelte:8:33) is strongly discouraged. Consider using `bind:firstPreviewRef={...}` in src/lib/media/MediaDetails.svelte (or using a callback) instead
2026-10-06T00:56:00.0754636Z https://svelte.dev/e/ownership_invalid_mutation
2026-10-06T00:56:00.1358310Z 2026-10-06T00:56:00.135Z pw:browser [pid=2863][err] [1006/005600.135159:INFO:CONSOLE:1222] "%c[svelte] ownership_invalid_mutation
2026-10-06T00:56:00.1365254Z 2026-10-06T00:56:00.135Z pw:browser [pid=2863][err] %cMutating unbound props (`editorFrameRef`, at src/​lib/​media/​FocalPointEditor.svelte:18:96) is strongly discouraged. Consider using `bind:editorFrameRef={...}` in src/lib/media/MediaDetails.svelte (or using a callback) instead
2026-10-06T00:56:00.1367819Z 2026-10-06T00:56:00.135Z pw:browser [pid=2863][err] https://svelte.dev/e/ownership_invalid_mutation font-weight: bold font-weight: normal", source: http://localhost:63315/__vitest_browser__/tester-BJtsJFpD.js (1222)
2026-10-06T00:56:00.1370242Z [90mstderr[2m | parity/emdash/media-admin-editor/source/packages/admin/tests/components/MediaDetailPanel.test.tsx[2m > [22m[2mMediaDetailPanel[2m > [22m[2mpreserves crop and focal-point positions while switching edit modes
2026-10-06T00:56:00.1371934Z [22m[39m[svelte] ownership_invalid_mutation
2026-10-06T00:56:00.1373639Z Mutating unbound props (`editorFrameRef`, at src/​lib/​media/​FocalPointEditor.svelte:18:96) is strongly discouraged. Consider using `bind:editorFrameRef={...}` in src/lib/media/MediaDetails.svelte (or using a callback) instead
2026-10-06T00:56:00.1375277Z https://svelte.dev/e/ownership_invalid_mutation
2026-10-06T00:56:00.1377150Z [90mstderr[2m | parity/emdash/media-admin-editor/source/packages/admin/tests/components/MediaDetailPanel.test.tsx[2m > [22m[2mMediaDetailPanel[2m > [22m[2mpreserves crop and focal-point positions while switching edit modes
2026-10-06T00:56:00.1378558Z [22m[39m[svelte] ownership_invalid_mutation
2026-10-06T00:56:00.1380393Z Mutating unbound props (`firstPreviewRef`, at src/​lib/​media/​FocalPointPreviews.svelte:8:99) is strongly discouraged. Consider using `bind:firstPreviewRef={...}` in src/lib/media/MediaDetails.svelte (or using a callback) instead
2026-10-06T00:56:00.1381998Z https://svelte.dev/e/ownership_invalid_mutation
2026-10-06T00:56:00.1383050Z 2026-10-06T00:56:00.136Z pw:browser [pid=2863][err] [1006/005600.136103:INFO:CONSOLE:1222] "%c[svelte] ownership_invalid_mutation
2026-10-06T00:56:00.1385588Z 2026-10-06T00:56:00.136Z pw:browser [pid=2863][err] %cMutating unbound props (`firstPreviewRef`, at src/​lib/​media/​FocalPointPreviews.svelte:8:99) is strongly discouraged. Consider using `bind:firstPreviewRef={...}` in src/lib/media/MediaDetails.svelte (or using a callback) instead
2026-10-06T00:56:00.1388117Z 2026-10-06T00:56:00.136Z pw:browser [pid=2863][err] https://svelte.dev/e/ownership_invalid_mutation font-weight: bold font-weight: normal", source: http://localhost:63315/__vitest_browser__/tester-BJtsJFpD.js (1222)
2026-10-06T00:56:00.1405473Z 2026-10-06T00:56:00.140Z pw:browser [pid=2863][err] [1006/005600.140306:INFO:CONSOLE:1222] "%c[svelte] ownership_invalid_mutation
2026-10-06T00:56:00.1407935Z 2026-10-06T00:56:00.140Z pw:browser [pid=2863][err] %cMutating unbound props (`editorFrameRef`, at src/​lib/​media/​FocalPointEditor.svelte:18:32) is strongly discouraged. Consider using `bind:editorFrameRef={...}` in src/lib/media/MediaDetails.svelte (or using a callback) instead
2026-10-06T00:56:00.1410463Z 2026-10-06T00:56:00.140Z pw:browser [pid=2863][err] https://svelte.dev/e/ownership_invalid_mutation font-weight: bold font-weight: normal", source: http://localhost:63315/__vitest_browser__/tester-BJtsJFpD.js (1222)
2026-10-06T00:56:00.1413275Z [90mstderr[2m | parity/emdash/media-admin-editor/source/packages/admin/tests/components/MediaDetailPanel.test.tsx[2m > [22m[2mMediaDetailPanel[2m > [22m[2mpreserves crop and focal-point positions while switching edit modes
2026-10-06T00:56:00.1414694Z [22m[39m[svelte] ownership_invalid_mutation
2026-10-06T00:56:00.1416400Z Mutating unbound props (`editorFrameRef`, at src/​lib/​media/​FocalPointEditor.svelte:18:32) is strongly discouraged. Consider using `bind:editorFrameRef={...}` in src/lib/media/MediaDetails.svelte (or using a callback) instead
2026-10-06T00:56:00.1417757Z https://svelte.dev/e/ownership_invalid_mutation
2026-10-06T00:56:00.1419733Z [90mstderr[2m | parity/emdash/media-admin-editor/source/packages/admin/tests/components/MediaDetailPanel.test.tsx[2m > [22m[2mMediaDetailPanel[2m > [22m[2mpreserves crop and focal-point positions while switching edit modes
2026-10-06T00:56:00.1421297Z [22m[39m[svelte] ownership_invalid_mutation
2026-10-06T00:56:00.1423094Z Mutating unbound props (`firstPreviewRef`, at src/​lib/​media/​FocalPointPreviews.svelte:8:33) is strongly discouraged. Consider using `bind:firstPreviewRef={...}` in src/lib/media/MediaDetails.svelte (or using a callback) instead
2026-10-06T00:56:00.1428792Z https://svelte.dev/e/ownership_invalid_mutation
2026-10-06T00:56:00.1429842Z 2026-10-06T00:56:00.141Z pw:browser [pid=2863][err] [1006/005600.140927:INFO:CONSOLE:1222] "%c[svelte] ownership_invalid_mutation
2026-10-06T00:56:00.1432379Z 2026-10-06T00:56:00.141Z pw:browser [pid=2863][err] %cMutating unbound props (`firstPreviewRef`, at src/​lib/​media/​FocalPointPreviews.svelte:8:33) is strongly discouraged. Consider using `bind:firstPreviewRef={...}` in src/lib/media/MediaDetails.svelte (or using a callback) instead
2026-10-06T00:56:00.1434812Z 2026-10-06T00:56:00.141Z pw:browser [pid=2863][err] https://svelte.dev/e/ownership_invalid_mutation font-weight: bold font-weight: normal", source: http://localhost:63315/__vitest_browser__/tester-BJtsJFpD.js (1222)
2026-10-06T00:56:00.1436669Z 2026-10-06T00:56:00.142Z pw:browser [pid=2863][err] [1006/005600.142114:INFO:CONSOLE:1222] "%c[svelte] ownership_invalid_mutation
2026-10-06T00:56:00.1438923Z 2026-10-06T00:56:00.142Z pw:browser [pid=2863][err] %cMutating unbound props (`editorFrameRef`, at src/​lib/​media/​FocalPointEditor.svelte:18:96) is strongly discouraged. Consider using `bind:editorFrameRef={...}` in src/lib/media/MediaDetails.svelte (or using a callback) instead
2026-10-06T00:56:00.1441526Z 2026-10-06T00:56:00.142Z pw:browser [pid=2863][err] https://svelte.dev/e/ownership_invalid_mutation font-weight: bold font-weight: normal", source: http://localhost:63315/__vitest_browser__/tester-BJtsJFpD.js (1222)
2026-10-06T00:56:00.1443231Z 2026-10-06T00:56:00.142Z pw:browser [pid=2863][err] [1006/005600.142585:INFO:CONSOLE:1222] "%c[svelte] ownership_invalid_mutation
2026-10-06T00:56:00.1445645Z 2026-10-06T00:56:00.142Z pw:browser [pid=2863][err] %cMutating unbound props (`firstPreviewRef`, at src/​lib/​media/​FocalPointPreviews.svelte:8:99) is strongly discouraged. Consider using `bind:firstPreviewRef={...}` in src/lib/media/MediaDetails.svelte (or using a callback) instead
2026-10-06T00:56:00.1448115Z 2026-10-06T00:56:00.142Z pw:browser [pid=2863][err] https://svelte.dev/e/ownership_invalid_mutation font-weight: bold font-weight: normal", source: http://localhost:63315/__vitest_browser__/tester-BJtsJFpD.js (1222)
2026-10-06T00:56:00.1449760Z 2026-10-06T00:56:00.143Z pw:browser [pid=2863][err] [1006/005600.143330:INFO:CONSOLE:1222] "%c[svelte] derived_inert
2026-10-06T00:56:00.1451222Z 2026-10-06T00:56:00.143Z pw:browser [pid=2863][err] %cReading a derived belonging to a now-destroyed effect may result in stale values
2026-10-06T00:56:00.1452882Z 2026-10-06T00:56:00.143Z pw:browser [pid=2863][err] https://svelte.dev/e/derived_inert font-weight: bold font-weight: normal", source: http://localhost:63315/__vitest_browser__/tester-BJtsJFpD.js (1222)
2026-10-06T00:56:00.1455242Z [90mstderr[2m | parity/emdash/media-admin-editor/source/packages/admin/tests/components/MediaDetailPanel.test.tsx[2m > [22m[2mMediaDetailPanel[2m > [22m[2mkeeps the loaded focal-point image stable when returning to Details
2026-10-06T00:56:00.1456790Z [22m[39m[svelte] ownership_invalid_mutation
2026-10-06T00:56:00.1458570Z Mutating unbound props (`editorFrameRef`, at src/​lib/​media/​FocalPointEditor.svelte:18:96) is strongly discouraged. Consider using `bind:editorFrameRef={...}` in src/lib/media/MediaDetails.svelte (or using a callback) instead
2026-10-06T00:56:00.1460032Z https://svelte.dev/e/ownership_invalid_mutation
2026-10-06T00:56:00.1462259Z [90mstderr[2m | parity/emdash/media-admin-editor/source/packages/admin/tests/components/MediaDetailPanel.test.tsx[2m > [22m[2mMediaDetailPanel[2m > [22m[2mkeeps the loaded focal-point image stable when returning to Details
2026-10-06T00:56:00.1463844Z [22m[39m[svelte] ownership_invalid_mutation
2026-10-06T00:56:00.1465543Z Mutating unbound props (`firstPreviewRef`, at src/​lib/​media/​FocalPointPreviews.svelte:8:99) is strongly discouraged. Consider using `bind:firstPreviewRef={...}` in src/lib/media/MediaDetails.svelte (or using a callback) instead
2026-10-06T00:56:00.1467031Z https://svelte.dev/e/ownership_invalid_mutation
2026-10-06T00:56:00.1469057Z [90mstderr[2m | parity/emdash/media-admin-editor/source/packages/admin/tests/components/MediaDetailPanel.test.tsx[2m > [22m[2mMediaDetailPanel[2m > [22m[2mkeeps the loaded focal-point image stable when returning to Details
2026-10-06T00:56:00.1470024Z [22m[39m[svelte] derived_inert
2026-10-06T00:56:00.1470406Z Reading a derived belonging to a now-destroyed effect may result in stale values
2026-10-06T00:56:00.1470964Z https://svelte.dev/e/derived_inert
2026-10-06T00:56:00.1471511Z 2026-10-06T00:56:00.146Z pw:browser [pid=2863][err] [1006/005600.146291:INFO:CONSOLE:1222] "%c[svelte] ownership_invalid_mutation
2026-10-06T00:56:00.1473083Z 2026-10-06T00:56:00.146Z pw:browser [pid=2863][err] %cMutating unbound props (`editorFrameRef`, at src/​lib/​media/​FocalPointEditor.svelte:18:32) is strongly discouraged. Consider using `bind:editorFrameRef={...}` in src/lib/media/MediaDetails.svelte (or using a callback) instead
2026-10-06T00:56:00.1474507Z 2026-10-06T00:56:00.146Z pw:browser [pid=2863][err] https://svelte.dev/e/ownership_invalid_mutation font-weight: bold font-weight: normal", source: http://localhost:63315/__vitest_browser__/tester-BJtsJFpD.js (1222)
2026-10-06T00:56:00.1476205Z [90mstderr[2m | parity/emdash/media-admin-editor/source/packages/admin/tests/components/MediaDetailPanel.test.tsx[2m > [22m[2mMediaDetailPanel[2m > [22m[2mkeeps the loaded focal-point image stable when returning to Details
2026-10-06T00:56:00.1476971Z [22m[39m[svelte] ownership_invalid_mutation
2026-10-06T00:56:00.1477968Z Mutating unbound props (`editorFrameRef`, at src/​lib/​media/​FocalPointEditor.svelte:18:32) is strongly discouraged. Consider using `bind:editorFrameRef={...}` in src/lib/media/MediaDetails.svelte (or using a callback) instead
2026-10-06T00:56:00.1478697Z https://svelte.dev/e/ownership_invalid_mutation
2026-10-06T00:56:00.1495808Z 2026-10-06T00:56:00.149Z pw:browser [pid=2863][err] [1006/005600.149325:INFO:CONSOLE:1222] "%c[svelte] ownership_invalid_mutation
2026-10-06T00:56:00.1497826Z 2026-10-06T00:56:00.149Z pw:browser [pid=2863][err] %cMutating unbound props (`editorFrameRef`, at src/​lib/​media/​FocalPointEditor.svelte:18:96) is strongly discouraged. Consider using `bind:editorFrameRef={...}` in src/lib/media/MediaDetails.svelte (or using a callback) instead
2026-10-06T00:56:00.1499896Z 2026-10-06T00:56:00.149Z pw:browser [pid=2863][err] https://svelte.dev/e/ownership_invalid_mutation font-weight: bold font-weight: normal", source: http://localhost:63315/__vitest_browser__/tester-BJtsJFpD.js (1222)
2026-10-06T00:56:00.1501516Z [90mstderr[2m | parity/emdash/media-admin-editor/source/packages/admin/tests/components/MediaDetailPanel.test.tsx[2m > [22m[2mMediaDetailPanel[2m > [22m[2mkeeps the loaded focal-point image stable when returning to Details
2026-10-06T00:56:00.1502338Z [22m[39m[svelte] ownership_invalid_mutation
2026-10-06T00:56:00.1503331Z Mutating unbound props (`editorFrameRef`, at src/​lib/​media/​FocalPointEditor.svelte:18:96) is strongly discouraged. Consider using `bind:editorFrameRef={...}` in src/lib/media/MediaDetails.svelte (or using a callback) instead
2026-10-06T00:56:00.1504059Z https://svelte.dev/e/ownership_invalid_mutation
2026-10-06T00:56:00.1523001Z 2026-10-06T00:56:00.152Z pw:browser [pid=2863][err] [1006/005600.151980:INFO:CONSOLE:1222] "%c[svelte] ownership_invalid_mutation
2026-10-06T00:56:00.1525523Z 2026-10-06T00:56:00.152Z pw:browser [pid=2863][err] %cMutating unbound props (`editorFrameRef`, at src/​lib/​media/​FocalPointEditor.svelte:18:32) is strongly discouraged. Consider using `bind:editorFrameRef={...}` in src/lib/media/MediaDetails.svelte (or using a callback) instead
2026-10-06T00:56:00.1527725Z 2026-10-06T00:56:00.152Z pw:browser [pid=2863][err] https://svelte.dev/e/ownership_invalid_mutation font-weight: bold font-weight: normal", source: http://localhost:63315/__vitest_browser__/tester-BJtsJFpD.js (1222)
2026-10-06T00:56:00.1530005Z [90mstderr[2m | parity/emdash/media-admin-editor/source/packages/admin/tests/components/MediaDetailPanel.test.tsx[2m > [22m[2mMediaDetailPanel[2m > [22m[2mkeeps the loaded focal-point image stable when returning to Details
2026-10-06T00:56:00.1531502Z [22m[39m[svelte] ownership_invalid_mutation
2026-10-06T00:56:00.1533188Z Mutating unbound props (`editorFrameRef`, at src/​lib/​media/​FocalPointEditor.svelte:18:32) is strongly discouraged. Consider using `bind:editorFrameRef={...}` in src/lib/media/MediaDetails.svelte (or using a callback) instead
2026-10-06T00:56:00.1534427Z https://svelte.dev/e/ownership_invalid_mutation
2026-10-06T00:56:00.1535303Z 2026-10-06T00:56:00.152Z pw:browser [pid=2863][err] [1006/005600.152463:INFO:CONSOLE:1222] "%c[svelte] ownership_invalid_mutation
2026-10-06T00:56:00.1537785Z 2026-10-06T00:56:00.152Z pw:browser [pid=2863][err] %cMutating unbound props (`firstPreviewRef`, at src/​lib/​media/​FocalPointPreviews.svelte:8:33) is strongly discouraged. Consider using `bind:firstPreviewRef={...}` in src/lib/media/MediaDetails.svelte (or using a callback) instead
2026-10-06T00:56:00.1540019Z 2026-10-06T00:56:00.152Z pw:browser [pid=2863][err] https://svelte.dev/e/ownership_invalid_mutation font-weight: bold font-weight: normal", source: http://localhost:63315/__vitest_browser__/tester-BJtsJFpD.js (1222)
2026-10-06T00:56:00.1541691Z 2026-10-06T00:56:00.153Z pw:browser [pid=2863][err] [1006/005600.153727:INFO:CONSOLE:1222] "%c[svelte] ownership_invalid_mutation
2026-10-06T00:56:00.1543933Z 2026-10-06T00:56:00.153Z pw:browser [pid=2863][err] %cMutating unbound props (`firstPreviewRef`, at src/​lib/​media/​FocalPointPreviews.svelte:8:99) is strongly discouraged. Consider using `bind:firstPreviewRef={...}` in src/lib/media/MediaDetails.svelte (or using a callback) instead
2026-10-06T00:56:00.1546216Z 2026-10-06T00:56:00.153Z pw:browser [pid=2863][err] https://svelte.dev/e/ownership_invalid_mutation font-weight: bold font-weight: normal", source: http://localhost:63315/__vitest_browser__/tester-BJtsJFpD.js (1222)
2026-10-06T00:56:00.1554367Z [90mstderr[2m | parity/emdash/media-admin-editor/source/packages/admin/tests/components/MediaDetailPanel.test.tsx[2m > [22m[2mMediaDetailPanel[2m > [22m[2mkeeps the loaded focal-point image stable when returning to Details
2026-10-06T00:56:00.1555888Z [22m[39m[svelte] ownership_invalid_mutation
2026-10-06T00:56:00.1558639Z Mutating unbound props (`firstPreviewRef`, at src/​lib/​media/​FocalPointPreviews.svelte:8:33) is strongly discouraged. Consider using `bind:firstPreviewRef={...}` in src/lib/media/MediaDetails.svelte (or using a callback) instead
2026-10-06T00:56:00.1560647Z https://svelte.dev/e/ownership_invalid_mutation
2026-10-06T00:56:00.1562803Z [90mstderr[2m | parity/emdash/media-admin-editor/source/packages/admin/tests/components/MediaDetailPanel.test.tsx[2m > [22m[2mMediaDetailPanel[2m > [22m[2mkeeps the loaded focal-point image stable when returning to Details
2026-10-06T00:56:00.1565155Z [22m[39m[svelte] ownership_invalid_mutation
2026-10-06T00:56:00.1566895Z Mutating unbound props (`firstPreviewRef`, at src/​lib/​media/​FocalPointPreviews.svelte:8:99) is strongly discouraged. Consider using `bind:firstPreviewRef={...}` in src/lib/media/MediaDetails.svelte (or using a callback) instead
2026-10-06T00:56:00.1568153Z https://svelte.dev/e/ownership_invalid_mutation
2026-10-06T00:56:00.1569167Z 2026-10-06T00:56:00.156Z pw:browser [pid=2863][err] [1006/005600.156021:INFO:CONSOLE:1222] "%c[svelte] ownership_invalid_mutation
2026-10-06T00:56:00.1571647Z 2026-10-06T00:56:00.156Z pw:browser [pid=2863][err] %cMutating unbound props (`editorFrameRef`, at src/​lib/​media/​FocalPointEditor.svelte:18:96) is strongly discouraged. Consider using `bind:editorFrameRef={...}` in src/lib/media/MediaDetails.svelte (or using a callback) instead
2026-10-06T00:56:00.1573973Z 2026-10-06T00:56:00.156Z pw:browser [pid=2863][err] https://svelte.dev/e/ownership_invalid_mutation font-weight: bold font-weight: normal", source: http://localhost:63315/__vitest_browser__/tester-BJtsJFpD.js (1222)
2026-10-06T00:56:00.1576439Z [90mstderr[2m | parity/emdash/media-admin-editor/source/packages/admin/tests/components/MediaDetailPanel.test.tsx[2m > [22m[2mMediaDetailPanel[2m > [22m[2mcreates a distinct cropped copy and closes the source dialog after success
2026-10-06T00:56:00.1577928Z [22m[39m[svelte] ownership_invalid_mutation
2026-10-06T00:56:00.1579726Z Mutating unbound props (`editorFrameRef`, at src/​lib/​media/​FocalPointEditor.svelte:18:96) is strongly discouraged. Consider using `bind:editorFrameRef={...}` in src/lib/media/MediaDetails.svelte (or using a callback) instead
2026-10-06T00:56:00.1581243Z https://svelte.dev/e/ownership_invalid_mutation
2026-10-06T00:56:00.1582540Z 2026-10-06T00:56:00.157Z pw:browser [pid=2863][err] [1006/005600.156952:INFO:CONSOLE:1222] "%c[svelte] derived_inert
2026-10-06T00:56:00.1583746Z 2026-10-06T00:56:00.157Z pw:browser [pid=2863][err] %cReading a derived belonging to a now-destroyed effect may result in stale values
2026-10-06T00:56:00.1585417Z 2026-10-06T00:56:00.157Z pw:browser [pid=2863][err] https://svelte.dev/e/derived_inert font-weight: bold font-weight: normal", source: http://localhost:63315/__vitest_browser__/tester-BJtsJFpD.js (1222)
2026-10-06T00:56:00.1587767Z [90mstderr[2m | parity/emdash/media-admin-editor/source/packages/admin/tests/components/MediaDetailPanel.test.tsx[2m > [22m[2mMediaDetailPanel[2m > [22m[2mcreates a distinct cropped copy and closes the source dialog after success
2026-10-06T00:56:00.1589123Z [22m[39m[svelte] derived_inert
2026-10-06T00:56:00.1589849Z Reading a derived belonging to a now-destroyed effect may result in stale values
2026-10-06T00:56:00.1590597Z https://svelte.dev/e/derived_inert
2026-10-06T00:56:00.1599839Z 2026-10-06T00:56:00.159Z pw:browser [pid=2863][err] [1006/005600.159795:INFO:CONSOLE:1222] "%c[svelte] ownership_invalid_mutation
2026-10-06T00:56:00.1602560Z 2026-10-06T00:56:00.159Z pw:browser [pid=2863][err] %cMutating unbound props (`editorFrameRef`, at src/​lib/​media/​FocalPointEditor.svelte:18:32) is strongly discouraged. Consider using `bind:editorFrameRef={...}` in src/lib/media/MediaDetails.svelte (or using a callback) instead
2026-10-06T00:56:00.1604688Z 2026-10-06T00:56:00.159Z pw:browser [pid=2863][err] https://svelte.dev/e/ownership_invalid_mutation font-weight: bold font-weight: normal", source: http://localhost:63315/__vitest_browser__/tester-BJtsJFpD.js (1222)
2026-10-06T00:56:00.1606731Z [90mstderr[2m | parity/emdash/media-admin-editor/source/packages/admin/tests/components/MediaDetailPanel.test.tsx[2m > [22m[2mMediaDetailPanel[2m > [22m[2mcreates a distinct cropped copy and closes the source dialog after success
2026-10-06T00:56:00.1607544Z [22m[39m[svelte] ownership_invalid_mutation
2026-10-06T00:56:00.1608539Z Mutating unbound props (`editorFrameRef`, at src/​lib/​media/​FocalPointEditor.svelte:18:32) is strongly discouraged. Consider using `bind:editorFrameRef={...}` in src/lib/media/MediaDetails.svelte (or using a callback) instead
2026-10-06T00:56:00.1609610Z https://svelte.dev/e/ownership_invalid_mutation
2026-10-06T00:56:00.1632053Z 2026-10-06T00:56:00.163Z pw:browser [pid=2863][err] [1006/005600.162951:INFO:CONSOLE:1222] "%c[svelte] ownership_invalid_mutation
2026-10-06T00:56:00.1634308Z 2026-10-06T00:56:00.163Z pw:browser [pid=2863][err] %cMutating unbound props (`editorFrameRef`, at src/​lib/​media/​FocalPointEditor.svelte:18:96) is strongly discouraged. Consider using `bind:editorFrameRef={...}` in src/lib/media/MediaDetails.svelte (or using a callback) instead
2026-10-06T00:56:00.1636310Z 2026-10-06T00:56:00.163Z pw:browser [pid=2863][err] https://svelte.dev/e/ownership_invalid_mutation font-weight: bold font-weight: normal", source: http://localhost:63315/__vitest_browser__/tester-BJtsJFpD.js (1222)
2026-10-06T00:56:00.1637814Z [90mstderr[2m | parity/emdash/media-admin-editor/source/packages/admin/tests/components/MediaDetailPanel.test.tsx[2m > [22m[2mMediaDetailPanel[2m > [22m[2mcreates a distinct cropped copy and closes the source dialog after success
2026-10-06T00:56:00.1638597Z [22m[39m[svelte] ownership_invalid_mutation
2026-10-06T00:56:00.1639597Z Mutating unbound props (`editorFrameRef`, at src/​lib/​media/​FocalPointEditor.svelte:18:96) is strongly discouraged. Consider using `bind:editorFrameRef={...}` in src/lib/media/MediaDetails.svelte (or using a callback) instead
2026-10-06T00:56:00.1640369Z https://svelte.dev/e/ownership_invalid_mutation
2026-10-06T00:56:00.2705793Z 2026-10-06T00:56:00.270Z pw:browser [pid=2863][err] [1006/005600.270126:INFO:CONSOLE:1222] "Attempted to synchronously unmount a root while React was already rendering. React cannot finish unmounting the root until the current render has completed, which may lead to a race condition.", source: http://localhost:63315/__vitest_browser__/tester-BJtsJFpD.js (1222)
2026-10-06T00:56:00.2712012Z [90mstderr[2m | parity/emdash/media-admin-editor/source/packages/admin/tests/components/MediaDetailPanel.test.tsx[2m > [22m[2mMediaDetailPanel[2m > [22m[2mkeeps asset-management controls out of content workflows
2026-10-06T00:56:00.2714135Z [22m[39mAttempted to synchronously unmount a root while React was already rendering. React cannot finish unmounting the root until the current render has completed, which may lead to a race condition.
2026-10-06T00:56:00.2738425Z 2026-10-06T00:56:00.273Z pw:browser [pid=2863][err] [1006/005600.273647:INFO:CONSOLE:1222] "%c[svelte] ownership_invalid_mutation
2026-10-06T00:56:00.2741021Z 2026-10-06T00:56:00.273Z pw:browser [pid=2863][err] %cMutating unbound props (`editorFrameRef`, at src/​lib/​media/​FocalPointEditor.svelte:18:32) is strongly discouraged. Consider using `bind:editorFrameRef={...}` in src/lib/media/MediaDetails.svelte (or using a callback) instead
2026-10-06T00:56:00.2745192Z 2026-10-06T00:56:00.273Z pw:browser [pid=2863][err] https://svelte.dev/e/ownership_invalid_mutation font-weight: bold font-weight: normal", source: http://localhost:63315/__vitest_browser__/tester-BJtsJFpD.js (1222)
2026-10-06T00:56:00.2747587Z [90mstderr[2m | parity/emdash/media-admin-editor/source/packages/admin/tests/components/MediaDetailPanel.test.tsx[2m > [22m[2mMediaDetailPanel[2m > [22m[2mkeeps asset-management controls out of content workflows
2026-10-06T00:56:00.2749031Z [22m[39m[svelte] ownership_invalid_mutation
2026-10-06T00:56:00.2751013Z Mutating unbound props (`editorFrameRef`, at src/​lib/​media/​FocalPointEditor.svelte:18:32) is strongly discouraged. Consider using `bind:editorFrameRef={...}` in src/lib/media/MediaDetails.svelte (or using a callback) instead
2026-10-06T00:56:00.2752485Z https://svelte.dev/e/ownership_invalid_mutation
2026-10-06T00:56:00.2797807Z 2026-10-06T00:56:00.279Z pw:browser [pid=2863][err] [1006/005600.279542:INFO:CONSOLE:1222] "%c[svelte] ownership_invalid_mutation
2026-10-06T00:56:00.2800114Z 2026-10-06T00:56:00.279Z pw:browser [pid=2863][err] %cMutating unbound props (`editorFrameRef`, at src/​lib/​media/​FocalPointEditor.svelte:18:96) is strongly discouraged. Consider using `bind:editorFrameRef={...}` in src/lib/media/MediaDetails.svelte (or using a callback) instead
2026-10-06T00:56:00.2802448Z 2026-10-06T00:56:00.279Z pw:browser [pid=2863][err] https://svelte.dev/e/ownership_invalid_mutation font-weight: bold font-weight: normal", source: http://localhost:63315/__vitest_browser__/tester-BJtsJFpD.js (1222)
2026-10-06T00:56:00.2811782Z [90mstderr[2m | parity/emdash/media-admin-editor/source/packages/admin/tests/components/MediaDetailPanel.test.tsx[2m > [22m[2mMediaDetailPanel[2m > [22m[2mconfirms and replaces the original while keeping the dialog open
2026-10-06T00:56:00.2813114Z [22m[39m[svelte] ownership_invalid_mutation
2026-10-06T00:56:00.2814637Z Mutating unbound props (`editorFrameRef`, at src/​lib/​media/​FocalPointEditor.svelte:18:96) is strongly discouraged. Consider using `bind:editorFrameRef={...}` in src/lib/media/MediaDetails.svelte (or using a callback) instead
2026-10-06T00:56:00.2815808Z https://svelte.dev/e/ownership_invalid_mutation
2026-10-06T00:56:00.2828665Z 2026-10-06T00:56:00.282Z pw:browser [pid=2863][err] [1006/005600.282681:INFO:CONSOLE:1222] "%c[svelte] ownership_invalid_mutation
2026-10-06T00:56:00.2831370Z 2026-10-06T00:56:00.282Z pw:browser [pid=2863][err] %cMutating unbound props (`editorFrameRef`, at src/​lib/​media/​FocalPointEditor.svelte:18:32) is strongly discouraged. Consider using `bind:editorFrameRef={...}` in src/lib/media/MediaDetails.svelte (or using a callback) instead
2026-10-06T00:56:00.2833625Z 2026-10-06T00:56:00.282Z pw:browser [pid=2863][err] https://svelte.dev/e/ownership_invalid_mutation font-weight: bold font-weight: normal", source: http://localhost:63315/__vitest_browser__/tester-BJtsJFpD.js (1222)
2026-10-06T00:56:00.2835552Z [90mstderr[2m | parity/emdash/media-admin-editor/source/packages/admin/tests/components/MediaDetailPanel.test.tsx[2m > [22m[2mMediaDetailPanel[2m > [22m[2mconfirms and replaces the original while keeping the dialog open
2026-10-06T00:56:00.2836456Z [22m[39m[svelte] ownership_invalid_mutation
2026-10-06T00:56:00.2837568Z Mutating unbound props (`editorFrameRef`, at src/​lib/​media/​FocalPointEditor.svelte:18:32) is strongly discouraged. Consider using `bind:editorFrameRef={...}` in src/lib/media/MediaDetails.svelte (or using a callback) instead
2026-10-06T00:56:00.2838421Z https://svelte.dev/e/ownership_invalid_mutation
2026-10-06T00:56:00.2882600Z 2026-10-06T00:56:00.288Z pw:browser [pid=2863][err] [1006/005600.287877:INFO:CONSOLE:1222] "%c[svelte] ownership_invalid_mutation
2026-10-06T00:56:00.2885237Z 2026-10-06T00:56:00.288Z pw:browser [pid=2863][err] %cMutating unbound props (`editorFrameRef`, at src/​lib/​media/​FocalPointEditor.svelte:18:96) is strongly discouraged. Consider using `bind:editorFrameRef={...}` in src/lib/media/MediaDetails.svelte (or using a callback) instead
2026-10-06T00:56:00.2888110Z 2026-10-06T00:56:00.288Z pw:browser [pid=2863][err] https://svelte.dev/e/ownership_invalid_mutation font-weight: bold font-weight: normal", source: http://localhost:63315/__vitest_browser__/tester-BJtsJFpD.js (1222)
2026-10-06T00:56:00.2890413Z [90mstderr[2m | parity/emdash/media-admin-editor/source/packages/admin/tests/components/MediaDetailPanel.test.tsx[2m > [22m[2mMediaDetailPanel[2m > [22m[2mconfirms and replaces the original while keeping the dialog open
2026-10-06T00:56:00.2891984Z [22m[39m[svelte] ownership_invalid_mutation
2026-10-06T00:56:00.2893683Z Mutating unbound props (`editorFrameRef`, at src/​lib/​media/​FocalPointEditor.svelte:18:96) is strongly discouraged. Consider using `bind:editorFrameRef={...}` in src/lib/media/MediaDetails.svelte (or using a callback) instead
2026-10-06T00:56:00.2895255Z https://svelte.dev/e/ownership_invalid_mutation
2026-10-06T00:56:00.2962003Z 2026-10-06T00:56:00.295Z pw:browser [pid=2863][err] [1006/005600.295544:INFO:CONSOLE:1222] "%c[svelte] derived_inert
2026-10-06T00:56:00.2963183Z 2026-10-06T00:56:00.296Z pw:browser [pid=2863][err] %cReading a derived belonging to a now-destroyed effect may result in stale values
2026-10-06T00:56:00.2964703Z 2026-10-06T00:56:00.296Z pw:browser [pid=2863][err] https://svelte.dev/e/derived_inert font-weight: bold font-weight: normal", source: http://localhost:63315/__vitest_browser__/tester-BJtsJFpD.js (1222)
2026-10-06T00:56:00.2966278Z [90mstderr[2m | parity/emdash/media-admin-editor/source/packages/admin/tests/components/MediaDetailPanel.test.tsx[2m > [22m[2mMediaDetailPanel[2m > [22m[2mconfirms and replaces the original while keeping the dialog open
2026-10-06T00:56:00.2967077Z [22m[39m[svelte] derived_inert
2026-10-06T00:56:00.2967488Z Reading a derived belonging to a now-destroyed effect may result in stale values
2026-10-06T00:56:00.2967873Z https://svelte.dev/e/derived_inert
2026-10-06T00:56:00.3993943Z 2026-10-06T00:56:00.398Z pw:browser [pid=2863][err] [1006/005600.398891:INFO:CONSOLE:1222] "Attempted to synchronously unmount a root while React was already rendering. React cannot finish unmounting the root until the current render has completed, which may lead to a race condition.", source: http://localhost:63315/__vitest_browser__/tester-BJtsJFpD.js (1222)
2026-10-06T00:56:00.4006651Z [90mstderr[2m | parity/emdash/media-admin-editor/source/packages/admin/tests/components/MediaDetailPanel.test.tsx[2m > [22m[2mMediaDetailPanel[2m > [22m[2mkeeps a failed crop draft available for retry
2026-10-06T00:56:00.4008235Z [22m[39mAttempted to synchronously unmount a root while React was already rendering. React cannot finish unmounting the root until the current render has completed, which may lead to a race condition.
2026-10-06T00:56:00.4027766Z 2026-10-06T00:56:00.402Z pw:browser [pid=2863][err] [1006/005600.402559:INFO:CONSOLE:1222] "%c[svelte] ownership_invalid_mutation
2026-10-06T00:56:00.4030571Z 2026-10-06T00:56:00.402Z pw:browser [pid=2863][err] %cMutating unbound props (`editorFrameRef`, at src/​lib/​media/​FocalPointEditor.svelte:18:32) is strongly discouraged. Consider using `bind:editorFrameRef={...}` in src/lib/media/MediaDetails.svelte (or using a callback) instead
2026-10-06T00:56:00.4033570Z 2026-10-06T00:56:00.402Z pw:browser [pid=2863][err] https://svelte.dev/e/ownership_invalid_mutation font-weight: bold font-weight: normal", source: http://localhost:63315/__vitest_browser__/tester-BJtsJFpD.js (1222)
2026-10-06T00:56:00.4035141Z [90mstderr[2m | parity/emdash/media-admin-editor/source/packages/admin/tests/components/MediaDetailPanel.test.tsx[2m > [22m[2mMediaDetailPanel[2m > [22m[2mkeeps a failed crop draft available for retry
2026-10-06T00:56:00.4035887Z [22m[39m[svelte] ownership_invalid_mutation
2026-10-06T00:56:00.4036939Z Mutating unbound props (`editorFrameRef`, at src/​lib/​media/​FocalPointEditor.svelte:18:32) is strongly discouraged. Consider using `bind:editorFrameRef={...}` in src/lib/media/MediaDetails.svelte (or using a callback) instead
2026-10-06T00:56:00.4037712Z https://svelte.dev/e/ownership_invalid_mutation
2026-10-06T00:56:00.4057177Z 2026-10-06T00:56:00.405Z pw:browser [pid=2863][err] [1006/005600.405511:INFO:CONSOLE:1222] "%c[svelte] ownership_invalid_mutation
2026-10-06T00:56:00.4059410Z 2026-10-06T00:56:00.405Z pw:browser [pid=2863][err] %cMutating unbound props (`editorFrameRef`, at src/​lib/​media/​FocalPointEditor.svelte:18:96) is strongly discouraged. Consider using `bind:editorFrameRef={...}` in src/lib/media/MediaDetails.svelte (or using a callback) instead
2026-10-06T00:56:00.4061117Z 2026-10-06T00:56:00.405Z pw:browser [pid=2863][err] https://svelte.dev/e/ownership_invalid_mutation font-weight: bold font-weight: normal", source: http://localhost:63315/__vitest_browser__/tester-BJtsJFpD.js (1222)
2026-10-06T00:56:00.4089885Z [90mstderr[2m | parity/emdash/media-admin-editor/source/packages/admin/tests/components/MediaDetailPanel.test.tsx[2m > [22m[2mMediaDetailPanel[2m > [22m[2mkeeps a failed crop draft available for retry
2026-10-06T00:56:00.4091277Z [22m[39m[svelte] ownership_invalid_mutation
2026-10-06T00:56:00.4092893Z Mutating unbound props (`editorFrameRef`, at src/​lib/​media/​FocalPointEditor.svelte:18:96) is strongly discouraged. Consider using `bind:editorFrameRef={...}` in src/lib/media/MediaDetails.svelte (or using a callback) instead
2026-10-06T00:56:00.4094109Z https://svelte.dev/e/ownership_invalid_mutation
2026-10-06T00:56:00.5642086Z 2026-10-06T00:56:00.563Z pw:browser [pid=2863][err] [1006/005600.563782:INFO:CONSOLE:1222] "Attempted to synchronously unmount a root while React was already rendering. React cannot finish unmounting the root until the current render has completed, which may lead to a race condition.", source: http://localhost:63315/__vitest_browser__/tester-BJtsJFpD.js (1222)
2026-10-06T00:56:00.5651235Z [90mstderr[2m | parity/emdash/media-admin-editor/source/packages/admin/tests/components/MediaDetailPanel.test.tsx[2m > [22m[2mMediaDetailPanel[2m > [22m[2mreturns replacement failures to the crop panel with the draft intact
2026-10-06T00:56:00.5652709Z [22m[39mAttempted to synchronously unmount a root while React was already rendering. React cannot finish unmounting the root until the current render has completed, which may lead to a race condition.
2026-10-06T00:56:00.5675190Z 2026-10-06T00:56:00.567Z pw:browser [pid=2863][err] [1006/005600.567286:INFO:CONSOLE:1222] "%c[svelte] ownership_invalid_mutation
2026-10-06T00:56:00.5677568Z 2026-10-06T00:56:00.567Z pw:browser [pid=2863][err] %cMutating unbound props (`editorFrameRef`, at src/​lib/​media/​FocalPointEditor.svelte:18:32) is strongly discouraged. Consider using `bind:editorFrameRef={...}` in src/lib/media/MediaDetails.svelte (or using a callback) instead
2026-10-06T00:56:00.5680609Z 2026-10-06T00:56:00.567Z pw:browser [pid=2863][err] https://svelte.dev/e/ownership_invalid_mutation font-weight: bold font-weight: normal", source: http://localhost:63315/__vitest_browser__/tester-BJtsJFpD.js (1222)
2026-10-06T00:56:00.5693218Z [90mstderr[2m | parity/emdash/media-admin-editor/source/packages/admin/tests/components/MediaDetailPanel.test.tsx[2m > [22m[2mMediaDetailPanel[2m > [22m[2mreturns replacement failures to the crop panel with the draft intact
2026-10-06T00:56:00.5694466Z [22m[39m[svelte] ownership_invalid_mutation
2026-10-06T00:56:00.5696101Z Mutating unbound props (`editorFrameRef`, at src/​lib/​media/​FocalPointEditor.svelte:18:32) is strongly discouraged. Consider using `bind:editorFrameRef={...}` in src/lib/media/MediaDetails.svelte (or using a callback) instead
2026-10-06T00:56:00.5696920Z https://svelte.dev/e/ownership_invalid_mutation
2026-10-06T00:56:00.5739150Z [90mstderr[2m | parity/emdash/media-admin-editor/source/packages/admin/tests/components/MediaDetailPanel.test.tsx[2m > [22m[2mMediaDetailPanel[2m > [22m[2mreturns replacement failures to the crop panel with the draft intact
2026-10-06T00:56:00.5740513Z [22m[39m[svelte] ownership_invalid_mutation
2026-10-06T00:56:00.5742334Z Mutating unbound props (`editorFrameRef`, at src/​lib/​media/​FocalPointEditor.svelte:18:96) is strongly discouraged. Consider using `bind:editorFrameRef={...}` in src/lib/media/MediaDetails.svelte (or using a callback) instead
2026-10-06T00:56:00.5743625Z https://svelte.dev/e/ownership_invalid_mutation
2026-10-06T00:56:00.5744486Z 2026-10-06T00:56:00.572Z pw:browser [pid=2863][err] [1006/005600.572192:INFO:CONSOLE:1222] "%c[svelte] ownership_invalid_mutation
2026-10-06T00:56:00.5746689Z 2026-10-06T00:56:00.572Z pw:browser [pid=2863][err] %cMutating unbound props (`editorFrameRef`, at src/​lib/​media/​FocalPointEditor.svelte:18:96) is strongly discouraged. Consider using `bind:editorFrameRef={...}` in src/lib/media/MediaDetails.svelte (or using a callback) instead
2026-10-06T00:56:00.5749328Z 2026-10-06T00:56:00.572Z pw:browser [pid=2863][err] https://svelte.dev/e/ownership_invalid_mutation font-weight: bold font-weight: normal", source: http://localhost:63315/__vitest_browser__/tester-BJtsJFpD.js (1222)
2026-10-06T00:56:00.6813030Z 2026-10-06T00:56:00.680Z pw:browser [pid=2863][err] [1006/005600.680861:INFO:CONSOLE:1222] "Attempted to synchronously unmount a root while React was already rendering. React cannot finish unmounting the root until the current render has completed, which may lead to a race condition.", source: http://localhost:63315/__vitest_browser__/tester-BJtsJFpD.js (1222)
2026-10-06T00:56:00.6821223Z [90mstderr[2m | parity/emdash/media-admin-editor/source/packages/admin/tests/components/MediaDetailPanel.test.tsx[2m > [22m[2mMediaDetailPanel[2m > [22m[2mreports when the image is deleted while replacing the original
2026-10-06T00:56:00.6822819Z [22m[39mAttempted to synchronously unmount a root while React was already rendering. React cannot finish unmounting the root until the current render has completed, which may lead to a race condition.
2026-10-06T00:56:00.6850098Z 2026-10-06T00:56:00.684Z pw:browser [pid=2863][err] [1006/005600.684354:INFO:CONSOLE:1222] "%c[svelte] ownership_invalid_mutation
2026-10-06T00:56:00.6852083Z 2026-10-06T00:56:00.684Z pw:browser [pid=2863][err] %cMutating unbound props (`editorFrameRef`, at src/​lib/​media/​FocalPointEditor.svelte:18:32) is strongly discouraged. Consider using `bind:editorFrameRef={...}` in src/lib/media/MediaDetails.svelte (or using a callback) instead
2026-10-06T00:56:00.6853518Z 2026-10-06T00:56:00.684Z pw:browser [pid=2863][err] https://svelte.dev/e/ownership_invalid_mutation font-weight: bold font-weight: normal", source: http://localhost:63315/__vitest_browser__/tester-BJtsJFpD.js (1222)
2026-10-06T00:56:00.6854914Z [90mstderr[2m | parity/emdash/media-admin-editor/source/packages/admin/tests/components/MediaDetailPanel.test.tsx[2m > [22m[2mMediaDetailPanel[2m > [22m[2mreports when the image is deleted while replacing the original
2026-10-06T00:56:00.6855707Z [22m[39m[svelte] ownership_invalid_mutation
2026-10-06T00:56:00.6856703Z Mutating unbound props (`editorFrameRef`, at src/​lib/​media/​FocalPointEditor.svelte:18:32) is strongly discouraged. Consider using `bind:editorFrameRef={...}` in src/lib/media/MediaDetails.svelte (or using a callback) instead
2026-10-06T00:56:00.6857949Z https://svelte.dev/e/ownership_invalid_mutation
2026-10-06T00:56:00.6894188Z [90mstderr[2m | parity/emdash/media-admin-editor/source/packages/admin/tests/components/MediaDetailPanel.test.tsx[2m > [22m[2mMediaDetailPanel[2m > [22m[2mreports when the image is deleted while replacing the original
2026-10-06T00:56:00.6895018Z [22m[39m[svelte] ownership_invalid_mutation
2026-10-06T00:56:00.6896058Z Mutating unbound props (`editorFrameRef`, at src/​lib/​media/​FocalPointEditor.svelte:18:96) is strongly discouraged. Consider using `bind:editorFrameRef={...}` in src/lib/media/MediaDetails.svelte (or using a callback) instead
2026-10-06T00:56:00.6896884Z https://svelte.dev/e/ownership_invalid_mutation
2026-10-06T00:56:00.6906819Z 2026-10-06T00:56:00.690Z pw:browser [pid=2863][err] [1006/005600.690247:INFO:CONSOLE:1222] "%c[svelte] ownership_invalid_mutation
2026-10-06T00:56:00.6908555Z 2026-10-06T00:56:00.690Z pw:browser [pid=2863][err] %cMutating unbound props (`editorFrameRef`, at src/​lib/​media/​FocalPointEditor.svelte:18:96) is strongly discouraged. Consider using `bind:editorFrameRef={...}` in src/lib/media/MediaDetails.svelte (or using a callback) instead
2026-10-06T00:56:00.6909999Z 2026-10-06T00:56:00.690Z pw:browser [pid=2863][err] https://svelte.dev/e/ownership_invalid_mutation font-weight: bold font-weight: normal", source: http://localhost:63315/__vitest_browser__/tester-BJtsJFpD.js (1222)
2026-10-06T00:56:00.7966268Z 2026-10-06T00:56:00.796Z pw:browser [pid=2863][err] [1006/005600.796118:INFO:CONSOLE:1222] "Attempted to synchronously unmount a root while React was already rendering. React cannot finish unmounting the root until the current render has completed, which may lead to a race condition.", source: http://localhost:63315/__vitest_browser__/tester-BJtsJFpD.js (1222)
2026-10-06T00:56:00.7976397Z [90mstderr[2m | parity/emdash/media-admin-editor/source/packages/admin/tests/components/MediaDetailPanel.test.tsx[2m > [22m[2mMediaDetailPanel[2m > [22m[2mexplains that cropped WebP output is static
2026-10-06T00:56:00.7978551Z [22m[39mAttempted to synchronously unmount a root while React was already rendering. React cannot finish unmounting the root until the current render has completed, which may lead to a race condition.
2026-10-06T00:56:00.7996395Z 2026-10-06T00:56:00.799Z pw:browser [pid=2863][err] [1006/005600.799445:INFO:CONSOLE:1222] "%c[svelte] ownership_invalid_mutation
2026-10-06T00:56:00.8000597Z 2026-10-06T00:56:00.799Z pw:browser [pid=2863][err] %cMutating unbound props (`editorFrameRef`, at src/​lib/​media/​FocalPointEditor.svelte:18:32) is strongly discouraged. Consider using `bind:editorFrameRef={...}` in src/lib/media/MediaDetails.svelte (or using a callback) instead
2026-10-06T00:56:00.8002498Z 2026-10-06T00:56:00.799Z pw:browser [pid=2863][err] https://svelte.dev/e/ownership_invalid_mutation font-weight: bold font-weight: normal", source: http://localhost:63315/__vitest_browser__/tester-BJtsJFpD.js (1222)
2026-10-06T00:56:00.8004020Z [90mstderr[2m | parity/emdash/media-admin-editor/source/packages/admin/tests/components/MediaDetailPanel.test.tsx[2m > [22m[2mMediaDetailPanel[2m > [22m[2mexplains that cropped WebP output is static
2026-10-06T00:56:00.8004873Z [22m[39m[svelte] ownership_invalid_mutation
2026-10-06T00:56:00.8005987Z Mutating unbound props (`editorFrameRef`, at src/​lib/​media/​FocalPointEditor.svelte:18:32) is strongly discouraged. Consider using `bind:editorFrameRef={...}` in src/lib/media/MediaDetails.svelte (or using a callback) instead
2026-10-06T00:56:00.8006847Z https://svelte.dev/e/ownership_invalid_mutation
2026-10-06T00:56:00.8052851Z 2026-10-06T00:56:00.804Z pw:browser [pid=2863][err] [1006/005600.804191:INFO:CONSOLE:1222] "%c[svelte] ownership_invalid_mutation
2026-10-06T00:56:00.8055517Z 2026-10-06T00:56:00.804Z pw:browser [pid=2863][err] %cMutating unbound props (`editorFrameRef`, at src/​lib/​media/​FocalPointEditor.svelte:18:96) is strongly discouraged. Consider using `bind:editorFrameRef={...}` in src/lib/media/MediaDetails.svelte (or using a callback) instead
2026-10-06T00:56:00.8058390Z 2026-10-06T00:56:00.804Z pw:browser [pid=2863][err] https://svelte.dev/e/ownership_invalid_mutation font-weight: bold font-weight: normal", source: http://localhost:63315/__vitest_browser__/tester-BJtsJFpD.js (1222)
2026-10-06T00:56:00.8060714Z [90mstderr[2m | parity/emdash/media-admin-editor/source/packages/admin/tests/components/MediaDetailPanel.test.tsx[2m > [22m[2mMediaDetailPanel[2m > [22m[2mexplains that cropped WebP output is static
2026-10-06T00:56:00.8062386Z [22m[39m[svelte] ownership_invalid_mutation
2026-10-06T00:56:00.8063827Z Mutating unbound props (`editorFrameRef`, at src/​lib/​media/​FocalPointEditor.svelte:18:96) is strongly discouraged. Consider using `bind:editorFrameRef={...}` in src/lib/media/MediaDetails.svelte (or using a callback) instead
2026-10-06T00:56:00.8064646Z https://svelte.dev/e/ownership_invalid_mutation
2026-10-06T00:56:00.8085891Z 2026-10-06T00:56:00.808Z pw:browser [pid=2863][err] [1006/005600.808277:INFO:CONSOLE:1222] "Attempted to synchronously unmount a root while React was already rendering. React cannot finish unmounting the root until the current render has completed, which may lead to a race condition.", source: http://localhost:63315/__vitest_browser__/tester-BJtsJFpD.js (1222)
2026-10-06T00:56:00.8092698Z [90mstderr[2m | parity/emdash/media-admin-editor/source/packages/admin/tests/components/MediaDetailPanel.test.tsx[2m > [22m[2mMediaDetailPanel[2m > [22m[2mblocks repeated actions and dialog navigation while cropping
2026-10-06T00:56:00.8095096Z [22m[39mAttempted to synchronously unmount a root while React was already rendering. React cannot finish unmounting the root until the current render has completed, which may lead to a race condition.
2026-10-06T00:56:00.8117411Z 2026-10-06T00:56:00.811Z pw:browser [pid=2863][err] [1006/005600.811535:INFO:CONSOLE:1222] "%c[svelte] ownership_invalid_mutation
2026-10-06T00:56:00.8120944Z 2026-10-06T00:56:00.811Z pw:browser [pid=2863][err] %cMutating unbound props (`editorFrameRef`, at src/​lib/​media/​FocalPointEditor.svelte:18:32) is strongly discouraged. Consider using `bind:editorFrameRef={...}` in src/lib/media/MediaDetails.svelte (or using a callback) instead
2026-10-06T00:56:00.8122850Z 2026-10-06T00:56:00.811Z pw:browser [pid=2863][err] https://svelte.dev/e/ownership_invalid_mutation font-weight: bold font-weight: normal", source: http://localhost:63315/__vitest_browser__/tester-BJtsJFpD.js (1222)
2026-10-06T00:56:00.8124273Z [90mstderr[2m | parity/emdash/media-admin-editor/source/packages/admin/tests/components/MediaDetailPanel.test.tsx[2m > [22m[2mMediaDetailPanel[2m > [22m[2mblocks repeated actions and dialog navigation while cropping
2026-10-06T00:56:00.8125038Z [22m[39m[svelte] ownership_invalid_mutation
2026-10-06T00:56:00.8126040Z Mutating unbound props (`editorFrameRef`, at src/​lib/​media/​FocalPointEditor.svelte:18:32) is strongly discouraged. Consider using `bind:editorFrameRef={...}` in src/lib/media/MediaDetails.svelte (or using a callback) instead
2026-10-06T00:56:00.8126882Z https://svelte.dev/e/ownership_invalid_mutation
2026-10-06T00:56:00.8145431Z 2026-10-06T00:56:00.814Z pw:browser [pid=2863][err] [1006/005600.814368:INFO:CONSOLE:1222] "%c[svelte] ownership_invalid_mutation
2026-10-06T00:56:00.8147957Z 2026-10-06T00:56:00.814Z pw:browser [pid=2863][err] %cMutating unbound props (`editorFrameRef`, at src/​lib/​media/​FocalPointEditor.svelte:18:96) is strongly discouraged. Consider using `bind:editorFrameRef={...}` in src/lib/media/MediaDetails.svelte (or using a callback) instead
2026-10-06T00:56:00.8150290Z 2026-10-06T00:56:00.814Z pw:browser [pid=2863][err] https://svelte.dev/e/ownership_invalid_mutation font-weight: bold font-weight: normal", source: http://localhost:63315/__vitest_browser__/tester-BJtsJFpD.js (1222)
2026-10-06T00:56:00.8152320Z [90mstderr[2m | parity/emdash/media-admin-editor/source/packages/admin/tests/components/MediaDetailPanel.test.tsx[2m > [22m[2mMediaDetailPanel[2m > [22m[2mblocks repeated actions and dialog navigation while cropping
2026-10-06T00:56:00.8153096Z [22m[39m[svelte] ownership_invalid_mutation
2026-10-06T00:56:00.8154096Z Mutating unbound props (`editorFrameRef`, at src/​lib/​media/​FocalPointEditor.svelte:18:96) is strongly discouraged. Consider using `bind:editorFrameRef={...}` in src/lib/media/MediaDetails.svelte (or using a callback) instead
2026-10-06T00:56:00.8154865Z https://svelte.dev/e/ownership_invalid_mutation
2026-10-06T00:56:00.9718214Z 2026-10-06T00:56:00.971Z pw:browser [pid=2863][err] [1006/005600.971306:INFO:CONSOLE:1222] "Attempted to synchronously unmount a root while React was already rendering. React cannot finish unmounting the root until the current render has completed, which may lead to a race condition.", source: http://localhost:63315/__vitest_browser__/tester-BJtsJFpD.js (1222)
2026-10-06T00:56:00.9724817Z [90mstderr[2m | parity/emdash/media-admin-editor/source/packages/admin/tests/components/MediaDetailPanel.test.tsx[2m > [22m[2mMediaDetailPanel[2m > [22m[2mfalls back to the ordinary preview when the crop source cannot load
2026-10-06T00:56:00.9726989Z [22m[39mAttempted to synchronously unmount a root while React was already rendering. React cannot finish unmounting the root until the current render has completed, which may lead to a race condition.
2026-10-06T00:56:00.9745841Z 2026-10-06T00:56:00.974Z pw:browser [pid=2863][err] [1006/005600.974321:INFO:CONSOLE:1222] "%c[svelte] ownership_invalid_mutation
2026-10-06T00:56:00.9748644Z 2026-10-06T00:56:00.974Z pw:browser [pid=2863][err] %cMutating unbound props (`editorFrameRef`, at src/​lib/​media/​FocalPointEditor.svelte:18:32) is strongly discouraged. Consider using `bind:editorFrameRef={...}` in src/lib/media/MediaDetails.svelte (or using a callback) instead
2026-10-06T00:56:00.9751729Z 2026-10-06T00:56:00.974Z pw:browser [pid=2863][err] https://svelte.dev/e/ownership_invalid_mutation font-weight: bold font-weight: normal", source: http://localhost:63315/__vitest_browser__/tester-BJtsJFpD.js (1222)
2026-10-06T00:56:00.9754236Z [90mstderr[2m | parity/emdash/media-admin-editor/source/packages/admin/tests/components/MediaDetailPanel.test.tsx[2m > [22m[2mMediaDetailPanel[2m > [22m[2mfalls back to the ordinary preview when the crop source cannot load
2026-10-06T00:56:00.9755813Z [22m[39m[svelte] ownership_invalid_mutation
2026-10-06T00:56:00.9757757Z Mutating unbound props (`editorFrameRef`, at src/​lib/​media/​FocalPointEditor.svelte:18:32) is strongly discouraged. Consider using `bind:editorFrameRef={...}` in src/lib/media/MediaDetails.svelte (or using a callback) instead
2026-10-06T00:56:00.9768724Z https://svelte.dev/e/ownership_invalid_mutation
2026-10-06T00:56:00.9780291Z 2026-10-06T00:56:00.977Z pw:browser [pid=2863][err] [1006/005600.977842:INFO:CONSOLE:1222] "%c[svelte] ownership_invalid_mutation
2026-10-06T00:56:00.9782801Z 2026-10-06T00:56:00.977Z pw:browser [pid=2863][err] %cMutating unbound props (`editorFrameRef`, at src/​lib/​media/​FocalPointEditor.svelte:18:96) is strongly discouraged. Consider using `bind:editorFrameRef={...}` in src/lib/media/MediaDetails.svelte (or using a callback) instead
2026-10-06T00:56:00.9785080Z 2026-10-06T00:56:00.977Z pw:browser [pid=2863][err] https://svelte.dev/e/ownership_invalid_mutation font-weight: bold font-weight: normal", source: http://localhost:63315/__vitest_browser__/tester-BJtsJFpD.js (1222)
2026-10-06T00:56:00.9787377Z [90mstderr[2m | parity/emdash/media-admin-editor/source/packages/admin/tests/components/MediaDetailPanel.test.tsx[2m > [22m[2mMediaDetailPanel[2m > [22m[2mfalls back to the ordinary preview when the crop source cannot load
2026-10-06T00:56:00.9788630Z [22m[39m[svelte] ownership_invalid_mutation
2026-10-06T00:56:00.9790254Z Mutating unbound props (`editorFrameRef`, at src/​lib/​media/​FocalPointEditor.svelte:18:96) is strongly discouraged. Consider using `bind:editorFrameRef={...}` in src/lib/media/MediaDetails.svelte (or using a callback) instead
2026-10-06T00:56:00.9791706Z https://svelte.dev/e/ownership_invalid_mutation
2026-10-06T00:56:00.9802405Z 2026-10-06T00:56:00.980Z pw:browser [pid=2863][err] [1006/005600.980049:INFO:CONSOLE:1222] "%c[svelte] ownership_invalid_mutation
2026-10-06T00:56:00.9804196Z 2026-10-06T00:56:00.980Z pw:browser [pid=2863][err] %cMutating unbound props (`editorFrameRef`, at src/​lib/​media/​FocalPointEditor.svelte:18:32) is strongly discouraged. Consider using `bind:editorFrameRef={...}` in src/lib/media/MediaDetails.svelte (or using a callback) instead
2026-10-06T00:56:00.9805772Z 2026-10-06T00:56:00.980Z pw:browser [pid=2863][err] https://svelte.dev/e/ownership_invalid_mutation font-weight: bold font-weight: normal", source: http://localhost:63315/__vitest_browser__/tester-BJtsJFpD.js (1222)
2026-10-06T00:56:00.9814713Z [90mstderr[2m | parity/emdash/media-admin-editor/source/packages/admin/tests/components/MediaDetailPanel.test.tsx[2m > [22m[2mMediaDetailPanel[2m > [22m[2mfalls back to the ordinary preview when the crop source cannot load
2026-10-06T00:56:00.9816146Z [22m[39m[svelte] ownership_invalid_mutation
2026-10-06T00:56:00.9817884Z Mutating unbound props (`editorFrameRef`, at src/​lib/​media/​FocalPointEditor.svelte:18:32) is strongly discouraged. Consider using `bind:editorFrameRef={...}` in src/lib/media/MediaDetails.svelte (or using a callback) instead
2026-10-06T00:56:00.9819180Z https://svelte.dev/e/ownership_invalid_mutation
2026-10-06T00:56:00.9821976Z 2026-10-06T00:56:00.982Z pw:browser [pid=2863][err] [1006/005600.982031:INFO:CONSOLE:1222] "%c[svelte] ownership_invalid_mutation
2026-10-06T00:56:00.9824481Z 2026-10-06T00:56:00.982Z pw:browser [pid=2863][err] %cMutating unbound props (`editorFrameRef`, at src/​lib/​media/​FocalPointEditor.svelte:18:96) is strongly discouraged. Consider using `bind:editorFrameRef={...}` in src/lib/media/MediaDetails.svelte (or using a callback) instead
2026-10-06T00:56:00.9826855Z 2026-10-06T00:56:00.982Z pw:browser [pid=2863][err] https://svelte.dev/e/ownership_invalid_mutation font-weight: bold font-weight: normal", source: http://localhost:63315/__vitest_browser__/tester-BJtsJFpD.js (1222)
2026-10-06T00:56:00.9829153Z 2026-10-06T00:56:00.982Z pw:browser [pid=2863][err] [1006/005600.982776:INFO:CONSOLE:1222] "%c[svelte] derived_inert
2026-10-06T00:56:00.9830147Z 2026-10-06T00:56:00.982Z pw:browser [pid=2863][err] %cReading a derived belonging to a now-destroyed effect may result in stale values
2026-10-06T00:56:00.9832450Z 2026-10-06T00:56:00.982Z pw:browser [pid=2863][err] https://svelte.dev/e/derived_inert font-weight: bold font-weight: normal", source: http://localhost:63315/__vitest_browser__/tester-BJtsJFpD.js (1222)
2026-10-06T00:56:00.9840443Z [90mstderr[2m | parity/emdash/media-admin-editor/source/packages/admin/tests/components/MediaDetailPanel.test.tsx[2m > [22m[2mMediaDetailPanel[2m > [22m[2mpreserves the focal-point draft while switching tabs
2026-10-06T00:56:00.9842032Z [22m[39m[svelte] ownership_invalid_mutation
2026-10-06T00:56:00.9843742Z Mutating unbound props (`editorFrameRef`, at src/​lib/​media/​FocalPointEditor.svelte:18:96) is strongly discouraged. Consider using `bind:editorFrameRef={...}` in src/lib/media/MediaDetails.svelte (or using a callback) instead
2026-10-06T00:56:00.9845082Z https://svelte.dev/e/ownership_invalid_mutation
2026-10-06T00:56:00.9846631Z [90mstderr[2m | parity/emdash/media-admin-editor/source/packages/admin/tests/components/MediaDetailPanel.test.tsx[2m > [22m[2mMediaDetailPanel[2m > [22m[2mpreserves the focal-point draft while switching tabs
2026-10-06T00:56:00.9847792Z [22m[39m[svelte] derived_inert
2026-10-06T00:56:00.9848431Z Reading a derived belonging to a now-destroyed effect may result in stale values
2026-10-06T00:56:00.9849061Z https://svelte.dev/e/derived_inert
2026-10-06T00:56:00.9858262Z 2026-10-06T00:56:00.985Z pw:browser [pid=2863][err] [1006/005600.985579:INFO:CONSOLE:1222] "%c[svelte] ownership_invalid_mutation
2026-10-06T00:56:00.9861074Z 2026-10-06T00:56:00.985Z pw:browser [pid=2863][err] %cMutating unbound props (`editorFrameRef`, at src/​lib/​media/​FocalPointEditor.svelte:18:32) is strongly discouraged. Consider using `bind:editorFrameRef={...}` in src/lib/media/MediaDetails.svelte (or using a callback) instead
2026-10-06T00:56:00.9863417Z 2026-10-06T00:56:00.985Z pw:browser [pid=2863][err] https://svelte.dev/e/ownership_invalid_mutation font-weight: bold font-weight: normal", source: http://localhost:63315/__vitest_browser__/tester-BJtsJFpD.js (1222)
2026-10-06T00:56:00.9865764Z [90mstderr[2m | parity/emdash/media-admin-editor/source/packages/admin/tests/components/MediaDetailPanel.test.tsx[2m > [22m[2mMediaDetailPanel[2m > [22m[2mpreserves the focal-point draft while switching tabs
2026-10-06T00:56:00.9867099Z [22m[39m[svelte] ownership_invalid_mutation
2026-10-06T00:56:00.9868716Z Mutating unbound props (`editorFrameRef`, at src/​lib/​media/​FocalPointEditor.svelte:18:32) is strongly discouraged. Consider using `bind:editorFrameRef={...}` in src/lib/media/MediaDetails.svelte (or using a callback) instead
2026-10-06T00:56:00.9870029Z https://svelte.dev/e/ownership_invalid_mutation
2026-10-06T00:56:00.9886817Z 2026-10-06T00:56:00.988Z pw:browser [pid=2863][err] [1006/005600.988451:INFO:CONSOLE:1222] "%c[svelte] ownership_invalid_mutation
2026-10-06T00:56:00.9889116Z 2026-10-06T00:56:00.988Z pw:browser [pid=2863][err] %cMutating unbound props (`firstPreviewRef`, at src/​lib/​media/​FocalPointPreviews.svelte:8:33) is strongly discouraged. Consider using `bind:firstPreviewRef={...}` in src/lib/media/MediaDetails.svelte (or using a callback) instead
2026-10-06T00:56:00.9891543Z 2026-10-06T00:56:00.988Z pw:browser [pid=2863][err] https://svelte.dev/e/ownership_invalid_mutation font-weight: bold font-weight: normal", source: http://localhost:63315/__vitest_browser__/tester-BJtsJFpD.js (1222)
2026-10-06T00:56:00.9893543Z [90mstderr[2m | parity/emdash/media-admin-editor/source/packages/admin/tests/components/MediaDetailPanel.test.tsx[2m > [22m[2mMediaDetailPanel[2m > [22m[2mpreserves the focal-point draft while switching tabs
2026-10-06T00:56:00.9894575Z [22m[39m[svelte] ownership_invalid_mutation
2026-10-06T00:56:00.9896116Z Mutating unbound props (`firstPreviewRef`, at src/​lib/​media/​FocalPointPreviews.svelte:8:33) is strongly discouraged. Consider using `bind:firstPreviewRef={...}` in src/lib/media/MediaDetails.svelte (or using a callback) instead
2026-10-06T00:56:00.9897239Z https://svelte.dev/e/ownership_invalid_mutation
2026-10-06T00:56:01.0047103Z [90mstderr[2m | parity/emdash/media-admin-editor/source/packages/admin/tests/components/MediaDetailPanel.test.tsx[2m > [22m[2mMediaDetailPanel[2m > [22m[2mpreserves the focal-point draft while switching tabs
2026-10-06T00:56:01.0048367Z [22m[39m[svelte] ownership_invalid_mutation
2026-10-06T00:56:01.0050319Z Mutating unbound props (`firstPreviewRef`, at src/​lib/​media/​FocalPointPreviews.svelte:8:99) is strongly discouraged. Consider using `bind:firstPreviewRef={...}` in src/lib/media/MediaDetails.svelte (or using a callback) instead
2026-10-06T00:56:01.0051854Z https://svelte.dev/e/ownership_invalid_mutation
2026-10-06T00:56:01.0052640Z 2026-10-06T00:56:01.004Z pw:browser [pid=2863][err] [1006/005601.004064:INFO:CONSOLE:1222] "%c[svelte] ownership_invalid_mutation
2026-10-06T00:56:01.0053989Z 2026-10-06T00:56:01.004Z pw:browser [pid=2863][err] %cMutating unbound props (`firstPreviewRef`, at src/​lib/​media/​FocalPointPreviews.svelte:8:99) is strongly discouraged. Consider using `bind:firstPreviewRef={...}` in src/lib/media/MediaDetails.svelte (or using a callback) instead
2026-10-06T00:56:01.0055366Z 2026-10-06T00:56:01.004Z pw:browser [pid=2863][err] https://svelte.dev/e/ownership_invalid_mutation font-weight: bold font-weight: normal", source: http://localhost:63315/__vitest_browser__/tester-BJtsJFpD.js (1222)
2026-10-06T00:56:01.0071967Z 2026-10-06T00:56:01.007Z pw:browser [pid=2863][err] [1006/005601.006961:INFO:CONSOLE:1222] "%c[svelte] ownership_invalid_mutation
2026-10-06T00:56:01.0074746Z 2026-10-06T00:56:01.007Z pw:browser [pid=2863][err] %cMutating unbound props (`firstPreviewRef`, at src/​lib/​media/​FocalPointPreviews.svelte:8:33) is strongly discouraged. Consider using `bind:firstPreviewRef={...}` in src/lib/media/MediaDetails.svelte (or using a callback) instead
2026-10-06T00:56:01.0077064Z 2026-10-06T00:56:01.007Z pw:browser [pid=2863][err] https://svelte.dev/e/ownership_invalid_mutation font-weight: bold font-weight: normal", source: http://localhost:63315/__vitest_browser__/tester-BJtsJFpD.js (1222)
2026-10-06T00:56:01.0079293Z [90mstderr[2m | parity/emdash/media-admin-editor/source/packages/admin/tests/components/MediaDetailPanel.test.tsx[2m > [22m[2mMediaDetailPanel[2m > [22m[2mpreserves the focal-point draft while switching tabs
2026-10-06T00:56:01.0080279Z [22m[39m[svelte] ownership_invalid_mutation
2026-10-06T00:56:01.0081565Z Mutating unbound props (`firstPreviewRef`, at src/​lib/​media/​FocalPointPreviews.svelte:8:33) is strongly discouraged. Consider using `bind:firstPreviewRef={...}` in src/lib/media/MediaDetails.svelte (or using a callback) instead
2026-10-06T00:56:01.0082333Z https://svelte.dev/e/ownership_invalid_mutation
2026-10-06T00:56:01.0095459Z 2026-10-06T00:56:01.009Z pw:browser [pid=2863][err] [1006/005601.009373:INFO:CONSOLE:1222] "%c[svelte] ownership_invalid_mutation
2026-10-06T00:56:01.0097946Z 2026-10-06T00:56:01.009Z pw:browser [pid=2863][err] %cMutating unbound props (`editorFrameRef`, at src/​lib/​media/​FocalPointEditor.svelte:18:96) is strongly discouraged. Consider using `bind:editorFrameRef={...}` in src/lib/media/MediaDetails.svelte (or using a callback) instead
2026-10-06T00:56:01.0100511Z 2026-10-06T00:56:01.009Z pw:browser [pid=2863][err] https://svelte.dev/e/ownership_invalid_mutation font-weight: bold font-weight: normal", source: http://localhost:63315/__vitest_browser__/tester-BJtsJFpD.js (1222)
2026-10-06T00:56:01.0103383Z 2026-10-06T00:56:01.010Z pw:browser [pid=2863][err] [1006/005601.010060:INFO:CONSOLE:1222] "%c[svelte] ownership_invalid_mutation
2026-10-06T00:56:01.0105750Z 2026-10-06T00:56:01.010Z pw:browser [pid=2863][err] %cMutating unbound props (`firstPreviewRef`, at src/​lib/​media/​FocalPointPreviews.svelte:8:99) is strongly discouraged. Consider using `bind:firstPreviewRef={...}` in src/lib/media/MediaDetails.svelte (or using a callback) instead
2026-10-06T00:56:01.0108027Z 2026-10-06T00:56:01.010Z pw:browser [pid=2863][err] https://svelte.dev/e/ownership_invalid_mutation font-weight: bold font-weight: normal", source: http://localhost:63315/__vitest_browser__/tester-BJtsJFpD.js (1222)
2026-10-06T00:56:01.0110558Z [90mstderr[2m | parity/emdash/media-admin-editor/source/packages/admin/tests/components/MediaDetailPanel.test.tsx[2m > [22m[2mMediaDetailPanel[2m > [22m[2medits the focal point with the keyboard and saves only the focal pair
2026-10-06T00:56:01.0111993Z [22m[39m[svelte] ownership_invalid_mutation
2026-10-06T00:56:01.0113631Z Mutating unbound props (`editorFrameRef`, at src/​lib/​media/​FocalPointEditor.svelte:18:96) is strongly discouraged. Consider using `bind:editorFrameRef={...}` in src/lib/media/MediaDetails.svelte (or using a callback) instead
2026-10-06T00:56:01.0114838Z https://svelte.dev/e/ownership_invalid_mutation
2026-10-06T00:56:01.0115920Z [90mstderr[2m | parity/emdash/media-admin-editor/source/packages/admin/tests/components/MediaDetailPanel.test.tsx[2m > [22m[2mMediaDetailPanel[2m > [22m[2medits the focal point with the keyboard and saves only the focal pair
2026-10-06T00:56:01.0116679Z [22m[39m[svelte] ownership_invalid_mutation
2026-10-06T00:56:01.0117652Z Mutating unbound props (`firstPreviewRef`, at src/​lib/​media/​FocalPointPreviews.svelte:8:99) is strongly discouraged. Consider using `bind:firstPreviewRef={...}` in src/lib/media/MediaDetails.svelte (or using a callback) instead
2026-10-06T00:56:01.0118657Z https://svelte.dev/e/ownership_invalid_mutation
2026-10-06T00:56:01.0138643Z 2026-10-06T00:56:01.013Z pw:browser [pid=2863][err] [1006/005601.013426:INFO:CONSOLE:1222] "%c[svelte] ownership_invalid_mutation
2026-10-06T00:56:01.0140392Z 2026-10-06T00:56:01.013Z pw:browser [pid=2863][err] %cMutating unbound props (`editorFrameRef`, at src/​lib/​media/​FocalPointEditor.svelte:18:32) is strongly discouraged. Consider using `bind:editorFrameRef={...}` in src/lib/media/MediaDetails.svelte (or using a callback) instead
2026-10-06T00:56:01.0142631Z 2026-10-06T00:56:01.013Z pw:browser [pid=2863][err] https://svelte.dev/e/ownership_invalid_mutation font-weight: bold font-weight: normal", source: http://localhost:63315/__vitest_browser__/tester-BJtsJFpD.js (1222)
2026-10-06T00:56:01.0144065Z [90mstderr[2m | parity/emdash/media-admin-editor/source/packages/admin/tests/components/MediaDetailPanel.test.tsx[2m > [22m[2mMediaDetailPanel[2m > [22m[2medits the focal point with the keyboard and saves only the focal pair
2026-10-06T00:56:01.0144946Z [22m[39m[svelte] ownership_invalid_mutation
2026-10-06T00:56:01.0146496Z Mutating unbound props (`editorFrameRef`, at src/​lib/​media/​FocalPointEditor.svelte:18:32) is strongly discouraged. Consider using `bind:editorFrameRef={...}` in src/lib/media/MediaDetails.svelte (or using a callback) instead
2026-10-06T00:56:01.0147372Z https://svelte.dev/e/ownership_invalid_mutation
2026-10-06T00:56:01.0172157Z 2026-10-06T00:56:01.017Z pw:browser [pid=2863][err] [1006/005601.016960:INFO:CONSOLE:1222] "%c[svelte] ownership_invalid_mutation
2026-10-06T00:56:01.0174411Z 2026-10-06T00:56:01.017Z pw:browser [pid=2863][err] %cMutating unbound props (`firstPreviewRef`, at src/​lib/​media/​FocalPointPreviews.svelte:8:33) is strongly discouraged. Consider using `bind:firstPreviewRef={...}` in src/lib/media/MediaDetails.svelte (or using a callback) instead
2026-10-06T00:56:01.0176787Z 2026-10-06T00:56:01.017Z pw:browser [pid=2863][err] https://svelte.dev/e/ownership_invalid_mutation font-weight: bold font-weight: normal", source: http://localhost:63315/__vitest_browser__/tester-BJtsJFpD.js (1222)
2026-10-06T00:56:01.0178566Z [90mstderr[2m | parity/emdash/media-admin-editor/source/packages/admin/tests/components/MediaDetailPanel.test.tsx[2m > [22m[2mMediaDetailPanel[2m > [22m[2medits the focal point with the keyboard and saves only the focal pair
2026-10-06T00:56:01.0179398Z [22m[39m[svelte] ownership_invalid_mutation
2026-10-06T00:56:01.0180429Z Mutating unbound props (`firstPreviewRef`, at src/​lib/​media/​FocalPointPreviews.svelte:8:33) is strongly discouraged. Consider using `bind:firstPreviewRef={...}` in src/lib/media/MediaDetails.svelte (or using a callback) instead
2026-10-06T00:56:01.0181616Z https://svelte.dev/e/ownership_invalid_mutation
2026-10-06T00:56:01.0539681Z 2026-10-06T00:56:01.053Z pw:browser [pid=2863][err] [1006/005601.053531:INFO:CONSOLE:1222] "%c[svelte] ownership_invalid_mutation
2026-10-06T00:56:01.0542932Z 2026-10-06T00:56:01.053Z pw:browser [pid=2863][err] %cMutating unbound props (`editorFrameRef`, at src/​lib/​media/​FocalPointEditor.svelte:18:96) is strongly discouraged. Consider using `bind:editorFrameRef={...}` in src/lib/media/MediaDetails.svelte (or using a callback) instead
2026-10-06T00:56:01.0553458Z 2026-10-06T00:56:01.053Z pw:browser [pid=2863][err] https://svelte.dev/e/ownership_invalid_mutation font-weight: bold font-weight: normal", source: http://localhost:63315/__vitest_browser__/tester-BJtsJFpD.js (1222)
2026-10-06T00:56:01.0556049Z [90mstderr[2m | parity/emdash/media-admin-editor/source/packages/admin/tests/components/MediaDetailPanel.test.tsx[2m > [22m[2mMediaDetailPanel[2m > [22m[2mkeeps the focal draft visible when saving fails
2026-10-06T00:56:01.0557434Z [22m[39m[svelte] ownership_invalid_mutation
2026-10-06T00:56:01.0559314Z Mutating unbound props (`editorFrameRef`, at src/​lib/​media/​FocalPointEditor.svelte:18:96) is strongly discouraged. Consider using `bind:editorFrameRef={...}` in src/lib/media/MediaDetails.svelte (or using a callback) instead
2026-10-06T00:56:01.0560735Z https://svelte.dev/e/ownership_invalid_mutation
2026-10-06T00:56:01.0563040Z [90mstderr[2m | parity/emdash/media-admin-editor/source/packages/admin/tests/components/MediaDetailPanel.test.tsx[2m > [22m[2mMediaDetailPanel[2m > [22m[2mkeeps the focal draft visible when saving fails
2026-10-06T00:56:01.0564425Z [22m[39m[svelte] ownership_invalid_mutation
2026-10-06T00:56:01.0566224Z Mutating unbound props (`firstPreviewRef`, at src/​lib/​media/​FocalPointPreviews.svelte:8:99) is strongly discouraged. Consider using `bind:firstPreviewRef={...}` in src/lib/media/MediaDetails.svelte (or using a callback) instead
2026-10-06T00:56:01.0567639Z https://svelte.dev/e/ownership_invalid_mutation
2026-10-06T00:56:01.0568651Z 2026-10-06T00:56:01.055Z pw:browser [pid=2863][err] [1006/005601.054881:INFO:CONSOLE:1222] "%c[svelte] ownership_invalid_mutation
2026-10-06T00:56:01.0571353Z 2026-10-06T00:56:01.055Z pw:browser [pid=2863][err] %cMutating unbound props (`firstPreviewRef`, at src/​lib/​media/​FocalPointPreviews.svelte:8:99) is strongly discouraged. Consider using `bind:firstPreviewRef={...}` in src/lib/media/MediaDetails.svelte (or using a callback) instead
2026-10-06T00:56:01.0574015Z 2026-10-06T00:56:01.055Z pw:browser [pid=2863][err] https://svelte.dev/e/ownership_invalid_mutation font-weight: bold font-weight: normal", source: http://localhost:63315/__vitest_browser__/tester-BJtsJFpD.js (1222)
2026-10-06T00:56:01.0583541Z 2026-10-06T00:56:01.057Z pw:browser [pid=2863][err] [1006/005601.057520:INFO:CONSOLE:1222] "%c[svelte] ownership_invalid_mutation
2026-10-06T00:56:01.0586188Z 2026-10-06T00:56:01.057Z pw:browser [pid=2863][err] %cMutating unbound props (`editorFrameRef`, at src/​lib/​media/​FocalPointEditor.svelte:18:32) is strongly discouraged. Consider using `bind:editorFrameRef={...}` in src/lib/media/MediaDetails.svelte (or using a callback) instead
2026-10-06T00:56:01.0588944Z 2026-10-06T00:56:01.057Z pw:browser [pid=2863][err] https://svelte.dev/e/ownership_invalid_mutation font-weight: bold font-weight: normal", source: http://localhost:63315/__vitest_browser__/tester-BJtsJFpD.js (1222)
2026-10-06T00:56:01.0591079Z [90mstderr[2m | parity/emdash/media-admin-editor/source/packages/admin/tests/components/MediaDetailPanel.test.tsx[2m > [22m[2mMediaDetailPanel[2m > [22m[2mkeeps the focal draft visible when saving fails
2026-10-06T00:56:01.0592188Z [22m[39m[svelte] ownership_invalid_mutation
2026-10-06T00:56:01.0593201Z Mutating unbound props (`editorFrameRef`, at src/​lib/​media/​FocalPointEditor.svelte:18:32) is strongly discouraged. Consider using `bind:editorFrameRef={...}` in src/lib/media/MediaDetails.svelte (or using a callback) instead
2026-10-06T00:56:01.0593964Z https://svelte.dev/e/ownership_invalid_mutation
2026-10-06T00:56:01.0605489Z 2026-10-06T00:56:01.060Z pw:browser [pid=2863][err] [1006/005601.060292:INFO:CONSOLE:1222] "%c[svelte] ownership_invalid_mutation
2026-10-06T00:56:01.0607882Z 2026-10-06T00:56:01.060Z pw:browser [pid=2863][err] %cMutating unbound props (`firstPreviewRef`, at src/​lib/​media/​FocalPointPreviews.svelte:8:33) is strongly discouraged. Consider using `bind:firstPreviewRef={...}` in src/lib/media/MediaDetails.svelte (or using a callback) instead
2026-10-06T00:56:01.0609508Z 2026-10-06T00:56:01.060Z pw:browser [pid=2863][err] https://svelte.dev/e/ownership_invalid_mutation font-weight: bold font-weight: normal", source: http://localhost:63315/__vitest_browser__/tester-BJtsJFpD.js (1222)
2026-10-06T00:56:01.0611232Z [90mstderr[2m | parity/emdash/media-admin-editor/source/packages/admin/tests/components/MediaDetailPanel.test.tsx[2m > [22m[2mMediaDetailPanel[2m > [22m[2mkeeps the focal draft visible when saving fails
2026-10-06T00:56:01.0612114Z [22m[39m[svelte] ownership_invalid_mutation
2026-10-06T00:56:01.0613270Z Mutating unbound props (`firstPreviewRef`, at src/​lib/​media/​FocalPointPreviews.svelte:8:33) is strongly discouraged. Consider using `bind:firstPreviewRef={...}` in src/lib/media/MediaDetails.svelte (or using a callback) instead
2026-10-06T00:56:01.0614373Z https://svelte.dev/e/ownership_invalid_mutation
2026-10-06T00:56:01.1203518Z 2026-10-06T00:56:01.120Z pw:browser [pid=2863][err] [1006/005601.119956:INFO:CONSOLE:1222] "%c[svelte] ownership_invalid_mutation
2026-10-06T00:56:01.1206318Z 2026-10-06T00:56:01.120Z pw:browser [pid=2863][err] %cMutating unbound props (`editorFrameRef`, at src/​lib/​media/​FocalPointEditor.svelte:18:96) is strongly discouraged. Consider using `bind:editorFrameRef={...}` in src/lib/media/MediaDetails.svelte (or using a callback) instead
2026-10-06T00:56:01.1210279Z 2026-10-06T00:56:01.120Z pw:browser [pid=2863][err] https://svelte.dev/e/ownership_invalid_mutation font-weight: bold font-weight: normal", source: http://localhost:63315/__vitest_browser__/tester-BJtsJFpD.js (1222)
2026-10-06T00:56:01.1213255Z [90mstderr[2m | parity/emdash/media-admin-editor/source/packages/admin/tests/components/MediaDetailPanel.test.tsx[2m > [22m[2mMediaDetailPanel[2m > [22m[2mkeeps one active pointer and clears it after cancellation or lost capture
2026-10-06T00:56:01.1214641Z [22m[39m[svelte] ownership_invalid_mutation
2026-10-06T00:56:01.1216308Z Mutating unbound props (`editorFrameRef`, at src/​lib/​media/​FocalPointEditor.svelte:18:96) is strongly discouraged. Consider using `bind:editorFrameRef={...}` in src/lib/media/MediaDetails.svelte (or using a callback) instead
2026-10-06T00:56:01.1217654Z https://svelte.dev/e/ownership_invalid_mutation
2026-10-06T00:56:01.1219134Z [90mstderr[2m | parity/emdash/media-admin-editor/source/packages/admin/tests/components/MediaDetailPanel.test.tsx[2m > [22m[2mMediaDetailPanel[2m > [22m[2mkeeps one active pointer and clears it after cancellation or lost capture
2026-10-06T00:56:01.1219949Z [22m[39m[svelte] ownership_invalid_mutation
2026-10-06T00:56:01.1221635Z Mutating unbound props (`firstPreviewRef`, at src/​lib/​media/​FocalPointPreviews.svelte:8:99) is strongly discouraged. Consider using `bind:firstPreviewRef={...}` in src/lib/media/MediaDetails.svelte (or using a callback) instead
2026-10-06T00:56:01.1222489Z https://svelte.dev/e/ownership_invalid_mutation
2026-10-06T00:56:01.1223041Z 2026-10-06T00:56:01.121Z pw:browser [pid=2863][err] [1006/005601.120462:INFO:CONSOLE:1222] "%c[svelte] ownership_invalid_mutation
2026-10-06T00:56:01.1224424Z 2026-10-06T00:56:01.121Z pw:browser [pid=2863][err] %cMutating unbound props (`firstPreviewRef`, at src/​lib/​media/​FocalPointPreviews.svelte:8:99) is strongly discouraged. Consider using `bind:firstPreviewRef={...}` in src/lib/media/MediaDetails.svelte (or using a callback) instead
2026-10-06T00:56:01.1225822Z 2026-10-06T00:56:01.121Z pw:browser [pid=2863][err] https://svelte.dev/e/ownership_invalid_mutation font-weight: bold font-weight: normal", source: http://localhost:63315/__vitest_browser__/tester-BJtsJFpD.js (1222)
2026-10-06T00:56:01.1237336Z 2026-10-06T00:56:01.123Z pw:browser [pid=2863][err] [1006/005601.123497:INFO:CONSOLE:1222] "%c[svelte] ownership_invalid_mutation
2026-10-06T00:56:01.1239617Z 2026-10-06T00:56:01.123Z pw:browser [pid=2863][err] %cMutating unbound props (`editorFrameRef`, at src/​lib/​media/​FocalPointEditor.svelte:18:32) is strongly discouraged. Consider using `bind:editorFrameRef={...}` in src/lib/media/MediaDetails.svelte (or using a callback) instead
2026-10-06T00:56:01.1242202Z 2026-10-06T00:56:01.123Z pw:browser [pid=2863][err] https://svelte.dev/e/ownership_invalid_mutation font-weight: bold font-weight: normal", source: http://localhost:63315/__vitest_browser__/tester-BJtsJFpD.js (1222)
2026-10-06T00:56:01.1248395Z [90mstderr[2m | parity/emdash/media-admin-editor/source/packages/admin/tests/components/MediaDetailPanel.test.tsx[2m > [22m[2mMediaDetailPanel[2m > [22m[2mkeeps one active pointer and clears it after cancellation or lost capture
2026-10-06T00:56:01.1249667Z [22m[39m[svelte] ownership_invalid_mutation
2026-10-06T00:56:01.1251470Z Mutating unbound props (`editorFrameRef`, at src/​lib/​media/​FocalPointEditor.svelte:18:32) is strongly discouraged. Consider using `bind:editorFrameRef={...}` in src/lib/media/MediaDetails.svelte (or using a callback) instead
2026-10-06T00:56:01.1252738Z https://svelte.dev/e/ownership_invalid_mutation
2026-10-06T00:56:01.1265512Z 2026-10-06T00:56:01.126Z pw:browser [pid=2863][err] [1006/005601.126368:INFO:CONSOLE:1222] "%c[svelte] ownership_invalid_mutation
2026-10-06T00:56:01.1268000Z 2026-10-06T00:56:01.126Z pw:browser [pid=2863][err] %cMutating unbound props (`firstPreviewRef`, at src/​lib/​media/​FocalPointPreviews.svelte:8:33) is strongly discouraged. Consider using `bind:firstPreviewRef={...}` in src/lib/media/MediaDetails.svelte (or using a callback) instead
2026-10-06T00:56:01.1269704Z 2026-10-06T00:56:01.126Z pw:browser [pid=2863][err] https://svelte.dev/e/ownership_invalid_mutation font-weight: bold font-weight: normal", source: http://localhost:63315/__vitest_browser__/tester-BJtsJFpD.js (1222)
2026-10-06T00:56:01.1271574Z [90mstderr[2m | parity/emdash/media-admin-editor/source/packages/admin/tests/components/MediaDetailPanel.test.tsx[2m > [22m[2mMediaDetailPanel[2m > [22m[2mkeeps one active pointer and clears it after cancellation or lost capture
2026-10-06T00:56:01.1272514Z [22m[39m[svelte] ownership_invalid_mutation
2026-10-06T00:56:01.1274329Z Mutating unbound props (`firstPreviewRef`, at src/​lib/​media/​FocalPointPreviews.svelte:8:33) is strongly discouraged. Consider using `bind:firstPreviewRef={...}` in src/lib/media/MediaDetails.svelte (or using a callback) instead
2026-10-06T00:56:01.1275808Z https://svelte.dev/e/ownership_invalid_mutation
2026-10-06T00:56:01.2326670Z 2026-10-06T00:56:01.232Z pw:browser [pid=2863][err] [1006/005601.232324:INFO:CONSOLE:1222] "%c[svelte] ownership_invalid_mutation
2026-10-06T00:56:01.2329698Z 2026-10-06T00:56:01.232Z pw:browser [pid=2863][err] %cMutating unbound props (`editorFrameRef`, at src/​lib/​media/​FocalPointEditor.svelte:18:96) is strongly discouraged. Consider using `bind:editorFrameRef={...}` in src/lib/media/MediaDetails.svelte (or using a callback) instead
2026-10-06T00:56:01.2332042Z 2026-10-06T00:56:01.232Z pw:browser [pid=2863][err] https://svelte.dev/e/ownership_invalid_mutation font-weight: bold font-weight: normal", source: http://localhost:63315/__vitest_browser__/tester-BJtsJFpD.js (1222)
2026-10-06T00:56:01.2335410Z [90mstderr[2m | parity/emdash/media-admin-editor/source/packages/admin/tests/components/MediaDetailPanel.test.tsx[2m > [22m[2mMediaDetailPanel[2m > [22m[2mresets a custom focal point to the centered fallback
2026-10-06T00:56:01.2343778Z [22m[39m[svelte] ownership_invalid_mutation
2026-10-06T00:56:01.2345367Z Mutating unbound props (`editorFrameRef`, at src/​lib/​media/​FocalPointEditor.svelte:18:96) is strongly discouraged. Consider using `bind:editorFrameRef={...}` in src/lib/media/MediaDetails.svelte (or using a callback) instead
2026-10-06T00:56:01.2346509Z https://svelte.dev/e/ownership_invalid_mutation
2026-10-06T00:56:01.2348106Z [90mstderr[2m | parity/emdash/media-admin-editor/source/packages/admin/tests/components/MediaDetailPanel.test.tsx[2m > [22m[2mMediaDetailPanel[2m > [22m[2mresets a custom focal point to the centered fallback
2026-10-06T00:56:01.2349522Z [22m[39m[svelte] ownership_invalid_mutation
2026-10-06T00:56:01.2351173Z Mutating unbound props (`firstPreviewRef`, at src/​lib/​media/​FocalPointPreviews.svelte:8:99) is strongly discouraged. Consider using `bind:firstPreviewRef={...}` in src/lib/media/MediaDetails.svelte (or using a callback) instead
2026-10-06T00:56:01.2352260Z https://svelte.dev/e/ownership_invalid_mutation
2026-10-06T00:56:01.2353066Z 2026-10-06T00:56:01.233Z pw:browser [pid=2863][err] [1006/005601.233408:INFO:CONSOLE:1222] "%c[svelte] ownership_invalid_mutation
2026-10-06T00:56:01.2355096Z 2026-10-06T00:56:01.233Z pw:browser [pid=2863][err] %cMutating unbound props (`firstPreviewRef`, at src/​lib/​media/​FocalPointPreviews.svelte:8:99) is strongly discouraged. Consider using `bind:firstPreviewRef={...}` in src/lib/media/MediaDetails.svelte (or using a callback) instead
2026-10-06T00:56:01.2357107Z 2026-10-06T00:56:01.233Z pw:browser [pid=2863][err] https://svelte.dev/e/ownership_invalid_mutation font-weight: bold font-weight: normal", source: http://localhost:63315/__vitest_browser__/tester-BJtsJFpD.js (1222)
2026-10-06T00:56:01.2366611Z 2026-10-06T00:56:01.236Z pw:browser [pid=2863][err] [1006/005601.236481:INFO:CONSOLE:1222] "%c[svelte] ownership_invalid_mutation
2026-10-06T00:56:01.2368971Z 2026-10-06T00:56:01.236Z pw:browser [pid=2863][err] %cMutating unbound props (`editorFrameRef`, at src/​lib/​media/​FocalPointEditor.svelte:18:32) is strongly discouraged. Consider using `bind:editorFrameRef={...}` in src/lib/media/MediaDetails.svelte (or using a callback) instead
2026-10-06T00:56:01.2371916Z 2026-10-06T00:56:01.236Z pw:browser [pid=2863][err] https://svelte.dev/e/ownership_invalid_mutation font-weight: bold font-weight: normal", source: http://localhost:63315/__vitest_browser__/tester-BJtsJFpD.js (1222)
2026-10-06T00:56:01.2374304Z [90mstderr[2m | parity/emdash/media-admin-editor/source/packages/admin/tests/components/MediaDetailPanel.test.tsx[2m > [22m[2mMediaDetailPanel[2m > [22m[2mresets a custom focal point to the centered fallback
2026-10-06T00:56:01.2375713Z [22m[39m[svelte] ownership_invalid_mutation
2026-10-06T00:56:01.2377188Z Mutating unbound props (`editorFrameRef`, at src/​lib/​media/​FocalPointEditor.svelte:18:32) is strongly discouraged. Consider using `bind:editorFrameRef={...}` in src/lib/media/MediaDetails.svelte (or using a callback) instead
2026-10-06T00:56:01.2378004Z https://svelte.dev/e/ownership_invalid_mutation
2026-10-06T00:56:01.2397085Z 2026-10-06T00:56:01.239Z pw:browser [pid=2863][err] [1006/005601.239483:INFO:CONSOLE:1222] "%c[svelte] ownership_invalid_mutation
2026-10-06T00:56:01.2400334Z 2026-10-06T00:56:01.239Z pw:browser [pid=2863][err] %cMutating unbound props (`firstPreviewRef`, at src/​lib/​media/​FocalPointPreviews.svelte:8:33) is strongly discouraged. Consider using `bind:firstPreviewRef={...}` in src/lib/media/MediaDetails.svelte (or using a callback) instead
2026-10-06T00:56:01.2403157Z 2026-10-06T00:56:01.239Z pw:browser [pid=2863][err] https://svelte.dev/e/ownership_invalid_mutation font-weight: bold font-weight: normal", source: http://localhost:63315/__vitest_browser__/tester-BJtsJFpD.js (1222)
2026-10-06T00:56:01.2406650Z [90mstderr[2m | parity/emdash/media-admin-editor/source/packages/admin/tests/components/MediaDetailPanel.test.tsx[2m > [22m[2mMediaDetailPanel[2m > [22m[2mresets a custom focal point to the centered fallback
2026-10-06T00:56:01.2407950Z [22m[39m[svelte] ownership_invalid_mutation
2026-10-06T00:56:01.2409494Z Mutating unbound props (`firstPreviewRef`, at src/​lib/​media/​FocalPointPreviews.svelte:8:33) is strongly discouraged. Consider using `bind:firstPreviewRef={...}` in src/lib/media/MediaDetails.svelte (or using a callback) instead
2026-10-06T00:56:01.2410945Z https://svelte.dev/e/ownership_invalid_mutation
2026-10-06T00:56:01.2445589Z 2026-10-06T00:56:01.244Z pw:browser [pid=2863][err] [1006/005601.244307:INFO:CONSOLE:1222] "%c[svelte] ownership_invalid_mutation
2026-10-06T00:56:01.2456654Z 2026-10-06T00:56:01.244Z pw:browser [pid=2863][err] %cMutating unbound props (`editorFrameRef`, at src/​lib/​media/​FocalPointEditor.svelte:18:96) is strongly discouraged. Consider using `bind:editorFrameRef={...}` in src/lib/media/MediaDetails.svelte (or using a callback) instead
2026-10-06T00:56:01.2458906Z 2026-10-06T00:56:01.244Z pw:browser [pid=2863][err] https://svelte.dev/e/ownership_invalid_mutation font-weight: bold font-weight: normal", source: http://localhost:63315/__vitest_browser__/tester-BJtsJFpD.js (1222)
2026-10-06T00:56:01.2461295Z [90mstderr[2m | parity/emdash/media-admin-editor/source/packages/admin/tests/components/MediaDetailPanel.test.tsx[2m > [22m[2mMediaDetailPanel[2m > [22m[2mdoes not create unsaved changes by opening Focal point
2026-10-06T00:56:01.2462461Z [22m[39m[svelte] ownership_invalid_mutation
2026-10-06T00:56:01.2464065Z Mutating unbound props (`editorFrameRef`, at src/​lib/​media/​FocalPointEditor.svelte:18:96) is strongly discouraged. Consider using `bind:editorFrameRef={...}` in src/lib/media/MediaDetails.svelte (or using a callback) instead
2026-10-06T00:56:01.2465248Z https://svelte.dev/e/ownership_invalid_mutation
2026-10-06T00:56:01.2466690Z [90mstderr[2m | parity/emdash/media-admin-editor/source/packages/admin/tests/components/MediaDetailPanel.test.tsx[2m > [22m[2mMediaDetailPanel[2m > [22m[2mdoes not create unsaved changes by opening Focal point
2026-10-06T00:56:01.2467752Z [22m[39m[svelte] ownership_invalid_mutation
2026-10-06T00:56:01.2469309Z Mutating unbound props (`firstPreviewRef`, at src/​lib/​media/​FocalPointPreviews.svelte:8:99) is strongly discouraged. Consider using `bind:firstPreviewRef={...}` in src/lib/media/MediaDetails.svelte (or using a callback) instead
2026-10-06T00:56:01.2470478Z https://svelte.dev/e/ownership_invalid_mutation
2026-10-06T00:56:01.2471525Z 2026-10-06T00:56:01.245Z pw:browser [pid=2863][err] [1006/005601.245104:INFO:CONSOLE:1222] "%c[svelte] ownership_invalid_mutation
2026-10-06T00:56:01.2473774Z 2026-10-06T00:56:01.245Z pw:browser [pid=2863][err] %cMutating unbound props (`firstPreviewRef`, at src/​lib/​media/​FocalPointPreviews.svelte:8:99) is strongly discouraged. Consider using `bind:firstPreviewRef={...}` in src/lib/media/MediaDetails.svelte (or using a callback) instead
2026-10-06T00:56:01.2475870Z 2026-10-06T00:56:01.245Z pw:browser [pid=2863][err] https://svelte.dev/e/ownership_invalid_mutation font-weight: bold font-weight: normal", source: http://localhost:63315/__vitest_browser__/tester-BJtsJFpD.js (1222)
2026-10-06T00:56:01.2478366Z 2026-10-06T00:56:01.247Z pw:browser [pid=2863][err] [1006/005601.247660:INFO:CONSOLE:1222] "%c[svelte] ownership_invalid_mutation
2026-10-06T00:56:01.2481274Z 2026-10-06T00:56:01.247Z pw:browser [pid=2863][err] %cMutating unbound props (`editorFrameRef`, at src/​lib/​media/​FocalPointEditor.svelte:18:32) is strongly discouraged. Consider using `bind:editorFrameRef={...}` in src/lib/media/MediaDetails.svelte (or using a callback) instead
2026-10-06T00:56:01.2483580Z 2026-10-06T00:56:01.247Z pw:browser [pid=2863][err] https://svelte.dev/e/ownership_invalid_mutation font-weight: bold font-weight: normal", source: http://localhost:63315/__vitest_browser__/tester-BJtsJFpD.js (1222)
2026-10-06T00:56:01.2485901Z [90mstderr[2m | parity/emdash/media-admin-editor/source/packages/admin/tests/components/MediaDetailPanel.test.tsx[2m > [22m[2mMediaDetailPanel[2m > [22m[2mdoes not create unsaved changes by opening Focal point
2026-10-06T00:56:01.2487229Z [22m[39m[svelte] ownership_invalid_mutation
2026-10-06T00:56:01.2488794Z Mutating unbound props (`editorFrameRef`, at src/​lib/​media/​FocalPointEditor.svelte:18:32) is strongly discouraged. Consider using `bind:editorFrameRef={...}` in src/lib/media/MediaDetails.svelte (or using a callback) instead
2026-10-06T00:56:01.2490092Z https://svelte.dev/e/ownership_invalid_mutation
2026-10-06T00:56:01.2506224Z 2026-10-06T00:56:01.250Z pw:browser [pid=2863][err] [1006/005601.250421:INFO:CONSOLE:1222] "%c[svelte] ownership_invalid_mutation
2026-10-06T00:56:01.2510246Z 2026-10-06T00:56:01.250Z pw:browser [pid=2863][err] %cMutating unbound props (`firstPreviewRef`, at src/​lib/​media/​FocalPointPreviews.svelte:8:33) is strongly discouraged. Consider using `bind:firstPreviewRef={...}` in src/lib/media/MediaDetails.svelte (or using a callback) instead
2026-10-06T00:56:01.2512727Z 2026-10-06T00:56:01.250Z pw:browser [pid=2863][err] https://svelte.dev/e/ownership_invalid_mutation font-weight: bold font-weight: normal", source: http://localhost:63315/__vitest_browser__/tester-BJtsJFpD.js (1222)
2026-10-06T00:56:01.2514978Z [90mstderr[2m | parity/emdash/media-admin-editor/source/packages/admin/tests/components/MediaDetailPanel.test.tsx[2m > [22m[2mMediaDetailPanel[2m > [22m[2mdoes not create unsaved changes by opening Focal point
2026-10-06T00:56:01.2516233Z [22m[39m[svelte] ownership_invalid_mutation
2026-10-06T00:56:01.2517897Z Mutating unbound props (`firstPreviewRef`, at src/​lib/​media/​FocalPointPreviews.svelte:8:33) is strongly discouraged. Consider using `bind:firstPreviewRef={...}` in src/lib/media/MediaDetails.svelte (or using a callback) instead
2026-10-06T00:56:01.2519161Z https://svelte.dev/e/ownership_invalid_mutation
2026-10-06T00:56:01.2542080Z 2026-10-06T00:56:01.254Z pw:browser [pid=2863][err] [1006/005601.253922:INFO:CONSOLE:1222] "%c[svelte] ownership_invalid_mutation
2026-10-06T00:56:01.2544480Z 2026-10-06T00:56:01.254Z pw:browser [pid=2863][err] %cMutating unbound props (`editorFrameRef`, at src/​lib/​media/​FocalPointEditor.svelte:18:96) is strongly discouraged. Consider using `bind:editorFrameRef={...}` in src/lib/media/MediaDetails.svelte (or using a callback) instead
2026-10-06T00:56:01.2546920Z 2026-10-06T00:56:01.254Z pw:browser [pid=2863][err] https://svelte.dev/e/ownership_invalid_mutation font-weight: bold font-weight: normal", source: http://localhost:63315/__vitest_browser__/tester-BJtsJFpD.js (1222)
2026-10-06T00:56:01.2548587Z 2026-10-06T00:56:01.254Z pw:browser [pid=2863][err] [1006/005601.254429:INFO:CONSOLE:1222] "%c[svelte] ownership_invalid_mutation
2026-10-06T00:56:01.2550896Z 2026-10-06T00:56:01.254Z pw:browser [pid=2863][err] %cMutating unbound props (`firstPreviewRef`, at src/​lib/​media/​FocalPointPreviews.svelte:8:99) is strongly discouraged. Consider using `bind:firstPreviewRef={...}` in src/lib/media/MediaDetails.svelte (or using a callback) instead
2026-10-06T00:56:01.2553051Z 2026-10-06T00:56:01.254Z pw:browser [pid=2863][err] https://svelte.dev/e/ownership_invalid_mutation font-weight: bold font-weight: normal", source: http://localhost:63315/__vitest_browser__/tester-BJtsJFpD.js (1222)
2026-10-06T00:56:01.2555939Z [90mstderr[2m | parity/emdash/media-admin-editor/source/packages/admin/tests/components/MediaDetailPanel.test.tsx[2m > [22m[2mMediaDetailPanel[2m > [22m[2mdoes not show image preview for non-image mimeTypes
2026-10-06T00:56:01.2557655Z [22m[39m[svelte] ownership_invalid_mutation
2026-10-06T00:56:01.2559412Z Mutating unbound props (`editorFrameRef`, at src/​lib/​media/​FocalPointEditor.svelte:18:96) is strongly discouraged. Consider using `bind:editorFrameRef={...}` in src/lib/media/MediaDetails.svelte (or using a callback) instead
2026-10-06T00:56:01.2561023Z https://svelte.dev/e/ownership_invalid_mutation
2026-10-06T00:56:01.2562422Z [90mstderr[2m | parity/emdash/media-admin-editor/source/packages/admin/tests/components/MediaDetailPanel.test.tsx[2m > [22m[2mMediaDetailPanel[2m > [22m[2mdoes not show image preview for non-image mimeTypes
2026-10-06T00:56:01.2563224Z [22m[39m[svelte] ownership_invalid_mutation
2026-10-06T00:56:01.2564265Z Mutating unbound props (`firstPreviewRef`, at src/​lib/​media/​FocalPointPreviews.svelte:8:99) is strongly discouraged. Consider using `bind:firstPreviewRef={...}` in src/lib/media/MediaDetails.svelte (or using a callback) instead
2026-10-06T00:56:01.2565048Z https://svelte.dev/e/ownership_invalid_mutation
2026-10-06T00:56:01.2611837Z 2026-10-06T00:56:01.260Z pw:browser [pid=2863][err] [1006/005601.260896:INFO:CONSOLE:1222] "%c[svelte] ownership_invalid_mutation
2026-10-06T00:56:01.2614338Z 2026-10-06T00:56:01.261Z pw:browser [pid=2863][err] %cMutating unbound props (`editorFrameRef`, at src/​lib/​media/​FocalPointEditor.svelte:18:32) is strongly discouraged. Consider using `bind:editorFrameRef={...}` in src/lib/media/MediaDetails.svelte (or using a callback) instead
2026-10-06T00:56:01.2616042Z 2026-10-06T00:56:01.261Z pw:browser [pid=2863][err] https://svelte.dev/e/ownership_invalid_mutation font-weight: bold font-weight: normal", source: http://localhost:63315/__vitest_browser__/tester-BJtsJFpD.js (1222)
2026-10-06T00:56:01.2617327Z [90mstderr[2m | parity/emdash/media-admin-editor/source/packages/admin/tests/components/MediaDetailPanel.test.tsx[2m > [22m[2mMediaDetailPanel[2m > [22m[2malt text input is editable
2026-10-06T00:56:01.2618016Z [22m[39m[svelte] ownership_invalid_mutation
2026-10-06T00:56:01.2619022Z Mutating unbound props (`editorFrameRef`, at src/​lib/​media/​FocalPointEditor.svelte:18:32) is strongly discouraged. Consider using `bind:editorFrameRef={...}` in src/lib/media/MediaDetails.svelte (or using a callback) instead
2026-10-06T00:56:01.2619898Z https://svelte.dev/e/ownership_invalid_mutation
2026-10-06T00:56:01.2741793Z 2026-10-06T00:56:01.273Z pw:browser [pid=2863][err] [1006/005601.273806:INFO:CONSOLE:1222] "%c[svelte] ownership_invalid_mutation
2026-10-06T00:56:01.2744254Z 2026-10-06T00:56:01.273Z pw:browser [pid=2863][err] %cMutating unbound props (`editorFrameRef`, at src/​lib/​media/​FocalPointEditor.svelte:18:96) is strongly discouraged. Consider using `bind:editorFrameRef={...}` in src/lib/media/MediaDetails.svelte (or using a callback) instead
2026-10-06T00:56:01.2746466Z 2026-10-06T00:56:01.273Z pw:browser [pid=2863][err] https://svelte.dev/e/ownership_invalid_mutation font-weight: bold font-weight: normal", source: http://localhost:63315/__vitest_browser__/tester-BJtsJFpD.js (1222)
2026-10-06T00:56:01.2748543Z [90mstderr[2m | parity/emdash/media-admin-editor/source/packages/admin/tests/components/MediaDetailPanel.test.tsx[2m > [22m[2mMediaDetailPanel[2m > [22m[2mshows caption textarea only for images
2026-10-06T00:56:01.2749758Z [22m[39m[svelte] ownership_invalid_mutation
2026-10-06T00:56:01.2751538Z Mutating unbound props (`editorFrameRef`, at src/​lib/​media/​FocalPointEditor.svelte:18:96) is strongly discouraged. Consider using `bind:editorFrameRef={...}` in src/lib/media/MediaDetails.svelte (or using a callback) instead
2026-10-06T00:56:01.2752821Z https://svelte.dev/e/ownership_invalid_mutation
2026-10-06T00:56:01.2771425Z 2026-10-06T00:56:01.276Z pw:browser [pid=2863][err] [1006/005601.276918:INFO:CONSOLE:1222] "%c[svelte] ownership_invalid_mutation
2026-10-06T00:56:01.2774112Z 2026-10-06T00:56:01.277Z pw:browser [pid=2863][err] %cMutating unbound props (`editorFrameRef`, at src/​lib/​media/​FocalPointEditor.svelte:18:32) is strongly discouraged. Consider using `bind:editorFrameRef={...}` in src/lib/media/MediaDetails.svelte (or using a callback) instead
2026-10-06T00:56:01.2776448Z 2026-10-06T00:56:01.277Z pw:browser [pid=2863][err] https://svelte.dev/e/ownership_invalid_mutation font-weight: bold font-weight: normal", source: http://localhost:63315/__vitest_browser__/tester-BJtsJFpD.js (1222)
2026-10-06T00:56:01.2778652Z [90mstderr[2m | parity/emdash/media-admin-editor/source/packages/admin/tests/components/MediaDetailPanel.test.tsx[2m > [22m[2mMediaDetailPanel[2m > [22m[2mshows caption textarea only for images
2026-10-06T00:56:01.2779936Z [22m[39m[svelte] ownership_invalid_mutation
2026-10-06T00:56:01.2781770Z Mutating unbound props (`editorFrameRef`, at src/​lib/​media/​FocalPointEditor.svelte:18:32) is strongly discouraged. Consider using `bind:editorFrameRef={...}` in src/lib/media/MediaDetails.svelte (or using a callback) instead
2026-10-06T00:56:01.2783012Z https://svelte.dev/e/ownership_invalid_mutation
2026-10-06T00:56:01.2800136Z 2026-10-06T00:56:01.279Z pw:browser [pid=2863][err] [1006/005601.279776:INFO:CONSOLE:1222] "%c[svelte] ownership_invalid_mutation
2026-10-06T00:56:01.2802852Z 2026-10-06T00:56:01.279Z pw:browser [pid=2863][err] %cMutating unbound props (`editorFrameRef`, at src/​lib/​media/​FocalPointEditor.svelte:18:96) is strongly discouraged. Consider using `bind:editorFrameRef={...}` in src/lib/media/MediaDetails.svelte (or using a callback) instead
2026-10-06T00:56:01.2805013Z 2026-10-06T00:56:01.279Z pw:browser [pid=2863][err] https://svelte.dev/e/ownership_invalid_mutation font-weight: bold font-weight: normal", source: http://localhost:63315/__vitest_browser__/tester-BJtsJFpD.js (1222)
2026-10-06T00:56:01.2822916Z [90mstderr[2m | parity/emdash/media-admin-editor/source/packages/admin/tests/components/MediaDetailPanel.test.tsx[2m > [22m[2mMediaDetailPanel[2m > [22m[2mhides caption textarea for non-images
2026-10-06T00:56:01.2824107Z [22m[39m[svelte] ownership_invalid_mutation
2026-10-06T00:56:01.2825921Z Mutating unbound props (`editorFrameRef`, at src/​lib/​media/​FocalPointEditor.svelte:18:96) is strongly discouraged. Consider using `bind:editorFrameRef={...}` in src/lib/media/MediaDetails.svelte (or using a callback) instead
2026-10-06T00:56:01.2827104Z https://svelte.dev/e/ownership_invalid_mutation
2026-10-06T00:56:01.2885730Z 2026-10-06T00:56:01.287Z pw:browser [pid=2863][err] [1006/005601.287748:INFO:CONSOLE:1222] "%c[svelte] ownership_invalid_mutation
2026-10-06T00:56:01.2887737Z 2026-10-06T00:56:01.287Z pw:browser [pid=2863][err] %cMutating unbound props (`editorFrameRef`, at src/​lib/​media/​FocalPointEditor.svelte:18:32) is strongly discouraged. Consider using `bind:editorFrameRef={...}` in src/lib/media/MediaDetails.svelte (or using a callback) instead
2026-10-06T00:56:01.2889661Z 2026-10-06T00:56:01.287Z pw:browser [pid=2863][err] https://svelte.dev/e/ownership_invalid_mutation font-weight: bold font-weight: normal", source: http://localhost:63315/__vitest_browser__/tester-BJtsJFpD.js (1222)
2026-10-06T00:56:01.2891488Z [90mstderr[2m | parity/emdash/media-admin-editor/source/packages/admin/tests/components/MediaDetailPanel.test.tsx[2m > [22m[2mMediaDetailPanel[2m > [22m[2mfilename input is disabled with tooltip help
2026-10-06T00:56:01.2892468Z [22m[39m[svelte] ownership_invalid_mutation
2026-10-06T00:56:01.2894546Z Mutating unbound props (`editorFrameRef`, at src/​lib/​media/​FocalPointEditor.svelte:18:32) is strongly discouraged. Consider using `bind:editorFrameRef={...}` in src/lib/media/MediaDetails.svelte (or using a callback) instead
2026-10-06T00:56:01.2896130Z https://svelte.dev/e/ownership_invalid_mutation
2026-10-06T00:56:01.2911909Z 2026-10-06T00:56:01.291Z pw:browser [pid=2863][err] [1006/005601.290931:INFO:CONSOLE:1222] "%c[svelte] ownership_invalid_mutation
2026-10-06T00:56:01.2914649Z 2026-10-06T00:56:01.291Z pw:browser [pid=2863][err] %cMutating unbound props (`editorFrameRef`, at src/​lib/​media/​FocalPointEditor.svelte:18:96) is strongly discouraged. Consider using `bind:editorFrameRef={...}` in src/lib/media/MediaDetails.svelte (or using a callback) instead
2026-10-06T00:56:01.2916893Z 2026-10-06T00:56:01.291Z pw:browser [pid=2863][err] https://svelte.dev/e/ownership_invalid_mutation font-weight: bold font-weight: normal", source: http://localhost:63315/__vitest_browser__/tester-BJtsJFpD.js (1222)
2026-10-06T00:56:01.2919146Z [90mstderr[2m | parity/emdash/media-admin-editor/source/packages/admin/tests/components/MediaDetailPanel.test.tsx[2m > [22m[2mMediaDetailPanel[2m > [22m[2msave button is disabled when no changes
2026-10-06T00:56:01.2920427Z [22m[39m[svelte] ownership_invalid_mutation
2026-10-06T00:56:01.2922236Z Mutating unbound props (`editorFrameRef`, at src/​lib/​media/​FocalPointEditor.svelte:18:96) is strongly discouraged. Consider using `bind:editorFrameRef={...}` in src/lib/media/MediaDetails.svelte (or using a callback) instead
2026-10-06T00:56:01.2923536Z https://svelte.dev/e/ownership_invalid_mutation
2026-10-06T00:56:01.2939190Z 2026-10-06T00:56:01.293Z pw:browser [pid=2863][err] [1006/005601.293723:INFO:CONSOLE:1222] "%c[svelte] ownership_invalid_mutation
2026-10-06T00:56:01.2941727Z 2026-10-06T00:56:01.293Z pw:browser [pid=2863][err] %cMutating unbound props (`editorFrameRef`, at src/​lib/​media/​FocalPointEditor.svelte:18:32) is strongly discouraged. Consider using `bind:editorFrameRef={...}` in src/lib/media/MediaDetails.svelte (or using a callback) instead
2026-10-06T00:56:01.2943558Z 2026-10-06T00:56:01.293Z pw:browser [pid=2863][err] https://svelte.dev/e/ownership_invalid_mutation font-weight: bold font-weight: normal", source: http://localhost:63315/__vitest_browser__/tester-BJtsJFpD.js (1222)
2026-10-06T00:56:01.2945625Z [90mstderr[2m | parity/emdash/media-admin-editor/source/packages/admin/tests/components/MediaDetailPanel.test.tsx[2m > [22m[2mMediaDetailPanel[2m > [22m[2msave button is disabled when no changes
2026-10-06T00:56:01.2946514Z [22m[39m[svelte] ownership_invalid_mutation
2026-10-06T00:56:01.2947515Z Mutating unbound props (`editorFrameRef`, at src/​lib/​media/​FocalPointEditor.svelte:18:32) is strongly discouraged. Consider using `bind:editorFrameRef={...}` in src/lib/media/MediaDetails.svelte (or using a callback) instead
2026-10-06T00:56:01.2948409Z https://svelte.dev/e/ownership_invalid_mutation
2026-10-06T00:56:01.2965972Z 2026-10-06T00:56:01.296Z pw:browser [pid=2863][err] [1006/005601.296412:INFO:CONSOLE:1222] "%c[svelte] ownership_invalid_mutation
2026-10-06T00:56:01.2968357Z 2026-10-06T00:56:01.296Z pw:browser [pid=2863][err] %cMutating unbound props (`editorFrameRef`, at src/​lib/​media/​FocalPointEditor.svelte:18:96) is strongly discouraged. Consider using `bind:editorFrameRef={...}` in src/lib/media/MediaDetails.svelte (or using a callback) instead
2026-10-06T00:56:01.2970388Z 2026-10-06T00:56:01.296Z pw:browser [pid=2863][err] https://svelte.dev/e/ownership_invalid_mutation font-weight: bold font-weight: normal", source: http://localhost:63315/__vitest_browser__/tester-BJtsJFpD.js (1222)
2026-10-06T00:56:01.2974819Z [90mstderr[2m | parity/emdash/media-admin-editor/source/packages/admin/tests/components/MediaDetailPanel.test.tsx[2m > [22m[2mMediaDetailPanel[2m > [22m[2msave button is enabled after changing alt text
2026-10-06T00:56:01.2976055Z [22m[39m[svelte] ownership_invalid_mutation
2026-10-06T00:56:01.2977628Z Mutating unbound props (`editorFrameRef`, at src/​lib/​media/​FocalPointEditor.svelte:18:96) is strongly discouraged. Consider using `bind:editorFrameRef={...}` in src/lib/media/MediaDetails.svelte (or using a callback) instead
2026-10-06T00:56:01.2978776Z https://svelte.dev/e/ownership_invalid_mutation
2026-10-06T00:56:01.2991994Z 2026-10-06T00:56:01.299Z pw:browser [pid=2863][err] [1006/005601.298955:INFO:CONSOLE:1222] "%c[svelte] ownership_invalid_mutation
2026-10-06T00:56:01.2995030Z 2026-10-06T00:56:01.299Z pw:browser [pid=2863][err] %cMutating unbound props (`editorFrameRef`, at src/​lib/​media/​FocalPointEditor.svelte:18:32) is strongly discouraged. Consider using `bind:editorFrameRef={...}` in src/lib/media/MediaDetails.svelte (or using a callback) instead
2026-10-06T00:56:01.2997074Z 2026-10-06T00:56:01.299Z pw:browser [pid=2863][err] https://svelte.dev/e/ownership_invalid_mutation font-weight: bold font-weight: normal", source: http://localhost:63315/__vitest_browser__/tester-BJtsJFpD.js (1222)
2026-10-06T00:56:01.2998499Z [90mstderr[2m | parity/emdash/media-admin-editor/source/packages/admin/tests/components/MediaDetailPanel.test.tsx[2m > [22m[2mMediaDetailPanel[2m > [22m[2msave button is enabled after changing alt text
2026-10-06T00:56:01.2999224Z [22m[39m[svelte] ownership_invalid_mutation
2026-10-06T00:56:01.3000212Z Mutating unbound props (`editorFrameRef`, at src/​lib/​media/​FocalPointEditor.svelte:18:32) is strongly discouraged. Consider using `bind:editorFrameRef={...}` in src/lib/media/MediaDetails.svelte (or using a callback) instead
2026-10-06T00:56:01.3001485Z https://svelte.dev/e/ownership_invalid_mutation
2026-10-06T00:56:01.3121064Z 2026-10-06T00:56:01.311Z pw:browser [pid=2863][err] [1006/005601.311749:INFO:CONSOLE:1222] "%c[svelte] ownership_invalid_mutation
2026-10-06T00:56:01.3123437Z 2026-10-06T00:56:01.311Z pw:browser [pid=2863][err] %cMutating unbound props (`editorFrameRef`, at src/​lib/​media/​FocalPointEditor.svelte:18:96) is strongly discouraged. Consider using `bind:editorFrameRef={...}` in src/lib/media/MediaDetails.svelte (or using a callback) instead
2026-10-06T00:56:01.3125766Z 2026-10-06T00:56:01.311Z pw:browser [pid=2863][err] https://svelte.dev/e/ownership_invalid_mutation font-weight: bold font-weight: normal", source: http://localhost:63315/__vitest_browser__/tester-BJtsJFpD.js (1222)
2026-10-06T00:56:01.3134872Z [90mstderr[2m | parity/emdash/media-admin-editor/source/packages/admin/tests/components/MediaDetailPanel.test.tsx[2m > [22m[2mMediaDetailPanel[2m > [22m[2msave calls updateMedia with correct payload
2026-10-06T00:56:01.3136093Z [22m[39m[svelte] ownership_invalid_mutation
2026-10-06T00:56:01.3137748Z Mutating unbound props (`editorFrameRef`, at src/​lib/​media/​FocalPointEditor.svelte:18:96) is strongly discouraged. Consider using `bind:editorFrameRef={...}` in src/lib/media/MediaDetails.svelte (or using a callback) instead
2026-10-06T00:56:01.3138918Z https://svelte.dev/e/ownership_invalid_mutation
2026-10-06T00:56:01.3156471Z 2026-10-06T00:56:01.315Z pw:browser [pid=2863][err] [1006/005601.315269:INFO:CONSOLE:1222] "%c[svelte] ownership_invalid_mutation
2026-10-06T00:56:01.3161423Z 2026-10-06T00:56:01.315Z pw:browser [pid=2863][err] %cMutating unbound props (`editorFrameRef`, at src/​lib/​media/​FocalPointEditor.svelte:18:32) is strongly discouraged. Consider using `bind:editorFrameRef={...}` in src/lib/media/MediaDetails.svelte (or using a callback) instead
2026-10-06T00:56:01.3163908Z 2026-10-06T00:56:01.315Z pw:browser [pid=2863][err] https://svelte.dev/e/ownership_invalid_mutation font-weight: bold font-weight: normal", source: http://localhost:63315/__vitest_browser__/tester-BJtsJFpD.js (1222)
2026-10-06T00:56:01.3166094Z [90mstderr[2m | parity/emdash/media-admin-editor/source/packages/admin/tests/components/MediaDetailPanel.test.tsx[2m > [22m[2mMediaDetailPanel[2m > [22m[2msave calls updateMedia with correct payload
2026-10-06T00:56:01.3167198Z [22m[39m[svelte] ownership_invalid_mutation
2026-10-06T00:56:01.3168698Z Mutating unbound props (`editorFrameRef`, at src/​lib/​media/​FocalPointEditor.svelte:18:32) is strongly discouraged. Consider using `bind:editorFrameRef={...}` in src/lib/media/MediaDetails.svelte (or using a callback) instead
2026-10-06T00:56:01.3169759Z https://svelte.dev/e/ownership_invalid_mutation
2026-10-06T00:56:01.3827891Z 2026-10-06T00:56:01.382Z pw:browser [pid=2863][err] [1006/005601.382286:INFO:CONSOLE:1222] "%c[svelte] ownership_invalid_mutation
2026-10-06T00:56:01.3831093Z 2026-10-06T00:56:01.382Z pw:browser [pid=2863][err] %cMutating unbound props (`editorFrameRef`, at src/​lib/​media/​FocalPointEditor.svelte:18:96) is strongly discouraged. Consider using `bind:editorFrameRef={...}` in src/lib/media/MediaDetails.svelte (or using a callback) instead
2026-10-06T00:56:01.3835551Z 2026-10-06T00:56:01.382Z pw:browser [pid=2863][err] https://svelte.dev/e/ownership_invalid_mutation font-weight: bold font-weight: normal", source: http://localhost:63315/__vitest_browser__/tester-BJtsJFpD.js (1222)
2026-10-06T00:56:01.3837473Z [90mstderr[2m | parity/emdash/media-admin-editor/source/packages/admin/tests/components/MediaDetailPanel.test.tsx[2m > [22m[2mMediaDetailPanel[2m > [22m[2msaves empty strings when clearing alt text and caption
2026-10-06T00:56:01.3838270Z [22m[39m[svelte] ownership_invalid_mutation
2026-10-06T00:56:01.3839301Z Mutating unbound props (`editorFrameRef`, at src/​lib/​media/​FocalPointEditor.svelte:18:96) is strongly discouraged. Consider using `bind:editorFrameRef={...}` in src/lib/media/MediaDetails.svelte (or using a callback) instead
2026-10-06T00:56:01.3840067Z https://svelte.dev/e/ownership_invalid_mutation
2026-10-06T00:56:01.3857996Z 2026-10-06T00:56:01.385Z pw:browser [pid=2863][err] [1006/005601.385487:INFO:CONSOLE:1222] "%c[svelte] ownership_invalid_mutation
2026-10-06T00:56:01.3860474Z 2026-10-06T00:56:01.385Z pw:browser [pid=2863][err] %cMutating unbound props (`editorFrameRef`, at src/​lib/​media/​FocalPointEditor.svelte:18:32) is strongly discouraged. Consider using `bind:editorFrameRef={...}` in src/lib/media/MediaDetails.svelte (or using a callback) instead
2026-10-06T00:56:01.3863000Z 2026-10-06T00:56:01.385Z pw:browser [pid=2863][err] https://svelte.dev/e/ownership_invalid_mutation font-weight: bold font-weight: normal", source: http://localhost:63315/__vitest_browser__/tester-BJtsJFpD.js (1222)
2026-10-06T00:56:01.3864358Z [90mstderr[2m | parity/emdash/media-admin-editor/source/packages/admin/tests/components/MediaDetailPanel.test.tsx[2m > [22m[2mMediaDetailPanel[2m > [22m[2msaves empty strings when clearing alt text and caption
2026-10-06T00:56:01.3865122Z [22m[39m[svelte] ownership_invalid_mutation
2026-10-06T00:56:01.3866115Z Mutating unbound props (`editorFrameRef`, at src/​lib/​media/​FocalPointEditor.svelte:18:32) is strongly discouraged. Consider using `bind:editorFrameRef={...}` in src/lib/media/MediaDetails.svelte (or using a callback) instead
2026-10-06T00:56:01.3866855Z https://svelte.dev/e/ownership_invalid_mutation
2026-10-06T00:56:01.4191655Z 2026-10-06T00:56:01.418Z pw:browser [pid=2863][err] [1006/005601.418822:INFO:CONSOLE:1222] "%c[svelte] ownership_invalid_mutation
2026-10-06T00:56:01.4198978Z 2026-10-06T00:56:01.418Z pw:browser [pid=2863][err] %cMutating unbound props (`editorFrameRef`, at src/​lib/​media/​FocalPointEditor.svelte:18:96) is strongly discouraged. Consider using `bind:editorFrameRef={...}` in src/lib/media/MediaDetails.svelte (or using a callback) instead
2026-10-06T00:56:01.4200470Z 2026-10-06T00:56:01.419Z pw:browser [pid=2863][err] https://svelte.dev/e/ownership_invalid_mutation font-weight: bold font-weight: normal", source: http://localhost:63315/__vitest_browser__/tester-BJtsJFpD.js (1222)
2026-10-06T00:56:01.4204954Z [90mstderr[2m | parity/emdash/media-admin-editor/source/packages/admin/tests/components/MediaDetailPanel.test.tsx[2m > [22m[2mMediaDetailPanel[2m > [22m[2mdisables editing and closing while a save is pending
2026-10-06T00:56:01.4206142Z [22m[39m[svelte] ownership_invalid_mutation
2026-10-06T00:56:01.4207685Z Mutating unbound props (`editorFrameRef`, at src/​lib/​media/​FocalPointEditor.svelte:18:96) is strongly discouraged. Consider using `bind:editorFrameRef={...}` in src/lib/media/MediaDetails.svelte (or using a callback) instead
2026-10-06T00:56:01.4208840Z https://svelte.dev/e/ownership_invalid_mutation
2026-10-06T00:56:01.4220262Z 2026-10-06T00:56:01.421Z pw:browser [pid=2863][err] [1006/005601.421806:INFO:CONSOLE:1222] "%c[svelte] ownership_invalid_mutation
2026-10-06T00:56:01.4223276Z 2026-10-06T00:56:01.421Z pw:browser [pid=2863][err] %cMutating unbound props (`editorFrameRef`, at src/​lib/​media/​FocalPointEditor.svelte:18:32) is strongly discouraged. Consider using `bind:editorFrameRef={...}` in src/lib/media/MediaDetails.svelte (or using a callback) instead
2026-10-06T00:56:01.4225841Z 2026-10-06T00:56:01.421Z pw:browser [pid=2863][err] https://svelte.dev/e/ownership_invalid_mutation font-weight: bold font-weight: normal", source: http://localhost:63315/__vitest_browser__/tester-BJtsJFpD.js (1222)
2026-10-06T00:56:01.4228064Z [90mstderr[2m | parity/emdash/media-admin-editor/source/packages/admin/tests/components/MediaDetailPanel.test.tsx[2m > [22m[2mMediaDetailPanel[2m > [22m[2mdisables editing and closing while a save is pending
2026-10-06T00:56:01.4229123Z [22m[39m[svelte] ownership_invalid_mutation
2026-10-06T00:56:01.4230681Z Mutating unbound props (`editorFrameRef`, at src/​lib/​media/​FocalPointEditor.svelte:18:32) is strongly discouraged. Consider using `bind:editorFrameRef={...}` in src/lib/media/MediaDetails.svelte (or using a callback) instead
2026-10-06T00:56:01.4231631Z https://svelte.dev/e/ownership_invalid_mutation
2026-10-06T00:56:01.4845336Z 2026-10-06T00:56:01.484Z pw:browser [pid=2863][err] [1006/005601.483921:INFO:CONSOLE:1222] "%c[svelte] ownership_invalid_mutation
2026-10-06T00:56:01.4848228Z 2026-10-06T00:56:01.484Z pw:browser [pid=2863][err] %cMutating unbound props (`editorFrameRef`, at src/​lib/​media/​FocalPointEditor.svelte:18:96) is strongly discouraged. Consider using `bind:editorFrameRef={...}` in src/lib/media/MediaDetails.svelte (or using a callback) instead
2026-10-06T00:56:01.4850688Z 2026-10-06T00:56:01.484Z pw:browser [pid=2863][err] https://svelte.dev/e/ownership_invalid_mutation font-weight: bold font-weight: normal", source: http://localhost:63315/__vitest_browser__/tester-BJtsJFpD.js (1222)
2026-10-06T00:56:01.4855246Z [90mstderr[2m | parity/emdash/media-admin-editor/source/packages/admin/tests/components/MediaDetailPanel.test.tsx[2m > [22m[2mMediaDetailPanel[2m > [22m[2msaves dirty metadata with the keyboard shortcut
2026-10-06T00:56:01.4856543Z [22m[39m[svelte] ownership_invalid_mutation
2026-10-06T00:56:01.4858247Z Mutating unbound props (`editorFrameRef`, at src/​lib/​media/​FocalPointEditor.svelte:18:96) is strongly discouraged. Consider using `bind:editorFrameRef={...}` in src/lib/media/MediaDetails.svelte (or using a callback) instead
2026-10-06T00:56:01.4859718Z https://svelte.dev/e/ownership_invalid_mutation
2026-10-06T00:56:01.4876026Z 2026-10-06T00:56:01.487Z pw:browser [pid=2863][err] [1006/005601.487393:INFO:CONSOLE:1222] "%c[svelte] ownership_invalid_mutation
2026-10-06T00:56:01.4879524Z 2026-10-06T00:56:01.487Z pw:browser [pid=2863][err] %cMutating unbound props (`editorFrameRef`, at src/​lib/​media/​FocalPointEditor.svelte:18:32) is strongly discouraged. Consider using `bind:editorFrameRef={...}` in src/lib/media/MediaDetails.svelte (or using a callback) instead
2026-10-06T00:56:01.4882553Z 2026-10-06T00:56:01.487Z pw:browser [pid=2863][err] https://svelte.dev/e/ownership_invalid_mutation font-weight: bold font-weight: normal", source: http://localhost:63315/__vitest_browser__/tester-BJtsJFpD.js (1222)
2026-10-06T00:56:01.4884996Z [90mstderr[2m | parity/emdash/media-admin-editor/source/packages/admin/tests/components/MediaDetailPanel.test.tsx[2m > [22m[2mMediaDetailPanel[2m > [22m[2msaves dirty metadata with the keyboard shortcut
2026-10-06T00:56:01.4886306Z [22m[39m[svelte] ownership_invalid_mutation
2026-10-06T00:56:01.4887976Z Mutating unbound props (`editorFrameRef`, at src/​lib/​media/​FocalPointEditor.svelte:18:32) is strongly discouraged. Consider using `bind:editorFrameRef={...}` in src/lib/media/MediaDetails.svelte (or using a callback) instead
2026-10-06T00:56:01.4889242Z https://svelte.dev/e/ownership_invalid_mutation
2026-10-06T00:56:01.5481665Z 2026-10-06T00:56:01.547Z pw:browser [pid=2863][err] [1006/005601.547836:INFO:CONSOLE:1222] "%c[svelte] ownership_invalid_mutation
2026-10-06T00:56:01.5485164Z 2026-10-06T00:56:01.548Z pw:browser [pid=2863][err] %cMutating unbound props (`editorFrameRef`, at src/​lib/​media/​FocalPointEditor.svelte:18:96) is strongly discouraged. Consider using `bind:editorFrameRef={...}` in src/lib/media/MediaDetails.svelte (or using a callback) instead
2026-10-06T00:56:01.5487776Z 2026-10-06T00:56:01.548Z pw:browser [pid=2863][err] https://svelte.dev/e/ownership_invalid_mutation font-weight: bold font-weight: normal", source: http://localhost:63315/__vitest_browser__/tester-BJtsJFpD.js (1222)
2026-10-06T00:56:01.5492780Z [90mstderr[2m | parity/emdash/media-admin-editor/source/packages/admin/tests/components/MediaDetailPanel.test.tsx[2m > [22m[2mMediaDetailPanel[2m > [22m[2mloads bounded Location options only after the control opens
2026-10-06T00:56:01.5496460Z [22m[39m[svelte] ownership_invalid_mutation
2026-10-06T00:56:01.5498050Z Mutating unbound props (`editorFrameRef`, at src/​lib/​media/​FocalPointEditor.svelte:18:96) is strongly discouraged. Consider using `bind:editorFrameRef={...}` in src/lib/media/MediaDetails.svelte (or using a callback) instead
2026-10-06T00:56:01.5498846Z https://svelte.dev/e/ownership_invalid_mutation
2026-10-06T00:56:01.5519654Z 2026-10-06T00:56:01.551Z pw:browser [pid=2863][err] [1006/005601.551779:INFO:CONSOLE:1222] "%c[svelte] ownership_invalid_mutation
2026-10-06T00:56:01.5522449Z 2026-10-06T00:56:01.551Z pw:browser [pid=2863][err] %cMutating unbound props (`editorFrameRef`, at src/​lib/​media/​FocalPointEditor.svelte:18:32) is strongly discouraged. Consider using `bind:editorFrameRef={...}` in src/lib/media/MediaDetails.svelte (or using a callback) instead
2026-10-06T00:56:01.5524862Z 2026-10-06T00:56:01.551Z pw:browser [pid=2863][err] https://svelte.dev/e/ownership_invalid_mutation font-weight: bold font-weight: normal", source: http://localhost:63315/__vitest_browser__/tester-BJtsJFpD.js (1222)
2026-10-06T00:56:01.5529689Z [90mstderr[2m | parity/emdash/media-admin-editor/source/packages/admin/tests/components/MediaDetailPanel.test.tsx[2m > [22m[2mMediaDetailPanel[2m > [22m[2mloads bounded Location options only after the control opens
2026-10-06T00:56:01.5531231Z [22m[39m[svelte] ownership_invalid_mutation
2026-10-06T00:56:01.5533001Z Mutating unbound props (`editorFrameRef`, at src/​lib/​media/​FocalPointEditor.svelte:18:32) is strongly discouraged. Consider using `bind:editorFrameRef={...}` in src/lib/media/MediaDetails.svelte (or using a callback) instead
2026-10-06T00:56:01.5533819Z https://svelte.dev/e/ownership_invalid_mutation
2026-10-06T00:56:01.6105763Z 2026-10-06T00:56:01.610Z pw:browser [pid=2863][err] [1006/005601.610248:INFO:CONSOLE:1222] "%c[svelte] ownership_invalid_mutation
2026-10-06T00:56:01.6108230Z 2026-10-06T00:56:01.610Z pw:browser [pid=2863][err] %cMutating unbound props (`editorFrameRef`, at src/​lib/​media/​FocalPointEditor.svelte:18:96) is strongly discouraged. Consider using `bind:editorFrameRef={...}` in src/lib/media/MediaDetails.svelte (or using a callback) instead
2026-10-06T00:56:01.6112805Z 2026-10-06T00:56:01.610Z pw:browser [pid=2863][err] https://svelte.dev/e/ownership_invalid_mutation font-weight: bold font-weight: normal", source: http://localhost:63315/__vitest_browser__/tester-BJtsJFpD.js (1222)
2026-10-06T00:56:01.6114566Z [90mstderr[2m | parity/emdash/media-admin-editor/source/packages/admin/tests/components/MediaDetailPanel.test.tsx[2m > [22m[2mMediaDetailPanel[2m > [22m[2msaves image metadata and Location in one update
2026-10-06T00:56:01.6115318Z [22m[39m[svelte] ownership_invalid_mutation
2026-10-06T00:56:01.6116323Z Mutating unbound props (`editorFrameRef`, at src/​lib/​media/​FocalPointEditor.svelte:18:96) is strongly discouraged. Consider using `bind:editorFrameRef={...}` in src/lib/media/MediaDetails.svelte (or using a callback) instead
2026-10-06T00:56:01.6117072Z https://svelte.dev/e/ownership_invalid_mutation
2026-10-06T00:56:01.6138938Z 2026-10-06T00:56:01.613Z pw:browser [pid=2863][err] [1006/005601.613483:INFO:CONSOLE:1222] "%c[svelte] ownership_invalid_mutation
2026-10-06T00:56:01.6141922Z 2026-10-06T00:56:01.613Z pw:browser [pid=2863][err] %cMutating unbound props (`editorFrameRef`, at src/​lib/​media/​FocalPointEditor.svelte:18:32) is strongly discouraged. Consider using `bind:editorFrameRef={...}` in src/lib/media/MediaDetails.svelte (or using a callback) instead
2026-10-06T00:56:01.6144020Z 2026-10-06T00:56:01.613Z pw:browser [pid=2863][err] https://svelte.dev/e/ownership_invalid_mutation font-weight: bold font-weight: normal", source: http://localhost:63315/__vitest_browser__/tester-BJtsJFpD.js (1222)
2026-10-06T00:56:01.6146106Z [90mstderr[2m | parity/emdash/media-admin-editor/source/packages/admin/tests/components/MediaDetailPanel.test.tsx[2m > [22m[2mMediaDetailPanel[2m > [22m[2msaves image metadata and Location in one update
2026-10-06T00:56:01.6146896Z [22m[39m[svelte] ownership_invalid_mutation
2026-10-06T00:56:01.6148272Z Mutating unbound props (`editorFrameRef`, at src/​lib/​media/​FocalPointEditor.svelte:18:32) is strongly discouraged. Consider using `bind:editorFrameRef={...}` in src/lib/media/MediaDetails.svelte (or using a callback) instead
2026-10-06T00:56:01.6149018Z https://svelte.dev/e/ownership_invalid_mutation
2026-10-06T00:56:01.6770323Z 2026-10-06T00:56:01.676Z pw:browser [pid=2863][err] [1006/005601.676689:INFO:CONSOLE:1222] "%c[svelte] ownership_invalid_mutation
2026-10-06T00:56:01.6773511Z 2026-10-06T00:56:01.676Z pw:browser [pid=2863][err] %cMutating unbound props (`editorFrameRef`, at src/​lib/​media/​FocalPointEditor.svelte:18:96) is strongly discouraged. Consider using `bind:editorFrameRef={...}` in src/lib/media/MediaDetails.svelte (or using a callback) instead
2026-10-06T00:56:01.6778986Z 2026-10-06T00:56:01.676Z pw:browser [pid=2863][err] https://svelte.dev/e/ownership_invalid_mutation font-weight: bold font-weight: normal", source: http://localhost:63315/__vitest_browser__/tester-BJtsJFpD.js (1222)
2026-10-06T00:56:01.6784904Z [90mstderr[2m | parity/emdash/media-admin-editor/source/packages/admin/tests/components/MediaDetailPanel.test.tsx[2m > [22m[2mMediaDetailPanel[2m > [22m[2mdoes not overwrite Location during a metadata-only save
2026-10-06T00:56:01.6786055Z [22m[39m[svelte] ownership_invalid_mutation
2026-10-06T00:56:01.6787597Z Mutating unbound props (`editorFrameRef`, at src/​lib/​media/​FocalPointEditor.svelte:18:96) is strongly discouraged. Consider using `bind:editorFrameRef={...}` in src/lib/media/MediaDetails.svelte (or using a callback) instead
2026-10-06T00:56:01.6788804Z https://svelte.dev/e/ownership_invalid_mutation
2026-10-06T00:56:01.6804245Z 2026-10-06T00:56:01.680Z pw:browser [pid=2863][err] [1006/005601.679988:INFO:CONSOLE:1222] "%c[svelte] ownership_invalid_mutation
2026-10-06T00:56:01.6806524Z 2026-10-06T00:56:01.680Z pw:browser [pid=2863][err] %cMutating unbound props (`editorFrameRef`, at src/​lib/​media/​FocalPointEditor.svelte:18:32) is strongly discouraged. Consider using `bind:editorFrameRef={...}` in src/lib/media/MediaDetails.svelte (or using a callback) instead
2026-10-06T00:56:01.6808281Z 2026-10-06T00:56:01.680Z pw:browser [pid=2863][err] https://svelte.dev/e/ownership_invalid_mutation font-weight: bold font-weight: normal", source: http://localhost:63315/__vitest_browser__/tester-BJtsJFpD.js (1222)
2026-10-06T00:56:01.6809667Z [90mstderr[2m | parity/emdash/media-admin-editor/source/packages/admin/tests/components/MediaDetailPanel.test.tsx[2m > [22m[2mMediaDetailPanel[2m > [22m[2mdoes not overwrite Location during a metadata-only save
2026-10-06T00:56:01.6810422Z [22m[39m[svelte] ownership_invalid_mutation
2026-10-06T00:56:01.6811992Z Mutating unbound props (`editorFrameRef`, at src/​lib/​media/​FocalPointEditor.svelte:18:32) is strongly discouraged. Consider using `bind:editorFrameRef={...}` in src/lib/media/MediaDetails.svelte (or using a callback) instead
2026-10-06T00:56:01.6812982Z https://svelte.dev/e/ownership_invalid_mutation
2026-10-06T00:56:01.6917682Z 2026-10-06T00:56:01.691Z pw:browser [pid=2863][err] [1006/005601.691428:INFO:CONSOLE:1222] "%c[svelte] ownership_invalid_mutation
2026-10-06T00:56:01.6921087Z 2026-10-06T00:56:01.691Z pw:browser [pid=2863][err] %cMutating unbound props (`editorFrameRef`, at src/​lib/​media/​FocalPointEditor.svelte:18:96) is strongly discouraged. Consider using `bind:editorFrameRef={...}` in src/lib/media/MediaDetails.svelte (or using a callback) instead
2026-10-06T00:56:01.6923790Z 2026-10-06T00:56:01.691Z pw:browser [pid=2863][err] https://svelte.dev/e/ownership_invalid_mutation font-weight: bold font-weight: normal", source: http://localhost:63315/__vitest_browser__/tester-BJtsJFpD.js (1222)
2026-10-06T00:56:01.6926342Z [90mstderr[2m | parity/emdash/media-admin-editor/source/packages/admin/tests/components/MediaDetailPanel.test.tsx[2m > [22m[2mMediaDetailPanel[2m > [22m[2msearches Location independently and resets the search after selection
2026-10-06T00:56:01.6927753Z [22m[39m[svelte] ownership_invalid_mutation
2026-10-06T00:56:01.6929651Z Mutating unbound props (`editorFrameRef`, at src/​lib/​media/​FocalPointEditor.svelte:18:96) is strongly discouraged. Consider using `bind:editorFrameRef={...}` in src/lib/media/MediaDetails.svelte (or using a callback) instead
2026-10-06T00:56:01.6931189Z https://svelte.dev/e/ownership_invalid_mutation
2026-10-06T00:56:01.6948569Z 2026-10-06T00:56:01.694Z pw:browser [pid=2863][err] [1006/005601.694639:INFO:CONSOLE:1222] "%c[svelte] ownership_invalid_mutation
2026-10-06T00:56:01.6953111Z 2026-10-06T00:56:01.694Z pw:browser [pid=2863][err] %cMutating unbound props (`editorFrameRef`, at src/​lib/​media/​FocalPointEditor.svelte:18:32) is strongly discouraged. Consider using `bind:editorFrameRef={...}` in src/lib/media/MediaDetails.svelte (or using a callback) instead
2026-10-06T00:56:01.6955947Z 2026-10-06T00:56:01.694Z pw:browser [pid=2863][err] https://svelte.dev/e/ownership_invalid_mutation font-weight: bold font-weight: normal", source: http://localhost:63315/__vitest_browser__/tester-BJtsJFpD.js (1222)
2026-10-06T00:56:01.6958541Z [90mstderr[2m | parity/emdash/media-admin-editor/source/packages/admin/tests/components/MediaDetailPanel.test.tsx[2m > [22m[2mMediaDetailPanel[2m > [22m[2msearches Location independently and resets the search after selection
2026-10-06T00:56:01.6960045Z [22m[39m[svelte] ownership_invalid_mutation
2026-10-06T00:56:01.6961964Z Mutating unbound props (`editorFrameRef`, at src/​lib/​media/​FocalPointEditor.svelte:18:32) is strongly discouraged. Consider using `bind:editorFrameRef={...}` in src/lib/media/MediaDetails.svelte (or using a callback) instead
2026-10-06T00:56:01.6963841Z https://svelte.dev/e/ownership_invalid_mutation
2026-10-06T00:56:01.7032587Z [90mstderr[2m | parity/emdash/media-admin-editor/source/packages/admin/tests/components/MediaDetailPanel.test.tsx[2m > [22m[2mMediaDetailPanel[2m > [22m[2msearches Location independently and resets the search after selection
2026-10-06T00:56:01.7033609Z [22m[39m[svelte] derived_inert
2026-10-06T00:56:01.7034000Z Reading a derived belonging to a now-destroyed effect may result in stale values
2026-10-06T00:56:01.7034367Z https://svelte.dev/e/derived_inert
2026-10-06T00:56:01.7034852Z 2026-10-06T00:56:01.702Z pw:browser [pid=2863][err] [1006/005601.702724:INFO:CONSOLE:1222] "%c[svelte] derived_inert
2026-10-06T00:56:01.7035669Z 2026-10-06T00:56:01.703Z pw:browser [pid=2863][err] %cReading a derived belonging to a now-destroyed effect may result in stale values
2026-10-06T00:56:01.7036655Z 2026-10-06T00:56:01.703Z pw:browser [pid=2863][err] https://svelte.dev/e/derived_inert font-weight: bold font-weight: normal", source: http://localhost:63315/__vitest_browser__/tester-BJtsJFpD.js (1222)
2026-10-06T00:56:02.0148627Z 2026-10-06T00:56:02.014Z pw:browser [pid=2863][err] [1006/005602.014551:INFO:CONSOLE:1222] "%c[svelte] ownership_invalid_mutation
2026-10-06T00:56:02.0151194Z 2026-10-06T00:56:02.014Z pw:browser [pid=2863][err] %cMutating unbound props (`editorFrameRef`, at src/​lib/​media/​FocalPointEditor.svelte:18:96) is strongly discouraged. Consider using `bind:editorFrameRef={...}` in src/lib/media/MediaDetails.svelte (or using a callback) instead
2026-10-06T00:56:02.0153715Z 2026-10-06T00:56:02.014Z pw:browser [pid=2863][err] https://svelte.dev/e/ownership_invalid_mutation font-weight: bold font-weight: normal", source: http://localhost:63315/__vitest_browser__/tester-BJtsJFpD.js (1222)
2026-10-06T00:56:02.0155814Z [90mstderr[2m | parity/emdash/media-admin-editor/source/packages/admin/tests/components/MediaDetailPanel.test.tsx[2m > [22m[2mMediaDetailPanel[2m > [22m[2mignores duplicate Location saves while the first update is pending
2026-10-06T00:56:02.0157010Z [22m[39m[svelte] ownership_invalid_mutation
2026-10-06T00:56:02.0158553Z Mutating unbound props (`editorFrameRef`, at src/​lib/​media/​FocalPointEditor.svelte:18:96) is strongly discouraged. Consider using `bind:editorFrameRef={...}` in src/lib/media/MediaDetails.svelte (or using a callback) instead
2026-10-06T00:56:02.0159713Z https://svelte.dev/e/ownership_invalid_mutation
2026-10-06T00:56:02.0177425Z 2026-10-06T00:56:02.017Z pw:browser [pid=2863][err] [1006/005602.017557:INFO:CONSOLE:1222] "%c[svelte] ownership_invalid_mutation
2026-10-06T00:56:02.0179851Z 2026-10-06T00:56:02.017Z pw:browser [pid=2863][err] %cMutating unbound props (`editorFrameRef`, at src/​lib/​media/​FocalPointEditor.svelte:18:32) is strongly discouraged. Consider using `bind:editorFrameRef={...}` in src/lib/media/MediaDetails.svelte (or using a callback) instead
2026-10-06T00:56:02.0183488Z 2026-10-06T00:56:02.017Z pw:browser [pid=2863][err] https://svelte.dev/e/ownership_invalid_mutation font-weight: bold font-weight: normal", source: http://localhost:63315/__vitest_browser__/tester-BJtsJFpD.js (1222)
2026-10-06T00:56:02.0192147Z [90mstderr[2m | parity/emdash/media-admin-editor/source/packages/admin/tests/components/MediaDetailPanel.test.tsx[2m > [22m[2mMediaDetailPanel[2m > [22m[2mignores duplicate Location saves while the first update is pending
2026-10-06T00:56:02.0193532Z [22m[39m[svelte] ownership_invalid_mutation
2026-10-06T00:56:02.0195217Z Mutating unbound props (`editorFrameRef`, at src/​lib/​media/​FocalPointEditor.svelte:18:32) is strongly discouraged. Consider using `bind:editorFrameRef={...}` in src/lib/media/MediaDetails.svelte (or using a callback) instead
2026-10-06T00:56:02.0196631Z https://svelte.dev/e/ownership_invalid_mutation
2026-10-06T00:56:02.0763932Z 2026-10-06T00:56:02.076Z pw:browser [pid=2863][err] [1006/005602.075961:INFO:CONSOLE:1222] "%c[svelte] ownership_invalid_mutation
2026-10-06T00:56:02.0773017Z 2026-10-06T00:56:02.076Z pw:browser [pid=2863][err] %cMutating unbound props (`editorFrameRef`, at src/​lib/​media/​FocalPointEditor.svelte:18:96) is strongly discouraged. Consider using `bind:editorFrameRef={...}` in src/lib/media/MediaDetails.svelte (or using a callback) instead
2026-10-06T00:56:02.0774863Z 2026-10-06T00:56:02.076Z pw:browser [pid=2863][err] https://svelte.dev/e/ownership_invalid_mutation font-weight: bold font-weight: normal", source: http://localhost:63315/__vitest_browser__/tester-BJtsJFpD.js (1222)
2026-10-06T00:56:02.0776502Z [90mstderr[2m | parity/emdash/media-admin-editor/source/packages/admin/tests/components/MediaDetailPanel.test.tsx[2m > [22m[2mMediaDetailPanel[2m > [22m[2mmoves a local video without image metadata
2026-10-06T00:56:02.0777405Z [22m[39m[svelte] ownership_invalid_mutation
2026-10-06T00:56:02.0778643Z Mutating unbound props (`editorFrameRef`, at src/​lib/​media/​FocalPointEditor.svelte:18:96) is strongly discouraged. Consider using `bind:editorFrameRef={...}` in src/lib/media/MediaDetails.svelte (or using a callback) instead
2026-10-06T00:56:02.0779526Z https://svelte.dev/e/ownership_invalid_mutation
2026-10-06T00:56:02.1059396Z 2026-10-06T00:56:02.105Z pw:browser [pid=2863][err] [1006/005602.105300:INFO:CONSOLE:1222] "%c[svelte] ownership_invalid_mutation
2026-10-06T00:56:02.1061407Z 2026-10-06T00:56:02.105Z pw:browser [pid=2863][err] %cMutating unbound props (`editorFrameRef`, at src/​lib/​media/​FocalPointEditor.svelte:18:32) is strongly discouraged. Consider using `bind:editorFrameRef={...}` in src/lib/media/MediaDetails.svelte (or using a callback) instead
2026-10-06T00:56:02.1063892Z 2026-10-06T00:56:02.105Z pw:browser [pid=2863][err] https://svelte.dev/e/ownership_invalid_mutation font-weight: bold font-weight: normal", source: http://localhost:63315/__vitest_browser__/tester-BJtsJFpD.js (1222)
2026-10-06T00:56:02.1067429Z [90mstderr[2m | parity/emdash/media-admin-editor/source/packages/admin/tests/components/MediaDetailPanel.test.tsx[2m > [22m[2mMediaDetailPanel[2m > [22m[2mloads one additional bounded Location page on request
2026-10-06T00:56:02.1068272Z [22m[39m[svelte] ownership_invalid_mutation
2026-10-06T00:56:02.1069280Z Mutating unbound props (`editorFrameRef`, at src/​lib/​media/​FocalPointEditor.svelte:18:32) is strongly discouraged. Consider using `bind:editorFrameRef={...}` in src/lib/media/MediaDetails.svelte (or using a callback) instead
2026-10-06T00:56:02.1070049Z https://svelte.dev/e/ownership_invalid_mutation
2026-10-06T00:56:02.2136378Z 2026-10-06T00:56:02.213Z pw:browser [pid=2863][err] [1006/005602.213253:INFO:CONSOLE:1222] "%c[svelte] ownership_invalid_mutation
2026-10-06T00:56:02.2138932Z 2026-10-06T00:56:02.213Z pw:browser [pid=2863][err] %cMutating unbound props (`editorFrameRef`, at src/​lib/​media/​FocalPointEditor.svelte:18:96) is strongly discouraged. Consider using `bind:editorFrameRef={...}` in src/lib/media/MediaDetails.svelte (or using a callback) instead
2026-10-06T00:56:02.2142569Z 2026-10-06T00:56:02.213Z pw:browser [pid=2863][err] https://svelte.dev/e/ownership_invalid_mutation font-weight: bold font-weight: normal", source: http://localhost:63315/__vitest_browser__/tester-BJtsJFpD.js (1222)
2026-10-06T00:56:02.2145448Z [90mstderr[2m | parity/emdash/media-admin-editor/source/packages/admin/tests/components/MediaDetailPanel.test.tsx[2m > [22m[2mMediaDetailPanel[2m > [22m[2mshows a read-only Location when the user cannot move the item
2026-10-06T00:56:02.2146731Z [22m[39m[svelte] ownership_invalid_mutation
2026-10-06T00:56:02.2148361Z Mutating unbound props (`editorFrameRef`, at src/​lib/​media/​FocalPointEditor.svelte:18:96) is strongly discouraged. Consider using `bind:editorFrameRef={...}` in src/lib/media/MediaDetails.svelte (or using a callback) instead
2026-10-06T00:56:02.2149685Z https://svelte.dev/e/ownership_invalid_mutation
2026-10-06T00:56:02.2170903Z 2026-10-06T00:56:02.216Z pw:browser [pid=2863][err] [1006/005602.216824:INFO:CONSOLE:1222] "%c[svelte] ownership_invalid_mutation
2026-10-06T00:56:02.2173359Z 2026-10-06T00:56:02.216Z pw:browser [pid=2863][err] %cMutating unbound props (`editorFrameRef`, at src/​lib/​media/​FocalPointEditor.svelte:18:32) is strongly discouraged. Consider using `bind:editorFrameRef={...}` in src/lib/media/MediaDetails.svelte (or using a callback) instead
2026-10-06T00:56:02.2176034Z 2026-10-06T00:56:02.216Z pw:browser [pid=2863][err] https://svelte.dev/e/ownership_invalid_mutation font-weight: bold font-weight: normal", source: http://localhost:63315/__vitest_browser__/tester-BJtsJFpD.js (1222)
2026-10-06T00:56:02.2178427Z [90mstderr[2m | parity/emdash/media-admin-editor/source/packages/admin/tests/components/MediaDetailPanel.test.tsx[2m > [22m[2mMediaDetailPanel[2m > [22m[2mshows a read-only Location when the user cannot move the item
2026-10-06T00:56:02.2179875Z [22m[39m[svelte] ownership_invalid_mutation
2026-10-06T00:56:02.2181699Z Mutating unbound props (`editorFrameRef`, at src/​lib/​media/​FocalPointEditor.svelte:18:32) is strongly discouraged. Consider using `bind:editorFrameRef={...}` in src/lib/media/MediaDetails.svelte (or using a callback) instead
2026-10-06T00:56:02.2183021Z https://svelte.dev/e/ownership_invalid_mutation
2026-10-06T00:56:02.2227393Z 2026-10-06T00:56:02.222Z pw:browser [pid=2863][err] [1006/005602.222380:INFO:CONSOLE:1222] "%c[svelte] ownership_invalid_mutation
2026-10-06T00:56:02.2235612Z 2026-10-06T00:56:02.222Z pw:browser [pid=2863][err] %cMutating unbound props (`editorFrameRef`, at src/​lib/​media/​FocalPointEditor.svelte:18:96) is strongly discouraged. Consider using `bind:editorFrameRef={...}` in src/lib/media/MediaDetails.svelte (or using a callback) instead
2026-10-06T00:56:02.2238256Z 2026-10-06T00:56:02.222Z pw:browser [pid=2863][err] https://svelte.dev/e/ownership_invalid_mutation font-weight: bold font-weight: normal", source: http://localhost:63315/__vitest_browser__/tester-BJtsJFpD.js (1222)
2026-10-06T00:56:02.2240501Z [90mstderr[2m | parity/emdash/media-admin-editor/source/packages/admin/tests/components/MediaDetailPanel.test.tsx[2m > [22m[2mMediaDetailPanel[2m > [22m[2mrefreshes the open item when its saved folder no longer exists
2026-10-06T00:56:02.2241957Z [22m[39m[svelte] ownership_invalid_mutation
2026-10-06T00:56:02.2243455Z Mutating unbound props (`editorFrameRef`, at src/​lib/​media/​FocalPointEditor.svelte:18:96) is strongly discouraged. Consider using `bind:editorFrameRef={...}` in src/lib/media/MediaDetails.svelte (or using a callback) instead
2026-10-06T00:56:02.2244578Z https://svelte.dev/e/ownership_invalid_mutation
2026-10-06T00:56:02.2259894Z 2026-10-06T00:56:02.225Z pw:browser [pid=2863][err] [1006/005602.225784:INFO:CONSOLE:1222] "%c[svelte] ownership_invalid_mutation
2026-10-06T00:56:02.2263107Z 2026-10-06T00:56:02.225Z pw:browser [pid=2863][err] %cMutating unbound props (`editorFrameRef`, at src/​lib/​media/​FocalPointEditor.svelte:18:32) is strongly discouraged. Consider using `bind:editorFrameRef={...}` in src/lib/media/MediaDetails.svelte (or using a callback) instead
2026-10-06T00:56:02.2265693Z 2026-10-06T00:56:02.225Z pw:browser [pid=2863][err] https://svelte.dev/e/ownership_invalid_mutation font-weight: bold font-weight: normal", source: http://localhost:63315/__vitest_browser__/tester-BJtsJFpD.js (1222)
2026-10-06T00:56:02.2268084Z [90mstderr[2m | parity/emdash/media-admin-editor/source/packages/admin/tests/components/MediaDetailPanel.test.tsx[2m > [22m[2mMediaDetailPanel[2m > [22m[2mrefreshes the open item when its saved folder no longer exists
2026-10-06T00:56:02.2269518Z [22m[39m[svelte] ownership_invalid_mutation
2026-10-06T00:56:02.2271428Z Mutating unbound props (`editorFrameRef`, at src/​lib/​media/​FocalPointEditor.svelte:18:32) is strongly discouraged. Consider using `bind:editorFrameRef={...}` in src/lib/media/MediaDetails.svelte (or using a callback) instead
2026-10-06T00:56:02.2272749Z https://svelte.dev/e/ownership_invalid_mutation
2026-10-06T00:56:02.2388231Z 2026-10-06T00:56:02.238Z pw:browser [pid=2863][err] [1006/005602.238447:INFO:CONSOLE:1222] "%c[svelte] derived_inert
2026-10-06T00:56:02.2389360Z 2026-10-06T00:56:02.238Z pw:browser [pid=2863][err] %cReading a derived belonging to a now-destroyed effect may result in stale values
2026-10-06T00:56:02.2391013Z 2026-10-06T00:56:02.238Z pw:browser [pid=2863][err] https://svelte.dev/e/derived_inert font-weight: bold font-weight: normal", source: http://localhost:63315/__vitest_browser__/tester-BJtsJFpD.js (1222)
2026-10-06T00:56:02.2392945Z [90mstderr[2m | parity/emdash/media-admin-editor/source/packages/admin/tests/components/MediaDetailPanel.test.tsx[2m > [22m[2mMediaDetailPanel[2m > [22m[2mrefreshes the open item when its saved folder no longer exists
2026-10-06T00:56:02.2393725Z [22m[39m[svelte] derived_inert
2026-10-06T00:56:02.2394127Z Reading a derived belonging to a now-destroyed effect may result in stale values
2026-10-06T00:56:02.2394488Z https://svelte.dev/e/derived_inert
2026-10-06T00:56:02.2806662Z 2026-10-06T00:56:02.280Z pw:browser [pid=2863][err] [1006/005602.279900:INFO:CONSOLE:1222] "%c[svelte] ownership_invalid_mutation
2026-10-06T00:56:02.2808936Z 2026-10-06T00:56:02.280Z pw:browser [pid=2863][err] %cMutating unbound props (`editorFrameRef`, at src/​lib/​media/​FocalPointEditor.svelte:18:96) is strongly discouraged. Consider using `bind:editorFrameRef={...}` in src/lib/media/MediaDetails.svelte (or using a callback) instead
2026-10-06T00:56:02.2811127Z 2026-10-06T00:56:02.280Z pw:browser [pid=2863][err] https://svelte.dev/e/ownership_invalid_mutation font-weight: bold font-weight: normal", source: http://localhost:63315/__vitest_browser__/tester-BJtsJFpD.js (1222)
2026-10-06T00:56:02.2813749Z [90mstderr[2m | parity/emdash/media-admin-editor/source/packages/admin/tests/components/MediaDetailPanel.test.tsx[2m > [22m[2mMediaDetailPanel[2m > [22m[2mrefreshes the open item when a selected folder disappears during save
2026-10-06T00:56:02.2814939Z [22m[39m[svelte] ownership_invalid_mutation
2026-10-06T00:56:02.2815940Z Mutating unbound props (`editorFrameRef`, at src/​lib/​media/​FocalPointEditor.svelte:18:96) is strongly discouraged. Consider using `bind:editorFrameRef={...}` in src/lib/media/MediaDetails.svelte (or using a callback) instead
2026-10-06T00:56:02.2816665Z https://svelte.dev/e/ownership_invalid_mutation
2026-10-06T00:56:02.2838050Z 2026-10-06T00:56:02.283Z pw:browser [pid=2863][err] [1006/005602.283329:INFO:CONSOLE:1222] "%c[svelte] ownership_invalid_mutation
2026-10-06T00:56:02.2840264Z 2026-10-06T00:56:02.283Z pw:browser [pid=2863][err] %cMutating unbound props (`editorFrameRef`, at src/​lib/​media/​FocalPointEditor.svelte:18:32) is strongly discouraged. Consider using `bind:editorFrameRef={...}` in src/lib/media/MediaDetails.svelte (or using a callback) instead
2026-10-06T00:56:02.2842765Z 2026-10-06T00:56:02.283Z pw:browser [pid=2863][err] https://svelte.dev/e/ownership_invalid_mutation font-weight: bold font-weight: normal", source: http://localhost:63315/__vitest_browser__/tester-BJtsJFpD.js (1222)
2026-10-06T00:56:02.2844670Z [90mstderr[2m | parity/emdash/media-admin-editor/source/packages/admin/tests/components/MediaDetailPanel.test.tsx[2m > [22m[2mMediaDetailPanel[2m > [22m[2mrefreshes the open item when a selected folder disappears during save
2026-10-06T00:56:02.2845593Z [22m[39m[svelte] ownership_invalid_mutation
2026-10-06T00:56:02.2846798Z Mutating unbound props (`editorFrameRef`, at src/​lib/​media/​FocalPointEditor.svelte:18:32) is strongly discouraged. Consider using `bind:editorFrameRef={...}` in src/lib/media/MediaDetails.svelte (or using a callback) instead
2026-10-06T00:56:02.2847529Z https://svelte.dev/e/ownership_invalid_mutation
2026-10-06T00:56:02.3448253Z [90mstderr[2m | parity/emdash/media-admin-editor/source/packages/admin/tests/components/MediaDetailPanel.test.tsx[2m > [22m[2mMediaDetailPanel[2m > [22m[2mblocks stale save retries while missing-folder recovery is pending
2026-10-06T00:56:02.3449868Z [22m[39m[svelte] ownership_invalid_mutation
2026-10-06T00:56:02.3451946Z Mutating unbound props (`editorFrameRef`, at src/​lib/​media/​FocalPointEditor.svelte:18:96) is strongly discouraged. Consider using `bind:editorFrameRef={...}` in src/lib/media/MediaDetails.svelte (or using a callback) instead
2026-10-06T00:56:02.3453338Z https://svelte.dev/e/ownership_invalid_mutation
2026-10-06T00:56:02.3454395Z 2026-10-06T00:56:02.344Z pw:browser [pid=2863][err] [1006/005602.342030:INFO:CONSOLE:1222] "%c[svelte] ownership_invalid_mutation
2026-10-06T00:56:02.3456589Z 2026-10-06T00:56:02.344Z pw:browser [pid=2863][err] %cMutating unbound props (`editorFrameRef`, at src/​lib/​media/​FocalPointEditor.svelte:18:96) is strongly discouraged. Consider using `bind:editorFrameRef={...}` in src/lib/media/MediaDetails.svelte (or using a callback) instead
2026-10-06T00:56:02.3458950Z 2026-10-06T00:56:02.344Z pw:browser [pid=2863][err] https://svelte.dev/e/ownership_invalid_mutation font-weight: bold font-weight: normal", source: http://localhost:63315/__vitest_browser__/tester-BJtsJFpD.js (1222)
2026-10-06T00:56:02.3460543Z 2026-10-06T00:56:02.345Z pw:browser [pid=2863][err] [1006/005602.345921:INFO:CONSOLE:1222] "%c[svelte] ownership_invalid_mutation
2026-10-06T00:56:02.3462849Z 2026-10-06T00:56:02.345Z pw:browser [pid=2863][err] %cMutating unbound props (`editorFrameRef`, at src/​lib/​media/​FocalPointEditor.svelte:18:32) is strongly discouraged. Consider using `bind:editorFrameRef={...}` in src/lib/media/MediaDetails.svelte (or using a callback) instead
2026-10-06T00:56:02.3465486Z 2026-10-06T00:56:02.346Z pw:browser [pid=2863][err] https://svelte.dev/e/ownership_invalid_mutation font-weight: bold font-weight: normal", source: http://localhost:63315/__vitest_browser__/tester-BJtsJFpD.js (1222)
2026-10-06T00:56:02.3468251Z [90mstderr[2m | parity/emdash/media-admin-editor/source/packages/admin/tests/components/MediaDetailPanel.test.tsx[2m > [22m[2mMediaDetailPanel[2m > [22m[2mblocks stale save retries while missing-folder recovery is pending
2026-10-06T00:56:02.3469693Z [22m[39m[svelte] ownership_invalid_mutation
2026-10-06T00:56:02.3471559Z Mutating unbound props (`editorFrameRef`, at src/​lib/​media/​FocalPointEditor.svelte:18:32) is strongly discouraged. Consider using `bind:editorFrameRef={...}` in src/lib/media/MediaDetails.svelte (or using a callback) instead
2026-10-06T00:56:02.3473023Z https://svelte.dev/e/ownership_invalid_mutation
2026-10-06T00:56:02.4543937Z 2026-10-06T00:56:02.454Z pw:browser [pid=2863][err] [1006/005602.453999:INFO:CONSOLE:1222] "%c[svelte] ownership_invalid_mutation
2026-10-06T00:56:02.4546152Z 2026-10-06T00:56:02.454Z pw:browser [pid=2863][err] %cMutating unbound props (`editorFrameRef`, at src/​lib/​media/​FocalPointEditor.svelte:18:96) is strongly discouraged. Consider using `bind:editorFrameRef={...}` in src/lib/media/MediaDetails.svelte (or using a callback) instead
2026-10-06T00:56:02.4547943Z 2026-10-06T00:56:02.454Z pw:browser [pid=2863][err] https://svelte.dev/e/ownership_invalid_mutation font-weight: bold font-weight: normal", source: http://localhost:63315/__vitest_browser__/tester-BJtsJFpD.js (1222)
2026-10-06T00:56:02.4552410Z [90mstderr[2m | parity/emdash/media-admin-editor/source/packages/admin/tests/components/MediaDetailPanel.test.tsx[2m > [22m[2mMediaDetailPanel[2m > [22m[2mreports when the media itself was deleted during a save
2026-10-06T00:56:02.4553650Z [22m[39m[svelte] ownership_invalid_mutation
2026-10-06T00:56:02.4555378Z Mutating unbound props (`editorFrameRef`, at src/​lib/​media/​FocalPointEditor.svelte:18:96) is strongly discouraged. Consider using `bind:editorFrameRef={...}` in src/lib/media/MediaDetails.svelte (or using a callback) instead
2026-10-06T00:56:02.4556735Z https://svelte.dev/e/ownership_invalid_mutation
2026-10-06T00:56:02.4578178Z 2026-10-06T00:56:02.457Z pw:browser [pid=2863][err] [1006/005602.457530:INFO:CONSOLE:1222] "%c[svelte] ownership_invalid_mutation
2026-10-06T00:56:02.4580435Z 2026-10-06T00:56:02.457Z pw:browser [pid=2863][err] %cMutating unbound props (`editorFrameRef`, at src/​lib/​media/​FocalPointEditor.svelte:18:32) is strongly discouraged. Consider using `bind:editorFrameRef={...}` in src/lib/media/MediaDetails.svelte (or using a callback) instead
2026-10-06T00:56:02.4582739Z 2026-10-06T00:56:02.457Z pw:browser [pid=2863][err] https://svelte.dev/e/ownership_invalid_mutation font-weight: bold font-weight: normal", source: http://localhost:63315/__vitest_browser__/tester-BJtsJFpD.js (1222)
2026-10-06T00:56:02.4584866Z [90mstderr[2m | parity/emdash/media-admin-editor/source/packages/admin/tests/components/MediaDetailPanel.test.tsx[2m > [22m[2mMediaDetailPanel[2m > [22m[2mreports when the media itself was deleted during a save
2026-10-06T00:56:02.4586052Z [22m[39m[svelte] ownership_invalid_mutation
2026-10-06T00:56:02.4588090Z Mutating unbound props (`editorFrameRef`, at src/​lib/​media/​FocalPointEditor.svelte:18:32) is strongly discouraged. Consider using `bind:editorFrameRef={...}` in src/lib/media/MediaDetails.svelte (or using a callback) instead
2026-10-06T00:56:02.4589216Z https://svelte.dev/e/ownership_invalid_mutation
2026-10-06T00:56:02.5147112Z 2026-10-06T00:56:02.514Z pw:browser [pid=2863][err] [1006/005602.514334:INFO:CONSOLE:1222] "%c[svelte] ownership_invalid_mutation
2026-10-06T00:56:02.5149753Z 2026-10-06T00:56:02.514Z pw:browser [pid=2863][err] %cMutating unbound props (`editorFrameRef`, at src/​lib/​media/​FocalPointEditor.svelte:18:96) is strongly discouraged. Consider using `bind:editorFrameRef={...}` in src/lib/media/MediaDetails.svelte (or using a callback) instead
2026-10-06T00:56:02.5152334Z 2026-10-06T00:56:02.514Z pw:browser [pid=2863][err] https://svelte.dev/e/ownership_invalid_mutation font-weight: bold font-weight: normal", source: http://localhost:63315/__vitest_browser__/tester-BJtsJFpD.js (1222)
2026-10-06T00:56:02.5156600Z [90mstderr[2m | parity/emdash/media-admin-editor/source/packages/admin/tests/components/MediaDetailPanel.test.tsx[2m > [22m[2mMediaDetailPanel[2m > [22m[2mdoes not blame the folder when missing-item recovery cannot confirm the state
2026-10-06T00:56:02.5157516Z [22m[39m[svelte] ownership_invalid_mutation
2026-10-06T00:56:02.5158552Z Mutating unbound props (`editorFrameRef`, at src/​lib/​media/​FocalPointEditor.svelte:18:96) is strongly discouraged. Consider using `bind:editorFrameRef={...}` in src/lib/media/MediaDetails.svelte (or using a callback) instead
2026-10-06T00:56:02.5159297Z https://svelte.dev/e/ownership_invalid_mutation
2026-10-06T00:56:02.5182209Z 2026-10-06T00:56:02.518Z pw:browser [pid=2863][err] [1006/005602.517996:INFO:CONSOLE:1222] "%c[svelte] ownership_invalid_mutation
2026-10-06T00:56:02.5184482Z 2026-10-06T00:56:02.518Z pw:browser [pid=2863][err] %cMutating unbound props (`editorFrameRef`, at src/​lib/​media/​FocalPointEditor.svelte:18:32) is strongly discouraged. Consider using `bind:editorFrameRef={...}` in src/lib/media/MediaDetails.svelte (or using a callback) instead
2026-10-06T00:56:02.5186730Z 2026-10-06T00:56:02.518Z pw:browser [pid=2863][err] https://svelte.dev/e/ownership_invalid_mutation font-weight: bold font-weight: normal", source: http://localhost:63315/__vitest_browser__/tester-BJtsJFpD.js (1222)
2026-10-06T00:56:02.5189968Z [90mstderr[2m | parity/emdash/media-admin-editor/source/packages/admin/tests/components/MediaDetailPanel.test.tsx[2m > [22m[2mMediaDetailPanel[2m > [22m[2mdoes not blame the folder when missing-item recovery cannot confirm the state
2026-10-06T00:56:02.5191059Z [22m[39m[svelte] ownership_invalid_mutation
2026-10-06T00:56:02.5192095Z Mutating unbound props (`editorFrameRef`, at src/​lib/​media/​FocalPointEditor.svelte:18:32) is strongly discouraged. Consider using `bind:editorFrameRef={...}` in src/lib/media/MediaDetails.svelte (or using a callback) instead
2026-10-06T00:56:02.5193030Z https://svelte.dev/e/ownership_invalid_mutation
2026-10-06T00:56:02.5764405Z 2026-10-06T00:56:02.576Z pw:browser [pid=2863][err] [1006/005602.576143:INFO:CONSOLE:1222] "%c[svelte] ownership_invalid_mutation
2026-10-06T00:56:02.5766796Z 2026-10-06T00:56:02.576Z pw:browser [pid=2863][err] %cMutating unbound props (`editorFrameRef`, at src/​lib/​media/​FocalPointEditor.svelte:18:96) is strongly discouraged. Consider using `bind:editorFrameRef={...}` in src/lib/media/MediaDetails.svelte (or using a callback) instead
2026-10-06T00:56:02.5768790Z 2026-10-06T00:56:02.576Z pw:browser [pid=2863][err] https://svelte.dev/e/ownership_invalid_mutation font-weight: bold font-weight: normal", source: http://localhost:63315/__vitest_browser__/tester-BJtsJFpD.js (1222)
2026-10-06T00:56:02.5771071Z [90mstderr[2m | parity/emdash/media-admin-editor/source/packages/admin/tests/components/MediaDetailPanel.test.tsx[2m > [22m[2mMediaDetailPanel[2m > [22m[2mdoes not consume the keyboard save shortcut when nothing can be saved
2026-10-06T00:56:02.5772162Z [22m[39m[svelte] ownership_invalid_mutation
2026-10-06T00:56:02.5773995Z Mutating unbound props (`editorFrameRef`, at src/​lib/​media/​FocalPointEditor.svelte:18:96) is strongly discouraged. Consider using `bind:editorFrameRef={...}` in src/lib/media/MediaDetails.svelte (or using a callback) instead
2026-10-06T00:56:02.5775180Z https://svelte.dev/e/ownership_invalid_mutation
2026-10-06T00:56:02.5789529Z 2026-10-06T00:56:02.578Z pw:browser [pid=2863][err] [1006/005602.578775:INFO:CONSOLE:1222] "%c[svelte] ownership_invalid_mutation
2026-10-06T00:56:02.5793355Z 2026-10-06T00:56:02.578Z pw:browser [pid=2863][err] %cMutating unbound props (`editorFrameRef`, at src/​lib/​media/​FocalPointEditor.svelte:18:32) is strongly discouraged. Consider using `bind:editorFrameRef={...}` in src/lib/media/MediaDetails.svelte (or using a callback) instead
2026-10-06T00:56:02.5795617Z 2026-10-06T00:56:02.578Z pw:browser [pid=2863][err] https://svelte.dev/e/ownership_invalid_mutation font-weight: bold font-weight: normal", source: http://localhost:63315/__vitest_browser__/tester-BJtsJFpD.js (1222)
2026-10-06T00:56:02.5797850Z [90mstderr[2m | parity/emdash/media-admin-editor/source/packages/admin/tests/components/MediaDetailPanel.test.tsx[2m > [22m[2mMediaDetailPanel[2m > [22m[2mdoes not consume the keyboard save shortcut when nothing can be saved
2026-10-06T00:56:02.5799089Z [22m[39m[svelte] ownership_invalid_mutation
2026-10-06T00:56:02.5800527Z Mutating unbound props (`editorFrameRef`, at src/​lib/​media/​FocalPointEditor.svelte:18:32) is strongly discouraged. Consider using `bind:editorFrameRef={...}` in src/lib/media/MediaDetails.svelte (or using a callback) instead
2026-10-06T00:56:02.5801800Z https://svelte.dev/e/ownership_invalid_mutation
2026-10-06T00:56:02.5842001Z 2026-10-06T00:56:02.581Z pw:browser [pid=2863][err] [1006/005602.581302:INFO:CONSOLE:1222] "%c[svelte] ownership_invalid_mutation
2026-10-06T00:56:02.5849377Z 2026-10-06T00:56:02.581Z pw:browser [pid=2863][err] %cMutating unbound props (`editorFrameRef`, at src/​lib/​media/​FocalPointEditor.svelte:18:96) is strongly discouraged. Consider using `bind:editorFrameRef={...}` in src/lib/media/MediaDetails.svelte (or using a callback) instead
2026-10-06T00:56:02.5862356Z 2026-10-06T00:56:02.581Z pw:browser [pid=2863][err] https://svelte.dev/e/ownership_invalid_mutation font-weight: bold font-weight: normal", source: http://localhost:63315/__vitest_browser__/tester-BJtsJFpD.js (1222)
2026-10-06T00:56:02.5864303Z [90mstderr[2m | parity/emdash/media-admin-editor/source/packages/admin/tests/components/MediaDetailPanel.test.tsx[2m > [22m[2mMediaDetailPanel[2m > [22m[2mdelete with confirm calls deleteMedia and onClose + onDeleted
2026-10-06T00:56:02.5865092Z [22m[39m[svelte] ownership_invalid_mutation
2026-10-06T00:56:02.5866113Z Mutating unbound props (`editorFrameRef`, at src/​lib/​media/​FocalPointEditor.svelte:18:96) is strongly discouraged. Consider using `bind:editorFrameRef={...}` in src/lib/media/MediaDetails.svelte (or using a callback) instead
2026-10-06T00:56:02.5866876Z https://svelte.dev/e/ownership_invalid_mutation
2026-10-06T00:56:02.5867864Z [90mstderr[2m | parity/emdash/media-admin-editor/source/packages/admin/tests/components/MediaDetailPanel.test.tsx[2m > [22m[2mMediaDetailPanel[2m > [22m[2mdelete with confirm calls deleteMedia and onClose + onDeleted
2026-10-06T00:56:02.5868628Z [22m[39m[svelte] ownership_invalid_mutation
2026-10-06T00:56:02.5869692Z Mutating unbound props (`editorFrameRef`, at src/​lib/​media/​FocalPointEditor.svelte:18:32) is strongly discouraged. Consider using `bind:editorFrameRef={...}` in src/lib/media/MediaDetails.svelte (or using a callback) instead
2026-10-06T00:56:02.5870886Z https://svelte.dev/e/ownership_invalid_mutation
2026-10-06T00:56:02.5871716Z 2026-10-06T00:56:02.584Z pw:browser [pid=2863][err] [1006/005602.584375:INFO:CONSOLE:1222] "%c[svelte] ownership_invalid_mutation
2026-10-06T00:56:02.5874146Z 2026-10-06T00:56:02.584Z pw:browser [pid=2863][err] %cMutating unbound props (`editorFrameRef`, at src/​lib/​media/​FocalPointEditor.svelte:18:32) is strongly discouraged. Consider using `bind:editorFrameRef={...}` in src/lib/media/MediaDetails.svelte (or using a callback) instead
2026-10-06T00:56:02.5876448Z 2026-10-06T00:56:02.584Z pw:browser [pid=2863][err] https://svelte.dev/e/ownership_invalid_mutation font-weight: bold font-weight: normal", source: http://localhost:63315/__vitest_browser__/tester-BJtsJFpD.js (1222)
2026-10-06T00:56:02.6417311Z 2026-10-06T00:56:02.641Z pw:browser [pid=2863][err] [1006/005602.641321:INFO:CONSOLE:1222] "%c[svelte] ownership_invalid_mutation
2026-10-06T00:56:02.6419816Z 2026-10-06T00:56:02.641Z pw:browser [pid=2863][err] %cMutating unbound props (`editorFrameRef`, at src/​lib/​media/​FocalPointEditor.svelte:18:96) is strongly discouraged. Consider using `bind:editorFrameRef={...}` in src/lib/media/MediaDetails.svelte (or using a callback) instead
2026-10-06T00:56:02.6421995Z 2026-10-06T00:56:02.641Z pw:browser [pid=2863][err] https://svelte.dev/e/ownership_invalid_mutation font-weight: bold font-weight: normal", source: http://localhost:63315/__vitest_browser__/tester-BJtsJFpD.js (1222)
2026-10-06T00:56:02.6426271Z [90mstderr[2m | parity/emdash/media-admin-editor/source/packages/admin/tests/components/MediaDetailPanel.test.tsx[2m > [22m[2mMediaDetailPanel[2m > [22m[2mdeletes provider assets through the provider API when deletion is supported
2026-10-06T00:56:02.6427674Z [22m[39m[svelte] ownership_invalid_mutation
2026-10-06T00:56:02.6429011Z Mutating unbound props (`editorFrameRef`, at src/​lib/​media/​FocalPointEditor.svelte:18:96) is strongly discouraged. Consider using `bind:editorFrameRef={...}` in src/lib/media/MediaDetails.svelte (or using a callback) instead
2026-10-06T00:56:02.6445484Z https://svelte.dev/e/ownership_invalid_mutation
2026-10-06T00:56:02.6446382Z 2026-10-06T00:56:02.644Z pw:browser [pid=2863][err] [1006/005602.644403:INFO:CONSOLE:1222] "%c[svelte] ownership_invalid_mutation
2026-10-06T00:56:02.6448723Z 2026-10-06T00:56:02.644Z pw:browser [pid=2863][err] %cMutating unbound props (`editorFrameRef`, at src/​lib/​media/​FocalPointEditor.svelte:18:32) is strongly discouraged. Consider using `bind:editorFrameRef={...}` in src/lib/media/MediaDetails.svelte (or using a callback) instead
2026-10-06T00:56:02.6451702Z 2026-10-06T00:56:02.644Z pw:browser [pid=2863][err] https://svelte.dev/e/ownership_invalid_mutation font-weight: bold font-weight: normal", source: http://localhost:63315/__vitest_browser__/tester-BJtsJFpD.js (1222)
2026-10-06T00:56:02.6453278Z [90mstderr[2m | parity/emdash/media-admin-editor/source/packages/admin/tests/components/MediaDetailPanel.test.tsx[2m > [22m[2mMediaDetailPanel[2m > [22m[2mdeletes provider assets through the provider API when deletion is supported
2026-10-06T00:56:02.6454467Z [22m[39m[svelte] ownership_invalid_mutation
2026-10-06T00:56:02.6455478Z Mutating unbound props (`editorFrameRef`, at src/​lib/​media/​FocalPointEditor.svelte:18:32) is strongly discouraged. Consider using `bind:editorFrameRef={...}` in src/lib/media/MediaDetails.svelte (or using a callback) instead
2026-10-06T00:56:02.6456253Z https://svelte.dev/e/ownership_invalid_mutation
2026-10-06T00:56:02.6999364Z 2026-10-06T00:56:02.699Z pw:browser [pid=2863][err] [1006/005602.699615:INFO:CONSOLE:1222] "%c[svelte] ownership_invalid_mutation
2026-10-06T00:56:02.7005659Z 2026-10-06T00:56:02.699Z pw:browser [pid=2863][err] %cMutating unbound props (`editorFrameRef`, at src/​lib/​media/​FocalPointEditor.svelte:18:96) is strongly discouraged. Consider using `bind:editorFrameRef={...}` in src/lib/media/MediaDetails.svelte (or using a callback) instead
2026-10-06T00:56:02.7008288Z 2026-10-06T00:56:02.699Z pw:browser [pid=2863][err] https://svelte.dev/e/ownership_invalid_mutation font-weight: bold font-weight: normal", source: http://localhost:63315/__vitest_browser__/tester-BJtsJFpD.js (1222)
2026-10-06T00:56:02.7010623Z [90mstderr[2m | parity/emdash/media-admin-editor/source/packages/admin/tests/components/MediaDetailPanel.test.tsx[2m > [22m[2mMediaDetailPanel[2m > [22m[2mdelete cancelled does not call deleteMedia
2026-10-06T00:56:02.7012533Z [22m[39m[svelte] ownership_invalid_mutation
2026-10-06T00:56:02.7014317Z Mutating unbound props (`editorFrameRef`, at src/​lib/​media/​FocalPointEditor.svelte:18:96) is strongly discouraged. Consider using `bind:editorFrameRef={...}` in src/lib/media/MediaDetails.svelte (or using a callback) instead
2026-10-06T00:56:02.7015741Z https://svelte.dev/e/ownership_invalid_mutation
2026-10-06T00:56:02.7031934Z 2026-10-06T00:56:02.702Z pw:browser [pid=2863][err] [1006/005602.702794:INFO:CONSOLE:1222] "%c[svelte] ownership_invalid_mutation
2026-10-06T00:56:02.7034164Z 2026-10-06T00:56:02.702Z pw:browser [pid=2863][err] %cMutating unbound props (`editorFrameRef`, at src/​lib/​media/​FocalPointEditor.svelte:18:32) is strongly discouraged. Consider using `bind:editorFrameRef={...}` in src/lib/media/MediaDetails.svelte (or using a callback) instead
2026-10-06T00:56:02.7035786Z 2026-10-06T00:56:02.702Z pw:browser [pid=2863][err] https://svelte.dev/e/ownership_invalid_mutation font-weight: bold font-weight: normal", source: http://localhost:63315/__vitest_browser__/tester-BJtsJFpD.js (1222)
2026-10-06T00:56:02.7037255Z [90mstderr[2m | parity/emdash/media-admin-editor/source/packages/admin/tests/components/MediaDetailPanel.test.tsx[2m > [22m[2mMediaDetailPanel[2m > [22m[2mdelete cancelled does not call deleteMedia
2026-10-06T00:56:02.7038124Z [22m[39m[svelte] ownership_invalid_mutation
2026-10-06T00:56:02.7039686Z Mutating unbound props (`editorFrameRef`, at src/​lib/​media/​FocalPointEditor.svelte:18:32) is strongly discouraged. Consider using `bind:editorFrameRef={...}` in src/lib/media/MediaDetails.svelte (or using a callback) instead
2026-10-06T00:56:02.7040652Z https://svelte.dev/e/ownership_invalid_mutation
2026-10-06T00:56:02.7079485Z 2026-10-06T00:56:02.707Z pw:browser [pid=2863][err] [1006/005602.707776:INFO:CONSOLE:1222] "%c[svelte] ownership_invalid_mutation
2026-10-06T00:56:02.7081967Z 2026-10-06T00:56:02.707Z pw:browser [pid=2863][err] %cMutating unbound props (`editorFrameRef`, at src/​lib/​media/​FocalPointEditor.svelte:18:96) is strongly discouraged. Consider using `bind:editorFrameRef={...}` in src/lib/media/MediaDetails.svelte (or using a callback) instead
2026-10-06T00:56:02.7084994Z 2026-10-06T00:56:02.707Z pw:browser [pid=2863][err] https://svelte.dev/e/ownership_invalid_mutation font-weight: bold font-weight: normal", source: http://localhost:63315/__vitest_browser__/tester-BJtsJFpD.js (1222)
2026-10-06T00:56:02.7087661Z [90mstderr[2m | parity/emdash/media-admin-editor/source/packages/admin/tests/components/MediaDetailPanel.test.tsx[2m > [22m[2mMediaDetailPanel[2m > [22m[2mclose button calls onClose when clean
2026-10-06T00:56:02.7088986Z [22m[39m[svelte] ownership_invalid_mutation
2026-10-06T00:56:02.7090337Z Mutating unbound props (`editorFrameRef`, at src/​lib/​media/​FocalPointEditor.svelte:18:96) is strongly discouraged. Consider using `bind:editorFrameRef={...}` in src/lib/media/MediaDetails.svelte (or using a callback) instead
2026-10-06T00:56:02.7091358Z https://svelte.dev/e/ownership_invalid_mutation
2026-10-06T00:56:02.7109935Z 2026-10-06T00:56:02.710Z pw:browser [pid=2863][err] [1006/005602.710748:INFO:CONSOLE:1222] "%c[svelte] ownership_invalid_mutation
2026-10-06T00:56:02.7112960Z 2026-10-06T00:56:02.710Z pw:browser [pid=2863][err] %cMutating unbound props (`editorFrameRef`, at src/​lib/​media/​FocalPointEditor.svelte:18:32) is strongly discouraged. Consider using `bind:editorFrameRef={...}` in src/lib/media/MediaDetails.svelte (or using a callback) instead
2026-10-06T00:56:02.7115402Z 2026-10-06T00:56:02.710Z pw:browser [pid=2863][err] https://svelte.dev/e/ownership_invalid_mutation font-weight: bold font-weight: normal", source: http://localhost:63315/__vitest_browser__/tester-BJtsJFpD.js (1222)
2026-10-06T00:56:02.7116810Z [90mstderr[2m | parity/emdash/media-admin-editor/source/packages/admin/tests/components/MediaDetailPanel.test.tsx[2m > [22m[2mMediaDetailPanel[2m > [22m[2mclose button calls onClose when clean
2026-10-06T00:56:02.7117867Z [22m[39m[svelte] ownership_invalid_mutation
2026-10-06T00:56:02.7119072Z Mutating unbound props (`editorFrameRef`, at src/​lib/​media/​FocalPointEditor.svelte:18:32) is strongly discouraged. Consider using `bind:editorFrameRef={...}` in src/lib/media/MediaDetails.svelte (or using a callback) instead
2026-10-06T00:56:02.7120492Z https://svelte.dev/e/ownership_invalid_mutation
2026-10-06T00:56:02.7133016Z 2026-10-06T00:56:02.713Z pw:browser [pid=2863][err] [1006/005602.713057:INFO:CONSOLE:1222] "%c[svelte] ownership_invalid_mutation
2026-10-06T00:56:02.7139507Z 2026-10-06T00:56:02.713Z pw:browser [pid=2863][err] %cMutating unbound props (`editorFrameRef`, at src/​lib/​media/​FocalPointEditor.svelte:18:96) is strongly discouraged. Consider using `bind:editorFrameRef={...}` in src/lib/media/MediaDetails.svelte (or using a callback) instead
2026-10-06T00:56:02.7141191Z 2026-10-06T00:56:02.713Z pw:browser [pid=2863][err] https://svelte.dev/e/ownership_invalid_mutation font-weight: bold font-weight: normal", source: http://localhost:63315/__vitest_browser__/tester-BJtsJFpD.js (1222)
2026-10-06T00:56:02.7142542Z [90mstderr[2m | parity/emdash/media-admin-editor/source/packages/admin/tests/components/MediaDetailPanel.test.tsx[2m > [22m[2mMediaDetailPanel[2m > [22m[2mplaces a compact Back action in the embedded footer
2026-10-06T00:56:02.7143272Z [22m[39m[svelte] ownership_invalid_mutation
2026-10-06T00:56:02.7144243Z Mutating unbound props (`editorFrameRef`, at src/​lib/​media/​FocalPointEditor.svelte:18:96) is strongly discouraged. Consider using `bind:editorFrameRef={...}` in src/lib/media/MediaDetails.svelte (or using a callback) instead
2026-10-06T00:56:02.7144956Z https://svelte.dev/e/ownership_invalid_mutation
2026-10-06T00:56:02.7315203Z 2026-10-06T00:56:02.730Z pw:browser [pid=2863][err] [1006/005602.730306:INFO:CONSOLE:1222] "%c[svelte] ownership_invalid_mutation
2026-10-06T00:56:02.7317791Z 2026-10-06T00:56:02.730Z pw:browser [pid=2863][err] %cMutating unbound props (`editorFrameRef`, at src/​lib/​media/​FocalPointEditor.svelte:18:32) is strongly discouraged. Consider using `bind:editorFrameRef={...}` in src/lib/media/MediaDetails.svelte (or using a callback) instead
2026-10-06T00:56:02.7319582Z 2026-10-06T00:56:02.730Z pw:browser [pid=2863][err] https://svelte.dev/e/ownership_invalid_mutation font-weight: bold font-weight: normal", source: http://localhost:63315/__vitest_browser__/tester-BJtsJFpD.js (1222)
2026-10-06T00:56:02.7321095Z [90mstderr[2m | parity/emdash/media-admin-editor/source/packages/admin/tests/components/MediaDetailPanel.test.tsx[2m > [22m[2mMediaDetailPanel[2m > [22m[2mplaces a compact Back action in the embedded footer
2026-10-06T00:56:02.7321832Z [22m[39m[svelte] ownership_invalid_mutation
2026-10-06T00:56:02.7322830Z Mutating unbound props (`editorFrameRef`, at src/​lib/​media/​FocalPointEditor.svelte:18:32) is strongly discouraged. Consider using `bind:editorFrameRef={...}` in src/lib/media/MediaDetails.svelte (or using a callback) instead
2026-10-06T00:56:02.7323779Z https://svelte.dev/e/ownership_invalid_mutation
2026-10-06T00:56:02.7428630Z [90mstderr[2m | parity/emdash/media-admin-editor/source/packages/admin/tests/components/MediaDetailPanel.test.tsx[2m > [22m[2mMediaDetailPanel[2m > [22m[2mconfirms dirty changes before closing an embedded workspace
2026-10-06T00:56:02.7429773Z [22m[39m[svelte] ownership_invalid_mutation
2026-10-06T00:56:02.7433841Z Mutating unbound props (`editorFrameRef`, at src/​lib/​media/​FocalPointEditor.svelte:18:96) is strongly discouraged. Consider using `bind:editorFrameRef={...}` in src/lib/media/MediaDetails.svelte (or using a callback) instead
2026-10-06T00:56:02.7435205Z https://svelte.dev/e/ownership_invalid_mutation
2026-10-06T00:56:02.7436482Z 2026-10-06T00:56:02.742Z pw:browser [pid=2863][err] [1006/005602.742212:INFO:CONSOLE:1222] "%c[svelte] ownership_invalid_mutation
2026-10-06T00:56:02.7438753Z 2026-10-06T00:56:02.742Z pw:browser [pid=2863][err] %cMutating unbound props (`editorFrameRef`, at src/​lib/​media/​FocalPointEditor.svelte:18:96) is strongly discouraged. Consider using `bind:editorFrameRef={...}` in src/lib/media/MediaDetails.svelte (or using a callback) instead
2026-10-06T00:56:02.7440713Z 2026-10-06T00:56:02.742Z pw:browser [pid=2863][err] https://svelte.dev/e/ownership_invalid_mutation font-weight: bold font-weight: normal", source: http://localhost:63315/__vitest_browser__/tester-BJtsJFpD.js (1222)
2026-10-06T00:56:02.7504738Z 2026-10-06T00:56:02.750Z pw:browser [pid=2863][err] [1006/005602.750124:INFO:CONSOLE:1222] "%c[svelte] ownership_invalid_mutation
2026-10-06T00:56:02.7507340Z 2026-10-06T00:56:02.750Z pw:browser [pid=2863][err] %cMutating unbound props (`editorFrameRef`, at src/​lib/​media/​FocalPointEditor.svelte:18:32) is strongly discouraged. Consider using `bind:editorFrameRef={...}` in src/lib/media/MediaDetails.svelte (or using a callback) instead
2026-10-06T00:56:02.7510061Z 2026-10-06T00:56:02.750Z pw:browser [pid=2863][err] https://svelte.dev/e/ownership_invalid_mutation font-weight: bold font-weight: normal", source: http://localhost:63315/__vitest_browser__/tester-BJtsJFpD.js (1222)
2026-10-06T00:56:02.7512712Z [90mstderr[2m | parity/emdash/media-admin-editor/source/packages/admin/tests/components/MediaDetailPanel.test.tsx[2m > [22m[2mMediaDetailPanel[2m > [22m[2mconfirms dirty changes before closing an embedded workspace
2026-10-06T00:56:02.7514473Z [22m[39m[svelte] ownership_invalid_mutation
2026-10-06T00:56:02.7516269Z Mutating unbound props (`editorFrameRef`, at src/​lib/​media/​FocalPointEditor.svelte:18:32) is strongly discouraged. Consider using `bind:editorFrameRef={...}` in src/lib/media/MediaDetails.svelte (or using a callback) instead
2026-10-06T00:56:02.7517686Z https://svelte.dev/e/ownership_invalid_mutation
2026-10-06T00:56:02.7653704Z 2026-10-06T00:56:02.765Z pw:browser [pid=2863][err] [1006/005602.765050:INFO:CONSOLE:1222] "%c[svelte] ownership_invalid_mutation
2026-10-06T00:56:02.7656152Z 2026-10-06T00:56:02.765Z pw:browser [pid=2863][err] %cMutating unbound props (`editorFrameRef`, at src/​lib/​media/​FocalPointEditor.svelte:18:96) is strongly discouraged. Consider using `bind:editorFrameRef={...}` in src/lib/media/MediaDetails.svelte (or using a callback) instead
2026-10-06T00:56:02.7658830Z 2026-10-06T00:56:02.765Z pw:browser [pid=2863][err] https://svelte.dev/e/ownership_invalid_mutation font-weight: bold font-weight: normal", source: http://localhost:63315/__vitest_browser__/tester-BJtsJFpD.js (1222)
2026-10-06T00:56:02.7665999Z [90mstderr[2m | parity/emdash/media-admin-editor/source/packages/admin/tests/components/MediaDetailPanel.test.tsx[2m > [22m[2mMediaDetailPanel[2m > [22m[2mclose button opens discard confirmation when dirty
2026-10-06T00:56:02.7668488Z [22m[39m[svelte] ownership_invalid_mutation
2026-10-06T00:56:02.7670105Z Mutating unbound props (`editorFrameRef`, at src/​lib/​media/​FocalPointEditor.svelte:18:96) is strongly discouraged. Consider using `bind:editorFrameRef={...}` in src/lib/media/MediaDetails.svelte (or using a callback) instead
2026-10-06T00:56:02.7671260Z https://svelte.dev/e/ownership_invalid_mutation
2026-10-06T00:56:02.7690934Z 2026-10-06T00:56:02.768Z pw:browser [pid=2863][err] [1006/005602.768880:INFO:CONSOLE:1222] "%c[svelte] ownership_invalid_mutation
2026-10-06T00:56:02.7693203Z 2026-10-06T00:56:02.768Z pw:browser [pid=2863][err] %cMutating unbound props (`editorFrameRef`, at src/​lib/​media/​FocalPointEditor.svelte:18:32) is strongly discouraged. Consider using `bind:editorFrameRef={...}` in src/lib/media/MediaDetails.svelte (or using a callback) instead
2026-10-06T00:56:02.7696246Z 2026-10-06T00:56:02.769Z pw:browser [pid=2863][err] https://svelte.dev/e/ownership_invalid_mutation font-weight: bold font-weight: normal", source: http://localhost:63315/__vitest_browser__/tester-BJtsJFpD.js (1222)
2026-10-06T00:56:02.7697886Z [90mstderr[2m | parity/emdash/media-admin-editor/source/packages/admin/tests/components/MediaDetailPanel.test.tsx[2m > [22m[2mMediaDetailPanel[2m > [22m[2mclose button opens discard confirmation when dirty
2026-10-06T00:56:02.7699040Z [22m[39m[svelte] ownership_invalid_mutation
2026-10-06T00:56:02.7700929Z Mutating unbound props (`editorFrameRef`, at src/​lib/​media/​FocalPointEditor.svelte:18:32) is strongly discouraged. Consider using `bind:editorFrameRef={...}` in src/lib/media/MediaDetails.svelte (or using a callback) instead
2026-10-06T00:56:02.7702212Z https://svelte.dev/e/ownership_invalid_mutation
2026-10-06T00:56:02.7816097Z 2026-10-06T00:56:02.781Z pw:browser [pid=2863][err] [1006/005602.781345:INFO:CONSOLE:1222] "%c[svelte] ownership_invalid_mutation
2026-10-06T00:56:02.7818465Z 2026-10-06T00:56:02.781Z pw:browser [pid=2863][err] %cMutating unbound props (`editorFrameRef`, at src/​lib/​media/​FocalPointEditor.svelte:18:96) is strongly discouraged. Consider using `bind:editorFrameRef={...}` in src/lib/media/MediaDetails.svelte (or using a callback) instead
2026-10-06T00:56:02.7832730Z 2026-10-06T00:56:02.781Z pw:browser [pid=2863][err] https://svelte.dev/e/ownership_invalid_mutation font-weight: bold font-weight: normal", source: http://localhost:63315/__vitest_browser__/tester-BJtsJFpD.js (1222)
2026-10-06T00:56:02.7835385Z [90mstderr[2m | parity/emdash/media-admin-editor/source/packages/admin/tests/components/MediaDetailPanel.test.tsx[2m > [22m[2mMediaDetailPanel[2m > [22m[2mcancels the close fallback when reopened before the fallback timer fires
2026-10-06T00:56:02.7836859Z [22m[39m[svelte] ownership_invalid_mutation
2026-10-06T00:56:02.7838617Z Mutating unbound props (`editorFrameRef`, at src/​lib/​media/​FocalPointEditor.svelte:18:96) is strongly discouraged. Consider using `bind:editorFrameRef={...}` in src/lib/media/MediaDetails.svelte (or using a callback) instead
2026-10-06T00:56:02.7839954Z https://svelte.dev/e/ownership_invalid_mutation
2026-10-06T00:56:02.7858249Z 2026-10-06T00:56:02.785Z pw:browser [pid=2863][err] [1006/005602.785611:INFO:CONSOLE:1222] "%c[svelte] ownership_invalid_mutation
2026-10-06T00:56:02.7861423Z 2026-10-06T00:56:02.785Z pw:browser [pid=2863][err] %cMutating unbound props (`editorFrameRef`, at src/​lib/​media/​FocalPointEditor.svelte:18:32) is strongly discouraged. Consider using `bind:editorFrameRef={...}` in src/lib/media/MediaDetails.svelte (or using a callback) instead
2026-10-06T00:56:02.7864244Z 2026-10-06T00:56:02.785Z pw:browser [pid=2863][err] https://svelte.dev/e/ownership_invalid_mutation font-weight: bold font-weight: normal", source: http://localhost:63315/__vitest_browser__/tester-BJtsJFpD.js (1222)
2026-10-06T00:56:02.7866716Z [90mstderr[2m | parity/emdash/media-admin-editor/source/packages/admin/tests/components/MediaDetailPanel.test.tsx[2m > [22m[2mMediaDetailPanel[2m > [22m[2mcancels the close fallback when reopened before the fallback timer fires
2026-10-06T00:56:02.7868205Z [22m[39m[svelte] ownership_invalid_mutation
2026-10-06T00:56:02.7869936Z Mutating unbound props (`editorFrameRef`, at src/​lib/​media/​FocalPointEditor.svelte:18:32) is strongly discouraged. Consider using `bind:editorFrameRef={...}` in src/lib/media/MediaDetails.svelte (or using a callback) instead
2026-10-06T00:56:02.7871472Z https://svelte.dev/e/ownership_invalid_mutation
2026-10-06T00:56:02.7932366Z 2026-10-06T00:56:02.793Z pw:browser [pid=2863][err] [1006/005602.793000:INFO:CONSOLE:1222] "%c[svelte] ownership_invalid_mutation
2026-10-06T00:56:02.7934599Z 2026-10-06T00:56:02.793Z pw:browser [pid=2863][err] %cMutating unbound props (`editorFrameRef`, at src/​lib/​media/​FocalPointEditor.svelte:18:96) is strongly discouraged. Consider using `bind:editorFrameRef={...}` in src/lib/media/MediaDetails.svelte (or using a callback) instead
2026-10-06T00:56:02.7936691Z 2026-10-06T00:56:02.793Z pw:browser [pid=2863][err] https://svelte.dev/e/ownership_invalid_mutation font-weight: bold font-weight: normal", source: http://localhost:63315/__vitest_browser__/tester-BJtsJFpD.js (1222)
2026-10-06T00:56:02.7938015Z [90mstderr[2m | parity/emdash/media-admin-editor/source/packages/admin/tests/components/MediaDetailPanel.test.tsx[2m > [22m[2mMediaDetailPanel[2m > [22m[2mform fields reset when item prop changes
2026-10-06T00:56:02.7938994Z [22m[39m[svelte] ownership_invalid_mutation
2026-10-06T00:56:02.7940005Z Mutating unbound props (`editorFrameRef`, at src/​lib/​media/​FocalPointEditor.svelte:18:96) is strongly discouraged. Consider using `bind:editorFrameRef={...}` in src/lib/media/MediaDetails.svelte (or using a callback) instead
2026-10-06T00:56:02.7940926Z https://svelte.dev/e/ownership_invalid_mutation
2026-10-06T00:56:02.7958470Z 2026-10-06T00:56:02.795Z pw:browser [pid=2863][err] [1006/005602.795660:INFO:CONSOLE:1222] "%c[svelte] ownership_invalid_mutation
2026-10-06T00:56:02.7961889Z 2026-10-06T00:56:02.795Z pw:browser [pid=2863][err] %cMutating unbound props (`editorFrameRef`, at src/​lib/​media/​FocalPointEditor.svelte:18:32) is strongly discouraged. Consider using `bind:editorFrameRef={...}` in src/lib/media/MediaDetails.svelte (or using a callback) instead
2026-10-06T00:56:02.7964153Z 2026-10-06T00:56:02.795Z pw:browser [pid=2863][err] https://svelte.dev/e/ownership_invalid_mutation font-weight: bold font-weight: normal", source: http://localhost:63315/__vitest_browser__/tester-BJtsJFpD.js (1222)
2026-10-06T00:56:02.7966104Z [90mstderr[2m | parity/emdash/media-admin-editor/source/packages/admin/tests/components/MediaDetailPanel.test.tsx[2m > [22m[2mMediaDetailPanel[2m > [22m[2mform fields reset when item prop changes
2026-10-06T00:56:02.7967059Z [22m[39m[svelte] ownership_invalid_mutation
2026-10-06T00:56:02.7968814Z Mutating unbound props (`editorFrameRef`, at src/​lib/​media/​FocalPointEditor.svelte:18:32) is strongly discouraged. Consider using `bind:editorFrameRef={...}` in src/lib/media/MediaDetails.svelte (or using a callback) instead
2026-10-06T00:56:02.7969616Z https://svelte.dev/e/ownership_invalid_mutation
2026-10-06T00:56:02.8005656Z 2026-10-06T00:56:02.800Z pw:browser [pid=2863][err] [1006/005602.800322:INFO:CONSOLE:1222] "%c[svelte] ownership_invalid_mutation
2026-10-06T00:56:02.8008067Z 2026-10-06T00:56:02.800Z pw:browser [pid=2863][err] %cMutating unbound props (`editorFrameRef`, at src/​lib/​media/​FocalPointEditor.svelte:18:96) is strongly discouraged. Consider using `bind:editorFrameRef={...}` in src/lib/media/MediaDetails.svelte (or using a callback) instead
2026-10-06T00:56:02.8021914Z 2026-10-06T00:56:02.800Z pw:browser [pid=2863][err] https://svelte.dev/e/ownership_invalid_mutation font-weight: bold font-weight: normal", source: http://localhost:63315/__vitest_browser__/tester-BJtsJFpD.js (1222)
2026-10-06T00:56:02.8023439Z [90mstderr[2m | parity/emdash/media-admin-editor/source/packages/admin/tests/components/MediaDetailPanel.test.tsx[2m > [22m[2mMediaDetailPanel file URL[2m > [22m[2mshows a shortened file path while copying the absolute URL
2026-10-06T00:56:02.8024217Z [22m[39m[svelte] ownership_invalid_mutation
2026-10-06T00:56:02.8025239Z Mutating unbound props (`editorFrameRef`, at src/​lib/​media/​FocalPointEditor.svelte:18:96) is strongly discouraged. Consider using `bind:editorFrameRef={...}` in src/lib/media/MediaDetails.svelte (or using a callback) instead
2026-10-06T00:56:02.8026011Z https://svelte.dev/e/ownership_invalid_mutation
2026-10-06T00:56:02.8046719Z 2026-10-06T00:56:02.804Z pw:browser [pid=2863][err] [1006/005602.804327:INFO:CONSOLE:1222] "%c[svelte] ownership_invalid_mutation
2026-10-06T00:56:02.8048892Z 2026-10-06T00:56:02.804Z pw:browser [pid=2863][err] %cMutating unbound props (`editorFrameRef`, at src/​lib/​media/​FocalPointEditor.svelte:18:32) is strongly discouraged. Consider using `bind:editorFrameRef={...}` in src/lib/media/MediaDetails.svelte (or using a callback) instead
2026-10-06T00:56:02.8051305Z 2026-10-06T00:56:02.804Z pw:browser [pid=2863][err] https://svelte.dev/e/ownership_invalid_mutation font-weight: bold font-weight: normal", source: http://localhost:63315/__vitest_browser__/tester-BJtsJFpD.js (1222)
2026-10-06T00:56:02.8054019Z [90mstderr[2m | parity/emdash/media-admin-editor/source/packages/admin/tests/components/MediaDetailPanel.test.tsx[2m > [22m[2mMediaDetailPanel file URL[2m > [22m[2mshows a shortened file path while copying the absolute URL
2026-10-06T00:56:02.8055254Z [22m[39m[svelte] ownership_invalid_mutation
2026-10-06T00:56:02.8056752Z Mutating unbound props (`editorFrameRef`, at src/​lib/​media/​FocalPointEditor.svelte:18:32) is strongly discouraged. Consider using `bind:editorFrameRef={...}` in src/lib/media/MediaDetails.svelte (or using a callback) instead
2026-10-06T00:56:02.8057855Z https://svelte.dev/e/ownership_invalid_mutation
2026-10-06T00:56:02.8095122Z 2026-10-06T00:56:02.809Z pw:browser [pid=2863][err] [1006/005602.808944:INFO:CONSOLE:1222] "%c[svelte] ownership_invalid_mutation
2026-10-06T00:56:02.8099861Z 2026-10-06T00:56:02.809Z pw:browser [pid=2863][err] %cMutating unbound props (`editorFrameRef`, at src/​lib/​media/​FocalPointEditor.svelte:18:96) is strongly discouraged. Consider using `bind:editorFrameRef={...}` in src/lib/media/MediaDetails.svelte (or using a callback) instead
2026-10-06T00:56:02.8102101Z 2026-10-06T00:56:02.809Z pw:browser [pid=2863][err] https://svelte.dev/e/ownership_invalid_mutation font-weight: bold font-weight: normal", source: http://localhost:63315/__vitest_browser__/tester-BJtsJFpD.js (1222)
2026-10-06T00:56:02.8104366Z [90mstderr[2m | parity/emdash/media-admin-editor/source/packages/admin/tests/components/MediaDetailPanel.test.tsx[2m > [22m[2mMediaDetailPanel file URL[2m > [22m[2mdoes not expose provider preview URLs as public URLs
2026-10-06T00:56:02.8105773Z [22m[39m[svelte] ownership_invalid_mutation
2026-10-06T00:56:02.8107422Z Mutating unbound props (`editorFrameRef`, at src/​lib/​media/​FocalPointEditor.svelte:18:96) is strongly discouraged. Consider using `bind:editorFrameRef={...}` in src/lib/media/MediaDetails.svelte (or using a callback) instead
2026-10-06T00:56:02.8108714Z https://svelte.dev/e/ownership_invalid_mutation
2026-10-06T00:56:02.8122249Z 2026-10-06T00:56:02.811Z pw:browser [pid=2863][err] [1006/005602.811554:INFO:CONSOLE:1222] "%c[svelte] ownership_invalid_mutation
2026-10-06T00:56:02.8123801Z 2026-10-06T00:56:02.811Z pw:browser [pid=2863][err] %cMutating unbound props (`editorFrameRef`, at src/​lib/​media/​FocalPointEditor.svelte:18:32) is strongly discouraged. Consider using `bind:editorFrameRef={...}` in src/lib/media/MediaDetails.svelte (or using a callback) instead
2026-10-06T00:56:02.8125841Z 2026-10-06T00:56:02.811Z pw:browser [pid=2863][err] https://svelte.dev/e/ownership_invalid_mutation font-weight: bold font-weight: normal", source: http://localhost:63315/__vitest_browser__/tester-BJtsJFpD.js (1222)
2026-10-06T00:56:02.8127218Z [90mstderr[2m | parity/emdash/media-admin-editor/source/packages/admin/tests/components/MediaDetailPanel.test.tsx[2m > [22m[2mMediaDetailPanel file URL[2m > [22m[2mdoes not expose provider preview URLs as public URLs
2026-10-06T00:56:02.8128280Z [22m[39m[svelte] ownership_invalid_mutation
2026-10-06T00:56:02.8131338Z Mutating unbound props (`editorFrameRef`, at src/​lib/​media/​FocalPointEditor.svelte:18:32) is strongly discouraged. Consider using `bind:editorFrameRef={...}` in src/lib/media/MediaDetails.svelte (or using a callback) instead
2026-10-06T00:56:02.8132292Z https://svelte.dev/e/ownership_invalid_mutation
2026-10-06T00:56:02.8138869Z [90mstderr[2m | parity/emdash/media-admin-editor/source/packages/admin/tests/components/MediaDetailPanel.test.tsx[2m > [22m[2mMediaDetailPanel file URL[2m > [22m[2mdoes not expose provider preview URLs as public URLs
2026-10-06T00:56:02.8140148Z [22m[39m[svelte] derived_inert
2026-10-06T00:56:02.8140926Z Reading a derived belonging to a now-destroyed effect may result in stale values
2026-10-06T00:56:02.8141518Z https://svelte.dev/e/derived_inert
2026-10-06T00:56:02.8144645Z [90mstderr[2m | parity/emdash/media-admin-editor/source/packages/admin/tests/components/MediaDetailPanel.test.tsx[2m > [22m[2mMediaDetailPanel file URL[2m > [22m[2mdoes not expose provider preview URLs as public URLs
2026-10-06T00:56:02.8147699Z [22m[39m[svelte] derived_inert
2026-10-06T00:56:02.8148422Z Reading a derived belonging to a now-destroyed effect may result in stale values
2026-10-06T00:56:02.8149464Z https://svelte.dev/e/derived_inert
2026-10-06T00:56:02.8151427Z [90mstderr[2m | parity/emdash/media-admin-editor/source/packages/admin/tests/components/MediaDetailPanel.test.tsx[2m > [22m[2mMediaDetailPanel file URL[2m > [22m[2mdoes not expose provider preview URLs as public URLs
2026-10-06T00:56:02.8152885Z [22m[39m[svelte] derived_inert
2026-10-06T00:56:02.8153664Z Reading a derived belonging to a now-destroyed effect may result in stale values
2026-10-06T00:56:02.8154366Z https://svelte.dev/e/derived_inert
2026-10-06T00:56:02.8156127Z [90mstderr[2m | parity/emdash/media-admin-editor/source/packages/admin/tests/components/MediaDetailPanel.test.tsx[2m > [22m[2mMediaDetailPanel file URL[2m > [22m[2mdoes not expose provider preview URLs as public URLs
2026-10-06T00:56:02.8158671Z [22m[39m[svelte] derived_inert
2026-10-06T00:56:02.8159698Z Reading a derived belonging to a now-destroyed effect may result in stale values
2026-10-06T00:56:02.8161057Z https://svelte.dev/e/derived_inert
2026-10-06T00:56:02.8164408Z [90mstderr[2m | parity/emdash/media-admin-editor/source/packages/admin/tests/components/MediaDetailPanel.test.tsx[2m > [22m[2mMediaDetailPanel file URL[2m > [22m[2mdoes not expose provider preview URLs as public URLs
2026-10-06T00:56:02.8165867Z [22m[39m[svelte] derived_inert
2026-10-06T00:56:02.8166611Z Reading a derived belonging to a now-destroyed effect may result in stale values
2026-10-06T00:56:02.8167353Z https://svelte.dev/e/derived_inert
2026-10-06T00:56:02.8173533Z [90mstderr[2m | parity/emdash/media-admin-editor/source/packages/admin/tests/components/MediaDetailPanel.test.tsx[2m > [22m[2mMediaDetailPanel file URL[2m > [22m[2mdoes not expose provider preview URLs as public URLs
2026-10-06T00:56:02.8177818Z [22m[39m[svelte] derived_inert
2026-10-06T00:56:02.8179043Z Reading a derived belonging to a now-destroyed effect may result in stale values
2026-10-06T00:56:02.8179814Z https://svelte.dev/e/derived_inert
2026-10-06T00:56:02.8181861Z [90mstderr[2m | parity/emdash/media-admin-editor/source/packages/admin/tests/components/MediaDetailPanel.test.tsx[2m > [22m[2mMediaDetailPanel file URL[2m > [22m[2mdoes not expose provider preview URLs as public URLs
2026-10-06T00:56:02.8184235Z [22m[39m[svelte] derived_inert
2026-10-06T00:56:02.8184833Z Reading a derived belonging to a now-destroyed effect may result in stale values
2026-10-06T00:56:02.8185420Z https://svelte.dev/e/derived_inert
2026-10-06T00:56:02.8186511Z [90mstderr[2m | parity/emdash/media-admin-editor/source/packages/admin/tests/components/MediaDetailPanel.test.tsx[2m > [22m[2mMediaDetailPanel file URL[2m > [22m[2mdoes not expose provider preview URLs as public URLs
2026-10-06T00:56:02.8187245Z [22m[39m[svelte] derived_inert
2026-10-06T00:56:02.8187617Z Reading a derived belonging to a now-destroyed effect may result in stale values
2026-10-06T00:56:02.8187989Z https://svelte.dev/e/derived_inert
2026-10-06T00:56:02.8188946Z [90mstderr[2m | parity/emdash/media-admin-editor/source/packages/admin/tests/components/MediaDetailPanel.test.tsx[2m > [22m[2mMediaDetailPanel file URL[2m > [22m[2mdoes not expose provider preview URLs as public URLs
2026-10-06T00:56:02.8189655Z [22m[39m[svelte] derived_inert
2026-10-06T00:56:02.8190020Z Reading a derived belonging to a now-destroyed effect may result in stale values
2026-10-06T00:56:02.8190365Z https://svelte.dev/e/derived_inert
2026-10-06T00:56:02.8191548Z [90mstderr[2m | parity/emdash/media-admin-editor/source/packages/admin/tests/components/MediaDetailPanel.test.tsx[2m > [22m[2mMediaDetailPanel file URL[2m > [22m[2mdoes not expose provider preview URLs as public URLs
2026-10-06T00:56:02.8192364Z [22m[39m[svelte] derived_inert
2026-10-06T00:56:02.8192804Z Reading a derived belonging to a now-destroyed effect may result in stale values
2026-10-06T00:56:02.8193168Z https://svelte.dev/e/derived_inert
2026-10-06T00:56:02.8193912Z 2026-10-06T00:56:02.815Z pw:browser [pid=2863][err] [1006/005602.815641:INFO:CONSOLE:1222] "%c[svelte] derived_inert
2026-10-06T00:56:02.8194663Z 2026-10-06T00:56:02.815Z pw:browser [pid=2863][err] %cReading a derived belonging to a now-destroyed effect may result in stale values
2026-10-06T00:56:02.8195700Z 2026-10-06T00:56:02.815Z pw:browser [pid=2863][err] https://svelte.dev/e/derived_inert font-weight: bold font-weight: normal", source: http://localhost:63315/__vitest_browser__/tester-BJtsJFpD.js (1222)
2026-10-06T00:56:02.8196659Z 2026-10-06T00:56:02.815Z pw:browser [pid=2863][err] [1006/005602.815732:INFO:CONSOLE:1222] "%c[svelte] derived_inert
2026-10-06T00:56:02.8197361Z 2026-10-06T00:56:02.815Z pw:browser [pid=2863][err] %cReading a derived belonging to a now-destroyed effect may result in stale values
2026-10-06T00:56:02.8198391Z 2026-10-06T00:56:02.815Z pw:browser [pid=2863][err] https://svelte.dev/e/derived_inert font-weight: bold font-weight: normal", source: http://localhost:63315/__vitest_browser__/tester-BJtsJFpD.js (1222)
2026-10-06T00:56:02.8199256Z 2026-10-06T00:56:02.816Z pw:browser [pid=2863][err] [1006/005602.815828:INFO:CONSOLE:1222] "%c[svelte] derived_inert
2026-10-06T00:56:02.8200112Z 2026-10-06T00:56:02.816Z pw:browser [pid=2863][err] %cReading a derived belonging to a now-destroyed effect may result in stale values
2026-10-06T00:56:02.8201830Z 2026-10-06T00:56:02.816Z pw:browser [pid=2863][err] https://svelte.dev/e/derived_inert font-weight: bold font-weight: normal", source: http://localhost:63315/__vitest_browser__/tester-BJtsJFpD.js (1222)
2026-10-06T00:56:02.8203137Z 2026-10-06T00:56:02.816Z pw:browser [pid=2863][err] [1006/005602.815913:INFO:CONSOLE:1222] "%c[svelte] derived_inert
2026-10-06T00:56:02.8204551Z 2026-10-06T00:56:02.816Z pw:browser [pid=2863][err] %cReading a derived belonging to a now-destroyed effect may result in stale values
2026-10-06T00:56:02.8206083Z 2026-10-06T00:56:02.816Z pw:browser [pid=2863][err] https://svelte.dev/e/derived_inert font-weight: bold font-weight: normal", source: http://localhost:63315/__vitest_browser__/tester-BJtsJFpD.js (1222)
2026-10-06T00:56:02.8207031Z 2026-10-06T00:56:02.816Z pw:browser [pid=2863][err] [1006/005602.816019:INFO:CONSOLE:1222] "%c[svelte] derived_inert
2026-10-06T00:56:02.8207876Z 2026-10-06T00:56:02.816Z pw:browser [pid=2863][err] %cReading a derived belonging to a now-destroyed effect may result in stale values
2026-10-06T00:56:02.8208794Z 2026-10-06T00:56:02.816Z pw:browser [pid=2863][err] https://svelte.dev/e/derived_inert font-weight: bold font-weight: normal", source: http://localhost:63315/__vitest_browser__/tester-BJtsJFpD.js (1222)
2026-10-06T00:56:02.8209581Z 2026-10-06T00:56:02.816Z pw:browser [pid=2863][err] [1006/005602.816146:INFO:CONSOLE:1222] "%c[svelte] derived_inert
2026-10-06T00:56:02.8210499Z 2026-10-06T00:56:02.816Z pw:browser [pid=2863][err] %cReading a derived belonging to a now-destroyed effect may result in stale values
2026-10-06T00:56:02.8211582Z 2026-10-06T00:56:02.816Z pw:browser [pid=2863][err] https://svelte.dev/e/derived_inert font-weight: bold font-weight: normal", source: http://localhost:63315/__vitest_browser__/tester-BJtsJFpD.js (1222)
2026-10-06T00:56:02.8212369Z 2026-10-06T00:56:02.816Z pw:browser [pid=2863][err] [1006/005602.816235:INFO:CONSOLE:1222] "%c[svelte] derived_inert
2026-10-06T00:56:02.8213006Z 2026-10-06T00:56:02.816Z pw:browser [pid=2863][err] %cReading a derived belonging to a now-destroyed effect may result in stale values
2026-10-06T00:56:02.8214114Z 2026-10-06T00:56:02.816Z pw:browser [pid=2863][err] https://svelte.dev/e/derived_inert font-weight: bold font-weight: normal", source: http://localhost:63315/__vitest_browser__/tester-BJtsJFpD.js (1222)
2026-10-06T00:56:02.8215305Z 2026-10-06T00:56:02.816Z pw:browser [pid=2863][err] [1006/005602.816321:INFO:CONSOLE:1222] "%c[svelte] derived_inert
2026-10-06T00:56:02.8216365Z 2026-10-06T00:56:02.816Z pw:browser [pid=2863][err] %cReading a derived belonging to a now-destroyed effect may result in stale values
2026-10-06T00:56:02.8218786Z 2026-10-06T00:56:02.816Z pw:browser [pid=2863][err] https://svelte.dev/e/derived_inert font-weight: bold font-weight: normal", source: http://localhost:63315/__vitest_browser__/tester-BJtsJFpD.js (1222)
2026-10-06T00:56:02.8220067Z 2026-10-06T00:56:02.816Z pw:browser [pid=2863][err] [1006/005602.816403:INFO:CONSOLE:1222] "%c[svelte] derived_inert
2026-10-06T00:56:02.8221302Z 2026-10-06T00:56:02.816Z pw:browser [pid=2863][err] %cReading a derived belonging to a now-destroyed effect may result in stale values
2026-10-06T00:56:02.8222705Z 2026-10-06T00:56:02.816Z pw:browser [pid=2863][err] https://svelte.dev/e/derived_inert font-weight: bold font-weight: normal", source: http://localhost:63315/__vitest_browser__/tester-BJtsJFpD.js (1222)
2026-10-06T00:56:02.8225020Z 2026-10-06T00:56:02.817Z pw:browser [pid=2863][err] [1006/005602.816876:INFO:CONSOLE:1222] "%c[svelte] derived_inert
2026-10-06T00:56:02.8228922Z 2026-10-06T00:56:02.817Z pw:browser [pid=2863][err] %cReading a derived belonging to a now-destroyed effect may result in stale values
2026-10-06T00:56:02.8230442Z 2026-10-06T00:56:02.817Z pw:browser [pid=2863][err] https://svelte.dev/e/derived_inert font-weight: bold font-weight: normal", source: http://localhost:63315/__vitest_browser__/tester-BJtsJFpD.js (1222)
2026-10-06T00:56:02.8231858Z 2026-10-06T00:56:02.817Z pw:browser [pid=2863][err] [1006/005602.817190:INFO:CONSOLE:1222] "%c[svelte] ownership_invalid_mutation
2026-10-06T00:56:02.8233746Z 2026-10-06T00:56:02.817Z pw:browser [pid=2863][err] %cMutating unbound props (`editorFrameRef`, at src/​lib/​media/​FocalPointEditor.svelte:18:96) is strongly discouraged. Consider using `bind:editorFrameRef={...}` in src/lib/media/MediaDetails.svelte (or using a callback) instead
2026-10-06T00:56:02.8235564Z 2026-10-06T00:56:02.817Z pw:browser [pid=2863][err] https://svelte.dev/e/ownership_invalid_mutation font-weight: bold font-weight: normal", source: http://localhost:63315/__vitest_browser__/tester-BJtsJFpD.js (1222)
2026-10-06T00:56:02.8237905Z [90mstderr[2m | parity/emdash/media-admin-editor/source/packages/admin/tests/components/MediaDetailPanel.test.tsx[2m > [22m[2mMediaDetailPanel file URL[2m > [22m[2mrenders provider assets read-only
2026-10-06T00:56:02.8239097Z [22m[39m[svelte] ownership_invalid_mutation
2026-10-06T00:56:02.8240360Z Mutating unbound props (`editorFrameRef`, at src/​lib/​media/​FocalPointEditor.svelte:18:96) is strongly discouraged. Consider using `bind:editorFrameRef={...}` in src/lib/media/MediaDetails.svelte (or using a callback) instead
2026-10-06T00:56:02.8241256Z https://svelte.dev/e/ownership_invalid_mutation
2026-10-06T00:56:02.8241835Z 2026-10-06T00:56:02.820Z pw:browser [pid=2863][err] [1006/005602.820009:INFO:CONSOLE:1222] "%c[svelte] ownership_invalid_mutation
2026-10-06T00:56:02.8243848Z 2026-10-06T00:56:02.820Z pw:browser [pid=2863][err] %cMutating unbound props (`editorFrameRef`, at src/​lib/​media/​FocalPointEditor.svelte:18:32) is strongly discouraged. Consider using `bind:editorFrameRef={...}` in src/lib/media/MediaDetails.svelte (or using a callback) instead
2026-10-06T00:56:02.8245962Z 2026-10-06T00:56:02.820Z pw:browser [pid=2863][err] https://svelte.dev/e/ownership_invalid_mutation font-weight: bold font-weight: normal", source: http://localhost:63315/__vitest_browser__/tester-BJtsJFpD.js (1222)
2026-10-06T00:56:02.8248998Z [90mstderr[2m | parity/emdash/media-admin-editor/source/packages/admin/tests/components/MediaDetailPanel.test.tsx[2m > [22m[2mMediaDetailPanel file URL[2m > [22m[2mrenders provider assets read-only
2026-10-06T00:56:02.8250215Z [22m[39m[svelte] ownership_invalid_mutation
2026-10-06T00:56:02.8251771Z Mutating unbound props (`editorFrameRef`, at src/​lib/​media/​FocalPointEditor.svelte:18:32) is strongly discouraged. Consider using `bind:editorFrameRef={...}` in src/lib/media/MediaDetails.svelte (or using a callback) instead
2026-10-06T00:56:02.8252547Z https://svelte.dev/e/ownership_invalid_mutation
2026-10-06T00:56:02.8253114Z 2026-10-06T00:56:02.824Z pw:browser [pid=2863][err] [1006/005602.824248:INFO:CONSOLE:1222] "%c[svelte] ownership_invalid_mutation
2026-10-06T00:56:02.8254604Z 2026-10-06T00:56:02.824Z pw:browser [pid=2863][err] %cMutating unbound props (`editorFrameRef`, at src/​lib/​media/​FocalPointEditor.svelte:18:96) is strongly discouraged. Consider using `bind:editorFrameRef={...}` in src/lib/media/MediaDetails.svelte (or using a callback) instead
2026-10-06T00:56:02.8256083Z 2026-10-06T00:56:02.824Z pw:browser [pid=2863][err] https://svelte.dev/e/ownership_invalid_mutation font-weight: bold font-weight: normal", source: http://localhost:63315/__vitest_browser__/tester-BJtsJFpD.js (1222)
2026-10-06T00:56:02.8257604Z [90mstderr[2m | parity/emdash/media-admin-editor/source/packages/admin/tests/components/MediaDetailPanel.test.tsx[2m > [22m[2mMediaDetailPanel file URL[2m > [22m[2mvideo preview[2m > [22m[2mplays a streaming item's HLS/DASH sources rather than its poster URL
2026-10-06T00:56:02.8258439Z [22m[39m[svelte] ownership_invalid_mutation
2026-10-06T00:56:02.8259410Z Mutating unbound props (`editorFrameRef`, at src/​lib/​media/​FocalPointEditor.svelte:18:96) is strongly discouraged. Consider using `bind:editorFrameRef={...}` in src/lib/media/MediaDetails.svelte (or using a callback) instead
2026-10-06T00:56:02.8260125Z https://svelte.dev/e/ownership_invalid_mutation
2026-10-06T00:56:02.8569261Z  [32m✓[39m [30m[43m chromium [49m[39m parity/emdash/media-admin-editor/source/packages/admin/tests/components/MediaDetailPanel.test.tsx [2m([22m[2m86 tests[22m[2m)[22m[33m 3894[2mms[22m[39m
2026-10-06T00:56:02.8570464Z      [33m[2m✓[22m[39m searches Location independently and resets the search after selection [33m 323[2mms[22m[39m
2026-10-06T00:56:02.9066874Z 2026-10-06T00:56:02.905Z pw:browser [pid=2863][err] [1006/005602.905455:INFO:CONSOLE:934] "[vite] connecting...", source: http://localhost:63315/@vite/client (934)
2026-10-06T00:56:02.9211901Z 2026-10-06T00:56:02.920Z pw:browser [pid=2863][err] [1006/005602.920488:INFO:CONSOLE:1045] "[vite] connected.", source: http://localhost:63315/@vite/client (1045)
2026-10-06T00:56:03.4618173Z  [32m✓[39m [30m[43m chromium [49m[39m parity/emdash/media-admin-editor/source/packages/admin/tests/components/MediaUsedIn.test.tsx [2m([22m[2m23 tests[22m[2m)[22m[33m 332[2mms[22m[39m
2026-10-06T00:56:03.4908641Z 2026-10-06T00:56:03.490Z pw:browser [pid=2863][err] [1006/005603.490216:INFO:CONSOLE:934] "[vite] connecting...", source: http://localhost:63315/@vite/client (934)
2026-10-06T00:56:03.5021127Z 2026-10-06T00:56:03.501Z pw:browser [pid=2863][err] [1006/005603.501505:INFO:CONSOLE:1045] "[vite] connected.", source: http://localhost:63315/@vite/client (1045)
2026-10-06T00:56:04.0887682Z  [32m✓[39m [30m[43m chromium [49m[39m parity/emdash/media-admin-editor/source/packages/admin/tests/components/MediaImageCropper.test.tsx [2m([22m[2m12 tests[22m[2m)[22m[33m 396[2mms[22m[39m
2026-10-06T00:56:04.1183513Z 2026-10-06T00:56:04.116Z pw:browser [pid=2863][err] [1006/005604.115913:INFO:CONSOLE:934] "[vite] connecting...", source: http://localhost:63315/@vite/client (934)
2026-10-06T00:56:04.1284406Z 2026-10-06T00:56:04.127Z pw:browser [pid=2863][err] [1006/005604.127290:INFO:CONSOLE:1045] "[vite] connected.", source: http://localhost:63315/@vite/client (1045)
2026-10-06T00:56:04.4086612Z 2026-10-06T00:56:04.408Z pw:browser [pid=2863][err] [1006/005604.408284:INFO:CONSOLE:1222] "%c[svelte] ownership_invalid_mutation
2026-10-06T00:56:04.4089224Z 2026-10-06T00:56:04.408Z pw:browser [pid=2863][err] %cMutating unbound props (`editorFrameRef`, at src/​lib/​media/​FocalPointEditor.svelte:18:32) is strongly discouraged. Consider using `bind:editorFrameRef={...}` in src/lib/media/MediaDetails.svelte (or using a callback) instead
2026-10-06T00:56:04.4091847Z 2026-10-06T00:56:04.408Z pw:browser [pid=2863][err] https://svelte.dev/e/ownership_invalid_mutation font-weight: bold font-weight: normal", source: http://localhost:63315/__vitest_browser__/tester-BJtsJFpD.js (1222)
2026-10-06T00:56:04.4094980Z [90mstderr[2m | parity/emdash/media-admin-editor/source/packages/admin/tests/components/MediaDetailPanelNavigation.test.tsx[2m > [22m[2mMediaDetailPanel usage navigation[2m > [22m[2mrequests and navigates from local media without a usage summary
2026-10-06T00:56:04.4096618Z [22m[39m[svelte] ownership_invalid_mutation
2026-10-06T00:56:04.4098431Z Mutating unbound props (`editorFrameRef`, at src/​lib/​media/​FocalPointEditor.svelte:18:32) is strongly discouraged. Consider using `bind:editorFrameRef={...}` in src/lib/media/MediaDetails.svelte (or using a callback) instead
2026-10-06T00:56:04.4099668Z https://svelte.dev/e/ownership_invalid_mutation
2026-10-06T00:56:04.4754553Z 2026-10-06T00:56:04.475Z pw:browser [pid=2863][err] [1006/005604.475026:INFO:CONSOLE:1222] "%c[svelte] ownership_invalid_mutation
2026-10-06T00:56:04.4757136Z 2026-10-06T00:56:04.475Z pw:browser [pid=2863][err] %cMutating unbound props (`editorFrameRef`, at src/​lib/​media/​FocalPointEditor.svelte:18:96) is strongly discouraged. Consider using `bind:editorFrameRef={...}` in src/lib/media/MediaDetails.svelte (or using a callback) instead
2026-10-06T00:56:04.4759014Z 2026-10-06T00:56:04.475Z pw:browser [pid=2863][err] https://svelte.dev/e/ownership_invalid_mutation font-weight: bold font-weight: normal", source: http://localhost:63315/__vitest_browser__/tester-BJtsJFpD.js (1222)
2026-10-06T00:56:04.4765122Z [90mstderr[2m | parity/emdash/media-admin-editor/source/packages/admin/tests/components/MediaDetailPanelNavigation.test.tsx[2m > [22m[2mMediaDetailPanel usage navigation[2m > [22m[2mrequests and navigates from local media without a usage summary
2026-10-06T00:56:04.4766819Z [22m[39m[svelte] ownership_invalid_mutation
2026-10-06T00:56:04.4772106Z Mutating unbound props (`editorFrameRef`, at src/​lib/​media/​FocalPointEditor.svelte:18:96) is strongly discouraged. Consider using `bind:editorFrameRef={...}` in src/lib/media/MediaDetails.svelte (or using a callback) instead
2026-10-06T00:56:04.4775026Z https://svelte.dev/e/ownership_invalid_mutation
2026-10-06T00:56:04.4777180Z [90mstderr[2m | parity/emdash/media-admin-editor/source/packages/admin/tests/components/MediaDetailPanelNavigation.test.tsx[2m > [22m[2mMediaDetailPanel usage navigation[2m > [22m[2mrequests and navigates from local media without a usage summary
2026-10-06T00:56:04.4780627Z [22m[39mAttempted to synchronously unmount a root while React was already rendering. React cannot finish unmounting the root until the current render has completed, which may lead to a race condition.
2026-10-06T00:56:04.4783273Z 2026-10-06T00:56:04.476Z pw:browser [pid=2863][err] [1006/005604.476455:INFO:CONSOLE:1222] "Attempted to synchronously unmount a root while React was already rendering. React cannot finish unmounting the root until the current render has completed, which may lead to a race condition.", source: http://localhost:63315/__vitest_browser__/tester-BJtsJFpD.js (1222)
2026-10-06T00:56:04.4833548Z 2026-10-06T00:56:04.483Z pw:browser [pid=2863][err] [1006/005604.483113:INFO:CONSOLE:1222] "%c[svelte] ownership_invalid_mutation
2026-10-06T00:56:04.4839079Z 2026-10-06T00:56:04.483Z pw:browser [pid=2863][err] %cMutating unbound props (`editorFrameRef`, at src/​lib/​media/​FocalPointEditor.svelte:18:32) is strongly discouraged. Consider using `bind:editorFrameRef={...}` in src/lib/media/MediaDetails.svelte (or using a callback) instead
2026-10-06T00:56:04.4841164Z 2026-10-06T00:56:04.483Z pw:browser [pid=2863][err] https://svelte.dev/e/ownership_invalid_mutation font-weight: bold font-weight: normal", source: http://localhost:63315/__vitest_browser__/tester-BJtsJFpD.js (1222)
2026-10-06T00:56:04.4846057Z [90mstderr[2m | parity/emdash/media-admin-editor/source/packages/admin/tests/components/MediaDetailPanelNavigation.test.tsx[2m > [22m[2mMediaDetailPanel usage navigation[2m > [22m[2mkeeps the Used in height stable when loading results appear
2026-10-06T00:56:04.4847458Z [22m[39m[svelte] ownership_invalid_mutation
2026-10-06T00:56:04.4849149Z Mutating unbound props (`editorFrameRef`, at src/​lib/​media/​FocalPointEditor.svelte:18:32) is strongly discouraged. Consider using `bind:editorFrameRef={...}` in src/lib/media/MediaDetails.svelte (or using a callback) instead
2026-10-06T00:56:04.4850264Z https://svelte.dev/e/ownership_invalid_mutation
2026-10-06T00:56:04.5919207Z 2026-10-06T00:56:04.591Z pw:browser [pid=2863][err] [1006/005604.591524:INFO:CONSOLE:1222] "%c[svelte] ownership_invalid_mutation
2026-10-06T00:56:04.5922082Z 2026-10-06T00:56:04.591Z pw:browser [pid=2863][err] %cMutating unbound props (`editorFrameRef`, at src/​lib/​media/​FocalPointEditor.svelte:18:96) is strongly discouraged. Consider using `bind:editorFrameRef={...}` in src/lib/media/MediaDetails.svelte (or using a callback) instead
2026-10-06T00:56:04.5924670Z 2026-10-06T00:56:04.591Z pw:browser [pid=2863][err] https://svelte.dev/e/ownership_invalid_mutation font-weight: bold font-weight: normal", source: http://localhost:63315/__vitest_browser__/tester-BJtsJFpD.js (1222)
2026-10-06T00:56:04.5927838Z [90mstderr[2m | parity/emdash/media-admin-editor/source/packages/admin/tests/components/MediaDetailPanelNavigation.test.tsx[2m > [22m[2mMediaDetailPanel usage navigation[2m > [22m[2mmakes no usage request for provider media
2026-10-06T00:56:04.5929830Z [22m[39m[svelte] ownership_invalid_mutation
2026-10-06T00:56:04.5931657Z Mutating unbound props (`editorFrameRef`, at src/​lib/​media/​FocalPointEditor.svelte:18:96) is strongly discouraged. Consider using `bind:editorFrameRef={...}` in src/lib/media/MediaDetails.svelte (or using a callback) instead
2026-10-06T00:56:04.5933443Z https://svelte.dev/e/ownership_invalid_mutation
2026-10-06T00:56:04.5935457Z [90mstderr[2m | parity/emdash/media-admin-editor/source/packages/admin/tests/components/MediaDetailPanelNavigation.test.tsx[2m > [22m[2mMediaDetailPanel usage navigation[2m > [22m[2mmakes no usage request for provider media
2026-10-06T00:56:04.5937910Z [22m[39mAttempted to synchronously unmount a root while React was already rendering. React cannot finish unmounting the root until the current render has completed, which may lead to a race condition.
2026-10-06T00:56:04.5940560Z 2026-10-06T00:56:04.593Z pw:browser [pid=2863][err] [1006/005604.592767:INFO:CONSOLE:1222] "Attempted to synchronously unmount a root while React was already rendering. React cannot finish unmounting the root until the current render has completed, which may lead to a race condition.", source: http://localhost:63315/__vitest_browser__/tester-BJtsJFpD.js (1222)
2026-10-06T00:56:04.5975066Z 2026-10-06T00:56:04.597Z pw:browser [pid=2863][err] [1006/005604.597298:INFO:CONSOLE:1222] "%c[svelte] ownership_invalid_mutation
2026-10-06T00:56:04.5981659Z 2026-10-06T00:56:04.597Z pw:browser [pid=2863][err] %cMutating unbound props (`editorFrameRef`, at src/​lib/​media/​FocalPointEditor.svelte:18:32) is strongly discouraged. Consider using `bind:editorFrameRef={...}` in src/lib/media/MediaDetails.svelte (or using a callback) instead
2026-10-06T00:56:04.5984600Z 2026-10-06T00:56:04.597Z pw:browser [pid=2863][err] https://svelte.dev/e/ownership_invalid_mutation font-weight: bold font-weight: normal", source: http://localhost:63315/__vitest_browser__/tester-BJtsJFpD.js (1222)
2026-10-06T00:56:04.5987524Z [90mstderr[2m | parity/emdash/media-admin-editor/source/packages/admin/tests/components/MediaDetailPanelNavigation.test.tsx[2m > [22m[2mMediaDetailPanel usage navigation[2m > [22m[2mmakes no usage request for provider media
2026-10-06T00:56:04.5988993Z [22m[39m[svelte] ownership_invalid_mutation
2026-10-06T00:56:04.5991383Z Mutating unbound props (`editorFrameRef`, at src/​lib/​media/​FocalPointEditor.svelte:18:32) is strongly discouraged. Consider using `bind:editorFrameRef={...}` in src/lib/media/MediaDetails.svelte (or using a callback) instead
2026-10-06T00:56:04.5992813Z https://svelte.dev/e/ownership_invalid_mutation
2026-10-06T00:56:04.6025161Z 2026-10-06T00:56:04.602Z pw:browser [pid=2863][err] [1006/005604.602261:INFO:CONSOLE:1222] "%c[svelte] ownership_invalid_mutation
2026-10-06T00:56:04.6032282Z 2026-10-06T00:56:04.602Z pw:browser [pid=2863][err] %cMutating unbound props (`editorFrameRef`, at src/​lib/​media/​FocalPointEditor.svelte:18:96) is strongly discouraged. Consider using `bind:editorFrameRef={...}` in src/lib/media/MediaDetails.svelte (or using a callback) instead
2026-10-06T00:56:04.6034679Z 2026-10-06T00:56:04.602Z pw:browser [pid=2863][err] https://svelte.dev/e/ownership_invalid_mutation font-weight: bold font-weight: normal", source: http://localhost:63315/__vitest_browser__/tester-BJtsJFpD.js (1222)
2026-10-06T00:56:04.6036876Z [90mstderr[2m | parity/emdash/media-admin-editor/source/packages/admin/tests/components/MediaDetailPanelNavigation.test.tsx[2m > [22m[2mMediaDetailPanel usage navigation[2m > [22m[2mpreserves modified links and lets dirty same-tab navigation be cancelled
2026-10-06T00:56:04.6038022Z [22m[39m[svelte] ownership_invalid_mutation
2026-10-06T00:56:04.6039734Z Mutating unbound props (`editorFrameRef`, at src/​lib/​media/​FocalPointEditor.svelte:18:96) is strongly discouraged. Consider using `bind:editorFrameRef={...}` in src/lib/media/MediaDetails.svelte (or using a callback) instead
2026-10-06T00:56:04.6040706Z https://svelte.dev/e/ownership_invalid_mutation
2026-10-06T00:56:04.6080556Z 2026-10-06T00:56:04.607Z pw:browser [pid=2863][err] [1006/005604.607855:INFO:CONSOLE:1222] "%c[svelte] ownership_invalid_mutation
2026-10-06T00:56:04.6083031Z 2026-10-06T00:56:04.607Z pw:browser [pid=2863][err] %cMutating unbound props (`editorFrameRef`, at src/​lib/​media/​FocalPointEditor.svelte:18:32) is strongly discouraged. Consider using `bind:editorFrameRef={...}` in src/lib/media/MediaDetails.svelte (or using a callback) instead
2026-10-06T00:56:04.6085332Z 2026-10-06T00:56:04.607Z pw:browser [pid=2863][err] https://svelte.dev/e/ownership_invalid_mutation font-weight: bold font-weight: normal", source: http://localhost:63315/__vitest_browser__/tester-BJtsJFpD.js (1222)
2026-10-06T00:56:04.6087884Z [90mstderr[2m | parity/emdash/media-admin-editor/source/packages/admin/tests/components/MediaDetailPanelNavigation.test.tsx[2m > [22m[2mMediaDetailPanel usage navigation[2m > [22m[2mpreserves modified links and lets dirty same-tab navigation be cancelled
2026-10-06T00:56:04.6089306Z [22m[39m[svelte] ownership_invalid_mutation
2026-10-06T00:56:04.6091015Z Mutating unbound props (`editorFrameRef`, at src/​lib/​media/​FocalPointEditor.svelte:18:32) is strongly discouraged. Consider using `bind:editorFrameRef={...}` in src/lib/media/MediaDetails.svelte (or using a callback) instead
2026-10-06T00:56:04.6092175Z https://svelte.dev/e/ownership_invalid_mutation
2026-10-06T00:56:04.6911405Z 2026-10-06T00:56:04.690Z pw:browser [pid=2863][err] [1006/005604.690747:INFO:CONSOLE:1222] "%c[svelte] ownership_invalid_mutation
2026-10-06T00:56:04.6914255Z 2026-10-06T00:56:04.690Z pw:browser [pid=2863][err] %cMutating unbound props (`editorFrameRef`, at src/​lib/​media/​FocalPointEditor.svelte:18:96) is strongly discouraged. Consider using `bind:editorFrameRef={...}` in src/lib/media/MediaDetails.svelte (or using a callback) instead
2026-10-06T00:56:04.6916778Z 2026-10-06T00:56:04.690Z pw:browser [pid=2863][err] https://svelte.dev/e/ownership_invalid_mutation font-weight: bold font-weight: normal", source: http://localhost:63315/__vitest_browser__/tester-BJtsJFpD.js (1222)
2026-10-06T00:56:04.6920606Z 2026-10-06T00:56:04.691Z pw:browser [pid=2863][err] [1006/005604.691569:INFO:CONSOLE:1222] "Attempted to synchronously unmount a root while React was already rendering. React cannot finish unmounting the root until the current render has completed, which may lead to a race condition.", source: http://localhost:63315/__vitest_browser__/tester-BJtsJFpD.js (1222)
2026-10-06T00:56:04.6931666Z [90mstderr[2m | parity/emdash/media-admin-editor/source/packages/admin/tests/components/MediaDetailPanelNavigation.test.tsx[2m > [22m[2mMediaDetailPanel usage navigation[2m > [22m[2mnavigates after dirty same-tab navigation is discarded
2026-10-06T00:56:04.6932559Z [22m[39m[svelte] ownership_invalid_mutation
2026-10-06T00:56:04.6933847Z Mutating unbound props (`editorFrameRef`, at src/​lib/​media/​FocalPointEditor.svelte:18:96) is strongly discouraged. Consider using `bind:editorFrameRef={...}` in src/lib/media/MediaDetails.svelte (or using a callback) instead
2026-10-06T00:56:04.6934605Z https://svelte.dev/e/ownership_invalid_mutation
2026-10-06T00:56:04.6935663Z [90mstderr[2m | parity/emdash/media-admin-editor/source/packages/admin/tests/components/MediaDetailPanelNavigation.test.tsx[2m > [22m[2mMediaDetailPanel usage navigation[2m > [22m[2mnavigates after dirty same-tab navigation is discarded
2026-10-06T00:56:04.6937382Z [22m[39mAttempted to synchronously unmount a root while React was already rendering. React cannot finish unmounting the root until the current render has completed, which may lead to a race condition.
2026-10-06T00:56:04.6963947Z 2026-10-06T00:56:04.696Z pw:browser [pid=2863][err] [1006/005604.696202:INFO:CONSOLE:1222] "%c[svelte] ownership_invalid_mutation
2026-10-06T00:56:04.6966153Z 2026-10-06T00:56:04.696Z pw:browser [pid=2863][err] %cMutating unbound props (`editorFrameRef`, at src/​lib/​media/​FocalPointEditor.svelte:18:32) is strongly discouraged. Consider using `bind:editorFrameRef={...}` in src/lib/media/MediaDetails.svelte (or using a callback) instead
2026-10-06T00:56:04.6968881Z 2026-10-06T00:56:04.696Z pw:browser [pid=2863][err] https://svelte.dev/e/ownership_invalid_mutation font-weight: bold font-weight: normal", source: http://localhost:63315/__vitest_browser__/tester-BJtsJFpD.js (1222)
2026-10-06T00:56:04.6971727Z [90mstderr[2m | parity/emdash/media-admin-editor/source/packages/admin/tests/components/MediaDetailPanelNavigation.test.tsx[2m > [22m[2mMediaDetailPanel usage navigation[2m > [22m[2mnavigates after dirty same-tab navigation is discarded
2026-10-06T00:56:04.6972824Z [22m[39m[svelte] ownership_invalid_mutation
2026-10-06T00:56:04.6973912Z Mutating unbound props (`editorFrameRef`, at src/​lib/​media/​FocalPointEditor.svelte:18:32) is strongly discouraged. Consider using `bind:editorFrameRef={...}` in src/lib/media/MediaDetails.svelte (or using a callback) instead
2026-10-06T00:56:04.6974961Z https://svelte.dev/e/ownership_invalid_mutation
2026-10-06T00:56:04.7638780Z 2026-10-06T00:56:04.763Z pw:browser [pid=2863][err] [1006/005604.763438:INFO:CONSOLE:1222] "%c[svelte] ownership_invalid_mutation
2026-10-06T00:56:04.7644350Z 2026-10-06T00:56:04.763Z pw:browser [pid=2863][err] %cMutating unbound props (`editorFrameRef`, at src/​lib/​media/​FocalPointEditor.svelte:18:96) is strongly discouraged. Consider using `bind:editorFrameRef={...}` in src/lib/media/MediaDetails.svelte (or using a callback) instead
2026-10-06T00:56:04.7646432Z 2026-10-06T00:56:04.763Z pw:browser [pid=2863][err] https://svelte.dev/e/ownership_invalid_mutation font-weight: bold font-weight: normal", source: http://localhost:63315/__vitest_browser__/tester-BJtsJFpD.js (1222)
2026-10-06T00:56:04.7658485Z 2026-10-06T00:56:04.764Z pw:browser [pid=2863][err] [1006/005604.764184:INFO:CONSOLE:1222] "Attempted to synchronously unmount a root while React was already rendering. React cannot finish unmounting the root until the current render has completed, which may lead to a race condition.", source: http://localhost:63315/__vitest_browser__/tester-BJtsJFpD.js (1222)
2026-10-06T00:56:04.7661322Z [90mstderr[2m | parity/emdash/media-admin-editor/source/packages/admin/tests/components/MediaDetailPanelNavigation.test.tsx[2m > [22m[2mMediaDetailPanel usage navigation[2m > [22m[2mnavigates after dirty same-tab navigation is discarded
2026-10-06T00:56:04.7662502Z [22m[39m[svelte] ownership_invalid_mutation
2026-10-06T00:56:04.7664309Z Mutating unbound props (`editorFrameRef`, at src/​lib/​media/​FocalPointEditor.svelte:18:96) is strongly discouraged. Consider using `bind:editorFrameRef={...}` in src/lib/media/MediaDetails.svelte (or using a callback) instead
2026-10-06T00:56:04.7665547Z https://svelte.dev/e/ownership_invalid_mutation
2026-10-06T00:56:04.7667312Z [90mstderr[2m | parity/emdash/media-admin-editor/source/packages/admin/tests/components/MediaDetailPanelNavigation.test.tsx[2m > [22m[2mMediaDetailPanel usage navigation[2m > [22m[2mnavigates after dirty same-tab navigation is discarded
2026-10-06T00:56:04.7668691Z [22m[39mAttempted to synchronously unmount a root while React was already rendering. React cannot finish unmounting the root until the current render has completed, which may lead to a race condition.
2026-10-06T00:56:04.7697727Z 2026-10-06T00:56:04.769Z pw:browser [pid=2863][err] [1006/005604.769582:INFO:CONSOLE:1222] "%c[svelte] ownership_invalid_mutation
2026-10-06T00:56:04.7699950Z 2026-10-06T00:56:04.769Z pw:browser [pid=2863][err] %cMutating unbound props (`editorFrameRef`, at src/​lib/​media/​FocalPointEditor.svelte:18:32) is strongly discouraged. Consider using `bind:editorFrameRef={...}` in src/lib/media/MediaDetails.svelte (or using a callback) instead
2026-10-06T00:56:04.7702284Z 2026-10-06T00:56:04.769Z pw:browser [pid=2863][err] https://svelte.dev/e/ownership_invalid_mutation font-weight: bold font-weight: normal", source: http://localhost:63315/__vitest_browser__/tester-BJtsJFpD.js (1222)
2026-10-06T00:56:04.7704958Z [90mstderr[2m | parity/emdash/media-admin-editor/source/packages/admin/tests/components/MediaDetailPanelNavigation.test.tsx[2m > [22m[2mMediaDetailPanel usage navigation[2m > [22m[2mblocks primary, modified, auxiliary, and keyboard activation while saving
2026-10-06T00:56:04.7706311Z [22m[39m[svelte] ownership_invalid_mutation
2026-10-06T00:56:04.7707971Z Mutating unbound props (`editorFrameRef`, at src/​lib/​media/​FocalPointEditor.svelte:18:32) is strongly discouraged. Consider using `bind:editorFrameRef={...}` in src/lib/media/MediaDetails.svelte (or using a callback) instead
2026-10-06T00:56:04.7709145Z https://svelte.dev/e/ownership_invalid_mutation
2026-10-06T00:56:04.9191064Z  [32m✓[39m [30m[43m chromium [49m[39m parity/emdash/media-admin-editor/source/packages/admin/tests/components/MediaDetailPanelNavigation.test.tsx [2m([22m[2m6 tests[22m[2m)[22m[33m 524[2mms[22m[39m
2026-10-06T00:56:04.9526468Z 2026-10-06T00:56:04.951Z pw:browser [pid=2863][err] [1006/005604.951053:INFO:CONSOLE:934] "[vite] connecting...", source: http://localhost:63315/@vite/client (934)
2026-10-06T00:56:04.9603235Z 2026-10-06T00:56:04.960Z pw:browser [pid=2863][err] [1006/005604.959977:INFO:CONSOLE:1045] "[vite] connected.", source: http://localhost:63315/@vite/client (1045)
2026-10-06T00:56:05.2131794Z 2026-10-06T00:56:05.212Z pw:browser [pid=2863][err] [1006/005605.212800:INFO:CONSOLE:1222] "%c[svelte] ownership_invalid_mutation
2026-10-06T00:56:05.2134626Z 2026-10-06T00:56:05.212Z pw:browser [pid=2863][err] %cMutating unbound props (`editorFrameRef`, at src/​lib/​media/​FocalPointEditor.svelte:18:32) is strongly discouraged. Consider using `bind:editorFrameRef={...}` in src/lib/media/MediaDetails.svelte (or using a callback) instead
2026-10-06T00:56:05.2137340Z 2026-10-06T00:56:05.212Z pw:browser [pid=2863][err] https://svelte.dev/e/ownership_invalid_mutation font-weight: bold font-weight: normal", source: http://localhost:63315/__vitest_browser__/tester-BJtsJFpD.js (1222)
2026-10-06T00:56:05.2150156Z [90mstderr[2m | tests/media-panel-host/current-crop-review.browser.tsx[2m > [22m[2mCURRENT Native resets unchanged Freeform aspect to Original
2026-10-06T00:56:05.2152140Z [22m[39m[svelte] ownership_invalid_mutation
2026-10-06T00:56:05.2153667Z Mutating unbound props (`editorFrameRef`, at src/​lib/​media/​FocalPointEditor.svelte:18:32) is strongly discouraged. Consider using `bind:editorFrameRef={...}` in src/lib/media/MediaDetails.svelte (or using a callback) instead
2026-10-06T00:56:05.2154570Z https://svelte.dev/e/ownership_invalid_mutation
2026-10-06T00:56:05.2216950Z 2026-10-06T00:56:05.221Z pw:browser [pid=2863][err] [1006/005605.221288:INFO:CONSOLE:1222] "%c[svelte] ownership_invalid_mutation
2026-10-06T00:56:05.2220109Z 2026-10-06T00:56:05.221Z pw:browser [pid=2863][err] %cMutating unbound props (`editorFrameRef`, at src/​lib/​media/​FocalPointEditor.svelte:18:96) is strongly discouraged. Consider using `bind:editorFrameRef={...}` in src/lib/media/MediaDetails.svelte (or using a callback) instead
2026-10-06T00:56:05.2223314Z 2026-10-06T00:56:05.221Z pw:browser [pid=2863][err] https://svelte.dev/e/ownership_invalid_mutation font-weight: bold font-weight: normal", source: http://localhost:63315/__vitest_browser__/tester-BJtsJFpD.js (1222)
2026-10-06T00:56:05.2225372Z [90mstderr[2m | tests/media-panel-host/current-crop-review.browser.tsx[2m > [22m[2mCURRENT Native resets unchanged Freeform aspect to Original
2026-10-06T00:56:05.2226485Z [22m[39m[svelte] ownership_invalid_mutation
2026-10-06T00:56:05.2228229Z Mutating unbound props (`editorFrameRef`, at src/​lib/​media/​FocalPointEditor.svelte:18:96) is strongly discouraged. Consider using `bind:editorFrameRef={...}` in src/lib/media/MediaDetails.svelte (or using a callback) instead
2026-10-06T00:56:05.2229601Z https://svelte.dev/e/ownership_invalid_mutation
2026-10-06T00:56:05.3904289Z 2026-10-06T00:56:05.389Z pw:browser [pid=2863][err] [1006/005605.389780:INFO:CONSOLE:1222] "Attempted to synchronously unmount a root while React was already rendering. React cannot finish unmounting the root until the current render has completed, which may lead to a race condition.", source: http://localhost:63315/__vitest_browser__/tester-BJtsJFpD.js (1222)
2026-10-06T00:56:05.3907317Z [90mstderr[2m | tests/media-panel-host/current-crop-review.browser.tsx[2m > [22m[2mCURRENT Native resets unchanged Square (1:1) aspect to Original
2026-10-06T00:56:05.3910011Z [22m[39mAttempted to synchronously unmount a root while React was already rendering. React cannot finish unmounting the root until the current render has completed, which may lead to a race condition.
2026-10-06T00:56:05.3936004Z 2026-10-06T00:56:05.393Z pw:browser [pid=2863][err] [1006/005605.393376:INFO:CONSOLE:1222] "%c[svelte] ownership_invalid_mutation
2026-10-06T00:56:05.3938475Z 2026-10-06T00:56:05.393Z pw:browser [pid=2863][err] %cMutating unbound props (`editorFrameRef`, at src/​lib/​media/​FocalPointEditor.svelte:18:32) is strongly discouraged. Consider using `bind:editorFrameRef={...}` in src/lib/media/MediaDetails.svelte (or using a callback) instead
2026-10-06T00:56:05.3941562Z 2026-10-06T00:56:05.393Z pw:browser [pid=2863][err] https://svelte.dev/e/ownership_invalid_mutation font-weight: bold font-weight: normal", source: http://localhost:63315/__vitest_browser__/tester-BJtsJFpD.js (1222)
2026-10-06T00:56:05.3943544Z [90mstderr[2m | tests/media-panel-host/current-crop-review.browser.tsx[2m > [22m[2mCURRENT Native resets unchanged Square (1:1) aspect to Original
2026-10-06T00:56:05.3944742Z [22m[39m[svelte] ownership_invalid_mutation
2026-10-06T00:56:05.3946195Z Mutating unbound props (`editorFrameRef`, at src/​lib/​media/​FocalPointEditor.svelte:18:32) is strongly discouraged. Consider using `bind:editorFrameRef={...}` in src/lib/media/MediaDetails.svelte (or using a callback) instead
2026-10-06T00:56:05.3946996Z https://svelte.dev/e/ownership_invalid_mutation
2026-10-06T00:56:05.3974086Z 2026-10-06T00:56:05.397Z pw:browser [pid=2863][err] [1006/005605.397199:INFO:CONSOLE:1222] "%c[svelte] ownership_invalid_mutation
2026-10-06T00:56:05.3978079Z 2026-10-06T00:56:05.397Z pw:browser [pid=2863][err] %cMutating unbound props (`editorFrameRef`, at src/​lib/​media/​FocalPointEditor.svelte:18:96) is strongly discouraged. Consider using `bind:editorFrameRef={...}` in src/lib/media/MediaDetails.svelte (or using a callback) instead
2026-10-06T00:56:05.3980640Z 2026-10-06T00:56:05.397Z pw:browser [pid=2863][err] https://svelte.dev/e/ownership_invalid_mutation font-weight: bold font-weight: normal", source: http://localhost:63315/__vitest_browser__/tester-BJtsJFpD.js (1222)
2026-10-06T00:56:05.3982734Z [90mstderr[2m | tests/media-panel-host/current-crop-review.browser.tsx[2m > [22m[2mCURRENT Native resets unchanged Square (1:1) aspect to Original
2026-10-06T00:56:05.3983942Z [22m[39m[svelte] ownership_invalid_mutation
2026-10-06T00:56:05.3985600Z Mutating unbound props (`editorFrameRef`, at src/​lib/​media/​FocalPointEditor.svelte:18:96) is strongly discouraged. Consider using `bind:editorFrameRef={...}` in src/lib/media/MediaDetails.svelte (or using a callback) instead
2026-10-06T00:56:05.3986634Z https://svelte.dev/e/ownership_invalid_mutation
2026-10-06T00:56:05.5561747Z 2026-10-06T00:56:05.555Z pw:browser [pid=2863][err] [1006/005605.555454:INFO:CONSOLE:1222] "Attempted to synchronously unmount a root while React was already rendering. React cannot finish unmounting the root until the current render has completed, which may lead to a race condition.", source: http://localhost:63315/__vitest_browser__/tester-BJtsJFpD.js (1222)
2026-10-06T00:56:05.5565986Z [90mstderr[2m | tests/media-panel-host/current-crop-review.browser.tsx[2m > [22m[2mCURRENT Native disables reset and aspect controls after the actual crop source fails
2026-10-06T00:56:05.5568016Z [22m[39mAttempted to synchronously unmount a root while React was already rendering. React cannot finish unmounting the root until the current render has completed, which may lead to a race condition.
2026-10-06T00:56:05.5589676Z 2026-10-06T00:56:05.558Z pw:browser [pid=2863][err] [1006/005605.558784:INFO:CONSOLE:1222] "%c[svelte] ownership_invalid_mutation
2026-10-06T00:56:05.5592695Z 2026-10-06T00:56:05.558Z pw:browser [pid=2863][err] %cMutating unbound props (`editorFrameRef`, at src/​lib/​media/​FocalPointEditor.svelte:18:32) is strongly discouraged. Consider using `bind:editorFrameRef={...}` in src/lib/media/MediaDetails.svelte (or using a callback) instead
2026-10-06T00:56:05.5595877Z 2026-10-06T00:56:05.558Z pw:browser [pid=2863][err] https://svelte.dev/e/ownership_invalid_mutation font-weight: bold font-weight: normal", source: http://localhost:63315/__vitest_browser__/tester-BJtsJFpD.js (1222)
2026-10-06T00:56:05.5597472Z [90mstderr[2m | tests/media-panel-host/current-crop-review.browser.tsx[2m > [22m[2mCURRENT Native disables reset and aspect controls after the actual crop source fails
2026-10-06T00:56:05.5598145Z [22m[39m[svelte] ownership_invalid_mutation
2026-10-06T00:56:05.5599150Z Mutating unbound props (`editorFrameRef`, at src/​lib/​media/​FocalPointEditor.svelte:18:32) is strongly discouraged. Consider using `bind:editorFrameRef={...}` in src/lib/media/MediaDetails.svelte (or using a callback) instead
2026-10-06T00:56:05.5599897Z https://svelte.dev/e/ownership_invalid_mutation
2026-10-06T00:56:05.5621704Z 2026-10-06T00:56:05.561Z pw:browser [pid=2863][err] [1006/005605.561883:INFO:CONSOLE:1222] "%c[svelte] ownership_invalid_mutation
2026-10-06T00:56:05.5623620Z 2026-10-06T00:56:05.561Z pw:browser [pid=2863][err] %cMutating unbound props (`editorFrameRef`, at src/​lib/​media/​FocalPointEditor.svelte:18:96) is strongly discouraged. Consider using `bind:editorFrameRef={...}` in src/lib/media/MediaDetails.svelte (or using a callback) instead
2026-10-06T00:56:05.5625321Z 2026-10-06T00:56:05.561Z pw:browser [pid=2863][err] https://svelte.dev/e/ownership_invalid_mutation font-weight: bold font-weight: normal", source: http://localhost:63315/__vitest_browser__/tester-BJtsJFpD.js (1222)
2026-10-06T00:56:05.5627232Z [90mstderr[2m | tests/media-panel-host/current-crop-review.browser.tsx[2m > [22m[2mCURRENT Native disables reset and aspect controls after the actual crop source fails
2026-10-06T00:56:05.5627903Z [22m[39m[svelte] ownership_invalid_mutation
2026-10-06T00:56:05.5628912Z Mutating unbound props (`editorFrameRef`, at src/​lib/​media/​FocalPointEditor.svelte:18:96) is strongly discouraged. Consider using `bind:editorFrameRef={...}` in src/lib/media/MediaDetails.svelte (or using a callback) instead
2026-10-06T00:56:05.5629779Z https://svelte.dev/e/ownership_invalid_mutation
2026-10-06T00:56:05.6379739Z 2026-10-06T00:56:05.637Z pw:browser [pid=2863][err] [1006/005605.637605:INFO:CONSOLE:1222] "%c[svelte] ownership_invalid_mutation
2026-10-06T00:56:05.6383112Z 2026-10-06T00:56:05.637Z pw:browser [pid=2863][err] %cMutating unbound props (`editorFrameRef`, at src/​lib/​media/​FocalPointEditor.svelte:18:32) is strongly discouraged. Consider using `bind:editorFrameRef={...}` in src/lib/media/MediaDetails.svelte (or using a callback) instead
2026-10-06T00:56:05.6385185Z 2026-10-06T00:56:05.637Z pw:browser [pid=2863][err] https://svelte.dev/e/ownership_invalid_mutation font-weight: bold font-weight: normal", source: http://localhost:63315/__vitest_browser__/tester-BJtsJFpD.js (1222)
2026-10-06T00:56:05.6386424Z [90mstderr[2m | tests/media-panel-host/current-crop-review.browser.tsx[2m > [22m[2mCURRENT Native disables reset and aspect controls after the actual crop source fails
2026-10-06T00:56:05.6387041Z [22m[39m[svelte] ownership_invalid_mutation
2026-10-06T00:56:05.6388055Z Mutating unbound props (`editorFrameRef`, at src/​lib/​media/​FocalPointEditor.svelte:18:32) is strongly discouraged. Consider using `bind:editorFrameRef={...}` in src/lib/media/MediaDetails.svelte (or using a callback) instead
2026-10-06T00:56:05.6388897Z https://svelte.dev/e/ownership_invalid_mutation
2026-10-06T00:56:05.6890725Z 2026-10-06T00:56:05.688Z pw:browser [pid=2863][err] [1006/005605.688019:INFO:CONSOLE:1222] "%c[svelte] ownership_invalid_mutation
2026-10-06T00:56:05.6894547Z 2026-10-06T00:56:05.688Z pw:browser [pid=2863][err] %cMutating unbound props (`editorFrameRef`, at src/​lib/​media/​FocalPointEditor.svelte:18:96) is strongly discouraged. Consider using `bind:editorFrameRef={...}` in src/lib/media/MediaDetails.svelte (or using a callback) instead
2026-10-06T00:56:05.6896661Z 2026-10-06T00:56:05.688Z pw:browser [pid=2863][err] https://svelte.dev/e/ownership_invalid_mutation font-weight: bold font-weight: normal", source: http://localhost:63315/__vitest_browser__/tester-BJtsJFpD.js (1222)
2026-10-06T00:56:05.6897952Z [90mstderr[2m | tests/media-panel-host/current-crop-review.browser.tsx[2m > [22m[2mCURRENT Native keeps exposed aspect options and crop draft stable while a real crop upload is pending
2026-10-06T00:56:05.6898636Z [22m[39m[svelte] ownership_invalid_mutation
2026-10-06T00:56:05.6899647Z Mutating unbound props (`editorFrameRef`, at src/​lib/​media/​FocalPointEditor.svelte:18:96) is strongly discouraged. Consider using `bind:editorFrameRef={...}` in src/lib/media/MediaDetails.svelte (or using a callback) instead
2026-10-06T00:56:05.6900389Z https://svelte.dev/e/ownership_invalid_mutation
2026-10-06T00:56:05.6919025Z 2026-10-06T00:56:05.691Z pw:browser [pid=2863][err] [1006/005605.691485:INFO:CONSOLE:1222] "%c[svelte] ownership_invalid_mutation
2026-10-06T00:56:05.6922032Z 2026-10-06T00:56:05.691Z pw:browser [pid=2863][err] %cMutating unbound props (`editorFrameRef`, at src/​lib/​media/​FocalPointEditor.svelte:18:32) is strongly discouraged. Consider using `bind:editorFrameRef={...}` in src/lib/media/MediaDetails.svelte (or using a callback) instead
2026-10-06T00:56:05.6924359Z 2026-10-06T00:56:05.691Z pw:browser [pid=2863][err] https://svelte.dev/e/ownership_invalid_mutation font-weight: bold font-weight: normal", source: http://localhost:63315/__vitest_browser__/tester-BJtsJFpD.js (1222)
2026-10-06T00:56:05.6926607Z [90mstderr[2m | tests/media-panel-host/current-crop-review.browser.tsx[2m > [22m[2mCURRENT Native keeps exposed aspect options and crop draft stable while a real crop upload is pending
2026-10-06T00:56:05.6928005Z [22m[39m[svelte] ownership_invalid_mutation
2026-10-06T00:56:05.6929429Z Mutating unbound props (`editorFrameRef`, at src/​lib/​media/​FocalPointEditor.svelte:18:32) is strongly discouraged. Consider using `bind:editorFrameRef={...}` in src/lib/media/MediaDetails.svelte (or using a callback) instead
2026-10-06T00:56:05.6930235Z https://svelte.dev/e/ownership_invalid_mutation
2026-10-06T00:56:05.6951009Z 2026-10-06T00:56:05.694Z pw:browser [pid=2863][err] [1006/005605.694758:INFO:CONSOLE:1222] "%c[svelte] ownership_invalid_mutation
2026-10-06T00:56:05.6953707Z 2026-10-06T00:56:05.694Z pw:browser [pid=2863][err] %cMutating unbound props (`editorFrameRef`, at src/​lib/​media/​FocalPointEditor.svelte:18:96) is strongly discouraged. Consider using `bind:editorFrameRef={...}` in src/lib/media/MediaDetails.svelte (or using a callback) instead
2026-10-06T00:56:05.6956049Z 2026-10-06T00:56:05.695Z pw:browser [pid=2863][err] https://svelte.dev/e/ownership_invalid_mutation font-weight: bold font-weight: normal", source: http://localhost:63315/__vitest_browser__/tester-BJtsJFpD.js (1222)
2026-10-06T00:56:05.6957450Z [90mstderr[2m | tests/media-panel-host/current-crop-review.browser.tsx[2m > [22m[2mCURRENT Native keeps exposed aspect options and crop draft stable while a real crop upload is pending
2026-10-06T00:56:05.6958121Z [22m[39m[svelte] ownership_invalid_mutation
2026-10-06T00:56:05.6959123Z Mutating unbound props (`editorFrameRef`, at src/​lib/​media/​FocalPointEditor.svelte:18:96) is strongly discouraged. Consider using `bind:editorFrameRef={...}` in src/lib/media/MediaDetails.svelte (or using a callback) instead
2026-10-06T00:56:05.6959856Z https://svelte.dev/e/ownership_invalid_mutation
2026-10-06T00:56:05.8715548Z 2026-10-06T00:56:05.871Z pw:browser [pid=2863][err] [1006/005605.871095:INFO:CONSOLE:1222] "Attempted to synchronously unmount a root while React was already rendering. React cannot finish unmounting the root until the current render has completed, which may lead to a race condition.", source: http://localhost:63315/__vitest_browser__/tester-BJtsJFpD.js (1222)
2026-10-06T00:56:05.8726354Z [90mstderr[2m | tests/media-panel-host/current-crop-review.browser.tsx[2m > [22m[2mCURRENT Native Uploaded text and title retain the pinned hour and minute display
2026-10-06T00:56:05.8728573Z [22m[39mAttempted to synchronously unmount a root while React was already rendering. React cannot finish unmounting the root until the current render has completed, which may lead to a race condition.
2026-10-06T00:56:05.8745432Z 2026-10-06T00:56:05.874Z pw:browser [pid=2863][err] [1006/005605.874203:INFO:CONSOLE:1222] "%c[svelte] ownership_invalid_mutation
2026-10-06T00:56:05.8748377Z 2026-10-06T00:56:05.874Z pw:browser [pid=2863][err] %cMutating unbound props (`editorFrameRef`, at src/​lib/​media/​FocalPointEditor.svelte:18:32) is strongly discouraged. Consider using `bind:editorFrameRef={...}` in src/lib/media/MediaDetails.svelte (or using a callback) instead
2026-10-06T00:56:05.8749905Z 2026-10-06T00:56:05.874Z pw:browser [pid=2863][err] https://svelte.dev/e/ownership_invalid_mutation font-weight: bold font-weight: normal", source: http://localhost:63315/__vitest_browser__/tester-BJtsJFpD.js (1222)
2026-10-06T00:56:05.8751447Z [90mstderr[2m | tests/media-panel-host/current-crop-review.browser.tsx[2m > [22m[2mCURRENT Native Uploaded text and title retain the pinned hour and minute display
2026-10-06T00:56:05.8752126Z [22m[39m[svelte] ownership_invalid_mutation
2026-10-06T00:56:05.8753132Z Mutating unbound props (`editorFrameRef`, at src/​lib/​media/​FocalPointEditor.svelte:18:32) is strongly discouraged. Consider using `bind:editorFrameRef={...}` in src/lib/media/MediaDetails.svelte (or using a callback) instead
2026-10-06T00:56:05.8753864Z https://svelte.dev/e/ownership_invalid_mutation
2026-10-06T00:56:05.8796419Z  [32m✓[39m [30m[43m chromium [49m[39m tests/media-panel-host/current-crop-review.browser.tsx [2m([22m[2m5 tests[22m[2m)[22m[33m 670[2mms[22m[39m
2026-10-06T00:56:05.9263718Z 2026-10-06T00:56:05.926Z pw:browser [pid=2863][err] [1006/005605.925464:INFO:CONSOLE:934] "[vite] connecting...", source: http://localhost:63315/@vite/client (934)
2026-10-06T00:56:05.9381255Z 2026-10-06T00:56:05.937Z pw:browser [pid=2863][err] [1006/005605.937570:INFO:CONSOLE:1045] "[vite] connected.", source: http://localhost:63315/@vite/client (1045)
2026-10-06T00:56:06.1893167Z 2026-10-06T00:56:06.189Z pw:browser [pid=2863][err] [1006/005606.189006:INFO:CONSOLE:1222] "%c[svelte] ownership_invalid_mutation
2026-10-06T00:56:06.1895823Z 2026-10-06T00:56:06.189Z pw:browser [pid=2863][err] %cMutating unbound props (`editorFrameRef`, at src/​lib/​media/​FocalPointEditor.svelte:18:32) is strongly discouraged. Consider using `bind:editorFrameRef={...}` in src/lib/media/MediaDetails.svelte (or using a callback) instead
2026-10-06T00:56:06.1898540Z 2026-10-06T00:56:06.189Z pw:browser [pid=2863][err] https://svelte.dev/e/ownership_invalid_mutation font-weight: bold font-weight: normal", source: http://localhost:63315/__vitest_browser__/tester-BJtsJFpD.js (1222)
2026-10-06T00:56:06.1900702Z [90mstderr[2m | tests/media-panel-host/current-row-preservation.browser.tsx[2m > [22m[2mCURRENT Native empty update result retains the complete row and invalidates the supplied media cache
2026-10-06T00:56:06.1902053Z [22m[39m[svelte] ownership_invalid_mutation
2026-10-06T00:56:06.1903236Z Mutating unbound props (`editorFrameRef`, at src/​lib/​media/​FocalPointEditor.svelte:18:32) is strongly discouraged. Consider using `bind:editorFrameRef={...}` in src/lib/media/MediaDetails.svelte (or using a callback) instead
2026-10-06T00:56:06.1903982Z https://svelte.dev/e/ownership_invalid_mutation
2026-10-06T00:56:06.2698898Z 2026-10-06T00:56:06.269Z pw:browser [pid=2863][err] [1006/005606.269595:INFO:CONSOLE:1222] "%c[svelte] ownership_invalid_mutation
2026-10-06T00:56:06.2701624Z 2026-10-06T00:56:06.269Z pw:browser [pid=2863][err] %cMutating unbound props (`editorFrameRef`, at src/​lib/​media/​FocalPointEditor.svelte:18:96) is strongly discouraged. Consider using `bind:editorFrameRef={...}` in src/lib/media/MediaDetails.svelte (or using a callback) instead
2026-10-06T00:56:06.2708444Z 2026-10-06T00:56:06.269Z pw:browser [pid=2863][err] https://svelte.dev/e/ownership_invalid_mutation font-weight: bold font-weight: normal", source: http://localhost:63315/__vitest_browser__/tester-BJtsJFpD.js (1222)
2026-10-06T00:56:06.2710200Z [90mstderr[2m | tests/media-panel-host/current-row-preservation.browser.tsx[2m > [22m[2mCURRENT Native partial update merges returned fields and retains the original URL and row metadata
2026-10-06T00:56:06.2711085Z [22m[39m[svelte] ownership_invalid_mutation
2026-10-06T00:56:06.2712123Z Mutating unbound props (`editorFrameRef`, at src/​lib/​media/​FocalPointEditor.svelte:18:96) is strongly discouraged. Consider using `bind:editorFrameRef={...}` in src/lib/media/MediaDetails.svelte (or using a callback) instead
2026-10-06T00:56:06.2712895Z https://svelte.dev/e/ownership_invalid_mutation
2026-10-06T00:56:06.2738239Z 2026-10-06T00:56:06.273Z pw:browser [pid=2863][err] [1006/005606.273640:INFO:CONSOLE:1222] "%c[svelte] ownership_invalid_mutation
2026-10-06T00:56:06.2741016Z 2026-10-06T00:56:06.273Z pw:browser [pid=2863][err] %cMutating unbound props (`editorFrameRef`, at src/​lib/​media/​FocalPointEditor.svelte:18:32) is strongly discouraged. Consider using `bind:editorFrameRef={...}` in src/lib/media/MediaDetails.svelte (or using a callback) instead
2026-10-06T00:56:06.2743122Z 2026-10-06T00:56:06.273Z pw:browser [pid=2863][err] https://svelte.dev/e/ownership_invalid_mutation font-weight: bold font-weight: normal", source: http://localhost:63315/__vitest_browser__/tester-BJtsJFpD.js (1222)
2026-10-06T00:56:06.2744423Z [90mstderr[2m | tests/media-panel-host/current-row-preservation.browser.tsx[2m > [22m[2mCURRENT Native partial update merges returned fields and retains the original URL and row metadata
2026-10-06T00:56:06.2745107Z [22m[39m[svelte] ownership_invalid_mutation
2026-10-06T00:56:06.2746093Z Mutating unbound props (`editorFrameRef`, at src/​lib/​media/​FocalPointEditor.svelte:18:32) is strongly discouraged. Consider using `bind:editorFrameRef={...}` in src/lib/media/MediaDetails.svelte (or using a callback) instead
2026-10-06T00:56:06.2746837Z https://svelte.dev/e/ownership_invalid_mutation
2026-10-06T00:56:06.3357827Z  [32m✓[39m [30m[43m chromium [49m[39m tests/media-panel-host/current-row-preservation.browser.tsx [2m([22m[2m2 tests[22m[2m)[22m[32m 150[2mms[22m[39m
2026-10-06T00:56:06.3649060Z 2026-10-06T00:56:06.364Z pw:browser [pid=2863][err] [1006/005606.364579:INFO:CONSOLE:934] "[vite] connecting...", source: http://localhost:63315/@vite/client (934)
2026-10-06T00:56:06.3763210Z 2026-10-06T00:56:06.376Z pw:browser [pid=2863][err] [1006/005606.375309:INFO:CONSOLE:1045] "[vite] connected.", source: http://localhost:63315/@vite/client (1045)
2026-10-06T00:56:06.5310593Z  [32m✓[39m [30m[43m chromium [49m[39m parity/emdash/media-admin-editor/source/packages/admin/tests/components/FocalPointEditor.test.tsx [2m([22m[2m1 test[22m[2m)[22m[32m 10[2mms[22m[39m
2026-10-06T00:56:06.5489091Z 2026-10-06T00:56:06.548Z pw:browser [pid=2863][err] [1006/005606.548496:INFO:CONSOLE:934] "[vite] connecting...", source: http://localhost:63315/@vite/client (934)
2026-10-06T00:56:06.5568450Z 2026-10-06T00:56:06.556Z pw:browser [pid=2863][err] [1006/005606.556517:INFO:CONSOLE:1045] "[vite] connected.", source: http://localhost:63315/@vite/client (1045)
2026-10-06T00:56:06.6400491Z  [32m✓[39m [30m[43m chromium [49m[39m parity/emdash/media-admin-editor/source/packages/admin/tests/components/useContainedMediaSize.test.tsx [2m([22m[2m1 test[22m[2m)[22m[32m 4[2mms[22m[39m
2026-10-06T00:56:06.6421863Z 
2026-10-06T00:56:06.6424588Z [2m Test Files [22m [1m[32m8 passed[39m[22m[90m (8)[39m
2026-10-06T00:56:06.6425605Z [2m      Tests [22m [1m[32m136 passed[39m[22m[90m (136)[39m
2026-10-06T00:56:06.6426345Z [2m   Start at [22m 00:55:55
2026-10-06T00:56:06.6427245Z [2m   Duration [22m 10.74s[2m (transform 0ms, setup 389ms, import 1.38s, tests 5.98s, environment 0ms)[22m
2026-10-06T00:56:06.6428834Z 
2026-10-06T00:56:06.6441238Z JSON report written to /home/runner/work/cms/cms/media-detail-source-results.json
2026-10-06T00:56:06.6487076Z 2026-10-06T00:56:06.648Z pw:browser [pid=2863][err] [1006/005606.645816:INFO:CONSOLE:1080] "[vite] server connection lost. Polling for restart...", source: http://localhost:63315/@vite/client (1080)
2026-10-06T00:56:06.6489130Z 2026-10-06T00:56:06.648Z pw:browser [pid=2863][err] [1006/005606.646724:INFO:CONSOLE:1211] "[vite] server connection lost. Polling for restart...", source: http://localhost:63315/__vitest_browser__/tester-BJtsJFpD.js (1211)
2026-10-06T00:56:06.6642526Z 2026-10-06T00:56:06.662Z pw:browser [pid=2863] <gracefully close start>
2026-10-06T00:56:06.7041919Z 2026-10-06T00:56:06.703Z pw:browser [pid=2863] <process did exit: exitCode=0, signal=null>
2026-10-06T00:56:06.7042877Z 2026-10-06T00:56:06.704Z pw:browser [pid=2863] starting temporary directories cleanup
2026-10-06T00:56:06.7070660Z 2026-10-06T00:56:06.706Z pw:browser [pid=2863] finished temporary directories cleanup
2026-10-06T00:56:06.7071481Z 2026-10-06T00:56:06.706Z pw:browser [pid=2863] <gracefully close end>
2026-10-06T00:56:06.7724472Z ##[group]Run TZ=America/New_York node --test tests/media-panel-host/crop-review-controls.test.cjs
2026-10-06T00:56:06.7725005Z [36;1mTZ=America/New_York node --test tests/media-panel-host/crop-review-controls.test.cjs[0m
2026-10-06T00:56:06.7786964Z shell: /usr/bin/bash -e {0}
2026-10-06T00:56:06.7787167Z env:
2026-10-06T00:56:06.7787375Z   PNPM_HOME: /home/runner/setup-pnpm/node_modules/.bin
2026-10-06T00:56:06.7787634Z ##[endgroup]
2026-10-06T00:56:07.1989635Z ✔ Native reset allows unchanged freeform aspect (1.650768ms)
2026-10-06T00:56:07.1990403Z ✔ Native reset allows unchanged square aspect (0.527361ms)
2026-10-06T00:56:07.1991250Z ✔ Native reset allows unchanged 4:3 aspect (0.489254ms)
2026-10-06T00:56:07.1992095Z ✔ Native reset is disabled when the crop source failed after a changed selection (0.553801ms)
2026-10-06T00:56:07.1993532Z ✔ Native exposed aspect handler preserves the complete pending crop draft (32.342545ms)
2026-10-06T00:56:07.1994574Z ✔ Native reset handler preserves the complete pending crop draft (4.024673ms)
2026-10-06T00:56:07.1995591Z ✔ Native upload formatter includes the pinned hour and minute in the actual time zone (17.737869ms)
2026-10-06T00:56:07.2147416Z ℹ tests 7
2026-10-06T00:56:07.2147648Z ℹ suites 0
2026-10-06T00:56:07.2148037Z ℹ pass 7
2026-10-06T00:56:07.2148327Z ℹ fail 0
2026-10-06T00:56:07.2148631Z ℹ cancelled 0
2026-10-06T00:56:07.2148830Z ℹ skipped 0
2026-10-06T00:56:07.2149009Z ℹ todo 0
2026-10-06T00:56:07.2149220Z ℹ duration_ms 400.09571
2026-10-06T00:56:07.2246641Z ##[group]Run actions/upload-artifact@v4
2026-10-06T00:56:07.2246867Z with:
2026-10-06T00:56:07.2247041Z   name: media-detail-source-results
2026-10-06T00:56:07.2247294Z   path: media-detail-source-results.json
2026-10-06T00:56:07.2258439Z   retention-days: 14
2026-10-06T00:56:07.2258657Z   if-no-files-found: warn
2026-10-06T00:56:07.2258855Z   compression-level: 6
2026-10-06T00:56:07.2259034Z   overwrite: false
2026-10-06T00:56:07.2259208Z   include-hidden-files: false
2026-10-06T00:56:07.2259400Z env:
2026-10-06T00:56:07.2259610Z   PNPM_HOME: /home/runner/setup-pnpm/node_modules/.bin
2026-10-06T00:56:07.2259867Z ##[endgroup]
2026-10-06T00:56:07.3741988Z (node:2959) [DEP0040] DeprecationWarning: The `punycode` module is deprecated. Please use a userland alternative instead.
2026-10-06T00:56:07.3742999Z (Use `node --trace-deprecation ...` to show where the warning was created)
2026-10-06T00:56:07.3780914Z With the provided path, there will be 1 file uploaded
2026-10-06T00:56:07.3786593Z Artifact name is valid!
2026-10-06T00:56:07.3786992Z Root directory input is valid!
2026-10-06T00:56:07.7058217Z Beginning upload of artifact content to blob storage
2026-10-06T00:56:07.7206933Z (node:2959) [DEP0169] DeprecationWarning: `url.parse()` behavior is not standardized and prone to errors that have security implications. Use the WHATWG URL API instead. CVEs are not issued for `url.parse()` vulnerabilities.
2026-10-06T00:56:07.9188206Z Uploaded bytes 5538
2026-10-06T00:56:07.9749719Z Finished uploading artifact content to blob storage!
2026-10-06T00:56:07.9750581Z SHA256 digest of uploaded artifact zip is 3523d4ec2854377bbaf17b9a08b53aaa56d6a32c9ace6eebbfa450434a8e2595
2026-10-06T00:56:07.9752598Z Finalizing artifact upload
2026-10-06T00:56:08.2170510Z Artifact media-detail-source-results.zip successfully finalized. Artifact ID 11382704100
2026-10-06T00:56:08.2172044Z Artifact media-detail-source-results has been successfully uploaded! Final size is 5538 bytes. Artifact ID is 11382704100
2026-10-06T00:56:08.2178252Z Artifact download URL: https://github.com/sveltery/cms/actions/runs/37396335223/artifacts/11382704100
2026-10-06T00:56:08.2348840Z Post job cleanup.
2026-10-06T00:56:08.3384660Z (node:2971) [DEP0040] DeprecationWarning: The `punycode` module is deprecated. Please use a userland alternative instead.
2026-10-06T00:56:08.3385298Z (Use `node --trace-deprecation ...` to show where the warning was created)
2026-10-06T00:56:08.3498245Z Post job cleanup.
2026-10-06T00:56:08.4758452Z Pruning is unnecessary.
2026-10-06T00:56:08.4940020Z Post job cleanup.
2026-10-06T00:56:08.5683309Z [command]/usr/bin/git version
2026-10-06T00:56:08.5752026Z git version 2.55.0
2026-10-06T00:56:08.5783265Z Temporarily overriding HOME='/home/runner/work/_temp/177924b5-dc5b-4b46-a105-ed8e4b7d5911' before making global git config changes
2026-10-06T00:56:08.5784519Z Adding repository directory to the temporary git global config as a safe directory
2026-10-06T00:56:08.5787845Z [command]/usr/bin/git config --global --add safe.directory /home/runner/work/cms/cms
2026-10-06T00:56:08.5822136Z [command]/usr/bin/git config --local --name-only --get-regexp core\.sshCommand
2026-10-06T00:56:08.5852860Z [command]/usr/bin/git submodule foreach --recursive sh -c "git config --local --name-only --get-regexp 'core\.sshCommand' && git config --local --unset-all 'core.sshCommand' || :"
2026-10-06T00:56:08.6107836Z [command]/usr/bin/git config --local --name-only --get-regexp http\.https\:\/\/github\.com\/\.extraheader
2026-10-06T00:56:08.6134043Z http.https://github.com/.extraheader
2026-10-06T00:56:08.6143147Z [command]/usr/bin/git config --local --unset-all http.https://github.com/.extraheader
2026-10-06T00:56:08.6176015Z [command]/usr/bin/git submodule foreach --recursive sh -c "git config --local --name-only --get-regexp 'http\.https\:\/\/github\.com\/\.extraheader' && git config --local --unset-all 'http.https://github.com/.extraheader' || :"
2026-10-06T00:56:08.6424543Z [command]/usr/bin/git config --local --name-only --get-regexp ^includeIf\.gitdir:
2026-10-06T00:56:08.6461178Z [command]/usr/bin/git submodule foreach --recursive git config --local --show-origin --name-only --get-regexp remote.origin.url
2026-10-06T00:56:08.6831389Z Cleaning up orphan processes
2026-10-06T00:56:08.7136990Z ##[warning]Node.js 20 is deprecated. The following actions target Node.js 20 but are being forced to run on Node.js 24: actions/checkout@v4, actions/setup-node@v4, actions/upload-artifact@v4, pnpm/action-setup@v4. For more information see: https://github.blog/changelog/2025-09-19-deprecation-of-node-20-on-github-actions-runners/
