✖ Node: /api/setup/admin preserves source apostrophe-email acceptance and malformed-email rejection (46.143475ms)
✖ Node: /api/auth/passkey/options preserves source apostrophe-email acceptance and malformed-email rejection (44.835779ms)
The following Vite config options will be overridden by SvelteKit:
  - root
vite v8.3.2 building ssr environment for production...
transforming...
✓ 927 modules transformed.

(!) outDir /workspace/cms-default-seed-setup-runtime/tests/.default-seed-account-ssr/output/server is not inside project root and will not be emptied.
Use --emptyOutDir to override.

rendering chunks...
The following Vite config options will be overridden by SvelteKit:
  - root
The following Vite config options will be overridden by SvelteKit:
  - root
vite v8.3.2 building client environment for production...
transforming...
✓ 1836 modules transformed.

(!) outDir /workspace/cms-default-seed-setup-runtime/tests/.default-seed-account-ssr/output/client is not inside project root and will not be emptied.
Use --emptyOutDir to override.

rendering chunks...
computing gzip size...
../../../.default-seed-account-ssr/output/client/_app/version.json                                       0.02 kB │ gzip:  0.04 kB
../../../.default-seed-account-ssr/output/client/.vite/manifest.json                                    30.18 kB │ gzip:  2.93 kB
../../../.default-seed-account-ssr/output/client/_app/immutable/assets/25.C6yWgjq1.css                   0.17 kB │ gzip:  0.13 kB
../../../.default-seed-account-ssr/output/client/_app/immutable/assets/MenuDialog.Cyq88IsC.css           0.20 kB │ gzip:  0.17 kB
../../../.default-seed-account-ssr/output/client/_app/immutable/assets/7.C74Pt68p.css                    0.22 kB │ gzip:  0.15 kB
../../../.default-seed-account-ssr/output/client/_app/immutable/assets/26.DkAV4OI2.css                   0.36 kB │ gzip:  0.22 kB
../../../.default-seed-account-ssr/output/client/_app/immutable/assets/EditorForm.BdC5qpxX.css           0.45 kB │ gzip:  0.23 kB
../../../.default-seed-account-ssr/output/client/_app/immutable/assets/DraftPreview.D5_4Lg_2.css         0.48 kB │ gzip:  0.25 kB
../../../.default-seed-account-ssr/output/client/_app/immutable/assets/20.DBqNwXyN.css                   0.54 kB │ gzip:  0.26 kB
../../../.default-seed-account-ssr/output/client/_app/immutable/assets/10.ChLnk64P.css                   0.57 kB │ gzip:  0.29 kB
../../../.default-seed-account-ssr/output/client/_app/immutable/assets/18.C7dX7ADv.css                   0.67 kB │ gzip:  0.31 kB
../../../.default-seed-account-ssr/output/client/_app/immutable/assets/15.Bg5Ar_pm.css                   0.70 kB │ gzip:  0.35 kB
../../../.default-seed-account-ssr/output/client/_app/immutable/assets/ContentTypeEditor.DwBad6cT.css    1.58 kB │ gzip:  0.55 kB
../../../.default-seed-account-ssr/output/client/_app/immutable/assets/19.DMTq_ibE.css                   1.61 kB │ gzip:  0.40 kB
../../../.default-seed-account-ssr/output/client/_app/immutable/assets/16.CkE_HqIt.css                   2.21 kB │ gzip:  0.68 kB
../../../.default-seed-account-ssr/output/client/_app/immutable/assets/17.D_PcQq-B.css                   2.27 kB │ gzip:  0.85 kB
../../../.default-seed-account-ssr/output/client/_app/immutable/assets/admin.CSBm7Oz-.css                2.57 kB │ gzip:  0.88 kB
../../../.default-seed-account-ssr/output/client/_app/immutable/assets/9.BwDGoDmc.css                    3.06 kB │ gzip:  0.92 kB
../../../.default-seed-account-ssr/output/client/_app/immutable/assets/8.3kXZ6_Ua.css                   12.14 kB │ gzip:  2.88 kB
../../../.default-seed-account-ssr/output/client/_app/immutable/assets/WorkspaceShell.CHpQheoZ.css      37.05 kB │ gzip:  5.01 kB
../../../.default-seed-account-ssr/output/client/_app/immutable/chunks/CntenZe4.js                       0.02 kB │ gzip:  0.04 kB
../../../.default-seed-account-ssr/output/client/_app/immutable/nodes/0.DxX5y2os.js                      0.06 kB │ gzip:  0.08 kB
../../../.default-seed-account-ssr/output/client/_app/immutable/nodes/2.DxX5y2os.js                      0.06 kB │ gzip:  0.08 kB
../../../.default-seed-account-ssr/output/client/_app/immutable/nodes/3.DxX5y2os.js                      0.06 kB │ gzip:  0.08 kB
../../../.default-seed-account-ssr/output/client/_app/immutable/nodes/4.DxX5y2os.js                      0.06 kB │ gzip:  0.08 kB
../../../.default-seed-account-ssr/output/client/_app/immutable/nodes/6.DxX5y2os.js                      0.06 kB │ gzip:  0.08 kB
../../../.default-seed-account-ssr/output/client/_app/immutable/entry/start.CZ64r4mT.js                  0.08 kB │ gzip:  0.09 kB
../../../.default-seed-account-ssr/output/client/_app/immutable/chunks/37fP6F8H.js                       0.10 kB │ gzip:  0.11 kB
../../../.default-seed-account-ssr/output/client/_app/immutable/chunks/Bx0M5yVh.js                       0.15 kB │ gzip:  0.15 kB
../../../.default-seed-account-ssr/output/client/_app/immutable/chunks/DslcI_qk.js                       0.15 kB │ gzip:  0.14 kB
../../../.default-seed-account-ssr/output/client/_app/immutable/chunks/BeMOnYEs.js                       0.25 kB │ gzip:  0.19 kB
../../../.default-seed-account-ssr/output/client/_app/immutable/chunks/BHxyakTA.js                       0.29 kB │ gzip:  0.16 kB
../../../.default-seed-account-ssr/output/client/_app/immutable/chunks/CIu-eiYW.js                       0.34 kB │ gzip:  0.19 kB
../../../.default-seed-account-ssr/output/client/_app/immutable/nodes/1.C0jhR5cZ.js                      0.35 kB │ gzip:  0.25 kB
../../../.default-seed-account-ssr/output/client/_app/immutable/nodes/5.C7GVibbX.js                      0.47 kB │ gzip:  0.30 kB
../../../.default-seed-account-ssr/output/client/_app/immutable/chunks/CDuu9o9_.js                       0.52 kB │ gzip:  0.24 kB
../../../.default-seed-account-ssr/output/client/_app/immutable/chunks/CVxkVKuJ.js                       0.66 kB │ gzip:  0.44 kB
../../../.default-seed-account-ssr/output/client/_app/immutable/nodes/22.BQMoi5mX.js                     1.12 kB │ gzip:  0.68 kB
../../../.default-seed-account-ssr/output/client/_app/immutable/chunks/kq-GuvwV.js                       1.24 kB │ gzip:  0.64 kB
../../../.default-seed-account-ssr/output/client/_app/immutable/chunks/Bjy-W4x2.js                       1.36 kB │ gzip:  0.65 kB
../../../.default-seed-account-ssr/output/client/_app/immutable/chunks/BaNbYf_w.js                       1.39 kB │ gzip:  0.75 kB
../../../.default-seed-account-ssr/output/client/_app/immutable/chunks/BDTrYEaO.js                       1.51 kB │ gzip:  0.77 kB
../../../.default-seed-account-ssr/output/client/_app/immutable/nodes/7.Ca4Owel4.js                      1.86 kB │ gzip:  1.03 kB
../../../.default-seed-account-ssr/output/client/_app/immutable/nodes/21.CiqUnBkr.js                     1.90 kB │ gzip:  0.99 kB
../../../.default-seed-account-ssr/output/client/_app/immutable/chunks/C8i7FsOD.js                       1.97 kB │ gzip:  0.76 kB
../../../.default-seed-account-ssr/output/client/_app/immutable/chunks/C-VuWvGk.js                       2.82 kB │ gzip:  1.24 kB
../../../.default-seed-account-ssr/output/client/_app/immutable/chunks/kapkFzof.js                       2.85 kB │ gzip:  0.73 kB
../../../.default-seed-account-ssr/output/client/_app/immutable/nodes/12.C91OxjSS.js                     3.00 kB │ gzip:  1.36 kB
../../../.default-seed-account-ssr/output/client/_app/immutable/nodes/25.COeAAqxS.js                     3.08 kB │ gzip:  1.52 kB
../../../.default-seed-account-ssr/output/client/_app/immutable/chunks/CJmnwq82.js                       3.17 kB │ gzip:  1.31 kB
../../../.default-seed-account-ssr/output/client/_app/immutable/nodes/14.BAPYUQBC.js                     3.42 kB │ gzip:  1.63 kB
../../../.default-seed-account-ssr/output/client/_app/immutable/chunks/CCcfQnvc.js                       3.51 kB │ gzip:  1.20 kB
../../../.default-seed-account-ssr/output/client/_app/immutable/nodes/10.CoYWP0wo.js                     4.32 kB │ gzip:  1.95 kB
../../../.default-seed-account-ssr/output/client/_app/immutable/nodes/18.EaeePui7.js                     5.31 kB │ gzip:  2.17 kB
../../../.default-seed-account-ssr/output/client/_app/immutable/nodes/24.B198LYQd.js                     5.90 kB │ gzip:  2.62 kB
../../../.default-seed-account-ssr/output/client/_app/immutable/nodes/13.B4H2qQQH.js                     5.91 kB │ gzip:  1.98 kB
../../../.default-seed-account-ssr/output/client/_app/immutable/nodes/15.BEwsO1aM.js                     6.03 kB │ gzip:  2.49 kB
../../../.default-seed-account-ssr/output/client/_app/immutable/nodes/11.XVsXHfqP.js                     6.14 kB │ gzip:  2.18 kB
../../../.default-seed-account-ssr/output/client/_app/immutable/nodes/26.BzKhYtbA.js                     6.49 kB │ gzip:  2.64 kB
../../../.default-seed-account-ssr/output/client/_app/immutable/nodes/20.CyIzztrh.js                     7.85 kB │ gzip:  3.25 kB
../../../.default-seed-account-ssr/output/client/_app/immutable/nodes/23.CEGmj14W.js                     8.09 kB │ gzip:  3.33 kB
../../../.default-seed-account-ssr/output/client/_app/immutable/entry/app.CTc0ebkx.js                    9.74 kB │ gzip:  3.12 kB
../../../.default-seed-account-ssr/output/client/_app/immutable/nodes/27.DHUmLO_P.js                    13.95 kB │ gzip:  5.14 kB
../../../.default-seed-account-ssr/output/client/_app/immutable/chunks/BESs7BwA.js                      14.35 kB │ gzip:  5.41 kB
../../../.default-seed-account-ssr/output/client/_app/immutable/nodes/17.CHKyinmn.js                    14.47 kB │ gzip:  5.04 kB
../../../.default-seed-account-ssr/output/client/_app/immutable/nodes/9.DkS8pOYc.js                     15.54 kB │ gzip:  5.36 kB
../../../.default-seed-account-ssr/output/client/_app/immutable/chunks/um4M1dWK.js                      16.72 kB │ gzip:  6.38 kB
../../../.default-seed-account-ssr/output/client/_app/immutable/nodes/19.DCYto4Wa.js                    17.93 kB │ gzip:  4.95 kB
../../../.default-seed-account-ssr/output/client/_app/immutable/nodes/16.BsSKLB3j.js                    20.29 kB │ gzip:  7.16 kB
../../../.default-seed-account-ssr/output/client/_app/immutable/chunks/DCII3v4p.js                      30.55 kB │ gzip:  8.99 kB
../../../.default-seed-account-ssr/output/client/_app/immutable/chunks/BYnPvnyd.js                      33.27 kB │ gzip: 13.39 kB
../../../.default-seed-account-ssr/output/client/_app/immutable/chunks/BzaVjOZT.js                      39.99 kB │ gzip: 12.06 kB
../../../.default-seed-account-ssr/output/client/_app/immutable/chunks/CywX8jMC.js                      43.62 kB │ gzip: 15.98 kB
../../../.default-seed-account-ssr/output/client/_app/immutable/chunks/ye5Gyn9G.js                      56.95 kB │ gzip: 21.60 kB
../../../.default-seed-account-ssr/output/client/_app/immutable/chunks/BPiqbJwC.js                     136.11 kB │ gzip: 58.52 kB
../../../.default-seed-account-ssr/output/client/_app/immutable/chunks/DM28qpZo.js                     137.61 kB │ gzip: 53.21 kB
../../../.default-seed-account-ssr/output/client/_app/immutable/chunks/T1EVtKhW.js                     137.61 kB │ gzip: 53.19 kB
../../../.default-seed-account-ssr/output/client/_app/immutable/chunks/anOUEGqZ.js                     137.61 kB │ gzip: 53.19 kB
../../../.default-seed-account-ssr/output/client/_app/immutable/chunks/C_sCllSl.js                     138.07 kB │ gzip: 54.17 kB
../../../.default-seed-account-ssr/output/client/_app/immutable/chunks/CRSp0bTA.js                     138.93 kB │ gzip: 59.24 kB
../../../.default-seed-account-ssr/output/client/_app/immutable/chunks/Blw2Y7lB.js                     142.15 kB │ gzip: 56.86 kB
../../../.default-seed-account-ssr/output/client/_app/immutable/chunks/BpCXazBM.js                     142.46 kB │ gzip: 53.24 kB
../../../.default-seed-account-ssr/output/client/_app/immutable/chunks/r-Tzu0BR.js                     142.82 kB │ gzip: 58.01 kB
../../../.default-seed-account-ssr/output/client/_app/immutable/chunks/HakaqmDz.js                     144.36 kB │ gzip: 57.98 kB
../../../.default-seed-account-ssr/output/client/_app/immutable/chunks/ysVUnwU0.js                     145.54 kB │ gzip: 57.44 kB
../../../.default-seed-account-ssr/output/client/_app/immutable/chunks/CxNTQdXf.js                     146.35 kB │ gzip: 58.89 kB
../../../.default-seed-account-ssr/output/client/_app/immutable/chunks/DoL51Yuw.js                     146.50 kB │ gzip: 58.73 kB
../../../.default-seed-account-ssr/output/client/_app/immutable/chunks/CrEWZgWJ.js                     146.57 kB │ gzip: 58.22 kB
../../../.default-seed-account-ssr/output/client/_app/immutable/chunks/BMU5xNVl.js                     148.04 kB │ gzip: 56.20 kB
../../../.default-seed-account-ssr/output/client/_app/immutable/chunks/CYj3jB7Q.js                     148.52 kB │ gzip: 59.20 kB
../../../.default-seed-account-ssr/output/client/_app/immutable/chunks/CTGeXi8q.js                     149.35 kB │ gzip: 58.57 kB
../../../.default-seed-account-ssr/output/client/_app/immutable/chunks/CjV8Aas_.js                     149.44 kB │ gzip: 58.29 kB
../../../.default-seed-account-ssr/output/client/_app/immutable/chunks/q5HUmo-S.js                     149.64 kB │ gzip: 58.11 kB
../../../.default-seed-account-ssr/output/client/_app/immutable/chunks/BjG_kK7b.js                     153.55 kB │ gzip: 60.58 kB
../../../.default-seed-account-ssr/output/client/_app/immutable/chunks/D68j2xRM.js                     153.64 kB │ gzip: 56.31 kB
../../../.default-seed-account-ssr/output/client/_app/immutable/chunks/ggTszAym.js                     157.12 kB │ gzip: 59.64 kB
../../../.default-seed-account-ssr/output/client/_app/immutable/chunks/Di1PzVfV.js                     158.50 kB │ gzip: 59.59 kB
../../../.default-seed-account-ssr/output/client/_app/immutable/chunks/BO0edF28.js                     166.07 kB │ gzip: 60.56 kB
../../../.default-seed-account-ssr/output/client/_app/immutable/chunks/po2SFOGq.js                     167.64 kB │ gzip: 61.57 kB
../../../.default-seed-account-ssr/output/client/_app/immutable/chunks/Cesw7BeT.js                     181.45 kB │ gzip: 62.86 kB
../../../.default-seed-account-ssr/output/client/_app/immutable/chunks/COBogUjU.js                     195.78 kB │ gzip: 61.69 kB
../../../.default-seed-account-ssr/output/client/_app/immutable/chunks/ZPA7-ZTR.js                     204.61 kB │ gzip: 63.09 kB
../../../.default-seed-account-ssr/output/client/_app/immutable/chunks/C9SKR0zZ.js                     224.16 kB │ gzip: 65.68 kB
../../../.default-seed-account-ssr/output/client/_app/immutable/chunks/mD0vlD-8.js                     272.21 kB │ gzip: 66.47 kB
../../../.default-seed-account-ssr/output/client/_app/immutable/chunks/DJkhZC9H.js                     298.15 kB │ gzip: 66.14 kB
../../../.default-seed-account-ssr/output/client/_app/immutable/nodes/8.Cxjskt64.js                    354.98 kB │ gzip: 87.98 kB

[33m[MODULE_LEVEL_DIRECTIVE] [0mThe semantics of the module level directive "use client" in "../../../../../cms-byline-content-lifecycle/node_modules/.pnpm/@tanstack+react-query@5.90.21_react@19.3.0/node_modules/@tanstack/react-query/build/modern/useQueries.js" may not be preserved when bundling.
   [38;5;246m╭[0m[38;5;246m─[0m[38;5;246m[[0m ../../../../../cms-byline-content-lifecycle/node_modules/.pnpm/@tanstack+react-query@5.90.21_react@19.3.0/node_modules/@tanstack/react-query/build/modern/useQueries.js:1:1 [38;5;246m][0m
   [38;5;246m│[0m
 [38;5;246m1 │[0m "use client";
 [38;5;240m  │[0m ──────┬──────  
 [38;5;240m  │[0m       ╰──────── module level directive may not be preserved
 [38;5;240m  │[0m 
 [38;5;240m  │[0m [38;5;115mHelp[0m: For more information, see https://rolldown.rs/in-depth/directives#other-directives
[38;5;246m───╯[0m

[33m[MODULE_LEVEL_DIRECTIVE] [0mThe semantics of the module level directive "use client" in "../../../../../cms-byline-content-lifecycle/node_modules/.pnpm/@tanstack+react-query@5.90.21_react@19.3.0/node_modules/@tanstack/react-query/build/modern/HydrationBoundary.js" may not be preserved when bundling.
   [38;5;246m╭[0m[38;5;246m─[0m[38;5;246m[[0m ../../../../../cms-byline-content-lifecycle/node_modules/.pnpm/@tanstack+react-query@5.90.21_react@19.3.0/node_modules/@tanstack/react-query/build/modern/HydrationBoundary.js:1:1 [38;5;246m][0m
   [38;5;246m│[0m
 [38;5;246m1 │[0m "use client";
 [38;5;240m  │[0m ──────┬──────  
 [38;5;240m  │[0m       ╰──────── module level directive may not be preserved
 [38;5;240m  │[0m 
 [38;5;240m  │[0m [38;5;115mHelp[0m: For more information, see https://rolldown.rs/in-depth/directives#other-directives
[38;5;246m───╯[0m

[33m[MODULE_LEVEL_DIRECTIVE] [0mThe semantics of the module level directive "use client" in "../../../../../cms-byline-content-lifecycle/node_modules/.pnpm/@tanstack+react-query@5.90.21_react@19.3.0/node_modules/@tanstack/react-query/build/modern/QueryClientProvider.js" may not be preserved when bundling.
   [38;5;246m╭[0m[38;5;246m─[0m[38;5;246m[[0m ../../../../../cms-byline-content-lifecycle/node_modules/.pnpm/@tanstack+react-query@5.90.21_react@19.3.0/node_modules/@tanstack/react-query/build/modern/QueryClientProvider.js:1:1 [38;5;246m][0m
   [38;5;246m│[0m
 [38;5;246m1 │[0m "use client";
 [38;5;240m  │[0m ──────┬──────  
 [38;5;240m  │[0m       ╰──────── module level directive may not be preserved
 [38;5;240m  │[0m 
 [38;5;240m  │[0m [38;5;115mHelp[0m: For more information, see https://rolldown.rs/in-depth/directives#other-directives
[38;5;246m───╯[0m

[33m[MODULE_LEVEL_DIRECTIVE] [0mThe semantics of the module level directive "use client" in "../../../../../cms-byline-content-lifecycle/node_modules/.pnpm/@tanstack+react-query@5.90.21_react@19.3.0/node_modules/@tanstack/react-query/build/modern/QueryErrorResetBoundary.js" may not be preserved when bundling.
   [38;5;246m╭[0m[38;5;246m─[0m[38;5;246m[[0m ../../../../../cms-byline-content-lifecycle/node_modules/.pnpm/@tanstack+react-query@5.90.21_react@19.3.0/node_modules/@tanstack/react-query/build/modern/QueryErrorResetBoundary.js:1:1 [38;5;246m][0m
   [38;5;246m│[0m
 [38;5;246m1 │[0m "use client";
 [38;5;240m  │[0m ──────┬──────  
 [38;5;240m  │[0m       ╰──────── module level directive may not be preserved
 [38;5;240m  │[0m 
 [38;5;240m  │[0m [38;5;115mHelp[0m: For more information, see https://rolldown.rs/in-depth/directives#other-directives
[38;5;246m───╯[0m

[33m[MODULE_LEVEL_DIRECTIVE] [0mThe semantics of the module level directive "use client" in "../../../../../cms-byline-content-lifecycle/node_modules/.pnpm/@tanstack+react-query@5.90.21_react@19.3.0/node_modules/@tanstack/react-query/build/modern/useQuery.js" may not be preserved when bundling.
   [38;5;246m╭[0m[38;5;246m─[0m[38;5;246m[[0m ../../../../../cms-byline-content-lifecycle/node_modules/.pnpm/@tanstack+react-query@5.90.21_react@19.3.0/node_modules/@tanstack/react-query/build/modern/useQuery.js:1:1 [38;5;246m][0m
   [38;5;246m│[0m
 [38;5;246m1 │[0m "use client";
 [38;5;240m  │[0m ──────┬──────  
 [38;5;240m  │[0m       ╰──────── module level directive may not be preserved
 [38;5;240m  │[0m 
 [38;5;240m  │[0m [38;5;115mHelp[0m: For more information, see https://rolldown.rs/in-depth/directives#other-directives
[38;5;246m───╯[0m

[33m[MODULE_LEVEL_DIRECTIVE] [0mThe semantics of the module level directive "use client" in "../../../../../cms-byline-content-lifecycle/node_modules/.pnpm/@tanstack+react-query@5.90.21_react@19.3.0/node_modules/@tanstack/react-query/build/modern/useSuspenseInfiniteQuery.js" may not be preserved when bundling.
   [38;5;246m╭[0m[38;5;246m─[0m[38;5;246m[[0m ../../../../../cms-byline-content-lifecycle/node_modules/.pnpm/@tanstack+react-query@5.90.21_react@19.3.0/node_modules/@tanstack/react-query/build/modern/useSuspenseInfiniteQuery.js:1:1 [38;5;246m][0m
   [38;5;246m│[0m
 [38;5;246m1 │[0m "use client";
 [38;5;240m  │[0m ──────┬──────  
 [38;5;240m  │[0m       ╰──────── module level directive may not be preserved
 [38;5;240m  │[0m 
 [38;5;240m  │[0m [38;5;115mHelp[0m: For more information, see https://rolldown.rs/in-depth/directives#other-directives
[38;5;246m───╯[0m

[33m[MODULE_LEVEL_DIRECTIVE] [0mThe semantics of the module level directive "use client" in "../../../../../cms-byline-content-lifecycle/node_modules/.pnpm/@tanstack+react-query@5.90.21_react@19.3.0/node_modules/@tanstack/react-query/build/modern/IsRestoringProvider.js" may not be preserved when bundling.
   [38;5;246m╭[0m[38;5;246m─[0m[38;5;246m[[0m ../../../../../cms-byline-content-lifecycle/node_modules/.pnpm/@tanstack+react-query@5.90.21_react@19.3.0/node_modules/@tanstack/react-query/build/modern/IsRestoringProvider.js:1:1 [38;5;246m][0m
   [38;5;246m│[0m
 [38;5;246m1 │[0m "use client";
 [38;5;240m  │[0m ──────┬──────  
 [38;5;240m  │[0m       ╰──────── module level directive may not be preserved
 [38;5;240m  │[0m 
 [38;5;240m  │[0m [38;5;115mHelp[0m: For more information, see https://rolldown.rs/in-depth/directives#other-directives
[38;5;246m───╯[0m

[33m[MODULE_LEVEL_DIRECTIVE] [0mThe semantics of the module level directive "use client" in "../../../../../cms-byline-content-lifecycle/node_modules/.pnpm/@tanstack+react-query@5.90.21_react@19.3.0/node_modules/@tanstack/react-query/build/modern/useMutationState.js" may not be preserved when bundling.
   [38;5;246m╭[0m[38;5;246m─[0m[38;5;246m[[0m ../../../../../cms-byline-content-lifecycle/node_modules/.pnpm/@tanstack+react-query@5.90.21_react@19.3.0/node_modules/@tanstack/react-query/build/modern/useMutationState.js:1:1 [38;5;246m][0m
   [38;5;246m│[0m
 [38;5;246m1 │[0m "use client";
 [38;5;240m  │[0m ──────┬──────  
 [38;5;240m  │[0m       ╰──────── module level directive may not be preserved
 [38;5;240m  │[0m 
 [38;5;240m  │[0m [38;5;115mHelp[0m: For more information, see https://rolldown.rs/in-depth/directives#other-directives
[38;5;246m───╯[0m

[33m[MODULE_LEVEL_DIRECTIVE] [0mThe semantics of the module level directive "use client" in "../../../../../cms-byline-content-lifecycle/node_modules/.pnpm/@tanstack+react-query@5.90.21_react@19.3.0/node_modules/@tanstack/react-query/build/modern/useIsFetching.js" may not be preserved when bundling.
   [38;5;246m╭[0m[38;5;246m─[0m[38;5;246m[[0m ../../../../../cms-byline-content-lifecycle/node_modules/.pnpm/@tanstack+react-query@5.90.21_react@19.3.0/node_modules/@tanstack/react-query/build/modern/useIsFetching.js:1:1 [38;5;246m][0m
   [38;5;246m│[0m
 [38;5;246m1 │[0m "use client";
 [38;5;240m  │[0m ──────┬──────  
 [38;5;240m  │[0m       ╰──────── module level directive may not be preserved
 [38;5;240m  │[0m 
 [38;5;240m  │[0m [38;5;115mHelp[0m: For more information, see https://rolldown.rs/in-depth/directives#other-directives
[38;5;246m───╯[0m

[33m[MODULE_LEVEL_DIRECTIVE] [0mThe semantics of the module level directive "use client" in "../../../../../cms-byline-content-lifecycle/node_modules/.pnpm/@tanstack+react-query@5.90.21_react@19.3.0/node_modules/@tanstack/react-query/build/modern/useMutation.js" may not be preserved when bundling.
   [38;5;246m╭[0m[38;5;246m─[0m[38;5;246m[[0m ../../../../../cms-byline-content-lifecycle/node_modules/.pnpm/@tanstack+react-query@5.90.21_react@19.3.0/node_modules/@tanstack/react-query/build/modern/useMutation.js:1:1 [38;5;246m][0m
   [38;5;246m│[0m
 [38;5;246m1 │[0m "use client";
 [38;5;240m  │[0m ──────┬──────  
 [38;5;240m  │[0m       ╰──────── module level directive may not be preserved
 [38;5;240m  │[0m 
 [38;5;240m  │[0m [38;5;115mHelp[0m: For more information, see https://rolldown.rs/in-depth/directives#other-directives
[38;5;246m───╯[0m

[33m[MODULE_LEVEL_DIRECTIVE] [0mThe semantics of the module level directive "use client" in "../../../../../cms-byline-content-lifecycle/node_modules/.pnpm/@tanstack+react-query@5.90.21_react@19.3.0/node_modules/@tanstack/react-query/build/modern/useInfiniteQuery.js" may not be preserved when bundling.
   [38;5;246m╭[0m[38;5;246m─[0m[38;5;246m[[0m ../../../../../cms-byline-content-lifecycle/node_modules/.pnpm/@tanstack+react-query@5.90.21_react@19.3.0/node_modules/@tanstack/react-query/build/modern/useInfiniteQuery.js:1:1 [38;5;246m][0m
   [38;5;246m│[0m
 [38;5;246m1 │[0m "use client";
 [38;5;240m  │[0m ──────┬──────  
 [38;5;240m  │[0m       ╰──────── module level directive may not be preserved
 [38;5;240m  │[0m 
 [38;5;240m  │[0m [38;5;115mHelp[0m: For more information, see https://rolldown.rs/in-depth/directives#other-directives
[38;5;246m───╯[0m

[33m[MODULE_LEVEL_DIRECTIVE] [0mThe semantics of the module level directive "use client" in "../../../../../cms-byline-content-lifecycle/node_modules/.pnpm/@tanstack+react-query@5.90.21_react@19.3.0/node_modules/@tanstack/react-query/build/modern/useSuspenseQueries.js" may not be preserved when bundling.
   [38;5;246m╭[0m[38;5;246m─[0m[38;5;246m[[0m ../../../../../cms-byline-content-lifecycle/node_modules/.pnpm/@tanstack+react-query@5.90.21_react@19.3.0/node_modules/@tanstack/react-query/build/modern/useSuspenseQueries.js:1:1 [38;5;246m][0m
   [38;5;246m│[0m
 [38;5;246m1 │[0m "use client";
 [38;5;240m  │[0m ──────┬──────  
 [38;5;240m  │[0m       ╰──────── module level directive may not be preserved
 [38;5;240m  │[0m 
 [38;5;240m  │[0m [38;5;115mHelp[0m: For more information, see https://rolldown.rs/in-depth/directives#other-directives
[38;5;246m───╯[0m

[33m[MODULE_LEVEL_DIRECTIVE] [0mThe semantics of the module level directive "use client" in "../../../../../cms-byline-content-lifecycle/node_modules/.pnpm/@tanstack+react-query@5.90.21_react@19.3.0/node_modules/@tanstack/react-query/build/modern/useSuspenseQuery.js" may not be preserved when bundling.
   [38;5;246m╭[0m[38;5;246m─[0m[38;5;246m[[0m ../../../../../cms-byline-content-lifecycle/node_modules/.pnpm/@tanstack+react-query@5.90.21_react@19.3.0/node_modules/@tanstack/react-query/build/modern/useSuspenseQuery.js:1:1 [38;5;246m][0m
   [38;5;246m│[0m
 [38;5;246m1 │[0m "use client";
 [38;5;240m  │[0m ──────┬──────  
 [38;5;240m  │[0m       ╰──────── module level directive may not be preserved
 [38;5;240m  │[0m 
 [38;5;240m  │[0m [38;5;115mHelp[0m: For more information, see https://rolldown.rs/in-depth/directives#other-directives
[38;5;246m───╯[0m

[33m[MODULE_LEVEL_DIRECTIVE] [0mThe semantics of the module level directive "use client" in "../../../../../cms-byline-content-lifecycle/node_modules/.pnpm/@tanstack+react-query@5.90.21_react@19.3.0/node_modules/@tanstack/react-query/build/modern/useBaseQuery.js" may not be preserved when bundling.
   [38;5;246m╭[0m[38;5;246m─[0m[38;5;246m[[0m ../../../../../cms-byline-content-lifecycle/node_modules/.pnpm/@tanstack+react-query@5.90.21_react@19.3.0/node_modules/@tanstack/react-query/build/modern/useBaseQuery.js:1:1 [38;5;246m][0m
   [38;5;246m│[0m
 [38;5;246m1 │[0m "use client";
 [38;5;240m  │[0m ──────┬──────  
 [38;5;240m  │[0m       ╰──────── module level directive may not be preserved
 [38;5;240m  │[0m 
 [38;5;240m  │[0m [38;5;115mHelp[0m: For more information, see https://rolldown.rs/in-depth/directives#other-directives
[38;5;246m───╯[0m

[33m[MODULE_LEVEL_DIRECTIVE] [0mThe semantics of the module level directive "use client" in "../../../../../cms-byline-content-lifecycle/node_modules/.pnpm/@tanstack+react-query@5.90.21_react@19.3.0/node_modules/@tanstack/react-query/build/modern/errorBoundaryUtils.js" may not be preserved when bundling.
   [38;5;246m╭[0m[38;5;246m─[0m[38;5;246m[[0m ../../../../../cms-byline-content-lifecycle/node_modules/.pnpm/@tanstack+react-query@5.90.21_react@19.3.0/node_modules/@tanstack/react-query/build/modern/errorBoundaryUtils.js:1:1 [38;5;246m][0m
   [38;5;246m│[0m
 [38;5;246m1 │[0m "use client";
 [38;5;240m  │[0m ──────┬──────  
 [38;5;240m  │[0m       ╰──────── module level directive may not be preserved
 [38;5;240m  │[0m 
 [38;5;240m  │[0m [38;5;115mHelp[0m: For more information, see https://rolldown.rs/in-depth/directives#other-directives
[38;5;246m───╯[0m

✓ built in 1.83s
The following Vite config options will be overridden by SvelteKit:
  - root
computing gzip size...
../../../.default-seed-account-ssr/output/server/.vite/manifest.json                                                                           103.02 kB │ gzip:  9.38 kB
../../../.default-seed-account-ssr/output/server/_app/immutable/assets/_page.C6yWgjq1.css                                                        0.17 kB │ gzip:  0.13 kB
../../../.default-seed-account-ssr/output/server/_app/immutable/assets/MenuDialog.Cyq88IsC.css                                                   0.20 kB │ gzip:  0.17 kB
../../../.default-seed-account-ssr/output/server/_app/immutable/assets/_page.C74Pt68p.css                                                        0.22 kB │ gzip:  0.15 kB
../../../.default-seed-account-ssr/output/server/_app/immutable/assets/_page.DkAV4OI2.css                                                        0.36 kB │ gzip:  0.22 kB
../../../.default-seed-account-ssr/output/server/_app/immutable/assets/EditorForm.BdC5qpxX.css                                                   0.45 kB │ gzip:  0.23 kB
../../../.default-seed-account-ssr/output/server/_app/immutable/assets/DraftPreview.D5_4Lg_2.css                                                 0.48 kB │ gzip:  0.25 kB
../../../.default-seed-account-ssr/output/server/_app/immutable/assets/_page.DBqNwXyN.css                                                        0.54 kB │ gzip:  0.26 kB
../../../.default-seed-account-ssr/output/server/_app/immutable/assets/_page.ChLnk64P.css                                                        0.57 kB │ gzip:  0.29 kB
../../../.default-seed-account-ssr/output/server/_app/immutable/assets/_page.C7dX7ADv.css                                                        0.67 kB │ gzip:  0.31 kB
../../../.default-seed-account-ssr/output/server/_app/immutable/assets/_page.Bg5Ar_pm.css                                                        0.70 kB │ gzip:  0.35 kB
../../../.default-seed-account-ssr/output/server/_app/immutable/assets/ContentTypeEditor.DwBad6cT.css                                            1.58 kB │ gzip:  0.55 kB
../../../.default-seed-account-ssr/output/server/_app/immutable/assets/_page.DMTq_ibE.css                                                        1.61 kB │ gzip:  0.40 kB
../../../.default-seed-account-ssr/output/server/_app/immutable/assets/_page.CkE_HqIt.css                                                        2.21 kB │ gzip:  0.68 kB
../../../.default-seed-account-ssr/output/server/_app/immutable/assets/_page.D_PcQq-B.css                                                        2.27 kB │ gzip:  0.85 kB
../../../.default-seed-account-ssr/output/server/_app/immutable/assets/admin.CSBm7Oz-.css                                                        2.57 kB │ gzip:  0.88 kB
../../../.default-seed-account-ssr/output/server/_app/immutable/assets/_page.BwDGoDmc.css                                                        3.06 kB │ gzip:  0.92 kB
../../../.default-seed-account-ssr/output/server/_app/immutable/assets/_page.3kXZ6_Ua.css                                                       12.14 kB │ gzip:  2.88 kB
../../../.default-seed-account-ssr/output/server/_app/immutable/assets/WorkspaceShell.CHpQheoZ.css                                              37.05 kB │ gzip:  5.01 kB
../../../.default-seed-account-ssr/output/server/chunks/navigation.js                                                                            0.03 kB │ gzip:  0.05 kB
../../../.default-seed-account-ssr/output/server/chunks/local2.js                                                                                0.07 kB │ gzip:  0.07 kB
../../../.default-seed-account-ssr/output/server/chunks/repository7.js                                                                           0.08 kB │ gzip:  0.07 kB
../../../.default-seed-account-ssr/output/server/chunks/content2.js                                                                              0.08 kB │ gzip:  0.07 kB
../../../.default-seed-account-ssr/output/server/chunks/repository3.js                                                                           0.08 kB │ gzip:  0.07 kB
../../../.default-seed-account-ssr/output/server/chunks/repository9.js                                                                           0.08 kB │ gzip:  0.08 kB
../../../.default-seed-account-ssr/output/server/chunks/repository4.js                                                                           0.09 kB │ gzip:  0.08 kB
../../../.default-seed-account-ssr/output/server/chunks/bylines2.js                                                                              0.09 kB │ gzip:  0.08 kB
../../../.default-seed-account-ssr/output/server/chunks/handlers.js                                                                              0.09 kB │ gzip:  0.08 kB
../../../.default-seed-account-ssr/output/server/chunks/cache3.js                                                                                0.09 kB │ gzip:  0.08 kB
../../../.default-seed-account-ssr/output/server/chunks/chunks2.js                                                                               0.10 kB │ gzip:  0.09 kB
../../../.default-seed-account-ssr/output/server/chunks/validate-references.js                                                                   0.11 kB │ gzip:  0.09 kB
../../../.default-seed-account-ssr/output/server/chunks/content-plan2.js                                                                         0.12 kB │ gzip:  0.09 kB
../../../.default-seed-account-ssr/output/server/chunks/providers.js                                                                             0.13 kB │ gzip:  0.11 kB
../../../.default-seed-account-ssr/output/server/chunks/taxonomies2.js                                                                           0.15 kB │ gzip:  0.10 kB
../../../.default-seed-account-ssr/output/server/chunks/staged.js                                                                                0.16 kB │ gzip:  0.10 kB
../../../.default-seed-account-ssr/output/server/remote-entry.js                                                                                 0.16 kB │ gzip:  0.12 kB
../../../.default-seed-account-ssr/output/server/chunks/server.js                                                                                0.16 kB │ gzip:  0.12 kB
../../../.default-seed-account-ssr/output/server/chunks/transaction.js                                                                           0.21 kB │ gzip:  0.15 kB
../../../.default-seed-account-ssr/output/server/entries/endpoints/api/calendar/user/_server.ts.js                                               0.21 kB │ gzip:  0.16 kB
../../../.default-seed-account-ssr/output/server/entries/endpoints/api/comments/_server.ts.js                                                    0.22 kB │ gzip:  0.16 kB
../../../.default-seed-account-ssr/output/server/env.js                                                                                          0.22 kB │ gzip:  0.14 kB
../../../.default-seed-account-ssr/output/server/entries/endpoints/api/calendar/manifest/_server.ts.js                                           0.22 kB │ gzip:  0.16 kB
../../../.default-seed-account-ssr/output/server/chunks/remote-ov1mh7.js                                                                         0.22 kB │ gzip:  0.14 kB
../../../.default-seed-account-ssr/output/server/chunks/navigation2.js                                                                           0.22 kB │ gzip:  0.17 kB
../../../.default-seed-account-ssr/output/server/entries/endpoints/api/admin/comments/_server.ts.js                                              0.23 kB │ gzip:  0.17 kB
../../../.default-seed-account-ssr/output/server/chunks/remote-vnwuxe.js                                                                         0.23 kB │ gzip:  0.14 kB
../../../.default-seed-account-ssr/output/server/entries/pages/_page.server.ts.js                                                                0.23 kB │ gzip:  0.17 kB
../../../.default-seed-account-ssr/output/server/chunks/remote-db9z56.js                                                                         0.23 kB │ gzip:  0.14 kB
../../../.default-seed-account-ssr/output/server/entries/endpoints/api/redirects/404s/summary/_server.ts.js                                      0.23 kB │ gzip:  0.17 kB
../../../.default-seed-account-ssr/output/server/chunks/object-cache2.js                                                                         0.23 kB │ gzip:  0.12 kB
../../../.default-seed-account-ssr/output/server/entries/endpoints/api/admin/comments/bulk/_server.ts.js                                         0.23 kB │ gzip:  0.17 kB
../../../.default-seed-account-ssr/output/server/chunks/remote-1yt2li.js                                                                         0.24 kB │ gzip:  0.14 kB
../../../.default-seed-account-ssr/output/server/entries/endpoints/api/admin/comments/counts/_server.ts.js                                       0.24 kB │ gzip:  0.17 kB
../../../.default-seed-account-ssr/output/server/chunks/remote-1ph2c6t.js                                                                        0.24 kB │ gzip:  0.15 kB
../../../.default-seed-account-ssr/output/server/entries/pages/redirects/_page.server.ts.js                                                      0.24 kB │ gzip:  0.18 kB
../../../.default-seed-account-ssr/output/server/entries/endpoints/api/admin/comments/_id_/status/_server.ts.js                                  0.24 kB │ gzip:  0.17 kB
../../../.default-seed-account-ssr/output/server/entries/pages/content/_collection_/_layout.server.ts.js                                         0.26 kB │ gzip:  0.18 kB
../../../.default-seed-account-ssr/output/server/chunks/remote-1q5lfwh.js                                                                        0.26 kB │ gzip:  0.15 kB
../../../.default-seed-account-ssr/output/server/entries/endpoints/api/comments/_collection_/_contentId_/_server.ts.js                           0.26 kB │ gzip:  0.18 kB
../../../.default-seed-account-ssr/output/server/entries/endpoints/api/admin/comments/settings/_collection_/_server.ts.js                        0.27 kB │ gzip:  0.17 kB
../../../.default-seed-account-ssr/output/server/entries/endpoints/api/redirects/_server.ts.js                                                   0.27 kB │ gzip:  0.18 kB
../../../.default-seed-account-ssr/output/server/chunks/object-cache-configuration.js                                                            0.28 kB │ gzip:  0.20 kB
../../../.default-seed-account-ssr/output/server/entries/endpoints/api/comments/_collection_/_contentId_/reactions/_server.ts.js                 0.28 kB │ gzip:  0.18 kB
../../../.default-seed-account-ssr/output/server/chunks/env.js                                                                                   0.28 kB │ gzip:  0.17 kB
../../../.default-seed-account-ssr/output/server/chunks/contract.js                                                                              0.29 kB │ gzip:  0.19 kB
../../../.default-seed-account-ssr/output/server/entries/endpoints/api/schema/block-types/_server.ts.js                                          0.29 kB │ gzip:  0.21 kB
../../../.default-seed-account-ssr/output/server/entries/endpoints/api/content-picker/manifest/_server.ts.js                                     0.30 kB │ gzip:  0.20 kB
../../../.default-seed-account-ssr/output/server/entries/endpoints/api/admin/comments/_id_/_server.ts.js                                         0.30 kB │ gzip:  0.19 kB
../../../.default-seed-account-ssr/output/server/chunks/media-usage.js                                                                           0.32 kB │ gzip:  0.21 kB
../../../.default-seed-account-ssr/output/server/chunks/host.js                                                                                  0.32 kB │ gzip:  0.20 kB
../../../.default-seed-account-ssr/output/server/entries/endpoints/api/calendar/content/_collection_/_id_/_server.ts.js                          0.32 kB │ gzip:  0.20 kB
../../../.default-seed-account-ssr/output/server/entries/endpoints/api/media/file/_...key_/_server.ts.js                                         0.33 kB │ gzip:  0.21 kB
../../../.default-seed-account-ssr/output/server/entries/endpoints/api/content-picker/collections/_server.ts.js                                  0.33 kB │ gzip:  0.22 kB
../../../.default-seed-account-ssr/output/server/entries/endpoints/api/media/_id_/upload/_server.ts.js                                           0.33 kB │ gzip:  0.21 kB
../../../.default-seed-account-ssr/output/server/entries/endpoints/api/media/upload-url/_server.ts.js                                            0.33 kB │ gzip:  0.20 kB
../../../.default-seed-account-ssr/output/server/entries/endpoints/api/media/_id_/replace/_server.ts.js                                          0.34 kB │ gzip:  0.21 kB
../../../.default-seed-account-ssr/output/server/entries/endpoints/api/schema/collections/reorder/_server.ts.js                                  0.34 kB │ gzip:  0.23 kB
../../../.default-seed-account-ssr/output/server/entries/endpoints/api/media/_id_/confirm/_server.ts.js                                          0.34 kB │ gzip:  0.21 kB
../../../.default-seed-account-ssr/output/server/entries/endpoints/_emdash/api/media/file/_...key_/_server.ts.js                                 0.34 kB │ gzip:  0.21 kB
../../../.default-seed-account-ssr/output/server/entries/endpoints/api/redirects/_id_/_server.ts.js                                              0.34 kB │ gzip:  0.20 kB
../../../.default-seed-account-ssr/output/server/entries/endpoints/_emdash/api/media/_id_/upload/_server.ts.js                                   0.35 kB │ gzip:  0.21 kB
../../../.default-seed-account-ssr/output/server/entries/endpoints/_emdash/api/media/upload-url/_server.ts.js                                    0.35 kB │ gzip:  0.21 kB
../../../.default-seed-account-ssr/output/server/entries/endpoints/_emdash/api/media/_id_/replace/_server.ts.js                                  0.35 kB │ gzip:  0.22 kB
../../../.default-seed-account-ssr/output/server/entries/endpoints/_emdash/api/media/_id_/confirm/_server.ts.js                                  0.35 kB │ gzip:  0.22 kB
../../../.default-seed-account-ssr/output/server/entries/endpoints/api/redirects/404s/_server.ts.js                                              0.35 kB │ gzip:  0.20 kB
../../../.default-seed-account-ssr/output/server/chunks/staged-content.js                                                                        0.35 kB │ gzip:  0.16 kB
../../../.default-seed-account-ssr/output/server/entries/pages/widgets/_page.server.ts.js                                                        0.37 kB │ gzip:  0.23 kB
../../../.default-seed-account-ssr/output/server/entries/pages/sections/_layout.server.ts.js                                                     0.37 kB │ gzip:  0.23 kB
../../../.default-seed-account-ssr/output/server/entries/endpoints/api/content-picker/content/_collection_/_server.ts.js                         0.38 kB │ gzip:  0.24 kB
../../../.default-seed-account-ssr/output/server/chunks/schema-common.js                                                                         0.39 kB │ gzip:  0.26 kB
../../../.default-seed-account-ssr/output/server/internal.js                                                                                     0.40 kB │ gzip:  0.19 kB
../../../.default-seed-account-ssr/output/server/entries/endpoints/api/schema/collections/_collection_/fields/reorder/_server.ts.js              0.41 kB │ gzip:  0.27 kB
../../../.default-seed-account-ssr/output/server/entries/endpoints/api/setup/status/_server.ts.js                                                0.42 kB │ gzip:  0.25 kB
../../../.default-seed-account-ssr/output/server/entries/endpoints/api/schema/collections/_server.ts.js                                          0.43 kB │ gzip:  0.25 kB
../../../.default-seed-account-ssr/output/server/chunks/image-endpoint.js                                                                        0.43 kB │ gzip:  0.29 kB
../../../.default-seed-account-ssr/output/server/entries/fallbacks/layout.svelte.js                                                              0.46 kB │ gzip:  0.32 kB
../../../.default-seed-account-ssr/output/server/entries/endpoints/api/schema/collections/_collection_/fields/_server.ts.js                      0.46 kB │ gzip:  0.29 kB
../../../.default-seed-account-ssr/output/server/chunks/load.js                                                                                  0.47 kB │ gzip:  0.25 kB
../../../.default-seed-account-ssr/output/server/chunks/chunks.js                                                                                0.47 kB │ gzip:  0.34 kB
../../../.default-seed-account-ssr/output/server/chunks/registry2.js                                                                             0.48 kB │ gzip:  0.26 kB
../../../.default-seed-account-ssr/output/server/entries/endpoints/api/admin/users/_id_/enable/_server.ts.js                                     0.49 kB │ gzip:  0.32 kB
../../../.default-seed-account-ssr/output/server/entries/endpoints/api/admin/users/_id_/disable/_server.ts.js                                    0.49 kB │ gzip:  0.31 kB
../../../.default-seed-account-ssr/output/server/chunks/rolldown-runtime.js                                                                      0.49 kB │ gzip:  0.31 kB
../../../.default-seed-account-ssr/output/server/chunks/collection-slugs-state.js                                                                0.50 kB │ gzip:  0.29 kB
../../../.default-seed-account-ssr/output/server/chunks/authorize3.js                                                                            0.50 kB │ gzip:  0.32 kB
../../../.default-seed-account-ssr/output/server/chunks/pagination.js                                                                            0.51 kB │ gzip:  0.31 kB
../../../.default-seed-account-ssr/output/server/chunks/startup-errors.js                                                                        0.51 kB │ gzip:  0.34 kB
../../../.default-seed-account-ssr/output/server/chunks/context.js                                                                               0.51 kB │ gzip:  0.30 kB
../../../.default-seed-account-ssr/output/server/chunks/content-input.js                                                                         0.51 kB │ gzip:  0.16 kB
../../../.default-seed-account-ssr/output/server/chunks/deferred-tasks.js                                                                        0.51 kB │ gzip:  0.30 kB
../../../.default-seed-account-ssr/output/server/chunks/chrome-tags.js                                                                           0.54 kB │ gzip:  0.33 kB
../../../.default-seed-account-ssr/output/server/entries/endpoints/api/auth/me/_server.ts.js                                                     0.54 kB │ gzip:  0.32 kB
../../../.default-seed-account-ssr/output/server/entries/endpoints/api/schema/collections/_collection_/fields/_field_/_server.ts.js              0.55 kB │ gzip:  0.31 kB
../../../.default-seed-account-ssr/output/server/chunks/storage.js                                                                               0.57 kB │ gzip:  0.32 kB
../../../.default-seed-account-ssr/output/server/chunks/chunks3.js                                                                               0.58 kB │ gzip:  0.40 kB
../../../.default-seed-account-ssr/output/server/entries/endpoints/api/admin/users/_server.ts.js                                                 0.60 kB │ gzip:  0.34 kB
../../../.default-seed-account-ssr/output/server/entries/fallbacks/error.svelte.js                                                               0.60 kB │ gzip:  0.37 kB
../../../.default-seed-account-ssr/output/server/entries/endpoints/api/auth/passkey/options/_server.ts.js                                        0.61 kB │ gzip:  0.34 kB
../../../.default-seed-account-ssr/output/server/entries/pages/comments/settings/_collection_/_page.server.ts.js                                 0.62 kB │ gzip:  0.35 kB
../../../.default-seed-account-ssr/output/server/entries/pages/schema/_layout.server.ts.js                                                       0.62 kB │ gzip:  0.37 kB
../../../.default-seed-account-ssr/output/server/entries/pages/schema/_manage/_layout.svelte.js                                                  0.64 kB │ gzip:  0.32 kB
../../../.default-seed-account-ssr/output/server/chunks/url-pattern-cache.js                                                                     0.67 kB │ gzip:  0.35 kB
../../../.default-seed-account-ssr/output/server/entries/pages/content/_collection_/_id_/workflow/_page.server.ts.js                             0.68 kB │ gzip:  0.33 kB
../../../.default-seed-account-ssr/output/server/chunks/bylines.js                                                                               0.69 kB │ gzip:  0.41 kB
../../../.default-seed-account-ssr/output/server/entries/endpoints/api/schema/collections/_collection_/_server.ts.js                             0.71 kB │ gzip:  0.35 kB
../../../.default-seed-account-ssr/output/server/chunks/current-user.js                                                                          0.71 kB │ gzip:  0.39 kB
../../../.default-seed-account-ssr/output/server/chunks/host2.js                                                                                 0.76 kB │ gzip:  0.38 kB
../../../.default-seed-account-ssr/output/server/entries/pages/calendar/_page.server.ts.js                                                       0.78 kB │ gzip:  0.37 kB
../../../.default-seed-account-ssr/output/server/chunks/editor-display.js                                                                        0.78 kB │ gzip:  0.38 kB
../../../.default-seed-account-ssr/output/server/chunks/store.js                                                                                 0.79 kB │ gzip:  0.43 kB
../../../.default-seed-account-ssr/output/server/entries/pages/trash/_collection_/_page.server.ts.js                                             0.80 kB │ gzip:  0.41 kB
../../../.default-seed-account-ssr/output/server/chunks/readiness.js                                                                             0.83 kB │ gzip:  0.44 kB
../../../.default-seed-account-ssr/output/server/entries/endpoints/api/setup/admin/verify/_server.ts.js                                          0.84 kB │ gzip:  0.43 kB
../../../.default-seed-account-ssr/output/server/entries/pages/menus/_layout.server.ts.js                                                        0.86 kB │ gzip:  0.49 kB
../../../.default-seed-account-ssr/output/server/entries/endpoints/api/setup/admin/_server.ts.js                                                 0.88 kB │ gzip:  0.47 kB
../../../.default-seed-account-ssr/output/server/chunks/i18n-config.js                                                                           0.94 kB │ gzip:  0.49 kB
../../../.default-seed-account-ssr/output/server/entries/endpoints/api/byline-fields/_slug_/usage/_server.ts.js                                  0.94 kB │ gzip:  0.48 kB
../../../.default-seed-account-ssr/output/server/entries/endpoints/api/relations/_server.ts.js                                                   0.95 kB │ gzip:  0.43 kB
../../../.default-seed-account-ssr/output/server/entries/endpoints/api/menus/_name_/items/_server.ts.js                                          0.96 kB │ gzip:  0.46 kB
../../../.default-seed-account-ssr/output/server/entries/endpoints/api/menus/_name_/reorder/_server.ts.js                                        0.96 kB │ gzip:  0.45 kB
../../../.default-seed-account-ssr/output/server/entries/endpoints/api/content/_collection_/_id_/references/_relation_/parents/_server.ts.js     0.97 kB │ gzip:  0.48 kB
../../../.default-seed-account-ssr/output/server/entries/endpoints/api/content/_collection_/_id_/references/_relation_/children/_server.ts.js    0.97 kB │ gzip:  0.48 kB
../../../.default-seed-account-ssr/output/server/chunks/widgets.js                                                                               0.97 kB │ gzip:  0.48 kB
../../../.default-seed-account-ssr/output/server/chunks/status2.js                                                                               0.98 kB │ gzip:  0.49 kB
../../../.default-seed-account-ssr/output/server/chunks/authorize.js                                                                             1.04 kB │ gzip:  0.48 kB
../../../.default-seed-account-ssr/output/server/chunks/status.js                                                                                1.05 kB │ gzip:  0.56 kB
../../../.default-seed-account-ssr/output/server/entries/endpoints/api/admin/users/_id_/_server.ts.js                                            1.05 kB │ gzip:  0.48 kB
../../../.default-seed-account-ssr/output/server/entries/endpoints/api/menus/_server.ts.js                                                       1.06 kB │ gzip:  0.47 kB
../../../.default-seed-account-ssr/output/server/chunks/transaction2.js                                                                          1.07 kB │ gzip:  0.50 kB
../../../.default-seed-account-ssr/output/server/chunks/hash.js                                                                                  1.10 kB │ gzip:  0.61 kB
../../../.default-seed-account-ssr/output/server/entries/endpoints/api/byline-fields/reorder/_server.ts.js                                       1.10 kB │ gzip:  0.47 kB
../../../.default-seed-account-ssr/output/server/entries/endpoints/api/taxonomies/_name_/translations/_server.ts.js                              1.10 kB │ gzip:  0.52 kB
../../../.default-seed-account-ssr/output/server/entries/endpoints/api/taxonomies/_name_/reorder/_server.ts.js                                   1.14 kB │ gzip:  0.52 kB
../../../.default-seed-account-ssr/output/server/chunks/context2.js                                                                              1.19 kB │ gzip:  0.68 kB
../../../.default-seed-account-ssr/output/server/chunks/paths.js                                                                                 1.19 kB │ gzip:  0.67 kB
../../../.default-seed-account-ssr/output/server/entries/endpoints/api/auth/logout/_server.ts.js                                                 1.31 kB │ gzip:  0.62 kB
../../../.default-seed-account-ssr/output/server/chunks/request.js                                                                               1.31 kB │ gzip:  0.68 kB
../../../.default-seed-account-ssr/output/server/entries/endpoints/api/relations/_id_/_server.ts.js                                              1.34 kB │ gzip:  0.48 kB
../../../.default-seed-account-ssr/output/server/chunks/namespaces.js                                                                            1.35 kB │ gzip:  0.63 kB
../../../.default-seed-account-ssr/output/server/chunks/schema3.js                                                                               1.36 kB │ gzip:  0.66 kB
../../../.default-seed-account-ssr/output/server/chunks/internal.js                                                                              1.39 kB │ gzip:  0.57 kB
../../../.default-seed-account-ssr/output/server/entries/endpoints/api/auth/passkey/verify/_server.ts.js                                         1.40 kB │ gzip:  0.63 kB
../../../.default-seed-account-ssr/output/server/chunks/seed2.js                                                                                 1.42 kB │ gzip:  0.48 kB
../../../.default-seed-account-ssr/output/server/entries/endpoints/api/taxonomies/_server.ts.js                                                  1.42 kB │ gzip:  0.58 kB
../../../.default-seed-account-ssr/output/server/chunks/base64.js                                                                                1.42 kB │ gzip:  0.66 kB
../../../.default-seed-account-ssr/output/server/chunks/identity-schemas.js                                                                      1.49 kB │ gzip:  0.56 kB
../../../.default-seed-account-ssr/output/server/entries/pages/sections/_slug_/_page.svelte.js                                                   1.52 kB │ gzip:  0.58 kB
../../../.default-seed-account-ssr/output/server/entries/endpoints/api/menus/_name_/items/_id_/_server.ts.js                                     1.54 kB │ gzip:  0.56 kB
../../../.default-seed-account-ssr/output/server/chunks/db-errors.js                                                                             1.57 kB │ gzip:  0.75 kB
../../../.default-seed-account-ssr/output/server/entries/endpoints/api/menus/_name_/_server.ts.js                                                1.58 kB │ gzip:  0.53 kB
../../../.default-seed-account-ssr/output/server/entries/endpoints/api/taxonomies/_name_/terms/_server.ts.js                                     1.60 kB │ gzip:  0.63 kB
../../../.default-seed-account-ssr/output/server/chunks/default-seed.js                                                                          1.65 kB │ gzip:  0.80 kB
../../../.default-seed-account-ssr/output/server/entries/endpoints/api/byline-fields/_server.ts.js                                               1.66 kB │ gzip:  0.59 kB
../../../.default-seed-account-ssr/output/server/chunks/atomic-query-loop.js                                                                     1.67 kB │ gzip:  0.73 kB
../../../.default-seed-account-ssr/output/server/entries/pages/schema/_manage/new/_page.svelte.js                                                1.68 kB │ gzip:  0.73 kB
../../../.default-seed-account-ssr/output/server/chunks/settings.js                                                                              1.71 kB │ gzip:  0.83 kB
../../../.default-seed-account-ssr/output/server/chunks/media-allowlist.js                                                                       1.73 kB │ gzip:  0.94 kB
../../../.default-seed-account-ssr/output/server/entries/endpoints/api/media/folders/_server.ts.js                                               1.77 kB │ gzip:  0.64 kB
../../../.default-seed-account-ssr/output/server/entries/endpoints/api/menus/_name_/translations/_server.ts.js                                   1.77 kB │ gzip:  0.69 kB
../../../.default-seed-account-ssr/output/server/chunks/slugify.js                                                                               1.78 kB │ gzip:  0.91 kB
../../../.default-seed-account-ssr/output/server/chunks/migrations2.js                                                                           1.79 kB │ gzip:  0.68 kB
../../../.default-seed-account-ssr/output/server/entries/hooks.universal.js                                                                      1.80 kB │ gzip:  0.74 kB
../../../.default-seed-account-ssr/output/server/chunks/parse3.js                                                                                1.86 kB │ gzip:  0.91 kB
../../../.default-seed-account-ssr/output/server/chunks/DraftPreview.js                                                                          1.89 kB │ gzip:  0.79 kB
../../../.default-seed-account-ssr/output/server/entries/endpoints/api/sections/_server.ts.js                                                    1.91 kB │ gzip:  0.65 kB
../../../.default-seed-account-ssr/output/server/chunks/providers2.js                                                                            1.91 kB │ gzip:  0.57 kB
../../../.default-seed-account-ssr/output/server/chunks/schemas5.js                                                                              1.93 kB │ gzip:  0.50 kB
../../../.default-seed-account-ssr/output/server/chunks/workspace.remote.js                                                                      1.99 kB │ gzip:  0.77 kB
../../../.default-seed-account-ssr/output/server/chunks/readiness2.js                                                                            2.00 kB │ gzip:  0.93 kB
../../../.default-seed-account-ssr/output/server/entries/endpoints/api/media/asset/_id_/_filename_/_server.ts.js                                 2.01 kB │ gzip:  0.96 kB
../../../.default-seed-account-ssr/output/server/entries/pages/comments/_page.server.ts.js                                                       2.03 kB │ gzip:  0.86 kB
../../../.default-seed-account-ssr/output/server/chunks/descriptors.js                                                                           2.05 kB │ gzip:  0.89 kB
../../../.default-seed-account-ssr/output/server/chunks/validate2.js                                                                             2.06 kB │ gzip:  0.96 kB
../../../.default-seed-account-ssr/output/server/entries/endpoints/api/widget-areas/_name_/reorder/_server.ts.js                                 2.08 kB │ gzip:  0.88 kB
../../../.default-seed-account-ssr/output/server/chunks/validate.js                                                                              2.10 kB │ gzip:  0.97 kB
../../../.default-seed-account-ssr/output/server/entries/endpoints/api/widget-components/_server.ts.js                                           2.15 kB │ gzip:  0.78 kB
../../../.default-seed-account-ssr/output/server/chunks/editor-autosave.remote.js                                                                2.16 kB │ gzip:  0.76 kB
../../../.default-seed-account-ssr/output/server/chunks/init-lock.js                                                                             2.16 kB │ gzip:  1.00 kB
../../../.default-seed-account-ssr/output/server/chunks/turnstile.js                                                                             2.21 kB │ gzip:  1.13 kB
../../../.default-seed-account-ssr/output/server/chunks/client2.js                                                                               2.24 kB │ gzip:  0.92 kB
../../../.default-seed-account-ssr/output/server/entries/endpoints/api/taxonomies/_name_/_server.ts.js                                           2.29 kB │ gzip:  0.70 kB
../../../.default-seed-account-ssr/output/server/chunks/repository-types.js                                                                      2.31 kB │ gzip:  1.06 kB
../../../.default-seed-account-ssr/output/server/entries/endpoints/api/widget-areas/_name_/_server.ts.js                                         2.38 kB │ gzip:  0.81 kB
../../../.default-seed-account-ssr/output/server/entries/endpoints/api/byline-fields/_slug_/_server.ts.js                                        2.42 kB │ gzip:  0.69 kB
../../../.default-seed-account-ssr/output/server/chunks/d1-providers.js                                                                          2.43 kB │ gzip:  0.83 kB
../../../.default-seed-account-ssr/output/server/chunks/BlockSettings.js                                                                         2.43 kB │ gzip:  0.91 kB
../../../.default-seed-account-ssr/output/server/entries/endpoints/api/widget-areas/_name_/widgets/_server.ts.js                                 2.44 kB │ gzip:  0.99 kB
../../../.default-seed-account-ssr/output/server/entries/endpoints/api/media/folders/_id_/_server.ts.js                                          2.44 kB │ gzip:  0.74 kB
../../../.default-seed-account-ssr/output/server/entries/endpoints/api/taxonomies/_name_/terms/_slug_/translations/_server.ts.js                 2.46 kB │ gzip:  0.82 kB
../../../.default-seed-account-ssr/output/server/chunks/passkey-browser.js                                                                       2.47 kB │ gzip:  0.78 kB
../../../.default-seed-account-ssr/output/server/entries/endpoints/api/taxonomies/_name_/terms/_slug_/_server.ts.js                              2.51 kB │ gzip:  0.70 kB
../../../.default-seed-account-ssr/output/server/chunks/schema.js                                                                                2.53 kB │ gzip:  0.76 kB
../../../.default-seed-account-ssr/output/server/entries/pages/sections/_page.svelte.js                                                          2.54 kB │ gzip:  0.87 kB
../../../.default-seed-account-ssr/output/server/chunks/admin-http2.js                                                                           2.56 kB │ gzip:  1.12 kB
../../../.default-seed-account-ssr/output/server/entries/pages/_page.svelte.js                                                                   2.61 kB │ gzip:  1.05 kB
../../../.default-seed-account-ssr/output/server/entries/pages/schema/_manage/_collection_/_page.svelte.js                                       2.64 kB │ gzip:  0.99 kB
../../../.default-seed-account-ssr/output/server/chunks/http3.js                                                                                 2.65 kB │ gzip:  1.19 kB
../../../.default-seed-account-ssr/output/server/entries/endpoints/api/bylines/_id_/translations/_server.ts.js                                   2.66 kB │ gzip:  0.93 kB
../../../.default-seed-account-ssr/output/server/chunks/session.js                                                                               2.67 kB │ gzip:  1.10 kB
../../../.default-seed-account-ssr/output/server/entries/endpoints/api/sections/_slug_/_server.ts.js                                             2.68 kB │ gzip:  0.71 kB
../../../.default-seed-account-ssr/output/server/entries/endpoints/api/widget-areas/_server.ts.js                                                2.72 kB │ gzip:  0.99 kB
../../../.default-seed-account-ssr/output/server/chunks/state.js                                                                                 2.79 kB │ gzip:  1.16 kB
../../../.default-seed-account-ssr/output/server/chunks/mime.js                                                                                  2.82 kB │ gzip:  1.25 kB
../../../.default-seed-account-ssr/output/server/chunks/media-folders.js                                                                         2.82 kB │ gzip:  1.11 kB
../../../.default-seed-account-ssr/output/server/chunks/media-usage-read.js                                                                      2.82 kB │ gzip:  1.04 kB
../../../.default-seed-account-ssr/output/server/chunks/types2.js                                                                                2.94 kB │ gzip:  1.23 kB
../../../.default-seed-account-ssr/output/server/entries/endpoints/api/bylines/_server.ts.js                                                     2.99 kB │ gzip:  1.09 kB
../../../.default-seed-account-ssr/output/server/chunks/settings2.js                                                                             3.00 kB │ gzip:  1.22 kB
../../../.default-seed-account-ssr/output/server/chunks/content-copy.js                                                                          3.08 kB │ gzip:  1.21 kB
../../../.default-seed-account-ssr/output/server/entries/endpoints/api/bylines/_id_/_server.ts.js                                                3.10 kB │ gzip:  1.01 kB
../../../.default-seed-account-ssr/output/server/chunks/taxonomy-migrations.js                                                                   3.36 kB │ gzip:  0.96 kB
../../../.default-seed-account-ssr/output/server/chunks/startup.js                                                                               3.36 kB │ gzip:  1.30 kB
../../../.default-seed-account-ssr/output/server/chunks/parse.js                                                                                 3.38 kB │ gzip:  1.33 kB
../../../.default-seed-account-ssr/output/server/chunks/media-folders2.js                                                                        3.40 kB │ gzip:  0.95 kB
../../../.default-seed-account-ssr/output/server/chunks/d1.js                                                                                    3.52 kB │ gzip:  1.19 kB
../../../.default-seed-account-ssr/output/server/chunks/field-handlers.js                                                                        3.69 kB │ gzip:  0.93 kB
../../../.default-seed-account-ssr/output/server/chunks/validate-references2.js                                                                  3.72 kB │ gzip:  1.32 kB
../../../.default-seed-account-ssr/output/server/chunks/definitions.js                                                                           3.75 kB │ gzip:  1.42 kB
../../../.default-seed-account-ssr/output/server/chunks/upload-url.js                                                                            3.84 kB │ gzip:  1.59 kB
../../../.default-seed-account-ssr/output/server/entries/endpoints/api/widget-areas/_name_/widgets/_id_/_server.ts.js                            3.88 kB │ gzip:  1.09 kB
../../../.default-seed-account-ssr/output/server/chunks/request-cache.js                                                                         3.91 kB │ gzip:  1.63 kB
../../../.default-seed-account-ssr/output/server/chunks/types.js                                                                                 3.92 kB │ gzip:  1.63 kB
../../../.default-seed-account-ssr/output/server/chunks/types3.js                                                                                3.92 kB │ gzip:  1.66 kB
../../../.default-seed-account-ssr/output/server/chunks/replace.js                                                                               3.95 kB │ gzip:  1.50 kB
../../../.default-seed-account-ssr/output/server/chunks/dialect-helpers.js                                                                       4.02 kB │ gzip:  1.59 kB
../../../.default-seed-account-ssr/output/server/chunks/staged-content2.js                                                                       4.12 kB │ gzip:  1.49 kB
../../../.default-seed-account-ssr/output/server/chunks/node.js                                                                                  4.13 kB │ gzip:  1.51 kB
../../../.default-seed-account-ssr/output/server/chunks/staged2.js                                                                               4.23 kB │ gzip:  1.68 kB
../../../.default-seed-account-ssr/output/server/chunks/request5.js                                                                              4.27 kB │ gzip:  1.75 kB
../../../.default-seed-account-ssr/output/server/entries/pages/setup/_page.svelte.js                                                             4.44 kB │ gzip:  1.60 kB
../../../.default-seed-account-ssr/output/server/chunks/runtime-client.js                                                                        4.49 kB │ gzip:  1.44 kB
../../../.default-seed-account-ssr/output/server/chunks/schemas3.js                                                                              4.56 kB │ gzip:  1.50 kB
../../../.default-seed-account-ssr/output/server/entries/endpoints/api/media/_id_/_server.ts.js                                                  4.71 kB │ gzip:  1.34 kB
../../../.default-seed-account-ssr/output/server/entries/pages/comments/settings/_collection_/_page.svelte.js                                    4.82 kB │ gzip:  1.52 kB
../../../.default-seed-account-ssr/output/server/entries/pages/login/_page.svelte.js                                                             4.83 kB │ gzip:  1.65 kB
../../../.default-seed-account-ssr/output/server/chunks/patterns.js                                                                              4.93 kB │ gzip:  1.79 kB
../../../.default-seed-account-ssr/output/server/entries/pages/menus/_page.svelte.js                                                             5.01 kB │ gzip:  1.56 kB
../../../.default-seed-account-ssr/output/server/entries/endpoints/api/setup/_server.ts.js                                                       5.01 kB │ gzip:  1.93 kB
../../../.default-seed-account-ssr/output/server/chunks/manifest.js                                                                              5.02 kB │ gzip:  1.86 kB
../../../.default-seed-account-ssr/output/server/entries/endpoints/api/content/_collection_/_id_/terms/_taxonomy_/_server.ts.js                  5.30 kB │ gzip:  1.53 kB
../../../.default-seed-account-ssr/output/server/chunks/namespace.js                                                                             5.34 kB │ gzip:  1.80 kB
../../../.default-seed-account-ssr/output/server/entries/pages/content/_collection_/_id_/_page.svelte.js                                         5.39 kB │ gzip:  1.40 kB
../../../.default-seed-account-ssr/output/server/chunks/content-read.js                                                                          5.42 kB │ gzip:  1.69 kB
../../../.default-seed-account-ssr/output/server/chunks/local.js                                                                                 5.53 kB │ gzip:  2.02 kB
../../../.default-seed-account-ssr/output/server/chunks/admin.js                                                                                 5.60 kB │ gzip:  1.10 kB
../../../.default-seed-account-ssr/output/server/chunks/identity-store.js                                                                        5.67 kB │ gzip:  1.97 kB
../../../.default-seed-account-ssr/output/server/chunks/migration-provider.js                                                                    5.69 kB │ gzip:  2.11 kB
../../../.default-seed-account-ssr/output/server/chunks/http2.js                                                                                 5.73 kB │ gzip:  2.17 kB
../../../.default-seed-account-ssr/output/server/chunks/auth.remote.js                                                                           5.95 kB │ gzip:  1.76 kB
../../../.default-seed-account-ssr/output/server/chunks/schemas2.js                                                                              6.02 kB │ gzip:  1.66 kB
../../../.default-seed-account-ssr/output/server/chunks/client.js                                                                                6.07 kB │ gzip:  2.40 kB
../../../.default-seed-account-ssr/output/server/chunks/MenuDialog.js                                                                            6.10 kB │ gzip:  1.47 kB
../../../.default-seed-account-ssr/output/server/chunks/admin-http.js                                                                            6.18 kB │ gzip:  2.04 kB
../../../.default-seed-account-ssr/output/server/chunks/i18n-resolve.js                                                                          6.33 kB │ gzip:  2.53 kB
../../../.default-seed-account-ssr/output/server/chunks/config.js                                                                                6.38 kB │ gzip:  2.30 kB
../../../.default-seed-account-ssr/output/server/entries/pages/schema/_page.svelte.js                                                            6.39 kB │ gzip:  1.83 kB
../../../.default-seed-account-ssr/output/server/chunks/repository6.js                                                                           6.55 kB │ gzip:  2.14 kB
../../../.default-seed-account-ssr/output/server/chunks/authorize2.js                                                                            6.64 kB │ gzip:  2.49 kB
../../../.default-seed-account-ssr/output/server/chunks/confirm.js                                                                               6.73 kB │ gzip:  2.33 kB
../../../.default-seed-account-ssr/output/server/chunks/schema4.js                                                                               6.77 kB │ gzip:  1.99 kB
../../../.default-seed-account-ssr/output/server/chunks/enrich.js                                                                                6.83 kB │ gzip:  2.68 kB
../../../.default-seed-account-ssr/output/server/entries/endpoints/api/calendar/_server.ts.js                                                    6.89 kB │ gzip:  2.71 kB
../../../.default-seed-account-ssr/output/server/entries/pages/schema/_manage/_page.svelte.js                                                    7.01 kB │ gzip:  2.04 kB
../../../.default-seed-account-ssr/output/server/chunks/exports.js                                                                               7.12 kB │ gzip:  2.21 kB
../../../.default-seed-account-ssr/output/server/chunks/handlers2.js                                                                             7.29 kB │ gzip:  2.42 kB
../../../.default-seed-account-ssr/output/server/chunks/block-values.js                                                                          7.34 kB │ gzip:  2.23 kB
../../../.default-seed-account-ssr/output/server/chunks/upload.js                                                                                7.41 kB │ gzip:  2.30 kB
../../../.default-seed-account-ssr/output/server/chunks/repository8.js                                                                           7.45 kB │ gzip:  2.01 kB
../../../.default-seed-account-ssr/output/server/chunks/options.js                                                                               7.50 kB │ gzip:  2.04 kB
../../../.default-seed-account-ssr/output/server/entries/endpoints/api/media/_server.ts.js                                                       8.16 kB │ gzip:  2.64 kB
../../../.default-seed-account-ssr/output/server/chunks/response.js                                                                              8.58 kB │ gzip:  2.72 kB
../../../.default-seed-account-ssr/output/server/entries/pages/trash/_collection_/_page.svelte.js                                                9.24 kB │ gzip:  2.69 kB
../../../.default-seed-account-ssr/output/server/chunks/cache2.js                                                                                9.52 kB │ gzip:  3.54 kB
../../../.default-seed-account-ssr/output/server/chunks/routing.js                                                                               9.52 kB │ gzip:  3.16 kB
../../../.default-seed-account-ssr/output/server/entries/pages/content/_collection_/_page.svelte.js                                              9.60 kB │ gzip:  1.87 kB
../../../.default-seed-account-ssr/output/server/chunks/request3.js                                                                              9.83 kB │ gzip:  3.20 kB
../../../.default-seed-account-ssr/output/server/chunks/taxonomies.js                                                                           10.01 kB │ gzip:  3.59 kB
../../../.default-seed-account-ssr/output/server/entries/pages/redirects/_page.svelte.js                                                        10.16 kB │ gzip:  2.77 kB
../../../.default-seed-account-ssr/output/server/chunks/schemas4.js                                                                             10.27 kB │ gzip:  2.61 kB
../../../.default-seed-account-ssr/output/server/entries/endpoints/api/taxonomies/bulk-tag/_server.ts.js                                        10.48 kB │ gzip:  3.13 kB
../../../.default-seed-account-ssr/output/server/chunks/shared.js                                                                               11.33 kB │ gzip:  3.51 kB
../../../.default-seed-account-ssr/output/server/entries/endpoints/sitemap-_collection_.xml/_server.ts.js                                       11.37 kB │ gzip:  4.22 kB
../../../.default-seed-account-ssr/output/server/chunks/schemas.js                                                                              12.01 kB │ gzip:  3.88 kB
../../../.default-seed-account-ssr/output/server/entries/pages/content/_collection_/_id_/workflow/_page.svelte.js                               12.85 kB │ gzip:  2.27 kB
../../../.default-seed-account-ssr/output/server/chunks/object-cache.js                                                                         13.04 kB │ gzip:  4.54 kB
../../../.default-seed-account-ssr/output/server/entries/pages/widgets/_page.svelte.js                                                          13.29 kB │ gzip:  3.32 kB
../../../.default-seed-account-ssr/output/server/chunks/schema.remote.js                                                                        13.38 kB │ gzip:  3.38 kB
../../../.default-seed-account-ssr/output/server/entries/pages/comments/_page.svelte.js                                                         13.71 kB │ gzip:  3.67 kB
../../../.default-seed-account-ssr/output/server/chunks/WorkspaceShell.js                                                                       14.13 kB │ gzip:  3.61 kB
../../../.default-seed-account-ssr/output/server/chunks/content.remote.js                                                                       16.48 kB │ gzip:  3.17 kB
../../../.default-seed-account-ssr/output/server/chunks/artifacts.js                                                                            16.69 kB │ gzip:  5.12 kB
../../../.default-seed-account-ssr/output/server/chunks/EditorForm.js                                                                           19.29 kB │ gzip:  5.37 kB
../../../.default-seed-account-ssr/output/server/chunks/service2.js                                                                             19.41 kB │ gzip:  4.52 kB
../../../.default-seed-account-ssr/output/server/chunks/repository5.js                                                                          20.04 kB │ gzip:  6.13 kB
../../../.default-seed-account-ssr/output/server/entries/pages/menus/_name_/_page.svelte.js                                                     20.57 kB │ gzip:  5.21 kB
../../../.default-seed-account-ssr/output/server/chunks/media.js                                                                                20.59 kB │ gzip:  5.17 kB
../../../.default-seed-account-ssr/output/server/entries/pages/schema/_collection_/_page.svelte.js                                              20.77 kB │ gzip:  3.60 kB
../../../.default-seed-account-ssr/output/server/chunks/collection-indexes.js                                                                   21.98 kB │ gzip:  5.84 kB
../../../.default-seed-account-ssr/output/server/chunks/schema2.js                                                                              22.73 kB │ gzip:  7.32 kB
../../../.default-seed-account-ssr/output/server/chunks/_...key_.js                                                                             24.96 kB │ gzip:  6.13 kB
../../../.default-seed-account-ssr/output/server/chunks/cache.js                                                                                24.98 kB │ gzip:  6.37 kB
../../../.default-seed-account-ssr/output/server/chunks/error.js                                                                                26.61 kB │ gzip:  5.93 kB
../../../.default-seed-account-ssr/output/server/chunks/parse2.js                                                                               28.08 kB │ gzip:  6.49 kB
../../../.default-seed-account-ssr/output/server/chunks/sql-recognition.js                                                                      28.63 kB │ gzip:  4.23 kB
../../../.default-seed-account-ssr/output/server/chunks/repository.js                                                                           29.60 kB │ gzip:  8.37 kB
../../../.default-seed-account-ssr/output/server/chunks/identity-request.js                                                                     30.14 kB │ gzip:  7.70 kB
../../../.default-seed-account-ssr/output/server/chunks/http.js                                                                                 30.17 kB │ gzip:  7.17 kB
../../../.default-seed-account-ssr/output/server/chunks/handlers3.js                                                                            30.57 kB │ gzip:  7.64 kB
../../../.default-seed-account-ssr/output/server/chunks/handlers4.js                                                                            31.64 kB │ gzip:  7.21 kB
../../../.default-seed-account-ssr/output/server/chunks/runtime.js                                                                              37.00 kB │ gzip:  9.72 kB
../../../.default-seed-account-ssr/output/server/chunks/request4.js                                                                             37.20 kB │ gzip:  9.57 kB
../../../.default-seed-account-ssr/output/server/chunks/utils.js                                                                                37.70 kB │ gzip: 10.86 kB
../../../.default-seed-account-ssr/output/server/entries/hooks.server.js                                                                        39.28 kB │ gzip: 11.98 kB
../../../.default-seed-account-ssr/output/server/chunks/content-plan.js                                                                         42.25 kB │ gzip: 11.04 kB
../../../.default-seed-account-ssr/output/server/chunks/internal2.js                                                                            43.32 kB │ gzip: 11.80 kB
../../../.default-seed-account-ssr/output/server/chunks/repository2.js                                                                          44.04 kB │ gzip: 12.06 kB
../../../.default-seed-account-ssr/output/server/chunks/block-type-registry.js                                                                  44.10 kB │ gzip: 10.37 kB
../../../.default-seed-account-ssr/output/server/chunks/ContentTypeEditor.js                                                                    44.41 kB │ gzip:  8.58 kB
../../../.default-seed-account-ssr/output/server/chunks/request2.js                                                                             45.02 kB │ gzip: 13.66 kB
../../../.default-seed-account-ssr/output/server/chunks/content-refresh-d1.js                                                                   51.00 kB │ gzip: 10.37 kB
../../../.default-seed-account-ssr/output/server/chunks/remote.js                                                                               55.78 kB │ gzip: 12.18 kB
../../../.default-seed-account-ssr/output/server/chunks/service.js                                                                              73.83 kB │ gzip: 16.07 kB
../../../.default-seed-account-ssr/output/server/entries/pages/calendar/_page.svelte.js                                                        104.61 kB │ gzip: 25.24 kB
../../../.default-seed-account-ssr/output/server/chunks/content.js                                                                             114.71 kB │ gzip: 26.96 kB
../../../.default-seed-account-ssr/output/server/chunks/migrations.js                                                                          115.66 kB │ gzip: 24.82 kB
../../../.default-seed-account-ssr/output/server/chunks/async.js                                                                               123.36 kB │ gzip: 31.89 kB
../../../.default-seed-account-ssr/output/server/index.js                                                                                      133.56 kB │ gzip: 33.33 kB
../../../.default-seed-account-ssr/output/server/chunks/messages30.js                                                                          156.76 kB │ gzip: 59.88 kB
../../../.default-seed-account-ssr/output/server/chunks/messages8.js                                                                           158.16 kB │ gzip: 54.30 kB
../../../.default-seed-account-ssr/output/server/chunks/messages7.js                                                                           158.16 kB │ gzip: 54.31 kB
../../../.default-seed-account-ssr/output/server/chunks/messages23.js                                                                          158.16 kB │ gzip: 54.30 kB
../../../.default-seed-account-ssr/output/server/chunks/messages11.js                                                                          158.62 kB │ gzip: 55.30 kB
../../../.default-seed-account-ssr/output/server/chunks/messages31.js                                                                          159.81 kB │ gzip: 60.57 kB
../../../.default-seed-account-ssr/output/server/chunks/messages16.js                                                                          161.14 kB │ gzip: 54.16 kB
../../../.default-seed-account-ssr/output/server/chunks/messages20.js                                                                          162.64 kB │ gzip: 58.04 kB
../../../.default-seed-account-ssr/output/server/chunks/messages22.js                                                                          163.55 kB │ gzip: 59.28 kB
../../../.default-seed-account-ssr/output/server/chunks/schema-invalidation.js                                                                 164.67 kB │ gzip: 30.06 kB
../../../.default-seed-account-ssr/output/server/chunks/messages25.js                                                                          165.28 kB │ gzip: 59.28 kB
../../../.default-seed-account-ssr/output/server/chunks/messages21.js                                                                          166.00 kB │ gzip: 58.71 kB
../../../.default-seed-account-ssr/output/server/chunks/messages28.js                                                                          166.92 kB │ gzip: 59.93 kB
../../../.default-seed-account-ssr/output/server/chunks/messages19.js                                                                          166.95 kB │ gzip: 60.26 kB
../../../.default-seed-account-ssr/output/server/chunks/messages10.js                                                                          167.12 kB │ gzip: 59.48 kB
../../../.default-seed-account-ssr/output/server/chunks/messages5.js                                                                           168.51 kB │ gzip: 57.34 kB
../../../.default-seed-account-ssr/output/server/chunks/messages15.js                                                                          168.91 kB │ gzip: 60.45 kB
../../../.default-seed-account-ssr/output/server/chunks/messages9.js                                                                           169.91 kB │ gzip: 59.81 kB
../../../.default-seed-account-ssr/output/server/chunks/messages3.js                                                                           169.93 kB │ gzip: 59.50 kB
../../../.default-seed-account-ssr/output/server/chunks/messages24.js                                                                          170.10 kB │ gzip: 59.35 kB
../../../.default-seed-account-ssr/output/server/chunks/messages26.js                                                                          174.00 kB │ gzip: 57.34 kB
../../../.default-seed-account-ssr/output/server/chunks/messages4.js                                                                           175.89 kB │ gzip: 61.93 kB
../../../.default-seed-account-ssr/output/server/chunks/messages13.js                                                                          177.49 kB │ gzip: 60.77 kB
../../../.default-seed-account-ssr/output/server/chunks/messages12.js                                                                          179.03 kB │ gzip: 60.81 kB
../../../.default-seed-account-ssr/output/server/chunks/messages6.js                                                                           186.50 kB │ gzip: 61.59 kB
../../../.default-seed-account-ssr/output/server/chunks/messages17.js                                                                          187.77 kB │ gzip: 62.59 kB
../../../.default-seed-account-ssr/output/server/chunks/messages29.js                                                                          202.75 kB │ gzip: 64.01 kB
../../../.default-seed-account-ssr/output/server/chunks/registry.js                                                                            208.76 kB │ gzip: 49.74 kB
../../../.default-seed-account-ssr/output/server/chunks/messages27.js                                                                          216.67 kB │ gzip: 62.83 kB
../../../.default-seed-account-ssr/output/server/chunks/messages.js                                                                            228.12 kB │ gzip: 64.18 kB
../../../.default-seed-account-ssr/output/server/chunks/messages14.js                                                                          244.47 kB │ gzip: 66.65 kB
../../../.default-seed-account-ssr/output/server/chunks/messages18.js                                                                          292.44 kB │ gzip: 67.11 kB
../../../.default-seed-account-ssr/output/server/chunks/seed.js                                                                                301.22 kB │ gzip: 71.99 kB
../../../.default-seed-account-ssr/output/server/chunks/messages2.js                                                                           318.51 kB │ gzip: 66.72 kB

[33m[INEFFECTIVE_DYNAMIC_IMPORT] [0m../../../../src/lib/server/relations/handlers.ts is dynamically imported by ../../../../src/lib/server/relations/deletion.ts but also statically imported by ../../../../src/lib/server/database/lifecycle/seed-plan.ts, ../../../../src/lib/server/relations/content-input.ts, ../../../../src/lib/server/relations/content-read.ts, ../../../../src/lib/server/relations/service.ts, ../../../../src/lib/server/relations/staged-content.ts, ..., dynamic import will not move module into another chunk.

[33m[INEFFECTIVE_DYNAMIC_IMPORT] [0m../../../../src/lib/server/relations/content-plan.ts is dynamically imported by ../../../../src/lib/server/relations/atomic.ts but also statically imported by ../../../../src/lib/server/database/lifecycle/seed-plan.ts, ../../../../src/lib/server/relations/content-copy.ts, ../../../../src/lib/server/relations/content-input.ts, dynamic import will not move module into another chunk.

✓ built in 5.50s

Run npm run preview to preview your production build locally.

> Using @sveltejs/adapter-auto
  Could not detect a supported production environment. See https://svelte.dev/docs/kit/adapters to learn how to configure your app to run on the platform of your choosing
  ✔ done
[33m[PLUGIN_TIMINGS] [0mJavaScript callbacks ran for 5.2s of this 5.5s build (95%).
The slowest callbacks, timed inside each callback (the wait before a callback starts is excluded, the time it awaits is included):
  - plugin vite-plugin-sveltekit-compile writeBundle (72%, 3.9s, 1 call)
Additional callback time came from the callbacks below and from callbacks under 1s.
2 callbacks are listed without a time. Their calls overlapped, so the time inside one call includes work from other calls. To find their cost, profile the build with `node --cpu-prof`:
  - plugin vite-plugin-sveltekit-guard resolveId (3029 calls)
  - plugin vite-plugin-svelte:preprocess transform (79 calls)
See https://rolldown.rs/reference/InputOptions.checks#bundlertimings for more details.

✔ Node: native setup form preserves source apostrophe-email acceptance (6855.453631ms)
✖ D1: /api/setup/admin preserves source apostrophe-email acceptance and malformed-email rejection (202.23197ms)
✖ D1: /api/auth/passkey/options preserves source apostrophe-email acceptance and malformed-email rejection (159.492022ms)
✔ D1: native setup form preserves source apostrophe-email acceptance (2813.036735ms)
ℹ tests 6
ℹ suites 0
ℹ pass 2
ℹ fail 4
ℹ cancelled 0
ℹ skipped 0
ℹ todo 0
ℹ duration_ms 69504.022086

✖ failing tests:

test at tests/production/passkey-email-source.test.ts:10:5
✖ Node: /api/setup/admin preserves source apostrophe-email acceptance and malformed-email rejection (46.143475ms)
  Error [ERR_MODULE_NOT_FOUND]: Cannot find module '/workspace/cms-default-seed-setup-runtime/.svelte-kit/output/server/manifest.js' imported from /workspace/cms-default-seed-setup-runtime/tests/helpers/schema-admin-remotes.ts
      at finalizeResolution (node:internal/modules/esm/resolve:271:11)
      at moduleResolve (node:internal/modules/esm/resolve:865:10)
      at defaultResolve (node:internal/modules/esm/resolve:992:11)
      at #cachedDefaultResolve (node:internal/modules/esm/loader:701:20)
      at #resolveAndMaybeBlockOnLoaderThread (node:internal/modules/esm/loader:721:38)
      at ModuleLoader.resolveSync (node:internal/modules/esm/loader:759:56)
      at #resolve (node:internal/modules/esm/loader:683:17)
      at ModuleLoader.getOrCreateModuleJob (node:internal/modules/esm/loader:603:35)
      at node:internal/modules/esm/loader:632:32
      at TracingChannel.tracePromise (node:diagnostics_channel:362:14) {
    code: 'ERR_MODULE_NOT_FOUND',
    url: 'file:///workspace/cms-default-seed-setup-runtime/.svelte-kit/output/server/manifest.js'
  }

test at tests/production/passkey-email-source.test.ts:10:5
✖ Node: /api/auth/passkey/options preserves source apostrophe-email acceptance and malformed-email rejection (44.835779ms)
  Error [ERR_MODULE_NOT_FOUND]: Cannot find module '/workspace/cms-default-seed-setup-runtime/.svelte-kit/output/server/manifest.js' imported from /workspace/cms-default-seed-setup-runtime/tests/helpers/schema-admin-remotes.ts
      at finalizeResolution (node:internal/modules/esm/resolve:271:11)
      at moduleResolve (node:internal/modules/esm/resolve:865:10)
      at defaultResolve (node:internal/modules/esm/resolve:992:11)
      at #cachedDefaultResolve (node:internal/modules/esm/loader:701:20)
      at #resolveAndMaybeBlockOnLoaderThread (node:internal/modules/esm/loader:721:38)
      at ModuleLoader.resolveSync (node:internal/modules/esm/loader:759:56)
      at #resolve (node:internal/modules/esm/loader:683:17)
      at ModuleLoader.getOrCreateModuleJob (node:internal/modules/esm/loader:603:35)
      at node:internal/modules/esm/loader:632:32
      at TracingChannel.tracePromise (node:diagnostics_channel:362:14) {
    code: 'ERR_MODULE_NOT_FOUND',
    url: 'file:///workspace/cms-default-seed-setup-runtime/.svelte-kit/output/server/manifest.js'
  }

test at tests/production/passkey-email-source.test.ts:10:5
✖ D1: /api/setup/admin preserves source apostrophe-email acceptance and malformed-email rejection (202.23197ms)
  Error [ERR_MODULE_NOT_FOUND]: Cannot find module '/workspace/cms-default-seed-setup-runtime/.svelte-kit/output/server/manifest.js' imported from /workspace/cms-default-seed-setup-runtime/tests/helpers/schema-admin-remotes.ts
      at finalizeResolution (node:internal/modules/esm/resolve:271:11)
      at moduleResolve (node:internal/modules/esm/resolve:865:10)
      at defaultResolve (node:internal/modules/esm/resolve:992:11)
      at #cachedDefaultResolve (node:internal/modules/esm/loader:701:20)
      at #resolveAndMaybeBlockOnLoaderThread (node:internal/modules/esm/loader:721:38)
      at ModuleLoader.resolveSync (node:internal/modules/esm/loader:759:56)
      at #resolve (node:internal/modules/esm/loader:683:17)
      at ModuleLoader.getOrCreateModuleJob (node:internal/modules/esm/loader:603:35)
      at node:internal/modules/esm/loader:632:32
      at TracingChannel.tracePromise (node:diagnostics_channel:362:14) {
    code: 'ERR_MODULE_NOT_FOUND',
    url: 'file:///workspace/cms-default-seed-setup-runtime/.svelte-kit/output/server/manifest.js'
  }

test at tests/production/passkey-email-source.test.ts:10:5
✖ D1: /api/auth/passkey/options preserves source apostrophe-email acceptance and malformed-email rejection (159.492022ms)
  Error [ERR_MODULE_NOT_FOUND]: Cannot find module '/workspace/cms-default-seed-setup-runtime/.svelte-kit/output/server/manifest.js' imported from /workspace/cms-default-seed-setup-runtime/tests/helpers/schema-admin-remotes.ts
      at finalizeResolution (node:internal/modules/esm/resolve:271:11)
      at moduleResolve (node:internal/modules/esm/resolve:865:10)
      at defaultResolve (node:internal/modules/esm/resolve:992:11)
      at #cachedDefaultResolve (node:internal/modules/esm/loader:701:20)
      at #resolveAndMaybeBlockOnLoaderThread (node:internal/modules/esm/loader:721:38)
      at ModuleLoader.resolveSync (node:internal/modules/esm/loader:759:56)
      at #resolve (node:internal/modules/esm/loader:683:17)
      at ModuleLoader.getOrCreateModuleJob (node:internal/modules/esm/loader:603:35)
      at node:internal/modules/esm/loader:632:32
      at TracingChannel.tracePromise (node:diagnostics_channel:362:14) {
    code: 'ERR_MODULE_NOT_FOUND',
    url: 'file:///workspace/cms-default-seed-setup-runtime/.svelte-kit/output/server/manifest.js'
  }
