2026-10-06T01:05:39.4978819Z Current runner version: '2.337.0'
2026-10-06T01:05:39.4993282Z ##[group]Runner Image Provisioner
2026-10-06T01:05:39.4993854Z Hosted Compute Agent
2026-10-06T01:05:39.4994191Z Version: 20260901.588
2026-10-06T01:05:39.4994540Z Commit: f88ec8081b781fac6c440065ac7ff9e710ce3d0b
2026-10-06T01:05:39.4994981Z Build Date: 2026-09-01T19:56:44Z
2026-10-06T01:05:39.4995377Z Worker ID: {36ddc155-4cbf-4808-8d38-29d161b03873}
2026-10-06T01:05:39.4995778Z Azure Region: centralus
2026-10-06T01:05:39.4996122Z ##[endgroup]
2026-10-06T01:05:39.4996960Z ##[group]Operating System
2026-10-06T01:05:39.4997319Z Ubuntu
2026-10-06T01:05:39.4997622Z 22.04.5
2026-10-06T01:05:39.4997937Z LTS
2026-10-06T01:05:39.4998350Z ##[endgroup]
2026-10-06T01:05:39.4998686Z ##[group]Runner Image
2026-10-06T01:05:39.4999090Z Image: ubuntu-22.04
2026-10-06T01:05:39.4999436Z Version: 20260927.309.1
2026-10-06T01:05:39.5000166Z Included Software: https://github.com/actions/runner-images/blob/ubuntu22/20260927.309/images/ubuntu/Ubuntu2204-Readme.md
2026-10-06T01:05:39.5001001Z Image Release: https://github.com/actions/runner-images/releases/tag/ubuntu22%2F20260927.309
2026-10-06T01:05:39.5001555Z ##[endgroup]
2026-10-06T01:05:39.5002184Z ##[group]GITHUB_TOKEN Permissions
2026-10-06T01:05:39.5003311Z Contents: read
2026-10-06T01:05:39.5003630Z Metadata: read
2026-10-06T01:05:39.5003937Z ##[endgroup]
2026-10-06T01:05:39.5005184Z Secret source: Actions
2026-10-06T01:05:39.5005701Z Cache mode: write
2026-10-06T01:05:39.5006126Z Prepare workflow directory
2026-10-06T01:05:39.5225290Z Prepare all required actions
2026-10-06T01:05:39.5255314Z Getting action download info
2026-10-06T01:05:39.7692315Z Download action repository 'actions/checkout@v4' (SHA:11d5960a326750d5838078e36cf38b85af677262)
2026-10-06T01:05:39.9321491Z Download action repository 'pnpm/action-setup@v4' (SHA:b906affcce14559ad1aafd4ab0e942779e9f58b1)
2026-10-06T01:05:40.3147829Z Download action repository 'actions/setup-node@v4' (SHA:49933ea5288caeca8642d1e84afbd3f7d6820020)
2026-10-06T01:05:40.4713746Z Download action repository 'actions/upload-artifact@v4' (SHA:ea165f8d65b6e75b540449e92b4886f43607fa02)
2026-10-06T01:05:40.6798570Z Complete job name: default-seed-setup-source
2026-10-06T01:05:40.7212999Z ##[group]Run actions/checkout@v4
2026-10-06T01:05:40.7213498Z with:
2026-10-06T01:05:40.7213832Z   repository: sveltery/cms
2026-10-06T01:05:40.7216099Z   token: ***
2026-10-06T01:05:40.7216647Z   ssh-strict: true
2026-10-06T01:05:40.7216976Z   ssh-user: git
2026-10-06T01:05:40.7217287Z   persist-credentials: true
2026-10-06T01:05:40.7217672Z   clean: true
2026-10-06T01:05:40.7217989Z   sparse-checkout-cone-mode: true
2026-10-06T01:05:40.7218347Z   fetch-depth: 1
2026-10-06T01:05:40.7218674Z   fetch-tags: false
2026-10-06T01:05:40.7218994Z   show-progress: true
2026-10-06T01:05:40.7219307Z   lfs: false
2026-10-06T01:05:40.7219633Z   submodules: false
2026-10-06T01:05:40.7219950Z   set-safe-directory: true
2026-10-06T01:05:40.7220306Z   allow-unsafe-pr-checkout: false
2026-10-06T01:05:40.7220798Z ##[endgroup]
2026-10-06T01:05:40.7824240Z Syncing repository: sveltery/cms
2026-10-06T01:05:40.7826503Z ##[group]Getting Git version info
2026-10-06T01:05:40.7827319Z Working directory is '/home/runner/work/cms/cms'
2026-10-06T01:05:40.7829355Z [command]/usr/bin/git version
2026-10-06T01:05:40.7874274Z git version 2.55.0
2026-10-06T01:05:40.7886584Z ##[endgroup]
2026-10-06T01:05:40.7904495Z Temporarily overriding HOME='/home/runner/work/_temp/3cc7eb0d-4506-4d4a-945b-40b0ca8be52c' before making global git config changes
2026-10-06T01:05:40.7906625Z Adding repository directory to the temporary git global config as a safe directory
2026-10-06T01:05:40.7907944Z [command]/usr/bin/git config --global --add safe.directory /home/runner/work/cms/cms
2026-10-06T01:05:40.7928207Z Deleting the contents of '/home/runner/work/cms/cms'
2026-10-06T01:05:40.7932483Z ##[group]Initializing the repository
2026-10-06T01:05:40.7934470Z [command]/usr/bin/git init /home/runner/work/cms/cms
2026-10-06T01:05:40.8004402Z hint: Using 'master' as the name for the initial branch. This default branch name
2026-10-06T01:05:40.8005805Z hint: will change to "main" in Git 3.0. To configure the initial branch name
2026-10-06T01:05:40.8006897Z hint: to use in all of your new repositories, which will suppress this warning,
2026-10-06T01:05:40.8007712Z hint: call:
2026-10-06T01:05:40.8008155Z hint:
2026-10-06T01:05:40.8008697Z hint: 	git config --global init.defaultBranch <name>
2026-10-06T01:05:40.8009370Z hint:
2026-10-06T01:05:40.8009977Z hint: Names commonly chosen instead of 'master' are 'main', 'trunk' and
2026-10-06T01:05:40.8010621Z hint: 'development'. The just-created branch can be renamed via this command:
2026-10-06T01:05:40.8011109Z hint:
2026-10-06T01:05:40.8011403Z hint: 	git branch -m <name>
2026-10-06T01:05:40.8011746Z hint:
2026-10-06T01:05:40.8012164Z hint: Disable this message with "git config set advice.defaultBranchName false"
2026-10-06T01:05:40.8012812Z Initialized empty Git repository in /home/runner/work/cms/cms/.git/
2026-10-06T01:05:40.8018143Z [command]/usr/bin/git remote add origin https://github.com/sveltery/cms
2026-10-06T01:05:40.8044987Z ##[endgroup]
2026-10-06T01:05:40.8045996Z ##[group]Disabling automatic garbage collection
2026-10-06T01:05:40.8046882Z [command]/usr/bin/git config --local gc.auto 0
2026-10-06T01:05:40.8070524Z ##[endgroup]
2026-10-06T01:05:40.8071126Z ##[group]Setting up auth
2026-10-06T01:05:40.8075583Z [command]/usr/bin/git config --local --name-only --get-regexp core\.sshCommand
2026-10-06T01:05:40.8097001Z [command]/usr/bin/git submodule foreach --recursive sh -c "git config --local --name-only --get-regexp 'core\.sshCommand' && git config --local --unset-all 'core.sshCommand' || :"
2026-10-06T01:05:40.8272033Z [command]/usr/bin/git config --local --name-only --get-regexp http\.https\:\/\/github\.com\/\.extraheader
2026-10-06T01:05:40.8292096Z [command]/usr/bin/git submodule foreach --recursive sh -c "git config --local --name-only --get-regexp 'http\.https\:\/\/github\.com\/\.extraheader' && git config --local --unset-all 'http.https://github.com/.extraheader' || :"
2026-10-06T01:05:40.8394518Z [command]/usr/bin/git config --local --name-only --get-regexp ^includeIf\.gitdir:
2026-10-06T01:05:40.8412437Z [command]/usr/bin/git submodule foreach --recursive git config --local --show-origin --name-only --get-regexp remote.origin.url
2026-10-06T01:05:40.8512023Z [command]/usr/bin/git config --local http.https://github.com/.extraheader AUTHORIZATION: basic ***
2026-10-06T01:05:40.8533222Z ##[endgroup]
2026-10-06T01:05:40.8533888Z ##[group]Fetching the repository
2026-10-06T01:05:40.8538746Z [command]/usr/bin/git -c protocol.version=2 fetch --no-tags --prune --no-recurse-submodules --depth=1 origin +99aa066ab99aeaa709dca91e5e9bb98e0d653e53:refs/remotes/pull/126/merge
2026-10-06T01:05:41.9924110Z From https://github.com/sveltery/cms
2026-10-06T01:05:41.9925671Z  * [new ref]         99aa066ab99aeaa709dca91e5e9bb98e0d653e53 -> pull/126/merge
2026-10-06T01:05:42.0002610Z ##[endgroup]
2026-10-06T01:05:42.0003815Z ##[group]Determining the checkout info
2026-10-06T01:05:42.0005056Z ##[endgroup]
2026-10-06T01:05:42.0005691Z [command]/usr/bin/git sparse-checkout disable
2026-10-06T01:05:42.0007827Z [command]/usr/bin/git config --local --unset-all extensions.worktreeConfig
2026-10-06T01:05:42.0009964Z ##[group]Checking out the ref
2026-10-06T01:05:42.0010915Z [command]/usr/bin/git checkout --progress --force refs/remotes/pull/126/merge
2026-10-06T01:05:42.2265296Z Note: switching to 'refs/remotes/pull/126/merge'.
2026-10-06T01:05:42.2266818Z 
2026-10-06T01:05:42.2268246Z You are in 'detached HEAD' state. You can look around, make experimental
2026-10-06T01:05:42.2269878Z changes and commit them, and you can discard any commits you make in this
2026-10-06T01:05:42.2271374Z state without impacting any branches by switching back to a branch.
2026-10-06T01:05:42.2272321Z 
2026-10-06T01:05:42.2272964Z If you want to create a new branch to retain commits you create, you may
2026-10-06T01:05:42.2274469Z do so (now or later) by using -c with the switch command. Example:
2026-10-06T01:05:42.2275625Z 
2026-10-06T01:05:42.2276005Z   git switch -c <new-branch-name>
2026-10-06T01:05:42.2276846Z 
2026-10-06T01:05:42.2277343Z Or undo this operation with:
2026-10-06T01:05:42.2278064Z 
2026-10-06T01:05:42.2278493Z   git switch -
2026-10-06T01:05:42.2279038Z 
2026-10-06T01:05:42.2279960Z Turn off this advice by setting config variable advice.detachedHead to false
2026-10-06T01:05:42.2281224Z 
2026-10-06T01:05:42.2282712Z HEAD is now at 99aa066 Merge 740770e18ee4a2b2604d2818efeb7fdf59226c2a into 41ee48fe781db307174079837387f4565814456c
2026-10-06T01:05:42.2287354Z ##[endgroup]
2026-10-06T01:05:42.2308401Z [command]/usr/bin/git log -1 --format=%H
2026-10-06T01:05:42.2320742Z 99aa066ab99aeaa709dca91e5e9bb98e0d653e53
2026-10-06T01:05:42.2534621Z ##[group]Run pnpm/action-setup@v4
2026-10-06T01:05:42.2535314Z with:
2026-10-06T01:05:42.2535821Z   version: 12.6.0
2026-10-06T01:05:42.2536443Z   dest: ~/setup-pnpm
2026-10-06T01:05:42.2537013Z   run_install: null
2026-10-06T01:05:42.2537581Z   cache: false
2026-10-06T01:05:42.2538170Z   cache_dependency_path: pnpm-lock.yaml
2026-10-06T01:05:42.2538943Z   package_json_file: package.json
2026-10-06T01:05:42.2539626Z   standalone: false
2026-10-06T01:05:42.2540183Z ##[endgroup]
2026-10-06T01:05:42.3364002Z ##[group]Running self-installer...
2026-10-06T01:05:42.5666041Z (node:1955) [DEP0169] DeprecationWarning: `url.parse()` behavior is not standardized and prone to errors that have security implications. Use the WHATWG URL API instead. CVEs are not issued for `url.parse()` vulnerabilities.
2026-10-06T01:05:42.5667292Z (Use `node --trace-deprecation ...` to show where the warning was created)
2026-10-06T01:05:42.7546863Z Progress: resolved 1, reused 0, downloaded 0, added 0
2026-10-06T01:05:42.8815584Z Packages: +3
2026-10-06T01:05:42.8815863Z +++
2026-10-06T01:05:43.3972341Z Progress: resolved 15, reused 0, downloaded 3, added 3, done
2026-10-06T01:05:43.4067219Z .../.pnpm/pnpm@12.6.0/node_modules/pnpm preinstall$ node install.js
2026-10-06T01:05:44.9780400Z .../.pnpm/pnpm@12.6.0/node_modules/pnpm preinstall: Done
2026-10-06T01:05:44.9783961Z .../.pnpm/pnpm@12.6.0/node_modules/pnpm postinstall$ node install.js
2026-10-06T01:05:45.0072860Z .../.pnpm/pnpm@12.6.0/node_modules/pnpm postinstall: Done
2026-10-06T01:05:45.8912710Z 
2026-10-06T01:05:45.8913249Z dependencies:
2026-10-06T01:05:45.8913643Z + pnpm 12.6.0 (12.9.1 is available)
2026-10-06T01:05:45.8914055Z 
2026-10-06T01:05:45.8932533Z Done in 3.4s
2026-10-06T01:05:45.9165711Z ##[endgroup]
2026-10-06T01:05:45.9166004Z Installation Completed!
2026-10-06T01:05:45.9278260Z ##[group]Run actions/setup-node@v4
2026-10-06T01:05:45.9278436Z with:
2026-10-06T01:05:45.9278553Z   node-version: 24
2026-10-06T01:05:45.9278673Z   cache: pnpm
2026-10-06T01:05:45.9278789Z   always-auth: false
2026-10-06T01:05:45.9278912Z   check-latest: false
2026-10-06T01:05:45.9280277Z   token: ***
2026-10-06T01:05:45.9280387Z env:
2026-10-06T01:05:45.9280533Z   PNPM_HOME: /home/runner/setup-pnpm/node_modules/.bin
2026-10-06T01:05:45.9280726Z ##[endgroup]
2026-10-06T01:05:46.0125086Z Found in cache @ /opt/hostedtoolcache/node/24.21.0/x64
2026-10-06T01:05:46.0128256Z (node:1986) [DEP0040] DeprecationWarning: The `punycode` module is deprecated. Please use a userland alternative instead.
2026-10-06T01:05:46.0128701Z (Use `node --trace-deprecation ...` to show where the warning was created)
2026-10-06T01:05:46.0129674Z ##[group]Environment details
2026-10-06T01:05:47.7256893Z node: v24.21.0
2026-10-06T01:05:47.7257107Z npm: 11.19.0
2026-10-06T01:05:47.7257219Z yarn: 1.22.22
2026-10-06T01:05:47.7258090Z ##[endgroup]
2026-10-06T01:05:47.7270496Z [command]/home/runner/setup-pnpm/node_modules/.bin/pnpm store path --silent
2026-10-06T01:05:47.7366105Z /home/runner/setup-pnpm/node_modules/.bin/store/v11
2026-10-06T01:05:47.8655641Z Cache hit for: node-cache-Linux-x64-pnpm-cb01908ec0d0a45d9eb29e44f56e05364983ff2ce958acc694c939d2835b5d56
2026-10-06T01:05:47.8717378Z (node:1986) [DEP0169] DeprecationWarning: `url.parse()` behavior is not standardized and prone to errors that have security implications. Use the WHATWG URL API instead. CVEs are not issued for `url.parse()` vulnerabilities.
2026-10-06T01:05:49.0126730Z Received 134217728 of 174062786 (77.1%), 127.7 MBs/sec
2026-10-06T01:05:49.2087194Z Received 174062786 of 174062786 (100.0%), 138.6 MBs/sec
2026-10-06T01:05:49.2088036Z Cache Size: ~166 MB (174062786 B)
2026-10-06T01:05:49.2130820Z [command]/usr/bin/tar -xf /home/runner/work/_temp/469726a9-1468-47e8-b114-81599d551a35/cache.tzst -P -C /home/runner/work/cms/cms --use-compress-program unzstd
2026-10-06T01:05:49.9337854Z Cache restored successfully
2026-10-06T01:05:49.9483435Z Cache restored from key: node-cache-Linux-x64-pnpm-cb01908ec0d0a45d9eb29e44f56e05364983ff2ce958acc694c939d2835b5d56
2026-10-06T01:05:49.9627212Z ##[group]Run pnpm install --frozen-lockfile
2026-10-06T01:05:49.9627557Z [36;1mpnpm install --frozen-lockfile[0m
2026-10-06T01:05:50.0401099Z shell: /usr/bin/bash -e {0}
2026-10-06T01:05:50.0401290Z env:
2026-10-06T01:05:50.0401451Z   PNPM_HOME: /home/runner/setup-pnpm/node_modules/.bin
2026-10-06T01:05:50.0401639Z ##[endgroup]
2026-10-06T01:05:50.0717353Z ? Verifying lockfile against supply-chain policies (534 entries)...
2026-10-06T01:05:50.1576159Z Packages are hard linked from the content-addressable store to the virtual store.
2026-10-06T01:05:50.1576854Z   Content-addressable store is at: /home/runner/setup-pnpm/node_modules/.bin/store/v11
2026-10-06T01:05:50.1577337Z   Virtual store is at:             node_modules/.pnpm
2026-10-06T01:05:51.6916353Z ✓ Lockfile passes supply-chain policies (534 entries in 1.6s)
2026-10-06T01:05:51.6916836Z Lockfile is up to date, resolution step is skipped
2026-10-06T01:05:51.6974626Z Packages: +403
2026-10-06T01:05:51.6975155Z ++++++++++++++++++++++++++++++++++++++++++++++++++++++++++++++++++++++++++++++++
2026-10-06T01:05:51.7340466Z Progress: resolved 403, reused 403, downloaded 0, added 403, done
2026-10-06T01:05:51.8810550Z . prepare$ svelte-kit sync
2026-10-06T01:05:52.4466872Z . prepare: Done
2026-10-06T01:05:52.4470654Z 
2026-10-06T01:05:52.4470864Z dependencies:
2026-10-06T01:05:52.4471115Z + @oslojs/crypto 1.0.1
2026-10-06T01:05:52.4471360Z + @oslojs/encoding 1.1.0
2026-10-06T01:05:52.4471580Z + @oslojs/webauthn 1.0.0
2026-10-06T01:05:52.4471898Z + @wordpress/block-serialization-default-parser 5.38.0
2026-10-06T01:05:52.4472194Z + blurhash 2.0.5
2026-10-06T01:05:52.4472363Z + cn 0.2.2
2026-10-06T01:05:52.4472525Z + date-fns 4.1.0
2026-10-06T01:05:52.4472712Z + image-size 2.0.2
2026-10-06T01:05:52.4472889Z + jpeg-js 0.4.4
2026-10-06T01:05:52.4473075Z + jsonc-parser 3.3.1
2026-10-06T01:05:52.4473260Z + kysely 0.29.2
2026-10-06T01:05:52.4473426Z + mime 4.1.0
2026-10-06T01:05:52.4473593Z + parse5 7.3.0
2026-10-06T01:05:52.4473814Z + smol-toml 1.6.0
2026-10-06T01:05:52.4474048Z + ulidx 2.4.1
2026-10-06T01:05:52.4474217Z + upng-js 2.1.0
2026-10-06T01:05:52.4474386Z + valibot 1.5.0
2026-10-06T01:05:52.4474562Z + zod 4.5.4
2026-10-06T01:05:52.4474652Z 
2026-10-06T01:05:52.4474746Z devDependencies:
2026-10-06T01:05:52.4474933Z + @babel/core 7.29.7
2026-10-06T01:05:52.4475131Z + @cloudflare/kumo 2.6.0
2026-10-06T01:05:52.4475454Z + @cloudflare/workers-types 4.20260507.1
2026-10-06T01:05:52.4475707Z + @floating-ui/dom 1.8.0
2026-10-06T01:05:52.4475966Z + @lingui/babel-plugin-lingui-macro 5.9.5
2026-10-06T01:05:52.4476333Z + @lingui/conf 5.9.5
2026-10-06T01:05:52.4476525Z + @lingui/core 5.9.5
2026-10-06T01:05:52.4476718Z + @lingui/react 5.9.5
2026-10-06T01:05:52.4476926Z + @playwright/test 1.63.0
2026-10-06T01:05:52.4477165Z + @sveltejs/adapter-auto 7.0.1
2026-10-06T01:05:52.4477425Z + @sveltejs/adapter-cloudflare 7.2.9
2026-10-06T01:05:52.4477710Z + @sveltejs/adapter-node 5.5.7
2026-10-06T01:05:52.4477926Z + @sveltejs/kit 2.70.3
2026-10-06T01:05:52.4478169Z + @sveltejs/vite-plugin-svelte 7.3.1
2026-10-06T01:05:52.4478428Z + @tanstack/react-query 5.90.21
2026-10-06T01:05:52.4478681Z + @tanstack/react-router 1.163.2
2026-10-06T01:05:52.4478931Z + @testing-library/react 16.3.2
2026-10-06T01:05:52.4479321Z + @types/jsdom 30.0.0
2026-10-06T01:05:52.4479519Z + @types/node 24.19.0
2026-10-06T01:05:52.4479711Z + @types/react 19.3.0
2026-10-06T01:05:52.4479909Z + @types/react-dom 19.3.0
2026-10-06T01:05:52.4480158Z + @vitest/browser-playwright 4.1.10
2026-10-06T01:05:52.4480381Z + devalue 5.9.4
2026-10-06T01:05:52.4480552Z + jsdom 30.1.1
2026-10-06T01:05:52.4480744Z + miniflare 4.20260507.1
2026-10-06T01:05:52.4480939Z + pg 8.18.0
2026-10-06T01:05:52.4481099Z + react 19.3.0
2026-10-06T01:05:52.4481287Z + react-day-picker 9.14.0
2026-10-06T01:05:52.4481499Z + react-dom 19.3.0
2026-10-06T01:05:52.4481681Z + svelte 5.57.1
2026-10-06T01:05:52.4481869Z + svelte-check 4.7.6
2026-10-06T01:05:52.4482062Z + typescript 6.0.3
2026-10-06T01:05:52.4482240Z + vite 8.3.2
2026-10-06T01:05:52.4482519Z + vitest 4.1.10
2026-10-06T01:05:52.4482715Z + vitest-browser-react 2.2.0
2026-10-06T01:05:52.4482930Z + wrangler 4.99.0
2026-10-06T01:05:52.4483032Z 
2026-10-06T01:05:52.4483153Z Done in 2.4s using pnpm v12.6.0
2026-10-06T01:05:52.4640238Z ##[group]Run pnpm exec playwright install --with-deps chromium
2026-10-06T01:05:52.4640519Z [36;1mpnpm exec playwright install --with-deps chromium[0m
2026-10-06T01:05:52.4670578Z shell: /usr/bin/bash -e {0}
2026-10-06T01:05:52.4670720Z env:
2026-10-06T01:05:52.4670864Z   PNPM_HOME: /home/runner/setup-pnpm/node_modules/.bin
2026-10-06T01:05:52.4671039Z ##[endgroup]
2026-10-06T01:05:52.7873130Z Installing dependencies...
2026-10-06T01:05:52.7922635Z Switching to root user to install dependencies...
2026-10-06T01:05:52.9177641Z Get:1 file:/etc/apt/apt-mirrors.txt Mirrorlist [144 B]
2026-10-06T01:05:52.9287901Z Get:6 https://packages.microsoft.com/ubuntu/22.04/prod jammy InRelease [3632 B]
2026-10-06T01:05:52.9579862Z Hit:2 http://azure.archive.ubuntu.com/ubuntu jammy InRelease
2026-10-06T01:05:52.9595934Z Get:3 http://azure.archive.ubuntu.com/ubuntu jammy-updates InRelease [128 kB]
2026-10-06T01:05:52.9605539Z Get:4 http://azure.archive.ubuntu.com/ubuntu jammy-backports InRelease [127 kB]
2026-10-06T01:05:52.9613320Z Get:5 http://azure.archive.ubuntu.com/ubuntu jammy-security InRelease [129 kB]
2026-10-06T01:05:53.0074889Z Get:7 https://packages.microsoft.com/ubuntu/22.04/prod jammy/main arm64 Packages [551 kB]
2026-10-06T01:05:53.0199374Z Get:8 https://packages.microsoft.com/ubuntu/22.04/prod jammy/main amd64 Packages [797 kB]
2026-10-06T01:05:53.0977173Z Get:9 http://azure.archive.ubuntu.com/ubuntu jammy-updates/main amd64 Packages [3907 kB]
2026-10-06T01:05:53.1103605Z Get:10 http://azure.archive.ubuntu.com/ubuntu jammy-updates/main Translation-en [576 kB]
2026-10-06T01:05:53.1127576Z Get:11 http://azure.archive.ubuntu.com/ubuntu jammy-updates/restricted amd64 Packages [6714 kB]
2026-10-06T01:05:53.1357932Z Get:12 http://azure.archive.ubuntu.com/ubuntu jammy-updates/restricted Translation-en [1290 kB]
2026-10-06T01:05:53.1403439Z Get:13 http://azure.archive.ubuntu.com/ubuntu jammy-updates/universe amd64 Packages [1285 kB]
2026-10-06T01:05:53.1448518Z Get:14 http://azure.archive.ubuntu.com/ubuntu jammy-updates/universe Translation-en [325 kB]
2026-10-06T01:05:53.1842605Z Get:15 http://azure.archive.ubuntu.com/ubuntu jammy-security/main amd64 Packages [3631 kB]
2026-10-06T01:05:53.1952209Z Get:16 http://azure.archive.ubuntu.com/ubuntu jammy-security/main Translation-en [508 kB]
2026-10-06T01:05:53.1970311Z Get:17 http://azure.archive.ubuntu.com/ubuntu jammy-security/restricted amd64 Packages [6465 kB]
2026-10-06T01:05:53.2164011Z Get:18 http://azure.archive.ubuntu.com/ubuntu jammy-security/restricted Translation-en [1244 kB]
2026-10-06T01:05:53.2636829Z Get:19 http://azure.archive.ubuntu.com/ubuntu jammy-security/universe amd64 Packages [1052 kB]
2026-10-06T01:05:53.2669612Z Get:20 http://azure.archive.ubuntu.com/ubuntu jammy-security/universe Translation-en [237 kB]
2026-10-06T01:05:59.8242075Z Fetched 29.0 MB in 2s (12.3 MB/s)
2026-10-06T01:06:00.5683297Z Reading package lists...
2026-10-06T01:06:00.6035504Z Reading package lists...
2026-10-06T01:06:00.7806629Z Building dependency tree...
2026-10-06T01:06:00.7815021Z Reading state information...
2026-10-06T01:06:00.9121440Z fonts-liberation is already the newest version (1:1.07.4-11).
2026-10-06T01:06:00.9122061Z fonts-liberation set to manually installed.
2026-10-06T01:06:00.9123126Z libatk-bridge2.0-0 is already the newest version (2.38.0-3).
2026-10-06T01:06:00.9123583Z libatk-bridge2.0-0 set to manually installed.
2026-10-06T01:06:00.9123941Z libatk1.0-0 is already the newest version (2.36.0-3build1).
2026-10-06T01:06:00.9124252Z libatk1.0-0 set to manually installed.
2026-10-06T01:06:00.9124556Z libatspi2.0-0 is already the newest version (2.44.0-3).
2026-10-06T01:06:00.9124774Z libatspi2.0-0 set to manually installed.
2026-10-06T01:06:00.9125009Z libfontconfig1 is already the newest version (2.13.1-4.2ubuntu5).
2026-10-06T01:06:00.9125238Z libfontconfig1 set to manually installed.
2026-10-06T01:06:00.9125450Z libxcb1 is already the newest version (1.14-3ubuntu3).
2026-10-06T01:06:00.9125649Z libxcb1 set to manually installed.
2026-10-06T01:06:00.9126423Z libxcomposite1 is already the newest version (1:0.4.5-1build2).
2026-10-06T01:06:00.9126656Z libxcomposite1 set to manually installed.
2026-10-06T01:06:00.9126879Z libxdamage1 is already the newest version (1:1.1.5-2build2).
2026-10-06T01:06:00.9127136Z libxdamage1 set to manually installed.
2026-10-06T01:06:00.9127437Z libxext6 is already the newest version (2:1.3.4-1build1).
2026-10-06T01:06:00.9127644Z libxext6 set to manually installed.
2026-10-06T01:06:00.9127844Z libxfixes3 is already the newest version (1:6.0.0-1).
2026-10-06T01:06:00.9128065Z libxfixes3 set to manually installed.
2026-10-06T01:06:00.9128268Z libxkbcommon0 is already the newest version (1.4.0-1).
2026-10-06T01:06:00.9128471Z libxkbcommon0 set to manually installed.
2026-10-06T01:06:00.9128694Z libxrandr2 is already the newest version (2:1.5.2-1build1).
2026-10-06T01:06:00.9128900Z libxrandr2 set to manually installed.
2026-10-06T01:06:00.9129161Z fonts-noto-color-emoji is already the newest version (2.047-0ubuntu0.22.04.1).
2026-10-06T01:06:00.9129534Z libasound2 is already the newest version (1.2.6.1-1ubuntu1.2).
2026-10-06T01:06:00.9129747Z libasound2 set to manually installed.
2026-10-06T01:06:00.9129959Z libcairo2 is already the newest version (1.16.0-5ubuntu2.1).
2026-10-06T01:06:00.9130171Z libcairo2 set to manually installed.
2026-10-06T01:06:00.9130394Z libcups2 is already the newest version (2.4.1op1-1ubuntu4.21).
2026-10-06T01:06:00.9130607Z libcups2 set to manually installed.
2026-10-06T01:06:00.9130825Z libdbus-1-3 is already the newest version (1.12.20-2ubuntu4.1).
2026-10-06T01:06:00.9131042Z libdbus-1-3 set to manually installed.
2026-10-06T01:06:00.9131266Z libdrm2 is already the newest version (2.4.113-2~ubuntu0.22.04.1).
2026-10-06T01:06:00.9131482Z libdrm2 set to manually installed.
2026-10-06T01:06:00.9131712Z libfreetype6 is already the newest version (2.11.1+dfsg-1ubuntu0.3).
2026-10-06T01:06:00.9132047Z libfreetype6 set to manually installed.
2026-10-06T01:06:00.9132396Z libgbm1 is already the newest version (23.2.1-1ubuntu3.1~22.04.4).
2026-10-06T01:06:00.9132726Z libgbm1 set to manually installed.
2026-10-06T01:06:00.9133060Z libglib2.0-0 is already the newest version (2.72.4-0ubuntu2.10).
2026-10-06T01:06:00.9133398Z libglib2.0-0 set to manually installed.
2026-10-06T01:06:00.9133765Z libnspr4 is already the newest version (2:4.35-0ubuntu0.22.04.1).
2026-10-06T01:06:00.9134075Z libnss3 is already the newest version (2:3.98-0ubuntu0.22.04.4).
2026-10-06T01:06:00.9134334Z libpango-1.0-0 is already the newest version (1.50.6+ds-2ubuntu1).
2026-10-06T01:06:00.9134558Z libpango-1.0-0 set to manually installed.
2026-10-06T01:06:00.9134797Z libwayland-client0 is already the newest version (1.20.0-1ubuntu0.1).
2026-10-06T01:06:00.9135044Z libwayland-client0 set to manually installed.
2026-10-06T01:06:00.9135272Z libx11-6 is already the newest version (2:1.7.5-1ubuntu0.3).
2026-10-06T01:06:00.9135479Z libx11-6 set to manually installed.
2026-10-06T01:06:00.9135703Z xvfb is already the newest version (2:21.1.4-2ubuntu1.7~22.04.16).
2026-10-06T01:06:00.9136038Z The following additional packages will be installed:
2026-10-06T01:06:00.9136381Z   xfonts-encodings xfonts-utils
2026-10-06T01:06:00.9136614Z Recommended packages:
2026-10-06T01:06:00.9136859Z   fonts-ipafont-mincho fonts-tlwg-loma
2026-10-06T01:06:00.9241675Z The following NEW packages will be installed:
2026-10-06T01:06:00.9242320Z   fonts-freefont-ttf fonts-ipafont-gothic fonts-tlwg-loma-otf fonts-unifont
2026-10-06T01:06:00.9244580Z   fonts-wqy-zenhei xfonts-cyrillic xfonts-encodings xfonts-scalable
2026-10-06T01:06:00.9245028Z   xfonts-utils
2026-10-06T01:06:00.9332145Z 0 upgraded, 9 newly installed, 0 to remove and 20 not upgraded.
2026-10-06T01:06:00.9332537Z Need to get 18.4 MB of archives.
2026-10-06T01:06:00.9332950Z After this operation, 56.8 MB of additional disk space will be used.
2026-10-06T01:06:00.9333373Z Get:1 file:/etc/apt/apt-mirrors.txt Mirrorlist [144 B]
2026-10-06T01:06:00.9971243Z Get:2 http://azure.archive.ubuntu.com/ubuntu jammy/universe amd64 fonts-ipafont-gothic all 00303-21ubuntu1 [3513 kB]
2026-10-06T01:06:01.0649867Z Get:3 http://azure.archive.ubuntu.com/ubuntu jammy/main amd64 fonts-freefont-ttf all 20120503-10build1 [2388 kB]
2026-10-06T01:06:01.1210283Z Get:4 http://azure.archive.ubuntu.com/ubuntu jammy/universe amd64 fonts-tlwg-loma-otf all 1:0.7.3-1 [107 kB]
2026-10-06T01:06:01.1535030Z Get:5 http://azure.archive.ubuntu.com/ubuntu jammy/universe amd64 fonts-unifont all 1:14.0.01-1 [3551 kB]
2026-10-06T01:06:01.2205463Z Get:6 http://azure.archive.ubuntu.com/ubuntu jammy/universe amd64 fonts-wqy-zenhei all 0.9.45-8 [7472 kB]
2026-10-06T01:06:01.3331672Z Get:7 http://azure.archive.ubuntu.com/ubuntu jammy/main amd64 xfonts-encodings all 1:1.0.5-0ubuntu2 [578 kB]
2026-10-06T01:06:01.3705215Z Get:8 http://azure.archive.ubuntu.com/ubuntu jammy/main amd64 xfonts-utils amd64 1:7.7+6build2 [94.6 kB]
2026-10-06T01:06:01.4027745Z Get:9 http://azure.archive.ubuntu.com/ubuntu jammy/universe amd64 xfonts-cyrillic all 1:1.0.5 [386 kB]
2026-10-06T01:06:01.4403400Z Get:10 http://azure.archive.ubuntu.com/ubuntu jammy/main amd64 xfonts-scalable all 1:1.0.3-1.2ubuntu1 [306 kB]
2026-10-06T01:06:01.6577350Z Fetched 18.4 MB in 1s (35.7 MB/s)
2026-10-06T01:06:01.7094643Z Selecting previously unselected package fonts-ipafont-gothic.
2026-10-06T01:06:01.7550196Z (Reading database ... 
2026-10-06T01:06:01.7550467Z (Reading database ... 5%
2026-10-06T01:06:01.7550733Z (Reading database ... 10%
2026-10-06T01:06:01.7550970Z (Reading database ... 15%
2026-10-06T01:06:01.7551196Z (Reading database ... 20%
2026-10-06T01:06:01.7551417Z (Reading database ... 25%
2026-10-06T01:06:01.7551641Z (Reading database ... 30%
2026-10-06T01:06:01.7551856Z (Reading database ... 35%
2026-10-06T01:06:01.7552216Z (Reading database ... 40%
2026-10-06T01:06:01.7552434Z (Reading database ... 45%
2026-10-06T01:06:01.7552638Z (Reading database ... 50%
2026-10-06T01:06:02.1332525Z (Reading database ... 55%
2026-10-06T01:06:02.8253265Z (Reading database ... 60%
2026-10-06T01:06:03.3249011Z (Reading database ... 65%
2026-10-06T01:06:03.8072337Z (Reading database ... 70%
2026-10-06T01:06:04.5836806Z (Reading database ... 75%
2026-10-06T01:06:05.6733174Z (Reading database ... 80%
2026-10-06T01:06:06.7901672Z (Reading database ... 85%
2026-10-06T01:06:07.9057431Z (Reading database ... 90%
2026-10-06T01:06:09.1949005Z (Reading database ... 95%
2026-10-06T01:06:09.1949254Z (Reading database ... 100%
2026-10-06T01:06:09.1949514Z (Reading database ... 260411 files and directories currently installed.)
2026-10-06T01:06:09.1996945Z Preparing to unpack .../0-fonts-ipafont-gothic_00303-21ubuntu1_all.deb ...
2026-10-06T01:06:09.2183337Z Unpacking fonts-ipafont-gothic (00303-21ubuntu1) ...
2026-10-06T01:06:09.5346563Z Selecting previously unselected package fonts-freefont-ttf.
2026-10-06T01:06:09.5442194Z Preparing to unpack .../1-fonts-freefont-ttf_20120503-10build1_all.deb ...
2026-10-06T01:06:09.5832882Z Unpacking fonts-freefont-ttf (20120503-10build1) ...
2026-10-06T01:06:09.8435521Z Selecting previously unselected package fonts-tlwg-loma-otf.
2026-10-06T01:06:09.8537312Z Preparing to unpack .../2-fonts-tlwg-loma-otf_1%3a0.7.3-1_all.deb ...
2026-10-06T01:06:09.8626417Z Unpacking fonts-tlwg-loma-otf (1:0.7.3-1) ...
2026-10-06T01:06:09.9132091Z Selecting previously unselected package fonts-unifont.
2026-10-06T01:06:09.9231264Z Preparing to unpack .../3-fonts-unifont_1%3a14.0.01-1_all.deb ...
2026-10-06T01:06:09.9326872Z Unpacking fonts-unifont (1:14.0.01-1) ...
2026-10-06T01:06:10.1921265Z Selecting previously unselected package fonts-wqy-zenhei.
2026-10-06T01:06:10.2023838Z Preparing to unpack .../4-fonts-wqy-zenhei_0.9.45-8_all.deb ...
2026-10-06T01:06:10.2275095Z Unpacking fonts-wqy-zenhei (0.9.45-8) ...
2026-10-06T01:06:11.2888978Z Selecting previously unselected package xfonts-encodings.
2026-10-06T01:06:11.2995009Z Preparing to unpack .../5-xfonts-encodings_1%3a1.0.5-0ubuntu2_all.deb ...
2026-10-06T01:06:11.4979962Z Unpacking xfonts-encodings (1:1.0.5-0ubuntu2) ...
2026-10-06T01:06:12.5947072Z Selecting previously unselected package xfonts-utils.
2026-10-06T01:06:12.6055138Z Preparing to unpack .../6-xfonts-utils_1%3a7.7+6build2_amd64.deb ...
2026-10-06T01:06:12.7449276Z Unpacking xfonts-utils (1:7.7+6build2) ...
2026-10-06T01:06:13.4663560Z Selecting previously unselected package xfonts-cyrillic.
2026-10-06T01:06:13.4760339Z Preparing to unpack .../7-xfonts-cyrillic_1%3a1.0.5_all.deb ...
2026-10-06T01:06:13.4765278Z Unpacking xfonts-cyrillic (1:1.0.5) ...
2026-10-06T01:06:13.5077588Z Selecting previously unselected package xfonts-scalable.
2026-10-06T01:06:13.5173515Z Preparing to unpack .../8-xfonts-scalable_1%3a1.0.3-1.2ubuntu1_all.deb ...
2026-10-06T01:06:13.5178907Z Unpacking xfonts-scalable (1:1.0.3-1.2ubuntu1) ...
2026-10-06T01:06:13.5449490Z Setting up fonts-wqy-zenhei (0.9.45-8) ...
2026-10-06T01:06:13.5509994Z Setting up fonts-freefont-ttf (20120503-10build1) ...
2026-10-06T01:06:13.5523225Z Setting up fonts-tlwg-loma-otf (1:0.7.3-1) ...
2026-10-06T01:06:13.5534953Z Setting up xfonts-encodings (1:1.0.5-0ubuntu2) ...
2026-10-06T01:06:13.5546550Z Setting up fonts-ipafont-gothic (00303-21ubuntu1) ...
2026-10-06T01:06:13.5587730Z update-alternatives: using /usr/share/fonts/opentype/ipafont-gothic/ipag.ttf to provide /usr/share/fonts/truetype/fonts-japanese-gothic.ttf (fonts-japanese-gothic.ttf) in auto mode
2026-10-06T01:06:13.5600708Z Setting up fonts-unifont (1:14.0.01-1) ...
2026-10-06T01:06:13.5612089Z Setting up xfonts-utils (1:7.7+6build2) ...
2026-10-06T01:06:13.5635095Z Setting up xfonts-cyrillic (1:1.0.5) ...
2026-10-06T01:06:13.5969734Z Setting up xfonts-scalable (1:1.0.3-1.2ubuntu1) ...
2026-10-06T01:06:13.6099286Z Processing triggers for man-db (2.10.2-1) ...
2026-10-06T01:06:13.6113990Z Not building database; man-db/auto-update is not 'true'.
2026-10-06T01:06:13.6122226Z Processing triggers for fontconfig (2.13.1-4.2ubuntu5) ...
2026-10-06T01:06:14.8236917Z 
2026-10-06T01:06:14.8237581Z Running kernel seems to be up-to-date.
2026-10-06T01:06:14.8237762Z 
2026-10-06T01:06:14.8237893Z No services need to be restarted.
2026-10-06T01:06:14.8237998Z 
2026-10-06T01:06:14.8238079Z No containers need to be restarted.
2026-10-06T01:06:14.8238185Z 
2026-10-06T01:06:14.8238288Z No user sessions are running outdated binaries.
2026-10-06T01:06:14.8238413Z 
2026-10-06T01:06:14.8238569Z No VM guests are running outdated hypervisor (qemu) binaries on this host.
2026-10-06T01:06:15.7079305Z Downloading Chrome for Testing 153.0.8010.12 (playwright chromium v1243) from https://cdn.playwright.dev/builds/cft/153.0.8010.12/linux64/chrome-linux64.zip
2026-10-06T01:06:16.0071620Z |                                                                                |   0% of 186.8 MiB
2026-10-06T01:06:16.2207280Z |■■■■■■■■                                                                        |  10% of 186.8 MiB
2026-10-06T01:06:16.3105519Z |■■■■■■■■■■■■■■■■                                                                |  20% of 186.8 MiB
2026-10-06T01:06:16.4194785Z |■■■■■■■■■■■■■■■■■■■■■■■■                                                        |  30% of 186.8 MiB
2026-10-06T01:06:16.4997973Z |■■■■■■■■■■■■■■■■■■■■■■■■■■■■■■■■                                                |  40% of 186.8 MiB
2026-10-06T01:06:16.5929948Z |■■■■■■■■■■■■■■■■■■■■■■■■■■■■■■■■■■■■■■■■                                        |  50% of 186.8 MiB
2026-10-06T01:06:16.6728262Z |■■■■■■■■■■■■■■■■■■■■■■■■■■■■■■■■■■■■■■■■■■■■■■■■                                |  60% of 186.8 MiB
2026-10-06T01:06:16.7674382Z |■■■■■■■■■■■■■■■■■■■■■■■■■■■■■■■■■■■■■■■■■■■■■■■■■■■■■■■■                        |  70% of 186.8 MiB
2026-10-06T01:06:16.8543417Z |■■■■■■■■■■■■■■■■■■■■■■■■■■■■■■■■■■■■■■■■■■■■■■■■■■■■■■■■■■■■■■■■                |  80% of 186.8 MiB
2026-10-06T01:06:16.9491709Z |■■■■■■■■■■■■■■■■■■■■■■■■■■■■■■■■■■■■■■■■■■■■■■■■■■■■■■■■■■■■■■■■■■■■■■■■        |  90% of 186.8 MiB
2026-10-06T01:06:17.0409696Z |■■■■■■■■■■■■■■■■■■■■■■■■■■■■■■■■■■■■■■■■■■■■■■■■■■■■■■■■■■■■■■■■■■■■■■■■■■■■■■■■| 100% of 186.8 MiB
2026-10-06T01:06:18.9239246Z Chrome for Testing 153.0.8010.12 (playwright chromium v1243) downloaded to /home/runner/.cache/ms-playwright/chromium-1243
2026-10-06T01:06:18.9242052Z Downloading FFmpeg (playwright ffmpeg v1011) from https://cdn.playwright.dev/dbazure/download/playwright/builds/ffmpeg/1011/ffmpeg-linux.zip
2026-10-06T01:06:19.2050717Z |                                                                                |   0% of 2.3 MiB
2026-10-06T01:06:19.2244244Z |■■■■■■■■                                                                        |  10% of 2.3 MiB
2026-10-06T01:06:19.2324825Z |■■■■■■■■■■■■■■■■                                                                |  20% of 2.3 MiB
2026-10-06T01:06:19.2385420Z |■■■■■■■■■■■■■■■■■■■■■■■■                                                        |  30% of 2.3 MiB
2026-10-06T01:06:19.2409037Z |■■■■■■■■■■■■■■■■■■■■■■■■■■■■■■■■                                                |  40% of 2.3 MiB
2026-10-06T01:06:19.2449415Z |■■■■■■■■■■■■■■■■■■■■■■■■■■■■■■■■■■■■■■■■                                        |  50% of 2.3 MiB
2026-10-06T01:06:19.2468287Z |■■■■■■■■■■■■■■■■■■■■■■■■■■■■■■■■■■■■■■■■■■■■■■■■                                |  60% of 2.3 MiB
2026-10-06T01:06:19.2480753Z |■■■■■■■■■■■■■■■■■■■■■■■■■■■■■■■■■■■■■■■■■■■■■■■■■■■■■■■■                        |  70% of 2.3 MiB
2026-10-06T01:06:19.2490941Z |■■■■■■■■■■■■■■■■■■■■■■■■■■■■■■■■■■■■■■■■■■■■■■■■■■■■■■■■■■■■■■■■                |  80% of 2.3 MiB
2026-10-06T01:06:19.2525019Z |■■■■■■■■■■■■■■■■■■■■■■■■■■■■■■■■■■■■■■■■■■■■■■■■■■■■■■■■■■■■■■■■■■■■■■■■        |  90% of 2.3 MiB
2026-10-06T01:06:19.2534925Z |■■■■■■■■■■■■■■■■■■■■■■■■■■■■■■■■■■■■■■■■■■■■■■■■■■■■■■■■■■■■■■■■■■■■■■■■■■■■■■■■| 100% of 2.3 MiB
2026-10-06T01:06:19.2864434Z FFmpeg (playwright ffmpeg v1011) downloaded to /home/runner/.cache/ms-playwright/ffmpeg-1011
2026-10-06T01:06:19.2866889Z Downloading Chrome Headless Shell 153.0.8010.12 (playwright chromium-headless-shell v1243) from https://cdn.playwright.dev/builds/cft/153.0.8010.12/linux64/chrome-headless-shell-linux64.zip
2026-10-06T01:06:19.5803117Z |                                                                                |   0% of 114.3 MiB
2026-10-06T01:06:19.7747923Z |■■■■■■■■                                                                        |  10% of 114.3 MiB
2026-10-06T01:06:19.8491630Z |■■■■■■■■■■■■■■■■                                                                |  20% of 114.3 MiB
2026-10-06T01:06:19.9124244Z |■■■■■■■■■■■■■■■■■■■■■■■■                                                        |  30% of 114.3 MiB
2026-10-06T01:06:19.9728865Z |■■■■■■■■■■■■■■■■■■■■■■■■■■■■■■■■                                                |  40% of 114.3 MiB
2026-10-06T01:06:20.0400184Z |■■■■■■■■■■■■■■■■■■■■■■■■■■■■■■■■■■■■■■■■                                        |  50% of 114.3 MiB
2026-10-06T01:06:20.0962022Z |■■■■■■■■■■■■■■■■■■■■■■■■■■■■■■■■■■■■■■■■■■■■■■■■                                |  60% of 114.3 MiB
2026-10-06T01:06:20.1613776Z |■■■■■■■■■■■■■■■■■■■■■■■■■■■■■■■■■■■■■■■■■■■■■■■■■■■■■■■■                        |  70% of 114.3 MiB
2026-10-06T01:06:20.2230168Z |■■■■■■■■■■■■■■■■■■■■■■■■■■■■■■■■■■■■■■■■■■■■■■■■■■■■■■■■■■■■■■■■                |  80% of 114.3 MiB
2026-10-06T01:06:20.2889047Z |■■■■■■■■■■■■■■■■■■■■■■■■■■■■■■■■■■■■■■■■■■■■■■■■■■■■■■■■■■■■■■■■■■■■■■■■        |  90% of 114.3 MiB
2026-10-06T01:06:20.3703815Z |■■■■■■■■■■■■■■■■■■■■■■■■■■■■■■■■■■■■■■■■■■■■■■■■■■■■■■■■■■■■■■■■■■■■■■■■■■■■■■■■| 100% of 114.3 MiB
2026-10-06T01:06:21.7202101Z Chrome Headless Shell 153.0.8010.12 (playwright chromium-headless-shell v1243) downloaded to /home/runner/.cache/ms-playwright/chromium_headless_shell-1243
2026-10-06T01:06:21.7353916Z ##[group]Run timeout --kill-after=30s 360s pnpm exec vitest run --config vitest.default-seed-setup-wizard.browser.config.ts --reporter=verbose --reporter=json --outputFile.json=setup-source-results.json
2026-10-06T01:06:21.7354721Z [36;1mtimeout --kill-after=30s 360s pnpm exec vitest run --config vitest.default-seed-setup-wizard.browser.config.ts --reporter=verbose --reporter=json --outputFile.json=setup-source-results.json[0m
2026-10-06T01:06:21.7385287Z shell: /usr/bin/bash -e {0}
2026-10-06T01:06:21.7385446Z env:
2026-10-06T01:06:21.7385596Z   PNPM_HOME: /home/runner/setup-pnpm/node_modules/.bin
2026-10-06T01:06:21.7385781Z   DEBUG: pw:browser
2026-10-06T01:06:21.7385930Z ##[endgroup]
2026-10-06T01:06:22.2895235Z 
2026-10-06T01:06:22.2897872Z [1m[30m[46m RUN [49m[39m[22m [36mv4.1.10 [39m[90m/home/runner/work/cms/cms[39m
2026-10-06T01:06:22.2898201Z 
2026-10-06T01:06:22.7038976Z 2026-10-06T01:06:22.703Z pw:browser <launching> /home/runner/.cache/ms-playwright/chromium_headless_shell-1243/chrome-headless-shell-linux64/chrome-headless-shell --disable-field-trial-config --disable-background-networking --disable-background-timer-throttling --disable-backgrounding-occluded-windows --disable-back-forward-cache --disable-breakpad --disable-client-side-phishing-detection --disable-component-extensions-with-background-pages --disable-component-update --no-default-browser-check --disable-default-apps --disable-dev-shm-usage --disable-edgeupdater --disable-extensions --disable-features=AvoidUnnecessaryBeforeUnloadCheckSync,DestroyProfileOnBrowserClose,DialMediaRouteProvider,GlobalMediaControls,HttpsUpgrades,LensOverlay,MediaRouter,PaintHolding,ThirdPartyStoragePartitioning,BlockOriginHeaderModificationOnRedirect,Translate,AutoDeElevate,OptimizationHints,msForceBrowserSignIn,msEdgeUpdateLaunchServicesPreferredVersion --enable-features=CDPScreenshotNewSurface --allow-pre-commit-input --disable-hang-monitor --disable-ipc-flooding-protection --disable-popup-blocking --disable-prompt-on-repost --disable-renderer-backgrounding --disable-updater-scheduler --force-color-profile=srgb --metrics-recording-only --no-first-run --password-store=basic --use-mock-keychain --no-service-autorun --export-tagged-pdf --disable-search-engine-choice-screen --unsafely-disable-devtools-self-xss-warnings --edge-skip-compat-layer-relaunch --disable-infobars --disable-search-engine-choice-screen --disable-sync --enable-unsafe-swiftshader --headless --hide-scrollbars --mute-audio --blink-settings=primaryHoverType=2,availableHoverTypes=2,primaryPointerType=4,availablePointerTypes=4 --user-data-dir=/tmp/playwright_chromiumdev_profile-UaJ92O --remote-debugging-pipe --no-startup-window
2026-10-06T01:06:22.7064910Z 2026-10-06T01:06:22.706Z pw:browser <launched> pid=2913
2026-10-06T01:06:23.0171424Z 2026-10-06T01:06:23.016Z pw:browser [pid=2913][err] [1006/010623.015155:ERROR:dbus/bus.cc:405] Failed to connect to the bus: Could not parse server address: Unknown address type (examples of valid types are "tcp" and on UNIX "unix")
2026-10-06T01:06:23.0172929Z 2026-10-06T01:06:23.016Z pw:browser [pid=2913][err] Unable to revert mtime: /usr/share/fonts
2026-10-06T01:06:23.0189721Z 2026-10-06T01:06:23.018Z pw:browser [pid=2913][err] Unable to revert mtime: /usr/share/fonts/truetype
2026-10-06T01:06:23.0257172Z 2026-10-06T01:06:23.025Z pw:browser [pid=2913][err] Unable to revert mtime: /usr/share/fonts/truetype/dejavu
2026-10-06T01:06:23.0319243Z 2026-10-06T01:06:23.031Z pw:browser [pid=2913][err] [1006/010623.031562:WARNING:media/gpu/vaapi/vaapi_wrapper.cc:1660] drmGetDevices2() has not found any devices
2026-10-06T01:06:23.0337244Z 2026-10-06T01:06:23.033Z pw:browser [pid=2913][err] [1006/010623.032966:WARNING:sandbox/policy/linux/sandbox_linux.cc:405] InitializeSandbox() called with multiple threads in process gpu-process.
2026-10-06T01:06:23.2623934Z 2026-10-06T01:06:23.262Z pw:browser [pid=2913][err] Unable to revert mtime: /usr/share/fonts/truetype/lato
2026-10-06T01:06:23.4105597Z 2026-10-06T01:06:23.410Z pw:browser [pid=2913][err] Unable to revert mtime: /usr/share/fonts/truetype/liberation
2026-10-06T01:06:23.5270559Z 2026-10-06T01:06:23.526Z pw:browser [pid=2913][err] Unable to revert mtime: /usr/share/fonts/truetype/noto
2026-10-06T01:06:23.7143196Z 2026-10-06T01:06:23.714Z pw:browser [pid=2913][err] [1006/010623.711497:ERROR:dbus/object_proxy.cc:572] Failed to call method: org.freedesktop.DBus.NameHasOwner: object_path= /org/freedesktop/DBus: unknown error type: 
2026-10-06T01:06:23.7144985Z 2026-10-06T01:06:23.714Z pw:browser [pid=2913][err] [1006/010623.711569:ERROR:dbus/bus.cc:405] Failed to connect to the bus: Could not parse server address: Unknown address type (examples of valid types are "tcp" and on UNIX "unix")
2026-10-06T01:06:23.7151587Z 2026-10-06T01:06:23.715Z pw:browser [pid=2913][err] [1006/010623.714992:ERROR:dbus/object_proxy.cc:572] Failed to call method: org.freedesktop.DBus.NameHasOwner: object_path= /org/freedesktop/DBus: unknown error type: 
2026-10-06T01:06:23.9571577Z 2026-10-06T01:06:23.956Z pw:browser [pid=2913][err] [1006/010623.956854:INFO:CONSOLE:934] "[vite] connecting...", source: http://localhost:63315/@vite/client (934)
2026-10-06T01:06:23.9636113Z 2026-10-06T01:06:23.963Z pw:browser [pid=2913][err] [1006/010623.962036:INFO:CONSOLE:1045] "[vite] connected.", source: http://localhost:63315/@vite/client (1045)
2026-10-06T01:06:23.9996942Z 2026-10-06T01:06:23.999Z pw:browser [pid=2913][err] [1006/010623.992875:INFO:CONSOLE:934] "[vite] connecting...", source: http://localhost:63315/@vite/client (934)
2026-10-06T01:06:24.0076569Z 2026-10-06T01:06:24.007Z pw:browser [pid=2913][err] [1006/010624.005730:INFO:CONSOLE:1045] "[vite] connected.", source: http://localhost:63315/@vite/client (1045)
2026-10-06T01:06:39.7527004Z  [31m×[39m [30m[43m chromium [49m[39m parity/emdash/default-seed-setup-runtime/source/packages/admin/tests/components/SetupWizard.test.tsx[2m > [22mSetupWizard[2m > [22mshows site setup step first with title input[33m 15048[2mms[22m[39m
2026-10-06T01:06:39.7528549Z [31m   → Cannot find element with locator: page.getByText('Set up your site')
2026-10-06T01:06:39.7529208Z 
2026-10-06T01:06:39.7529583Z [36m<body>[31m
2026-10-06T01:06:39.7529784Z   [0m
2026-10-06T01:06:39.7529907Z   
2026-10-06T01:06:39.7529971Z 
2026-10-06T01:06:39.7530032Z [0m
2026-10-06T01:06:39.7530164Z   [36m<div>[31m
2026-10-06T01:06:39.7530310Z     [36m<div>[31m
2026-10-06T01:06:39.7530462Z       [90m<!---->[31m
2026-10-06T01:06:39.7530666Z       [36m<main>[31m
2026-10-06T01:06:39.7530899Z         [36m<h1>[31m
2026-10-06T01:06:39.7531164Z           [0mSet up Sveltery CMS[0m
2026-10-06T01:06:39.7531419Z         [36m</h1>[31m
2026-10-06T01:06:39.7531570Z         [0m [0m
2026-10-06T01:06:39.7531711Z         [36m<p>[31m
2026-10-06T01:06:39.7531987Z           [0mCreate the first administrator account and save a passkey to sign in.[0m
2026-10-06T01:06:39.7532238Z         [36m</p>[31m
2026-10-06T01:06:39.7532380Z         [0m [0m
2026-10-06T01:06:39.7532539Z         [36m<noscript />[31m
2026-10-06T01:06:39.7532692Z         [0m [0m
2026-10-06T01:06:39.7532831Z         [36m<form>[31m
2026-10-06T01:06:39.7532985Z           [36m<label[31m
2026-10-06T01:06:39.7533181Z             [33mclass[31m=[32m"svelte-flvp99"[31m
2026-10-06T01:06:39.7533369Z           [36m>[31m
2026-10-06T01:06:39.7533515Z             [0mEmail [0m
2026-10-06T01:06:39.7533671Z             [36m<input[31m
2026-10-06T01:06:39.7533871Z               [33mautocomplete[31m=[32m"email"[31m
2026-10-06T01:06:39.7534108Z               [33mclass[31m=[32m"svelte-flvp99"[31m
2026-10-06T01:06:39.7534324Z               [33mrequired[31m=[32m""[31m
2026-10-06T01:06:39.7534531Z               [33mtype[31m=[32m"email"[31m
2026-10-06T01:06:39.7534712Z             [36m/>[31m
2026-10-06T01:06:39.7534863Z           [36m</label>[31m
2026-10-06T01:06:39.7535010Z           [0m [0m
2026-10-06T01:06:39.7535152Z           [36m<label[31m
2026-10-06T01:06:39.7535694Z             [33mclass[31m=[32m"svelte-flvp99"[31m
2026-10-06T01:06:39.7535875Z           [36m>[31m
2026-10-06T01:06:39.7536019Z             [0mName [0m
2026-10-06T01:06:39.7536298Z             [36m<input[31m
2026-10-06T01:06:39.7536588Z               [33mautocomplete[31m=[32m"name"[31m
2026-10-06T01:06:39.7536935Z               [33mclass[31m=[32m"svelte-flvp99"[31m
2026-10-06T01:06:39.7537248Z               [33mtype[31m=[32m"text"[31m
2026-10-06T01:06:39.7537514Z             [36m/>[31m
2026-10-06T01:06:39.7537733Z           [36m</label>[31m
2026-10-06T01:06:39.7537968Z           [0m [0m
2026-10-06T01:06:39.7538185Z           [36m<button[31m
2026-10-06T01:06:39.7538492Z             [33mclass[31m=[32m"svelte-flvp99"[31m
2026-10-06T01:06:39.7538774Z           [36m>[31m
2026-10-06T01:06:39.7539072Z             [0mCreate administrator and passkey[0m
2026-10-06T01:06:39.7539372Z           [36m</button>[31m
2026-10-06T01:06:39.7539617Z         [36m</form>[31m
2026-10-06T01:06:39.7539837Z         [0m [0m
2026-10-06T01:06:39.7540053Z         [36m<form[31m
2026-10-06T01:06:39.7540336Z           [33maria-hidden[31m=[32m"true"[31m
2026-10-06T01:06:39.7540688Z           [33mfields[31m=[32m"[object Object]"[31m
2026-10-06T01:06:39.7541015Z           [33mhidden[31m=[32m""[31m
2026-10-06T01:06:39.7541317Z           [33mpending[31m=[32m"0"[31m
2026-10-06T01:06:39.7541578Z         [36m>[31m
2026-10-06T01:06:39.7541793Z           [36m<input[31m
2026-10-06T01:06:39.7542242Z             [33mclass[31m=[32m"svelte-flvp99"[31m
2026-10-06T01:06:39.7542583Z             [33mtype[31m=[32m"hidden"[31m
2026-10-06T01:06:39.7542883Z             [33mvalue[31m=[32m""[31m
2026-10-06T01:06:39.7543084Z           [36m/>[31m
2026-10-06T01:06:39.7543231Z         [36m</form>[31m
2026-10-06T01:06:39.7543373Z         [0m [0m
2026-10-06T01:06:39.7543508Z         [90m<!---->[31m
2026-10-06T01:06:39.7543659Z         [0m [0m
2026-10-06T01:06:39.7543794Z         [90m<!---->[31m
2026-10-06T01:06:39.7543942Z         [90m<!---->[31m
2026-10-06T01:06:39.7544087Z         [90m<!---->[31m
2026-10-06T01:06:39.7544230Z       [36m</main>[31m
2026-10-06T01:06:39.7544373Z       [0m[0m
2026-10-06T01:06:39.7544502Z       [0m[0m
2026-10-06T01:06:39.7544638Z     [36m</div>[31m
2026-10-06T01:06:39.7544774Z   [36m</div>[31m
2026-10-06T01:06:39.7544920Z [36m</body>[31m[39m
2026-10-06T01:07:09.6373134Z  [31m×[39m [30m[43m chromium [49m[39m parity/emdash/default-seed-setup-runtime/source/packages/admin/tests/components/SetupWizard.test.tsx[2m > [22mSetupWizard[2m > [22mempty title prevents advancing and shows validation error[33m 15004[2mms[22m[39m
2026-10-06T01:07:09.6374422Z [31m   → Cannot find element with locator: page.getByText('Set up your site')
2026-10-06T01:07:09.6374710Z 
2026-10-06T01:07:09.6374815Z [36m<body>[31m
2026-10-06T01:07:09.6375020Z   [0m
2026-10-06T01:07:09.6375184Z   
2026-10-06T01:07:09.6375278Z 
2026-10-06T01:07:09.6375366Z [0m
2026-10-06T01:07:09.6375554Z   [36m<div>[31m
2026-10-06T01:07:09.6375793Z     [36m<div>[31m
2026-10-06T01:07:09.6376010Z       [90m<!---->[31m
2026-10-06T01:07:09.6376433Z       [36m<main>[31m
2026-10-06T01:07:09.6376650Z         [36m<h1>[31m
2026-10-06T01:07:09.6376911Z           [0mSet up Sveltery CMS[0m
2026-10-06T01:07:09.6377175Z         [36m</h1>[31m
2026-10-06T01:07:09.6377391Z         [0m [0m
2026-10-06T01:07:09.6377594Z         [36m<p>[31m
2026-10-06T01:07:09.6378021Z           [0mCreate the first administrator account and save a passkey to sign in.[0m
2026-10-06T01:07:09.6378420Z         [36m</p>[31m
2026-10-06T01:07:09.6378628Z         [0m [0m
2026-10-06T01:07:09.6378862Z         [36m<noscript />[31m
2026-10-06T01:07:09.6379094Z         [0m [0m
2026-10-06T01:07:09.6379260Z         [36m<form>[31m
2026-10-06T01:07:09.6379410Z           [36m<label[31m
2026-10-06T01:07:09.6379612Z             [33mclass[31m=[32m"svelte-flvp99"[31m
2026-10-06T01:07:09.6379795Z           [36m>[31m
2026-10-06T01:07:09.6380135Z             [0mEmail [0m
2026-10-06T01:07:09.6380294Z             [36m<input[31m
2026-10-06T01:07:09.6380583Z               [33mautocomplete[31m=[32m"email"[31m
2026-10-06T01:07:09.6380812Z               [33mclass[31m=[32m"svelte-flvp99"[31m
2026-10-06T01:07:09.6381028Z               [33mrequired[31m=[32m""[31m
2026-10-06T01:07:09.6381233Z               [33mtype[31m=[32m"email"[31m
2026-10-06T01:07:09.6381408Z             [36m/>[31m
2026-10-06T01:07:09.6381560Z           [36m</label>[31m
2026-10-06T01:07:09.6381707Z           [0m [0m
2026-10-06T01:07:09.6381844Z           [36m<label[31m
2026-10-06T01:07:09.6382029Z             [33mclass[31m=[32m"svelte-flvp99"[31m
2026-10-06T01:07:09.6382204Z           [36m>[31m
2026-10-06T01:07:09.6382410Z             [0mName [0m
2026-10-06T01:07:09.6382639Z             [36m<input[31m
2026-10-06T01:07:09.6382895Z               [33mautocomplete[31m=[32m"name"[31m
2026-10-06T01:07:09.6383252Z               [33mclass[31m=[32m"svelte-flvp99"[31m
2026-10-06T01:07:09.6383563Z               [33mtype[31m=[32m"text"[31m
2026-10-06T01:07:09.6383740Z             [36m/>[31m
2026-10-06T01:07:09.6383891Z           [36m</label>[31m
2026-10-06T01:07:09.6384036Z           [0m [0m
2026-10-06T01:07:09.6384176Z           [36m<button[31m
2026-10-06T01:07:09.6384436Z             [33mclass[31m=[32m"svelte-flvp99"[31m
2026-10-06T01:07:09.6384703Z           [36m>[31m
2026-10-06T01:07:09.6384985Z             [0mCreate administrator and passkey[0m
2026-10-06T01:07:09.6385434Z           [36m</button>[31m
2026-10-06T01:07:09.6385694Z         [36m</form>[31m
2026-10-06T01:07:09.6385835Z         [0m [0m
2026-10-06T01:07:09.6385967Z         [36m<form[31m
2026-10-06T01:07:09.6386283Z           [33maria-hidden[31m=[32m"true"[31m
2026-10-06T01:07:09.6386562Z           [33mfields[31m=[32m"[object Object]"[31m
2026-10-06T01:07:09.6386889Z           [33mhidden[31m=[32m""[31m
2026-10-06T01:07:09.6387193Z           [33mpending[31m=[32m"0"[31m
2026-10-06T01:07:09.6387447Z         [36m>[31m
2026-10-06T01:07:09.6387656Z           [36m<input[31m
2026-10-06T01:07:09.6387937Z             [33mclass[31m=[32m"svelte-flvp99"[31m
2026-10-06T01:07:09.6388147Z             [33mtype[31m=[32m"hidden"[31m
2026-10-06T01:07:09.6388339Z             [33mvalue[31m=[32m""[31m
2026-10-06T01:07:09.6388554Z           [36m/>[31m
2026-10-06T01:07:09.6388770Z         [36m</form>[31m
2026-10-06T01:07:09.6388996Z         [0m [0m
2026-10-06T01:07:09.6389205Z         [90m<!---->[31m
2026-10-06T01:07:09.6389424Z         [0m [0m
2026-10-06T01:07:09.6389627Z         [90m<!---->[31m
2026-10-06T01:07:09.6389853Z         [90m<!---->[31m
2026-10-06T01:07:09.6390088Z         [90m<!---->[31m
2026-10-06T01:07:09.6390319Z       [36m</main>[31m
2026-10-06T01:07:09.6390532Z       [0m[0m
2026-10-06T01:07:09.6390727Z       [0m[0m
2026-10-06T01:07:09.6390928Z     [36m</div>[31m
2026-10-06T01:07:09.6391138Z   [36m</div>[31m
2026-10-06T01:07:09.6391360Z [36m</body>[31m[39m
2026-10-06T01:07:24.6363062Z  [31m×[39m [30m[43m chromium [49m[39m parity/emdash/default-seed-setup-runtime/source/packages/admin/tests/components/SetupWizard.test.tsx[2m > [22mSetupWizard[2m > [22mfilling title and clicking Next advances to admin step[33m 14988[2mms[22m[39m
2026-10-06T01:07:24.6365565Z [31m   → Cannot find element with locator: page.getByText('Set up your site')
2026-10-06T01:07:24.6365821Z 
2026-10-06T01:07:24.6365991Z [36m<body>[31m
2026-10-06T01:07:24.6366305Z   [0m
2026-10-06T01:07:24.6366462Z   
2026-10-06T01:07:24.6366555Z 
2026-10-06T01:07:24.6366638Z [0m
2026-10-06T01:07:24.6366818Z   [36m<div>[31m
2026-10-06T01:07:24.6367016Z     [36m<div>[31m
2026-10-06T01:07:24.6367218Z       [90m<!---->[31m
2026-10-06T01:07:24.6367430Z       [36m<main>[31m
2026-10-06T01:07:24.6367638Z         [36m<h1>[31m
2026-10-06T01:07:24.6367887Z           [0mSet up Sveltery CMS[0m
2026-10-06T01:07:24.6368142Z         [36m</h1>[31m
2026-10-06T01:07:24.6368628Z         [0m [0m
2026-10-06T01:07:24.6368843Z         [36m<p>[31m
2026-10-06T01:07:24.6369287Z           [0mCreate the first administrator account and save a passkey to sign in.[0m
2026-10-06T01:07:24.6369663Z         [36m</p>[31m
2026-10-06T01:07:24.6369865Z         [0m [0m
2026-10-06T01:07:24.6370080Z         [36m<noscript />[31m
2026-10-06T01:07:24.6370310Z         [0m [0m
2026-10-06T01:07:24.6370514Z         [36m<form>[31m
2026-10-06T01:07:24.6370750Z           [36m<label[31m
2026-10-06T01:07:24.6371048Z             [33mclass[31m=[32m"svelte-flvp99"[31m
2026-10-06T01:07:24.6371327Z           [36m>[31m
2026-10-06T01:07:24.6371540Z             [0mEmail [0m
2026-10-06T01:07:24.6371759Z             [36m<input[31m
2026-10-06T01:07:24.6372077Z               [33mautocomplete[31m=[32m"email"[31m
2026-10-06T01:07:24.6372427Z               [33mclass[31m=[32m"svelte-flvp99"[31m
2026-10-06T01:07:24.6372755Z               [33mrequired[31m=[32m""[31m
2026-10-06T01:07:24.6373084Z               [33mtype[31m=[32m"email"[31m
2026-10-06T01:07:24.6373355Z             [36m/>[31m
2026-10-06T01:07:24.6373587Z           [36m</label>[31m
2026-10-06T01:07:24.6373810Z           [0m [0m
2026-10-06T01:07:24.6374023Z           [36m<label[31m
2026-10-06T01:07:24.6374305Z             [33mclass[31m=[32m"svelte-flvp99"[31m
2026-10-06T01:07:24.6374581Z           [36m>[31m
2026-10-06T01:07:24.6374796Z             [0mName [0m
2026-10-06T01:07:24.6375203Z             [36m<input[31m
2026-10-06T01:07:24.6375494Z               [33mautocomplete[31m=[32m"name"[31m
2026-10-06T01:07:24.6375826Z               [33mclass[31m=[32m"svelte-flvp99"[31m
2026-10-06T01:07:24.6376137Z               [33mtype[31m=[32m"text"[31m
2026-10-06T01:07:24.6376617Z             [36m/>[31m
2026-10-06T01:07:24.6376844Z           [36m</label>[31m
2026-10-06T01:07:24.6377070Z           [0m [0m
2026-10-06T01:07:24.6377285Z           [36m<button[31m
2026-10-06T01:07:24.6377604Z             [33mclass[31m=[32m"svelte-flvp99"[31m
2026-10-06T01:07:24.6377875Z           [36m>[31m
2026-10-06T01:07:24.6378157Z             [0mCreate administrator and passkey[0m
2026-10-06T01:07:24.6378455Z           [36m</button>[31m
2026-10-06T01:07:24.6378680Z         [36m</form>[31m
2026-10-06T01:07:24.6378822Z         [0m [0m
2026-10-06T01:07:24.6378954Z         [36m<form[31m
2026-10-06T01:07:24.6379132Z           [33maria-hidden[31m=[32m"true"[31m
2026-10-06T01:07:24.6379352Z           [33mfields[31m=[32m"[object Object]"[31m
2026-10-06T01:07:24.6379552Z           [33mhidden[31m=[32m""[31m
2026-10-06T01:07:24.6379742Z           [33mpending[31m=[32m"0"[31m
2026-10-06T01:07:24.6379901Z         [36m>[31m
2026-10-06T01:07:24.6380038Z           [36m<input[31m
2026-10-06T01:07:24.6380226Z             [33mclass[31m=[32m"svelte-flvp99"[31m
2026-10-06T01:07:24.6380430Z             [33mtype[31m=[32m"hidden"[31m
2026-10-06T01:07:24.6380619Z             [33mvalue[31m=[32m""[31m
2026-10-06T01:07:24.6380783Z           [36m/>[31m
2026-10-06T01:07:24.6380919Z         [36m</form>[31m
2026-10-06T01:07:24.6381056Z         [0m [0m
2026-10-06T01:07:24.6381191Z         [90m<!---->[31m
2026-10-06T01:07:24.6381324Z         [0m [0m
2026-10-06T01:07:24.6381551Z         [90m<!---->[31m
2026-10-06T01:07:24.6381698Z         [90m<!---->[31m
2026-10-06T01:07:24.6381916Z         [90m<!---->[31m
2026-10-06T01:07:24.6382130Z       [36m</main>[31m
2026-10-06T01:07:24.6382333Z       [0m[0m
2026-10-06T01:07:24.6382520Z       [0m[0m
2026-10-06T01:07:24.6382817Z     [36m</div>[31m
2026-10-06T01:07:24.6383072Z   [36m</div>[31m
2026-10-06T01:07:24.6383424Z [36m</body>[31m[39m
2026-10-06T01:07:39.6355799Z  [31m×[39m [30m[43m chromium [49m[39m parity/emdash/default-seed-setup-runtime/source/packages/admin/tests/components/SetupWizard.test.tsx[2m > [22mSetupWizard[2m > [22mdoes not present media usage tracking as an onboarding choice[33m 15001[2mms[22m[39m
2026-10-06T01:07:39.6368066Z [31m   → Cannot find element with locator: page.getByText('Set up your site')
2026-10-06T01:07:39.6368431Z 
2026-10-06T01:07:39.6368598Z [36m<body>[31m
2026-10-06T01:07:39.6368820Z   [0m
2026-10-06T01:07:39.6369002Z   
2026-10-06T01:07:39.6369101Z 
2026-10-06T01:07:39.6369190Z [0m
2026-10-06T01:07:39.6369391Z   [36m<div>[31m
2026-10-06T01:07:39.6369616Z     [36m<div>[31m
2026-10-06T01:07:39.6369845Z       [90m<!---->[31m
2026-10-06T01:07:39.6370088Z       [36m<main>[31m
2026-10-06T01:07:39.6370317Z         [36m<h1>[31m
2026-10-06T01:07:39.6370595Z           [0mSet up Sveltery CMS[0m
2026-10-06T01:07:39.6370880Z         [36m</h1>[31m
2026-10-06T01:07:39.6371110Z         [0m [0m
2026-10-06T01:07:39.6371325Z         [36m<p>[31m
2026-10-06T01:07:39.6371773Z           [0mCreate the first administrator account and save a passkey to sign in.[0m
2026-10-06T01:07:39.6372194Z         [36m</p>[31m
2026-10-06T01:07:39.6372415Z         [0m [0m
2026-10-06T01:07:39.6372673Z         [36m<noscript />[31m
2026-10-06T01:07:39.6372921Z         [0m [0m
2026-10-06T01:07:39.6373135Z         [36m<form>[31m
2026-10-06T01:07:39.6373378Z           [36m<label[31m
2026-10-06T01:07:39.6373699Z             [33mclass[31m=[32m"svelte-flvp99"[31m
2026-10-06T01:07:39.6374000Z           [36m>[31m
2026-10-06T01:07:39.6374228Z             [0mEmail [0m
2026-10-06T01:07:39.6374483Z             [36m<input[31m
2026-10-06T01:07:39.6374806Z               [33mautocomplete[31m=[32m"email"[31m
2026-10-06T01:07:39.6375296Z               [33mclass[31m=[32m"svelte-flvp99"[31m
2026-10-06T01:07:39.6375657Z               [33mrequired[31m=[32m""[31m
2026-10-06T01:07:39.6375993Z               [33mtype[31m=[32m"email"[31m
2026-10-06T01:07:39.6376387Z             [36m/>[31m
2026-10-06T01:07:39.6376634Z           [36m</label>[31m
2026-10-06T01:07:39.6376872Z           [0m [0m
2026-10-06T01:07:39.6377095Z           [36m<label[31m
2026-10-06T01:07:39.6377411Z             [33mclass[31m=[32m"svelte-flvp99"[31m
2026-10-06T01:07:39.6377702Z           [36m>[31m
2026-10-06T01:07:39.6377930Z             [0mName [0m
2026-10-06T01:07:39.6378173Z             [36m<input[31m
2026-10-06T01:07:39.6378488Z               [33mautocomplete[31m=[32m"name"[31m
2026-10-06T01:07:39.6378856Z               [33mclass[31m=[32m"svelte-flvp99"[31m
2026-10-06T01:07:39.6379206Z               [33mtype[31m=[32m"text"[31m
2026-10-06T01:07:39.6379492Z             [36m/>[31m
2026-10-06T01:07:39.6379734Z           [36m</label>[31m
2026-10-06T01:07:39.6379972Z           [0m [0m
2026-10-06T01:07:39.6380202Z           [36m<button[31m
2026-10-06T01:07:39.6380515Z             [33mclass[31m=[32m"svelte-flvp99"[31m
2026-10-06T01:07:39.6380808Z           [36m>[31m
2026-10-06T01:07:39.6381109Z             [0mCreate administrator and passkey[0m
2026-10-06T01:07:39.6381421Z           [36m</button>[31m
2026-10-06T01:07:39.6381673Z         [36m</form>[31m
2026-10-06T01:07:39.6381901Z         [0m [0m
2026-10-06T01:07:39.6382126Z         [36m<form[31m
2026-10-06T01:07:39.6382418Z           [33maria-hidden[31m=[32m"true"[31m
2026-10-06T01:07:39.6382793Z           [33mfields[31m=[32m"[object Object]"[31m
2026-10-06T01:07:39.6383139Z           [33mhidden[31m=[32m""[31m
2026-10-06T01:07:39.6383457Z           [33mpending[31m=[32m"0"[31m
2026-10-06T01:07:39.6383731Z         [36m>[31m
2026-10-06T01:07:39.6383967Z           [36m<input[31m
2026-10-06T01:07:39.6384285Z             [33mclass[31m=[32m"svelte-flvp99"[31m
2026-10-06T01:07:39.6384638Z             [33mtype[31m=[32m"hidden"[31m
2026-10-06T01:07:39.6384960Z             [33mvalue[31m=[32m""[31m
2026-10-06T01:07:39.6385230Z           [36m/>[31m
2026-10-06T01:07:39.6385458Z         [36m</form>[31m
2026-10-06T01:07:39.6385689Z         [0m [0m
2026-10-06T01:07:39.6385932Z         [90m<!---->[31m
2026-10-06T01:07:39.6386159Z         [0m [0m
2026-10-06T01:07:39.6386467Z         [90m<!---->[31m
2026-10-06T01:07:39.6386839Z         [90m<!---->[31m
2026-10-06T01:07:39.6387073Z         [90m<!---->[31m
2026-10-06T01:07:39.6387306Z       [36m</main>[31m
2026-10-06T01:07:39.6387524Z       [0m[0m
2026-10-06T01:07:39.6387724Z       [0m[0m
2026-10-06T01:07:39.6387930Z     [36m</div>[31m
2026-10-06T01:07:39.6388153Z   [36m</div>[31m
2026-10-06T01:07:39.6388374Z [36m</body>[31m[39m
2026-10-06T01:07:54.6346989Z  [31m×[39m [30m[43m chromium [49m[39m parity/emdash/default-seed-setup-runtime/source/packages/admin/tests/components/SetupWizard.test.tsx[2m > [22mSetupWizard[2m > [22madmin step shows email input[33m 14997[2mms[22m[39m
2026-10-06T01:07:54.6349933Z [31m   → Cannot find element with locator: page.getByText('Set up your site')
2026-10-06T01:07:54.6350215Z 
2026-10-06T01:07:54.6350328Z [36m<body>[31m
2026-10-06T01:07:54.6350534Z   [0m
2026-10-06T01:07:54.6350704Z   
2026-10-06T01:07:54.6350796Z 
2026-10-06T01:07:54.6350886Z [0m
2026-10-06T01:07:54.6351079Z   [36m<div>[31m
2026-10-06T01:07:54.6351308Z     [36m<div>[31m
2026-10-06T01:07:54.6351528Z       [90m<!---->[31m
2026-10-06T01:07:54.6351746Z       [36m<main>[31m
2026-10-06T01:07:54.6351964Z         [36m<h1>[31m
2026-10-06T01:07:54.6352233Z           [0mSet up Sveltery CMS[0m
2026-10-06T01:07:54.6352508Z         [36m</h1>[31m
2026-10-06T01:07:54.6352724Z         [0m [0m
2026-10-06T01:07:54.6352933Z         [36m<p>[31m
2026-10-06T01:07:54.6353359Z           [0mCreate the first administrator account and save a passkey to sign in.[0m
2026-10-06T01:07:54.6354019Z         [36m</p>[31m
2026-10-06T01:07:54.6354227Z         [0m [0m
2026-10-06T01:07:54.6354468Z         [36m<noscript />[31m
2026-10-06T01:07:54.6354703Z         [0m [0m
2026-10-06T01:07:54.6354909Z         [36m<form>[31m
2026-10-06T01:07:54.6355145Z           [36m<label[31m
2026-10-06T01:07:54.6355450Z             [33mclass[31m=[32m"svelte-flvp99"[31m
2026-10-06T01:07:54.6355742Z           [36m>[31m
2026-10-06T01:07:54.6355972Z             [0mEmail [0m
2026-10-06T01:07:54.6356374Z             [36m<input[31m
2026-10-06T01:07:54.6356695Z               [33mautocomplete[31m=[32m"email"[31m
2026-10-06T01:07:54.6357065Z               [33mclass[31m=[32m"svelte-flvp99"[31m
2026-10-06T01:07:54.6357422Z               [33mrequired[31m=[32m""[31m
2026-10-06T01:07:54.6357756Z               [33mtype[31m=[32m"email"[31m
2026-10-06T01:07:54.6358028Z             [36m/>[31m
2026-10-06T01:07:54.6358259Z           [36m</label>[31m
2026-10-06T01:07:54.6358491Z           [0m [0m
2026-10-06T01:07:54.6358707Z           [36m<label[31m
2026-10-06T01:07:54.6359005Z             [33mclass[31m=[32m"svelte-flvp99"[31m
2026-10-06T01:07:54.6359286Z           [36m>[31m
2026-10-06T01:07:54.6359497Z             [0mName [0m
2026-10-06T01:07:54.6359726Z             [36m<input[31m
2026-10-06T01:07:54.6360017Z               [33mautocomplete[31m=[32m"name"[31m
2026-10-06T01:07:54.6360366Z               [33mclass[31m=[32m"svelte-flvp99"[31m
2026-10-06T01:07:54.6360704Z               [33mtype[31m=[32m"text"[31m
2026-10-06T01:07:54.6360974Z             [36m/>[31m
2026-10-06T01:07:54.6361201Z           [36m</label>[31m
2026-10-06T01:07:54.6361433Z           [0m [0m
2026-10-06T01:07:54.6361648Z           [36m<button[31m
2026-10-06T01:07:54.6361945Z             [33mclass[31m=[32m"svelte-flvp99"[31m
2026-10-06T01:07:54.6362226Z           [36m>[31m
2026-10-06T01:07:54.6362527Z             [0mCreate administrator and passkey[0m
2026-10-06T01:07:54.6362843Z           [36m</button>[31m
2026-10-06T01:07:54.6363074Z         [36m</form>[31m
2026-10-06T01:07:54.6363295Z         [0m [0m
2026-10-06T01:07:54.6363492Z         [36m<form[31m
2026-10-06T01:07:54.6363751Z           [33maria-hidden[31m=[32m"true"[31m
2026-10-06T01:07:54.6364092Z           [33mfields[31m=[32m"[object Object]"[31m
2026-10-06T01:07:54.6364388Z           [33mhidden[31m=[32m""[31m
2026-10-06T01:07:54.6364664Z           [33mpending[31m=[32m"0"[31m
2026-10-06T01:07:54.6365041Z         [36m>[31m
2026-10-06T01:07:54.6365240Z           [36m<input[31m
2026-10-06T01:07:54.6365514Z             [33mclass[31m=[32m"svelte-flvp99"[31m
2026-10-06T01:07:54.6365819Z             [33mtype[31m=[32m"hidden"[31m
2026-10-06T01:07:54.6366104Z             [33mvalue[31m=[32m""[31m
2026-10-06T01:07:54.6366438Z           [36m/>[31m
2026-10-06T01:07:54.6366656Z         [36m</form>[31m
2026-10-06T01:07:54.6366876Z         [0m [0m
2026-10-06T01:07:54.6367024Z         [90m<!---->[31m
2026-10-06T01:07:54.6367163Z         [0m [0m
2026-10-06T01:07:54.6367298Z         [90m<!---->[31m
2026-10-06T01:07:54.6367439Z         [90m<!---->[31m
2026-10-06T01:07:54.6367579Z         [90m<!---->[31m
2026-10-06T01:07:54.6367722Z       [36m</main>[31m
2026-10-06T01:07:54.6367887Z       [0m[0m
2026-10-06T01:07:54.6368076Z       [0m[0m
2026-10-06T01:07:54.6368261Z     [36m</div>[31m
2026-10-06T01:07:54.6368457Z   [36m</div>[31m
2026-10-06T01:07:54.6368648Z [36m</body>[31m[39m
2026-10-06T01:08:09.6350096Z  [31m×[39m [30m[43m chromium [49m[39m parity/emdash/default-seed-setup-runtime/source/packages/admin/tests/components/SetupWizard.test.tsx[2m > [22mSetupWizard[2m > [22mempty email prevents advancing on admin step[33m 15001[2mms[22m[39m
2026-10-06T01:08:09.6351411Z [31m   → Cannot find element with locator: page.getByText('Set up your site')
2026-10-06T01:08:09.6351702Z 
2026-10-06T01:08:09.6351812Z [36m<body>[31m
2026-10-06T01:08:09.6352345Z   [0m
2026-10-06T01:08:09.6352519Z   
2026-10-06T01:08:09.6352613Z 
2026-10-06T01:08:09.6352698Z [0m
2026-10-06T01:08:09.6352896Z   [36m<div>[31m
2026-10-06T01:08:09.6353109Z     [36m<div>[31m
2026-10-06T01:08:09.6353324Z       [90m<!---->[31m
2026-10-06T01:08:09.6353551Z       [36m<main>[31m
2026-10-06T01:08:09.6353771Z         [36m<h1>[31m
2026-10-06T01:08:09.6354038Z           [0mSet up Sveltery CMS[0m
2026-10-06T01:08:09.6354312Z         [36m</h1>[31m
2026-10-06T01:08:09.6354554Z         [0m [0m
2026-10-06T01:08:09.6354777Z         [36m<p>[31m
2026-10-06T01:08:09.6355206Z           [0mCreate the first administrator account and save a passkey to sign in.[0m
2026-10-06T01:08:09.6355592Z         [36m</p>[31m
2026-10-06T01:08:09.6355804Z         [0m [0m
2026-10-06T01:08:09.6356026Z         [36m<noscript />[31m
2026-10-06T01:08:09.6356447Z         [0m [0m
2026-10-06T01:08:09.6356650Z         [36m<form>[31m
2026-10-06T01:08:09.6356874Z           [36m<label[31m
2026-10-06T01:08:09.6357178Z             [33mclass[31m=[32m"svelte-flvp99"[31m
2026-10-06T01:08:09.6357449Z           [36m>[31m
2026-10-06T01:08:09.6357663Z             [0mEmail [0m
2026-10-06T01:08:09.6357909Z             [36m<input[31m
2026-10-06T01:08:09.6358237Z               [33mautocomplete[31m=[32m"email"[31m
2026-10-06T01:08:09.6358568Z               [33mclass[31m=[32m"svelte-flvp99"[31m
2026-10-06T01:08:09.6358887Z               [33mrequired[31m=[32m""[31m
2026-10-06T01:08:09.6359142Z               [33mtype[31m=[32m"email"[31m
2026-10-06T01:08:09.6359319Z             [36m/>[31m
2026-10-06T01:08:09.6359474Z           [36m</label>[31m
2026-10-06T01:08:09.6359666Z           [0m [0m
2026-10-06T01:08:09.6359874Z           [36m<label[31m
2026-10-06T01:08:09.6360168Z             [33mclass[31m=[32m"svelte-flvp99"[31m
2026-10-06T01:08:09.6360446Z           [36m>[31m
2026-10-06T01:08:09.6360591Z             [0mName [0m
2026-10-06T01:08:09.6360745Z             [36m<input[31m
2026-10-06T01:08:09.6360933Z               [33mautocomplete[31m=[32m"name"[31m
2026-10-06T01:08:09.6361151Z               [33mclass[31m=[32m"svelte-flvp99"[31m
2026-10-06T01:08:09.6361358Z               [33mtype[31m=[32m"text"[31m
2026-10-06T01:08:09.6361531Z             [36m/>[31m
2026-10-06T01:08:09.6361677Z           [36m</label>[31m
2026-10-06T01:08:09.6361820Z           [0m [0m
2026-10-06T01:08:09.6361960Z           [36m<button[31m
2026-10-06T01:08:09.6362283Z             [33mclass[31m=[32m"svelte-flvp99"[31m
2026-10-06T01:08:09.6362456Z           [36m>[31m
2026-10-06T01:08:09.6362638Z             [0mCreate administrator and passkey[0m
2026-10-06T01:08:09.6362827Z           [36m</button>[31m
2026-10-06T01:08:09.6362981Z         [36m</form>[31m
2026-10-06T01:08:09.6363121Z         [0m [0m
2026-10-06T01:08:09.6363256Z         [36m<form[31m
2026-10-06T01:08:09.6363429Z           [33maria-hidden[31m=[32m"true"[31m
2026-10-06T01:08:09.6363650Z           [33mfields[31m=[32m"[object Object]"[31m
2026-10-06T01:08:09.6363856Z           [33mhidden[31m=[32m""[31m
2026-10-06T01:08:09.6364044Z           [33mpending[31m=[32m"0"[31m
2026-10-06T01:08:09.6364203Z         [36m>[31m
2026-10-06T01:08:09.6364345Z           [36m<input[31m
2026-10-06T01:08:09.6364529Z             [33mclass[31m=[32m"svelte-flvp99"[31m
2026-10-06T01:08:09.6364733Z             [33mtype[31m=[32m"hidden"[31m
2026-10-06T01:08:09.6364927Z             [33mvalue[31m=[32m""[31m
2026-10-06T01:08:09.6365092Z           [36m/>[31m
2026-10-06T01:08:09.6365231Z         [36m</form>[31m
2026-10-06T01:08:09.6365437Z         [0m [0m
2026-10-06T01:08:09.6365641Z         [90m<!---->[31m
2026-10-06T01:08:09.6365848Z         [0m [0m
2026-10-06T01:08:09.6366022Z         [90m<!---->[31m
2026-10-06T01:08:09.6366304Z         [90m<!---->[31m
2026-10-06T01:08:09.6366475Z         [90m<!---->[31m
2026-10-06T01:08:09.6366694Z       [36m</main>[31m
2026-10-06T01:08:09.6367031Z       [0m[0m
2026-10-06T01:08:09.6367199Z       [0m[0m
2026-10-06T01:08:09.6367404Z     [36m</div>[31m
2026-10-06T01:08:09.6367611Z   [36m</div>[31m
2026-10-06T01:08:09.6367836Z [36m</body>[31m[39m
2026-10-06T01:08:09.7385335Z  [31m×[39m [30m[43m chromium [49m[39m parity/emdash/default-seed-setup-runtime/source/packages/admin/tests/components/SetupWizard.test.tsx[2m > [22mSetupWizard[2m > [22mstep indicator shows three steps[33m 14998[2mms[22m[39m
2026-10-06T01:08:09.7386576Z [31m   → Cannot find element with locator: page.getByText('Set up your site')
2026-10-06T01:08:09.7386757Z 
2026-10-06T01:08:09.7386827Z [36m<body>[31m
2026-10-06T01:08:09.7387006Z   [0m
2026-10-06T01:08:09.7387172Z   
2026-10-06T01:08:09.7387232Z 
2026-10-06T01:08:09.7387294Z [0m
2026-10-06T01:08:09.7387417Z   [36m<div>[31m
2026-10-06T01:08:09.7387553Z     [36m<div>[31m
2026-10-06T01:08:09.7387691Z       [90m<!---->[31m
2026-10-06T01:08:09.7387832Z       [36m<main>[31m
2026-10-06T01:08:09.7387986Z         [36m<h1>[31m
2026-10-06T01:08:09.7388151Z           [0mSet up Sveltery CMS[0m
2026-10-06T01:08:09.7388318Z         [36m</h1>[31m
2026-10-06T01:08:09.7388458Z         [0m [0m
2026-10-06T01:08:09.7388588Z         [36m<p>[31m
2026-10-06T01:08:09.7388849Z           [0mCreate the first administrator account and save a passkey to sign in.[0m
2026-10-06T01:08:09.7389092Z         [36m</p>[31m
2026-10-06T01:08:09.7389225Z         [0m [0m
2026-10-06T01:08:09.7389376Z         [36m<noscript />[31m
2026-10-06T01:08:09.7389528Z         [0m [0m
2026-10-06T01:08:09.7389664Z         [36m<form>[31m
2026-10-06T01:08:09.7389816Z           [36m<label[31m
2026-10-06T01:08:09.7390013Z             [33mclass[31m=[32m"svelte-flvp99"[31m
2026-10-06T01:08:09.7390197Z           [36m>[31m
2026-10-06T01:08:09.7390336Z             [0mEmail [0m
2026-10-06T01:08:09.7390490Z             [36m<input[31m
2026-10-06T01:08:09.7390686Z               [33mautocomplete[31m=[32m"email"[31m
2026-10-06T01:08:09.7390910Z               [33mclass[31m=[32m"svelte-flvp99"[31m
2026-10-06T01:08:09.7391119Z               [33mrequired[31m=[32m""[31m
2026-10-06T01:08:09.7391320Z               [33mtype[31m=[32m"email"[31m
2026-10-06T01:08:09.7391492Z             [36m/>[31m
2026-10-06T01:08:09.7391642Z           [36m</label>[31m
2026-10-06T01:08:09.7391785Z           [0m [0m
2026-10-06T01:08:09.7391925Z           [36m<label[31m
2026-10-06T01:08:09.7392109Z             [33mclass[31m=[32m"svelte-flvp99"[31m
2026-10-06T01:08:09.7392548Z           [36m>[31m
2026-10-06T01:08:09.7392691Z             [0mName [0m
2026-10-06T01:08:09.7392839Z             [36m<input[31m
2026-10-06T01:08:09.7393023Z               [33mautocomplete[31m=[32m"name"[31m
2026-10-06T01:08:09.7393241Z               [33mclass[31m=[32m"svelte-flvp99"[31m
2026-10-06T01:08:09.7393446Z               [33mtype[31m=[32m"text"[31m
2026-10-06T01:08:09.7393613Z             [36m/>[31m
2026-10-06T01:08:09.7393761Z           [36m</label>[31m
2026-10-06T01:08:09.7393908Z           [0m [0m
2026-10-06T01:08:09.7394047Z           [36m<button[31m
2026-10-06T01:08:09.7394233Z             [33mclass[31m=[32m"svelte-flvp99"[31m
2026-10-06T01:08:09.7394406Z           [36m>[31m
2026-10-06T01:08:09.7394585Z             [0mCreate administrator and passkey[0m
2026-10-06T01:08:09.7394769Z           [36m</button>[31m
2026-10-06T01:08:09.7394927Z         [36m</form>[31m
2026-10-06T01:08:09.7395066Z         [0m [0m
2026-10-06T01:08:09.7395196Z         [36m<form[31m
2026-10-06T01:08:09.7395379Z           [33maria-hidden[31m=[32m"true"[31m
2026-10-06T01:08:09.7395592Z           [33mfields[31m=[32m"[object Object]"[31m
2026-10-06T01:08:09.7395850Z           [33mhidden[31m=[32m""[31m
2026-10-06T01:08:09.7396292Z           [33mpending[31m=[32m"0"[31m
2026-10-06T01:08:09.7396532Z         [36m>[31m
2026-10-06T01:08:09.7396734Z           [36m<input[31m
2026-10-06T01:08:09.7397034Z             [33mclass[31m=[32m"svelte-flvp99"[31m
2026-10-06T01:08:09.7397458Z             [33mtype[31m=[32m"hidden"[31m
2026-10-06T01:08:09.7397752Z             [33mvalue[31m=[32m""[31m
2026-10-06T01:08:09.7398014Z           [36m/>[31m
2026-10-06T01:08:09.7398221Z         [36m</form>[31m
2026-10-06T01:08:09.7398426Z         [0m [0m
2026-10-06T01:08:09.7398631Z         [90m<!---->[31m
2026-10-06T01:08:09.7398779Z         [0m [0m
2026-10-06T01:08:09.7398911Z         [90m<!---->[31m
2026-10-06T01:08:09.7399053Z         [90m<!---->[31m
2026-10-06T01:08:09.7399206Z         [90m<!---->[31m
2026-10-06T01:08:09.7399514Z       [36m</main>[31m
2026-10-06T01:08:09.7399711Z       [0m[0m
2026-10-06T01:08:09.7399893Z       [0m[0m
2026-10-06T01:08:09.7400079Z     [36m</div>[31m
2026-10-06T01:08:09.7400276Z   [36m</div>[31m
2026-10-06T01:08:09.7400486Z [36m</body>[31m[39m
2026-10-06T01:08:24.7208722Z  [31m×[39m [30m[43m chromium [49m[39m parity/emdash/default-seed-setup-runtime/source/packages/admin/tests/components/SetupWizard.test.tsx[2m > [22mSetupWizard[2m > [22mprefills title and tagline from seedInfo[33m 14980[2mms[22m[39m
2026-10-06T01:08:24.7210194Z [31m   → Cannot find element with locator: page.getByText('Set up your site')
2026-10-06T01:08:24.7210516Z 
2026-10-06T01:08:24.7212327Z [36m<body>[31m
2026-10-06T01:08:24.7212782Z   [0m
2026-10-06T01:08:24.7213047Z   
2026-10-06T01:08:24.7213238Z 
2026-10-06T01:08:24.7213413Z [0m
2026-10-06T01:08:24.7213684Z   [36m<div>[31m
2026-10-06T01:08:24.7213985Z     [36m<div>[31m
2026-10-06T01:08:24.7214309Z       [90m<!---->[31m
2026-10-06T01:08:24.7214620Z       [36m<main>[31m
2026-10-06T01:08:24.7214930Z         [36m<h1>[31m
2026-10-06T01:08:24.7215290Z           [0mSet up Sveltery CMS[0m
2026-10-06T01:08:24.7215646Z         [36m</h1>[31m
2026-10-06T01:08:24.7215963Z         [0m [0m
2026-10-06T01:08:24.7216392Z         [36m<p>[31m
2026-10-06T01:08:24.7216930Z           [0mCreate the first administrator account and save a passkey to sign in.[0m
2026-10-06T01:08:24.7217419Z         [36m</p>[31m
2026-10-06T01:08:24.7217725Z         [0m [0m
2026-10-06T01:08:24.7218057Z         [36m<noscript />[31m
2026-10-06T01:08:24.7218388Z         [0m [0m
2026-10-06T01:08:24.7218690Z         [36m<form>[31m
2026-10-06T01:08:24.7219023Z           [36m<label[31m
2026-10-06T01:08:24.7219431Z             [33mclass[31m=[32m"svelte-flvp99"[31m
2026-10-06T01:08:24.7219820Z           [36m>[31m
2026-10-06T01:08:24.7220142Z             [0mEmail [0m
2026-10-06T01:08:24.7220906Z             [36m<input[31m
2026-10-06T01:08:24.7221332Z               [33mautocomplete[31m=[32m"email"[31m
2026-10-06T01:08:24.7221795Z               [33mclass[31m=[32m"svelte-flvp99"[31m
2026-10-06T01:08:24.7222241Z               [33mrequired[31m=[32m""[31m
2026-10-06T01:08:24.7222733Z               [33mtype[31m=[32m"email"[31m
2026-10-06T01:08:24.7223106Z             [36m/>[31m
2026-10-06T01:08:24.7223442Z           [36m</label>[31m
2026-10-06T01:08:24.7223772Z           [0m [0m
2026-10-06T01:08:24.7224081Z           [36m<label[31m
2026-10-06T01:08:24.7224476Z             [33mclass[31m=[32m"svelte-flvp99"[31m
2026-10-06T01:08:24.7224858Z           [36m>[31m
2026-10-06T01:08:24.7225176Z             [0mName [0m
2026-10-06T01:08:24.7225507Z             [36m<input[31m
2026-10-06T01:08:24.7225913Z               [33mautocomplete[31m=[32m"name"[31m
2026-10-06T01:08:24.7226523Z               [33mclass[31m=[32m"svelte-flvp99"[31m
2026-10-06T01:08:24.7226964Z               [33mtype[31m=[32m"text"[31m
2026-10-06T01:08:24.7227340Z             [36m/>[31m
2026-10-06T01:08:24.7227676Z           [36m</label>[31m
2026-10-06T01:08:24.7227999Z           [0m [0m
2026-10-06T01:08:24.7228313Z           [36m<button[31m
2026-10-06T01:08:24.7228723Z             [33mclass[31m=[32m"svelte-flvp99"[31m
2026-10-06T01:08:24.7229107Z           [36m>[31m
2026-10-06T01:08:24.7229495Z             [0mCreate administrator and passkey[0m
2026-10-06T01:08:24.7230049Z           [36m</button>[31m
2026-10-06T01:08:24.7230378Z         [36m</form>[31m
2026-10-06T01:08:24.7230688Z         [0m [0m
2026-10-06T01:08:24.7230991Z         [36m<form[31m
2026-10-06T01:08:24.7231364Z           [33maria-hidden[31m=[32m"true"[31m
2026-10-06T01:08:24.7231806Z           [33mfields[31m=[32m"[object Object]"[31m
2026-10-06T01:08:24.7232231Z           [33mhidden[31m=[32m""[31m
2026-10-06T01:08:24.7232625Z           [33mpending[31m=[32m"0"[31m
2026-10-06T01:08:24.7232980Z         [36m>[31m
2026-10-06T01:08:24.7233293Z           [36m<input[31m
2026-10-06T01:08:24.7233684Z             [33mclass[31m=[32m"svelte-flvp99"[31m
2026-10-06T01:08:24.7234115Z             [33mtype[31m=[32m"hidden"[31m
2026-10-06T01:08:24.7234514Z             [33mvalue[31m=[32m""[31m
2026-10-06T01:08:24.7234865Z           [36m/>[31m
2026-10-06T01:08:24.7235181Z         [36m</form>[31m
2026-10-06T01:08:24.7235492Z         [0m [0m
2026-10-06T01:08:24.7235803Z         [90m<!---->[31m
2026-10-06T01:08:24.7236115Z         [0m [0m
2026-10-06T01:08:24.7236519Z         [90m<!---->[31m
2026-10-06T01:08:24.7236968Z         [90m<!---->[31m
2026-10-06T01:08:24.7237438Z         [90m<!---->[31m
2026-10-06T01:08:24.7237634Z       [36m</main>[31m
2026-10-06T01:08:24.7237785Z       [0m[0m
2026-10-06T01:08:24.7237918Z       [0m[0m
2026-10-06T01:08:24.7238050Z     [36m</div>[31m
2026-10-06T01:08:24.7238191Z   [36m</div>[31m
2026-10-06T01:08:24.7238341Z [36m</body>[31m[39m
2026-10-06T01:08:54.6222503Z  [31m×[39m [30m[43m chromium [49m[39m parity/emdash/default-seed-setup-runtime/source/packages/admin/tests/components/SetupWizard.test.tsx[2m > [22mSetupWizard[2m > [22muses empty string for title and tagline when not in seedInfo[33m 14999[2mms[22m[39m
2026-10-06T01:08:54.6223466Z [31m   → Cannot find element with locator: page.getByText('Set up your site')
2026-10-06T01:08:54.6223645Z 
2026-10-06T01:08:54.6223725Z [36m<body>[31m
2026-10-06T01:08:54.6223877Z   [0m
2026-10-06T01:08:54.6223995Z   
2026-10-06T01:08:54.6224056Z 
2026-10-06T01:08:54.6224115Z [0m
2026-10-06T01:08:54.6224240Z   [36m<div>[31m
2026-10-06T01:08:54.6224377Z     [36m<div>[31m
2026-10-06T01:08:54.6224522Z       [90m<!---->[31m
2026-10-06T01:08:54.6224667Z       [36m<main>[31m
2026-10-06T01:08:54.6224809Z         [36m<h1>[31m
2026-10-06T01:08:54.6224984Z           [0mSet up Sveltery CMS[0m
2026-10-06T01:08:54.6225269Z         [36m</h1>[31m
2026-10-06T01:08:54.6225481Z         [0m [0m
2026-10-06T01:08:54.6226117Z         [36m<p>[31m
2026-10-06T01:08:54.6226671Z           [0mCreate the first administrator account and save a passkey to sign in.[0m
2026-10-06T01:08:54.6227079Z         [36m</p>[31m
2026-10-06T01:08:54.6227305Z         [0m [0m
2026-10-06T01:08:54.6227550Z         [36m<noscript />[31m
2026-10-06T01:08:54.6227748Z         [0m [0m
2026-10-06T01:08:54.6227912Z         [36m<form>[31m
2026-10-06T01:08:54.6228139Z           [36m<label[31m
2026-10-06T01:08:54.6228456Z             [33mclass[31m=[32m"svelte-flvp99"[31m
2026-10-06T01:08:54.6228705Z           [36m>[31m
2026-10-06T01:08:54.6228852Z             [0mEmail [0m
2026-10-06T01:08:54.6229011Z             [36m<input[31m
2026-10-06T01:08:54.6229322Z               [33mautocomplete[31m=[32m"email"[31m
2026-10-06T01:08:54.6229675Z               [33mclass[31m=[32m"svelte-flvp99"[31m
2026-10-06T01:08:54.6230007Z               [33mrequired[31m=[32m""[31m
2026-10-06T01:08:54.6230307Z               [33mtype[31m=[32m"email"[31m
2026-10-06T01:08:54.6230566Z             [36m/>[31m
2026-10-06T01:08:54.6230825Z           [36m</label>[31m
2026-10-06T01:08:54.6231091Z           [0m [0m
2026-10-06T01:08:54.6231331Z           [36m<label[31m
2026-10-06T01:08:54.6231665Z             [33mclass[31m=[32m"svelte-flvp99"[31m
2026-10-06T01:08:54.6231943Z           [36m>[31m
2026-10-06T01:08:54.6232158Z             [0mName [0m
2026-10-06T01:08:54.6232398Z             [36m<input[31m
2026-10-06T01:08:54.6232888Z               [33mautocomplete[31m=[32m"name"[31m
2026-10-06T01:08:54.6233243Z               [33mclass[31m=[32m"svelte-flvp99"[31m
2026-10-06T01:08:54.6233582Z               [33mtype[31m=[32m"text"[31m
2026-10-06T01:08:54.6233856Z             [36m/>[31m
2026-10-06T01:08:54.6234087Z           [36m</label>[31m
2026-10-06T01:08:54.6234331Z           [0m [0m
2026-10-06T01:08:54.6234544Z           [36m<button[31m
2026-10-06T01:08:54.6234830Z             [33mclass[31m=[32m"svelte-flvp99"[31m
2026-10-06T01:08:54.6235102Z           [36m>[31m
2026-10-06T01:08:54.6235373Z             [0mCreate administrator and passkey[0m
2026-10-06T01:08:54.6235678Z           [36m</button>[31m
2026-10-06T01:08:54.6235922Z         [36m</form>[31m
2026-10-06T01:08:54.6236139Z         [0m [0m
2026-10-06T01:08:54.6236662Z         [36m<form[31m
2026-10-06T01:08:54.6236937Z           [33maria-hidden[31m=[32m"true"[31m
2026-10-06T01:08:54.6237274Z           [33mfields[31m=[32m"[object Object]"[31m
2026-10-06T01:08:54.6237601Z           [33mhidden[31m=[32m""[31m
2026-10-06T01:08:54.6237900Z           [33mpending[31m=[32m"0"[31m
2026-10-06T01:08:54.6238151Z         [36m>[31m
2026-10-06T01:08:54.6238368Z           [36m<input[31m
2026-10-06T01:08:54.6238659Z             [33mclass[31m=[32m"svelte-flvp99"[31m
2026-10-06T01:08:54.6238993Z             [33mtype[31m=[32m"hidden"[31m
2026-10-06T01:08:54.6239285Z             [33mvalue[31m=[32m""[31m
2026-10-06T01:08:54.6239535Z           [36m/>[31m
2026-10-06T01:08:54.6239754Z         [36m</form>[31m
2026-10-06T01:08:54.6239969Z         [0m [0m
2026-10-06T01:08:54.6240174Z         [90m<!---->[31m
2026-10-06T01:08:54.6240398Z         [0m [0m
2026-10-06T01:08:54.6240606Z         [90m<!---->[31m
2026-10-06T01:08:54.6240835Z         [90m<!---->[31m
2026-10-06T01:08:54.6241064Z         [90m<!---->[31m
2026-10-06T01:08:54.6241283Z       [36m</main>[31m
2026-10-06T01:08:54.6241495Z       [0m[0m
2026-10-06T01:08:54.6241693Z       [0m[0m
2026-10-06T01:08:54.6241896Z     [36m</div>[31m
2026-10-06T01:08:54.6242106Z   [36m</div>[31m
2026-10-06T01:08:54.6242326Z [36m</body>[31m[39m
2026-10-06T01:08:54.7317348Z  [31m×[39m [30m[43m chromium [49m[39m parity/emdash/default-seed-setup-runtime/source/packages/admin/tests/components/SetupWizard.test.tsx[2m > [22mSetupWizard[2m > [22mprefilled title can be edited and submitted[33m 15014[2mms[22m[39m
2026-10-06T01:08:54.7318882Z [31m   → Cannot find element with locator: page.getByText('Set up your site')
2026-10-06T01:08:54.7319162Z 
2026-10-06T01:08:54.7319305Z [36m<body>[31m
2026-10-06T01:08:54.7319526Z   [0m
2026-10-06T01:08:54.7319695Z   
2026-10-06T01:08:54.7319788Z 
2026-10-06T01:08:54.7319847Z [0m
2026-10-06T01:08:54.7319976Z   [36m<div>[31m
2026-10-06T01:08:54.7320117Z     [36m<div>[31m
2026-10-06T01:08:54.7320261Z       [90m<!---->[31m
2026-10-06T01:08:54.7320408Z       [36m<main>[31m
2026-10-06T01:08:54.7320550Z         [36m<h1>[31m
2026-10-06T01:08:54.7320741Z           [0mSet up Sveltery CMS[0m
2026-10-06T01:08:54.7320917Z         [36m</h1>[31m
2026-10-06T01:08:54.7321058Z         [0m [0m
2026-10-06T01:08:54.7321193Z         [36m<p>[31m
2026-10-06T01:08:54.7321464Z           [0mCreate the first administrator account and save a passkey to sign in.[0m
2026-10-06T01:08:54.7321714Z         [36m</p>[31m
2026-10-06T01:08:54.7321850Z         [0m [0m
2026-10-06T01:08:54.7322010Z         [36m<noscript />[31m
2026-10-06T01:08:54.7322163Z         [0m [0m
2026-10-06T01:08:54.7322308Z         [36m<form>[31m
2026-10-06T01:08:54.7322468Z           [36m<label[31m
2026-10-06T01:08:54.7322666Z             [33mclass[31m=[32m"svelte-flvp99"[31m
2026-10-06T01:08:54.7322851Z           [36m>[31m
2026-10-06T01:08:54.7322994Z             [0mEmail [0m
2026-10-06T01:08:54.7323155Z             [36m<input[31m
2026-10-06T01:08:54.7323355Z               [33mautocomplete[31m=[32m"email"[31m
2026-10-06T01:08:54.7323678Z               [33mclass[31m=[32m"svelte-flvp99"[31m
2026-10-06T01:08:54.7323895Z               [33mrequired[31m=[32m""[31m
2026-10-06T01:08:54.7324100Z               [33mtype[31m=[32m"email"[31m
2026-10-06T01:08:54.7324277Z             [36m/>[31m
2026-10-06T01:08:54.7324432Z           [36m</label>[31m
2026-10-06T01:08:54.7324582Z           [0m [0m
2026-10-06T01:08:54.7324722Z           [36m<label[31m
2026-10-06T01:08:54.7324915Z             [33mclass[31m=[32m"svelte-flvp99"[31m
2026-10-06T01:08:54.7325100Z           [36m>[31m
2026-10-06T01:08:54.7325244Z             [0mName [0m
2026-10-06T01:08:54.7325400Z             [36m<input[31m
2026-10-06T01:08:54.7325591Z               [33mautocomplete[31m=[32m"name"[31m
2026-10-06T01:08:54.7325816Z               [33mclass[31m=[32m"svelte-flvp99"[31m
2026-10-06T01:08:54.7326030Z               [33mtype[31m=[32m"text"[31m
2026-10-06T01:08:54.7326339Z             [36m/>[31m
2026-10-06T01:08:54.7326491Z           [36m</label>[31m
2026-10-06T01:08:54.7326643Z           [0m [0m
2026-10-06T01:08:54.7326790Z           [36m<button[31m
2026-10-06T01:08:54.7326984Z             [33mclass[31m=[32m"svelte-flvp99"[31m
2026-10-06T01:08:54.7327160Z           [36m>[31m
2026-10-06T01:08:54.7327346Z             [0mCreate administrator and passkey[0m
2026-10-06T01:08:54.7327535Z           [36m</button>[31m
2026-10-06T01:08:54.7327693Z         [36m</form>[31m
2026-10-06T01:08:54.7327838Z         [0m [0m
2026-10-06T01:08:54.7327972Z         [36m<form[31m
2026-10-06T01:08:54.7328151Z           [33maria-hidden[31m=[32m"true"[31m
2026-10-06T01:08:54.7328374Z           [33mfields[31m=[32m"[object Object]"[31m
2026-10-06T01:08:54.7328580Z           [33mhidden[31m=[32m""[31m
2026-10-06T01:08:54.7328773Z           [33mpending[31m=[32m"0"[31m
2026-10-06T01:08:54.7328936Z         [36m>[31m
2026-10-06T01:08:54.7329078Z           [36m<input[31m
2026-10-06T01:08:54.7329267Z             [33mclass[31m=[32m"svelte-flvp99"[31m
2026-10-06T01:08:54.7329480Z             [33mtype[31m=[32m"hidden"[31m
2026-10-06T01:08:54.7329678Z             [33mvalue[31m=[32m""[31m
2026-10-06T01:08:54.7329842Z           [36m/>[31m
2026-10-06T01:08:54.7329988Z         [36m</form>[31m
2026-10-06T01:08:54.7330132Z         [0m [0m
2026-10-06T01:08:54.7330270Z         [90m<!---->[31m
2026-10-06T01:08:54.7330410Z         [0m [0m
2026-10-06T01:08:54.7330547Z         [90m<!---->[31m
2026-10-06T01:08:54.7330693Z         [90m<!---->[31m
2026-10-06T01:08:54.7330882Z         [90m<!---->[31m
2026-10-06T01:08:54.7331027Z       [36m</main>[31m
2026-10-06T01:08:54.7331171Z       [0m[0m
2026-10-06T01:08:54.7331297Z       [0m[0m
2026-10-06T01:08:54.7331427Z     [36m</div>[31m
2026-10-06T01:08:54.7331568Z   [36m</div>[31m
2026-10-06T01:08:54.7331710Z [36m</body>[31m[39m
2026-10-06T01:09:24.6364126Z  [31m×[39m [30m[43m chromium [49m[39m parity/emdash/default-seed-setup-runtime/source/packages/admin/tests/components/SetupWizard.test.tsx[2m > [22mSetupWizard[2m > [22mstarting from a site package[2m > [22moffers import alongside sample content and an empty site[33m 15018[2mms[22m[39m
2026-10-06T01:09:24.6365206Z [31m   → Cannot find element with locator: page.getByText('Set up your site')
2026-10-06T01:09:24.6365396Z 
2026-10-06T01:09:24.6365471Z [36m<body>[31m
2026-10-06T01:09:24.6365608Z   [0m
2026-10-06T01:09:24.6365725Z   
2026-10-06T01:09:24.6365789Z 
2026-10-06T01:09:24.6365852Z [0m
2026-10-06T01:09:24.6365981Z   [36m<div>[31m
2026-10-06T01:09:24.6366133Z     [36m<div>[31m
2026-10-06T01:09:24.6366512Z       [90m<!---->[31m
2026-10-06T01:09:24.6366722Z       [36m<main>[31m
2026-10-06T01:09:24.6366927Z         [36m<h1>[31m
2026-10-06T01:09:24.6367188Z           [0mSet up Sveltery CMS[0m
2026-10-06T01:09:24.6367446Z         [36m</h1>[31m
2026-10-06T01:09:24.6367592Z         [0m [0m
2026-10-06T01:09:24.6367728Z         [36m<p>[31m
2026-10-06T01:09:24.6368079Z           [0mCreate the first administrator account and save a passkey to sign in.[0m
2026-10-06T01:09:24.6368773Z         [36m</p>[31m
2026-10-06T01:09:24.6368983Z         [0m [0m
2026-10-06T01:09:24.6369187Z         [36m<noscript />[31m
2026-10-06T01:09:24.6369395Z         [0m [0m
2026-10-06T01:09:24.6369602Z         [36m<form>[31m
2026-10-06T01:09:24.6369827Z           [36m<label[31m
2026-10-06T01:09:24.6370117Z             [33mclass[31m=[32m"svelte-flvp99"[31m
2026-10-06T01:09:24.6370378Z           [36m>[31m
2026-10-06T01:09:24.6370585Z             [0mEmail [0m
2026-10-06T01:09:24.6370818Z             [36m<input[31m
2026-10-06T01:09:24.6371107Z               [33mautocomplete[31m=[32m"email"[31m
2026-10-06T01:09:24.6371446Z               [33mclass[31m=[32m"svelte-flvp99"[31m
2026-10-06T01:09:24.6371776Z               [33mrequired[31m=[32m""[31m
2026-10-06T01:09:24.6372120Z               [33mtype[31m=[32m"email"[31m
2026-10-06T01:09:24.6372395Z             [36m/>[31m
2026-10-06T01:09:24.6372633Z           [36m</label>[31m
2026-10-06T01:09:24.6372894Z           [0m [0m
2026-10-06T01:09:24.6373120Z           [36m<label[31m
2026-10-06T01:09:24.6373454Z             [33mclass[31m=[32m"svelte-flvp99"[31m
2026-10-06T01:09:24.6373719Z           [36m>[31m
2026-10-06T01:09:24.6373938Z             [0mName [0m
2026-10-06T01:09:24.6374169Z             [36m<input[31m
2026-10-06T01:09:24.6374499Z               [33mautocomplete[31m=[32m"name"[31m
2026-10-06T01:09:24.6374838Z               [33mclass[31m=[32m"svelte-flvp99"[31m
2026-10-06T01:09:24.6375161Z               [33mtype[31m=[32m"text"[31m
2026-10-06T01:09:24.6375424Z             [36m/>[31m
2026-10-06T01:09:24.6375655Z           [36m</label>[31m
2026-10-06T01:09:24.6375884Z           [0m [0m
2026-10-06T01:09:24.6376118Z           [36m<button[31m
2026-10-06T01:09:24.6376584Z             [33mclass[31m=[32m"svelte-flvp99"[31m
2026-10-06T01:09:24.6416644Z           [36m>[31m
2026-10-06T01:09:24.6417075Z             [0mCreate administrator and passkey[0m
2026-10-06T01:09:24.6417410Z           [36m</button>[31m
2026-10-06T01:09:24.6417668Z         [36m</form>[31m
2026-10-06T01:09:24.6417893Z         [0m [0m
2026-10-06T01:09:24.6418101Z         [36m<form[31m
2026-10-06T01:09:24.6418383Z           [33maria-hidden[31m=[32m"true"[31m
2026-10-06T01:09:24.6418744Z           [33mfields[31m=[32m"[object Object]"[31m
2026-10-06T01:09:24.6419086Z           [33mhidden[31m=[32m""[31m
2026-10-06T01:09:24.6419404Z           [33mpending[31m=[32m"0"[31m
2026-10-06T01:09:24.6419882Z         [36m>[31m
2026-10-06T01:09:24.6420109Z           [36m<input[31m
2026-10-06T01:09:24.6420421Z             [33mclass[31m=[32m"svelte-flvp99"[31m
2026-10-06T01:09:24.6420771Z             [33mtype[31m=[32m"hidden"[31m
2026-10-06T01:09:24.6421089Z             [33mvalue[31m=[32m""[31m
2026-10-06T01:09:24.6421350Z           [36m/>[31m
2026-10-06T01:09:24.6421583Z         [36m</form>[31m
2026-10-06T01:09:24.6421805Z         [0m [0m
2026-10-06T01:09:24.6422031Z         [90m<!---->[31m
2026-10-06T01:09:24.6422251Z         [0m [0m
2026-10-06T01:09:24.6422460Z         [90m<!---->[31m
2026-10-06T01:09:24.6422690Z         [90m<!---->[31m
2026-10-06T01:09:24.6422917Z         [90m<!---->[31m
2026-10-06T01:09:24.6423138Z       [36m</main>[31m
2026-10-06T01:09:24.6423353Z       [0m[0m
2026-10-06T01:09:24.6423549Z       [0m[0m
2026-10-06T01:09:24.6423755Z     [36m</div>[31m
2026-10-06T01:09:24.6423967Z   [36m</div>[31m
2026-10-06T01:09:24.6424195Z [36m</body>[31m[39m
2026-10-06T01:09:24.7466330Z  [31m×[39m [30m[43m chromium [49m[39m parity/emdash/default-seed-setup-runtime/source/packages/admin/tests/components/SetupWizard.test.tsx[2m > [22mSetupWizard[2m > [22mstarting from a site package[2m > [22mskips sample content and lands on the Transfer import after signing in[33m 14997[2mms[22m[39m
2026-10-06T01:09:24.7467445Z [31m   → Cannot find element with locator: page.getByText('Set up your site')
2026-10-06T01:09:24.7468086Z 
2026-10-06T01:09:24.7468228Z [36m<body>[31m
2026-10-06T01:09:24.7468436Z   [0m
2026-10-06T01:09:24.7468610Z   
2026-10-06T01:09:24.7468700Z 
2026-10-06T01:09:24.7468792Z [0m
2026-10-06T01:09:24.7468989Z   [36m<div>[31m
2026-10-06T01:09:24.7469144Z     [36m<div>[31m
2026-10-06T01:09:24.7469288Z       [90m<!---->[31m
2026-10-06T01:09:24.7469435Z       [36m<main>[31m
2026-10-06T01:09:24.7469580Z         [36m<h1>[31m
2026-10-06T01:09:24.7469756Z           [0mSet up Sveltery CMS[0m
2026-10-06T01:09:24.7469941Z         [36m</h1>[31m
2026-10-06T01:09:24.7470083Z         [0m [0m
2026-10-06T01:09:24.7470221Z         [36m<p>[31m
2026-10-06T01:09:24.7470489Z           [0mCreate the first administrator account and save a passkey to sign in.[0m
2026-10-06T01:09:24.7470737Z         [36m</p>[31m
2026-10-06T01:09:24.7470876Z         [0m [0m
2026-10-06T01:09:24.7471028Z         [36m<noscript />[31m
2026-10-06T01:09:24.7471181Z         [0m [0m
2026-10-06T01:09:24.7471326Z         [36m<form>[31m
2026-10-06T01:09:24.7471480Z           [36m<label[31m
2026-10-06T01:09:24.7471676Z             [33mclass[31m=[32m"svelte-flvp99"[31m
2026-10-06T01:09:24.7471864Z           [36m>[31m
2026-10-06T01:09:24.7472007Z             [0mEmail [0m
2026-10-06T01:09:24.7472162Z             [36m<input[31m
2026-10-06T01:09:24.7472363Z               [33mautocomplete[31m=[32m"email"[31m
2026-10-06T01:09:24.7472593Z               [33mclass[31m=[32m"svelte-flvp99"[31m
2026-10-06T01:09:24.7472811Z               [33mrequired[31m=[32m""[31m
2026-10-06T01:09:24.7473015Z               [33mtype[31m=[32m"email"[31m
2026-10-06T01:09:24.7473196Z             [36m/>[31m
2026-10-06T01:09:24.7473346Z           [36m</label>[31m
2026-10-06T01:09:24.7473494Z           [0m [0m
2026-10-06T01:09:24.7473635Z           [36m<label[31m
2026-10-06T01:09:24.7473823Z             [33mclass[31m=[32m"svelte-flvp99"[31m
2026-10-06T01:09:24.7474002Z           [36m>[31m
2026-10-06T01:09:24.7474148Z             [0mName [0m
2026-10-06T01:09:24.7474299Z             [36m<input[31m
2026-10-06T01:09:24.7474487Z               [33mautocomplete[31m=[32m"name"[31m
2026-10-06T01:09:24.7474711Z               [33mclass[31m=[32m"svelte-flvp99"[31m
2026-10-06T01:09:24.7474920Z               [33mtype[31m=[32m"text"[31m
2026-10-06T01:09:24.7475094Z             [36m/>[31m
2026-10-06T01:09:24.7475241Z           [36m</label>[31m
2026-10-06T01:09:24.7475391Z           [0m [0m
2026-10-06T01:09:24.7475532Z           [36m<button[31m
2026-10-06T01:09:24.7475811Z             [33mclass[31m=[32m"svelte-flvp99"[31m
2026-10-06T01:09:24.7475992Z           [36m>[31m
2026-10-06T01:09:24.7476299Z             [0mCreate administrator and passkey[0m
2026-10-06T01:09:24.7476515Z           [36m</button>[31m
2026-10-06T01:09:24.7476674Z         [36m</form>[31m
2026-10-06T01:09:24.7476815Z         [0m [0m
2026-10-06T01:09:24.7476951Z         [36m<form[31m
2026-10-06T01:09:24.7477130Z           [33maria-hidden[31m=[32m"true"[31m
2026-10-06T01:09:24.7477356Z           [33mfields[31m=[32m"[object Object]"[31m
2026-10-06T01:09:24.7477564Z           [33mhidden[31m=[32m""[31m
2026-10-06T01:09:24.7477759Z           [33mpending[31m=[32m"0"[31m
2026-10-06T01:09:24.7477926Z         [36m>[31m
2026-10-06T01:09:24.7478066Z           [36m<input[31m
2026-10-06T01:09:24.7478255Z             [33mclass[31m=[32m"svelte-flvp99"[31m
2026-10-06T01:09:24.7478467Z             [33mtype[31m=[32m"hidden"[31m
2026-10-06T01:09:24.7478666Z             [33mvalue[31m=[32m""[31m
2026-10-06T01:09:24.7478832Z           [36m/>[31m
2026-10-06T01:09:24.7478977Z         [36m</form>[31m
2026-10-06T01:09:24.7479119Z         [0m [0m
2026-10-06T01:09:24.7479256Z         [90m<!---->[31m
2026-10-06T01:09:24.7479400Z         [0m [0m
2026-10-06T01:09:24.7479534Z         [90m<!---->[31m
2026-10-06T01:09:24.7479679Z         [90m<!---->[31m
2026-10-06T01:09:24.7479821Z         [90m<!---->[31m
2026-10-06T01:09:24.7480037Z       [36m</main>[31m
2026-10-06T01:09:24.7480176Z       [0m[0m
2026-10-06T01:09:24.7480303Z       [0m[0m
2026-10-06T01:09:24.7480436Z     [36m</div>[31m
2026-10-06T01:09:24.7480572Z   [36m</div>[31m
2026-10-06T01:09:24.7480715Z [36m</body>[31m[39m
2026-10-06T01:09:39.7314675Z  [31m×[39m [30m[43m chromium [49m[39m parity/emdash/default-seed-setup-runtime/source/packages/admin/tests/components/SetupWizard.test.tsx[2m > [22mSetupWizard[2m > [22mstarting from a site package[2m > [22mkeeps sample content and the dashboard as the default[33m 14984[2mms[22m[39m
2026-10-06T01:09:39.7315488Z [31m   → Cannot find element with locator: page.getByText('Set up your site')
2026-10-06T01:09:39.7315666Z 
2026-10-06T01:09:39.7315739Z [36m<body>[31m
2026-10-06T01:09:39.7315871Z   [0m
2026-10-06T01:09:39.7315983Z   
2026-10-06T01:09:39.7316046Z 
2026-10-06T01:09:39.7316100Z [0m
2026-10-06T01:09:39.7316365Z   [36m<div>[31m
2026-10-06T01:09:39.7316502Z     [36m<div>[31m
2026-10-06T01:09:39.7316652Z       [90m<!---->[31m
2026-10-06T01:09:39.7316795Z       [36m<main>[31m
2026-10-06T01:09:39.7316933Z         [36m<h1>[31m
2026-10-06T01:09:39.7317098Z           [0mSet up Sveltery CMS[0m
2026-10-06T01:09:39.7317266Z         [36m</h1>[31m
2026-10-06T01:09:39.7317406Z         [0m [0m
2026-10-06T01:09:39.7317535Z         [36m<p>[31m
2026-10-06T01:09:39.7317794Z           [0mCreate the first administrator account and save a passkey to sign in.[0m
2026-10-06T01:09:39.7318189Z         [36m</p>[31m
2026-10-06T01:09:39.7318404Z         [0m [0m
2026-10-06T01:09:39.7318632Z         [36m<noscript />[31m
2026-10-06T01:09:39.7318862Z         [0m [0m
2026-10-06T01:09:39.7319082Z         [36m<form>[31m
2026-10-06T01:09:39.7319279Z           [36m<label[31m
2026-10-06T01:09:39.7319594Z             [33mclass[31m=[32m"svelte-flvp99"[31m
2026-10-06T01:09:39.7319862Z           [36m>[31m
2026-10-06T01:09:39.7320075Z             [0mEmail [0m
2026-10-06T01:09:39.7320311Z             [36m<input[31m
2026-10-06T01:09:39.7320600Z               [33mautocomplete[31m=[32m"email"[31m
2026-10-06T01:09:39.7320925Z               [33mclass[31m=[32m"svelte-flvp99"[31m
2026-10-06T01:09:39.7321237Z               [33mrequired[31m=[32m""[31m
2026-10-06T01:09:39.7321531Z               [33mtype[31m=[32m"email"[31m
2026-10-06T01:09:39.7321782Z             [36m/>[31m
2026-10-06T01:09:39.7321997Z           [36m</label>[31m
2026-10-06T01:09:39.7322211Z           [0m [0m
2026-10-06T01:09:39.7322745Z           [36m<label[31m
2026-10-06T01:09:39.7322949Z             [33mclass[31m=[32m"svelte-flvp99"[31m
2026-10-06T01:09:39.7323126Z           [36m>[31m
2026-10-06T01:09:39.7323264Z             [0mName [0m
2026-10-06T01:09:39.7323412Z             [36m<input[31m
2026-10-06T01:09:39.7323598Z               [33mautocomplete[31m=[32m"name"[31m
2026-10-06T01:09:39.7323813Z               [33mclass[31m=[32m"svelte-flvp99"[31m
2026-10-06T01:09:39.7324015Z               [33mtype[31m=[32m"text"[31m
2026-10-06T01:09:39.7324186Z             [36m/>[31m
2026-10-06T01:09:39.7324328Z           [36m</label>[31m
2026-10-06T01:09:39.7324470Z           [0m [0m
2026-10-06T01:09:39.7324609Z           [36m<button[31m
2026-10-06T01:09:39.7324796Z             [33mclass[31m=[32m"svelte-flvp99"[31m
2026-10-06T01:09:39.7324966Z           [36m>[31m
2026-10-06T01:09:39.7325141Z             [0mCreate administrator and passkey[0m
2026-10-06T01:09:39.7325327Z           [36m</button>[31m
2026-10-06T01:09:39.7325491Z         [36m</form>[31m
2026-10-06T01:09:39.7325628Z         [0m [0m
2026-10-06T01:09:39.7325759Z         [36m<form[31m
2026-10-06T01:09:39.7325930Z           [33maria-hidden[31m=[32m"true"[31m
2026-10-06T01:09:39.7326145Z           [33mfields[31m=[32m"[object Object]"[31m
2026-10-06T01:09:39.7326572Z           [33mhidden[31m=[32m""[31m
2026-10-06T01:09:39.7326796Z           [33mpending[31m=[32m"0"[31m
2026-10-06T01:09:39.7326953Z         [36m>[31m
2026-10-06T01:09:39.7327188Z           [36m<input[31m
2026-10-06T01:09:39.7327447Z             [33mclass[31m=[32m"svelte-flvp99"[31m
2026-10-06T01:09:39.7327743Z             [33mtype[31m=[32m"hidden"[31m
2026-10-06T01:09:39.7328036Z             [33mvalue[31m=[32m""[31m
2026-10-06T01:09:39.7328265Z           [36m/>[31m
2026-10-06T01:09:39.7328405Z         [36m</form>[31m
2026-10-06T01:09:39.7328545Z         [0m [0m
2026-10-06T01:09:39.7328677Z         [90m<!---->[31m
2026-10-06T01:09:39.7328814Z         [0m [0m
2026-10-06T01:09:39.7328947Z         [90m<!---->[31m
2026-10-06T01:09:39.7329089Z         [90m<!---->[31m
2026-10-06T01:09:39.7329228Z         [90m<!---->[31m
2026-10-06T01:09:39.7329367Z       [36m</main>[31m
2026-10-06T01:09:39.7329506Z       [0m[0m
2026-10-06T01:09:39.7329627Z       [0m[0m
2026-10-06T01:09:39.7329752Z     [36m</div>[31m
2026-10-06T01:09:39.7329886Z   [36m</div>[31m
2026-10-06T01:09:39.7330024Z [36m</body>[31m[39m
2026-10-06T01:10:09.6805709Z  [31m×[39m [30m[43m chromium [49m[39m parity/emdash/default-seed-setup-runtime/source/packages/admin/tests/components/SetupWizard.test.tsx[2m > [22mSetupWizard[2m > [22mstarting from a site package[2m > [22mskips sample content for an empty site[33m 15017[2mms[22m[39m
2026-10-06T01:10:09.6807127Z [31m   → Cannot find element with locator: page.getByText('Set up your site')
2026-10-06T01:10:09.6807400Z 
2026-10-06T01:10:09.6807503Z [36m<body>[31m
2026-10-06T01:10:09.6807695Z   [0m
2026-10-06T01:10:09.6807857Z   
2026-10-06T01:10:09.6807990Z 
2026-10-06T01:10:09.6808075Z [0m
2026-10-06T01:10:09.6808249Z   [36m<div>[31m
2026-10-06T01:10:09.6808494Z     [36m<div>[31m
2026-10-06T01:10:09.6808695Z       [90m<!---->[31m
2026-10-06T01:10:09.6808899Z       [36m<main>[31m
2026-10-06T01:10:09.6809107Z         [36m<h1>[31m
2026-10-06T01:10:09.6809357Z           [0mSet up Sveltery CMS[0m
2026-10-06T01:10:09.6809605Z         [36m</h1>[31m
2026-10-06T01:10:09.6809797Z         [0m [0m
2026-10-06T01:10:09.6809993Z         [36m<p>[31m
2026-10-06T01:10:09.6810376Z           [0mCreate the first administrator account and save a passkey to sign in.[0m
2026-10-06T01:10:09.6810726Z         [36m</p>[31m
2026-10-06T01:10:09.6810920Z         [0m [0m
2026-10-06T01:10:09.6811140Z         [36m<noscript />[31m
2026-10-06T01:10:09.6811358Z         [0m [0m
2026-10-06T01:10:09.6811549Z         [36m<form>[31m
2026-10-06T01:10:09.6811763Z           [36m<label[31m
2026-10-06T01:10:09.6812350Z             [33mclass[31m=[32m"svelte-flvp99"[31m
2026-10-06T01:10:09.6812618Z           [36m>[31m
2026-10-06T01:10:09.6812825Z             [0mEmail [0m
2026-10-06T01:10:09.6813047Z             [36m<input[31m
2026-10-06T01:10:09.6813326Z               [33mautocomplete[31m=[32m"email"[31m
2026-10-06T01:10:09.6813645Z               [33mclass[31m=[32m"svelte-flvp99"[31m
2026-10-06T01:10:09.6813948Z               [33mrequired[31m=[32m""[31m
2026-10-06T01:10:09.6814232Z               [33mtype[31m=[32m"email"[31m
2026-10-06T01:10:09.6814481Z             [36m/>[31m
2026-10-06T01:10:09.6814694Z           [36m</label>[31m
2026-10-06T01:10:09.6814898Z           [0m [0m
2026-10-06T01:10:09.6815094Z           [36m<label[31m
2026-10-06T01:10:09.6815374Z             [33mclass[31m=[32m"svelte-flvp99"[31m
2026-10-06T01:10:09.6815638Z           [36m>[31m
2026-10-06T01:10:09.6815838Z             [0mName [0m
2026-10-06T01:10:09.6816056Z             [36m<input[31m
2026-10-06T01:10:09.6816566Z               [33mautocomplete[31m=[32m"name"[31m
2026-10-06T01:10:09.6816902Z               [33mclass[31m=[32m"svelte-flvp99"[31m
2026-10-06T01:10:09.6817219Z               [33mtype[31m=[32m"text"[31m
2026-10-06T01:10:09.6817489Z             [36m/>[31m
2026-10-06T01:10:09.6817710Z           [36m</label>[31m
2026-10-06T01:10:09.6817922Z           [0m [0m
2026-10-06T01:10:09.6818123Z           [36m<button[31m
2026-10-06T01:10:09.6818395Z             [33mclass[31m=[32m"svelte-flvp99"[31m
2026-10-06T01:10:09.6818752Z           [36m>[31m
2026-10-06T01:10:09.6818983Z             [0mCreate administrator and passkey[0m
2026-10-06T01:10:09.6819277Z           [36m</button>[31m
2026-10-06T01:10:09.6819472Z         [36m</form>[31m
2026-10-06T01:10:09.6819665Z         [0m [0m
2026-10-06T01:10:09.6819858Z         [36m<form[31m
2026-10-06T01:10:09.6820116Z           [33maria-hidden[31m=[32m"true"[31m
2026-10-06T01:10:09.6820443Z           [33mfields[31m=[32m"[object Object]"[31m
2026-10-06T01:10:09.6820760Z           [33mhidden[31m=[32m""[31m
2026-10-06T01:10:09.6820994Z           [33mpending[31m=[32m"0"[31m
2026-10-06T01:10:09.6821153Z         [36m>[31m
2026-10-06T01:10:09.6821290Z           [36m<input[31m
2026-10-06T01:10:09.6821532Z             [33mclass[31m=[32m"svelte-flvp99"[31m
2026-10-06T01:10:09.6821833Z             [33mtype[31m=[32m"hidden"[31m
2026-10-06T01:10:09.6822072Z             [33mvalue[31m=[32m""[31m
2026-10-06T01:10:09.6822237Z           [36m/>[31m
2026-10-06T01:10:09.6822374Z         [36m</form>[31m
2026-10-06T01:10:09.6822515Z         [0m [0m
2026-10-06T01:10:09.6822646Z         [90m<!---->[31m
2026-10-06T01:10:09.6822779Z         [0m [0m
2026-10-06T01:10:09.6822909Z         [90m<!---->[31m
2026-10-06T01:10:09.6823052Z         [90m<!---->[31m
2026-10-06T01:10:09.6823190Z         [90m<!---->[31m
2026-10-06T01:10:09.6823327Z       [36m</main>[31m
2026-10-06T01:10:09.6823462Z       [0m[0m
2026-10-06T01:10:09.6823582Z       [0m[0m
2026-10-06T01:10:09.6823711Z     [36m</div>[31m
2026-10-06T01:10:09.6823844Z   [36m</div>[31m
2026-10-06T01:10:09.6823979Z [36m</body>[31m[39m
2026-10-06T01:10:24.6622755Z  [31m×[39m [30m[43m chromium [49m[39m parity/emdash/default-seed-setup-runtime/source/packages/admin/tests/components/SetupWizard.test.tsx[2m > [22mSetupWizard[2m > [22mstarting from a site package[2m > [22mgoes straight to the Transfer import when Cloudflare Access completes setup[33m 15039[2mms[22m[39m
2026-10-06T01:10:24.6623924Z [31m   → Cannot find element with locator: page.getByText('Set up your site')
2026-10-06T01:10:24.6624190Z 
2026-10-06T01:10:24.6624300Z [36m<body>[31m
2026-10-06T01:10:24.6624493Z   [0m
2026-10-06T01:10:24.6624659Z   
2026-10-06T01:10:24.6624760Z 
2026-10-06T01:10:24.6624848Z [0m
2026-10-06T01:10:24.6625043Z   [36m<div>[31m
2026-10-06T01:10:24.6625255Z     [36m<div>[31m
2026-10-06T01:10:24.6625466Z       [90m<!---->[31m
2026-10-06T01:10:24.6625676Z       [36m<main>[31m
2026-10-06T01:10:24.6626156Z         [36m<h1>[31m
2026-10-06T01:10:24.6626558Z           [0mSet up Sveltery CMS[0m
2026-10-06T01:10:24.6626840Z         [36m</h1>[31m
2026-10-06T01:10:24.6627059Z         [0m [0m
2026-10-06T01:10:24.6627265Z         [36m<p>[31m
2026-10-06T01:10:24.6627700Z           [0mCreate the first administrator account and save a passkey to sign in.[0m
2026-10-06T01:10:24.6628092Z         [36m</p>[31m
2026-10-06T01:10:24.6628348Z         [0m [0m
2026-10-06T01:10:24.6628598Z         [36m<noscript />[31m
2026-10-06T01:10:24.6628842Z         [0m [0m
2026-10-06T01:10:24.6629059Z         [36m<form>[31m
2026-10-06T01:10:24.6629295Z           [36m<label[31m
2026-10-06T01:10:24.6629612Z             [33mclass[31m=[32m"svelte-flvp99"[31m
2026-10-06T01:10:24.6629911Z           [36m>[31m
2026-10-06T01:10:24.6630136Z             [0mEmail [0m
2026-10-06T01:10:24.6630390Z             [36m<input[31m
2026-10-06T01:10:24.6630703Z               [33mautocomplete[31m=[32m"email"[31m
2026-10-06T01:10:24.6631080Z               [33mclass[31m=[32m"svelte-flvp99"[31m
2026-10-06T01:10:24.6631426Z               [33mrequired[31m=[32m""[31m
2026-10-06T01:10:24.6631756Z               [33mtype[31m=[32m"email"[31m
2026-10-06T01:10:24.6632038Z             [36m/>[31m
2026-10-06T01:10:24.6632282Z           [36m</label>[31m
2026-10-06T01:10:24.6632508Z           [0m [0m
2026-10-06T01:10:24.6632718Z           [36m<label[31m
2026-10-06T01:10:24.6633136Z             [33mclass[31m=[32m"svelte-flvp99"[31m
2026-10-06T01:10:24.6633438Z           [36m>[31m
2026-10-06T01:10:24.6633643Z             [0mName [0m
2026-10-06T01:10:24.6633869Z             [36m<input[31m
2026-10-06T01:10:24.6634158Z               [33mautocomplete[31m=[32m"name"[31m
2026-10-06T01:10:24.6634489Z               [33mclass[31m=[32m"svelte-flvp99"[31m
2026-10-06T01:10:24.6634800Z               [33mtype[31m=[32m"text"[31m
2026-10-06T01:10:24.6635059Z             [36m/>[31m
2026-10-06T01:10:24.6635281Z           [36m</label>[31m
2026-10-06T01:10:24.6635507Z           [0m [0m
2026-10-06T01:10:24.6635714Z           [36m<button[31m
2026-10-06T01:10:24.6636006Z             [33mclass[31m=[32m"svelte-flvp99"[31m
2026-10-06T01:10:24.6636380Z           [36m>[31m
2026-10-06T01:10:24.6636646Z             [0mCreate administrator and passkey[0m
2026-10-06T01:10:24.6636923Z           [36m</button>[31m
2026-10-06T01:10:24.6637144Z         [36m</form>[31m
2026-10-06T01:10:24.6637362Z         [0m [0m
2026-10-06T01:10:24.6637558Z         [36m<form[31m
2026-10-06T01:10:24.6637826Z           [33maria-hidden[31m=[32m"true"[31m
2026-10-06T01:10:24.6638168Z           [33mfields[31m=[32m"[object Object]"[31m
2026-10-06T01:10:24.6638468Z           [33mhidden[31m=[32m""[31m
2026-10-06T01:10:24.6638665Z           [33mpending[31m=[32m"0"[31m
2026-10-06T01:10:24.6638829Z         [36m>[31m
2026-10-06T01:10:24.6638973Z           [36m<input[31m
2026-10-06T01:10:24.6639167Z             [33mclass[31m=[32m"svelte-flvp99"[31m
2026-10-06T01:10:24.6639505Z             [33mtype[31m=[32m"hidden"[31m
2026-10-06T01:10:24.6639805Z             [33mvalue[31m=[32m""[31m
2026-10-06T01:10:24.6640052Z           [36m/>[31m
2026-10-06T01:10:24.6640266Z         [36m</form>[31m
2026-10-06T01:10:24.6640436Z         [0m [0m
2026-10-06T01:10:24.6640575Z         [90m<!---->[31m
2026-10-06T01:10:24.6640715Z         [0m [0m
2026-10-06T01:10:24.6640853Z         [90m<!---->[31m
2026-10-06T01:10:24.6641002Z         [90m<!---->[31m
2026-10-06T01:10:24.6641145Z         [90m<!---->[31m
2026-10-06T01:10:24.6641287Z       [36m</main>[31m
2026-10-06T01:10:24.6641426Z       [0m[0m
2026-10-06T01:10:24.6641555Z       [0m[0m
2026-10-06T01:10:24.6641685Z     [36m</div>[31m
2026-10-06T01:10:24.6641821Z   [36m</div>[31m
2026-10-06T01:10:24.6641964Z [36m</body>[31m[39m
2026-10-06T01:10:39.6446707Z  [31m×[39m [30m[43m chromium [49m[39m parity/emdash/default-seed-setup-runtime/source/packages/admin/tests/components/SetupWizard.test.tsx[2m > [22mSetupWizard[2m > [22mkeeps posting while sample content remains, then advances[33m 14982[2mms[22m[39m
2026-10-06T01:10:39.6447851Z [31m   → Cannot find element with locator: page.getByText('Set up your site')
2026-10-06T01:10:39.6448125Z 
2026-10-06T01:10:39.6448240Z [36m<body>[31m
2026-10-06T01:10:39.6448435Z   [0m
2026-10-06T01:10:39.6448602Z   
2026-10-06T01:10:39.6448691Z 
2026-10-06T01:10:39.6448772Z [0m
2026-10-06T01:10:39.6448976Z   [36m<div>[31m
2026-10-06T01:10:39.6449174Z     [36m<div>[31m
2026-10-06T01:10:39.6449380Z       [90m<!---->[31m
2026-10-06T01:10:39.6449590Z       [36m<main>[31m
2026-10-06T01:10:39.6449801Z         [36m<h1>[31m
2026-10-06T01:10:39.6450049Z           [0mSet up Sveltery CMS[0m
2026-10-06T01:10:39.6450302Z         [36m</h1>[31m
2026-10-06T01:10:39.6450509Z         [0m [0m
2026-10-06T01:10:39.6450707Z         [36m<p>[31m
2026-10-06T01:10:39.6451113Z           [0mCreate the first administrator account and save a passkey to sign in.[0m
2026-10-06T01:10:39.6451488Z         [36m</p>[31m
2026-10-06T01:10:39.6451697Z         [0m [0m
2026-10-06T01:10:39.6451923Z         [36m<noscript />[31m
2026-10-06T01:10:39.6452153Z         [0m [0m
2026-10-06T01:10:39.6452351Z         [36m<form>[31m
2026-10-06T01:10:39.6452574Z           [36m<label[31m
2026-10-06T01:10:39.6452877Z             [33mclass[31m=[32m"svelte-flvp99"[31m
2026-10-06T01:10:39.6453154Z           [36m>[31m
2026-10-06T01:10:39.6453519Z             [0mEmail [0m
2026-10-06T01:10:39.6453738Z             [36m<input[31m
2026-10-06T01:10:39.6454028Z               [33mautocomplete[31m=[32m"email"[31m
2026-10-06T01:10:39.6454380Z               [33mclass[31m=[32m"svelte-flvp99"[31m
2026-10-06T01:10:39.6454714Z               [33mrequired[31m=[32m""[31m
2026-10-06T01:10:39.6455031Z               [33mtype[31m=[32m"email"[31m
2026-10-06T01:10:39.6455300Z             [36m/>[31m
2026-10-06T01:10:39.6455528Z           [36m</label>[31m
2026-10-06T01:10:39.6455800Z           [0m [0m
2026-10-06T01:10:39.6456026Z           [36m<label[31m
2026-10-06T01:10:39.6456415Z             [33mclass[31m=[32m"svelte-flvp99"[31m
2026-10-06T01:10:39.6456627Z           [36m>[31m
2026-10-06T01:10:39.6456765Z             [0mName [0m
2026-10-06T01:10:39.6456969Z             [36m<input[31m
2026-10-06T01:10:39.6457195Z               [33mautocomplete[31m=[32m"name"[31m
2026-10-06T01:10:39.6457561Z               [33mclass[31m=[32m"svelte-flvp99"[31m
2026-10-06T01:10:39.6457882Z               [33mtype[31m=[32m"text"[31m
2026-10-06T01:10:39.6458161Z             [36m/>[31m
2026-10-06T01:10:39.6458377Z           [36m</label>[31m
2026-10-06T01:10:39.6458588Z           [0m [0m
2026-10-06T01:10:39.6458792Z           [36m<button[31m
2026-10-06T01:10:39.6459069Z             [33mclass[31m=[32m"svelte-flvp99"[31m
2026-10-06T01:10:39.6459320Z           [36m>[31m
2026-10-06T01:10:39.6459586Z             [0mCreate administrator and passkey[0m
2026-10-06T01:10:39.6459865Z           [36m</button>[31m
2026-10-06T01:10:39.6460086Z         [36m</form>[31m
2026-10-06T01:10:39.6460292Z         [0m [0m
2026-10-06T01:10:39.6460490Z         [36m<form[31m
2026-10-06T01:10:39.6460750Z           [33maria-hidden[31m=[32m"true"[31m
2026-10-06T01:10:39.6461078Z           [33mfields[31m=[32m"[object Object]"[31m
2026-10-06T01:10:39.6461379Z           [33mhidden[31m=[32m""[31m
2026-10-06T01:10:39.6461676Z           [33mpending[31m=[32m"0"[31m
2026-10-06T01:10:39.6461934Z         [36m>[31m
2026-10-06T01:10:39.6462128Z           [36m<input[31m
2026-10-06T01:10:39.6462312Z             [33mclass[31m=[32m"svelte-flvp99"[31m
2026-10-06T01:10:39.6462512Z             [33mtype[31m=[32m"hidden"[31m
2026-10-06T01:10:39.6462703Z             [33mvalue[31m=[32m""[31m
2026-10-06T01:10:39.6462943Z           [36m/>[31m
2026-10-06T01:10:39.6463158Z         [36m</form>[31m
2026-10-06T01:10:39.6463360Z         [0m [0m
2026-10-06T01:10:39.6463704Z         [90m<!---->[31m
2026-10-06T01:10:39.6463911Z         [0m [0m
2026-10-06T01:10:39.6464116Z         [90m<!---->[31m
2026-10-06T01:10:39.6464340Z         [90m<!---->[31m
2026-10-06T01:10:39.6464554Z         [90m<!---->[31m
2026-10-06T01:10:39.6464779Z       [36m</main>[31m
2026-10-06T01:10:39.6464984Z       [0m[0m
2026-10-06T01:10:39.6465164Z       [0m[0m
2026-10-06T01:10:39.6465353Z     [36m</div>[31m
2026-10-06T01:10:39.6465562Z   [36m</div>[31m
2026-10-06T01:10:39.6465771Z [36m</body>[31m[39m
2026-10-06T01:10:39.7491739Z  [31m×[39m [30m[43m chromium [49m[39m parity/emdash/default-seed-setup-runtime/source/packages/admin/tests/components/SetupWizard.test.tsx[2m > [22mSetupWizard[2m > [22mkeeps the added sample content after a failed request and resumes on Continue[33m 14982[2mms[22m[39m
2026-10-06T01:10:39.7493017Z [31m   → Cannot find element with locator: page.getByText('Set up your site')
2026-10-06T01:10:39.7493295Z 
2026-10-06T01:10:39.7493450Z [36m<body>[31m
2026-10-06T01:10:39.7493587Z   [0m
2026-10-06T01:10:39.7493700Z   
2026-10-06T01:10:39.7493761Z 
2026-10-06T01:10:39.7493815Z [0m
2026-10-06T01:10:39.7493937Z   [36m<div>[31m
2026-10-06T01:10:39.7494073Z     [36m<div>[31m
2026-10-06T01:10:39.7494209Z       [90m<!---->[31m
2026-10-06T01:10:39.7494348Z       [36m<main>[31m
2026-10-06T01:10:39.7494487Z         [36m<h1>[31m
2026-10-06T01:10:39.7494656Z           [0mSet up Sveltery CMS[0m
2026-10-06T01:10:39.7495071Z         [36m</h1>[31m
2026-10-06T01:10:39.7495208Z         [0m [0m
2026-10-06T01:10:39.7495368Z         [36m<p>[31m
2026-10-06T01:10:39.7495626Z           [0mCreate the first administrator account and save a passkey to sign in.[0m
2026-10-06T01:10:39.7495866Z         [36m</p>[31m
2026-10-06T01:10:39.7495999Z         [0m [0m
2026-10-06T01:10:39.7496145Z         [36m<noscript />[31m
2026-10-06T01:10:39.7496469Z         [0m [0m
2026-10-06T01:10:39.7496603Z         [36m<form>[31m
2026-10-06T01:10:39.7496756Z           [36m<label[31m
2026-10-06T01:10:39.7496948Z             [33mclass[31m=[32m"svelte-flvp99"[31m
2026-10-06T01:10:39.7497128Z           [36m>[31m
2026-10-06T01:10:39.7497266Z             [0mEmail [0m
2026-10-06T01:10:39.7497417Z             [36m<input[31m
2026-10-06T01:10:39.7497609Z               [33mautocomplete[31m=[32m"email"[31m
2026-10-06T01:10:39.7497826Z               [33mclass[31m=[32m"svelte-flvp99"[31m
2026-10-06T01:10:39.7498037Z               [33mrequired[31m=[32m""[31m
2026-10-06T01:10:39.7498234Z               [33mtype[31m=[32m"email"[31m
2026-10-06T01:10:39.7498402Z             [36m/>[31m
2026-10-06T01:10:39.7498547Z           [36m</label>[31m
2026-10-06T01:10:39.7498690Z           [0m [0m
2026-10-06T01:10:39.7498828Z           [36m<label[31m
2026-10-06T01:10:39.7499008Z             [33mclass[31m=[32m"svelte-flvp99"[31m
2026-10-06T01:10:39.7499181Z           [36m>[31m
2026-10-06T01:10:39.7499320Z             [0mName [0m
2026-10-06T01:10:39.7499470Z             [36m<input[31m
2026-10-06T01:10:39.7499650Z               [33mautocomplete[31m=[32m"name"[31m
2026-10-06T01:10:39.7499866Z               [33mclass[31m=[32m"svelte-flvp99"[31m
2026-10-06T01:10:39.7500067Z               [33mtype[31m=[32m"text"[31m
2026-10-06T01:10:39.7500233Z             [36m/>[31m
2026-10-06T01:10:39.7500379Z           [36m</label>[31m
2026-10-06T01:10:39.7500520Z           [0m [0m
2026-10-06T01:10:39.7500657Z           [36m<button[31m
2026-10-06T01:10:39.7500842Z             [33mclass[31m=[32m"svelte-flvp99"[31m
2026-10-06T01:10:39.7501013Z           [36m>[31m
2026-10-06T01:10:39.7501187Z             [0mCreate administrator and passkey[0m
2026-10-06T01:10:39.7501368Z           [36m</button>[31m
2026-10-06T01:10:39.7501521Z         [36m</form>[31m
2026-10-06T01:10:39.7501657Z         [0m [0m
2026-10-06T01:10:39.7501785Z         [36m<form[31m
2026-10-06T01:10:39.7501957Z           [33maria-hidden[31m=[32m"true"[31m
2026-10-06T01:10:39.7502243Z           [33mfields[31m=[32m"[object Object]"[31m
2026-10-06T01:10:39.7502443Z           [33mhidden[31m=[32m""[31m
2026-10-06T01:10:39.7502631Z           [33mpending[31m=[32m"0"[31m
2026-10-06T01:10:39.7502787Z         [36m>[31m
2026-10-06T01:10:39.7502921Z           [36m<input[31m
2026-10-06T01:10:39.7503102Z             [33mclass[31m=[32m"svelte-flvp99"[31m
2026-10-06T01:10:39.7503303Z             [33mtype[31m=[32m"hidden"[31m
2026-10-06T01:10:39.7503493Z             [33mvalue[31m=[32m""[31m
2026-10-06T01:10:39.7503650Z           [36m/>[31m
2026-10-06T01:10:39.7503792Z         [36m</form>[31m
2026-10-06T01:10:39.7503929Z         [0m [0m
2026-10-06T01:10:39.7504060Z         [90m<!---->[31m
2026-10-06T01:10:39.7504198Z         [0m [0m
2026-10-06T01:10:39.7504329Z         [90m<!---->[31m
2026-10-06T01:10:39.7504469Z         [90m<!---->[31m
2026-10-06T01:10:39.7504610Z         [90m<!---->[31m
2026-10-06T01:10:39.7504746Z       [36m</main>[31m
2026-10-06T01:10:39.7504883Z       [0m[0m
2026-10-06T01:10:39.7505004Z       [0m[0m
2026-10-06T01:10:39.7505132Z     [36m</div>[31m
2026-10-06T01:10:39.7505263Z   [36m</div>[31m
2026-10-06T01:10:39.7505401Z [36m</body>[31m[39m
2026-10-06T01:10:54.6813063Z  [31m×[39m [30m[43m chromium [49m[39m parity/emdash/default-seed-setup-runtime/source/packages/admin/tests/components/SetupWizard.test.tsx[2m > [22mSetupWizard[2m > [22mstops posting when a request reports no progress[33m 15027[2mms[22m[39m
2026-10-06T01:10:54.6814534Z [31m   → Cannot find element with locator: page.getByText('Set up your site')
2026-10-06T01:10:54.6814784Z 
2026-10-06T01:10:54.6815101Z [36m<body>[31m
2026-10-06T01:10:54.6815284Z   [0m
2026-10-06T01:10:54.6815396Z   
2026-10-06T01:10:54.6815457Z 
2026-10-06T01:10:54.6815515Z [0m
2026-10-06T01:10:54.6815637Z   [36m<div>[31m
2026-10-06T01:10:54.6815771Z     [36m<div>[31m
2026-10-06T01:10:54.6815913Z       [90m<!---->[31m
2026-10-06T01:10:54.6816053Z       [36m<main>[31m
2026-10-06T01:10:54.6816364Z         [36m<h1>[31m
2026-10-06T01:10:54.6816621Z           [0mSet up Sveltery CMS[0m
2026-10-06T01:10:54.6816835Z         [36m</h1>[31m
2026-10-06T01:10:54.6816969Z         [0m [0m
2026-10-06T01:10:54.6817100Z         [36m<p>[31m
2026-10-06T01:10:54.6817361Z           [0mCreate the first administrator account and save a passkey to sign in.[0m
2026-10-06T01:10:54.6817602Z         [36m</p>[31m
2026-10-06T01:10:54.6817745Z         [0m [0m
2026-10-06T01:10:54.6817897Z         [36m<noscript />[31m
2026-10-06T01:10:54.6818043Z         [0m [0m
2026-10-06T01:10:54.6818174Z         [36m<form>[31m
2026-10-06T01:10:54.6818325Z           [36m<label[31m
2026-10-06T01:10:54.6818515Z             [33mclass[31m=[32m"svelte-flvp99"[31m
2026-10-06T01:10:54.6818690Z           [36m>[31m
2026-10-06T01:10:54.6818830Z             [0mEmail [0m
2026-10-06T01:10:54.6818979Z             [36m<input[31m
2026-10-06T01:10:54.6819179Z               [33mautocomplete[31m=[32m"email"[31m
2026-10-06T01:10:54.6819403Z               [33mclass[31m=[32m"svelte-flvp99"[31m
2026-10-06T01:10:54.6819610Z               [33mrequired[31m=[32m""[31m
2026-10-06T01:10:54.6819807Z               [33mtype[31m=[32m"email"[31m
2026-10-06T01:10:54.6819978Z             [36m/>[31m
2026-10-06T01:10:54.6820126Z           [36m</label>[31m
2026-10-06T01:10:54.6820271Z           [0m [0m
2026-10-06T01:10:54.6820409Z           [36m<label[31m
2026-10-06T01:10:54.6820601Z             [33mclass[31m=[32m"svelte-flvp99"[31m
2026-10-06T01:10:54.6820774Z           [36m>[31m
2026-10-06T01:10:54.6820910Z             [0mName [0m
2026-10-06T01:10:54.6821062Z             [36m<input[31m
2026-10-06T01:10:54.6821246Z               [33mautocomplete[31m=[32m"name"[31m
2026-10-06T01:10:54.6821459Z               [33mclass[31m=[32m"svelte-flvp99"[31m
2026-10-06T01:10:54.6821663Z               [33mtype[31m=[32m"text"[31m
2026-10-06T01:10:54.6821830Z             [36m/>[31m
2026-10-06T01:10:54.6822086Z           [36m</label>[31m
2026-10-06T01:10:54.6822228Z           [0m [0m
2026-10-06T01:10:54.6822365Z           [36m<button[31m
2026-10-06T01:10:54.6822550Z             [33mclass[31m=[32m"svelte-flvp99"[31m
2026-10-06T01:10:54.6822721Z           [36m>[31m
2026-10-06T01:10:54.6822897Z             [0mCreate administrator and passkey[0m
2026-10-06T01:10:54.6823079Z           [36m</button>[31m
2026-10-06T01:10:54.6823231Z         [36m</form>[31m
2026-10-06T01:10:54.6823374Z         [0m [0m
2026-10-06T01:10:54.6823502Z         [36m<form[31m
2026-10-06T01:10:54.6823673Z           [33maria-hidden[31m=[32m"true"[31m
2026-10-06T01:10:54.6823890Z           [33mfields[31m=[32m"[object Object]"[31m
2026-10-06T01:10:54.6824088Z           [33mhidden[31m=[32m""[31m
2026-10-06T01:10:54.6824271Z           [33mpending[31m=[32m"0"[31m
2026-10-06T01:10:54.6824433Z         [36m>[31m
2026-10-06T01:10:54.6824568Z           [36m<input[31m
2026-10-06T01:10:54.6824754Z             [33mclass[31m=[32m"svelte-flvp99"[31m
2026-10-06T01:10:54.6824955Z             [33mtype[31m=[32m"hidden"[31m
2026-10-06T01:10:54.6825145Z             [33mvalue[31m=[32m""[31m
2026-10-06T01:10:54.6825302Z           [36m/>[31m
2026-10-06T01:10:54.6825442Z         [36m</form>[31m
2026-10-06T01:10:54.6825580Z         [0m [0m
2026-10-06T01:10:54.6825713Z         [90m<!---->[31m
2026-10-06T01:10:54.6825847Z         [0m [0m
2026-10-06T01:10:54.6826043Z         [90m<!---->[31m
2026-10-06T01:10:54.6826301Z         [90m<!---->[31m
2026-10-06T01:10:54.6826477Z         [90m<!---->[31m
2026-10-06T01:10:54.6826618Z       [36m</main>[31m
2026-10-06T01:10:54.6826753Z       [0m[0m
2026-10-06T01:10:54.6826874Z       [0m[0m
2026-10-06T01:10:54.6827002Z     [36m</div>[31m
2026-10-06T01:10:54.6827136Z   [36m</div>[31m
2026-10-06T01:10:54.6827274Z [36m</body>[31m[39m
2026-10-06T01:10:54.6848439Z 
2026-10-06T01:10:54.6848957Z [31m⎯⎯⎯⎯⎯⎯[39m[1m[41m Failed Tests 18 [49m[22m[31m⎯⎯⎯⎯⎯⎯⎯[39m
2026-10-06T01:10:54.6849138Z 
2026-10-06T01:10:54.6851341Z [41m[1m FAIL [22m[49m [30m[43m chromium [49m[39m parity/emdash/default-seed-setup-runtime/source/packages/admin/tests/components/SetupWizard.test.tsx[2m > [22mSetupWizard[2m > [22mshows site setup step first with title input
2026-10-06T01:10:54.6854281Z [31m[1mVitestBrowserElementError[22m: Cannot find element with locator: page.getByText('Set up your site')
2026-10-06T01:10:54.6854595Z 
2026-10-06T01:10:54.6854667Z [36m<body>[31m
2026-10-06T01:10:54.6854882Z   [0m
2026-10-06T01:10:54.6855041Z   
2026-10-06T01:10:54.6855132Z 
2026-10-06T01:10:54.6855190Z [0m
2026-10-06T01:10:54.6855316Z   [36m<div>[31m
2026-10-06T01:10:54.6855452Z     [36m<div>[31m
2026-10-06T01:10:54.6855614Z       [90m<!---->[31m
2026-10-06T01:10:54.6855824Z       [36m<main>[31m
2026-10-06T01:10:54.6856032Z         [36m<h1>[31m
2026-10-06T01:10:54.6856369Z           [0mSet up Sveltery CMS[0m
2026-10-06T01:10:54.6856538Z         [36m</h1>[31m
2026-10-06T01:10:54.6856680Z         [0m [0m
2026-10-06T01:10:54.6856815Z         [36m<p>[31m
2026-10-06T01:10:54.6857073Z           [0mCreate the first administrator account and save a passkey to sign in.[0m
2026-10-06T01:10:54.6857313Z         [36m</p>[31m
2026-10-06T01:10:54.6857449Z         [0m [0m
2026-10-06T01:10:54.6857597Z         [36m<noscript />[31m
2026-10-06T01:10:54.6857743Z         [0m [0m
2026-10-06T01:10:54.6866041Z         [36m<form>[31m
2026-10-06T01:10:54.6866388Z           [36m<label[31m
2026-10-06T01:10:54.6866594Z             [33mclass[31m=[32m"svelte-flvp99"[31m
2026-10-06T01:10:54.6866784Z           [36m>[31m
2026-10-06T01:10:54.6866932Z             [0mEmail [0m
2026-10-06T01:10:54.6867083Z             [36m<input[31m
2026-10-06T01:10:54.6867278Z               [33mautocomplete[31m=[32m"email"[31m
2026-10-06T01:10:54.6867504Z               [33mclass[31m=[32m"svelte-flvp99"[31m
2026-10-06T01:10:54.6867716Z               [33mrequired[31m=[32m""[31m
2026-10-06T01:10:54.6868050Z               [33mtype[31m=[32m"email"[31m
2026-10-06T01:10:54.6868225Z             [36m/>[31m
2026-10-06T01:10:54.6868375Z           [36m</label>[31m
2026-10-06T01:10:54.6868521Z           [0m [0m
2026-10-06T01:10:54.6868659Z           [36m<label[31m
2026-10-06T01:10:54.6868848Z             [33mclass[31m=[32m"svelte-flvp99"[31m
2026-10-06T01:10:54.6869023Z           [36m>[31m
2026-10-06T01:10:54.6869185Z             [0mName [0m
2026-10-06T01:10:54.6869335Z             [36m<input[31m
2026-10-06T01:10:54.6869522Z               [33mautocomplete[31m=[32m"name"[31m
2026-10-06T01:10:54.6869734Z               [33mclass[31m=[32m"svelte-flvp99"[31m
2026-10-06T01:10:54.6870047Z               [33mtype[31m=[32m"text"[31m
2026-10-06T01:10:54.6870295Z             [36m/>[31m
2026-10-06T01:10:54.6870506Z           [36m</label>[31m
2026-10-06T01:10:54.6870718Z           [0m [0m
2026-10-06T01:10:54.6870925Z           [36m<button[31m
2026-10-06T01:10:54.6871227Z             [33mclass[31m=[32m"svelte-flvp99"[31m
2026-10-06T01:10:54.6871503Z           [36m>[31m
2026-10-06T01:10:54.6871780Z             [0mCreate administrator and passkey[0m
2026-10-06T01:10:54.6872059Z           [36m</button>[31m
2026-10-06T01:10:54.6872295Z         [36m</form>[31m
2026-10-06T01:10:54.6872504Z         [0m [0m
2026-10-06T01:10:54.6872707Z         [36m<form[31m
2026-10-06T01:10:54.6872982Z           [33maria-hidden[31m=[32m"true"[31m
2026-10-06T01:10:54.6873457Z           [33mfields[31m=[32m"[object Object]"[31m
2026-10-06T01:10:54.6873661Z           [33mhidden[31m=[32m""[31m
2026-10-06T01:10:54.6873847Z           [33mpending[31m=[32m"0"[31m
2026-10-06T01:10:54.6874006Z         [36m>[31m
2026-10-06T01:10:54.6874142Z           [36m<input[31m
2026-10-06T01:10:54.6874326Z             [33mclass[31m=[32m"svelte-flvp99"[31m
2026-10-06T01:10:54.6874532Z             [33mtype[31m=[32m"hidden"[31m
2026-10-06T01:10:54.6874723Z             [33mvalue[31m=[32m""[31m
2026-10-06T01:10:54.6874883Z           [36m/>[31m
2026-10-06T01:10:54.6875022Z         [36m</form>[31m
2026-10-06T01:10:54.6875158Z         [0m [0m
2026-10-06T01:10:54.6875293Z         [90m<!---->[31m
2026-10-06T01:10:54.6875428Z         [0m [0m
2026-10-06T01:10:54.6875556Z         [90m<!---->[31m
2026-10-06T01:10:54.6875693Z         [90m<!---->[31m
2026-10-06T01:10:54.6875832Z         [90m<!---->[31m
2026-10-06T01:10:54.6875978Z       [36m</main>[31m
2026-10-06T01:10:54.6876111Z       [0m[0m
2026-10-06T01:10:54.6876403Z       [0m[0m
2026-10-06T01:10:54.6876530Z     [36m</div>[31m
2026-10-06T01:10:54.6876663Z   [36m</div>[31m
2026-10-06T01:10:54.6876802Z [36m</body>[31m[39m
2026-10-06T01:10:54.6876877Z 
2026-10-06T01:10:54.6876941Z Failure screenshot:
2026-10-06T01:10:54.6877801Z   - [2mparity/emdash/default-seed-setup-runtime/source/packages/admin/tests/components/__screenshots__/SetupWizard.test.tsx/SetupWizard-shows-site-setup-step-first-with-title-input-1.png[22m
2026-10-06T01:10:54.6878479Z 
2026-10-06T01:10:54.6878940Z [36m [2m❯[22m parity/emdash/default-seed-setup-runtime/source/packages/admin/tests/components/SetupWizard.test.tsx:[2m106:63[22m[39m
2026-10-06T01:10:54.6906891Z     [90m104|[39m   [90m// Click Continue without filling title[39m
2026-10-06T01:10:54.6907468Z     [90m105|[39m   [35mawait[39m screen[33m.[39m[34mgetByText[39m([32m"Continue →"[39m)[33m.[39m[34mclick[39m()[33m;[39m
2026-10-06T01:10:54.6907931Z     [90m106|[39m   await expect.element(screen.getByText("Site title is required")).toB…
2026-10-06T01:10:54.6908272Z     [90m   |[39m                                                               [31m^[39m
2026-10-06T01:10:54.6908551Z     [90m107|[39m   [90m// Should still be on site step[39m
2026-10-06T01:10:54.6908870Z     [90m108|[39m   await expect.element(screen.getByText("Set up your site")).toBeInThe…
2026-10-06T01:10:54.6909053Z 
2026-10-06T01:10:54.6920944Z [31m[1mCaused by: Error[22m: Matcher did not succeed in time.[39m
2026-10-06T01:10:54.6922113Z [36m [2m❯[22m parity/emdash/default-seed-setup-runtime/source/packages/admin/tests/components/SetupWizard.test.tsx:[2m106:4[22m[39m
2026-10-06T01:10:54.6922601Z 
2026-10-06T01:10:54.6922855Z [31m[2m⎯⎯⎯⎯⎯⎯⎯⎯⎯⎯⎯⎯⎯⎯⎯⎯⎯⎯⎯⎯⎯⎯⎯[1/18]⎯[22m[39m
2026-10-06T01:10:54.6923042Z 
2026-10-06T01:10:54.6924106Z [41m[1m FAIL [22m[49m [30m[43m chromium [49m[39m parity/emdash/default-seed-setup-runtime/source/packages/admin/tests/components/SetupWizard.test.tsx[2m > [22mSetupWizard[2m > [22mempty title prevents advancing and shows validation error
2026-10-06T01:10:54.6925423Z [31m[1mVitestBrowserElementError[22m: Cannot find element with locator: page.getByText('Set up your site')
2026-10-06T01:10:54.6925806Z 
2026-10-06T01:10:54.6925911Z [36m<body>[31m
2026-10-06T01:10:54.6926103Z   [0m
2026-10-06T01:10:54.6926406Z   
2026-10-06T01:10:54.6926492Z 
2026-10-06T01:10:54.6926584Z [0m
2026-10-06T01:10:54.6926769Z   [36m<div>[31m
2026-10-06T01:10:54.6926999Z     [36m<div>[31m
2026-10-06T01:10:54.6927218Z       [90m<!---->[31m
2026-10-06T01:10:54.6927439Z       [36m<main>[31m
2026-10-06T01:10:54.6927660Z         [36m<h1>[31m
2026-10-06T01:10:54.6927918Z           [0mSet up Sveltery CMS[0m
2026-10-06T01:10:54.6928189Z         [36m</h1>[31m
2026-10-06T01:10:54.6928405Z         [0m [0m
2026-10-06T01:10:54.6928617Z         [36m<p>[31m
2026-10-06T01:10:54.6929045Z           [0mCreate the first administrator account and save a passkey to sign in.[0m
2026-10-06T01:10:54.6929637Z         [36m</p>[31m
2026-10-06T01:10:54.6929853Z         [0m [0m
2026-10-06T01:10:54.6930094Z         [36m<noscript />[31m
2026-10-06T01:10:54.6930331Z         [0m [0m
2026-10-06T01:10:54.6930543Z         [36m<form>[31m
2026-10-06T01:10:54.6930777Z           [36m<label[31m
2026-10-06T01:10:54.6931084Z             [33mclass[31m=[32m"svelte-flvp99"[31m
2026-10-06T01:10:54.6931381Z           [36m>[31m
2026-10-06T01:10:54.6931607Z             [0mEmail [0m
2026-10-06T01:10:54.6931850Z             [36m<input[31m
2026-10-06T01:10:54.6932168Z               [33mautocomplete[31m=[32m"email"[31m
2026-10-06T01:10:54.6932539Z               [33mclass[31m=[32m"svelte-flvp99"[31m
2026-10-06T01:10:54.6932882Z               [33mrequired[31m=[32m""[31m
2026-10-06T01:10:54.6933208Z               [33mtype[31m=[32m"email"[31m
2026-10-06T01:10:54.6933493Z             [36m/>[31m
2026-10-06T01:10:54.6933736Z           [36m</label>[31m
2026-10-06T01:10:54.6933968Z           [0m [0m
2026-10-06T01:10:54.6934186Z           [36m<label[31m
2026-10-06T01:10:54.6934487Z             [33mclass[31m=[32m"svelte-flvp99"[31m
2026-10-06T01:10:54.6934770Z           [36m>[31m
2026-10-06T01:10:54.6934993Z             [0mName [0m
2026-10-06T01:10:54.6935230Z             [36m<input[31m
2026-10-06T01:10:54.6935530Z               [33mautocomplete[31m=[32m"name"[31m
2026-10-06T01:10:54.6935888Z               [33mclass[31m=[32m"svelte-flvp99"[31m
2026-10-06T01:10:54.6936331Z               [33mtype[31m=[32m"text"[31m
2026-10-06T01:10:54.6936604Z             [36m/>[31m
2026-10-06T01:10:54.6936833Z           [36m</label>[31m
2026-10-06T01:10:54.6937066Z           [0m [0m
2026-10-06T01:10:54.6937282Z           [36m<button[31m
2026-10-06T01:10:54.6937584Z             [33mclass[31m=[32m"svelte-flvp99"[31m
2026-10-06T01:10:54.6937867Z           [36m>[31m
2026-10-06T01:10:54.6938155Z             [0mCreate administrator and passkey[0m
2026-10-06T01:10:54.6938460Z           [36m</button>[31m
2026-10-06T01:10:54.6938706Z         [36m</form>[31m
2026-10-06T01:10:54.6938926Z         [0m [0m
2026-10-06T01:10:54.6939135Z         [36m<form[31m
2026-10-06T01:10:54.6939417Z           [33maria-hidden[31m=[32m"true"[31m
2026-10-06T01:10:54.6939771Z           [33mfields[31m=[32m"[object Object]"[31m
2026-10-06T01:10:54.6940101Z           [33mhidden[31m=[32m""[31m
2026-10-06T01:10:54.6940405Z           [33mpending[31m=[32m"0"[31m
2026-10-06T01:10:54.6940753Z         [36m>[31m
2026-10-06T01:10:54.6940969Z           [36m<input[31m
2026-10-06T01:10:54.6941262Z             [33mclass[31m=[32m"svelte-flvp99"[31m
2026-10-06T01:10:54.6941603Z             [33mtype[31m=[32m"hidden"[31m
2026-10-06T01:10:54.6941916Z             [33mvalue[31m=[32m""[31m
2026-10-06T01:10:54.6942179Z           [36m/>[31m
2026-10-06T01:10:54.6942402Z         [36m</form>[31m
2026-10-06T01:10:54.6942622Z         [0m [0m
2026-10-06T01:10:54.6942835Z         [90m<!---->[31m
2026-10-06T01:10:54.6943062Z         [0m [0m
2026-10-06T01:10:54.6943274Z         [90m<!---->[31m
2026-10-06T01:10:54.6943500Z         [90m<!---->[31m
2026-10-06T01:10:54.6943726Z         [90m<!---->[31m
2026-10-06T01:10:54.6943956Z       [36m</main>[31m
2026-10-06T01:10:54.6944170Z       [0m[0m
2026-10-06T01:10:54.6944362Z       [0m[0m
2026-10-06T01:10:54.6944561Z     [36m</div>[31m
2026-10-06T01:10:54.6944771Z   [36m</div>[31m
2026-10-06T01:10:54.6944999Z [36m</body>[31m[39m
2026-10-06T01:10:54.6945122Z 
2026-10-06T01:10:54.6945219Z Failure screenshot:
2026-10-06T01:10:54.6948638Z   - [2mparity/emdash/default-seed-setup-runtime/source/packages/admin/tests/components/__screenshots__/SetupWizard.test.tsx/SetupWizard-empty-title-prevents-advancing-and-shows-validation-error-1.png[22m
2026-10-06T01:10:54.6949384Z 
2026-10-06T01:10:54.6950012Z [36m [2m❯[22m parity/emdash/default-seed-setup-runtime/source/packages/admin/tests/components/SetupWizard.test.tsx:[2m114:63[22m[39m
2026-10-06T01:10:54.6950839Z     [90m113|[39m    [33m<[39m[33mQueryWrapper[39m[33m>[39m
2026-10-06T01:10:54.6951305Z     [90m114|[39m     [33m<[39m[33mSetupWizard[39m [33m/[39m[33m>[39m
2026-10-06T01:10:54.6951823Z     [90m115|[39m    [33m<[39m[33m/[39m[33mQueryWrapper[39m[33m>[39m[33m,[39m
2026-10-06T01:10:54.6952210Z     [90m   |[39m   [31m^[39m
2026-10-06T01:10:54.6952479Z     [90m116|[39m   )[33m;[39m
2026-10-06T01:10:54.6952958Z     [90m117|[39m   await expect.element(screen.getByText("Set up your site")).toBeInThe…
2026-10-06T01:10:54.6953263Z 
2026-10-06T01:10:54.6983325Z [31m[1mCaused by: Error[22m: Matcher did not succeed in time.[39m
2026-10-06T01:10:54.6984021Z [36m [2m❯[22m parity/emdash/default-seed-setup-runtime/source/packages/admin/tests/components/SetupWizard.test.tsx:[2m114:4[22m[39m
2026-10-06T01:10:54.6984468Z 
2026-10-06T01:10:54.6984694Z [31m[2m⎯⎯⎯⎯⎯⎯⎯⎯⎯⎯⎯⎯⎯⎯⎯⎯⎯⎯⎯⎯⎯⎯⎯[2/18]⎯[22m[39m
2026-10-06T01:10:54.6984839Z 
2026-10-06T01:10:54.6985461Z [41m[1m FAIL [22m[49m [30m[43m chromium [49m[39m parity/emdash/default-seed-setup-runtime/source/packages/admin/tests/components/SetupWizard.test.tsx[2m > [22mSetupWizard[2m > [22mfilling title and clicking Next advances to admin step
2026-10-06T01:10:54.6986412Z [31m[1mVitestBrowserElementError[22m: Cannot find element with locator: page.getByText('Set up your site')
2026-10-06T01:10:54.6986720Z 
2026-10-06T01:10:54.6986839Z [36m<body>[31m
2026-10-06T01:10:54.6987028Z   [0m
2026-10-06T01:10:54.6987141Z   
2026-10-06T01:10:54.6987198Z 
2026-10-06T01:10:54.6987255Z [0m
2026-10-06T01:10:54.6987375Z   [36m<div>[31m
2026-10-06T01:10:54.6987564Z     [36m<div>[31m
2026-10-06T01:10:54.6987702Z       [90m<!---->[31m
2026-10-06T01:10:54.6987841Z       [36m<main>[31m
2026-10-06T01:10:54.6987977Z         [36m<h1>[31m
2026-10-06T01:10:54.6988153Z           [0mSet up Sveltery CMS[0m
2026-10-06T01:10:54.6988319Z         [36m</h1>[31m
2026-10-06T01:10:54.6988460Z         [0m [0m
2026-10-06T01:10:54.6988593Z         [36m<p>[31m
2026-10-06T01:10:54.6988849Z           [0mCreate the first administrator account and save a passkey to sign in.[0m
2026-10-06T01:10:54.6989085Z         [36m</p>[31m
2026-10-06T01:10:54.6989219Z         [0m [0m
2026-10-06T01:10:54.6989368Z         [36m<noscript />[31m
2026-10-06T01:10:54.6989521Z         [0m [0m
2026-10-06T01:10:54.6989655Z         [36m<form>[31m
2026-10-06T01:10:54.6989799Z           [36m<label[31m
2026-10-06T01:10:54.6990133Z             [33mclass[31m=[32m"svelte-flvp99"[31m
2026-10-06T01:10:54.6990313Z           [36m>[31m
2026-10-06T01:10:54.6990452Z             [0mEmail [0m
2026-10-06T01:10:54.6990617Z             [36m<input[31m
2026-10-06T01:10:54.6990810Z               [33mautocomplete[31m=[32m"email"[31m
2026-10-06T01:10:54.6991059Z               [33mclass[31m=[32m"svelte-flvp99"[31m
2026-10-06T01:10:54.6991270Z               [33mrequired[31m=[32m""[31m
2026-10-06T01:10:54.6991473Z               [33mtype[31m=[32m"email"[31m
2026-10-06T01:10:54.6991647Z             [36m/>[31m
2026-10-06T01:10:54.6991794Z           [36m</label>[31m
2026-10-06T01:10:54.6991937Z           [0m [0m
2026-10-06T01:10:54.6992073Z           [36m<label[31m
2026-10-06T01:10:54.6992252Z             [33mclass[31m=[32m"svelte-flvp99"[31m
2026-10-06T01:10:54.6992527Z           [36m>[31m
2026-10-06T01:10:54.6992730Z             [0mName [0m
2026-10-06T01:10:54.6992969Z             [36m<input[31m
2026-10-06T01:10:54.6993169Z               [33mautocomplete[31m=[32m"name"[31m
2026-10-06T01:10:54.6993385Z               [33mclass[31m=[32m"svelte-flvp99"[31m
2026-10-06T01:10:54.6993586Z               [33mtype[31m=[32m"text"[31m
2026-10-06T01:10:54.6993752Z             [36m/>[31m
2026-10-06T01:10:54.6993897Z           [36m</label>[31m
2026-10-06T01:10:54.6994042Z           [0m [0m
2026-10-06T01:10:54.6994179Z           [36m<button[31m
2026-10-06T01:10:54.6994447Z             [33mclass[31m=[32m"svelte-flvp99"[31m
2026-10-06T01:10:54.6994618Z           [36m>[31m
2026-10-06T01:10:54.6994792Z             [0mCreate administrator and passkey[0m
2026-10-06T01:10:54.6994973Z           [36m</button>[31m
2026-10-06T01:10:54.6995127Z         [36m</form>[31m
2026-10-06T01:10:54.6995263Z         [0m [0m
2026-10-06T01:10:54.6995391Z         [36m<form[31m
2026-10-06T01:10:54.6995562Z           [33maria-hidden[31m=[32m"true"[31m
2026-10-06T01:10:54.6995778Z           [33mfields[31m=[32m"[object Object]"[31m
2026-10-06T01:10:54.6995979Z           [33mhidden[31m=[32m""[31m
2026-10-06T01:10:54.6996164Z           [33mpending[31m=[32m"0"[31m
2026-10-06T01:10:54.6996468Z         [36m>[31m
2026-10-06T01:10:54.6996603Z           [36m<input[31m
2026-10-06T01:10:54.6996783Z             [33mclass[31m=[32m"svelte-flvp99"[31m
2026-10-06T01:10:54.6996988Z             [33mtype[31m=[32m"hidden"[31m
2026-10-06T01:10:54.6997176Z             [33mvalue[31m=[32m""[31m
2026-10-06T01:10:54.6997342Z           [36m/>[31m
2026-10-06T01:10:54.6997484Z         [36m</form>[31m
2026-10-06T01:10:54.6997619Z         [0m [0m
2026-10-06T01:10:54.6997751Z         [90m<!---->[31m
2026-10-06T01:10:54.6997887Z         [0m [0m
2026-10-06T01:10:54.6998016Z         [90m<!---->[31m
2026-10-06T01:10:54.6998155Z         [90m<!---->[31m
2026-10-06T01:10:54.6998293Z         [90m<!---->[31m
2026-10-06T01:10:54.6998434Z       [36m</main>[31m
2026-10-06T01:10:54.6998568Z       [0m[0m
2026-10-06T01:10:54.6998695Z       [0m[0m
2026-10-06T01:10:54.6998824Z     [36m</div>[31m
2026-10-06T01:10:54.6998957Z   [36m</div>[31m
2026-10-06T01:10:54.6999094Z [36m</body>[31m[39m
2026-10-06T01:10:54.6999170Z 
2026-10-06T01:10:54.6999230Z Failure screenshot:
2026-10-06T01:10:54.6999816Z   - [2mparity/emdash/default-seed-setup-runtime/source/packages/admin/tests/components/__screenshots__/SetupWizard.test.tsx/SetupWizard-filling-title-and-clicking-Next-advances-to-admin-step-1.png[22m
2026-10-06T01:10:54.7000245Z 
2026-10-06T01:10:54.7000603Z [36m [2m❯[22m parity/emdash/default-seed-setup-runtime/source/packages/admin/tests/components/SetupWizard.test.tsx:[2m125:63[22m[39m
2026-10-06T01:10:54.7000968Z     [90m124|[39m  })[33m;[39m
2026-10-06T01:10:54.7001118Z     [90m125|[39m
2026-10-06T01:10:54.7001377Z     [90m126|[39m  it("does not present media usage tracking as an onboarding choice", a…
2026-10-06T01:10:54.7001754Z     [90m   |[39m                                                              [31m^[39m
2026-10-06T01:10:54.7002066Z     [90m127|[39m   [35mconst[39m screen [33m=[39m [35mawait[39m [34mrender[39m(
2026-10-06T01:10:54.7002366Z     [90m128|[39m    [33m<[39m[33mQueryWrapper[39m[33m>[39m
2026-10-06T01:10:54.7002498Z 
2026-10-06T01:10:54.7013996Z [31m[1mCaused by: Error[22m: Matcher did not succeed in time.[39m
2026-10-06T01:10:54.7014748Z [36m [2m❯[22m parity/emdash/default-seed-setup-runtime/source/packages/admin/tests/components/SetupWizard.test.tsx:[2m125:4[22m[39m
2026-10-06T01:10:54.7015219Z 
2026-10-06T01:10:54.7015440Z [31m[2m⎯⎯⎯⎯⎯⎯⎯⎯⎯⎯⎯⎯⎯⎯⎯⎯⎯⎯⎯⎯⎯⎯⎯[3/18]⎯[22m[39m
2026-10-06T01:10:54.7015615Z 
2026-10-06T01:10:54.7016566Z [41m[1m FAIL [22m[49m [30m[43m chromium [49m[39m parity/emdash/default-seed-setup-runtime/source/packages/admin/tests/components/SetupWizard.test.tsx[2m > [22mSetupWizard[2m > [22mdoes not present media usage tracking as an onboarding choice
2026-10-06T01:10:54.7017299Z [31m[1mVitestBrowserElementError[22m: Cannot find element with locator: page.getByText('Set up your site')
2026-10-06T01:10:54.7017596Z 
2026-10-06T01:10:54.7017657Z [36m<body>[31m
2026-10-06T01:10:54.7017785Z   [0m
2026-10-06T01:10:54.7017890Z   
2026-10-06T01:10:54.7017949Z 
2026-10-06T01:10:54.7018003Z [0m
2026-10-06T01:10:54.7018120Z   [36m<div>[31m
2026-10-06T01:10:54.7018251Z     [36m<div>[31m
2026-10-06T01:10:54.7018386Z       [90m<!---->[31m
2026-10-06T01:10:54.7018522Z       [36m<main>[31m
2026-10-06T01:10:54.7018755Z         [36m<h1>[31m
2026-10-06T01:10:54.7018996Z           [0mSet up Sveltery CMS[0m
2026-10-06T01:10:54.7019231Z         [36m</h1>[31m
2026-10-06T01:10:54.7019424Z         [0m [0m
2026-10-06T01:10:54.7019611Z         [36m<p>[31m
2026-10-06T01:10:54.7019990Z           [0mCreate the first administrator account and save a passkey to sign in.[0m
2026-10-06T01:10:54.7020340Z         [36m</p>[31m
2026-10-06T01:10:54.7020472Z         [0m [0m
2026-10-06T01:10:54.7020620Z         [36m<noscript />[31m
2026-10-06T01:10:54.7020771Z         [0m [0m
2026-10-06T01:10:54.7020905Z         [36m<form>[31m
2026-10-06T01:10:54.7021051Z           [36m<label[31m
2026-10-06T01:10:54.7021239Z             [33mclass[31m=[32m"svelte-flvp99"[31m
2026-10-06T01:10:54.7021414Z           [36m>[31m
2026-10-06T01:10:54.7021552Z             [0mEmail [0m
2026-10-06T01:10:54.7021697Z             [36m<input[31m
2026-10-06T01:10:54.7021891Z               [33mautocomplete[31m=[32m"email"[31m
2026-10-06T01:10:54.7022113Z               [33mclass[31m=[32m"svelte-flvp99"[31m
2026-10-06T01:10:54.7022316Z               [33mrequired[31m=[32m""[31m
2026-10-06T01:10:54.7022513Z               [33mtype[31m=[32m"email"[31m
2026-10-06T01:10:54.7022681Z             [36m/>[31m
2026-10-06T01:10:54.7022823Z           [36m</label>[31m
2026-10-06T01:10:54.7022967Z           [0m [0m
2026-10-06T01:10:54.7023103Z           [36m<label[31m
2026-10-06T01:10:54.7023283Z             [33mclass[31m=[32m"svelte-flvp99"[31m
2026-10-06T01:10:54.7023456Z           [36m>[31m
2026-10-06T01:10:54.7023597Z             [0mName [0m
2026-10-06T01:10:54.7023740Z             [36m<input[31m
2026-10-06T01:10:54.7023920Z               [33mautocomplete[31m=[32m"name"[31m
2026-10-06T01:10:54.7024133Z               [33mclass[31m=[32m"svelte-flvp99"[31m
2026-10-06T01:10:54.7024334Z               [33mtype[31m=[32m"text"[31m
2026-10-06T01:10:54.7024500Z             [36m/>[31m
2026-10-06T01:10:54.7024645Z           [36m</label>[31m
2026-10-06T01:10:54.7024785Z           [0m [0m
2026-10-06T01:10:54.7024920Z           [36m<button[31m
2026-10-06T01:10:54.7025106Z             [33mclass[31m=[32m"svelte-flvp99"[31m
2026-10-06T01:10:54.7025274Z           [36m>[31m
2026-10-06T01:10:54.7025448Z             [0mCreate administrator and passkey[0m
2026-10-06T01:10:54.7025630Z           [36m</button>[31m
2026-10-06T01:10:54.7025880Z         [36m</form>[31m
2026-10-06T01:10:54.7026129Z         [0m [0m
2026-10-06T01:10:54.7026499Z         [36m<form[31m
2026-10-06T01:10:54.7026776Z           [33maria-hidden[31m=[32m"true"[31m
2026-10-06T01:10:54.7027137Z           [33mfields[31m=[32m"[object Object]"[31m
2026-10-06T01:10:54.7027461Z           [33mhidden[31m=[32m""[31m
2026-10-06T01:10:54.7027762Z           [33mpending[31m=[32m"0"[31m
2026-10-06T01:10:54.7028016Z         [36m>[31m
2026-10-06T01:10:54.7028227Z           [36m<input[31m
2026-10-06T01:10:54.7028531Z             [33mclass[31m=[32m"svelte-flvp99"[31m
2026-10-06T01:10:54.7028869Z             [33mtype[31m=[32m"hidden"[31m
2026-10-06T01:10:54.7029176Z             [33mvalue[31m=[32m""[31m
2026-10-06T01:10:54.7029431Z           [36m/>[31m
2026-10-06T01:10:54.7029648Z         [36m</form>[31m
2026-10-06T01:10:54.7029869Z         [0m [0m
2026-10-06T01:10:54.7030071Z         [90m<!---->[31m
2026-10-06T01:10:54.7030282Z         [0m [0m
2026-10-06T01:10:54.7030479Z         [90m<!---->[31m
2026-10-06T01:10:54.7030695Z         [90m<!---->[31m
2026-10-06T01:10:54.7030914Z         [90m<!---->[31m
2026-10-06T01:10:54.7031145Z       [36m</main>[31m
2026-10-06T01:10:54.7031359Z       [0m[0m
2026-10-06T01:10:54.7031546Z       [0m[0m
2026-10-06T01:10:54.7031674Z     [36m</div>[31m
2026-10-06T01:10:54.7031810Z   [36m</div>[31m
2026-10-06T01:10:54.7031949Z [36m</body>[31m[39m
2026-10-06T01:10:54.7032025Z 
2026-10-06T01:10:54.7032082Z Failure screenshot:
2026-10-06T01:10:54.7032697Z   - [2mparity/emdash/default-seed-setup-runtime/source/packages/admin/tests/components/__screenshots__/SetupWizard.test.tsx/SetupWizard-does-not-present-media-usage-tracking-as-an-onboarding-choice-1.png[22m
2026-10-06T01:10:54.7033190Z 
2026-10-06T01:10:54.7033547Z [36m [2m❯[22m parity/emdash/default-seed-setup-runtime/source/packages/admin/tests/components/SetupWizard.test.tsx:[2m137:63[22m[39m
2026-10-06T01:10:54.7033896Z     [90m135|[39m
2026-10-06T01:10:54.7034207Z     [90m136|[39m  [34mit[39m([32m"admin step shows email input"[39m[33m,[39m [35masync[39m () [33m=>[39m {
2026-10-06T01:10:54.7034586Z     [90m137|[39m   [35mconst[39m screen [33m=[39m [35mawait[39m [34mrender[39m(
2026-10-06T01:10:54.7034903Z     [90m   |[39m                                                               [31m^[39m
2026-10-06T01:10:54.7035170Z     [90m138|[39m    [33m<[39m[33mQueryWrapper[39m[33m>[39m
2026-10-06T01:10:54.7035453Z     [90m139|[39m     [33m<[39m[33mSetupWizard[39m [33m/[39m[33m>[39m
2026-10-06T01:10:54.7035606Z 
2026-10-06T01:10:54.7050865Z [31m[1mCaused by: Error[22m: Matcher did not succeed in time.[39m
2026-10-06T01:10:54.7051539Z [36m [2m❯[22m parity/emdash/default-seed-setup-runtime/source/packages/admin/tests/components/SetupWizard.test.tsx:[2m137:4[22m[39m
2026-10-06T01:10:54.7051949Z 
2026-10-06T01:10:54.7052183Z [31m[2m⎯⎯⎯⎯⎯⎯⎯⎯⎯⎯⎯⎯⎯⎯⎯⎯⎯⎯⎯⎯⎯⎯⎯[4/18]⎯[22m[39m
2026-10-06T01:10:54.7052303Z 
2026-10-06T01:10:54.7052861Z [41m[1m FAIL [22m[49m [30m[43m chromium [49m[39m parity/emdash/default-seed-setup-runtime/source/packages/admin/tests/components/SetupWizard.test.tsx[2m > [22mSetupWizard[2m > [22madmin step shows email input
2026-10-06T01:10:54.7053528Z [31m[1mVitestBrowserElementError[22m: Cannot find element with locator: page.getByText('Set up your site')
2026-10-06T01:10:54.7053823Z 
2026-10-06T01:10:54.7053934Z [36m<body>[31m
2026-10-06T01:10:54.7054102Z   [0m
2026-10-06T01:10:54.7054209Z   
2026-10-06T01:10:54.7054266Z 
2026-10-06T01:10:54.7054328Z [0m
2026-10-06T01:10:54.7054448Z   [36m<div>[31m
2026-10-06T01:10:54.7054580Z     [36m<div>[31m
2026-10-06T01:10:54.7054715Z       [90m<!---->[31m
2026-10-06T01:10:54.7054879Z       [36m<main>[31m
2026-10-06T01:10:54.7055084Z         [36m<h1>[31m
2026-10-06T01:10:54.7055334Z           [0mSet up Sveltery CMS[0m
2026-10-06T01:10:54.7055586Z         [36m</h1>[31m
2026-10-06T01:10:54.7055787Z         [0m [0m
2026-10-06T01:10:54.7055981Z         [36m<p>[31m
2026-10-06T01:10:54.7056585Z           [0mCreate the first administrator account and save a passkey to sign in.[0m
2026-10-06T01:10:54.7056978Z         [36m</p>[31m
2026-10-06T01:10:54.7057186Z         [0m [0m
2026-10-06T01:10:54.7057416Z         [36m<noscript />[31m
2026-10-06T01:10:54.7057639Z         [0m [0m
2026-10-06T01:10:54.7057839Z         [36m<form>[31m
2026-10-06T01:10:54.7058066Z           [36m<label[31m
2026-10-06T01:10:54.7058367Z             [33mclass[31m=[32m"svelte-flvp99"[31m
2026-10-06T01:10:54.7058639Z           [36m>[31m
2026-10-06T01:10:54.7058856Z             [0mEmail [0m
2026-10-06T01:10:54.7059088Z             [36m<input[31m
2026-10-06T01:10:54.7059400Z               [33mautocomplete[31m=[32m"email"[31m
2026-10-06T01:10:54.7059699Z               [33mclass[31m=[32m"svelte-flvp99"[31m
2026-10-06T01:10:54.7059906Z               [33mrequired[31m=[32m""[31m
2026-10-06T01:10:54.7060104Z               [33mtype[31m=[32m"email"[31m
2026-10-06T01:10:54.7060277Z             [36m/>[31m
2026-10-06T01:10:54.7060431Z           [36m</label>[31m
2026-10-06T01:10:54.7060574Z           [0m [0m
2026-10-06T01:10:54.7060714Z           [36m<label[31m
2026-10-06T01:10:54.7060897Z             [33mclass[31m=[32m"svelte-flvp99"[31m
2026-10-06T01:10:54.7061069Z           [36m>[31m
2026-10-06T01:10:54.7061207Z             [0mName [0m
2026-10-06T01:10:54.7061356Z             [36m<input[31m
2026-10-06T01:10:54.7061541Z               [33mautocomplete[31m=[32m"name"[31m
2026-10-06T01:10:54.7061842Z               [33mclass[31m=[32m"svelte-flvp99"[31m
2026-10-06T01:10:54.7062049Z               [33mtype[31m=[32m"text"[31m
2026-10-06T01:10:54.7062216Z             [36m/>[31m
2026-10-06T01:10:54.7062361Z           [36m</label>[31m
2026-10-06T01:10:54.7062510Z           [0m [0m
2026-10-06T01:10:54.7062646Z           [36m<button[31m
2026-10-06T01:10:54.7062833Z             [33mclass[31m=[32m"svelte-flvp99"[31m
2026-10-06T01:10:54.7063007Z           [36m>[31m
2026-10-06T01:10:54.7063189Z             [0mCreate administrator and passkey[0m
2026-10-06T01:10:54.7063373Z           [36m</button>[31m
2026-10-06T01:10:54.7063528Z         [36m</form>[31m
2026-10-06T01:10:54.7063664Z         [0m [0m
2026-10-06T01:10:54.7063795Z         [36m<form[31m
2026-10-06T01:10:54.7063966Z           [33maria-hidden[31m=[32m"true"[31m
2026-10-06T01:10:54.7064183Z           [33mfields[31m=[32m"[object Object]"[31m
2026-10-06T01:10:54.7064385Z           [33mhidden[31m=[32m""[31m
2026-10-06T01:10:54.7064580Z           [33mpending[31m=[32m"0"[31m
2026-10-06T01:10:54.7064842Z         [36m>[31m
2026-10-06T01:10:54.7065013Z           [36m<input[31m
2026-10-06T01:10:54.7065198Z             [33mclass[31m=[32m"svelte-flvp99"[31m
2026-10-06T01:10:54.7065403Z             [33mtype[31m=[32m"hidden"[31m
2026-10-06T01:10:54.7065591Z             [33mvalue[31m=[32m""[31m
2026-10-06T01:10:54.7065750Z           [36m/>[31m
2026-10-06T01:10:54.7065891Z         [36m</form>[31m
2026-10-06T01:10:54.7066031Z         [0m [0m
2026-10-06T01:10:54.7066164Z         [90m<!---->[31m
2026-10-06T01:10:54.7066596Z         [0m [0m
2026-10-06T01:10:54.7066787Z         [90m<!---->[31m
2026-10-06T01:10:54.7066992Z         [90m<!---->[31m
2026-10-06T01:10:54.7067154Z         [90m<!---->[31m
2026-10-06T01:10:54.7067294Z       [36m</main>[31m
2026-10-06T01:10:54.7067428Z       [0m[0m
2026-10-06T01:10:54.7067550Z       [0m[0m
2026-10-06T01:10:54.7067679Z     [36m</div>[31m
2026-10-06T01:10:54.7067815Z   [36m</div>[31m
2026-10-06T01:10:54.7067952Z [36m</body>[31m[39m
2026-10-06T01:10:54.7068029Z 
2026-10-06T01:10:54.7068090Z Failure screenshot:
2026-10-06T01:10:54.7068597Z   - [2mparity/emdash/default-seed-setup-runtime/source/packages/admin/tests/components/__screenshots__/SetupWizard.test.tsx/SetupWizard-admin-step-shows-email-input-1.png[22m
2026-10-06T01:10:54.7068960Z 
2026-10-06T01:10:54.7069380Z [36m [2m❯[22m parity/emdash/default-seed-setup-runtime/source/packages/admin/tests/components/SetupWizard.test.tsx:[2m146:63[22m[39m
2026-10-06T01:10:54.7069945Z     [90m145|[39m   [35mawait[39m screen[33m.[39m[34mgetByText[39m([32m"Continue →"[39m)[33m.[39m[34mclick[39m()[33m;[39m
2026-10-06T01:10:54.7070316Z     [90m146|[39m   [90m// Should see email input on admin step[39m
2026-10-06T01:10:54.7070656Z     [90m147|[39m   await expect.element(screen.getByText("Create your account")).toBeIn…
2026-10-06T01:10:54.7070924Z     [90m   |[39m           [31m^[39m
2026-10-06T01:10:54.7071219Z     [90m148|[39m   await expect.element(screen.getByPlaceholder("you@example.com")).toB…
2026-10-06T01:10:54.7071483Z     [90m149|[39m  })[33m;[39m
2026-10-06T01:10:54.7071575Z 
2026-10-06T01:10:54.7075665Z [31m[1mCaused by: Error[22m: Matcher did not succeed in time.[39m
2026-10-06T01:10:54.7076453Z [36m [2m❯[22m parity/emdash/default-seed-setup-runtime/source/packages/admin/tests/components/SetupWizard.test.tsx:[2m146:4[22m[39m
2026-10-06T01:10:54.7076729Z 
2026-10-06T01:10:54.7076869Z [31m[2m⎯⎯⎯⎯⎯⎯⎯⎯⎯⎯⎯⎯⎯⎯⎯⎯⎯⎯⎯⎯⎯⎯⎯[5/18]⎯[22m[39m
2026-10-06T01:10:54.7077054Z 
2026-10-06T01:10:54.7077718Z [41m[1m FAIL [22m[49m [30m[43m chromium [49m[39m parity/emdash/default-seed-setup-runtime/source/packages/admin/tests/components/SetupWizard.test.tsx[2m > [22mSetupWizard[2m > [22mempty email prevents advancing on admin step
2026-10-06T01:10:54.7078428Z [31m[1mVitestBrowserElementError[22m: Cannot find element with locator: page.getByText('Set up your site')
2026-10-06T01:10:54.7078831Z 
2026-10-06T01:10:54.7078893Z [36m<body>[31m
2026-10-06T01:10:54.7079020Z   [0m
2026-10-06T01:10:54.7079128Z   
2026-10-06T01:10:54.7079184Z 
2026-10-06T01:10:54.7079240Z [0m
2026-10-06T01:10:54.7079359Z   [36m<div>[31m
2026-10-06T01:10:54.7079492Z     [36m<div>[31m
2026-10-06T01:10:54.7079628Z       [90m<!---->[31m
2026-10-06T01:10:54.7079765Z       [36m<main>[31m
2026-10-06T01:10:54.7079904Z         [36m<h1>[31m
2026-10-06T01:10:54.7080064Z           [0mSet up Sveltery CMS[0m
2026-10-06T01:10:54.7080231Z         [36m</h1>[31m
2026-10-06T01:10:54.7080363Z         [0m [0m
2026-10-06T01:10:54.7080491Z         [36m<p>[31m
2026-10-06T01:10:54.7080741Z           [0mCreate the first administrator account and save a passkey to sign in.[0m
2026-10-06T01:10:54.7080977Z         [36m</p>[31m
2026-10-06T01:10:54.7081109Z         [0m [0m
2026-10-06T01:10:54.7081253Z         [36m<noscript />[31m
2026-10-06T01:10:54.7081399Z         [0m [0m
2026-10-06T01:10:54.7081537Z         [36m<form>[31m
2026-10-06T01:10:54.7081681Z           [36m<label[31m
2026-10-06T01:10:54.7081867Z             [33mclass[31m=[32m"svelte-flvp99"[31m
2026-10-06T01:10:54.7082041Z           [36m>[31m
2026-10-06T01:10:54.7082178Z             [0mEmail [0m
2026-10-06T01:10:54.7082326Z             [36m<input[31m
2026-10-06T01:10:54.7082517Z               [33mautocomplete[31m=[32m"email"[31m
2026-10-06T01:10:54.7082734Z               [33mclass[31m=[32m"svelte-flvp99"[31m
2026-10-06T01:10:54.7082943Z               [33mrequired[31m=[32m""[31m
2026-10-06T01:10:54.7083220Z               [33mtype[31m=[32m"email"[31m
2026-10-06T01:10:54.7083468Z             [36m/>[31m
2026-10-06T01:10:54.7083614Z           [36m</label>[31m
2026-10-06T01:10:54.7083757Z           [0m [0m
2026-10-06T01:10:54.7083895Z           [36m<label[31m
2026-10-06T01:10:54.7084180Z             [33mclass[31m=[32m"svelte-flvp99"[31m
2026-10-06T01:10:54.7084448Z           [36m>[31m
2026-10-06T01:10:54.7084671Z             [0mName [0m
2026-10-06T01:10:54.7084901Z             [36m<input[31m
2026-10-06T01:10:54.7085198Z               [33mautocomplete[31m=[32m"name"[31m
2026-10-06T01:10:54.7085557Z               [33mclass[31m=[32m"svelte-flvp99"[31m
2026-10-06T01:10:54.7085890Z               [33mtype[31m=[32m"text"[31m
2026-10-06T01:10:54.7086157Z             [36m/>[31m
2026-10-06T01:10:54.7086462Z           [36m</label>[31m
2026-10-06T01:10:54.7086681Z           [0m [0m
2026-10-06T01:10:54.7086964Z           [36m<button[31m
2026-10-06T01:10:54.7087267Z             [33mclass[31m=[32m"svelte-flvp99"[31m
2026-10-06T01:10:54.7087548Z           [36m>[31m
2026-10-06T01:10:54.7087757Z             [0mCreate administrator and passkey[0m
2026-10-06T01:10:54.7087941Z           [36m</button>[31m
2026-10-06T01:10:54.7088095Z         [36m</form>[31m
2026-10-06T01:10:54.7088233Z         [0m [0m
2026-10-06T01:10:54.7088363Z         [36m<form[31m
2026-10-06T01:10:54.7088539Z           [33maria-hidden[31m=[32m"true"[31m
2026-10-06T01:10:54.7088751Z           [33mfields[31m=[32m"[object Object]"[31m
2026-10-06T01:10:54.7088951Z           [33mhidden[31m=[32m""[31m
2026-10-06T01:10:54.7089137Z           [33mpending[31m=[32m"0"[31m
2026-10-06T01:10:54.7089294Z         [36m>[31m
2026-10-06T01:10:54.7089428Z           [36m<input[31m
2026-10-06T01:10:54.7089608Z             [33mclass[31m=[32m"svelte-flvp99"[31m
2026-10-06T01:10:54.7089812Z             [33mtype[31m=[32m"hidden"[31m
2026-10-06T01:10:54.7090006Z             [33mvalue[31m=[32m""[31m
2026-10-06T01:10:54.7090163Z           [36m/>[31m
2026-10-06T01:10:54.7090303Z         [36m</form>[31m
2026-10-06T01:10:54.7090438Z         [0m [0m
2026-10-06T01:10:54.7090567Z         [90m<!---->[31m
2026-10-06T01:10:54.7090704Z         [0m [0m
2026-10-06T01:10:54.7090833Z         [90m<!---->[31m
2026-10-06T01:10:54.7090981Z         [90m<!---->[31m
2026-10-06T01:10:54.7091123Z         [90m<!---->[31m
2026-10-06T01:10:54.7091311Z       [36m</main>[31m
2026-10-06T01:10:54.7091444Z       [0m[0m
2026-10-06T01:10:54.7091569Z       [0m[0m
2026-10-06T01:10:54.7091695Z     [36m</div>[31m
2026-10-06T01:10:54.7091826Z   [36m</div>[31m
2026-10-06T01:10:54.7091964Z [36m</body>[31m[39m
2026-10-06T01:10:54.7092039Z 
2026-10-06T01:10:54.7092099Z Failure screenshot:
2026-10-06T01:10:54.7092657Z   - [2mparity/emdash/default-seed-setup-runtime/source/packages/admin/tests/components/__screenshots__/SetupWizard.test.tsx/SetupWizard-empty-email-prevents-advancing-on-admin-step-1.png[22m
2026-10-06T01:10:54.7093064Z 
2026-10-06T01:10:54.7093415Z [36m [2m❯[22m parity/emdash/default-seed-setup-runtime/source/packages/admin/tests/components/SetupWizard.test.tsx:[2m158:63[22m[39m
2026-10-06T01:10:54.7093879Z     [90m157|[39m   await expect.element(screen.getByText("Set up your site")).toBeInThe…
2026-10-06T01:10:54.7094180Z     [90m158|[39m   [90m// Fill title and advance[39m
2026-10-06T01:10:54.7094650Z     [90m159|[39m   [35mawait[39m screen[33m.[39m[34mgetByPlaceholder[39m([32m"My Awesome Blog"[39m)[33m.[39m[34mfill[39m([32m"Test Site"[39m)[33m;[39m
2026-10-06T01:10:54.7095033Z     [90m   |[39m                         [31m^[39m
2026-10-06T01:10:54.7095409Z     [90m160|[39m   [35mawait[39m screen[33m.[39m[34mgetByText[39m([32m"Continue →"[39m)[33m.[39m[34mclick[39m()[33m;[39m
2026-10-06T01:10:54.7095826Z     [90m161|[39m   await expect.element(screen.getByText("Create your account")).toBeIn…
2026-10-06T01:10:54.7096012Z 
2026-10-06T01:10:54.7106532Z [31m[1mCaused by: Error[22m: Matcher did not succeed in time.[39m
2026-10-06T01:10:54.7107301Z [36m [2m❯[22m parity/emdash/default-seed-setup-runtime/source/packages/admin/tests/components/SetupWizard.test.tsx:[2m158:4[22m[39m
2026-10-06T01:10:54.7107573Z 
2026-10-06T01:10:54.7107743Z [31m[2m⎯⎯⎯⎯⎯⎯⎯⎯⎯⎯⎯⎯⎯⎯⎯⎯⎯⎯⎯⎯⎯⎯⎯[6/18]⎯[22m[39m
2026-10-06T01:10:54.7107923Z 
2026-10-06T01:10:54.7108700Z [41m[1m FAIL [22m[49m [30m[43m chromium [49m[39m parity/emdash/default-seed-setup-runtime/source/packages/admin/tests/components/SetupWizard.test.tsx[2m > [22mSetupWizard[2m > [22mstep indicator shows three steps
2026-10-06T01:10:54.7109390Z [31m[1mVitestBrowserElementError[22m: Cannot find element with locator: page.getByText('Set up your site')
2026-10-06T01:10:54.7109746Z 
2026-10-06T01:10:54.7109841Z [36m<body>[31m
2026-10-06T01:10:54.7109969Z   [0m
2026-10-06T01:10:54.7110071Z   
2026-10-06T01:10:54.7110130Z 
2026-10-06T01:10:54.7110232Z [0m
2026-10-06T01:10:54.7110352Z   [36m<div>[31m
2026-10-06T01:10:54.7110480Z     [36m<div>[31m
2026-10-06T01:10:54.7110615Z       [90m<!---->[31m
2026-10-06T01:10:54.7110757Z       [36m<main>[31m
2026-10-06T01:10:54.7110893Z         [36m<h1>[31m
2026-10-06T01:10:54.7111053Z           [0mSet up Sveltery CMS[0m
2026-10-06T01:10:54.7111220Z         [36m</h1>[31m
2026-10-06T01:10:54.7111350Z         [0m [0m
2026-10-06T01:10:54.7111475Z         [36m<p>[31m
2026-10-06T01:10:54.7111730Z           [0mCreate the first administrator account and save a passkey to sign in.[0m
2026-10-06T01:10:54.7111965Z         [36m</p>[31m
2026-10-06T01:10:54.7112096Z         [0m [0m
2026-10-06T01:10:54.7112244Z         [36m<noscript />[31m
2026-10-06T01:10:54.7112394Z         [0m [0m
2026-10-06T01:10:54.7112525Z         [36m<form>[31m
2026-10-06T01:10:54.7112669Z           [36m<label[31m
2026-10-06T01:10:54.7112856Z             [33mclass[31m=[32m"svelte-flvp99"[31m
2026-10-06T01:10:54.7113036Z           [36m>[31m
2026-10-06T01:10:54.7113173Z             [0mEmail [0m
2026-10-06T01:10:54.7113321Z             [36m<input[31m
2026-10-06T01:10:54.7113510Z               [33mautocomplete[31m=[32m"email"[31m
2026-10-06T01:10:54.7113727Z               [33mclass[31m=[32m"svelte-flvp99"[31m
2026-10-06T01:10:54.7113932Z               [33mrequired[31m=[32m""[31m
2026-10-06T01:10:54.7114126Z               [33mtype[31m=[32m"email"[31m
2026-10-06T01:10:54.7114338Z             [36m/>[31m
2026-10-06T01:10:54.7114481Z           [36m</label>[31m
2026-10-06T01:10:54.7114627Z           [0m [0m
2026-10-06T01:10:54.7114763Z           [36m<label[31m
2026-10-06T01:10:54.7114943Z             [33mclass[31m=[32m"svelte-flvp99"[31m
2026-10-06T01:10:54.7115119Z           [36m>[31m
2026-10-06T01:10:54.7115257Z             [0mName [0m
2026-10-06T01:10:54.7115403Z             [36m<input[31m
2026-10-06T01:10:54.7115589Z               [33mautocomplete[31m=[32m"name"[31m
2026-10-06T01:10:54.7115809Z               [33mclass[31m=[32m"svelte-flvp99"[31m
2026-10-06T01:10:54.7116012Z               [33mtype[31m=[32m"text"[31m
2026-10-06T01:10:54.7116298Z             [36m/>[31m
2026-10-06T01:10:54.7116454Z           [36m</label>[31m
2026-10-06T01:10:54.7116600Z           [0m [0m
2026-10-06T01:10:54.7116738Z           [36m<button[31m
2026-10-06T01:10:54.7116926Z             [33mclass[31m=[32m"svelte-flvp99"[31m
2026-10-06T01:10:54.7117102Z           [36m>[31m
2026-10-06T01:10:54.7117276Z             [0mCreate administrator and passkey[0m
2026-10-06T01:10:54.7117462Z           [36m</button>[31m
2026-10-06T01:10:54.7117613Z         [36m</form>[31m
2026-10-06T01:10:54.7117749Z         [0m [0m
2026-10-06T01:10:54.7117956Z         [36m<form[31m
2026-10-06T01:10:54.7118204Z           [33maria-hidden[31m=[32m"true"[31m
2026-10-06T01:10:54.7118519Z           [33mfields[31m=[32m"[object Object]"[31m
2026-10-06T01:10:54.7118832Z           [33mhidden[31m=[32m""[31m
2026-10-06T01:10:54.7119108Z           [33mpending[31m=[32m"0"[31m
2026-10-06T01:10:54.7119338Z         [36m>[31m
2026-10-06T01:10:54.7119540Z           [36m<input[31m
2026-10-06T01:10:54.7119816Z             [33mclass[31m=[32m"svelte-flvp99"[31m
2026-10-06T01:10:54.7120115Z             [33mtype[31m=[32m"hidden"[31m
2026-10-06T01:10:54.7120306Z             [33mvalue[31m=[32m""[31m
2026-10-06T01:10:54.7120464Z           [36m/>[31m
2026-10-06T01:10:54.7120605Z         [36m</form>[31m
2026-10-06T01:10:54.7120741Z         [0m [0m
2026-10-06T01:10:54.7120875Z         [90m<!---->[31m
2026-10-06T01:10:54.7121008Z         [0m [0m
2026-10-06T01:10:54.7121139Z         [90m<!---->[31m
2026-10-06T01:10:54.7121280Z         [90m<!---->[31m
2026-10-06T01:10:54.7121418Z         [90m<!---->[31m
2026-10-06T01:10:54.7121555Z       [36m</main>[31m
2026-10-06T01:10:54.7121690Z       [0m[0m
2026-10-06T01:10:54.7121810Z       [0m[0m
2026-10-06T01:10:54.7121935Z     [36m</div>[31m
2026-10-06T01:10:54.7122117Z   [36m</div>[31m
2026-10-06T01:10:54.7122257Z [36m</body>[31m[39m
2026-10-06T01:10:54.7122329Z 
2026-10-06T01:10:54.7122388Z Failure screenshot:
2026-10-06T01:10:54.7122902Z   - [2mparity/emdash/default-seed-setup-runtime/source/packages/admin/tests/components/__screenshots__/SetupWizard.test.tsx/SetupWizard-step-indicator-shows-three-steps-1.png[22m
2026-10-06T01:10:54.7123273Z 
2026-10-06T01:10:54.7123622Z [36m [2m❯[22m parity/emdash/default-seed-setup-runtime/source/packages/admin/tests/components/SetupWizard.test.tsx:[2m172:63[22m[39m
2026-10-06T01:10:54.7124035Z     [90m170|[39m    [33m<[39m[33mQueryWrapper[39m[33m>[39m
2026-10-06T01:10:54.7124318Z     [90m171|[39m     [33m<[39m[33mSetupWizard[39m [33m/[39m[33m>[39m
2026-10-06T01:10:54.7124624Z     [90m172|[39m    [33m<[39m[33m/[39m[33mQueryWrapper[39m[33m>[39m[33m,[39m
2026-10-06T01:10:54.7124924Z     [90m   |[39m                                                               [31m^[39m
2026-10-06T01:10:54.7125153Z     [90m173|[39m   )[33m;[39m
2026-10-06T01:10:54.7125430Z     [90m174|[39m   await expect.element(screen.getByText("Set up your site")).toBeInThe…
2026-10-06T01:10:54.7125607Z 
2026-10-06T01:10:54.7131608Z [31m[1mCaused by: Error[22m: Matcher did not succeed in time.[39m
2026-10-06T01:10:54.7132475Z [36m [2m❯[22m parity/emdash/default-seed-setup-runtime/source/packages/admin/tests/components/SetupWizard.test.tsx:[2m172:4[22m[39m
2026-10-06T01:10:54.7133098Z 
2026-10-06T01:10:54.7133295Z [31m[2m⎯⎯⎯⎯⎯⎯⎯⎯⎯⎯⎯⎯⎯⎯⎯⎯⎯⎯⎯⎯⎯⎯⎯[7/18]⎯[22m[39m
2026-10-06T01:10:54.7133409Z 
2026-10-06T01:10:54.7134038Z [41m[1m FAIL [22m[49m [30m[43m chromium [49m[39m parity/emdash/default-seed-setup-runtime/source/packages/admin/tests/components/SetupWizard.test.tsx[2m > [22mSetupWizard[2m > [22mprefills title and tagline from seedInfo
2026-10-06T01:10:54.7135204Z [31m[1mVitestBrowserElementError[22m: Cannot find element with locator: page.getByText('Set up your site')
2026-10-06T01:10:54.7135600Z 
2026-10-06T01:10:54.7135698Z [36m<body>[31m
2026-10-06T01:10:54.7135897Z   [0m
2026-10-06T01:10:54.7136056Z   
2026-10-06T01:10:54.7136149Z 
2026-10-06T01:10:54.7136351Z [0m
2026-10-06T01:10:54.7136542Z   [36m<div>[31m
2026-10-06T01:10:54.7136757Z     [36m<div>[31m
2026-10-06T01:10:54.7136977Z       [90m<!---->[31m
2026-10-06T01:10:54.7137197Z       [36m<main>[31m
2026-10-06T01:10:54.7137418Z         [36m<h1>[31m
2026-10-06T01:10:54.7137697Z           [0mSet up Sveltery CMS[0m
2026-10-06T01:10:54.7137971Z         [36m</h1>[31m
2026-10-06T01:10:54.7138185Z         [0m [0m
2026-10-06T01:10:54.7138333Z         [36m<p>[31m
2026-10-06T01:10:54.7138593Z           [0mCreate the first administrator account and save a passkey to sign in.[0m
2026-10-06T01:10:54.7138831Z         [36m</p>[31m
2026-10-06T01:10:54.7138963Z         [0m [0m
2026-10-06T01:10:54.7139261Z         [36m<noscript />[31m
2026-10-06T01:10:54.7151410Z         [0m [0m
2026-10-06T01:10:54.7151666Z         [36m<form>[31m
2026-10-06T01:10:54.7151827Z           [36m<label[31m
2026-10-06T01:10:54.7152033Z             [33mclass[31m=[32m"svelte-flvp99"[31m
2026-10-06T01:10:54.7152227Z           [36m>[31m
2026-10-06T01:10:54.7152369Z             [0mEmail [0m
2026-10-06T01:10:54.7152522Z             [36m<input[31m
2026-10-06T01:10:54.7152724Z               [33mautocomplete[31m=[32m"email"[31m
2026-10-06T01:10:54.7152950Z               [33mclass[31m=[32m"svelte-flvp99"[31m
2026-10-06T01:10:54.7153165Z               [33mrequired[31m=[32m""[31m
2026-10-06T01:10:54.7153368Z               [33mtype[31m=[32m"email"[31m
2026-10-06T01:10:54.7153539Z             [36m/>[31m
2026-10-06T01:10:54.7153687Z           [36m</label>[31m
2026-10-06T01:10:54.7153836Z           [0m [0m
2026-10-06T01:10:54.7153974Z           [36m<label[31m
2026-10-06T01:10:54.7154163Z             [33mclass[31m=[32m"svelte-flvp99"[31m
2026-10-06T01:10:54.7154341Z           [36m>[31m
2026-10-06T01:10:54.7154597Z             [0mName [0m
2026-10-06T01:10:54.7154746Z             [36m<input[31m
2026-10-06T01:10:54.7154934Z               [33mautocomplete[31m=[32m"name"[31m
2026-10-06T01:10:54.7155151Z               [33mclass[31m=[32m"svelte-flvp99"[31m
2026-10-06T01:10:54.7155357Z               [33mtype[31m=[32m"text"[31m
2026-10-06T01:10:54.7155527Z             [36m/>[31m
2026-10-06T01:10:54.7155674Z           [36m</label>[31m
2026-10-06T01:10:54.7155857Z           [0m [0m
2026-10-06T01:10:54.7155996Z           [36m<button[31m
2026-10-06T01:10:54.7156315Z             [33mclass[31m=[32m"svelte-flvp99"[31m
2026-10-06T01:10:54.7156522Z           [36m>[31m
2026-10-06T01:10:54.7156700Z             [0mCreate administrator and passkey[0m
2026-10-06T01:10:54.7156883Z           [36m</button>[31m
2026-10-06T01:10:54.7157034Z         [36m</form>[31m
2026-10-06T01:10:54.7157171Z         [0m [0m
2026-10-06T01:10:54.7157304Z         [36m<form[31m
2026-10-06T01:10:54.7157481Z           [33maria-hidden[31m=[32m"true"[31m
2026-10-06T01:10:54.7157695Z           [33mfields[31m=[32m"[object Object]"[31m
2026-10-06T01:10:54.7157898Z           [33mhidden[31m=[32m""[31m
2026-10-06T01:10:54.7158086Z           [33mpending[31m=[32m"0"[31m
2026-10-06T01:10:54.7158243Z         [36m>[31m
2026-10-06T01:10:54.7158380Z           [36m<input[31m
2026-10-06T01:10:54.7158561Z             [33mclass[31m=[32m"svelte-flvp99"[31m
2026-10-06T01:10:54.7158766Z             [33mtype[31m=[32m"hidden"[31m
2026-10-06T01:10:54.7158953Z             [33mvalue[31m=[32m""[31m
2026-10-06T01:10:54.7159109Z           [36m/>[31m
2026-10-06T01:10:54.7159246Z         [36m</form>[31m
2026-10-06T01:10:54.7159385Z         [0m [0m
2026-10-06T01:10:54.7159516Z         [90m<!---->[31m
2026-10-06T01:10:54.7159650Z         [0m [0m
2026-10-06T01:10:54.7159781Z         [90m<!---->[31m
2026-10-06T01:10:54.7159925Z         [90m<!---->[31m
2026-10-06T01:10:54.7160063Z         [90m<!---->[31m
2026-10-06T01:10:54.7160204Z       [36m</main>[31m
2026-10-06T01:10:54.7160341Z       [0m[0m
2026-10-06T01:10:54.7160463Z       [0m[0m
2026-10-06T01:10:54.7160587Z     [36m</div>[31m
2026-10-06T01:10:54.7160720Z   [36m</div>[31m
2026-10-06T01:10:54.7160858Z [36m</body>[31m[39m
2026-10-06T01:10:54.7160935Z 
2026-10-06T01:10:54.7160994Z Failure screenshot:
2026-10-06T01:10:54.7161543Z   - [2mparity/emdash/default-seed-setup-runtime/source/packages/admin/tests/components/__screenshots__/SetupWizard.test.tsx/SetupWizard-prefills-title-and-tagline-from-seedInfo-1.png[22m
2026-10-06T01:10:54.7162105Z 
2026-10-06T01:10:54.7162641Z [36m [2m❯[22m parity/emdash/default-seed-setup-runtime/source/packages/admin/tests/components/SetupWizard.test.tsx:[2m189:63[22m[39m
2026-10-06T01:10:54.7163096Z     [90m188|[39m   }[33m;[39m
2026-10-06T01:10:54.7163353Z     [90m189|[39m
2026-10-06T01:10:54.7163760Z     [90m190|[39m   [35mconst[39m screen [33m=[39m [35mawait[39m [34mrender[39m(
2026-10-06T01:10:54.7164196Z     [90m   |[39m                                                              [31m^[39m
2026-10-06T01:10:54.7164467Z     [90m191|[39m    [33m<[39m[33mQueryWrapper[39m[33m>[39m
2026-10-06T01:10:54.7164743Z     [90m192|[39m     [33m<[39m[33mSetupWizard[39m [33m/[39m[33m>[39m
2026-10-06T01:10:54.7164980Z 
2026-10-06T01:10:54.7165200Z [31m[1mCaused by: Error[22m: Matcher did not succeed in time.[39m
2026-10-06T01:10:54.7165691Z [36m [2m❯[22m parity/emdash/default-seed-setup-runtime/source/packages/admin/tests/components/SetupWizard.test.tsx:[2m189:4[22m[39m
2026-10-06T01:10:54.7165970Z 
2026-10-06T01:10:54.7166099Z [31m[2m⎯⎯⎯⎯⎯⎯⎯⎯⎯⎯⎯⎯⎯⎯⎯⎯⎯⎯⎯⎯⎯⎯⎯[8/18]⎯[22m[39m
2026-10-06T01:10:54.7166339Z 
2026-10-06T01:10:54.7166951Z [41m[1m FAIL [22m[49m [30m[43m chromium [49m[39m parity/emdash/default-seed-setup-runtime/source/packages/admin/tests/components/SetupWizard.test.tsx[2m > [22mSetupWizard[2m > [22muses empty string for title and tagline when not in seedInfo
2026-10-06T01:10:54.7167742Z [31m[1mVitestBrowserElementError[22m: Cannot find element with locator: page.getByText('Set up your site')
2026-10-06T01:10:54.7167964Z 
2026-10-06T01:10:54.7168027Z [36m<body>[31m
2026-10-06T01:10:54.7168151Z   [0m
2026-10-06T01:10:54.7168256Z   
2026-10-06T01:10:54.7168316Z 
2026-10-06T01:10:54.7168371Z [0m
2026-10-06T01:10:54.7168488Z   [36m<div>[31m
2026-10-06T01:10:54.7168616Z     [36m<div>[31m
2026-10-06T01:10:54.7168794Z       [90m<!---->[31m
2026-10-06T01:10:54.7168934Z       [36m<main>[31m
2026-10-06T01:10:54.7169069Z         [36m<h1>[31m
2026-10-06T01:10:54.7169229Z           [0mSet up Sveltery CMS[0m
2026-10-06T01:10:54.7169393Z         [36m</h1>[31m
2026-10-06T01:10:54.7169526Z         [0m [0m
2026-10-06T01:10:54.7169653Z         [36m<p>[31m
2026-10-06T01:10:54.7169907Z           [0mCreate the first administrator account and save a passkey to sign in.[0m
2026-10-06T01:10:54.7170142Z         [36m</p>[31m
2026-10-06T01:10:54.7170272Z         [0m [0m
2026-10-06T01:10:54.7170424Z         [36m<noscript />[31m
2026-10-06T01:10:54.7170572Z         [0m [0m
2026-10-06T01:10:54.7170702Z         [36m<form>[31m
2026-10-06T01:10:54.7170847Z           [36m<label[31m
2026-10-06T01:10:54.7171032Z             [33mclass[31m=[32m"svelte-flvp99"[31m
2026-10-06T01:10:54.7171205Z           [36m>[31m
2026-10-06T01:10:54.7171341Z             [0mEmail [0m
2026-10-06T01:10:54.7171491Z             [36m<input[31m
2026-10-06T01:10:54.7171688Z               [33mautocomplete[31m=[32m"email"[31m
2026-10-06T01:10:54.7171907Z               [33mclass[31m=[32m"svelte-flvp99"[31m
2026-10-06T01:10:54.7172116Z               [33mrequired[31m=[32m""[31m
2026-10-06T01:10:54.7172312Z               [33mtype[31m=[32m"email"[31m
2026-10-06T01:10:54.7172479Z             [36m/>[31m
2026-10-06T01:10:54.7172626Z           [36m</label>[31m
2026-10-06T01:10:54.7172769Z           [0m [0m
2026-10-06T01:10:54.7172901Z           [36m<label[31m
2026-10-06T01:10:54.7173087Z             [33mclass[31m=[32m"svelte-flvp99"[31m
2026-10-06T01:10:54.7173260Z           [36m>[31m
2026-10-06T01:10:54.7173396Z             [0mName [0m
2026-10-06T01:10:54.7173543Z             [36m<input[31m
2026-10-06T01:10:54.7173726Z               [33mautocomplete[31m=[32m"name"[31m
2026-10-06T01:10:54.7173937Z               [33mclass[31m=[32m"svelte-flvp99"[31m
2026-10-06T01:10:54.7174136Z               [33mtype[31m=[32m"text"[31m
2026-10-06T01:10:54.7174307Z             [36m/>[31m
2026-10-06T01:10:54.7174450Z           [36m</label>[31m
2026-10-06T01:10:54.7174591Z           [0m [0m
2026-10-06T01:10:54.7174730Z           [36m<button[31m
2026-10-06T01:10:54.7174912Z             [33mclass[31m=[32m"svelte-flvp99"[31m
2026-10-06T01:10:54.7175080Z           [36m>[31m
2026-10-06T01:10:54.7175258Z             [0mCreate administrator and passkey[0m
2026-10-06T01:10:54.7175439Z           [36m</button>[31m
2026-10-06T01:10:54.7175590Z         [36m</form>[31m
2026-10-06T01:10:54.7175734Z         [0m [0m
2026-10-06T01:10:54.7175863Z         [36m<form[31m
2026-10-06T01:10:54.7176034Z           [33maria-hidden[31m=[32m"true"[31m
2026-10-06T01:10:54.7176327Z           [33mfields[31m=[32m"[object Object]"[31m
2026-10-06T01:10:54.7176527Z           [33mhidden[31m=[32m""[31m
2026-10-06T01:10:54.7176712Z           [33mpending[31m=[32m"0"[31m
2026-10-06T01:10:54.7176870Z         [36m>[31m
2026-10-06T01:10:54.7177010Z           [36m<input[31m
2026-10-06T01:10:54.7177191Z             [33mclass[31m=[32m"svelte-flvp99"[31m
2026-10-06T01:10:54.7177391Z             [33mtype[31m=[32m"hidden"[31m
2026-10-06T01:10:54.7177583Z             [33mvalue[31m=[32m""[31m
2026-10-06T01:10:54.7177744Z           [36m/>[31m
2026-10-06T01:10:54.7177885Z         [36m</form>[31m
2026-10-06T01:10:54.7178024Z         [0m [0m
2026-10-06T01:10:54.7178155Z         [90m<!---->[31m
2026-10-06T01:10:54.7178290Z         [0m [0m
2026-10-06T01:10:54.7178465Z         [90m<!---->[31m
2026-10-06T01:10:54.7178610Z         [90m<!---->[31m
2026-10-06T01:10:54.7178749Z         [90m<!---->[31m
2026-10-06T01:10:54.7178890Z       [36m</main>[31m
2026-10-06T01:10:54.7179028Z       [0m[0m
2026-10-06T01:10:54.7179150Z       [0m[0m
2026-10-06T01:10:54.7179277Z     [36m</div>[31m
2026-10-06T01:10:54.7179413Z   [36m</div>[31m
2026-10-06T01:10:54.7179550Z [36m</body>[31m[39m
2026-10-06T01:10:54.7179627Z 
2026-10-06T01:10:54.7179721Z Failure screenshot:
2026-10-06T01:10:54.7180328Z   - [2mparity/emdash/default-seed-setup-runtime/source/packages/admin/tests/components/__screenshots__/SetupWizard.test.tsx/SetupWizard-uses-empty-string-for-title-and-tagline-when-not-in-seedInfo-1.png[22m
2026-10-06T01:10:54.7180769Z 
2026-10-06T01:10:54.7181126Z [36m [2m❯[22m parity/emdash/default-seed-setup-runtime/source/packages/admin/tests/components/SetupWizard.test.tsx:[2m210:63[22m[39m
2026-10-06T01:10:54.7181597Z     [90m209|[39m  it("uses empty string for title and tagline when not in seedInfo", as…
2026-10-06T01:10:54.7181873Z     [90m210|[39m   mockSeedInfo [33m=[39m {
2026-10-06T01:10:54.7182135Z     [90m211|[39m    name[33m:[39m [32m"Blank Template"[39m[33m,[39m
2026-10-06T01:10:54.7182397Z     [90m   |[39m                                  [31m^[39m
2026-10-06T01:10:54.7182682Z     [90m212|[39m    description[33m:[39m [32m"A blank template"[39m[33m,[39m
2026-10-06T01:10:54.7182972Z     [90m213|[39m    collections[33m:[39m [34m0[39m[33m,[39m
2026-10-06T01:10:54.7183112Z 
2026-10-06T01:10:54.7195835Z [31m[1mCaused by: Error[22m: Matcher did not succeed in time.[39m
2026-10-06T01:10:54.7196709Z [36m [2m❯[22m parity/emdash/default-seed-setup-runtime/source/packages/admin/tests/components/SetupWizard.test.tsx:[2m210:4[22m[39m
2026-10-06T01:10:54.7197163Z 
2026-10-06T01:10:54.7197364Z [31m[2m⎯⎯⎯⎯⎯⎯⎯⎯⎯⎯⎯⎯⎯⎯⎯⎯⎯⎯⎯⎯⎯⎯⎯[9/18]⎯[22m[39m
2026-10-06T01:10:54.7197532Z 
2026-10-06T01:10:54.7198120Z [41m[1m FAIL [22m[49m [30m[43m chromium [49m[39m parity/emdash/default-seed-setup-runtime/source/packages/admin/tests/components/SetupWizard.test.tsx[2m > [22mSetupWizard[2m > [22mprefilled title can be edited and submitted
2026-10-06T01:10:54.7199016Z [31m[1mVitestBrowserElementError[22m: Cannot find element with locator: page.getByText('Set up your site')
2026-10-06T01:10:54.7199235Z 
2026-10-06T01:10:54.7199298Z [36m<body>[31m
2026-10-06T01:10:54.7199421Z   [0m
2026-10-06T01:10:54.7199532Z   
2026-10-06T01:10:54.7199593Z 
2026-10-06T01:10:54.7199648Z [0m
2026-10-06T01:10:54.7199768Z   [36m<div>[31m
2026-10-06T01:10:54.7199897Z     [36m<div>[31m
2026-10-06T01:10:54.7200034Z       [90m<!---->[31m
2026-10-06T01:10:54.7200173Z       [36m<main>[31m
2026-10-06T01:10:54.7200308Z         [36m<h1>[31m
2026-10-06T01:10:54.7200473Z           [0mSet up Sveltery CMS[0m
2026-10-06T01:10:54.7200634Z         [36m</h1>[31m
2026-10-06T01:10:54.7200767Z         [0m [0m
2026-10-06T01:10:54.7200893Z         [36m<p>[31m
2026-10-06T01:10:54.7201147Z           [0mCreate the first administrator account and save a passkey to sign in.[0m
2026-10-06T01:10:54.7201381Z         [36m</p>[31m
2026-10-06T01:10:54.7201513Z         [0m [0m
2026-10-06T01:10:54.7201663Z         [36m<noscript />[31m
2026-10-06T01:10:54.7201810Z         [0m [0m
2026-10-06T01:10:54.7201942Z         [36m<form>[31m
2026-10-06T01:10:54.7202090Z           [36m<label[31m
2026-10-06T01:10:54.7202307Z             [33mclass[31m=[32m"svelte-flvp99"[31m
2026-10-06T01:10:54.7202585Z           [36m>[31m
2026-10-06T01:10:54.7202808Z             [0mEmail [0m
2026-10-06T01:10:54.7203043Z             [36m<input[31m
2026-10-06T01:10:54.7203354Z               [33mautocomplete[31m=[32m"email"[31m
2026-10-06T01:10:54.7203723Z               [33mclass[31m=[32m"svelte-flvp99"[31m
2026-10-06T01:10:54.7204056Z               [33mrequired[31m=[32m""[31m
2026-10-06T01:10:54.7204376Z               [33mtype[31m=[32m"email"[31m
2026-10-06T01:10:54.7204728Z             [36m/>[31m
2026-10-06T01:10:54.7204968Z           [36m</label>[31m
2026-10-06T01:10:54.7205199Z           [0m [0m
2026-10-06T01:10:54.7205413Z           [36m<label[31m
2026-10-06T01:10:54.7205711Z             [33mclass[31m=[32m"svelte-flvp99"[31m
2026-10-06T01:10:54.7205913Z           [36m>[31m
2026-10-06T01:10:54.7206049Z             [0mName [0m
2026-10-06T01:10:54.7206314Z             [36m<input[31m
2026-10-06T01:10:54.7206505Z               [33mautocomplete[31m=[32m"name"[31m
2026-10-06T01:10:54.7206763Z               [33mclass[31m=[32m"svelte-flvp99"[31m
2026-10-06T01:10:54.7206968Z               [33mtype[31m=[32m"text"[31m
2026-10-06T01:10:54.7207133Z             [36m/>[31m
2026-10-06T01:10:54.7207275Z           [36m</label>[31m
2026-10-06T01:10:54.7207416Z           [0m [0m
2026-10-06T01:10:54.7207553Z           [36m<button[31m
2026-10-06T01:10:54.7207736Z             [33mclass[31m=[32m"svelte-flvp99"[31m
2026-10-06T01:10:54.7207907Z           [36m>[31m
2026-10-06T01:10:54.7208092Z             [0mCreate administrator and passkey[0m
2026-10-06T01:10:54.7208273Z           [36m</button>[31m
2026-10-06T01:10:54.7208424Z         [36m</form>[31m
2026-10-06T01:10:54.7208562Z         [0m [0m
2026-10-06T01:10:54.7208690Z         [36m<form[31m
2026-10-06T01:10:54.7208860Z           [33maria-hidden[31m=[32m"true"[31m
2026-10-06T01:10:54.7209076Z           [33mfields[31m=[32m"[object Object]"[31m
2026-10-06T01:10:54.7209280Z           [33mhidden[31m=[32m""[31m
2026-10-06T01:10:54.7209465Z           [33mpending[31m=[32m"0"[31m
2026-10-06T01:10:54.7209623Z         [36m>[31m
2026-10-06T01:10:54.7209757Z           [36m<input[31m
2026-10-06T01:10:54.7209938Z             [33mclass[31m=[32m"svelte-flvp99"[31m
2026-10-06T01:10:54.7210139Z             [33mtype[31m=[32m"hidden"[31m
2026-10-06T01:10:54.7210327Z             [33mvalue[31m=[32m""[31m
2026-10-06T01:10:54.7210488Z           [36m/>[31m
2026-10-06T01:10:54.7210631Z         [36m</form>[31m
2026-10-06T01:10:54.7210770Z         [0m [0m
2026-10-06T01:10:54.7210901Z         [90m<!---->[31m
2026-10-06T01:10:54.7211037Z         [0m [0m
2026-10-06T01:10:54.7211171Z         [90m<!---->[31m
2026-10-06T01:10:54.7211311Z         [90m<!---->[31m
2026-10-06T01:10:54.7211449Z         [90m<!---->[31m
2026-10-06T01:10:54.7211593Z       [36m</main>[31m
2026-10-06T01:10:54.7211725Z       [0m[0m
2026-10-06T01:10:54.7211849Z       [0m[0m
2026-10-06T01:10:54.7211979Z     [36m</div>[31m
2026-10-06T01:10:54.7212113Z   [36m</div>[31m
2026-10-06T01:10:54.7212252Z [36m</body>[31m[39m
2026-10-06T01:10:54.7212328Z 
2026-10-06T01:10:54.7212384Z Failure screenshot:
2026-10-06T01:10:54.7212932Z   - [2mparity/emdash/default-seed-setup-runtime/source/packages/admin/tests/components/__screenshots__/SetupWizard.test.tsx/SetupWizard-prefilled-title-can-be-edited-and-submitted-1.png[22m
2026-10-06T01:10:54.7213329Z 
2026-10-06T01:10:54.7213684Z [36m [2m❯[22m parity/emdash/default-seed-setup-runtime/source/packages/admin/tests/components/SetupWizard.test.tsx:[2m232:63[22m[39m
2026-10-06T01:10:54.7214349Z     [90m230|[39m    [34mexpect[39m((titleInput[33m.[39m[34melement[39m() [35mas[39m [33mHTMLInputElement[39m)[33m.[39mvalue)[33m.[39m[34mtoBe[39m([32m""[39m)[33m;[39m
2026-10-06T01:10:54.7214738Z     [90m231|[39m   })[33m;[39m
2026-10-06T01:10:54.7214998Z     [90m232|[39m   [35mawait[39m vi[33m.[39m[34mwaitFor[39m(() [33m=>[39m {
2026-10-06T01:10:54.7215315Z     [90m   |[39m                                                               [31m^[39m
2026-10-06T01:10:54.7215824Z     [90m233|[39m    [34mexpect[39m((taglineInput[33m.[39m[34melement[39m() [35mas[39m [33mHTMLInputElement[39m)[33m.[39mvalue)[33m.[39m[34mtoBe[39m([32m""[39m)[33m;[39m
2026-10-06T01:10:54.7216327Z     [90m234|[39m   })[33m;[39m
2026-10-06T01:10:54.7216420Z 
2026-10-06T01:10:54.7224965Z [31m[1mCaused by: Error[22m: Matcher did not succeed in time.[39m
2026-10-06T01:10:54.7225825Z [36m [2m❯[22m parity/emdash/default-seed-setup-runtime/source/packages/admin/tests/components/SetupWizard.test.tsx:[2m232:4[22m[39m
2026-10-06T01:10:54.7226336Z 
2026-10-06T01:10:54.7226465Z [31m[2m⎯⎯⎯⎯⎯⎯⎯⎯⎯⎯⎯⎯⎯⎯⎯⎯⎯⎯⎯⎯⎯⎯[10/18]⎯[22m[39m
2026-10-06T01:10:54.7226576Z 
2026-10-06T01:10:54.7227706Z [41m[1m FAIL [22m[49m [30m[43m chromium [49m[39m parity/emdash/default-seed-setup-runtime/source/packages/admin/tests/components/SetupWizard.test.tsx[2m > [22mSetupWizard[2m > [22mstarting from a site package[2m > [22moffers import alongside sample content and an empty site
2026-10-06T01:10:54.7229138Z [31m[1mVitestBrowserElementError[22m: Cannot find element with locator: page.getByText('Set up your site')
2026-10-06T01:10:54.7229512Z 
2026-10-06T01:10:54.7229615Z [36m<body>[31m
2026-10-06T01:10:54.7229813Z   [0m
2026-10-06T01:10:54.7229974Z   
2026-10-06T01:10:54.7230064Z 
2026-10-06T01:10:54.7230149Z [0m
2026-10-06T01:10:54.7230332Z   [36m<div>[31m
2026-10-06T01:10:54.7230556Z     [36m<div>[31m
2026-10-06T01:10:54.7230768Z       [90m<!---->[31m
2026-10-06T01:10:54.7230961Z       [36m<main>[31m
2026-10-06T01:10:54.7231103Z         [36m<h1>[31m
2026-10-06T01:10:54.7231267Z           [0mSet up Sveltery CMS[0m
2026-10-06T01:10:54.7231433Z         [36m</h1>[31m
2026-10-06T01:10:54.7231569Z         [0m [0m
2026-10-06T01:10:54.7231697Z         [36m<p>[31m
2026-10-06T01:10:54.7231953Z           [0mCreate the first administrator account and save a passkey to sign in.[0m
2026-10-06T01:10:54.7232195Z         [36m</p>[31m
2026-10-06T01:10:54.7232331Z         [0m [0m
2026-10-06T01:10:54.7232478Z         [36m<noscript />[31m
2026-10-06T01:10:54.7232624Z         [0m [0m
2026-10-06T01:10:54.7232758Z         [36m<form>[31m
2026-10-06T01:10:54.7232905Z           [36m<label[31m
2026-10-06T01:10:54.7233091Z             [33mclass[31m=[32m"svelte-flvp99"[31m
2026-10-06T01:10:54.7233269Z           [36m>[31m
2026-10-06T01:10:54.7233411Z             [0mEmail [0m
2026-10-06T01:10:54.7233559Z             [36m<input[31m
2026-10-06T01:10:54.7233755Z               [33mautocomplete[31m=[32m"email"[31m
2026-10-06T01:10:54.7233975Z               [33mclass[31m=[32m"svelte-flvp99"[31m
2026-10-06T01:10:54.7234179Z               [33mrequired[31m=[32m""[31m
2026-10-06T01:10:54.7234376Z               [33mtype[31m=[32m"email"[31m
2026-10-06T01:10:54.7234546Z             [36m/>[31m
2026-10-06T01:10:54.7234694Z           [36m</label>[31m
2026-10-06T01:10:54.7234836Z           [0m [0m
2026-10-06T01:10:54.7234974Z           [36m<label[31m
2026-10-06T01:10:54.7235154Z             [33mclass[31m=[32m"svelte-flvp99"[31m
2026-10-06T01:10:54.7235328Z           [36m>[31m
2026-10-06T01:10:54.7235467Z             [0mName [0m
2026-10-06T01:10:54.7235614Z             [36m<input[31m
2026-10-06T01:10:54.7235800Z               [33mautocomplete[31m=[32m"name"[31m
2026-10-06T01:10:54.7236018Z               [33mclass[31m=[32m"svelte-flvp99"[31m
2026-10-06T01:10:54.7236401Z               [33mtype[31m=[32m"text"[31m
2026-10-06T01:10:54.7236666Z             [36m/>[31m
2026-10-06T01:10:54.7236887Z           [36m</label>[31m
2026-10-06T01:10:54.7237094Z           [0m [0m
2026-10-06T01:10:54.7237231Z           [36m<button[31m
2026-10-06T01:10:54.7237416Z             [33mclass[31m=[32m"svelte-flvp99"[31m
2026-10-06T01:10:54.7237595Z           [36m>[31m
2026-10-06T01:10:54.7237774Z             [0mCreate administrator and passkey[0m
2026-10-06T01:10:54.7237962Z           [36m</button>[31m
2026-10-06T01:10:54.7238116Z         [36m</form>[31m
2026-10-06T01:10:54.7238255Z         [0m [0m
2026-10-06T01:10:54.7238385Z         [36m<form[31m
2026-10-06T01:10:54.7238556Z           [33maria-hidden[31m=[32m"true"[31m
2026-10-06T01:10:54.7238774Z           [33mfields[31m=[32m"[object Object]"[31m
2026-10-06T01:10:54.7238973Z           [33mhidden[31m=[32m""[31m
2026-10-06T01:10:54.7239160Z           [33mpending[31m=[32m"0"[31m
2026-10-06T01:10:54.7239408Z         [36m>[31m
2026-10-06T01:10:54.7239546Z           [36m<input[31m
2026-10-06T01:10:54.7239729Z             [33mclass[31m=[32m"svelte-flvp99"[31m
2026-10-06T01:10:54.7239930Z             [33mtype[31m=[32m"hidden"[31m
2026-10-06T01:10:54.7240120Z             [33mvalue[31m=[32m""[31m
2026-10-06T01:10:54.7240281Z           [36m/>[31m
2026-10-06T01:10:54.7240419Z         [36m</form>[31m
2026-10-06T01:10:54.7240598Z         [0m [0m
2026-10-06T01:10:54.7240730Z         [90m<!---->[31m
2026-10-06T01:10:54.7240866Z         [0m [0m
2026-10-06T01:10:54.7240999Z         [90m<!---->[31m
2026-10-06T01:10:54.7241141Z         [90m<!---->[31m
2026-10-06T01:10:54.7241280Z         [90m<!---->[31m
2026-10-06T01:10:54.7241420Z       [36m</main>[31m
2026-10-06T01:10:54.7241558Z       [0m[0m
2026-10-06T01:10:54.7241681Z       [0m[0m
2026-10-06T01:10:54.7241808Z     [36m</div>[31m
2026-10-06T01:10:54.7241945Z   [36m</div>[31m
2026-10-06T01:10:54.7242089Z [36m</body>[31m[39m
2026-10-06T01:10:54.7242167Z 
2026-10-06T01:10:54.7242224Z Failure screenshot:
2026-10-06T01:10:54.7242907Z   - [2mparity/emdash/default-seed-setup-runtime/source/packages/admin/tests/components/__screenshots__/SetupWizard.test.tsx/SetupWizard-starting-from-a-site-package-offers-import-alongside-sample-content-and-an-empty-site-1.png[22m
2026-10-06T01:10:54.7243421Z 
2026-10-06T01:10:54.7243832Z [36m [2m❯[22m renderWizard parity/emdash/default-seed-setup-runtime/source/packages/admin/tests/components/SetupWizard.test.tsx:[2m275:65[22m[39m
2026-10-06T01:10:54.7244261Z     [90m274|[39m   [35mconst[39m blogSeed [33m=[39m {
2026-10-06T01:10:54.7244411Z     [90m275|[39m    name[33m:[39m [32m"Blog Template"[39m[33m,[39m
2026-10-06T01:10:54.7244583Z     [90m276|[39m    description[33m:[39m [32m"A blog template"[39m[33m,[39m
2026-10-06T01:10:54.7244672Z     [90m   |[39m         [31m^[39m
2026-10-06T01:10:54.7244814Z     [90m277|[39m    collections[33m:[39m [34m2[39m[33m,[39m
2026-10-06T01:10:54.7244948Z     [90m278|[39m    hasContent[33m:[39m [35mtrue[39m[33m,[39m
2026-10-06T01:10:54.7245298Z [90m [2m❯[22m parity/emdash/default-seed-setup-runtime/source/packages/admin/tests/components/SetupWizard.test.tsx:[2m293:21[22m[39m
2026-10-06T01:10:54.7245303Z 
2026-10-06T01:10:54.7259047Z [31m[1mCaused by: Error[22m: Matcher did not succeed in time.[39m
2026-10-06T01:10:54.7260070Z [36m [2m❯[22m renderWizard parity/emdash/default-seed-setup-runtime/source/packages/admin/tests/components/SetupWizard.test.tsx:[2m275:6[22m[39m
2026-10-06T01:10:54.7260786Z [90m [2m❯[22m parity/emdash/default-seed-setup-runtime/source/packages/admin/tests/components/SetupWizard.test.tsx:[2m293:21[22m[39m
2026-10-06T01:10:54.7260801Z 
2026-10-06T01:10:54.7261042Z [31m[2m⎯⎯⎯⎯⎯⎯⎯⎯⎯⎯⎯⎯⎯⎯⎯⎯⎯⎯⎯⎯⎯⎯[11/18]⎯[22m[39m
2026-10-06T01:10:54.7261051Z 
2026-10-06T01:10:54.7262363Z [41m[1m FAIL [22m[49m [30m[43m chromium [49m[39m parity/emdash/default-seed-setup-runtime/source/packages/admin/tests/components/SetupWizard.test.tsx[2m > [22mSetupWizard[2m > [22mstarting from a site package[2m > [22mskips sample content and lands on the Transfer import after signing in
2026-10-06T01:10:54.7262861Z [31m[1mVitestBrowserElementError[22m: Cannot find element with locator: page.getByText('Set up your site')
2026-10-06T01:10:54.7262870Z 
2026-10-06T01:10:54.7262974Z [36m<body>[31m
2026-10-06T01:10:54.7263074Z   [0m
2026-10-06T01:10:54.7263161Z   
2026-10-06T01:10:54.7263168Z 
2026-10-06T01:10:54.7263257Z [0m
2026-10-06T01:10:54.7263361Z   [36m<div>[31m
2026-10-06T01:10:54.7263467Z     [36m<div>[31m
2026-10-06T01:10:54.7263578Z       [90m<!---->[31m
2026-10-06T01:10:54.7263683Z       [36m<main>[31m
2026-10-06T01:10:54.7263790Z         [36m<h1>[31m
2026-10-06T01:10:54.7263948Z           [0mSet up Sveltery CMS[0m
2026-10-06T01:10:54.7264054Z         [36m</h1>[31m
2026-10-06T01:10:54.7264154Z         [0m [0m
2026-10-06T01:10:54.7264425Z         [36m<p>[31m
2026-10-06T01:10:54.7264755Z           [0mCreate the first administrator account and save a passkey to sign in.[0m
2026-10-06T01:10:54.7264861Z         [36m</p>[31m
2026-10-06T01:10:54.7264962Z         [0m [0m
2026-10-06T01:10:54.7265103Z         [36m<noscript />[31m
2026-10-06T01:10:54.7265200Z         [0m [0m
2026-10-06T01:10:54.7265310Z         [36m<form>[31m
2026-10-06T01:10:54.7265425Z           [36m<label[31m
2026-10-06T01:10:54.7265678Z             [33mclass[31m=[32m"svelte-flvp99"[31m
2026-10-06T01:10:54.7265779Z           [36m>[31m
2026-10-06T01:10:54.7265893Z             [0mEmail [0m
2026-10-06T01:10:54.7266014Z             [36m<input[31m
2026-10-06T01:10:54.7266329Z               [33mautocomplete[31m=[32m"email"[31m
2026-10-06T01:10:54.7266512Z               [33mclass[31m=[32m"svelte-flvp99"[31m
2026-10-06T01:10:54.7266675Z               [33mrequired[31m=[32m""[31m
2026-10-06T01:10:54.7266825Z               [33mtype[31m=[32m"email"[31m
2026-10-06T01:10:54.7266935Z             [36m/>[31m
2026-10-06T01:10:54.7267043Z           [36m</label>[31m
2026-10-06T01:10:54.7267136Z           [0m [0m
2026-10-06T01:10:54.7267234Z           [36m<label[31m
2026-10-06T01:10:54.7267395Z             [33mclass[31m=[32m"svelte-flvp99"[31m
2026-10-06T01:10:54.7267494Z           [36m>[31m
2026-10-06T01:10:54.7267596Z             [0mName [0m
2026-10-06T01:10:54.7267708Z             [36m<input[31m
2026-10-06T01:10:54.7267883Z               [33mautocomplete[31m=[32m"name"[31m
2026-10-06T01:10:54.7268061Z               [33mclass[31m=[32m"svelte-flvp99"[31m
2026-10-06T01:10:54.7268220Z               [33mtype[31m=[32m"text"[31m
2026-10-06T01:10:54.7268329Z             [36m/>[31m
2026-10-06T01:10:54.7268438Z           [36m</label>[31m
2026-10-06T01:10:54.7268540Z           [0m [0m
2026-10-06T01:10:54.7268625Z           [36m<button[31m
2026-10-06T01:10:54.7268734Z             [33mclass[31m=[32m"svelte-flvp99"[31m
2026-10-06T01:10:54.7268801Z           [36m>[31m
2026-10-06T01:10:54.7268946Z             [0mCreate administrator and passkey[0m
2026-10-06T01:10:54.7269057Z           [36m</button>[31m
2026-10-06T01:10:54.7269160Z         [36m</form>[31m
2026-10-06T01:10:54.7269257Z         [0m [0m
2026-10-06T01:10:54.7269361Z         [36m<form[31m
2026-10-06T01:10:54.7269525Z           [33maria-hidden[31m=[32m"true"[31m
2026-10-06T01:10:54.7269700Z           [33mfields[31m=[32m"[object Object]"[31m
2026-10-06T01:10:54.7269849Z           [33mhidden[31m=[32m""[31m
2026-10-06T01:10:54.7269996Z           [33mpending[31m=[32m"0"[31m
2026-10-06T01:10:54.7270098Z         [36m>[31m
2026-10-06T01:10:54.7270204Z           [36m<input[31m
2026-10-06T01:10:54.7270377Z             [33mclass[31m=[32m"svelte-flvp99"[31m
2026-10-06T01:10:54.7270531Z             [33mtype[31m=[32m"hidden"[31m
2026-10-06T01:10:54.7270674Z             [33mvalue[31m=[32m""[31m
2026-10-06T01:10:54.7270778Z           [36m/>[31m
2026-10-06T01:10:54.7270891Z         [36m</form>[31m
2026-10-06T01:10:54.7270987Z         [0m [0m
2026-10-06T01:10:54.7271090Z         [90m<!---->[31m
2026-10-06T01:10:54.7271160Z         [0m [0m
2026-10-06T01:10:54.7271255Z         [90m<!---->[31m
2026-10-06T01:10:54.7271356Z         [90m<!---->[31m
2026-10-06T01:10:54.7271460Z         [90m<!---->[31m
2026-10-06T01:10:54.7271567Z       [36m</main>[31m
2026-10-06T01:10:54.7271660Z       [0m[0m
2026-10-06T01:10:54.7271757Z       [0m[0m
2026-10-06T01:10:54.7271858Z     [36m</div>[31m
2026-10-06T01:10:54.7271955Z   [36m</div>[31m
2026-10-06T01:10:54.7272063Z [36m</body>[31m[39m
2026-10-06T01:10:54.7272083Z 
2026-10-06T01:10:54.7272176Z Failure screenshot:
2026-10-06T01:10:54.7273355Z   - [2mparity/emdash/default-seed-setup-runtime/source/packages/admin/tests/components/__screenshots__/SetupWizard.test.tsx/SetupWizard-starting-from-a-site-package-skips-sample-content-and-lands-on-the-Transfer-import-after-signing-in-1.png[22m
2026-10-06T01:10:54.7273364Z 
2026-10-06T01:10:54.7274154Z [36m [2m❯[22m renderWizard parity/emdash/default-seed-setup-runtime/source/packages/admin/tests/components/SetupWizard.test.tsx:[2m275:65[22m[39m
2026-10-06T01:10:54.7274365Z     [90m274|[39m   [35mconst[39m blogSeed [33m=[39m {
2026-10-06T01:10:54.7274617Z     [90m275|[39m    name[33m:[39m [32m"Blog Template"[39m[33m,[39m
2026-10-06T01:10:54.7274905Z     [90m276|[39m    description[33m:[39m [32m"A blog template"[39m[33m,[39m
2026-10-06T01:10:54.7275177Z     [90m   |[39m         [31m^[39m
2026-10-06T01:10:54.7275402Z     [90m277|[39m    collections[33m:[39m [34m2[39m[33m,[39m
2026-10-06T01:10:54.7275634Z     [90m278|[39m    hasContent[33m:[39m [35mtrue[39m[33m,[39m
2026-10-06T01:10:54.7276356Z [90m [2m❯[22m parity/emdash/default-seed-setup-runtime/source/packages/admin/tests/components/SetupWizard.test.tsx:[2m306:21[22m[39m
2026-10-06T01:10:54.7276364Z 
2026-10-06T01:10:54.7293893Z [31m[1mCaused by: Error[22m: Matcher did not succeed in time.[39m
2026-10-06T01:10:54.7294600Z [36m [2m❯[22m renderWizard parity/emdash/default-seed-setup-runtime/source/packages/admin/tests/components/SetupWizard.test.tsx:[2m275:6[22m[39m
2026-10-06T01:10:54.7295235Z [90m [2m❯[22m parity/emdash/default-seed-setup-runtime/source/packages/admin/tests/components/SetupWizard.test.tsx:[2m306:21[22m[39m
2026-10-06T01:10:54.7295246Z 
2026-10-06T01:10:54.7295466Z [31m[2m⎯⎯⎯⎯⎯⎯⎯⎯⎯⎯⎯⎯⎯⎯⎯⎯⎯⎯⎯⎯⎯⎯[12/18]⎯[22m[39m
2026-10-06T01:10:54.7295483Z 
2026-10-06T01:10:54.7296809Z [41m[1m FAIL [22m[49m [30m[43m chromium [49m[39m parity/emdash/default-seed-setup-runtime/source/packages/admin/tests/components/SetupWizard.test.tsx[2m > [22mSetupWizard[2m > [22mstarting from a site package[2m > [22mkeeps sample content and the dashboard as the default
2026-10-06T01:10:54.7297321Z [31m[1mVitestBrowserElementError[22m: Cannot find element with locator: page.getByText('Set up your site')
2026-10-06T01:10:54.7297329Z 
2026-10-06T01:10:54.7297443Z [36m<body>[31m
2026-10-06T01:10:54.7297535Z   [0m
2026-10-06T01:10:54.7297612Z   
2026-10-06T01:10:54.7297619Z 
2026-10-06T01:10:54.7297707Z [0m
2026-10-06T01:10:54.7297808Z   [36m<div>[31m
2026-10-06T01:10:54.7297917Z     [36m<div>[31m
2026-10-06T01:10:54.7298027Z       [90m<!---->[31m
2026-10-06T01:10:54.7298134Z       [36m<main>[31m
2026-10-06T01:10:54.7298239Z         [36m<h1>[31m
2026-10-06T01:10:54.7298393Z           [0mSet up Sveltery CMS[0m
2026-10-06T01:10:54.7298510Z         [36m</h1>[31m
2026-10-06T01:10:54.7298607Z         [0m [0m
2026-10-06T01:10:54.7298713Z         [36m<p>[31m
2026-10-06T01:10:54.7299029Z           [0mCreate the first administrator account and save a passkey to sign in.[0m
2026-10-06T01:10:54.7299134Z         [36m</p>[31m
2026-10-06T01:10:54.7299233Z         [0m [0m
2026-10-06T01:10:54.7299372Z         [36m<noscript />[31m
2026-10-06T01:10:54.7299473Z         [0m [0m
2026-10-06T01:10:54.7299580Z         [36m<form>[31m
2026-10-06T01:10:54.7299697Z           [36m<label[31m
2026-10-06T01:10:54.7299882Z             [33mclass[31m=[32m"svelte-flvp99"[31m
2026-10-06T01:10:54.7299984Z           [36m>[31m
2026-10-06T01:10:54.7300095Z             [0mEmail [0m
2026-10-06T01:10:54.7300214Z             [36m<input[31m
2026-10-06T01:10:54.7300392Z               [33mautocomplete[31m=[32m"email"[31m
2026-10-06T01:10:54.7300576Z               [33mclass[31m=[32m"svelte-flvp99"[31m
2026-10-06T01:10:54.7300738Z               [33mrequired[31m=[32m""[31m
2026-10-06T01:10:54.7300897Z               [33mtype[31m=[32m"email"[31m
2026-10-06T01:10:54.7301002Z             [36m/>[31m
2026-10-06T01:10:54.7301117Z           [36m</label>[31m
2026-10-06T01:10:54.7301219Z           [0m [0m
2026-10-06T01:10:54.7301326Z           [36m<label[31m
2026-10-06T01:10:54.7301506Z             [33mclass[31m=[32m"svelte-flvp99"[31m
2026-10-06T01:10:54.7301609Z           [36m>[31m
2026-10-06T01:10:54.7301719Z             [0mName [0m
2026-10-06T01:10:54.7301959Z             [36m<input[31m
2026-10-06T01:10:54.7302137Z               [33mautocomplete[31m=[32m"name"[31m
2026-10-06T01:10:54.7302316Z               [33mclass[31m=[32m"svelte-flvp99"[31m
2026-10-06T01:10:54.7302469Z               [33mtype[31m=[32m"text"[31m
2026-10-06T01:10:54.7302579Z             [36m/>[31m
2026-10-06T01:10:54.7302692Z           [36m</label>[31m
2026-10-06T01:10:54.7302794Z           [0m [0m
2026-10-06T01:10:54.7302956Z           [36m<button[31m
2026-10-06T01:10:54.7303132Z             [33mclass[31m=[32m"svelte-flvp99"[31m
2026-10-06T01:10:54.7303234Z           [36m>[31m
2026-10-06T01:10:54.7303411Z             [0mCreate administrator and passkey[0m
2026-10-06T01:10:54.7303530Z           [36m</button>[31m
2026-10-06T01:10:54.7303641Z         [36m</form>[31m
2026-10-06T01:10:54.7303737Z         [0m [0m
2026-10-06T01:10:54.7303844Z         [36m<form[31m
2026-10-06T01:10:54.7304012Z           [33maria-hidden[31m=[32m"true"[31m
2026-10-06T01:10:54.7304201Z           [33mfields[31m=[32m"[object Object]"[31m
2026-10-06T01:10:54.7304344Z           [33mhidden[31m=[32m""[31m
2026-10-06T01:10:54.7304495Z           [33mpending[31m=[32m"0"[31m
2026-10-06T01:10:54.7304596Z         [36m>[31m
2026-10-06T01:10:54.7304706Z           [36m<input[31m
2026-10-06T01:10:54.7304882Z             [33mclass[31m=[32m"svelte-flvp99"[31m
2026-10-06T01:10:54.7305042Z             [33mtype[31m=[32m"hidden"[31m
2026-10-06T01:10:54.7305196Z             [33mvalue[31m=[32m""[31m
2026-10-06T01:10:54.7305297Z           [36m/>[31m
2026-10-06T01:10:54.7305406Z         [36m</form>[31m
2026-10-06T01:10:54.7305505Z         [0m [0m
2026-10-06T01:10:54.7305611Z         [90m<!---->[31m
2026-10-06T01:10:54.7305713Z         [0m [0m
2026-10-06T01:10:54.7305821Z         [90m<!---->[31m
2026-10-06T01:10:54.7305928Z         [90m<!---->[31m
2026-10-06T01:10:54.7306033Z         [90m<!---->[31m
2026-10-06T01:10:54.7306140Z       [36m</main>[31m
2026-10-06T01:10:54.7306332Z       [0m[0m
2026-10-06T01:10:54.7306429Z       [0m[0m
2026-10-06T01:10:54.7306534Z     [36m</div>[31m
2026-10-06T01:10:54.7306637Z   [36m</div>[31m
2026-10-06T01:10:54.7306750Z [36m</body>[31m[39m
2026-10-06T01:10:54.7306758Z 
2026-10-06T01:10:54.7306852Z Failure screenshot:
2026-10-06T01:10:54.7307902Z   - [2mparity/emdash/default-seed-setup-runtime/source/packages/admin/tests/components/__screenshots__/SetupWizard.test.tsx/SetupWizard-starting-from-a-site-package-keeps-sample-content-and-the-dashboard-as-the-default-1.png[22m
2026-10-06T01:10:54.7307915Z 
2026-10-06T01:10:54.7308617Z [36m [2m❯[22m renderWizard parity/emdash/default-seed-setup-runtime/source/packages/admin/tests/components/SetupWizard.test.tsx:[2m275:65[22m[39m
2026-10-06T01:10:54.7308832Z     [90m274|[39m   [35mconst[39m blogSeed [33m=[39m {
2026-10-06T01:10:54.7309082Z     [90m275|[39m    name[33m:[39m [32m"Blog Template"[39m[33m,[39m
2026-10-06T01:10:54.7309374Z     [90m276|[39m    description[33m:[39m [32m"A blog template"[39m[33m,[39m
2026-10-06T01:10:54.7309518Z     [90m   |[39m         [31m^[39m
2026-10-06T01:10:54.7309747Z     [90m277|[39m    collections[33m:[39m [34m2[39m[33m,[39m
2026-10-06T01:10:54.7309977Z     [90m278|[39m    hasContent[33m:[39m [35mtrue[39m[33m,[39m
2026-10-06T01:10:54.7310596Z [90m [2m❯[22m parity/emdash/default-seed-setup-runtime/source/packages/admin/tests/components/SetupWizard.test.tsx:[2m320:21[22m[39m
2026-10-06T01:10:54.7310610Z 
2026-10-06T01:10:54.7325114Z [31m[1mCaused by: Error[22m: Matcher did not succeed in time.[39m
2026-10-06T01:10:54.7325810Z [36m [2m❯[22m renderWizard parity/emdash/default-seed-setup-runtime/source/packages/admin/tests/components/SetupWizard.test.tsx:[2m275:6[22m[39m
2026-10-06T01:10:54.7326522Z [90m [2m❯[22m parity/emdash/default-seed-setup-runtime/source/packages/admin/tests/components/SetupWizard.test.tsx:[2m320:21[22m[39m
2026-10-06T01:10:54.7326533Z 
2026-10-06T01:10:54.7326866Z [31m[2m⎯⎯⎯⎯⎯⎯⎯⎯⎯⎯⎯⎯⎯⎯⎯⎯⎯⎯⎯⎯⎯⎯[13/18]⎯[22m[39m
2026-10-06T01:10:54.7326875Z 
2026-10-06T01:10:54.7328019Z [41m[1m FAIL [22m[49m [30m[43m chromium [49m[39m parity/emdash/default-seed-setup-runtime/source/packages/admin/tests/components/SetupWizard.test.tsx[2m > [22mSetupWizard[2m > [22mstarting from a site package[2m > [22mskips sample content for an empty site
2026-10-06T01:10:54.7328531Z [31m[1mVitestBrowserElementError[22m: Cannot find element with locator: page.getByText('Set up your site')
2026-10-06T01:10:54.7328628Z 
2026-10-06T01:10:54.7328733Z [36m<body>[31m
2026-10-06T01:10:54.7328824Z   [0m
2026-10-06T01:10:54.7328899Z   
2026-10-06T01:10:54.7328906Z 
2026-10-06T01:10:54.7328991Z [0m
2026-10-06T01:10:54.7329097Z   [36m<div>[31m
2026-10-06T01:10:54.7329199Z     [36m<div>[31m
2026-10-06T01:10:54.7329311Z       [90m<!---->[31m
2026-10-06T01:10:54.7329416Z       [36m<main>[31m
2026-10-06T01:10:54.7329517Z         [36m<h1>[31m
2026-10-06T01:10:54.7329678Z           [0mSet up Sveltery CMS[0m
2026-10-06T01:10:54.7329784Z         [36m</h1>[31m
2026-10-06T01:10:54.7329882Z         [0m [0m
2026-10-06T01:10:54.7329986Z         [36m<p>[31m
2026-10-06T01:10:54.7330298Z           [0mCreate the first administrator account and save a passkey to sign in.[0m
2026-10-06T01:10:54.7330404Z         [36m</p>[31m
2026-10-06T01:10:54.7330500Z         [0m [0m
2026-10-06T01:10:54.7330635Z         [36m<noscript />[31m
2026-10-06T01:10:54.7330740Z         [0m [0m
2026-10-06T01:10:54.7330846Z         [36m<form>[31m
2026-10-06T01:10:54.7330957Z           [36m<label[31m
2026-10-06T01:10:54.7331138Z             [33mclass[31m=[32m"svelte-flvp99"[31m
2026-10-06T01:10:54.7331235Z           [36m>[31m
2026-10-06T01:10:54.7331342Z             [0mEmail [0m
2026-10-06T01:10:54.7331448Z             [36m<input[31m
2026-10-06T01:10:54.7331610Z               [33mautocomplete[31m=[32m"email"[31m
2026-10-06T01:10:54.7331782Z               [33mclass[31m=[32m"svelte-flvp99"[31m
2026-10-06T01:10:54.7331934Z               [33mrequired[31m=[32m""[31m
2026-10-06T01:10:54.7332091Z               [33mtype[31m=[32m"email"[31m
2026-10-06T01:10:54.7332195Z             [36m/>[31m
2026-10-06T01:10:54.7332307Z           [36m</label>[31m
2026-10-06T01:10:54.7332415Z           [0m [0m
2026-10-06T01:10:54.7332523Z           [36m<label[31m
2026-10-06T01:10:54.7332692Z             [33mclass[31m=[32m"svelte-flvp99"[31m
2026-10-06T01:10:54.7332790Z           [36m>[31m
2026-10-06T01:10:54.7332892Z             [0mName [0m
2026-10-06T01:10:54.7333016Z             [36m<input[31m
2026-10-06T01:10:54.7333190Z               [33mautocomplete[31m=[32m"name"[31m
2026-10-06T01:10:54.7333368Z               [33mclass[31m=[32m"svelte-flvp99"[31m
2026-10-06T01:10:54.7333523Z               [33mtype[31m=[32m"text"[31m
2026-10-06T01:10:54.7333640Z             [36m/>[31m
2026-10-06T01:10:54.7333753Z           [36m</label>[31m
2026-10-06T01:10:54.7333854Z           [0m [0m
2026-10-06T01:10:54.7333965Z           [36m<button[31m
2026-10-06T01:10:54.7334140Z             [33mclass[31m=[32m"svelte-flvp99"[31m
2026-10-06T01:10:54.7334240Z           [36m>[31m
2026-10-06T01:10:54.7334417Z             [0mCreate administrator and passkey[0m
2026-10-06T01:10:54.7334528Z           [36m</button>[31m
2026-10-06T01:10:54.7334629Z         [36m</form>[31m
2026-10-06T01:10:54.7334694Z         [0m [0m
2026-10-06T01:10:54.7334761Z         [36m<form[31m
2026-10-06T01:10:54.7334871Z           [33maria-hidden[31m=[32m"true"[31m
2026-10-06T01:10:54.7334982Z           [33mfields[31m=[32m"[object Object]"[31m
2026-10-06T01:10:54.7335071Z           [33mhidden[31m=[32m""[31m
2026-10-06T01:10:54.7335166Z           [33mpending[31m=[32m"0"[31m
2026-10-06T01:10:54.7335229Z         [36m>[31m
2026-10-06T01:10:54.7335331Z           [36m<input[31m
2026-10-06T01:10:54.7335498Z             [33mclass[31m=[32m"svelte-flvp99"[31m
2026-10-06T01:10:54.7335713Z             [33mtype[31m=[32m"hidden"[31m
2026-10-06T01:10:54.7335860Z             [33mvalue[31m=[32m""[31m
2026-10-06T01:10:54.7335966Z           [36m/>[31m
2026-10-06T01:10:54.7336075Z         [36m</form>[31m
2026-10-06T01:10:54.7336286Z         [0m [0m
2026-10-06T01:10:54.7336396Z         [90m<!---->[31m
2026-10-06T01:10:54.7336491Z         [0m [0m
2026-10-06T01:10:54.7336598Z         [90m<!---->[31m
2026-10-06T01:10:54.7336704Z         [90m<!---->[31m
2026-10-06T01:10:54.7336870Z         [90m<!---->[31m
2026-10-06T01:10:54.7336978Z       [36m</main>[31m
2026-10-06T01:10:54.7337075Z       [0m[0m
2026-10-06T01:10:54.7337170Z       [0m[0m
2026-10-06T01:10:54.7337276Z     [36m</div>[31m
2026-10-06T01:10:54.7337380Z   [36m</div>[31m
2026-10-06T01:10:54.7337499Z [36m</body>[31m[39m
2026-10-06T01:10:54.7337506Z 
2026-10-06T01:10:54.7337597Z Failure screenshot:
2026-10-06T01:10:54.7338592Z   - [2mparity/emdash/default-seed-setup-runtime/source/packages/admin/tests/components/__screenshots__/SetupWizard.test.tsx/SetupWizard-starting-from-a-site-package-skips-sample-content-for-an-empty-site-1.png[22m
2026-10-06T01:10:54.7338601Z 
2026-10-06T01:10:54.7339300Z [36m [2m❯[22m renderWizard parity/emdash/default-seed-setup-runtime/source/packages/admin/tests/components/SetupWizard.test.tsx:[2m275:65[22m[39m
2026-10-06T01:10:54.7339507Z     [90m274|[39m   [35mconst[39m blogSeed [33m=[39m {
2026-10-06T01:10:54.7339755Z     [90m275|[39m    name[33m:[39m [32m"Blog Template"[39m[33m,[39m
2026-10-06T01:10:54.7340049Z     [90m276|[39m    description[33m:[39m [32m"A blog template"[39m[33m,[39m
2026-10-06T01:10:54.7340191Z     [90m   |[39m         [31m^[39m
2026-10-06T01:10:54.7340420Z     [90m277|[39m    collections[33m:[39m [34m2[39m[33m,[39m
2026-10-06T01:10:54.7340646Z     [90m278|[39m    hasContent[33m:[39m [35mtrue[39m[33m,[39m
2026-10-06T01:10:54.7341275Z [90m [2m❯[22m parity/emdash/default-seed-setup-runtime/source/packages/admin/tests/components/SetupWizard.test.tsx:[2m333:21[22m[39m
2026-10-06T01:10:54.7341283Z 
2026-10-06T01:10:54.7358146Z [31m[1mCaused by: Error[22m: Matcher did not succeed in time.[39m
2026-10-06T01:10:54.7358849Z [36m [2m❯[22m renderWizard parity/emdash/default-seed-setup-runtime/source/packages/admin/tests/components/SetupWizard.test.tsx:[2m275:6[22m[39m
2026-10-06T01:10:54.7359470Z [90m [2m❯[22m parity/emdash/default-seed-setup-runtime/source/packages/admin/tests/components/SetupWizard.test.tsx:[2m333:21[22m[39m
2026-10-06T01:10:54.7359495Z 
2026-10-06T01:10:54.7359715Z [31m[2m⎯⎯⎯⎯⎯⎯⎯⎯⎯⎯⎯⎯⎯⎯⎯⎯⎯⎯⎯⎯⎯⎯[14/18]⎯[22m[39m
2026-10-06T01:10:54.7359722Z 
2026-10-06T01:10:54.7361066Z [41m[1m FAIL [22m[49m [30m[43m chromium [49m[39m parity/emdash/default-seed-setup-runtime/source/packages/admin/tests/components/SetupWizard.test.tsx[2m > [22mSetupWizard[2m > [22mstarting from a site package[2m > [22mgoes straight to the Transfer import when Cloudflare Access completes setup
2026-10-06T01:10:54.7361583Z [31m[1mVitestBrowserElementError[22m: Cannot find element with locator: page.getByText('Set up your site')
2026-10-06T01:10:54.7361593Z 
2026-10-06T01:10:54.7361696Z [36m<body>[31m
2026-10-06T01:10:54.7361793Z   [0m
2026-10-06T01:10:54.7361864Z   
2026-10-06T01:10:54.7361871Z 
2026-10-06T01:10:54.7361957Z [0m
2026-10-06T01:10:54.7362063Z   [36m<div>[31m
2026-10-06T01:10:54.7362164Z     [36m<div>[31m
2026-10-06T01:10:54.7362277Z       [90m<!---->[31m
2026-10-06T01:10:54.7362392Z       [36m<main>[31m
2026-10-06T01:10:54.7362495Z         [36m<h1>[31m
2026-10-06T01:10:54.7362649Z           [0mSet up Sveltery CMS[0m
2026-10-06T01:10:54.7362757Z         [36m</h1>[31m
2026-10-06T01:10:54.7362859Z         [0m [0m
2026-10-06T01:10:54.7362962Z         [36m<p>[31m
2026-10-06T01:10:54.7363278Z           [0mCreate the first administrator account and save a passkey to sign in.[0m
2026-10-06T01:10:54.7363387Z         [36m</p>[31m
2026-10-06T01:10:54.7363483Z         [0m [0m
2026-10-06T01:10:54.7363745Z         [36m<noscript />[31m
2026-10-06T01:10:54.7363847Z         [0m [0m
2026-10-06T01:10:54.7363954Z         [36m<form>[31m
2026-10-06T01:10:54.7364067Z           [36m<label[31m
2026-10-06T01:10:54.7364251Z             [33mclass[31m=[32m"svelte-flvp99"[31m
2026-10-06T01:10:54.7364355Z           [36m>[31m
2026-10-06T01:10:54.7364462Z             [0mEmail [0m
2026-10-06T01:10:54.7364581Z             [36m<input[31m
2026-10-06T01:10:54.7364837Z               [33mautocomplete[31m=[32m"email"[31m
2026-10-06T01:10:54.7365016Z               [33mclass[31m=[32m"svelte-flvp99"[31m
2026-10-06T01:10:54.7365175Z               [33mrequired[31m=[32m""[31m
2026-10-06T01:10:54.7365335Z               [33mtype[31m=[32m"email"[31m
2026-10-06T01:10:54.7365443Z             [36m/>[31m
2026-10-06T01:10:54.7365556Z           [36m</label>[31m
2026-10-06T01:10:54.7365660Z           [0m [0m
2026-10-06T01:10:54.7365771Z           [36m<label[31m
2026-10-06T01:10:54.7365953Z             [33mclass[31m=[32m"svelte-flvp99"[31m
2026-10-06T01:10:54.7366057Z           [36m>[31m
2026-10-06T01:10:54.7366304Z             [0mName [0m
2026-10-06T01:10:54.7366417Z             [36m<input[31m
2026-10-06T01:10:54.7366592Z               [33mautocomplete[31m=[32m"name"[31m
2026-10-06T01:10:54.7366773Z               [33mclass[31m=[32m"svelte-flvp99"[31m
2026-10-06T01:10:54.7366930Z               [33mtype[31m=[32m"text"[31m
2026-10-06T01:10:54.7367040Z             [36m/>[31m
2026-10-06T01:10:54.7367153Z           [36m</label>[31m
2026-10-06T01:10:54.7367256Z           [0m [0m
2026-10-06T01:10:54.7367364Z           [36m<button[31m
2026-10-06T01:10:54.7367539Z             [33mclass[31m=[32m"svelte-flvp99"[31m
2026-10-06T01:10:54.7367642Z           [36m>[31m
2026-10-06T01:10:54.7367823Z             [0mCreate administrator and passkey[0m
2026-10-06T01:10:54.7367938Z           [36m</button>[31m
2026-10-06T01:10:54.7368047Z         [36m</form>[31m
2026-10-06T01:10:54.7368151Z         [0m [0m
2026-10-06T01:10:54.7368256Z         [36m<form[31m
2026-10-06T01:10:54.7368423Z           [33maria-hidden[31m=[32m"true"[31m
2026-10-06T01:10:54.7368605Z           [33mfields[31m=[32m"[object Object]"[31m
2026-10-06T01:10:54.7368752Z           [33mhidden[31m=[32m""[31m
2026-10-06T01:10:54.7368902Z           [33mpending[31m=[32m"0"[31m
2026-10-06T01:10:54.7369007Z         [36m>[31m
2026-10-06T01:10:54.7369119Z           [36m<input[31m
2026-10-06T01:10:54.7369301Z             [33mclass[31m=[32m"svelte-flvp99"[31m
2026-10-06T01:10:54.7369457Z             [33mtype[31m=[32m"hidden"[31m
2026-10-06T01:10:54.7369604Z             [33mvalue[31m=[32m""[31m
2026-10-06T01:10:54.7369710Z           [36m/>[31m
2026-10-06T01:10:54.7369818Z         [36m</form>[31m
2026-10-06T01:10:54.7369916Z         [0m [0m
2026-10-06T01:10:54.7370024Z         [90m<!---->[31m
2026-10-06T01:10:54.7370119Z         [0m [0m
2026-10-06T01:10:54.7370227Z         [90m<!---->[31m
2026-10-06T01:10:54.7370341Z         [90m<!---->[31m
2026-10-06T01:10:54.7370447Z         [90m<!---->[31m
2026-10-06T01:10:54.7370555Z       [36m</main>[31m
2026-10-06T01:10:54.7370657Z       [0m[0m
2026-10-06T01:10:54.7370754Z       [0m[0m
2026-10-06T01:10:54.7370854Z     [36m</div>[31m
2026-10-06T01:10:54.7370956Z   [36m</div>[31m
2026-10-06T01:10:54.7371073Z [36m</body>[31m[39m
2026-10-06T01:10:54.7371080Z 
2026-10-06T01:10:54.7371172Z Failure screenshot:
2026-10-06T01:10:54.7372382Z   - [2mparity/emdash/default-seed-setup-runtime/source/packages/admin/tests/components/__screenshots__/SetupWizard.test.tsx/SetupWizard-starting-from-a-site-package-goes-straight-to-the-Transfer-import-when-Cloudflare-Access-completes-setup-1.png[22m
2026-10-06T01:10:54.7372391Z 
2026-10-06T01:10:54.7373085Z [36m [2m❯[22m renderWizard parity/emdash/default-seed-setup-runtime/source/packages/admin/tests/components/SetupWizard.test.tsx:[2m275:65[22m[39m
2026-10-06T01:10:54.7373369Z     [90m274|[39m   [35mconst[39m blogSeed [33m=[39m {
2026-10-06T01:10:54.7373621Z     [90m275|[39m    name[33m:[39m [32m"Blog Template"[39m[33m,[39m
2026-10-06T01:10:54.7373902Z     [90m276|[39m    description[33m:[39m [32m"A blog template"[39m[33m,[39m
2026-10-06T01:10:54.7374046Z     [90m   |[39m         [31m^[39m
2026-10-06T01:10:54.7374274Z     [90m277|[39m    collections[33m:[39m [34m2[39m[33m,[39m
2026-10-06T01:10:54.7374502Z     [90m278|[39m    hasContent[33m:[39m [35mtrue[39m[33m,[39m
2026-10-06T01:10:54.7375237Z [90m [2m❯[22m parity/emdash/default-seed-setup-runtime/source/packages/admin/tests/components/SetupWizard.test.tsx:[2m347:21[22m[39m
2026-10-06T01:10:54.7375246Z 
2026-10-06T01:10:54.7389667Z [31m[1mCaused by: Error[22m: Matcher did not succeed in time.[39m
2026-10-06T01:10:54.7390372Z [36m [2m❯[22m renderWizard parity/emdash/default-seed-setup-runtime/source/packages/admin/tests/components/SetupWizard.test.tsx:[2m275:6[22m[39m
2026-10-06T01:10:54.7391014Z [90m [2m❯[22m parity/emdash/default-seed-setup-runtime/source/packages/admin/tests/components/SetupWizard.test.tsx:[2m347:21[22m[39m
2026-10-06T01:10:54.7391023Z 
2026-10-06T01:10:54.7391237Z [31m[2m⎯⎯⎯⎯⎯⎯⎯⎯⎯⎯⎯⎯⎯⎯⎯⎯⎯⎯⎯⎯⎯⎯[15/18]⎯[22m[39m
2026-10-06T01:10:54.7391245Z 
2026-10-06T01:10:54.7392316Z [41m[1m FAIL [22m[49m [30m[43m chromium [49m[39m parity/emdash/default-seed-setup-runtime/source/packages/admin/tests/components/SetupWizard.test.tsx[2m > [22mSetupWizard[2m > [22mkeeps posting while sample content remains, then advances
2026-10-06T01:10:54.7392842Z [31m[1mVitestBrowserElementError[22m: Cannot find element with locator: page.getByText('Set up your site')
2026-10-06T01:10:54.7392850Z 
2026-10-06T01:10:54.7392953Z [36m<body>[31m
2026-10-06T01:10:54.7393046Z   [0m
2026-10-06T01:10:54.7393118Z   
2026-10-06T01:10:54.7393124Z 
2026-10-06T01:10:54.7393209Z [0m
2026-10-06T01:10:54.7393315Z   [36m<div>[31m
2026-10-06T01:10:54.7393417Z     [36m<div>[31m
2026-10-06T01:10:54.7393535Z       [90m<!---->[31m
2026-10-06T01:10:54.7393642Z       [36m<main>[31m
2026-10-06T01:10:54.7393747Z         [36m<h1>[31m
2026-10-06T01:10:54.7393897Z           [0mSet up Sveltery CMS[0m
2026-10-06T01:10:54.7394004Z         [36m</h1>[31m
2026-10-06T01:10:54.7394103Z         [0m [0m
2026-10-06T01:10:54.7394207Z         [36m<p>[31m
2026-10-06T01:10:54.7394525Z           [0mCreate the first administrator account and save a passkey to sign in.[0m
2026-10-06T01:10:54.7394636Z         [36m</p>[31m
2026-10-06T01:10:54.7394734Z         [0m [0m
2026-10-06T01:10:54.7394873Z         [36m<noscript />[31m
2026-10-06T01:10:54.7394971Z         [0m [0m
2026-10-06T01:10:54.7395081Z         [36m<form>[31m
2026-10-06T01:10:54.7395189Z           [36m<label[31m
2026-10-06T01:10:54.7395366Z             [33mclass[31m=[32m"svelte-flvp99"[31m
2026-10-06T01:10:54.7395468Z           [36m>[31m
2026-10-06T01:10:54.7395566Z             [0mEmail [0m
2026-10-06T01:10:54.7395670Z             [36m<input[31m
2026-10-06T01:10:54.7395840Z               [33mautocomplete[31m=[32m"email"[31m
2026-10-06T01:10:54.7396012Z               [33mclass[31m=[32m"svelte-flvp99"[31m
2026-10-06T01:10:54.7396165Z               [33mrequired[31m=[32m""[31m
2026-10-06T01:10:54.7396442Z               [33mtype[31m=[32m"email"[31m
2026-10-06T01:10:54.7396549Z             [36m/>[31m
2026-10-06T01:10:54.7396672Z           [36m</label>[31m
2026-10-06T01:10:54.7396771Z           [0m [0m
2026-10-06T01:10:54.7396886Z           [36m<label[31m
2026-10-06T01:10:54.7396994Z             [33mclass[31m=[32m"svelte-flvp99"[31m
2026-10-06T01:10:54.7397060Z           [36m>[31m
2026-10-06T01:10:54.7397136Z             [0mName [0m
2026-10-06T01:10:54.7397269Z             [36m<input[31m
2026-10-06T01:10:54.7397438Z               [33mautocomplete[31m=[32m"name"[31m
2026-10-06T01:10:54.7397617Z               [33mclass[31m=[32m"svelte-flvp99"[31m
2026-10-06T01:10:54.7397771Z               [33mtype[31m=[32m"text"[31m
2026-10-06T01:10:54.7398013Z             [36m/>[31m
2026-10-06T01:10:54.7398126Z           [36m</label>[31m
2026-10-06T01:10:54.7398227Z           [0m [0m
2026-10-06T01:10:54.7398338Z           [36m<button[31m
2026-10-06T01:10:54.7398507Z             [33mclass[31m=[32m"svelte-flvp99"[31m
2026-10-06T01:10:54.7398610Z           [36m>[31m
2026-10-06T01:10:54.7398789Z             [0mCreate administrator and passkey[0m
2026-10-06T01:10:54.7398903Z           [36m</button>[31m
2026-10-06T01:10:54.7399072Z         [36m</form>[31m
2026-10-06T01:10:54.7399171Z         [0m [0m
2026-10-06T01:10:54.7399276Z         [36m<form[31m
2026-10-06T01:10:54.7399433Z           [33maria-hidden[31m=[32m"true"[31m
2026-10-06T01:10:54.7399608Z           [33mfields[31m=[32m"[object Object]"[31m
2026-10-06T01:10:54.7399739Z           [33mhidden[31m=[32m""[31m
2026-10-06T01:10:54.7399872Z           [33mpending[31m=[32m"0"[31m
2026-10-06T01:10:54.7399967Z         [36m>[31m
2026-10-06T01:10:54.7400080Z           [36m<input[31m
2026-10-06T01:10:54.7400240Z             [33mclass[31m=[32m"svelte-flvp99"[31m
2026-10-06T01:10:54.7400392Z             [33mtype[31m=[32m"hidden"[31m
2026-10-06T01:10:54.7400537Z             [33mvalue[31m=[32m""[31m
2026-10-06T01:10:54.7400641Z           [36m/>[31m
2026-10-06T01:10:54.7400747Z         [36m</form>[31m
2026-10-06T01:10:54.7400845Z         [0m [0m
2026-10-06T01:10:54.7400951Z         [90m<!---->[31m
2026-10-06T01:10:54.7401052Z         [0m [0m
2026-10-06T01:10:54.7401158Z         [90m<!---->[31m
2026-10-06T01:10:54.7401266Z         [90m<!---->[31m
2026-10-06T01:10:54.7401370Z         [90m<!---->[31m
2026-10-06T01:10:54.7401472Z       [36m</main>[31m
2026-10-06T01:10:54.7401570Z       [0m[0m
2026-10-06T01:10:54.7401665Z       [0m[0m
2026-10-06T01:10:54.7401765Z     [36m</div>[31m
2026-10-06T01:10:54.7401864Z   [36m</div>[31m
2026-10-06T01:10:54.7401981Z [36m</body>[31m[39m
2026-10-06T01:10:54.7401989Z 
2026-10-06T01:10:54.7402082Z Failure screenshot:
2026-10-06T01:10:54.7402984Z   - [2mparity/emdash/default-seed-setup-runtime/source/packages/admin/tests/components/__screenshots__/SetupWizard.test.tsx/SetupWizard-keeps-posting-while-sample-content-remains--then-advances-1.png[22m
2026-10-06T01:10:54.7402992Z 
2026-10-06T01:10:54.7403611Z [36m [2m❯[22m parity/emdash/default-seed-setup-runtime/source/packages/admin/tests/components/SetupWizard.test.tsx:[2m367:63[22m[39m
2026-10-06T01:10:54.7403719Z     [90m366|[39m
2026-10-06T01:10:54.7403872Z     [90m367|[39m    [35mawait[39m expect
2026-10-06T01:10:54.7404431Z     [90m368|[39m     [33m.[39m[34melement[39m(screen[33m.[39m[34mgetByRole[39m([32m"radio"[39m[33m,[39m { name[33m:[39m [36m/Sample content/[39m }))
2026-10-06T01:10:54.7404630Z     [90m   |[39m                                     [31m^[39m
2026-10-06T01:10:54.7404913Z     [90m369|[39m     [33m.[39mnot[33m.[39m[34mtoBeInTheDocument[39m()[33m;[39m
2026-10-06T01:10:54.7405248Z     [90m370|[39m    await expect.element(screen.getByRole("radio", { name: /Empty site/…
2026-10-06T01:10:54.7405256Z 
2026-10-06T01:10:54.7437359Z [31m[1mCaused by: Error[22m: Matcher did not succeed in time.[39m
2026-10-06T01:10:54.7438030Z [36m [2m❯[22m parity/emdash/default-seed-setup-runtime/source/packages/admin/tests/components/SetupWizard.test.tsx:[2m367:4[22m[39m
2026-10-06T01:10:54.7438041Z 
2026-10-06T01:10:54.7438269Z [31m[2m⎯⎯⎯⎯⎯⎯⎯⎯⎯⎯⎯⎯⎯⎯⎯⎯⎯⎯⎯⎯⎯⎯[16/18]⎯[22m[39m
2026-10-06T01:10:54.7438290Z 
2026-10-06T01:10:54.7439479Z [41m[1m FAIL [22m[49m [30m[43m chromium [49m[39m parity/emdash/default-seed-setup-runtime/source/packages/admin/tests/components/SetupWizard.test.tsx[2m > [22mSetupWizard[2m > [22mkeeps the added sample content after a failed request and resumes on Continue
2026-10-06T01:10:54.7439975Z [31m[1mVitestBrowserElementError[22m: Cannot find element with locator: page.getByText('Set up your site')
2026-10-06T01:10:54.7439983Z 
2026-10-06T01:10:54.7440227Z [36m<body>[31m
2026-10-06T01:10:54.7440324Z   [0m
2026-10-06T01:10:54.7440400Z   
2026-10-06T01:10:54.7440407Z 
2026-10-06T01:10:54.7440496Z [0m
2026-10-06T01:10:54.7440598Z   [36m<div>[31m
2026-10-06T01:10:54.7440707Z     [36m<div>[31m
2026-10-06T01:10:54.7440817Z       [90m<!---->[31m
2026-10-06T01:10:54.7440923Z       [36m<main>[31m
2026-10-06T01:10:54.7441031Z         [36m<h1>[31m
2026-10-06T01:10:54.7441185Z           [0mSet up Sveltery CMS[0m
2026-10-06T01:10:54.7441361Z         [36m</h1>[31m
2026-10-06T01:10:54.7441459Z         [0m [0m
2026-10-06T01:10:54.7441567Z         [36m<p>[31m
2026-10-06T01:10:54.7441886Z           [0mCreate the first administrator account and save a passkey to sign in.[0m
2026-10-06T01:10:54.7441993Z         [36m</p>[31m
2026-10-06T01:10:54.7442093Z         [0m [0m
2026-10-06T01:10:54.7442234Z         [36m<noscript />[31m
2026-10-06T01:10:54.7442331Z         [0m [0m
2026-10-06T01:10:54.7442442Z         [36m<form>[31m
2026-10-06T01:10:54.7442559Z           [36m<label[31m
2026-10-06T01:10:54.7442747Z             [33mclass[31m=[32m"svelte-flvp99"[31m
2026-10-06T01:10:54.7442850Z           [36m>[31m
2026-10-06T01:10:54.7442962Z             [0mEmail [0m
2026-10-06T01:10:54.7443081Z             [36m<input[31m
2026-10-06T01:10:54.7443263Z               [33mautocomplete[31m=[32m"email"[31m
2026-10-06T01:10:54.7443453Z               [33mclass[31m=[32m"svelte-flvp99"[31m
2026-10-06T01:10:54.7443617Z               [33mrequired[31m=[32m""[31m
2026-10-06T01:10:54.7443777Z               [33mtype[31m=[32m"email"[31m
2026-10-06T01:10:54.7443882Z             [36m/>[31m
2026-10-06T01:10:54.7443997Z           [36m</label>[31m
2026-10-06T01:10:54.7444098Z           [0m [0m
2026-10-06T01:10:54.7444206Z           [36m<label[31m
2026-10-06T01:10:54.7444389Z             [33mclass[31m=[32m"svelte-flvp99"[31m
2026-10-06T01:10:54.7444491Z           [36m>[31m
2026-10-06T01:10:54.7444598Z             [0mName [0m
2026-10-06T01:10:54.7444715Z             [36m<input[31m
2026-10-06T01:10:54.7444892Z               [33mautocomplete[31m=[32m"name"[31m
2026-10-06T01:10:54.7445073Z               [33mclass[31m=[32m"svelte-flvp99"[31m
2026-10-06T01:10:54.7445226Z               [33mtype[31m=[32m"text"[31m
2026-10-06T01:10:54.7445336Z             [36m/>[31m
2026-10-06T01:10:54.7445449Z           [36m</label>[31m
2026-10-06T01:10:54.7445550Z           [0m [0m
2026-10-06T01:10:54.7445667Z           [36m<button[31m
2026-10-06T01:10:54.7445842Z             [33mclass[31m=[32m"svelte-flvp99"[31m
2026-10-06T01:10:54.7445949Z           [36m>[31m
2026-10-06T01:10:54.7446127Z             [0mCreate administrator and passkey[0m
2026-10-06T01:10:54.7446423Z           [36m</button>[31m
2026-10-06T01:10:54.7446534Z         [36m</form>[31m
2026-10-06T01:10:54.7446632Z         [0m [0m
2026-10-06T01:10:54.7446740Z         [36m<form[31m
2026-10-06T01:10:54.7446908Z           [33maria-hidden[31m=[32m"true"[31m
2026-10-06T01:10:54.7447096Z           [33mfields[31m=[32m"[object Object]"[31m
2026-10-06T01:10:54.7447241Z           [33mhidden[31m=[32m""[31m
2026-10-06T01:10:54.7447390Z           [33mpending[31m=[32m"0"[31m
2026-10-06T01:10:54.7447491Z         [36m>[31m
2026-10-06T01:10:54.7447599Z           [36m<input[31m
2026-10-06T01:10:54.7447776Z             [33mclass[31m=[32m"svelte-flvp99"[31m
2026-10-06T01:10:54.7447939Z             [33mtype[31m=[32m"hidden"[31m
2026-10-06T01:10:54.7448088Z             [33mvalue[31m=[32m""[31m
2026-10-06T01:10:54.7448190Z           [36m/>[31m
2026-10-06T01:10:54.7448300Z         [36m</form>[31m
2026-10-06T01:10:54.7448400Z         [0m [0m
2026-10-06T01:10:54.7448507Z         [90m<!---->[31m
2026-10-06T01:10:54.7448607Z         [0m [0m
2026-10-06T01:10:54.7448717Z         [90m<!---->[31m
2026-10-06T01:10:54.7448820Z         [90m<!---->[31m
2026-10-06T01:10:54.7448926Z         [90m<!---->[31m
2026-10-06T01:10:54.7449046Z       [36m</main>[31m
2026-10-06T01:10:54.7449222Z       [0m[0m
2026-10-06T01:10:54.7449317Z       [0m[0m
2026-10-06T01:10:54.7449421Z     [36m</div>[31m
2026-10-06T01:10:54.7449524Z   [36m</div>[31m
2026-10-06T01:10:54.7449637Z [36m</body>[31m[39m
2026-10-06T01:10:54.7449644Z 
2026-10-06T01:10:54.7449741Z Failure screenshot:
2026-10-06T01:10:54.7450778Z   - [2mparity/emdash/default-seed-setup-runtime/source/packages/admin/tests/components/__screenshots__/SetupWizard.test.tsx/SetupWizard-keeps-the-added-sample-content-after-a-failed-request-and-resumes-on-Continue-1.png[22m
2026-10-06T01:10:54.7450849Z 
2026-10-06T01:10:54.7451491Z [36m [2m❯[22m parity/emdash/default-seed-setup-runtime/source/packages/admin/tests/components/SetupWizard.test.tsx:[2m385:63[22m[39m
2026-10-06T01:10:54.7451715Z     [90m384|[39m    [33m<[39m[33mQueryWrapper[39m[33m>[39m
2026-10-06T01:10:54.7451971Z     [90m385|[39m     [33m<[39m[33mSetupWizard[39m [33m/[39m[33m>[39m
2026-10-06T01:10:54.7452258Z     [90m386|[39m    [33m<[39m[33m/[39m[33mQueryWrapper[39m[33m>[39m[33m,[39m
2026-10-06T01:10:54.7452393Z     [90m   |[39m   [31m^[39m
2026-10-06T01:10:54.7452524Z     [90m387|[39m   )[33m;[39m
2026-10-06T01:10:54.7452862Z     [90m388|[39m   await expect.element(screen.getByText("Set up your site")).toBeInThe…
2026-10-06T01:10:54.7452869Z 
2026-10-06T01:10:54.7467934Z [31m[1mCaused by: Error[22m: Matcher did not succeed in time.[39m
2026-10-06T01:10:54.7468381Z [36m [2m❯[22m parity/emdash/default-seed-setup-runtime/source/packages/admin/tests/components/SetupWizard.test.tsx:[2m385:4[22m[39m
2026-10-06T01:10:54.7468403Z 
2026-10-06T01:10:54.7468570Z [31m[2m⎯⎯⎯⎯⎯⎯⎯⎯⎯⎯⎯⎯⎯⎯⎯⎯⎯⎯⎯⎯⎯⎯[17/18]⎯[22m[39m
2026-10-06T01:10:54.7468611Z 
2026-10-06T01:10:54.7469699Z [41m[1m FAIL [22m[49m [30m[43m chromium [49m[39m parity/emdash/default-seed-setup-runtime/source/packages/admin/tests/components/SetupWizard.test.tsx[2m > [22mSetupWizard[2m > [22mstops posting when a request reports no progress
2026-10-06T01:10:54.7470167Z [31m[1mVitestBrowserElementError[22m: Cannot find element with locator: page.getByText('Set up your site')
2026-10-06T01:10:54.7470175Z 
2026-10-06T01:10:54.7470274Z [36m<body>[31m
2026-10-06T01:10:54.7470408Z   [0m
2026-10-06T01:10:54.7470499Z   
2026-10-06T01:10:54.7470506Z 
2026-10-06T01:10:54.7470632Z [0m
2026-10-06T01:10:54.7470791Z   [36m<div>[31m
2026-10-06T01:10:54.7470879Z     [36m<div>[31m
2026-10-06T01:10:54.7471100Z       [90m<!---->[31m
2026-10-06T01:10:54.7471194Z       [36m<main>[31m
2026-10-06T01:10:54.7471299Z         [36m<h1>[31m
2026-10-06T01:10:54.7471421Z           [0mSet up Sveltery CMS[0m
2026-10-06T01:10:54.7480227Z         [36m</h1>[31m
2026-10-06T01:10:54.7480320Z         [0m [0m
2026-10-06T01:10:54.7480394Z         [36m<p>[31m
2026-10-06T01:10:54.7480597Z           [0mCreate the first administrator account and save a passkey to sign in.[0m
2026-10-06T01:10:54.7480669Z         [36m</p>[31m
2026-10-06T01:10:54.7480732Z         [0m [0m
2026-10-06T01:10:54.7480828Z         [36m<noscript />[31m
2026-10-06T01:10:54.7480894Z         [0m [0m
2026-10-06T01:10:54.7480964Z         [36m<form>[31m
2026-10-06T01:10:54.7481038Z           [36m<label[31m
2026-10-06T01:10:54.7481158Z             [33mclass[31m=[32m"svelte-flvp99"[31m
2026-10-06T01:10:54.7481223Z           [36m>[31m
2026-10-06T01:10:54.7481296Z             [0mEmail [0m
2026-10-06T01:10:54.7481373Z             [36m<input[31m
2026-10-06T01:10:54.7481503Z               [33mautocomplete[31m=[32m"email"[31m
2026-10-06T01:10:54.7481612Z               [33mclass[31m=[32m"svelte-flvp99"[31m
2026-10-06T01:10:54.7481717Z               [33mrequired[31m=[32m""[31m
2026-10-06T01:10:54.7481818Z               [33mtype[31m=[32m"email"[31m
2026-10-06T01:10:54.7481889Z             [36m/>[31m
2026-10-06T01:10:54.7481960Z           [36m</label>[31m
2026-10-06T01:10:54.7482028Z           [0m [0m
2026-10-06T01:10:54.7482100Z           [36m<label[31m
2026-10-06T01:10:54.7482326Z             [33mclass[31m=[32m"svelte-flvp99"[31m
2026-10-06T01:10:54.7482395Z           [36m>[31m
2026-10-06T01:10:54.7482467Z             [0mName [0m
2026-10-06T01:10:54.7482540Z             [36m<input[31m
2026-10-06T01:10:54.7482645Z               [33mautocomplete[31m=[32m"name"[31m
2026-10-06T01:10:54.7482757Z               [33mclass[31m=[32m"svelte-flvp99"[31m
2026-10-06T01:10:54.7482854Z               [33mtype[31m=[32m"text"[31m
2026-10-06T01:10:54.7482964Z             [36m/>[31m
2026-10-06T01:10:54.7483038Z           [36m</label>[31m
2026-10-06T01:10:54.7483104Z           [0m [0m
2026-10-06T01:10:54.7483176Z           [36m<button[31m
2026-10-06T01:10:54.7483283Z             [33mclass[31m=[32m"svelte-flvp99"[31m
2026-10-06T01:10:54.7483349Z           [36m>[31m
2026-10-06T01:10:54.7483462Z             [0mCreate administrator and passkey[0m
2026-10-06T01:10:54.7483537Z           [36m</button>[31m
2026-10-06T01:10:54.7483605Z         [36m</form>[31m
2026-10-06T01:10:54.7483672Z         [0m [0m
2026-10-06T01:10:54.7483741Z         [36m<form[31m
2026-10-06T01:10:54.7483845Z           [33maria-hidden[31m=[32m"true"[31m
2026-10-06T01:10:54.7483953Z           [33mfields[31m=[32m"[object Object]"[31m
2026-10-06T01:10:54.7484048Z           [33mhidden[31m=[32m""[31m
2026-10-06T01:10:54.7484140Z           [33mpending[31m=[32m"0"[31m
2026-10-06T01:10:54.7484203Z         [36m>[31m
2026-10-06T01:10:54.7484274Z           [36m<input[31m
2026-10-06T01:10:54.7484385Z             [33mclass[31m=[32m"svelte-flvp99"[31m
2026-10-06T01:10:54.7484482Z             [33mtype[31m=[32m"hidden"[31m
2026-10-06T01:10:54.7484570Z             [33mvalue[31m=[32m""[31m
2026-10-06T01:10:54.7484638Z           [36m/>[31m
2026-10-06T01:10:54.7484710Z         [36m</form>[31m
2026-10-06T01:10:54.7484771Z         [0m [0m
2026-10-06T01:10:54.7484841Z         [90m<!---->[31m
2026-10-06T01:10:54.7484904Z         [0m [0m
2026-10-06T01:10:54.7484971Z         [90m<!---->[31m
2026-10-06T01:10:54.7485045Z         [90m<!---->[31m
2026-10-06T01:10:54.7485112Z         [90m<!---->[31m
2026-10-06T01:10:54.7485181Z       [36m</main>[31m
2026-10-06T01:10:54.7485242Z       [0m[0m
2026-10-06T01:10:54.7485304Z       [0m[0m
2026-10-06T01:10:54.7485371Z     [36m</div>[31m
2026-10-06T01:10:54.7485434Z   [36m</div>[31m
2026-10-06T01:10:54.7485507Z [36m</body>[31m[39m
2026-10-06T01:10:54.7485514Z 
2026-10-06T01:10:54.7485576Z Failure screenshot:
2026-10-06T01:10:54.7486079Z   - [2mparity/emdash/default-seed-setup-runtime/source/packages/admin/tests/components/__screenshots__/SetupWizard.test.tsx/SetupWizard-stops-posting-when-a-request-reports-no-progress-1.png[22m
2026-10-06T01:10:54.7486085Z 
2026-10-06T01:10:54.7486749Z [36m [2m❯[22m parity/emdash/default-seed-setup-runtime/source/packages/admin/tests/components/SetupWizard.test.tsx:[2m400:63[22m[39m
2026-10-06T01:10:54.7486924Z     [90m398|[39m    [34mseedPartResponse[39m([34m40[39m)[33m,[39m
2026-10-06T01:10:54.7487047Z     [90m399|[39m    [35mnew[39m [33mResponse[39m(
2026-10-06T01:10:54.7487242Z     [90m400|[39m     JSON.stringify({ error: { code: "SEED_ERROR", message: "Failed to …
2026-10-06T01:10:54.7487392Z     [90m   |[39m                                                               [31m^[39m
2026-10-06T01:10:54.7487531Z     [90m401|[39m     { status[33m:[39m [34m500[39m }[33m,[39m
2026-10-06T01:10:54.7487619Z     [90m402|[39m    )[33m,[39m
2026-10-06T01:10:54.7487630Z 
2026-10-06T01:10:54.7515999Z [31m[1mCaused by: Error[22m: Matcher did not succeed in time.[39m
2026-10-06T01:10:54.7516650Z [36m [2m❯[22m parity/emdash/default-seed-setup-runtime/source/packages/admin/tests/components/SetupWizard.test.tsx:[2m400:4[22m[39m
2026-10-06T01:10:54.7516661Z 
2026-10-06T01:10:54.7516862Z [31m[2m⎯⎯⎯⎯⎯⎯⎯⎯⎯⎯⎯⎯⎯⎯⎯⎯⎯⎯⎯⎯⎯⎯[18/18]⎯[22m[39m
2026-10-06T01:10:54.7516869Z 
2026-10-06T01:10:54.7519491Z 
2026-10-06T01:10:54.7521871Z [2m Test Files [22m [1m[31m1 failed[39m[22m[90m (1)[39m
2026-10-06T01:10:54.7522392Z [2m      Tests [22m [1m[31m18 failed[39m[22m[90m (18)[39m
2026-10-06T01:10:54.7522584Z [2m   Start at [22m 01:06:22
2026-10-06T01:10:54.7523372Z [2m   Duration [22m 272.39s[2m (transform 0ms, setup 145ms, import 284ms, tests 270.08s, environment 0ms)[22m
2026-10-06T01:10:54.7524559Z 
2026-10-06T01:10:54.7643201Z JSON report written to /home/runner/work/cms/cms/setup-source-results.json
2026-10-06T01:10:54.7727880Z 2026-10-06T01:10:54.768Z pw:browser [pid=2913][err] [1006/011054.768557:INFO:CONSOLE:1080] "[vite] server connection lost. Polling for restart...", source: http://localhost:63315/@vite/client (1080)
2026-10-06T01:10:54.7757845Z 2026-10-06T01:10:54.769Z pw:browser [pid=2913][err] [1006/011054.769639:INFO:CONSOLE:1211] "[vite] server connection lost. Polling for restart...", source: http://localhost:63315/__vitest_browser__/tester-BJtsJFpD.js (1211)
2026-10-06T01:10:54.7868825Z 2026-10-06T01:10:54.786Z pw:browser [pid=2913] <gracefully close start>
2026-10-06T01:10:54.8033167Z 2026-10-06T01:10:54.803Z pw:browser [pid=2913] <process did exit: exitCode=0, signal=null>
2026-10-06T01:10:54.8036103Z 2026-10-06T01:10:54.803Z pw:browser [pid=2913] starting temporary directories cleanup
2026-10-06T01:10:54.8054005Z 2026-10-06T01:10:54.805Z pw:browser [pid=2913] finished temporary directories cleanup
2026-10-06T01:10:54.8257486Z 2026-10-06T01:10:54.805Z pw:browser [pid=2913] <gracefully close end>
2026-10-06T01:10:54.8265387Z ##[error]Process completed with exit code 1.
2026-10-06T01:10:54.8310355Z ##[group]Run actions/upload-artifact@v4
2026-10-06T01:10:54.8310411Z with:
2026-10-06T01:10:54.8310484Z   name: default-seed-setup-source-results
2026-10-06T01:10:54.8310559Z   path: setup-source-results.json
test-results/

2026-10-06T01:10:54.8310612Z   retention-days: 7
2026-10-06T01:10:54.8310668Z   if-no-files-found: warn
2026-10-06T01:10:54.8310719Z   compression-level: 6
2026-10-06T01:10:54.8310768Z   overwrite: false
2026-10-06T01:10:54.8310826Z   include-hidden-files: false
2026-10-06T01:10:54.8310871Z env:
2026-10-06T01:10:54.8310952Z   PNPM_HOME: /home/runner/setup-pnpm/node_modules/.bin
2026-10-06T01:10:54.8311001Z ##[endgroup]
2026-10-06T01:10:54.9303985Z (node:3111) [DEP0040] DeprecationWarning: The `punycode` module is deprecated. Please use a userland alternative instead.
2026-10-06T01:10:54.9304310Z (Use `node --trace-deprecation ...` to show where the warning was created)
2026-10-06T01:10:54.9332177Z Multiple search paths detected. Calculating the least common ancestor of all paths
2026-10-06T01:10:54.9337875Z The least common ancestor is /home/runner/work/cms/cms. This will be the root directory of the artifact
2026-10-06T01:10:54.9338013Z With the provided path, there will be 1 file uploaded
2026-10-06T01:10:54.9338178Z Artifact name is valid!
2026-10-06T01:10:54.9357711Z Root directory input is valid!
2026-10-06T01:10:55.2148822Z Beginning upload of artifact content to blob storage
2026-10-06T01:10:55.2266373Z (node:3111) [DEP0169] DeprecationWarning: `url.parse()` behavior is not standardized and prone to errors that have security implications. Use the WHATWG URL API instead. CVEs are not issued for `url.parse()` vulnerabilities.
2026-10-06T01:10:55.3738859Z Uploaded bytes 2987
2026-10-06T01:10:55.4103538Z Finished uploading artifact content to blob storage!
2026-10-06T01:10:55.4104141Z SHA256 digest of uploaded artifact zip is 967e9a79fcd24844cab3b3fde43eba0da3adea3bec1cd8c8da44d80b2f5fdda8
2026-10-06T01:10:55.4105521Z Finalizing artifact upload
2026-10-06T01:10:55.6382674Z Artifact default-seed-setup-source-results.zip successfully finalized. Artifact ID 11384066807
2026-10-06T01:10:55.6383549Z Artifact default-seed-setup-source-results has been successfully uploaded! Final size is 2987 bytes. Artifact ID is 11384066807
2026-10-06T01:10:55.6387196Z Artifact download URL: https://github.com/sveltery/cms/actions/runs/37397050581/artifacts/11384066807
2026-10-06T01:10:55.6484396Z Post job cleanup.
2026-10-06T01:10:55.7342706Z Pruning is unnecessary.
2026-10-06T01:10:55.7463341Z Post job cleanup.
2026-10-06T01:10:55.7977607Z [command]/usr/bin/git version
2026-10-06T01:10:55.8001525Z git version 2.55.0
2026-10-06T01:10:55.8022640Z Temporarily overriding HOME='/home/runner/work/_temp/7462a928-11e9-4029-b8f3-bc7c28ca6b2d' before making global git config changes
2026-10-06T01:10:55.8023457Z Adding repository directory to the temporary git global config as a safe directory
2026-10-06T01:10:55.8025311Z [command]/usr/bin/git config --global --add safe.directory /home/runner/work/cms/cms
2026-10-06T01:10:55.8045953Z [command]/usr/bin/git config --local --name-only --get-regexp core\.sshCommand
2026-10-06T01:10:55.8063558Z [command]/usr/bin/git submodule foreach --recursive sh -c "git config --local --name-only --get-regexp 'core\.sshCommand' && git config --local --unset-all 'core.sshCommand' || :"
2026-10-06T01:10:55.8182723Z [command]/usr/bin/git config --local --name-only --get-regexp http\.https\:\/\/github\.com\/\.extraheader
2026-10-06T01:10:55.8194575Z http.https://github.com/.extraheader
2026-10-06T01:10:55.8202367Z [command]/usr/bin/git config --local --unset-all http.https://github.com/.extraheader
2026-10-06T01:10:55.8222169Z [command]/usr/bin/git submodule foreach --recursive sh -c "git config --local --name-only --get-regexp 'http\.https\:\/\/github\.com\/\.extraheader' && git config --local --unset-all 'http.https://github.com/.extraheader' || :"
2026-10-06T01:10:55.8348979Z [command]/usr/bin/git config --local --name-only --get-regexp ^includeIf\.gitdir:
2026-10-06T01:10:55.8370339Z [command]/usr/bin/git submodule foreach --recursive git config --local --show-origin --name-only --get-regexp remote.origin.url
2026-10-06T01:10:55.8573401Z Cleaning up orphan processes
2026-10-06T01:10:55.8747708Z ##[warning]Node.js 20 is deprecated. The following actions target Node.js 20 but are being forced to run on Node.js 24: actions/checkout@v4, actions/setup-node@v4, actions/upload-artifact@v4, pnpm/action-setup@v4. For more information see: https://github.blog/changelog/2025-09-19-deprecation-of-node-20-on-github-actions-runners/
