2026-10-05T06:21:20.6650599Z Current runner version: '2.337.0'
2026-10-05T06:21:20.6688230Z ##[group]Runner Image Provisioner
2026-10-05T06:21:20.6689739Z Hosted Compute Agent
2026-10-05T06:21:20.6690865Z Version: 20260901.588
2026-10-05T06:21:20.6692029Z Commit: f88ec8081b781fac6c440065ac7ff9e710ce3d0b
2026-10-05T06:21:20.6693762Z Build Date: 2026-09-01T19:56:44Z
2026-10-05T06:21:20.6695296Z Worker ID: {efb75fd5-b216-4ef8-b281-98c9ded0764e}
2026-10-05T06:21:20.6696747Z Azure Region: eastus2
2026-10-05T06:21:20.6697803Z ##[endgroup]
2026-10-05T06:21:20.6700083Z ##[group]Operating System
2026-10-05T06:21:20.6701364Z Ubuntu
2026-10-05T06:21:20.6702262Z 22.04.5
2026-10-05T06:21:20.6703162Z LTS
2026-10-05T06:21:20.6704102Z ##[endgroup]
2026-10-05T06:21:20.6705362Z ##[group]Runner Image
2026-10-05T06:21:20.6706623Z Image: ubuntu-22.04
2026-10-05T06:21:20.6707581Z Version: 20260927.309.1
2026-10-05T06:21:20.6709845Z Included Software: https://github.com/actions/runner-images/blob/ubuntu22/20260927.309/images/ubuntu/Ubuntu2204-Readme.md
2026-10-05T06:21:20.6712716Z Image Release: https://github.com/actions/runner-images/releases/tag/ubuntu22%2F20260927.309
2026-10-05T06:21:20.6715016Z ##[endgroup]
2026-10-05T06:21:20.6716968Z ##[group]GITHUB_TOKEN Permissions
2026-10-05T06:21:20.6720385Z Contents: read
2026-10-05T06:21:20.6721465Z Metadata: read
2026-10-05T06:21:20.6722663Z ##[endgroup]
2026-10-05T06:21:20.6725899Z Secret source: Actions
2026-10-05T06:21:20.6727743Z Cache mode: write
2026-10-05T06:21:20.6729435Z Prepare workflow directory
2026-10-05T06:21:20.7214697Z Prepare all required actions
2026-10-05T06:21:20.7286202Z Getting action download info
2026-10-05T06:21:20.9553020Z Download action repository 'actions/checkout@v4' (SHA:11d5960a326750d5838078e36cf38b85af677262)
2026-10-05T06:21:21.0568932Z Download action repository 'pnpm/action-setup@v4' (SHA:b906affcce14559ad1aafd4ab0e942779e9f58b1)
2026-10-05T06:21:21.2746984Z Download action repository 'actions/setup-node@v4' (SHA:49933ea5288caeca8642d1e84afbd3f7d6820020)
2026-10-05T06:21:21.4455224Z Download action repository 'actions/upload-artifact@v4' (SHA:ea165f8d65b6e75b540449e92b4886f43607fa02)
2026-10-05T06:21:21.7631193Z Complete job name: browser
2026-10-05T06:21:21.8797379Z ##[group]Run actions/checkout@v4
2026-10-05T06:21:21.8798910Z with:
2026-10-05T06:21:21.8799947Z   repository: sveltery/cms
2026-10-05T06:21:21.8808716Z   token: ***
2026-10-05T06:21:21.8809667Z   ssh-strict: true
2026-10-05T06:21:21.8810677Z   ssh-user: git
2026-10-05T06:21:21.8811623Z   persist-credentials: true
2026-10-05T06:21:21.8812655Z   clean: true
2026-10-05T06:21:21.8813729Z   sparse-checkout-cone-mode: true
2026-10-05T06:21:21.8815022Z   fetch-depth: 1
2026-10-05T06:21:21.8816122Z   fetch-tags: false
2026-10-05T06:21:21.8817486Z   show-progress: true
2026-10-05T06:21:21.8818537Z   lfs: false
2026-10-05T06:21:21.8819621Z   submodules: false
2026-10-05T06:21:21.8820782Z   set-safe-directory: true
2026-10-05T06:21:21.8821931Z   allow-unsafe-pr-checkout: false
2026-10-05T06:21:21.8823630Z ##[endgroup]
2026-10-05T06:21:22.0013258Z Syncing repository: sveltery/cms
2026-10-05T06:21:22.0017715Z ##[group]Getting Git version info
2026-10-05T06:21:22.0019769Z Working directory is '/home/runner/work/cms/cms'
2026-10-05T06:21:22.0022655Z [command]/usr/bin/git version
2026-10-05T06:21:22.0052728Z git version 2.55.0
2026-10-05T06:21:22.0086949Z ##[endgroup]
2026-10-05T06:21:22.0096278Z Temporarily overriding HOME='/home/runner/work/_temp/e454e6d7-f26e-4e8e-9ace-f3ffd6390ec5' before making global git config changes
2026-10-05T06:21:22.0100939Z Adding repository directory to the temporary git global config as a safe directory
2026-10-05T06:21:22.0104620Z [command]/usr/bin/git config --global --add safe.directory /home/runner/work/cms/cms
2026-10-05T06:21:22.0144018Z Deleting the contents of '/home/runner/work/cms/cms'
2026-10-05T06:21:22.0150161Z ##[group]Initializing the repository
2026-10-05T06:21:22.0153476Z [command]/usr/bin/git init /home/runner/work/cms/cms
2026-10-05T06:21:22.0263373Z hint: Using 'master' as the name for the initial branch. This default branch name
2026-10-05T06:21:22.0267771Z hint: will change to "main" in Git 3.0. To configure the initial branch name
2026-10-05T06:21:22.0291785Z hint: to use in all of your new repositories, which will suppress this warning,
2026-10-05T06:21:22.0294290Z hint: call:
2026-10-05T06:21:22.0295746Z hint:
2026-10-05T06:21:22.0297234Z hint: 	git config --global init.defaultBranch <name>
2026-10-05T06:21:22.0299121Z hint:
2026-10-05T06:21:22.0300931Z hint: Names commonly chosen instead of 'master' are 'main', 'trunk' and
2026-10-05T06:21:22.0304130Z hint: 'development'. The just-created branch can be renamed via this command:
2026-10-05T06:21:22.0310170Z hint:
2026-10-05T06:21:22.0311443Z hint: 	git branch -m <name>
2026-10-05T06:21:22.0312892Z hint:
2026-10-05T06:21:22.0315141Z hint: Disable this message with "git config set advice.defaultBranchName false"
2026-10-05T06:21:22.0318252Z Initialized empty Git repository in /home/runner/work/cms/cms/.git/
2026-10-05T06:21:22.0323114Z [command]/usr/bin/git remote add origin https://github.com/sveltery/cms
2026-10-05T06:21:22.0331644Z ##[endgroup]
2026-10-05T06:21:22.0334905Z ##[group]Disabling automatic garbage collection
2026-10-05T06:21:22.0337871Z [command]/usr/bin/git config --local gc.auto 0
2026-10-05T06:21:22.0373648Z ##[endgroup]
2026-10-05T06:21:22.0376079Z ##[group]Setting up auth
2026-10-05T06:21:22.0380481Z [command]/usr/bin/git config --local --name-only --get-regexp core\.sshCommand
2026-10-05T06:21:22.0419114Z [command]/usr/bin/git submodule foreach --recursive sh -c "git config --local --name-only --get-regexp 'core\.sshCommand' && git config --local --unset-all 'core.sshCommand' || :"
2026-10-05T06:21:22.0863012Z [command]/usr/bin/git config --local --name-only --get-regexp http\.https\:\/\/github\.com\/\.extraheader
2026-10-05T06:21:22.0922719Z [command]/usr/bin/git submodule foreach --recursive sh -c "git config --local --name-only --get-regexp 'http\.https\:\/\/github\.com\/\.extraheader' && git config --local --unset-all 'http.https://github.com/.extraheader' || :"
2026-10-05T06:21:22.1209067Z [command]/usr/bin/git config --local --name-only --get-regexp ^includeIf\.gitdir:
2026-10-05T06:21:22.1251568Z [command]/usr/bin/git submodule foreach --recursive git config --local --show-origin --name-only --get-regexp remote.origin.url
2026-10-05T06:21:22.1513778Z [command]/usr/bin/git config --local http.https://github.com/.extraheader AUTHORIZATION: basic ***
2026-10-05T06:21:22.1558893Z ##[endgroup]
2026-10-05T06:21:22.1560506Z ##[group]Fetching the repository
2026-10-05T06:21:22.1571920Z [command]/usr/bin/git -c protocol.version=2 fetch --no-tags --prune --no-recurse-submodules --depth=1 origin +1bf9f229c65809e63df8f68278cff48b7e1439e3:refs/remotes/pull/111/merge
2026-10-05T06:21:23.3515806Z From https://github.com/sveltery/cms
2026-10-05T06:21:23.3516596Z  * [new ref]         1bf9f229c65809e63df8f68278cff48b7e1439e3 -> pull/111/merge
2026-10-05T06:21:23.3520276Z ##[endgroup]
2026-10-05T06:21:23.3520966Z ##[group]Determining the checkout info
2026-10-05T06:21:23.3522393Z ##[endgroup]
2026-10-05T06:21:23.3528530Z [command]/usr/bin/git sparse-checkout disable
2026-10-05T06:21:23.3580122Z [command]/usr/bin/git config --local --unset-all extensions.worktreeConfig
2026-10-05T06:21:23.3619826Z ##[group]Checking out the ref
2026-10-05T06:21:23.3623194Z [command]/usr/bin/git checkout --progress --force refs/remotes/pull/111/merge
2026-10-05T06:21:23.6672502Z Note: switching to 'refs/remotes/pull/111/merge'.
2026-10-05T06:21:23.6674062Z 
2026-10-05T06:21:23.6675101Z You are in 'detached HEAD' state. You can look around, make experimental
2026-10-05T06:21:23.6676271Z changes and commit them, and you can discard any commits you make in this
2026-10-05T06:21:23.6677203Z state without impacting any branches by switching back to a branch.
2026-10-05T06:21:23.6677748Z 
2026-10-05T06:21:23.6678118Z If you want to create a new branch to retain commits you create, you may
2026-10-05T06:21:23.6678979Z do so (now or later) by using -c with the switch command. Example:
2026-10-05T06:21:23.6679918Z 
2026-10-05T06:21:23.6680151Z   git switch -c <new-branch-name>
2026-10-05T06:21:23.6680490Z 
2026-10-05T06:21:23.6680738Z Or undo this operation with:
2026-10-05T06:21:23.6681057Z 
2026-10-05T06:21:23.6681249Z   git switch -
2026-10-05T06:21:23.6681522Z 
2026-10-05T06:21:23.6681961Z Turn off this advice by setting config variable advice.detachedHead to false
2026-10-05T06:21:23.6682544Z 
2026-10-05T06:21:23.6683213Z HEAD is now at 1bf9f22 Merge 94def61cce47c18bed4bb72aba16a285c36efe9d into 98332aaa81bf857b3e8214a7e572cb086390d703
2026-10-05T06:21:23.6689277Z ##[endgroup]
2026-10-05T06:21:23.6737872Z [command]/usr/bin/git log -1 --format=%H
2026-10-05T06:21:23.6769722Z 1bf9f229c65809e63df8f68278cff48b7e1439e3
2026-10-05T06:21:23.7035411Z ##[group]Run pnpm/action-setup@v4
2026-10-05T06:21:23.7035789Z with:
2026-10-05T06:21:23.7036028Z   version: 12.6.0
2026-10-05T06:21:23.7036275Z   dest: ~/setup-pnpm
2026-10-05T06:21:23.7036533Z   run_install: null
2026-10-05T06:21:23.7036806Z   cache: false
2026-10-05T06:21:23.7037074Z   cache_dependency_path: pnpm-lock.yaml
2026-10-05T06:21:23.7037414Z   package_json_file: package.json
2026-10-05T06:21:23.7037738Z   standalone: false
2026-10-05T06:21:23.7037998Z ##[endgroup]
2026-10-05T06:21:23.8596260Z ##[group]Running self-installer...
2026-10-05T06:21:24.3075394Z (node:2057) [DEP0169] DeprecationWarning: `url.parse()` behavior is not standardized and prone to errors that have security implications. Use the WHATWG URL API instead. CVEs are not issued for `url.parse()` vulnerabilities.
2026-10-05T06:21:24.3077646Z (Use `node --trace-deprecation ...` to show where the warning was created)
2026-10-05T06:21:24.4566912Z Progress: resolved 1, reused 0, downloaded 0, added 0
2026-10-05T06:21:24.5986964Z Packages: +3
2026-10-05T06:21:24.5987455Z +++
2026-10-05T06:21:25.2849946Z Progress: resolved 15, reused 0, downloaded 3, added 3, done
2026-10-05T06:21:25.3022216Z .../.pnpm/pnpm@12.6.0/node_modules/pnpm preinstall$ node install.js
2026-10-05T06:21:27.4853936Z .../.pnpm/pnpm@12.6.0/node_modules/pnpm preinstall: Done
2026-10-05T06:21:27.4859539Z .../.pnpm/pnpm@12.6.0/node_modules/pnpm postinstall$ node install.js
2026-10-05T06:21:27.5351596Z .../.pnpm/pnpm@12.6.0/node_modules/pnpm postinstall: Done
2026-10-05T06:21:28.9922274Z 
2026-10-05T06:21:28.9922815Z dependencies:
2026-10-05T06:21:28.9923242Z + pnpm 12.6.0 (12.9.1 is available)
2026-10-05T06:21:28.9923494Z 
2026-10-05T06:21:28.9947540Z Done in 4.9s
2026-10-05T06:21:29.0605893Z ##[endgroup]
2026-10-05T06:21:29.0606394Z Installation Completed!
2026-10-05T06:21:29.0816760Z ##[group]Run actions/setup-node@v4
2026-10-05T06:21:29.0817056Z with:
2026-10-05T06:21:29.0817241Z   node-version: 24
2026-10-05T06:21:29.0817440Z   cache: pnpm
2026-10-05T06:21:29.0817629Z   always-auth: false
2026-10-05T06:21:29.0817835Z   check-latest: false
2026-10-05T06:21:29.0820281Z   token: ***
2026-10-05T06:21:29.0820477Z env:
2026-10-05T06:21:29.0820731Z   PNPM_HOME: /home/runner/setup-pnpm/node_modules/.bin
2026-10-05T06:21:29.0821059Z ##[endgroup]
2026-10-05T06:21:29.2925550Z Found in cache @ /opt/hostedtoolcache/node/24.21.0/x64
2026-10-05T06:21:29.2931384Z (node:2087) [DEP0040] DeprecationWarning: The `punycode` module is deprecated. Please use a userland alternative instead.
2026-10-05T06:21:29.2932658Z (Use `node --trace-deprecation ...` to show where the warning was created)
2026-10-05T06:21:29.2935217Z ##[group]Environment details
2026-10-05T06:21:31.9840399Z node: v24.21.0
2026-10-05T06:21:31.9840812Z npm: 11.19.0
2026-10-05T06:21:31.9841134Z yarn: 1.22.22
2026-10-05T06:21:31.9842220Z ##[endgroup]
2026-10-05T06:21:31.9866902Z [command]/home/runner/setup-pnpm/node_modules/.bin/pnpm store path --silent
2026-10-05T06:21:32.0066329Z /home/runner/setup-pnpm/node_modules/.bin/store/v11
2026-10-05T06:21:32.1235042Z Cache hit for: node-cache-Linux-x64-pnpm-e6917670f64f827355f07f294c19137a40dbbf752f792653d0f63c369d3d3049
2026-10-05T06:21:32.1344193Z (node:2087) [DEP0169] DeprecationWarning: `url.parse()` behavior is not standardized and prone to errors that have security implications. Use the WHATWG URL API instead. CVEs are not issued for `url.parse()` vulnerabilities.
2026-10-05T06:21:33.1757304Z Received 174043987 of 174043987 (100.0%), 163.0 MBs/sec
2026-10-05T06:21:33.1758546Z Cache Size: ~166 MB (174043987 B)
2026-10-05T06:21:33.1793589Z [command]/usr/bin/tar -xf /home/runner/work/_temp/16fd05a3-c78d-41ec-991d-62cdab9de507/cache.tzst -P -C /home/runner/work/cms/cms --use-compress-program unzstd
2026-10-05T06:21:35.3733141Z Cache restored successfully
2026-10-05T06:21:35.4127503Z Cache restored from key: node-cache-Linux-x64-pnpm-e6917670f64f827355f07f294c19137a40dbbf752f792653d0f63c369d3d3049
2026-10-05T06:21:35.4439534Z ##[group]Run pnpm install --frozen-lockfile
2026-10-05T06:21:35.4439963Z [36;1mpnpm install --frozen-lockfile[0m
2026-10-05T06:21:35.4860542Z shell: /usr/bin/bash -e {0}
2026-10-05T06:21:35.4860843Z env:
2026-10-05T06:21:35.4861123Z   PNPM_HOME: /home/runner/setup-pnpm/node_modules/.bin
2026-10-05T06:21:35.4861482Z ##[endgroup]
2026-10-05T06:21:35.5481390Z ? Verifying lockfile against supply-chain policies (534 entries)...
2026-10-05T06:21:35.7286231Z Packages are hard linked from the content-addressable store to the virtual store.
2026-10-05T06:21:35.7325606Z   Content-addressable store is at: /home/runner/setup-pnpm/node_modules/.bin/store/v11
2026-10-05T06:21:35.7326582Z   Virtual store is at:             node_modules/.pnpm
2026-10-05T06:21:37.9777962Z ✓ Lockfile passes supply-chain policies (534 entries in 2.4s)
2026-10-05T06:21:37.9778642Z Lockfile is up to date, resolution step is skipped
2026-10-05T06:21:37.9843055Z Packages: +403
2026-10-05T06:21:37.9843705Z ++++++++++++++++++++++++++++++++++++++++++++++++++++++++++++++++++++++++++++++++
2026-10-05T06:21:38.0240969Z Progress: resolved 403, reused 403, downloaded 0, added 403, done
2026-10-05T06:21:38.1169256Z . prepare$ svelte-kit sync
2026-10-05T06:21:39.3893883Z . prepare: Done
2026-10-05T06:21:39.3903474Z 
2026-10-05T06:21:39.3903702Z dependencies:
2026-10-05T06:21:39.3904165Z + @oslojs/crypto 1.0.1
2026-10-05T06:21:39.3904817Z + @oslojs/encoding 1.1.0
2026-10-05T06:21:39.3905250Z + @oslojs/webauthn 1.0.0
2026-10-05T06:21:39.3905855Z + @wordpress/block-serialization-default-parser 5.38.0
2026-10-05T06:21:39.3906465Z + blurhash 2.0.5
2026-10-05T06:21:39.3906872Z + cn 0.2.2
2026-10-05T06:21:39.3907277Z + date-fns 4.1.0
2026-10-05T06:21:39.3907715Z + image-size 2.0.2
2026-10-05T06:21:39.3908114Z + jpeg-js 0.4.4
2026-10-05T06:21:39.3908553Z + jsonc-parser 3.3.1
2026-10-05T06:21:39.3909020Z + kysely 0.29.2
2026-10-05T06:21:39.3909587Z + mime 4.1.0
2026-10-05T06:21:39.3910086Z + parse5 7.3.0
2026-10-05T06:21:39.3924973Z + smol-toml 1.6.0
2026-10-05T06:21:39.3925451Z + ulidx 2.4.1
2026-10-05T06:21:39.3925836Z + upng-js 2.1.0
2026-10-05T06:21:39.3926214Z + valibot 1.5.0
2026-10-05T06:21:39.3926608Z + zod 4.5.4
2026-10-05T06:21:39.3926811Z 
2026-10-05T06:21:39.3926982Z devDependencies:
2026-10-05T06:21:39.3927452Z + @babel/core 7.29.7
2026-10-05T06:21:39.3927914Z + @cloudflare/kumo 2.6.0
2026-10-05T06:21:39.3928573Z + @cloudflare/workers-types 4.20260507.1
2026-10-05T06:21:39.3929241Z + @lingui/babel-plugin-lingui-macro 5.9.5
2026-10-05T06:21:39.3929799Z + @lingui/conf 5.9.5
2026-10-05T06:21:39.3930228Z + @lingui/core 5.9.5
2026-10-05T06:21:39.3964046Z + @lingui/react 5.9.5
2026-10-05T06:21:39.3964838Z + @playwright/test 1.63.0
2026-10-05T06:21:39.3965466Z + @sveltejs/adapter-auto 7.0.1
2026-10-05T06:21:39.3966094Z + @sveltejs/adapter-cloudflare 7.2.9
2026-10-05T06:21:39.3966685Z + @sveltejs/adapter-node 5.5.7
2026-10-05T06:21:39.3967171Z + @sveltejs/kit 2.70.3
2026-10-05T06:21:39.3967697Z + @sveltejs/vite-plugin-svelte 7.3.1
2026-10-05T06:21:39.3968293Z + @tanstack/react-query 5.90.21
2026-10-05T06:21:39.3968844Z + @tanstack/react-router 1.163.2
2026-10-05T06:21:39.3969354Z + @testing-library/react 16.3.2
2026-10-05T06:21:39.3969822Z + @types/jsdom 30.0.0
2026-10-05T06:21:39.3970219Z + @types/node 24.19.0
2026-10-05T06:21:39.3970605Z + @types/react 19.3.0
2026-10-05T06:21:39.3971379Z + @types/react-dom 19.3.0
2026-10-05T06:21:39.3971882Z + @vitest/browser-playwright 4.1.10
2026-10-05T06:21:39.3972323Z + devalue 5.9.4
2026-10-05T06:21:39.3972648Z + jsdom 30.1.1
2026-10-05T06:21:39.3973029Z + miniflare 4.20260507.1
2026-10-05T06:21:39.3973437Z + pg 8.18.0
2026-10-05T06:21:39.3973784Z + react 19.3.0
2026-10-05T06:21:39.3974141Z + react-dom 19.3.0
2026-10-05T06:21:39.3975155Z + svelte 5.57.1
2026-10-05T06:21:39.3975557Z + svelte-check 4.7.6
2026-10-05T06:21:39.3975952Z + typescript 6.0.3
2026-10-05T06:21:39.3976296Z + vite 8.3.2
2026-10-05T06:21:39.3976620Z + vitest 4.1.10
2026-10-05T06:21:39.3977000Z + vitest-browser-react 2.2.0
2026-10-05T06:21:39.3977766Z + wrangler 4.99.0
2026-10-05T06:21:39.3978012Z 
2026-10-05T06:21:39.3978319Z Done in 3.9s using pnpm v12.6.0
2026-10-05T06:21:39.4346421Z ##[group]Run pnpm exec playwright install --with-deps chromium
2026-10-05T06:21:39.4346951Z [36;1mpnpm exec playwright install --with-deps chromium[0m
2026-10-05T06:21:39.4419285Z shell: /usr/bin/bash -e {0}
2026-10-05T06:21:39.4419544Z env:
2026-10-05T06:21:39.4419809Z   PNPM_HOME: /home/runner/setup-pnpm/node_modules/.bin
2026-10-05T06:21:39.4420138Z ##[endgroup]
2026-10-05T06:21:40.1458327Z Installing dependencies...
2026-10-05T06:21:40.1622315Z Switching to root user to install dependencies...
2026-10-05T06:21:40.3703611Z Get:1 file:/etc/apt/apt-mirrors.txt Mirrorlist [144 B]
2026-10-05T06:21:40.3958933Z Get:6 https://packages.microsoft.com/ubuntu/22.04/prod jammy InRelease [3632 B]
2026-10-05T06:21:40.4158036Z Hit:2 http://azure.archive.ubuntu.com/ubuntu jammy InRelease
2026-10-05T06:21:40.4215782Z Get:3 http://azure.archive.ubuntu.com/ubuntu jammy-updates InRelease [128 kB]
2026-10-05T06:21:40.4255642Z Get:4 http://azure.archive.ubuntu.com/ubuntu jammy-backports InRelease [127 kB]
2026-10-05T06:21:40.4285538Z Get:5 http://azure.archive.ubuntu.com/ubuntu jammy-security InRelease [129 kB]
2026-10-05T06:21:40.6325367Z Get:7 https://packages.microsoft.com/ubuntu/22.04/prod jammy/main arm64 Packages [551 kB]
2026-10-05T06:21:40.6506151Z Get:8 https://packages.microsoft.com/ubuntu/22.04/prod jammy/main amd64 Packages [793 kB]
2026-10-05T06:21:40.7191113Z Get:9 http://azure.archive.ubuntu.com/ubuntu jammy-updates/main amd64 Packages [3899 kB]
2026-10-05T06:21:40.7413081Z Get:10 http://azure.archive.ubuntu.com/ubuntu jammy-updates/main Translation-en [575 kB]
2026-10-05T06:21:40.7456771Z Get:11 http://azure.archive.ubuntu.com/ubuntu jammy-updates/restricted amd64 Packages [6701 kB]
2026-10-05T06:21:40.7866623Z Get:12 http://azure.archive.ubuntu.com/ubuntu jammy-updates/restricted Translation-en [1287 kB]
2026-10-05T06:21:40.7988447Z Get:13 http://azure.archive.ubuntu.com/ubuntu jammy-updates/universe amd64 Packages [1285 kB]
2026-10-05T06:21:40.7999827Z Get:14 http://azure.archive.ubuntu.com/ubuntu jammy-updates/universe Translation-en [325 kB]
2026-10-05T06:21:40.9421421Z Get:15 http://azure.archive.ubuntu.com/ubuntu jammy-security/main amd64 Packages [3598 kB]
2026-10-05T06:21:40.9619351Z Get:16 http://azure.archive.ubuntu.com/ubuntu jammy-security/main Translation-en [504 kB]
2026-10-05T06:21:40.9631884Z Get:17 http://azure.archive.ubuntu.com/ubuntu jammy-security/restricted amd64 Packages [6410 kB]
2026-10-05T06:21:41.0007283Z Get:18 http://azure.archive.ubuntu.com/ubuntu jammy-security/restricted Translation-en [1232 kB]
2026-10-05T06:21:41.0485939Z Get:19 http://azure.archive.ubuntu.com/ubuntu jammy-security/universe amd64 Packages [1052 kB]
2026-10-05T06:21:41.0541935Z Get:20 http://azure.archive.ubuntu.com/ubuntu jammy-security/universe Translation-en [236 kB]
2026-10-05T06:21:49.9924692Z Fetched 28.8 MB in 3s (8724 kB/s)
2026-10-05T06:21:51.4093589Z Reading package lists...
2026-10-05T06:21:51.4763832Z Reading package lists...
2026-10-05T06:21:51.7547568Z Building dependency tree...
2026-10-05T06:21:51.7558950Z Reading state information...
2026-10-05T06:21:51.9461119Z fonts-liberation is already the newest version (1:1.07.4-11).
2026-10-05T06:21:51.9461971Z fonts-liberation set to manually installed.
2026-10-05T06:21:51.9463618Z libatk-bridge2.0-0 is already the newest version (2.38.0-3).
2026-10-05T06:21:51.9464903Z libatk-bridge2.0-0 set to manually installed.
2026-10-05T06:21:51.9465732Z libatk1.0-0 is already the newest version (2.36.0-3build1).
2026-10-05T06:21:51.9466413Z libatk1.0-0 set to manually installed.
2026-10-05T06:21:51.9467083Z libatspi2.0-0 is already the newest version (2.44.0-3).
2026-10-05T06:21:51.9467723Z libatspi2.0-0 set to manually installed.
2026-10-05T06:21:51.9468404Z libfontconfig1 is already the newest version (2.13.1-4.2ubuntu5).
2026-10-05T06:21:51.9468848Z libfontconfig1 set to manually installed.
2026-10-05T06:21:51.9469253Z libxcb1 is already the newest version (1.14-3ubuntu3).
2026-10-05T06:21:51.9469621Z libxcb1 set to manually installed.
2026-10-05T06:21:51.9470336Z libxcomposite1 is already the newest version (1:0.4.5-1build2).
2026-10-05T06:21:51.9470770Z libxcomposite1 set to manually installed.
2026-10-05T06:21:51.9471466Z libxdamage1 is already the newest version (1:1.1.5-2build2).
2026-10-05T06:21:51.9471878Z libxdamage1 set to manually installed.
2026-10-05T06:21:51.9472285Z libxext6 is already the newest version (2:1.3.4-1build1).
2026-10-05T06:21:51.9472665Z libxext6 set to manually installed.
2026-10-05T06:21:51.9473036Z libxfixes3 is already the newest version (1:6.0.0-1).
2026-10-05T06:21:51.9473403Z libxfixes3 set to manually installed.
2026-10-05T06:21:51.9473787Z libxkbcommon0 is already the newest version (1.4.0-1).
2026-10-05T06:21:51.9474168Z libxkbcommon0 set to manually installed.
2026-10-05T06:21:51.9475087Z libxrandr2 is already the newest version (2:1.5.2-1build1).
2026-10-05T06:21:51.9475562Z libxrandr2 set to manually installed.
2026-10-05T06:21:51.9476055Z fonts-noto-color-emoji is already the newest version (2.047-0ubuntu0.22.04.1).
2026-10-05T06:21:51.9476688Z libasound2 is already the newest version (1.2.6.1-1ubuntu1.2).
2026-10-05T06:21:51.9477380Z libasound2 set to manually installed.
2026-10-05T06:21:51.9478086Z libcairo2 is already the newest version (1.16.0-5ubuntu2.1).
2026-10-05T06:21:51.9478815Z libcairo2 set to manually installed.
2026-10-05T06:21:51.9479517Z libcups2 is already the newest version (2.4.1op1-1ubuntu4.21).
2026-10-05T06:21:51.9480052Z libcups2 set to manually installed.
2026-10-05T06:21:51.9480454Z libdbus-1-3 is already the newest version (1.12.20-2ubuntu4.1).
2026-10-05T06:21:51.9480848Z libdbus-1-3 set to manually installed.
2026-10-05T06:21:51.9481278Z libdrm2 is already the newest version (2.4.113-2~ubuntu0.22.04.1).
2026-10-05T06:21:51.9481670Z libdrm2 set to manually installed.
2026-10-05T06:21:51.9482184Z libfreetype6 is already the newest version (2.11.1+dfsg-1ubuntu0.3).
2026-10-05T06:21:51.9482971Z libfreetype6 set to manually installed.
2026-10-05T06:21:51.9483754Z libgbm1 is already the newest version (23.2.1-1ubuntu3.1~22.04.4).
2026-10-05T06:21:51.9484696Z libgbm1 set to manually installed.
2026-10-05T06:21:51.9485134Z libglib2.0-0 is already the newest version (2.72.4-0ubuntu2.10).
2026-10-05T06:21:51.9485543Z libglib2.0-0 set to manually installed.
2026-10-05T06:21:51.9485957Z libnspr4 is already the newest version (2:4.35-0ubuntu0.22.04.1).
2026-10-05T06:21:51.9486433Z libnss3 is already the newest version (2:3.98-0ubuntu0.22.04.4).
2026-10-05T06:21:51.9487234Z libpango-1.0-0 is already the newest version (1.50.6+ds-2ubuntu1).
2026-10-05T06:21:51.9488002Z libpango-1.0-0 set to manually installed.
2026-10-05T06:21:51.9488872Z libwayland-client0 is already the newest version (1.20.0-1ubuntu0.1).
2026-10-05T06:21:51.9489729Z libwayland-client0 set to manually installed.
2026-10-05T06:21:51.9490507Z libx11-6 is already the newest version (2:1.7.5-1ubuntu0.3).
2026-10-05T06:21:51.9491220Z libx11-6 set to manually installed.
2026-10-05T06:21:51.9491978Z xvfb is already the newest version (2:21.1.4-2ubuntu1.7~22.04.16).
2026-10-05T06:21:51.9492794Z The following additional packages will be installed:
2026-10-05T06:21:51.9493422Z   xfonts-encodings xfonts-utils
2026-10-05T06:21:51.9493918Z Recommended packages:
2026-10-05T06:21:51.9494891Z   fonts-ipafont-mincho fonts-tlwg-loma
2026-10-05T06:21:51.9920949Z The following NEW packages will be installed:
2026-10-05T06:21:51.9921979Z   fonts-freefont-ttf fonts-ipafont-gothic fonts-tlwg-loma-otf fonts-unifont
2026-10-05T06:21:51.9930405Z   fonts-wqy-zenhei xfonts-cyrillic xfonts-encodings xfonts-scalable
2026-10-05T06:21:51.9930951Z   xfonts-utils
2026-10-05T06:21:52.0141258Z 0 upgraded, 9 newly installed, 0 to remove and 20 not upgraded.
2026-10-05T06:21:52.0141719Z Need to get 18.4 MB of archives.
2026-10-05T06:21:52.0142161Z After this operation, 56.8 MB of additional disk space will be used.
2026-10-05T06:21:52.0142660Z Get:1 file:/etc/apt/apt-mirrors.txt Mirrorlist [144 B]
2026-10-05T06:21:52.0727559Z Get:2 http://azure.archive.ubuntu.com/ubuntu jammy/universe amd64 fonts-ipafont-gothic all 00303-21ubuntu1 [3513 kB]
2026-10-05T06:21:52.2378429Z Get:3 http://azure.archive.ubuntu.com/ubuntu jammy/main amd64 fonts-freefont-ttf all 20120503-10build1 [2388 kB]
2026-10-05T06:21:52.2792694Z Get:4 http://azure.archive.ubuntu.com/ubuntu jammy/universe amd64 fonts-tlwg-loma-otf all 1:0.7.3-1 [107 kB]
2026-10-05T06:21:52.2981709Z Get:5 http://azure.archive.ubuntu.com/ubuntu jammy/universe amd64 fonts-unifont all 1:14.0.01-1 [3551 kB]
2026-10-05T06:21:52.3497089Z Get:6 http://azure.archive.ubuntu.com/ubuntu jammy/universe amd64 fonts-wqy-zenhei all 0.9.45-8 [7472 kB]
2026-10-05T06:21:52.5055036Z Get:7 http://azure.archive.ubuntu.com/ubuntu jammy/main amd64 xfonts-encodings all 1:1.0.5-0ubuntu2 [578 kB]
2026-10-05T06:21:52.5362000Z Get:8 http://azure.archive.ubuntu.com/ubuntu jammy/main amd64 xfonts-utils amd64 1:7.7+6build2 [94.6 kB]
2026-10-05T06:21:52.5559748Z Get:9 http://azure.archive.ubuntu.com/ubuntu jammy/universe amd64 xfonts-cyrillic all 1:1.0.5 [386 kB]
2026-10-05T06:21:52.5770764Z Get:10 http://azure.archive.ubuntu.com/ubuntu jammy/main amd64 xfonts-scalable all 1:1.0.3-1.2ubuntu1 [306 kB]
2026-10-05T06:21:52.9128197Z Fetched 18.4 MB in 1s (31.8 MB/s)
2026-10-05T06:21:52.9761625Z Selecting previously unselected package fonts-ipafont-gothic.
2026-10-05T06:21:53.0661151Z (Reading database ... 
2026-10-05T06:21:53.0661704Z (Reading database ... 5%
2026-10-05T06:21:53.0662161Z (Reading database ... 10%
2026-10-05T06:21:53.0662614Z (Reading database ... 15%
2026-10-05T06:21:53.0662944Z (Reading database ... 20%
2026-10-05T06:21:53.0663341Z (Reading database ... 25%
2026-10-05T06:21:53.0663778Z (Reading database ... 30%
2026-10-05T06:21:53.0664261Z (Reading database ... 35%
2026-10-05T06:21:53.0664894Z (Reading database ... 40%
2026-10-05T06:21:53.0665166Z (Reading database ... 45%
2026-10-05T06:21:53.0665426Z (Reading database ... 50%
2026-10-05T06:21:53.5423942Z (Reading database ... 55%
2026-10-05T06:21:54.0376823Z (Reading database ... 60%
2026-10-05T06:21:54.4426781Z (Reading database ... 65%
2026-10-05T06:21:54.7980610Z (Reading database ... 70%
2026-10-05T06:21:55.5291646Z (Reading database ... 75%
2026-10-05T06:21:56.4733510Z (Reading database ... 80%
2026-10-05T06:21:57.4355299Z (Reading database ... 85%
2026-10-05T06:21:58.2795692Z (Reading database ... 90%
2026-10-05T06:21:59.2053436Z (Reading database ... 95%
2026-10-05T06:21:59.2054212Z (Reading database ... 100%
2026-10-05T06:21:59.2055281Z (Reading database ... 260411 files and directories currently installed.)
2026-10-05T06:21:59.2111759Z Preparing to unpack .../0-fonts-ipafont-gothic_00303-21ubuntu1_all.deb ...
2026-10-05T06:21:59.2222096Z Unpacking fonts-ipafont-gothic (00303-21ubuntu1) ...
2026-10-05T06:21:59.5030230Z Selecting previously unselected package fonts-freefont-ttf.
2026-10-05T06:21:59.5235117Z Preparing to unpack .../1-fonts-freefont-ttf_20120503-10build1_all.deb ...
2026-10-05T06:21:59.5242827Z Unpacking fonts-freefont-ttf (20120503-10build1) ...
2026-10-05T06:21:59.7118640Z Selecting previously unselected package fonts-tlwg-loma-otf.
2026-10-05T06:21:59.7325943Z Preparing to unpack .../2-fonts-tlwg-loma-otf_1%3a0.7.3-1_all.deb ...
2026-10-05T06:21:59.7331458Z Unpacking fonts-tlwg-loma-otf (1:0.7.3-1) ...
2026-10-05T06:21:59.7614958Z Selecting previously unselected package fonts-unifont.
2026-10-05T06:21:59.7825795Z Preparing to unpack .../3-fonts-unifont_1%3a14.0.01-1_all.deb ...
2026-10-05T06:21:59.7830825Z Unpacking fonts-unifont (1:14.0.01-1) ...
2026-10-05T06:21:59.8805359Z Selecting previously unselected package fonts-wqy-zenhei.
2026-10-05T06:21:59.9013599Z Preparing to unpack .../4-fonts-wqy-zenhei_0.9.45-8_all.deb ...
2026-10-05T06:21:59.9184253Z Unpacking fonts-wqy-zenhei (0.9.45-8) ...
2026-10-05T06:22:00.4356305Z Selecting previously unselected package xfonts-encodings.
2026-10-05T06:22:00.4563707Z Preparing to unpack .../5-xfonts-encodings_1%3a1.0.5-0ubuntu2_all.deb ...
2026-10-05T06:22:00.4571189Z Unpacking xfonts-encodings (1:1.0.5-0ubuntu2) ...
2026-10-05T06:22:00.4910285Z Selecting previously unselected package xfonts-utils.
2026-10-05T06:22:00.5115606Z Preparing to unpack .../6-xfonts-utils_1%3a7.7+6build2_amd64.deb ...
2026-10-05T06:22:00.5123073Z Unpacking xfonts-utils (1:7.7+6build2) ...
2026-10-05T06:22:00.5992091Z Selecting previously unselected package xfonts-cyrillic.
2026-10-05T06:22:00.6201821Z Preparing to unpack .../7-xfonts-cyrillic_1%3a1.0.5_all.deb ...
2026-10-05T06:22:00.6208863Z Unpacking xfonts-cyrillic (1:1.0.5) ...
2026-10-05T06:22:00.6710380Z Selecting previously unselected package xfonts-scalable.
2026-10-05T06:22:00.6917340Z Preparing to unpack .../8-xfonts-scalable_1%3a1.0.3-1.2ubuntu1_all.deb ...
2026-10-05T06:22:00.6925030Z Unpacking xfonts-scalable (1:1.0.3-1.2ubuntu1) ...
2026-10-05T06:22:00.7487173Z Setting up fonts-wqy-zenhei (0.9.45-8) ...
2026-10-05T06:22:00.7613746Z Setting up fonts-freefont-ttf (20120503-10build1) ...
2026-10-05T06:22:00.7632223Z Setting up fonts-tlwg-loma-otf (1:0.7.3-1) ...
2026-10-05T06:22:00.7647279Z Setting up xfonts-encodings (1:1.0.5-0ubuntu2) ...
2026-10-05T06:22:00.7664047Z Setting up fonts-ipafont-gothic (00303-21ubuntu1) ...
2026-10-05T06:22:00.7745024Z update-alternatives: using /usr/share/fonts/opentype/ipafont-gothic/ipag.ttf to provide /usr/share/fonts/truetype/fonts-japanese-gothic.ttf (fonts-japanese-gothic.ttf) in auto mode
2026-10-05T06:22:00.7765012Z Setting up fonts-unifont (1:14.0.01-1) ...
2026-10-05T06:22:00.7811029Z Setting up xfonts-utils (1:7.7+6build2) ...
2026-10-05T06:22:00.7853665Z Setting up xfonts-cyrillic (1:1.0.5) ...
2026-10-05T06:22:00.8425011Z Setting up xfonts-scalable (1:1.0.3-1.2ubuntu1) ...
2026-10-05T06:22:00.8844134Z Processing triggers for man-db (2.10.2-1) ...
2026-10-05T06:22:00.8866395Z Not building database; man-db/auto-update is not 'true'.
2026-10-05T06:22:00.8879347Z Processing triggers for fontconfig (2.13.1-4.2ubuntu5) ...
2026-10-05T06:22:02.4101519Z 
2026-10-05T06:22:02.4102303Z Running kernel seems to be up-to-date.
2026-10-05T06:22:02.4102813Z 
2026-10-05T06:22:02.4105631Z No services need to be restarted.
2026-10-05T06:22:02.4105980Z 
2026-10-05T06:22:02.4106235Z No containers need to be restarted.
2026-10-05T06:22:02.4106558Z 
2026-10-05T06:22:02.4106870Z No user sessions are running outdated binaries.
2026-10-05T06:22:02.4107253Z 
2026-10-05T06:22:02.4107752Z No VM guests are running outdated hypervisor (qemu) binaries on this host.
2026-10-05T06:22:04.2852094Z Downloading Chrome for Testing 153.0.8010.12 (playwright chromium v1243) from https://cdn.playwright.dev/builds/cft/153.0.8010.12/linux64/chrome-linux64.zip
2026-10-05T06:22:04.7338184Z |                                                                                |   0% of 186.8 MiB
2026-10-05T06:22:04.8863850Z |■■■■■■■■                                                                        |  10% of 186.8 MiB
2026-10-05T06:22:04.9710056Z |■■■■■■■■■■■■■■■■                                                                |  20% of 186.8 MiB
2026-10-05T06:22:05.0704651Z |■■■■■■■■■■■■■■■■■■■■■■■■                                                        |  30% of 186.8 MiB
2026-10-05T06:22:05.1370876Z |■■■■■■■■■■■■■■■■■■■■■■■■■■■■■■■■                                                |  40% of 186.8 MiB
2026-10-05T06:22:05.2161178Z |■■■■■■■■■■■■■■■■■■■■■■■■■■■■■■■■■■■■■■■■                                        |  50% of 186.8 MiB
2026-10-05T06:22:05.2763988Z |■■■■■■■■■■■■■■■■■■■■■■■■■■■■■■■■■■■■■■■■■■■■■■■■                                |  60% of 186.8 MiB
2026-10-05T06:22:05.3538925Z |■■■■■■■■■■■■■■■■■■■■■■■■■■■■■■■■■■■■■■■■■■■■■■■■■■■■■■■■                        |  70% of 186.8 MiB
2026-10-05T06:22:05.4361439Z |■■■■■■■■■■■■■■■■■■■■■■■■■■■■■■■■■■■■■■■■■■■■■■■■■■■■■■■■■■■■■■■■                |  80% of 186.8 MiB
2026-10-05T06:22:05.5235181Z |■■■■■■■■■■■■■■■■■■■■■■■■■■■■■■■■■■■■■■■■■■■■■■■■■■■■■■■■■■■■■■■■■■■■■■■■        |  90% of 186.8 MiB
2026-10-05T06:22:05.6025006Z |■■■■■■■■■■■■■■■■■■■■■■■■■■■■■■■■■■■■■■■■■■■■■■■■■■■■■■■■■■■■■■■■■■■■■■■■■■■■■■■■| 100% of 186.8 MiB
2026-10-05T06:22:08.6186270Z Chrome for Testing 153.0.8010.12 (playwright chromium v1243) downloaded to /home/runner/.cache/ms-playwright/chromium-1243
2026-10-05T06:22:08.6190021Z Downloading FFmpeg (playwright ffmpeg v1011) from https://cdn.playwright.dev/dbazure/download/playwright/builds/ffmpeg/1011/ffmpeg-linux.zip
2026-10-05T06:22:09.0075849Z |                                                                                |   0% of 2.3 MiB
2026-10-05T06:22:09.0184205Z |■■■■■■■■                                                                        |  10% of 2.3 MiB
2026-10-05T06:22:09.0238323Z |■■■■■■■■■■■■■■■■                                                                |  20% of 2.3 MiB
2026-10-05T06:22:09.0270180Z |■■■■■■■■■■■■■■■■■■■■■■■■                                                        |  30% of 2.3 MiB
2026-10-05T06:22:09.0288836Z |■■■■■■■■■■■■■■■■■■■■■■■■■■■■■■■■                                                |  40% of 2.3 MiB
2026-10-05T06:22:09.0317162Z |■■■■■■■■■■■■■■■■■■■■■■■■■■■■■■■■■■■■■■■■                                        |  50% of 2.3 MiB
2026-10-05T06:22:09.0330992Z |■■■■■■■■■■■■■■■■■■■■■■■■■■■■■■■■■■■■■■■■■■■■■■■■                                |  60% of 2.3 MiB
2026-10-05T06:22:09.0344921Z |■■■■■■■■■■■■■■■■■■■■■■■■■■■■■■■■■■■■■■■■■■■■■■■■■■■■■■■■                        |  70% of 2.3 MiB
2026-10-05T06:22:09.0361893Z |■■■■■■■■■■■■■■■■■■■■■■■■■■■■■■■■■■■■■■■■■■■■■■■■■■■■■■■■■■■■■■■■                |  80% of 2.3 MiB
2026-10-05T06:22:09.0379577Z |■■■■■■■■■■■■■■■■■■■■■■■■■■■■■■■■■■■■■■■■■■■■■■■■■■■■■■■■■■■■■■■■■■■■■■■■        |  90% of 2.3 MiB
2026-10-05T06:22:09.0391150Z |■■■■■■■■■■■■■■■■■■■■■■■■■■■■■■■■■■■■■■■■■■■■■■■■■■■■■■■■■■■■■■■■■■■■■■■■■■■■■■■■| 100% of 2.3 MiB
2026-10-05T06:22:09.0999490Z FFmpeg (playwright ffmpeg v1011) downloaded to /home/runner/.cache/ms-playwright/ffmpeg-1011
2026-10-05T06:22:09.1002519Z Downloading Chrome Headless Shell 153.0.8010.12 (playwright chromium-headless-shell v1243) from https://cdn.playwright.dev/builds/cft/153.0.8010.12/linux64/chrome-headless-shell-linux64.zip
2026-10-05T06:22:09.5073331Z |                                                                                |   0% of 114.3 MiB
2026-10-05T06:22:09.6086419Z |■■■■■■■■                                                                        |  10% of 114.3 MiB
2026-10-05T06:22:09.6743660Z |■■■■■■■■■■■■■■■■                                                                |  20% of 114.3 MiB
2026-10-05T06:22:09.7305997Z |■■■■■■■■■■■■■■■■■■■■■■■■                                                        |  30% of 114.3 MiB
2026-10-05T06:22:09.7930461Z |■■■■■■■■■■■■■■■■■■■■■■■■■■■■■■■■                                                |  40% of 114.3 MiB
2026-10-05T06:22:09.8525594Z |■■■■■■■■■■■■■■■■■■■■■■■■■■■■■■■■■■■■■■■■                                        |  50% of 114.3 MiB
2026-10-05T06:22:09.8918580Z |■■■■■■■■■■■■■■■■■■■■■■■■■■■■■■■■■■■■■■■■■■■■■■■■                                |  60% of 114.3 MiB
2026-10-05T06:22:09.9493615Z |■■■■■■■■■■■■■■■■■■■■■■■■■■■■■■■■■■■■■■■■■■■■■■■■■■■■■■■■                        |  70% of 114.3 MiB
2026-10-05T06:22:09.9904666Z |■■■■■■■■■■■■■■■■■■■■■■■■■■■■■■■■■■■■■■■■■■■■■■■■■■■■■■■■■■■■■■■■                |  80% of 114.3 MiB
2026-10-05T06:22:10.0292567Z |■■■■■■■■■■■■■■■■■■■■■■■■■■■■■■■■■■■■■■■■■■■■■■■■■■■■■■■■■■■■■■■■■■■■■■■■        |  90% of 114.3 MiB
2026-10-05T06:22:10.0842348Z |■■■■■■■■■■■■■■■■■■■■■■■■■■■■■■■■■■■■■■■■■■■■■■■■■■■■■■■■■■■■■■■■■■■■■■■■■■■■■■■■| 100% of 114.3 MiB
2026-10-05T06:22:12.2622954Z Chrome Headless Shell 153.0.8010.12 (playwright chromium-headless-shell v1243) downloaded to /home/runner/.cache/ms-playwright/chromium_headless_shell-1243
2026-10-05T06:22:12.2890005Z ##[group]Run pnpm test:bulk-taxonomy-source
2026-10-05T06:22:12.2890408Z [36;1mpnpm test:bulk-taxonomy-source[0m
2026-10-05T06:22:12.2963574Z shell: /usr/bin/bash -e {0}
2026-10-05T06:22:12.2963854Z env:
2026-10-05T06:22:12.2964132Z   PNPM_HOME: /home/runner/setup-pnpm/node_modules/.bin
2026-10-05T06:22:12.2964703Z   DEBUG: pw:browser
2026-10-05T06:22:12.2964928Z ##[endgroup]
2026-10-05T06:22:12.3247854Z $ node scripts/check-bulk-taxonomy-source.mjs && vitest run --config vitest.bulk-taxonomy.config.ts
2026-10-05T06:22:12.6379726Z {"pin":"913cb1bb9b7f08c3ff0d258b4420e53835b6a58e","sourceFiles":14,"declarations":14,"expects":25,"elements":29,"productTestsRun":0}
2026-10-05T06:22:13.6799206Z 
2026-10-05T06:22:13.6803406Z [1m[30m[46m RUN [49m[39m[22m [36mv4.1.10 [39m[90m/home/runner/work/cms/cms[39m
2026-10-05T06:22:13.6804008Z 
2026-10-05T06:22:14.4138046Z 2026-10-05T06:22:14.411Z pw:browser <launching> /home/runner/.cache/ms-playwright/chromium_headless_shell-1243/chrome-headless-shell-linux64/chrome-headless-shell --disable-field-trial-config --disable-background-networking --disable-background-timer-throttling --disable-backgrounding-occluded-windows --disable-back-forward-cache --disable-breakpad --disable-client-side-phishing-detection --disable-component-extensions-with-background-pages --disable-component-update --no-default-browser-check --disable-default-apps --disable-dev-shm-usage --disable-edgeupdater --disable-extensions --disable-features=AvoidUnnecessaryBeforeUnloadCheckSync,DestroyProfileOnBrowserClose,DialMediaRouteProvider,GlobalMediaControls,HttpsUpgrades,LensOverlay,MediaRouter,PaintHolding,ThirdPartyStoragePartitioning,BlockOriginHeaderModificationOnRedirect,Translate,AutoDeElevate,OptimizationHints,msForceBrowserSignIn,msEdgeUpdateLaunchServicesPreferredVersion --enable-features=CDPScreenshotNewSurface --allow-pre-commit-input --disable-hang-monitor --disable-ipc-flooding-protection --disable-popup-blocking --disable-prompt-on-repost --disable-renderer-backgrounding --disable-updater-scheduler --force-color-profile=srgb --metrics-recording-only --no-first-run --password-store=basic --use-mock-keychain --no-service-autorun --export-tagged-pdf --disable-search-engine-choice-screen --unsafely-disable-devtools-self-xss-warnings --edge-skip-compat-layer-relaunch --disable-infobars --disable-search-engine-choice-screen --disable-sync --enable-unsafe-swiftshader --headless --hide-scrollbars --mute-audio --blink-settings=primaryHoverType=2,availableHoverTypes=2,primaryPointerType=4,availablePointerTypes=4 --user-data-dir=/tmp/playwright_chromiumdev_profile-eMElm5 --remote-debugging-pipe --no-startup-window
2026-10-05T06:22:14.4189609Z 2026-10-05T06:22:14.418Z pw:browser <launched> pid=3053
2026-10-05T06:22:14.6827379Z 2026-10-05T06:22:14.681Z pw:browser [pid=3053][err] [1005/062214.681063:ERROR:dbus/bus.cc:405] Failed to connect to the bus: Could not parse server address: Unknown address type (examples of valid types are "tcp" and on UNIX "unix")
2026-10-05T06:22:14.6888125Z 2026-10-05T06:22:14.688Z pw:browser [pid=3053][err] Unable to revert mtime: /usr/share/fonts
2026-10-05T06:22:14.6906159Z 2026-10-05T06:22:14.689Z pw:browser [pid=3053][err] Unable to revert mtime: /usr/share/fonts/truetype
2026-10-05T06:22:14.7135164Z 2026-10-05T06:22:14.713Z pw:browser [pid=3053][err] Unable to revert mtime: /usr/share/fonts/truetype/dejavu
2026-10-05T06:22:14.7276544Z 2026-10-05T06:22:14.726Z pw:browser [pid=3053][err] [1005/062214.725935:WARNING:media/gpu/vaapi/vaapi_wrapper.cc:1660] drmGetDevices2() has not found any devices
2026-10-05T06:22:14.7288936Z 2026-10-05T06:22:14.728Z pw:browser [pid=3053][err] [1005/062214.727546:WARNING:sandbox/policy/linux/sandbox_linux.cc:405] InitializeSandbox() called with multiple threads in process gpu-process.
2026-10-05T06:22:15.2190127Z [2m6:22:15 AM[22m [36m[1m[vite][22m[39m [90m[2m(client)[22m[39m [optimizer] bundling dependencies...
2026-10-05T06:22:15.2192612Z 2026-10-05T06:22:15.219Z pw:browser [pid=3053][err] Unable to revert mtime: /usr/share/fonts/truetype/lato
2026-10-05T06:22:15.5122205Z 2026-10-05T06:22:15.511Z pw:browser [pid=3053][err] Unable to revert mtime: /usr/share/fonts/truetype/liberation
2026-10-05T06:22:15.6083710Z 2026-10-05T06:22:15.607Z pw:browser [pid=3053][err] Unable to revert mtime: /usr/share/fonts/truetype/noto
2026-10-05T06:22:15.8589278Z 2026-10-05T06:22:15.856Z pw:browser [pid=3053][err] [1005/062215.855770:ERROR:dbus/object_proxy.cc:572] Failed to call method: org.freedesktop.DBus.NameHasOwner: object_path= /org/freedesktop/DBus: unknown error type: 
2026-10-05T06:22:15.8592369Z 2026-10-05T06:22:15.856Z pw:browser [pid=3053][err] [1005/062215.855871:ERROR:dbus/bus.cc:405] Failed to connect to the bus: Could not parse server address: Unknown address type (examples of valid types are "tcp" and on UNIX "unix")
2026-10-05T06:22:15.8617179Z 2026-10-05T06:22:15.860Z pw:browser [pid=3053][err] [1005/062215.860144:ERROR:dbus/object_proxy.cc:572] Failed to call method: org.freedesktop.DBus.NameHasOwner: object_path= /org/freedesktop/DBus: unknown error type: 
2026-10-05T06:22:16.2194330Z 2026-10-05T06:22:16.219Z pw:browser [pid=3053][err] [1005/062216.219044:INFO:CONSOLE:934] "[vite] connecting...", source: http://localhost:63315/@vite/client (934)
2026-10-05T06:22:16.2259959Z 2026-10-05T06:22:16.225Z pw:browser [pid=3053][err] [1005/062216.225507:INFO:CONSOLE:1045] "[vite] connected.", source: http://localhost:63315/@vite/client (1045)
2026-10-05T06:22:16.2653445Z 2026-10-05T06:22:16.265Z pw:browser [pid=3053][err] [1005/062216.264940:INFO:CONSOLE:934] "[vite] connecting...", source: http://localhost:63315/@vite/client (934)
2026-10-05T06:22:16.2958356Z 2026-10-05T06:22:16.294Z pw:browser [pid=3053][err] [1005/062216.291962:INFO:CONSOLE:1045] "[vite] connected.", source: http://localhost:63315/@vite/client (1045)
2026-10-05T06:22:17.9741047Z [2m6:22:17 AM[22m [36m[1m[vite][22m[39m [90m[2m(client)[22m[39m [optimizer] bundling dependencies...
2026-10-05T06:22:18.6287128Z [2m6:22:18 AM[22m [36m[1m[vite][22m[39m [90m[2m(client)[22m[39m [32mdependency optimized: [33m@tanstack/react-router[32m[39m
2026-10-05T06:22:18.6288477Z [33m
2026-10-05T06:22:18.6289679Z [2m6:22:18 AM[22m [36m[1m[vite][22m[39m [90m[2m(client)[22m[39m [32moptimized dependencies changed. reloading[39m
2026-10-05T06:22:18.6291603Z [1m[vitest][22m Vite unexpectedly reloaded a test. This may cause tests to fail, lead to flaky behaviour or duplicated test runs.
2026-10-05T06:22:18.6293587Z [39m[33mFor a stable experience, please add mentioned dependencies to your config's [1m`optimizeDeps.include`[22m field manually.
2026-10-05T06:22:18.6294694Z 
2026-10-05T06:22:18.6294915Z [39m
2026-10-05T06:22:20.3707002Z  [32m✓[39m [30m[43m chromium [49m[39m parity/emdash/bulk-taxonomy/source/packages/admin/tests/components/BulkTagDialog.test.tsx [2m([22m[2m14 tests[22m[2m)[22m[33m 2967[2mms[22m[39m
2026-10-05T06:22:20.3709346Z      [33m[2m✓[22m[39m previews the exact title and language before applying the tag [33m 335[2mms[22m[39m
2026-10-05T06:22:20.3710679Z      [33m[2m✓[22m[39m assigns terms from whichever taxonomy the editor chooses [33m 318[2mms[22m[39m
2026-10-05T06:22:20.3733511Z 
2026-10-05T06:22:20.3737791Z [2m Test Files [22m [1m[32m1 passed[39m[22m[90m (1)[39m
2026-10-05T06:22:20.3739029Z [2m      Tests [22m [1m[32m14 passed[39m[22m[90m (14)[39m
2026-10-05T06:22:20.3740036Z [2m   Start at [22m 06:22:13
2026-10-05T06:22:20.3741343Z [2m   Duration [22m 6.68s[2m (transform 0ms, setup 229ms, import 646ms, tests 2.97s, environment 0ms)[22m
2026-10-05T06:22:20.3742409Z 
2026-10-05T06:22:20.3824053Z 2026-10-05T06:22:20.381Z pw:browser [pid=3053][err] [1005/062220.376758:INFO:CONSOLE:1080] "[vite] server connection lost. Polling for restart...", source: http://localhost:63315/@vite/client (1080)
2026-10-05T06:22:20.3837181Z 2026-10-05T06:22:20.381Z pw:browser [pid=3053][err] [1005/062220.378057:INFO:CONSOLE:1211] "[vite] server connection lost. Polling for restart...", source: http://localhost:63315/__vitest_browser__/tester-BJtsJFpD.js (1211)
2026-10-05T06:22:20.3981007Z 2026-10-05T06:22:20.397Z pw:browser [pid=3053] <gracefully close start>
2026-10-05T06:22:20.4219061Z 2026-10-05T06:22:20.421Z pw:browser [pid=3053] <process did exit: exitCode=0, signal=null>
2026-10-05T06:22:20.4220178Z 2026-10-05T06:22:20.421Z pw:browser [pid=3053] starting temporary directories cleanup
2026-10-05T06:22:20.4253879Z 2026-10-05T06:22:20.425Z pw:browser [pid=3053] finished temporary directories cleanup
2026-10-05T06:22:20.4255538Z 2026-10-05T06:22:20.425Z pw:browser [pid=3053] <gracefully close end>
2026-10-05T06:22:20.4831927Z ##[group]Run timeout --kill-after=30s 180s pnpm test:date-time:browser
2026-10-05T06:22:20.4832473Z [36;1mtimeout --kill-after=30s 180s pnpm test:date-time:browser[0m
2026-10-05T06:22:20.4904973Z shell: /usr/bin/bash -e {0}
2026-10-05T06:22:20.4905240Z env:
2026-10-05T06:22:20.4905493Z   PNPM_HOME: /home/runner/setup-pnpm/node_modules/.bin
2026-10-05T06:22:20.4905841Z   DEBUG: pw:browser
2026-10-05T06:22:20.4906054Z ##[endgroup]
2026-10-05T06:22:20.5241549Z $ node scripts/check-date-time-source-ports.mjs && vitest run --config vitest.date-time.browser.config.ts
2026-10-05T06:22:20.8295544Z {"pin":"913cb1bb9b7f08c3ff0d258b4420e53835b6a58e","immutableAuthorities":27,"declarations":18,"assertionExpressions":43,"productTestsRun":0}
2026-10-05T06:22:21.7389889Z 
2026-10-05T06:22:21.7393876Z [1m[30m[46m RUN [49m[39m[22m [36mv4.1.10 [39m[90m/home/runner/work/cms/cms[39m
2026-10-05T06:22:21.7394772Z 
2026-10-05T06:22:21.8288822Z [2m6:22:21 AM[22m [36m[1m[vite][22m[39m [34m[2m(ssr)[22m[39m Re-optimizing dependencies because vite config has changed
2026-10-05T06:22:21.8300417Z [2m6:22:21 AM[22m [36m[1m[vite][22m[39m [90m[2m(client)[22m[39m Re-optimizing dependencies because vite config has changed
2026-10-05T06:22:22.5153956Z 2026-10-05T06:22:22.513Z pw:browser <launching> /home/runner/.cache/ms-playwright/chromium_headless_shell-1243/chrome-headless-shell-linux64/chrome-headless-shell --disable-field-trial-config --disable-background-networking --disable-background-timer-throttling --disable-backgrounding-occluded-windows --disable-back-forward-cache --disable-breakpad --disable-client-side-phishing-detection --disable-component-extensions-with-background-pages --disable-component-update --no-default-browser-check --disable-default-apps --disable-dev-shm-usage --disable-edgeupdater --disable-extensions --disable-features=AvoidUnnecessaryBeforeUnloadCheckSync,DestroyProfileOnBrowserClose,DialMediaRouteProvider,GlobalMediaControls,HttpsUpgrades,LensOverlay,MediaRouter,PaintHolding,ThirdPartyStoragePartitioning,BlockOriginHeaderModificationOnRedirect,Translate,AutoDeElevate,OptimizationHints,msForceBrowserSignIn,msEdgeUpdateLaunchServicesPreferredVersion --enable-features=CDPScreenshotNewSurface --allow-pre-commit-input --disable-hang-monitor --disable-ipc-flooding-protection --disable-popup-blocking --disable-prompt-on-repost --disable-renderer-backgrounding --disable-updater-scheduler --force-color-profile=srgb --metrics-recording-only --no-first-run --password-store=basic --use-mock-keychain --no-service-autorun --export-tagged-pdf --disable-search-engine-choice-screen --unsafely-disable-devtools-self-xss-warnings --edge-skip-compat-layer-relaunch --disable-infobars --disable-search-engine-choice-screen --disable-sync --enable-unsafe-swiftshader --headless --hide-scrollbars --mute-audio --blink-settings=primaryHoverType=2,availableHoverTypes=2,primaryPointerType=4,availablePointerTypes=4 --user-data-dir=/tmp/playwright_chromiumdev_profile-2paNWE --remote-debugging-pipe --no-startup-window
2026-10-05T06:22:22.5203231Z 2026-10-05T06:22:22.520Z pw:browser <launched> pid=3184
2026-10-05T06:22:22.5767385Z 2026-10-05T06:22:22.574Z pw:browser [pid=3184][err] [1005/062222.572240:ERROR:dbus/bus.cc:405] Failed to connect to the bus: Could not parse server address: Unknown address type (examples of valid types are "tcp" and on UNIX "unix")
2026-10-05T06:22:22.5867538Z 2026-10-05T06:22:22.586Z pw:browser [pid=3184][err] [1005/062222.586182:ERROR:dbus/object_proxy.cc:572] Failed to call method: org.freedesktop.DBus.NameHasOwner: object_path= /org/freedesktop/DBus: unknown error type: 
2026-10-05T06:22:22.5897577Z 2026-10-05T06:22:22.587Z pw:browser [pid=3184][err] [1005/062222.586717:ERROR:dbus/bus.cc:405] Failed to connect to the bus: Could not parse server address: Unknown address type (examples of valid types are "tcp" and on UNIX "unix")
2026-10-05T06:22:22.5917060Z 2026-10-05T06:22:22.591Z pw:browser [pid=3184][err] [1005/062222.590868:WARNING:media/gpu/vaapi/vaapi_wrapper.cc:1660] drmGetDevices2() has not found any devices
2026-10-05T06:22:22.5960279Z 2026-10-05T06:22:22.595Z pw:browser [pid=3184][err] [1005/062222.594502:ERROR:dbus/object_proxy.cc:572] Failed to call method: org.freedesktop.DBus.NameHasOwner: object_path= /org/freedesktop/DBus: unknown error type: 
2026-10-05T06:22:22.5963050Z 2026-10-05T06:22:22.595Z pw:browser [pid=3184][err] [1005/062222.594580:WARNING:sandbox/policy/linux/sandbox_linux.cc:405] InitializeSandbox() called with multiple threads in process gpu-process.
2026-10-05T06:22:22.9764257Z 2026-10-05T06:22:22.976Z pw:browser [pid=3184][err] [1005/062222.976025:INFO:CONSOLE:934] "[vite] connecting...", source: http://localhost:63315/@vite/client (934)
2026-10-05T06:22:22.9832043Z 2026-10-05T06:22:22.982Z pw:browser [pid=3184][err] [1005/062222.982515:INFO:CONSOLE:1045] "[vite] connected.", source: http://localhost:63315/@vite/client (1045)
2026-10-05T06:22:23.0282171Z 2026-10-05T06:22:23.027Z pw:browser [pid=3184][err] [1005/062223.023620:INFO:CONSOLE:934] "[vite] connecting...", source: http://localhost:63315/@vite/client (934)
2026-10-05T06:22:23.0453216Z 2026-10-05T06:22:23.044Z pw:browser [pid=3184][err] [1005/062223.041874:INFO:CONSOLE:1045] "[vite] connected.", source: http://localhost:63315/@vite/client (1045)
2026-10-05T06:22:24.4681087Z  [32m✓[39m [30m[43m chromium [49m[39m parity/emdash/date-time-widgets/source/packages/admin/tests/components/PublishingDateTimeEditor.test.tsx [2m([22m[2m4 tests[22m[2m)[22m[33m 355[2mms[22m[39m
2026-10-05T06:22:24.4914217Z 2026-10-05T06:22:24.490Z pw:browser [pid=3184][err] [1005/062224.490335:INFO:CONSOLE:934] "[vite] connecting...", source: http://localhost:63315/@vite/client (934)
2026-10-05T06:22:24.5007490Z 2026-10-05T06:22:24.500Z pw:browser [pid=3184][err] [1005/062224.499945:INFO:CONSOLE:1045] "[vite] connected.", source: http://localhost:63315/@vite/client (1045)
2026-10-05T06:22:24.6457877Z  [32m✓[39m [30m[43m chromium [49m[39m parity/emdash/date-time-widgets/source/packages/admin/tests/lib/publishing-datetime.test.ts [2m([22m[2m6 tests[22m[2m)[22m[32m 4[2mms[22m[39m
2026-10-05T06:22:24.6827398Z 2026-10-05T06:22:24.682Z pw:browser [pid=3184][err] [1005/062224.681118:INFO:CONSOLE:934] "[vite] connecting...", source: http://localhost:63315/@vite/client (934)
2026-10-05T06:22:24.6906403Z 2026-10-05T06:22:24.690Z pw:browser [pid=3184][err] [1005/062224.688128:INFO:CONSOLE:1045] "[vite] connected.", source: http://localhost:63315/@vite/client (1045)
2026-10-05T06:22:24.9316232Z  [32m✓[39m [30m[43m chromium [49m[39m tests/date-time-native/disabled-navigation.test.ts [2m([22m[2m1 test[22m[2m)[22m[32m 16[2mms[22m[39m
2026-10-05T06:22:24.9606819Z 2026-10-05T06:22:24.958Z pw:browser [pid=3184][err] [1005/062224.956752:INFO:CONSOLE:934] "[vite] connecting...", source: http://localhost:63315/@vite/client (934)
2026-10-05T06:22:24.9761121Z 2026-10-05T06:22:24.974Z pw:browser [pid=3184][err] [1005/062224.973864:INFO:CONSOLE:1045] "[vite] connected.", source: http://localhost:63315/@vite/client (1045)
2026-10-05T06:22:25.1032911Z  [32m✓[39m [30m[43m chromium [49m[39m tests/date-time-native/widgets.test.ts [2m([22m[2m6 tests[22m[2m)[22m[32m 11[2mms[22m[39m
2026-10-05T06:22:25.1320007Z 2026-10-05T06:22:25.131Z pw:browser [pid=3184][err] [1005/062225.129349:INFO:CONSOLE:934] "[vite] connecting...", source: http://localhost:63315/@vite/client (934)
2026-10-05T06:22:25.1504246Z 2026-10-05T06:22:25.149Z pw:browser [pid=3184][err] [1005/062225.147318:INFO:CONSOLE:1045] "[vite] connected.", source: http://localhost:63315/@vite/client (1045)
2026-10-05T06:22:25.2066569Z  [32m✓[39m [30m[43m chromium [49m[39m parity/emdash/date-time-widgets/source/packages/admin/tests/lib/datetime-local.test.ts [2m([22m[2m9 tests[22m[2m)[22m[32m 5[2mms[22m[39m
2026-10-05T06:22:25.2324059Z 2026-10-05T06:22:25.232Z pw:browser [pid=3184][err] [1005/062225.231951:INFO:CONSOLE:934] "[vite] connecting...", source: http://localhost:63315/@vite/client (934)
2026-10-05T06:22:25.2507664Z 2026-10-05T06:22:25.248Z pw:browser [pid=3184][err] [1005/062225.248631:INFO:CONSOLE:1045] "[vite] connected.", source: http://localhost:63315/@vite/client (1045)
2026-10-05T06:22:25.3871916Z  [32m✓[39m [30m[43m chromium [49m[39m tests/date-time-native/calendar-propagation.test.ts [2m([22m[2m1 test[22m[2m)[22m[32m 12[2mms[22m[39m
2026-10-05T06:22:25.4112092Z 2026-10-05T06:22:25.410Z pw:browser [pid=3184][err] [1005/062225.409609:INFO:CONSOLE:934] "[vite] connecting...", source: http://localhost:63315/@vite/client (934)
2026-10-05T06:22:25.4196925Z 2026-10-05T06:22:25.419Z pw:browser [pid=3184][err] [1005/062225.419217:INFO:CONSOLE:1045] "[vite] connected.", source: http://localhost:63315/@vite/client (1045)
2026-10-05T06:22:25.5223605Z  [32m✓[39m [30m[43m chromium [49m[39m tests/date-time-native/calendar-click.test.ts [2m([22m[2m1 test[22m[2m)[22m[32m 13[2mms[22m[39m
2026-10-05T06:22:25.5847646Z 2026-10-05T06:22:25.584Z pw:browser [pid=3184][err] [1005/062225.584017:INFO:CONSOLE:934] "[vite] connecting...", source: http://localhost:63315/@vite/client (934)
2026-10-05T06:22:25.6005905Z 2026-10-05T06:22:25.599Z pw:browser [pid=3184][err] [1005/062225.598840:INFO:CONSOLE:1045] "[vite] connected.", source: http://localhost:63315/@vite/client (1045)
2026-10-05T06:22:25.8837290Z  [32m✓[39m [30m[43m chromium [49m[39m tests/date-time-native/calendar-keyboard.test.ts [2m([22m[2m2 tests[22m[2m)[22m[32m 25[2mms[22m[39m
2026-10-05T06:22:25.8868859Z 
2026-10-05T06:22:25.8873100Z [2m Test Files [22m [1m[32m8 passed[39m[22m[90m (8)[39m
2026-10-05T06:22:25.8874345Z [2m      Tests [22m [1m[32m30 passed[39m[22m[90m (30)[39m
2026-10-05T06:22:25.8875661Z [2m   Start at [22m 06:22:21
2026-10-05T06:22:25.8877165Z [2m   Duration [22m 4.14s[2m (transform 0ms, setup 339ms, import 1.02s, tests 441ms, environment 0ms)[22m
2026-10-05T06:22:25.8878674Z 
2026-10-05T06:22:25.8952638Z 2026-10-05T06:22:25.894Z pw:browser [pid=3184][err] [1005/062225.890872:INFO:CONSOLE:1080] "[vite] server connection lost. Polling for restart...", source: http://localhost:63315/@vite/client (1080)
2026-10-05T06:22:25.8956351Z 2026-10-05T06:22:25.894Z pw:browser [pid=3184][err] [1005/062225.892349:INFO:CONSOLE:1211] "[vite] server connection lost. Polling for restart...", source: http://localhost:63315/__vitest_browser__/tester-BJtsJFpD.js (1211)
2026-10-05T06:22:25.9146226Z 2026-10-05T06:22:25.911Z pw:browser [pid=3184] <gracefully close start>
2026-10-05T06:22:25.9402171Z 2026-10-05T06:22:25.939Z pw:browser [pid=3184] <process did exit: exitCode=0, signal=null>
2026-10-05T06:22:25.9405093Z 2026-10-05T06:22:25.940Z pw:browser [pid=3184] starting temporary directories cleanup
2026-10-05T06:22:25.9430471Z 2026-10-05T06:22:25.942Z pw:browser [pid=3184] finished temporary directories cleanup
2026-10-05T06:22:25.9431321Z 2026-10-05T06:22:25.942Z pw:browser [pid=3184] <gracefully close end>
2026-10-05T06:22:26.0045966Z ##[group]Run timeout --kill-after=30s 180s pnpm test:menu-browser-source
2026-10-05T06:22:26.0046963Z [36;1mtimeout --kill-after=30s 180s pnpm test:menu-browser-source[0m
2026-10-05T06:22:26.0127434Z shell: /usr/bin/bash -e {0}
2026-10-05T06:22:26.0127698Z env:
2026-10-05T06:22:26.0127970Z   PNPM_HOME: /home/runner/setup-pnpm/node_modules/.bin
2026-10-05T06:22:26.0128308Z   DEBUG: pw:browser
2026-10-05T06:22:26.0128536Z ##[endgroup]
2026-10-05T06:22:26.0433892Z $ node scripts/check-menu-source.mjs && vitest run --config vitest.menu-browser-source.config.ts
2026-10-05T06:22:26.5357389Z {"pin":"913cb1bb9b7f08c3ff0d258b4420e53835b6a58e","authorities":51,"wholeTests":12,"testDeclarations":204,"expectExpressions":495,"productTestsRun":0}
2026-10-05T06:22:27.4916431Z 
2026-10-05T06:22:27.4919896Z [1m[30m[46m RUN [49m[39m[22m [36mv4.1.10 [39m[90m/home/runner/work/cms/cms[39m
2026-10-05T06:22:27.4920567Z 
2026-10-05T06:22:27.6014662Z [2m6:22:27 AM[22m [36m[1m[vite][22m[39m [90m[2m(client)[22m[39m Re-optimizing dependencies because vite config has changed
2026-10-05T06:22:27.6025849Z [2m6:22:27 AM[22m [36m[1m[vite][22m[39m [34m[2m(ssr)[22m[39m Re-optimizing dependencies because vite config has changed
2026-10-05T06:22:28.3213794Z 2026-10-05T06:22:28.317Z pw:browser <launching> /home/runner/.cache/ms-playwright/chromium_headless_shell-1243/chrome-headless-shell-linux64/chrome-headless-shell --disable-field-trial-config --disable-background-networking --disable-background-timer-throttling --disable-backgrounding-occluded-windows --disable-back-forward-cache --disable-breakpad --disable-client-side-phishing-detection --disable-component-extensions-with-background-pages --disable-component-update --no-default-browser-check --disable-default-apps --disable-dev-shm-usage --disable-edgeupdater --disable-extensions --disable-features=AvoidUnnecessaryBeforeUnloadCheckSync,DestroyProfileOnBrowserClose,DialMediaRouteProvider,GlobalMediaControls,HttpsUpgrades,LensOverlay,MediaRouter,PaintHolding,ThirdPartyStoragePartitioning,BlockOriginHeaderModificationOnRedirect,Translate,AutoDeElevate,OptimizationHints,msForceBrowserSignIn,msEdgeUpdateLaunchServicesPreferredVersion --enable-features=CDPScreenshotNewSurface --allow-pre-commit-input --disable-hang-monitor --disable-ipc-flooding-protection --disable-popup-blocking --disable-prompt-on-repost --disable-renderer-backgrounding --disable-updater-scheduler --force-color-profile=srgb --metrics-recording-only --no-first-run --password-store=basic --use-mock-keychain --no-service-autorun --export-tagged-pdf --disable-search-engine-choice-screen --unsafely-disable-devtools-self-xss-warnings --edge-skip-compat-layer-relaunch --disable-infobars --disable-search-engine-choice-screen --disable-sync --enable-unsafe-swiftshader --headless --hide-scrollbars --mute-audio --blink-settings=primaryHoverType=2,availableHoverTypes=2,primaryPointerType=4,availablePointerTypes=4 --user-data-dir=/tmp/playwright_chromiumdev_profile-V0Z3sw --remote-debugging-pipe --no-startup-window
2026-10-05T06:22:28.3298808Z 2026-10-05T06:22:28.329Z pw:browser <launched> pid=3315
2026-10-05T06:22:28.4179101Z 2026-10-05T06:22:28.416Z pw:browser [pid=3315][err] [1005/062228.414530:ERROR:dbus/bus.cc:405] Failed to connect to the bus: Could not parse server address: Unknown address type (examples of valid types are "tcp" and on UNIX "unix")
2026-10-05T06:22:28.4267805Z 2026-10-05T06:22:28.424Z pw:browser [pid=3315][err] [1005/062228.424199:ERROR:dbus/object_proxy.cc:572] Failed to call method: org.freedesktop.DBus.NameHasOwner: object_path= /org/freedesktop/DBus: unknown error type: 
2026-10-05T06:22:28.4336991Z 2026-10-05T06:22:28.430Z pw:browser [pid=3315][err] [1005/062228.430745:ERROR:dbus/bus.cc:405] Failed to connect to the bus: Could not parse server address: Unknown address type (examples of valid types are "tcp" and on UNIX "unix")
2026-10-05T06:22:28.4400448Z 2026-10-05T06:22:28.438Z pw:browser [pid=3315][err] [1005/062228.437226:ERROR:dbus/object_proxy.cc:572] Failed to call method: org.freedesktop.DBus.NameHasOwner: object_path= /org/freedesktop/DBus: unknown error type: 
2026-10-05T06:22:28.4457574Z 2026-10-05T06:22:28.443Z pw:browser [pid=3315][err] [1005/062228.441620:WARNING:media/gpu/vaapi/vaapi_wrapper.cc:1660] drmGetDevices2() has not found any devices
2026-10-05T06:22:28.4470087Z 2026-10-05T06:22:28.444Z pw:browser [pid=3315][err] [1005/062228.443554:WARNING:sandbox/policy/linux/sandbox_linux.cc:405] InitializeSandbox() called with multiple threads in process gpu-process.
2026-10-05T06:22:28.9166263Z 2026-10-05T06:22:28.916Z pw:browser [pid=3315][err] [1005/062228.916109:INFO:CONSOLE:934] "[vite] connecting...", source: http://localhost:63315/@vite/client (934)
2026-10-05T06:22:28.9249995Z 2026-10-05T06:22:28.924Z pw:browser [pid=3315][err] [1005/062228.923899:INFO:CONSOLE:1045] "[vite] connected.", source: http://localhost:63315/@vite/client (1045)
2026-10-05T06:22:28.9689364Z 2026-10-05T06:22:28.968Z pw:browser [pid=3315][err] [1005/062228.968158:INFO:CONSOLE:934] "[vite] connecting...", source: http://localhost:63315/@vite/client (934)
2026-10-05T06:22:28.9739154Z 2026-10-05T06:22:28.973Z pw:browser [pid=3315][err] [1005/062228.969796:INFO:CONSOLE:1045] "[vite] connected.", source: http://localhost:63315/@vite/client (1045)
2026-10-05T06:22:30.5163894Z  [32m✓[39m [30m[43m chromium [49m[39m parity/emdash/menu-source/upstream/packages/admin/tests/components/MenuEditor.test.tsx [2m([22m[2m16 tests[22m[2m)[22m[33m 598[2mms[22m[39m
2026-10-05T06:22:30.5651617Z 2026-10-05T06:22:30.560Z pw:browser [pid=3315][err] [1005/062230.559846:INFO:CONSOLE:934] "[vite] connecting...", source: http://localhost:63315/@vite/client (934)
2026-10-05T06:22:30.5711272Z 2026-10-05T06:22:30.570Z pw:browser [pid=3315][err] [1005/062230.569559:INFO:CONSOLE:1045] "[vite] connected.", source: http://localhost:63315/@vite/client (1045)
2026-10-05T06:22:31.5748223Z  [32m✓[39m [30m[43m chromium [49m[39m parity/emdash/menu-source/upstream/packages/admin/tests/components/MenuList.test.tsx [2m([22m[2m9 tests[22m[2m)[22m[33m 688[2mms[22m[39m
2026-10-05T06:22:31.5774291Z 
2026-10-05T06:22:31.5778261Z [2m Test Files [22m [1m[32m2 passed[39m[22m[90m (2)[39m
2026-10-05T06:22:31.5779705Z [2m      Tests [22m [1m[32m25 passed[39m[22m[90m (25)[39m
2026-10-05T06:22:31.5780155Z [2m   Start at [22m 06:22:27
2026-10-05T06:22:31.5782026Z [2m   Duration [22m 4.08s[2m (transform 0ms, setup 0ms, import 908ms, tests 1.29s, environment 0ms)[22m
2026-10-05T06:22:31.5785626Z 
2026-10-05T06:22:31.5856942Z 2026-10-05T06:22:31.585Z pw:browser [pid=3315][err] [1005/062231.581973:INFO:CONSOLE:1080] "[vite] server connection lost. Polling for restart...", source: http://localhost:63315/@vite/client (1080)
2026-10-05T06:22:31.5871412Z 2026-10-05T06:22:31.585Z pw:browser [pid=3315][err] [1005/062231.583847:INFO:CONSOLE:1211] "[vite] server connection lost. Polling for restart...", source: http://localhost:63315/__vitest_browser__/tester-BJtsJFpD.js (1211)
2026-10-05T06:22:31.5990545Z 2026-10-05T06:22:31.598Z pw:browser [pid=3315] <gracefully close start>
2026-10-05T06:22:31.6199380Z 2026-10-05T06:22:31.619Z pw:browser [pid=3315] <process did exit: exitCode=0, signal=null>
2026-10-05T06:22:31.6200676Z 2026-10-05T06:22:31.619Z pw:browser [pid=3315] starting temporary directories cleanup
2026-10-05T06:22:31.6237727Z 2026-10-05T06:22:31.623Z pw:browser [pid=3315] finished temporary directories cleanup
2026-10-05T06:22:31.6238751Z 2026-10-05T06:22:31.623Z pw:browser [pid=3315] <gracefully close end>
2026-10-05T06:22:31.6827074Z ##[group]Run timeout --kill-after=30s 180s pnpm test:redirect-integration-source-browser
2026-10-05T06:22:31.6827742Z [36;1mtimeout --kill-after=30s 180s pnpm test:redirect-integration-source-browser[0m
2026-10-05T06:22:31.6900860Z shell: /usr/bin/bash -e {0}
2026-10-05T06:22:31.6901134Z env:
2026-10-05T06:22:31.6901400Z   PNPM_HOME: /home/runner/setup-pnpm/node_modules/.bin
2026-10-05T06:22:31.6901723Z   DEBUG: pw:browser
2026-10-05T06:22:31.6901933Z ##[endgroup]
2026-10-05T06:22:31.7224889Z $ node scripts/check-redirect-integration-source.mjs && vitest run --config vitest.redirect-integration-browser.config.ts
2026-10-05T06:22:32.0525014Z {"pin":"913cb1bb9b7f08c3ff0d258b4420e53835b6a58e","wholeSourceFiles":7,"wholeAuthorities":29,"declarations":18,"expectExpressions":42,"elementExpressions":9,"typeExpressions":1,"productTestsRun":0}
2026-10-05T06:22:32.9551731Z 
2026-10-05T06:22:32.9556456Z [1m[30m[46m RUN [49m[39m[22m [36mv4.1.10 [39m[90m/home/runner/work/cms/cms[39m
2026-10-05T06:22:32.9557411Z 
2026-10-05T06:22:33.0571629Z [2m6:22:33 AM[22m [36m[1m[vite][22m[39m [90m[2m(client)[22m[39m Re-optimizing dependencies because vite config has changed
2026-10-05T06:22:33.0581609Z [2m6:22:33 AM[22m [36m[1m[vite][22m[39m [34m[2m(ssr)[22m[39m Re-optimizing dependencies because vite config has changed
2026-10-05T06:22:33.6475699Z 2026-10-05T06:22:33.643Z pw:browser <launching> /home/runner/.cache/ms-playwright/chromium_headless_shell-1243/chrome-headless-shell-linux64/chrome-headless-shell --disable-field-trial-config --disable-background-networking --disable-background-timer-throttling --disable-backgrounding-occluded-windows --disable-back-forward-cache --disable-breakpad --disable-client-side-phishing-detection --disable-component-extensions-with-background-pages --disable-component-update --no-default-browser-check --disable-default-apps --disable-dev-shm-usage --disable-edgeupdater --disable-extensions --disable-features=AvoidUnnecessaryBeforeUnloadCheckSync,DestroyProfileOnBrowserClose,DialMediaRouteProvider,GlobalMediaControls,HttpsUpgrades,LensOverlay,MediaRouter,PaintHolding,ThirdPartyStoragePartitioning,BlockOriginHeaderModificationOnRedirect,Translate,AutoDeElevate,OptimizationHints,msForceBrowserSignIn,msEdgeUpdateLaunchServicesPreferredVersion --enable-features=CDPScreenshotNewSurface --allow-pre-commit-input --disable-hang-monitor --disable-ipc-flooding-protection --disable-popup-blocking --disable-prompt-on-repost --disable-renderer-backgrounding --disable-updater-scheduler --force-color-profile=srgb --metrics-recording-only --no-first-run --password-store=basic --use-mock-keychain --no-service-autorun --export-tagged-pdf --disable-search-engine-choice-screen --unsafely-disable-devtools-self-xss-warnings --edge-skip-compat-layer-relaunch --disable-infobars --disable-search-engine-choice-screen --disable-sync --enable-unsafe-swiftshader --headless --hide-scrollbars --mute-audio --blink-settings=primaryHoverType=2,availableHoverTypes=2,primaryPointerType=4,availablePointerTypes=4 --user-data-dir=/tmp/playwright_chromiumdev_profile-oKjOZF --remote-debugging-pipe --no-startup-window
2026-10-05T06:22:33.6545349Z 2026-10-05T06:22:33.651Z pw:browser <launched> pid=3455
2026-10-05T06:22:33.7167094Z 2026-10-05T06:22:33.715Z pw:browser [pid=3455][err] [1005/062233.713858:ERROR:dbus/bus.cc:405] Failed to connect to the bus: Could not parse server address: Unknown address type (examples of valid types are "tcp" and on UNIX "unix")
2026-10-05T06:22:33.7307694Z 2026-10-05T06:22:33.729Z pw:browser [pid=3455][err] [1005/062233.728046:ERROR:dbus/object_proxy.cc:572] Failed to call method: org.freedesktop.DBus.NameHasOwner: object_path= /org/freedesktop/DBus: unknown error type: 
2026-10-05T06:22:33.7323481Z 2026-10-05T06:22:33.729Z pw:browser [pid=3455][err] [1005/062233.728413:ERROR:dbus/bus.cc:405] Failed to connect to the bus: Could not parse server address: Unknown address type (examples of valid types are "tcp" and on UNIX "unix")
2026-10-05T06:22:33.7366512Z 2026-10-05T06:22:33.736Z pw:browser [pid=3455][err] [1005/062233.734516:WARNING:media/gpu/vaapi/vaapi_wrapper.cc:1660] drmGetDevices2() has not found any devices
2026-10-05T06:22:33.7398384Z 2026-10-05T06:22:33.736Z pw:browser [pid=3455][err] [1005/062233.734836:ERROR:dbus/object_proxy.cc:572] Failed to call method: org.freedesktop.DBus.NameHasOwner: object_path= /org/freedesktop/DBus: unknown error type: 
2026-10-05T06:22:33.7416852Z 2026-10-05T06:22:33.737Z pw:browser [pid=3455][err] [1005/062233.736319:WARNING:sandbox/policy/linux/sandbox_linux.cc:405] InitializeSandbox() called with multiple threads in process gpu-process.
2026-10-05T06:22:34.1305390Z 2026-10-05T06:22:34.130Z pw:browser [pid=3455][err] [1005/062234.130090:INFO:CONSOLE:934] "[vite] connecting...", source: http://localhost:63315/@vite/client (934)
2026-10-05T06:22:34.1373060Z 2026-10-05T06:22:34.137Z pw:browser [pid=3455][err] [1005/062234.136671:INFO:CONSOLE:1045] "[vite] connected.", source: http://localhost:63315/@vite/client (1045)
2026-10-05T06:22:34.1756229Z 2026-10-05T06:22:34.174Z pw:browser [pid=3455][err] [1005/062234.174845:INFO:CONSOLE:934] "[vite] connecting...", source: http://localhost:63315/@vite/client (934)
2026-10-05T06:22:34.1921631Z 2026-10-05T06:22:34.191Z pw:browser [pid=3455][err] [1005/062234.180904:INFO:CONSOLE:1045] "[vite] connected.", source: http://localhost:63315/@vite/client (1045)
2026-10-05T06:22:35.4039069Z  [32m✓[39m [30m[43m chromium [49m[39m parity/emdash/redirect-integration-source/upstream/packages/admin/tests/components/Redirects.test.tsx [2m([22m[2m3 tests[22m[2m)[22m[33m 465[2mms[22m[39m
2026-10-05T06:22:35.4065135Z 
2026-10-05T06:22:35.4069784Z [2m Test Files [22m [1m[32m1 passed[39m[22m[90m (1)[39m
2026-10-05T06:22:35.4071202Z [2m      Tests [22m [1m[32m3 passed[39m[22m[90m (3)[39m
2026-10-05T06:22:35.4072378Z [2m   Start at [22m 06:22:32
2026-10-05T06:22:35.4073772Z [2m   Duration [22m 2.45s[2m (transform 0ms, setup 175ms, import 315ms, tests 465ms, environment 0ms)[22m
2026-10-05T06:22:35.4075137Z 
2026-10-05T06:22:35.4149092Z 2026-10-05T06:22:35.414Z pw:browser [pid=3455][err] [1005/062235.409628:INFO:CONSOLE:1080] "[vite] server connection lost. Polling for restart...", source: http://localhost:63315/@vite/client (1080)
2026-10-05T06:22:35.4173464Z 2026-10-05T06:22:35.414Z pw:browser [pid=3455][err] [1005/062235.410988:INFO:CONSOLE:1211] "[vite] server connection lost. Polling for restart...", source: http://localhost:63315/__vitest_browser__/tester-BJtsJFpD.js (1211)
2026-10-05T06:22:35.4262029Z 2026-10-05T06:22:35.426Z pw:browser [pid=3455] <gracefully close start>
2026-10-05T06:22:35.4470960Z 2026-10-05T06:22:35.446Z pw:browser [pid=3455] <process did exit: exitCode=0, signal=null>
2026-10-05T06:22:35.4473080Z 2026-10-05T06:22:35.447Z pw:browser [pid=3455] starting temporary directories cleanup
2026-10-05T06:22:35.4501460Z 2026-10-05T06:22:35.449Z pw:browser [pid=3455] finished temporary directories cleanup
2026-10-05T06:22:35.4502936Z 2026-10-05T06:22:35.450Z pw:browser [pid=3455] <gracefully close end>
2026-10-05T06:22:35.5030280Z ##[group]Run timeout --kill-after=30s 180s pnpm test:sections-widgets-browser
2026-10-05T06:22:35.5031015Z [36;1mtimeout --kill-after=30s 180s pnpm test:sections-widgets-browser[0m
2026-10-05T06:22:35.5103124Z shell: /usr/bin/bash -e {0}
2026-10-05T06:22:35.5103640Z env:
2026-10-05T06:22:35.5104018Z   PNPM_HOME: /home/runner/setup-pnpm/node_modules/.bin
2026-10-05T06:22:35.5104619Z   DEBUG: pw:browser
2026-10-05T06:22:35.5105034Z ##[endgroup]
2026-10-05T06:22:35.5398572Z $ vitest run --config vitest.sections-widgets-browser.config.ts
2026-10-05T06:22:36.6612203Z 
2026-10-05T06:22:36.6616274Z [1m[30m[46m RUN [49m[39m[22m [36mv4.1.10 [39m[90m/home/runner/work/cms/cms[39m
2026-10-05T06:22:36.6616872Z 
2026-10-05T06:22:36.7680837Z [2m6:22:36 AM[22m [36m[1m[vite][22m[39m [90m[2m(client)[22m[39m Re-optimizing dependencies because vite config has changed
2026-10-05T06:22:36.7691721Z [2m6:22:36 AM[22m [36m[1m[vite][22m[39m [34m[2m(ssr)[22m[39m Re-optimizing dependencies because vite config has changed
2026-10-05T06:22:37.7363649Z 2026-10-05T06:22:37.734Z pw:browser <launching> /home/runner/.cache/ms-playwright/chromium_headless_shell-1243/chrome-headless-shell-linux64/chrome-headless-shell --disable-field-trial-config --disable-background-networking --disable-background-timer-throttling --disable-backgrounding-occluded-windows --disable-back-forward-cache --disable-breakpad --disable-client-side-phishing-detection --disable-component-extensions-with-background-pages --disable-component-update --no-default-browser-check --disable-default-apps --disable-dev-shm-usage --disable-edgeupdater --disable-extensions --disable-features=AvoidUnnecessaryBeforeUnloadCheckSync,DestroyProfileOnBrowserClose,DialMediaRouteProvider,GlobalMediaControls,HttpsUpgrades,LensOverlay,MediaRouter,PaintHolding,ThirdPartyStoragePartitioning,BlockOriginHeaderModificationOnRedirect,Translate,AutoDeElevate,OptimizationHints,msForceBrowserSignIn,msEdgeUpdateLaunchServicesPreferredVersion --enable-features=CDPScreenshotNewSurface --allow-pre-commit-input --disable-hang-monitor --disable-ipc-flooding-protection --disable-popup-blocking --disable-prompt-on-repost --disable-renderer-backgrounding --disable-updater-scheduler --force-color-profile=srgb --metrics-recording-only --no-first-run --password-store=basic --use-mock-keychain --no-service-autorun --export-tagged-pdf --disable-search-engine-choice-screen --unsafely-disable-devtools-self-xss-warnings --edge-skip-compat-layer-relaunch --disable-infobars --disable-search-engine-choice-screen --disable-sync --enable-unsafe-swiftshader --headless --hide-scrollbars --mute-audio --blink-settings=primaryHoverType=2,availableHoverTypes=2,primaryPointerType=4,availablePointerTypes=4 --user-data-dir=/tmp/playwright_chromiumdev_profile-t72lnt --remote-debugging-pipe --no-startup-window
2026-10-05T06:22:37.7473839Z 2026-10-05T06:22:37.743Z pw:browser <launched> pid=3572
2026-10-05T06:22:37.8103190Z 2026-10-05T06:22:37.809Z pw:browser [pid=3572][err] [1005/062237.808618:ERROR:dbus/bus.cc:405] Failed to connect to the bus: Could not parse server address: Unknown address type (examples of valid types are "tcp" and on UNIX "unix")
2026-10-05T06:22:37.8280593Z 2026-10-05T06:22:37.818Z pw:browser [pid=3572][err] [1005/062237.817505:ERROR:dbus/object_proxy.cc:572] Failed to call method: org.freedesktop.DBus.NameHasOwner: object_path= /org/freedesktop/DBus: unknown error type: 
2026-10-05T06:22:37.8313690Z 2026-10-05T06:22:37.818Z pw:browser [pid=3572][err] [1005/062237.818683:ERROR:dbus/bus.cc:405] Failed to connect to the bus: Could not parse server address: Unknown address type (examples of valid types are "tcp" and on UNIX "unix")
2026-10-05T06:22:37.8341359Z 2026-10-05T06:22:37.831Z pw:browser [pid=3572][err] [1005/062237.830792:ERROR:dbus/object_proxy.cc:572] Failed to call method: org.freedesktop.DBus.NameHasOwner: object_path= /org/freedesktop/DBus: unknown error type: 
2026-10-05T06:22:37.8449480Z 2026-10-05T06:22:37.840Z pw:browser [pid=3572][err] [1005/062237.835123:WARNING:media/gpu/vaapi/vaapi_wrapper.cc:1660] drmGetDevices2() has not found any devices
2026-10-05T06:22:37.8480444Z 2026-10-05T06:22:37.847Z pw:browser [pid=3572][err] [1005/062237.845159:WARNING:sandbox/policy/linux/sandbox_linux.cc:405] InitializeSandbox() called with multiple threads in process gpu-process.
2026-10-05T06:22:37.9120603Z [2m6:22:37 AM[22m [36m[1m[vite][22m[39m [90m[2m(client)[22m[39m [optimizer] bundling dependencies...
2026-10-05T06:22:38.6219504Z 2026-10-05T06:22:38.621Z pw:browser [pid=3572][err] [1005/062238.621355:INFO:CONSOLE:934] "[vite] connecting...", source: http://localhost:63315/@vite/client (934)
2026-10-05T06:22:38.6337209Z 2026-10-05T06:22:38.633Z pw:browser [pid=3572][err] [1005/062238.631477:INFO:CONSOLE:1045] "[vite] connected.", source: http://localhost:63315/@vite/client (1045)
2026-10-05T06:22:38.6766012Z 2026-10-05T06:22:38.676Z pw:browser [pid=3572][err] [1005/062238.675041:INFO:CONSOLE:934] "[vite] connecting...", source: http://localhost:63315/@vite/client (934)
2026-10-05T06:22:38.6817796Z 2026-10-05T06:22:38.681Z pw:browser [pid=3572][err] [1005/062238.680265:INFO:CONSOLE:1045] "[vite] connected.", source: http://localhost:63315/@vite/client (1045)
2026-10-05T06:22:40.4577437Z  [32m✓[39m [30m[43m chromium [49m[39m parity/emdash/sections-widgets-source/upstream/packages/admin/tests/components/Sections.test.tsx [2m([22m[2m12 tests[22m[2m)[22m[33m 567[2mms[22m[39m
2026-10-05T06:22:40.4969408Z 2026-10-05T06:22:40.496Z pw:browser [pid=3572][err] [1005/062240.496276:INFO:CONSOLE:934] "[vite] connecting...", source: http://localhost:63315/@vite/client (934)
2026-10-05T06:22:40.5049869Z 2026-10-05T06:22:40.504Z pw:browser [pid=3572][err] [1005/062240.504482:INFO:CONSOLE:1045] "[vite] connected.", source: http://localhost:63315/@vite/client (1045)
2026-10-05T06:22:41.1140371Z  [32m✓[39m [30m[43m chromium [49m[39m parity/emdash/sections-widgets-source/upstream/packages/admin/tests/components/Widgets.test.tsx [2m([22m[2m10 tests[22m[2m)[22m[32m 173[2mms[22m[39m
2026-10-05T06:22:41.1676820Z 2026-10-05T06:22:41.166Z pw:browser [pid=3572][err] [1005/062241.166693:INFO:CONSOLE:934] "[vite] connecting...", source: http://localhost:63315/@vite/client (934)
2026-10-05T06:22:41.1920361Z 2026-10-05T06:22:41.191Z pw:browser [pid=3572][err] [1005/062241.191478:INFO:CONSOLE:1045] "[vite] connected.", source: http://localhost:63315/@vite/client (1045)
2026-10-05T06:22:41.6002286Z 2026-10-05T06:22:41.598Z pw:browser [pid=3572][err] [1005/062241.598329:INFO:CONSOLE:1222] "Attempted to synchronously unmount a root while React was already rendering. React cannot finish unmounting the root until the current render has completed, which may lead to a race condition.", source: http://localhost:63315/__vitest_browser__/tester-BJtsJFpD.js (1222)
2026-10-05T06:22:41.6012357Z [90mstderr[2m | parity/emdash/sections-widgets-source/upstream/packages/admin/tests/components/SectionEditor.test.tsx[2m > [22m[2mSectionEditor[2m > [22m[2mkeeps detail inputs within their panel at a narrow width in rtl
2026-10-05T06:22:41.6014700Z [22m[39mAttempted to synchronously unmount a root while React was already rendering. React cannot finish unmounting the root until the current render has completed, which may lead to a race condition.
2026-10-05T06:22:41.6312345Z 2026-10-05T06:22:41.630Z pw:browser [pid=3572][err] [1005/062241.630054:INFO:CONSOLE:1222] "Attempted to synchronously unmount a root while React was already rendering. React cannot finish unmounting the root until the current render has completed, which may lead to a race condition.", source: http://localhost:63315/__vitest_browser__/tester-BJtsJFpD.js (1222)
2026-10-05T06:22:41.6316531Z [90mstderr[2m | parity/emdash/sections-widgets-source/upstream/packages/admin/tests/components/SectionEditor.test.tsx[2m > [22m[2mSectionEditor[2m > [22m[2mopens the image settings panel when a block requests the sidebar
2026-10-05T06:22:41.6320227Z [22m[39mAttempted to synchronously unmount a root while React was already rendering. React cannot finish unmounting the root until the current render has completed, which may lead to a race condition.
2026-10-05T06:22:41.6503495Z 2026-10-05T06:22:41.649Z pw:browser [pid=3572][err] [1005/062241.647704:INFO:CONSOLE:1222] "Attempted to synchronously unmount a root while React was already rendering. React cannot finish unmounting the root until the current render has completed, which may lead to a race condition.", source: http://localhost:63315/__vitest_browser__/tester-BJtsJFpD.js (1222)
2026-10-05T06:22:41.6517421Z [90mstderr[2m | parity/emdash/sections-widgets-source/upstream/packages/admin/tests/components/SectionEditor.test.tsx[2m > [22m[2mSectionEditor[2m > [22m[2mshows both clean save actions as Saved
2026-10-05T06:22:41.6520769Z [22m[39mAttempted to synchronously unmount a root while React was already rendering. React cannot finish unmounting the root until the current render has completed, which may lead to a race condition.
2026-10-05T06:22:41.6799828Z 2026-10-05T06:22:41.679Z pw:browser [pid=3572][err] [1005/062241.678967:INFO:CONSOLE:1222] "Attempted to synchronously unmount a root while React was already rendering. React cannot finish unmounting the root until the current render has completed, which may lead to a race condition.", source: http://localhost:63315/__vitest_browser__/tester-BJtsJFpD.js (1222)
2026-10-05T06:22:41.6810471Z [90mstderr[2m | parity/emdash/sections-widgets-source/upstream/packages/admin/tests/components/SectionEditor.test.tsx[2m > [22m[2mSectionEditor[2m > [22m[2mpasses plugin block definitions to PortableTextEditor
2026-10-05T06:22:41.6815402Z [22m[39mAttempted to synchronously unmount a root while React was already rendering. React cannot finish unmounting the root until the current render has completed, which may lead to a race condition.
2026-10-05T06:22:41.7012954Z  [32m✓[39m [30m[43m chromium [49m[39m parity/emdash/sections-widgets-source/upstream/packages/admin/tests/components/SectionEditor.test.tsx [2m([22m[2m5 tests[22m[2m)[22m[32m 127[2mms[22m[39m
2026-10-05T06:22:41.9431788Z 2026-10-05T06:22:41.942Z pw:browser [pid=3572][err] [1005/062241.942676:INFO:CONSOLE:934] "[vite] connecting...", source: http://localhost:63315/@vite/client (934)
2026-10-05T06:22:41.9517483Z 2026-10-05T06:22:41.951Z pw:browser [pid=3572][err] [1005/062241.951318:INFO:CONSOLE:1045] "[vite] connected.", source: http://localhost:63315/@vite/client (1045)
2026-10-05T06:22:43.1309265Z  [32m✓[39m [30m[43m chromium [49m[39m parity/emdash/sections-widgets-source/upstream/packages/admin/tests/components/SectionPickerModal.test.tsx [2m([22m[2m8 tests[22m[2m)[22m[33m 735[2mms[22m[39m
2026-10-05T06:22:43.1311383Z      [33m[2m✓[22m[39m search input filters results [33m 333[2mms[22m[39m
2026-10-05T06:22:43.1312666Z      [33m[2m✓[22m[39m shows filtered empty state when search has no results [33m 313[2mms[22m[39m
2026-10-05T06:22:43.1339646Z 
2026-10-05T06:22:43.1343988Z [2m Test Files [22m [1m[32m4 passed[39m[22m[90m (4)[39m
2026-10-05T06:22:43.1345302Z [2m      Tests [22m [1m[32m35 passed[39m[22m[90m (35)[39m
2026-10-05T06:22:43.1346130Z [2m   Start at [22m 06:22:36
2026-10-05T06:22:43.1347332Z [2m   Duration [22m 6.47s[2m (transform 0ms, setup 39ms, import 1.93s, tests 1.60s, environment 0ms)[22m
2026-10-05T06:22:43.1349321Z 
2026-10-05T06:22:43.1428591Z 2026-10-05T06:22:43.141Z pw:browser [pid=3572][err] [1005/062243.137464:INFO:CONSOLE:1080] "[vite] server connection lost. Polling for restart...", source: http://localhost:63315/@vite/client (1080)
2026-10-05T06:22:43.1452797Z 2026-10-05T06:22:43.141Z pw:browser [pid=3572][err] [1005/062243.138991:INFO:CONSOLE:1211] "[vite] server connection lost. Polling for restart...", source: http://localhost:63315/__vitest_browser__/tester-BJtsJFpD.js (1211)
2026-10-05T06:22:43.1573598Z 2026-10-05T06:22:43.156Z pw:browser [pid=3572] <gracefully close start>
2026-10-05T06:22:43.1811808Z 2026-10-05T06:22:43.180Z pw:browser [pid=3572] <process did exit: exitCode=0, signal=null>
2026-10-05T06:22:43.1813088Z 2026-10-05T06:22:43.181Z pw:browser [pid=3572] starting temporary directories cleanup
2026-10-05T06:22:43.1843741Z 2026-10-05T06:22:43.184Z pw:browser [pid=3572] finished temporary directories cleanup
2026-10-05T06:22:43.1845012Z 2026-10-05T06:22:43.184Z pw:browser [pid=3572] <gracefully close end>
2026-10-05T06:22:43.2710504Z ##[group]Run timeout --kill-after=30s 180s pnpm test:comments-browser
2026-10-05T06:22:43.2711042Z [36;1mtimeout --kill-after=30s 180s pnpm test:comments-browser[0m
2026-10-05T06:22:43.2784957Z shell: /usr/bin/bash -e {0}
2026-10-05T06:22:43.2785246Z env:
2026-10-05T06:22:43.2785511Z   PNPM_HOME: /home/runner/setup-pnpm/node_modules/.bin
2026-10-05T06:22:43.2785828Z   DEBUG: pw:browser
2026-10-05T06:22:43.2786036Z ##[endgroup]
2026-10-05T06:22:43.3083226Z $ node scripts/check-comments-source.mjs && vitest run --config vitest.comments-browser.config.ts
2026-10-05T06:22:43.7975574Z {
2026-10-05T06:22:43.7975995Z   "pin": "913cb1bb9b7f08c3ff0d258b4420e53835b6a58e",
2026-10-05T06:22:43.7976339Z   "authorities": 85,
2026-10-05T06:22:43.7976573Z   "wholeProducts": 32,
2026-10-05T06:22:43.7976798Z   "wholeFiles": 8,
2026-10-05T06:22:43.7977014Z   "declarations": 109,
2026-10-05T06:22:43.7977245Z   "expects": 245,
2026-10-05T06:22:43.7991762Z   "elements": 6,
2026-10-05T06:22:43.7992240Z   "executed": 0,
2026-10-05T06:22:43.7992603Z   "counts": [
2026-10-05T06:22:43.7992919Z     {
2026-10-05T06:22:43.7993419Z       "source": "packages/admin/tests/components/CommentInbox.test.tsx",
2026-10-05T06:22:43.7993826Z       "declarations": 4,
2026-10-05T06:22:43.7994086Z       "expects": 4,
2026-10-05T06:22:43.7994304Z       "elements": 6,
2026-10-05T06:22:43.7994863Z       "callbackSha256": [
2026-10-05T06:22:43.7995275Z         "917a47a84ea4959c6af3b8ee020663e1be97c591d67fc3d3d55d6af9c4ed35e8",
2026-10-05T06:22:43.7995847Z         "e46be065bab3573b31ee29160dcf7036711c97995868a4145e6ad6938110de87",
2026-10-05T06:22:43.7996381Z         "04ac39278bc866c77b623ab9952f072924dabfa12cfd23ce6b4608ea0017237b",
2026-10-05T06:22:43.7996906Z         "bc529120b8475391a6324f4414b20c49cce18d6eff001327cf56abded417a77a"
2026-10-05T06:22:43.7997281Z       ]
2026-10-05T06:22:43.7997464Z     },
2026-10-05T06:22:43.7997641Z     {
2026-10-05T06:22:43.7997989Z       "source": "packages/core/tests/integration/comments/hooks.test.ts",
2026-10-05T06:22:43.7998364Z       "declarations": 19,
2026-10-05T06:22:43.7998598Z       "expects": 45,
2026-10-05T06:22:43.7998809Z       "elements": 0,
2026-10-05T06:22:43.7999033Z       "callbackSha256": [
2026-10-05T06:22:43.7999419Z         "9da58b220c2d9b8193badde7b59eb096a0f48086e0781be57fa16e03f0e67900",
2026-10-05T06:22:43.7999949Z         "35fe25131ee8328e006817c1ad2ca03fcb8506eecba91c64fb12a3a8d6f01deb",
2026-10-05T06:22:43.8000468Z         "a8ea0c0c452390da7e0f195b39323a44f2d5c1562773b8bda52842dbe88350f9",
2026-10-05T06:22:43.8000987Z         "0131b0c4570805a6535bfb03b2ea9e34338ee878bcda0f74ccc816c8ce06fbbb",
2026-10-05T06:22:43.8001507Z         "fc2c37ed1d6efdd3803af14b5efd9ec2029e5e4b55b858757b7d9a7cd9566d4b",
2026-10-05T06:22:43.8002038Z         "f757aa3f669a689c33a38e550b2954bb5ebffe8a7c81f48133b2c7c4276c98f6",
2026-10-05T06:22:43.8002557Z         "b9d48b7390291a7ddcd5a5774cedcbd77eb9b5871738dc8193c06a76acddb87e",
2026-10-05T06:22:43.8003092Z         "a69e70b117a68f9c9da761b15d79463263b95bfd3dbc23af93f88aaafb720795",
2026-10-05T06:22:43.8003588Z         "ff1093bb106e5a0301f3c68feb60eaeb6bf00507181343349a6885ab708b4e89",
2026-10-05T06:22:43.8004081Z         "dc96d4a54960330762643da7be3e8f846736f508189eafffafe2dcbaf7c37ac0",
2026-10-05T06:22:43.8005724Z         "92bdeb0519cdd69cd6c099288746dcb412e1416e26c8bde44f3b8bd4604d3f0e",
2026-10-05T06:22:43.8006555Z         "b0291f3d3f331a8512eb66f119922a737c27e8be9248912ff560d66c2d00c5fc",
2026-10-05T06:22:43.8007353Z         "1463ab571f956b7f6e1d830620c6b90172f06829297972d044534e972d515f07",
2026-10-05T06:22:43.8008163Z         "cc52ff5a5ef6810c2908c36c2e930a0548b30dc609eb39227634cde9418a22a2",
2026-10-05T06:22:43.8008965Z         "e5219f9b2899d4810adc4002d97704d49ae0a53087199454fc7d5bd52fb2df20",
2026-10-05T06:22:43.8009766Z         "a80970e65860f6885b6fd512ebd06726b8a7113b3d24da2e278095387243585a",
2026-10-05T06:22:43.8010608Z         "ab6599da9ccb3cbfc6a411e2f9e83d5773cb4527898498e4523142da69c8a33d",
2026-10-05T06:22:43.8011820Z         "0547886a915ab9958f7d7ea1b8011d63af7a98083b02c34960ba7d36c161c89b",
2026-10-05T06:22:43.8012806Z         "26adf43cf714274916462efc6a4a6a16ccb72ed7ca0d94029944c422a04540ea"
2026-10-05T06:22:43.8013451Z       ]
2026-10-05T06:22:43.8013741Z     },
2026-10-05T06:22:43.8014029Z     {
2026-10-05T06:22:43.8014825Z       "source": "packages/core/tests/integration/comments/notifications.test.ts",
2026-10-05T06:22:43.8015558Z       "declarations": 16,
2026-10-05T06:22:43.8015962Z       "expects": 42,
2026-10-05T06:22:43.8016325Z       "elements": 0,
2026-10-05T06:22:43.8016686Z       "callbackSha256": [
2026-10-05T06:22:43.8017301Z         "8b7dedb2c1082d1ba2790f94bf1e826656f9136a049e442db25f95bc670145a6",
2026-10-05T06:22:43.8018161Z         "a991502b7360b744dc940b41add67c6f768581e3ac3e53fa21f856e648ef19bd",
2026-10-05T06:22:43.8018997Z         "086c5320e170c86623db990116b7935bbed14059d8502bd310b3c7824ad10bdf",
2026-10-05T06:22:43.8019845Z         "327d89d822b45a3b605a4f933532a29723eb881d1a3db5c4557aa3cf8da16aaa",
2026-10-05T06:22:43.8020720Z         "48dab2467ff3973021754e4b808bf2b73ed03893ec829ab3787fa25cc36e50ac",
2026-10-05T06:22:43.8021638Z         "7e47c0e375de7d7284196eea32dc134b9eaf921c3845ed79c5b682945493a569",
2026-10-05T06:22:43.8022508Z         "c125b2ee1a364d8d19d5904afe9366f14a436cb97c4d13f76ac328ee65698790",
2026-10-05T06:22:43.8023452Z         "0c31bb2c7afc948aaf67cb7fc1bb765e533dc585640dae93f4e5fb5d769a7e13",
2026-10-05T06:22:43.8024543Z         "9a63e69e93b29002e6555885c64a143a7946ef1eb8f5f2623344bff9fcc111bf",
2026-10-05T06:22:43.8025311Z         "b8dd93a2c14e840155ab4d4537180e63e30914ede7cdc61320ce4fb83c2e4304",
2026-10-05T06:22:43.8026261Z         "d6f3ae4ffe9f532687b366bb39ca5b853332f906a422b3817c6e66651e64832e",
2026-10-05T06:22:43.8027203Z         "cc7125186cba9d852fdf2c8c9e1cfd88a2a03d5d29273f64cf8c2a58da135cc7",
2026-10-05T06:22:43.8027997Z         "bfe9d24ef54eb8196589913b0677eab31ab32e12d8ec6bcd5994f36e109fe4f3",
2026-10-05T06:22:43.8028820Z         "6beb1371707bdbfa26cc53765cda3b66632212eda21eb8691f45d140c0a8ab39",
2026-10-05T06:22:43.8029669Z         "9e47dfce5cd6e6234be0ad1041fcbe61866b25118ab6778a44e7cd95f021ae93",
2026-10-05T06:22:43.8030510Z         "47c203d83cf9c2feff47d4fceb671f5e4ac4859ed80c185df467634d4300f645"
2026-10-05T06:22:43.8031103Z       ]
2026-10-05T06:22:43.8031381Z     },
2026-10-05T06:22:43.8031660Z     {
2026-10-05T06:22:43.8032205Z       "source": "packages/core/tests/integration/comments/reactions.test.ts",
2026-10-05T06:22:43.8032827Z       "declarations": 12,
2026-10-05T06:22:43.8033183Z       "expects": 24,
2026-10-05T06:22:43.8033507Z       "elements": 0,
2026-10-05T06:22:43.8033847Z       "callbackSha256": [
2026-10-05T06:22:43.8034671Z         "be5555fd932cf013282dae83114f92f73e1efc33c23fd507fbee18b2ca4731b2",
2026-10-05T06:22:43.8035633Z         "1fec9e9f88c6796b86af7d2389edc863a8be911ab73687f580e648389a31dda7",
2026-10-05T06:22:43.8036568Z         "f5ed3f857a9c033b47ce32530447714740afebafa7ee48cdc28e940f94dd61eb",
2026-10-05T06:22:43.8037514Z         "a1d6f7def605e1674d422b0d20eddd2aca465755ce3fe761f1cffcf8d63e9ca3",
2026-10-05T06:22:43.8038434Z         "c453b17849de93167aa835d084d7ff66166dd5c5b2db63854f3edaf2072665da",
2026-10-05T06:22:43.8039247Z         "41c423528d1386eb73a0130c26c377f54a872bbd0e7d313c92a4fd5ff1dd6008",
2026-10-05T06:22:43.8040304Z         "14be4a97cc5905a26f3089b085d1bedb7c15bea3caa49fd74d39e05fd12f8dc1",
2026-10-05T06:22:43.8041089Z         "584d5b016cf0fa606e66b53efb5b2d7de6a21b776e8ac621c465140097c17576",
2026-10-05T06:22:43.8041929Z         "e92ba7892113d4ed1ce719f37b400bf340265b92e12a53baca771636986d2a87",
2026-10-05T06:22:43.8042812Z         "b14868353cc3da78e4ae6688c0b406d5ab572dfc813fcc6ad3117926bea24d59",
2026-10-05T06:22:43.8043684Z         "5032708773a0c9551bb6c99ac767724da25ab5a801035947e3d5200d5c786402",
2026-10-05T06:22:43.8044732Z         "cb61c72ee8e5b554de2316b43356e92a2e778cf4dd106fcf2badd99693995b8b"
2026-10-05T06:22:43.8045349Z       ]
2026-10-05T06:22:43.8045634Z     },
2026-10-05T06:22:43.8045928Z     {
2026-10-05T06:22:43.8046767Z       "source": "packages/core/tests/integration/comments/repository.test.ts",
2026-10-05T06:22:43.8047489Z       "declarations": 32,
2026-10-05T06:22:43.8047885Z       "expects": 88,
2026-10-05T06:22:43.8048247Z       "elements": 0,
2026-10-05T06:22:43.8048623Z       "callbackSha256": [
2026-10-05T06:22:43.8049304Z         "7f515c8401b5d39cd4d73e0a502f870d701521cf36022990d2c6ad1f51868fb6",
2026-10-05T06:22:43.8050197Z         "5c839c76b879d95ff94a7f29a649bcd976b62ec27d1d2fa577f5b18426c2bd88",
2026-10-05T06:22:43.8051098Z         "9ec3e701c50f238246aac08c0d3288fb8d59e0c7a164a77cd4d306e7e1502c05",
2026-10-05T06:22:43.8052044Z         "af5fd3f72ca9b56bba5cd85309e06408a791980d084e9d8730fa6322f3c999fb",
2026-10-05T06:22:43.8052966Z         "20640a8c8265df14170626073091ee6b7299ac0618f85364d4de8433b11669a2",
2026-10-05T06:22:43.8053873Z         "c461a440b78d4ba62371148492b860ea6639fe44bfcf4fd2af2d5d7c6bea7791",
2026-10-05T06:22:43.8055006Z         "445812ccf1ac99b42b561d7891aa9091ebe4f4dad743af1297d53f874660ca94",
2026-10-05T06:22:43.8055894Z         "1a43d5e71caf85bdc13cd804dc1999a66cd94f500317877176714e7fba106e7f",
2026-10-05T06:22:43.8056790Z         "fde9f4363b1fa93aaee0047ad084f2eb0f8c417423a6313e55b177195e74837b",
2026-10-05T06:22:43.8057710Z         "a2cae246439eafb3d956b498630cc912c52dae9755c9aa7b065f75bece25a75e",
2026-10-05T06:22:43.8058667Z         "5feb42ea5a619cafb892ac2a53ccd6da4ba21e14904ed1958dd73cdb38099f12",
2026-10-05T06:22:43.8059657Z         "b2bd108340f8dde3e1a9140e05beef305e24b0febfc69fa68347fd23cf76e7ed",
2026-10-05T06:22:43.8060623Z         "f6f57e3ad920d34026ebacf0f4ab691c33e494e674b509e21c26cfe269c3ec82",
2026-10-05T06:22:43.8061565Z         "60d5e656518c020365f2dff61a008fb6bc8add951fbd869f2a49e2b20136bfd6",
2026-10-05T06:22:43.8062491Z         "e4e75e3faba8fcaae234b305e080a035fb4efd8eb3a59f2b39cc19d998f32701",
2026-10-05T06:22:43.8063391Z         "04d4ba095f119df931da72eaac2afb673222f366d84c10f54216360db8b07485",
2026-10-05T06:22:43.8064286Z         "977852c0a1c9b3e7187c2a58aac55c44c395a124452ce9a14089f4fb64ed3649",
2026-10-05T06:22:43.8065393Z         "90c648031c0d4a0d03d96f75c5cb857150d8c5499abc6b8d18f489384e3a9b82",
2026-10-05T06:22:43.8066271Z         "450ee62d33c0c16579fa1048ad9594975085fcec5790f036f6e3e70173776000",
2026-10-05T06:22:43.8067149Z         "19e14cdf9ace273cbb5f6b5969a1eb591ddbe5301914349a133a112c7321e254",
2026-10-05T06:22:43.8068069Z         "6a1af0604e321f6a6c02c08ab60e2d9f53a5cd40eb096efb8d03d0cd8ba016e5",
2026-10-05T06:22:43.8068993Z         "971a556d013740a6e4e9972f6988ae931fd3531cf7a7447d5ab6db2509251017",
2026-10-05T06:22:43.8069865Z         "715059ba9e3d79f3bc9b950c77eb00f717141b35e486e22a3c608de45b7874b3",
2026-10-05T06:22:43.8070776Z         "4ab2787ffa1c873b04230cbace289498c3c7d3e89496971d937693bed9c601ae",
2026-10-05T06:22:43.8071691Z         "0bf669f94e348bea9842c1d0d7c5bc2be0e417b56b68c2556ebdb9c75c47d111",
2026-10-05T06:22:43.8072606Z         "270ac04b6871f9f3a75ad38f0eaee1a50ac8c2b2ac006dcd74e39a7be5f3afda",
2026-10-05T06:22:43.8073607Z         "1ea68a1d55596bded7255ddbfeb8f105577f5809ff2dc554ce81aac59e6d0a75",
2026-10-05T06:22:43.8074687Z         "832d65a992b736348c7279d21e5d0117059bde0fc56faf8a50e741be249ba831",
2026-10-05T06:22:43.8075596Z         "d425f93948065e16a0642e3cb61b10153634aedd0ec073ba9ccc85fef456ceae",
2026-10-05T06:22:43.8076825Z         "80b3b1b22fd7becd894b8d3535449278dc9a222ac4627d5b19ba7c01098f804f",
2026-10-05T06:22:43.8077790Z         "5cf54347fa6e3799f72e56bc9edbf1f6b1ac3bec6597b472d521da4521bfdade",
2026-10-05T06:22:43.8078725Z         "bc6238f2087a6a1f61cab7b80c2c7a1db57b00cf58daa3801d8bf92353111496"
2026-10-05T06:22:43.8079367Z       ]
2026-10-05T06:22:43.8079666Z     },
2026-10-05T06:22:43.8079963Z     {
2026-10-05T06:22:43.8080500Z       "source": "packages/core/tests/unit/comments/ranking.test.ts",
2026-10-05T06:22:43.8081104Z       "declarations": 8,
2026-10-05T06:22:43.8081497Z       "expects": 14,
2026-10-05T06:22:43.8081873Z       "elements": 0,
2026-10-05T06:22:43.8082239Z       "callbackSha256": [
2026-10-05T06:22:43.8083081Z         "3bbe9c689a18bc080c750c203e0e741cef9b2c9949dd9253751273bf39ccb8c7",
2026-10-05T06:22:43.8084013Z         "5b85122f289bd637ceb7bd4b7323b70bc6a3f5d1c1a7064d84b175669a7b9333",
2026-10-05T06:22:43.8085107Z         "4c780ac86d604b40565022ed85ad750b3b1915cdbd35b9c8d9361e38ef567e1a",
2026-10-05T06:22:43.8086013Z         "30009ade89fd200a7e00d7f5fe658a042291b492a885f5998375889102e60961",
2026-10-05T06:22:43.8086894Z         "6b76c9c17695c7066a080f96703708a9099160da574884c4d38c25ef6f506d5f",
2026-10-05T06:22:43.8087780Z         "2a8fe02c809a1895cf2ffc2fa5ec6e6949af36a02135c3af6f6611595e0385fb",
2026-10-05T06:22:43.8088696Z         "5d3a2a8d14760c46def49d1731d1ab8edf97994c6c8e053b7834a7b566af22c7",
2026-10-05T06:22:43.8089598Z         "72078f3b746adcbb194a0e6f413d7e4370827423a4fccb2d366dda47faa10e4d"
2026-10-05T06:22:43.8090232Z       ]
2026-10-05T06:22:43.8090524Z     },
2026-10-05T06:22:43.8090824Z     {
2026-10-05T06:22:43.8091348Z       "source": "packages/core/tests/unit/comments/turnstile.test.ts",
2026-10-05T06:22:43.8091971Z       "declarations": 1,
2026-10-05T06:22:43.8092354Z       "expects": 3,
2026-10-05T06:22:43.8092706Z       "elements": 0,
2026-10-05T06:22:43.8093069Z       "callbackSha256": [
2026-10-05T06:22:43.8093733Z         "4d972e8fc5abfd1010b9eeb4ae5c3369a16ae6a769edabf57f831cf4c41c76a0"
2026-10-05T06:22:43.8094588Z       ]
2026-10-05T06:22:43.8094898Z     },
2026-10-05T06:22:43.8095186Z     {
2026-10-05T06:22:43.8095673Z       "source": "packages/core/tests/unit/api/csrf.test.ts",
2026-10-05T06:22:43.8096250Z       "declarations": 17,
2026-10-05T06:22:43.8096633Z       "expects": 25,
2026-10-05T06:22:43.8096995Z       "elements": 0,
2026-10-05T06:22:43.8097362Z       "callbackSha256": [
2026-10-05T06:22:43.8097982Z         "17383e7001416411c23116b6913f77c7d022432503f6064e3639304504b78d7c",
2026-10-05T06:22:43.8098853Z         "a7693d9465e9afb288f8d766fa162628b59f1f74b0236e4123d2638d53172cb9",
2026-10-05T06:22:43.8099772Z         "d0c9fbb247b10828af5b3775d6c4d2b274b99618aae8017afc4af9d525989857",
2026-10-05T06:22:43.8100675Z         "7c4b404412dcce14e3d630a8c5d542e0e38b5866dfb42de1b1ef71e2e557013a",
2026-10-05T06:22:43.8101573Z         "25a5d5f36506200295c916dd7b5f8b28ad420684603724abb9e01ee02a066c46",
2026-10-05T06:22:43.8102475Z         "d1e645fe8b3b0c80421eb077b60bb59e9d897dfb9e188a19a45e276ca139e291",
2026-10-05T06:22:43.8103375Z         "a3f50633837fb063e2f982b7500312cf83d65f25ab50f627e0cfe5608167afb2",
2026-10-05T06:22:43.8104281Z         "026798f7203ecb4ad84f37359e1e3b3438ae7bb2dd7a260af81eb3bdcc6d57a8",
2026-10-05T06:22:43.8105375Z         "ea3096ee0faca24142c89f27a0ea0e8979742b4e6f79e8cff4a18c47f099f537",
2026-10-05T06:22:43.8106296Z         "d13e951fd6b65d4aee5eb492cc53b211e8e289f55f1e869bc25ed5b1faab178d",
2026-10-05T06:22:43.8107218Z         "b256a3879b1bc7f6ac8c7825b946b01bf9b40fabb12f42298a2a30123997447c",
2026-10-05T06:22:43.8108103Z         "96b6842a048a15570a3156a9d0e3184eb495a8e5919888befe7f779970b25f07",
2026-10-05T06:22:43.8108981Z         "f691e663df54558107f096131026662eead28298028399cfaf917bd9161ee99a",
2026-10-05T06:22:43.8109868Z         "039428031cbf3c3a6ac801812b1e241a3fd2b4828c989afa941a7577966bd4de",
2026-10-05T06:22:43.8110764Z         "111973d312f31dc6c2286dba1be1549c45d36fbbd866cc43ea6937f31af58d6f",
2026-10-05T06:22:43.8111908Z         "ce67559c173653ac6feb92a372ec1f3cc58bce78a88a8b5e68bc7e9bb78b5538",
2026-10-05T06:22:43.8112832Z         "62892c7e293a0fd7de52cb5c7c8550576ab9c8fc25050ec88230cc85bef5ff59"
2026-10-05T06:22:43.8113478Z       ]
2026-10-05T06:22:43.8113779Z     }
2026-10-05T06:22:43.8114080Z   ]
2026-10-05T06:22:43.8114576Z }
2026-10-05T06:22:44.6786567Z 
2026-10-05T06:22:44.6790817Z [1m[30m[46m RUN [49m[39m[22m [36mv4.1.10 [39m[90m/home/runner/work/cms/cms[39m
2026-10-05T06:22:44.6791407Z 
2026-10-05T06:22:44.7748844Z [2m6:22:44 AM[22m [36m[1m[vite][22m[39m [90m[2m(client)[22m[39m Re-optimizing dependencies because vite config has changed
2026-10-05T06:22:44.7757588Z [2m6:22:44 AM[22m [36m[1m[vite][22m[39m [34m[2m(ssr)[22m[39m Re-optimizing dependencies because vite config has changed
2026-10-05T06:22:45.3771288Z 2026-10-05T06:22:45.373Z pw:browser <launching> /home/runner/.cache/ms-playwright/chromium_headless_shell-1243/chrome-headless-shell-linux64/chrome-headless-shell --disable-field-trial-config --disable-background-networking --disable-background-timer-throttling --disable-backgrounding-occluded-windows --disable-back-forward-cache --disable-breakpad --disable-client-side-phishing-detection --disable-component-extensions-with-background-pages --disable-component-update --no-default-browser-check --disable-default-apps --disable-dev-shm-usage --disable-edgeupdater --disable-extensions --disable-features=AvoidUnnecessaryBeforeUnloadCheckSync,DestroyProfileOnBrowserClose,DialMediaRouteProvider,GlobalMediaControls,HttpsUpgrades,LensOverlay,MediaRouter,PaintHolding,ThirdPartyStoragePartitioning,BlockOriginHeaderModificationOnRedirect,Translate,AutoDeElevate,OptimizationHints,msForceBrowserSignIn,msEdgeUpdateLaunchServicesPreferredVersion --enable-features=CDPScreenshotNewSurface --allow-pre-commit-input --disable-hang-monitor --disable-ipc-flooding-protection --disable-popup-blocking --disable-prompt-on-repost --disable-renderer-backgrounding --disable-updater-scheduler --force-color-profile=srgb --metrics-recording-only --no-first-run --password-store=basic --use-mock-keychain --no-service-autorun --export-tagged-pdf --disable-search-engine-choice-screen --unsafely-disable-devtools-self-xss-warnings --edge-skip-compat-layer-relaunch --disable-infobars --disable-search-engine-choice-screen --disable-sync --enable-unsafe-swiftshader --headless --hide-scrollbars --mute-audio --blink-settings=primaryHoverType=2,availableHoverTypes=2,primaryPointerType=4,availablePointerTypes=4 --user-data-dir=/tmp/playwright_chromiumdev_profile-PN3dGX --remote-debugging-pipe --no-startup-window
2026-10-05T06:22:45.3826516Z 2026-10-05T06:22:45.382Z pw:browser <launched> pid=3703
2026-10-05T06:22:45.4412003Z 2026-10-05T06:22:45.440Z pw:browser [pid=3703][err] [1005/062245.438246:ERROR:dbus/bus.cc:405] Failed to connect to the bus: Could not parse server address: Unknown address type (examples of valid types are "tcp" and on UNIX "unix")
2026-10-05T06:22:45.4537056Z 2026-10-05T06:22:45.452Z pw:browser [pid=3703][err] [1005/062245.452235:ERROR:dbus/object_proxy.cc:572] Failed to call method: org.freedesktop.DBus.NameHasOwner: object_path= /org/freedesktop/DBus: unknown error type: 
2026-10-05T06:22:45.4578705Z 2026-10-05T06:22:45.457Z pw:browser [pid=3703][err] [1005/062245.456532:ERROR:dbus/bus.cc:405] Failed to connect to the bus: Could not parse server address: Unknown address type (examples of valid types are "tcp" and on UNIX "unix")
2026-10-05T06:22:45.4616875Z 2026-10-05T06:22:45.457Z pw:browser [pid=3703][err] [1005/062245.456581:ERROR:dbus/object_proxy.cc:572] Failed to call method: org.freedesktop.DBus.NameHasOwner: object_path= /org/freedesktop/DBus: unknown error type: 
2026-10-05T06:22:45.4619838Z 2026-10-05T06:22:45.460Z pw:browser [pid=3703][err] [1005/062245.459294:WARNING:media/gpu/vaapi/vaapi_wrapper.cc:1660] drmGetDevices2() has not found any devices
2026-10-05T06:22:45.4654879Z 2026-10-05T06:22:45.465Z pw:browser [pid=3703][err] [1005/062245.464111:WARNING:sandbox/policy/linux/sandbox_linux.cc:405] InitializeSandbox() called with multiple threads in process gpu-process.
2026-10-05T06:22:45.8436728Z 2026-10-05T06:22:45.843Z pw:browser [pid=3703][err] [1005/062245.843206:INFO:CONSOLE:934] "[vite] connecting...", source: http://localhost:63315/@vite/client (934)
2026-10-05T06:22:45.8504112Z 2026-10-05T06:22:45.850Z pw:browser [pid=3703][err] [1005/062245.849714:INFO:CONSOLE:1045] "[vite] connected.", source: http://localhost:63315/@vite/client (1045)
2026-10-05T06:22:45.9110720Z 2026-10-05T06:22:45.909Z pw:browser [pid=3703][err] [1005/062245.896643:INFO:CONSOLE:934] "[vite] connecting...", source: http://localhost:63315/@vite/client (934)
2026-10-05T06:22:45.9227739Z 2026-10-05T06:22:45.922Z pw:browser [pid=3703][err] [1005/062245.918014:INFO:CONSOLE:1045] "[vite] connected.", source: http://localhost:63315/@vite/client (1045)
2026-10-05T06:22:46.8491583Z  [32m✓[39m [30m[43m chromium [49m[39m tests/comments-source/packages/admin/tests/components/CommentInbox.test.tsx [2m([22m[2m4 tests[22m[2m)[22m[32m 268[2mms[22m[39m
2026-10-05T06:22:46.8523650Z 
2026-10-05T06:22:46.8528138Z [2m Test Files [22m [1m[32m1 passed[39m[22m[90m (1)[39m
2026-10-05T06:22:46.8529231Z [2m      Tests [22m [1m[32m4 passed[39m[22m[90m (4)[39m
2026-10-05T06:22:46.8530049Z [2m   Start at [22m 06:22:44
2026-10-05T06:22:46.8531273Z [2m   Duration [22m 2.17s[2m (transform 0ms, setup 0ms, import 427ms, tests 268ms, environment 0ms)[22m
2026-10-05T06:22:46.8532851Z 
2026-10-05T06:22:46.8616630Z 2026-10-05T06:22:46.860Z pw:browser [pid=3703][err] [1005/062246.855709:INFO:CONSOLE:1080] "[vite] server connection lost. Polling for restart...", source: http://localhost:63315/@vite/client (1080)
2026-10-05T06:22:46.8620251Z 2026-10-05T06:22:46.860Z pw:browser [pid=3703][err] [1005/062246.857307:INFO:CONSOLE:1211] "[vite] server connection lost. Polling for restart...", source: http://localhost:63315/__vitest_browser__/tester-BJtsJFpD.js (1211)
2026-10-05T06:22:46.8733862Z 2026-10-05T06:22:46.873Z pw:browser [pid=3703] <gracefully close start>
2026-10-05T06:22:46.8954039Z 2026-10-05T06:22:46.895Z pw:browser [pid=3703] <process did exit: exitCode=0, signal=null>
2026-10-05T06:22:46.8955572Z 2026-10-05T06:22:46.895Z pw:browser [pid=3703] starting temporary directories cleanup
2026-10-05T06:22:46.8986151Z 2026-10-05T06:22:46.898Z pw:browser [pid=3703] finished temporary directories cleanup
2026-10-05T06:22:46.8987118Z 2026-10-05T06:22:46.898Z pw:browser [pid=3703] <gracefully close end>
2026-10-05T06:22:46.9466676Z ##[group]Run timeout --kill-after=30s 180s pnpm test:content-picker-browser-source
2026-10-05T06:22:46.9467310Z [36;1mtimeout --kill-after=30s 180s pnpm test:content-picker-browser-source[0m
2026-10-05T06:22:46.9541134Z shell: /usr/bin/bash -e {0}
2026-10-05T06:22:46.9541382Z env:
2026-10-05T06:22:46.9541639Z   PNPM_HOME: /home/runner/setup-pnpm/node_modules/.bin
2026-10-05T06:22:46.9541962Z   DEBUG: pw:browser
2026-10-05T06:22:46.9542186Z ##[endgroup]
2026-10-05T06:22:46.9831800Z $ node scripts/check-content-picker-source.mjs && vitest run --config vitest.content-picker-browser.config.ts
2026-10-05T06:22:47.3108894Z {"pin":"913cb1bb9b7f08c3ff0d258b4420e53835b6a58e","authorities":31,"wholeTests":4,"testDeclarations":22,"expectExpressions":25,"productTestsRun":0}
2026-10-05T06:22:48.1725286Z 
2026-10-05T06:22:48.1729805Z [1m[30m[46m RUN [49m[39m[22m [36mv4.1.10 [39m[90m/home/runner/work/cms/cms[39m
2026-10-05T06:22:48.1730428Z 
2026-10-05T06:22:48.2757252Z [2m6:22:48 AM[22m [36m[1m[vite][22m[39m [90m[2m(client)[22m[39m Re-optimizing dependencies because vite config has changed
2026-10-05T06:22:48.2767948Z [2m6:22:48 AM[22m [36m[1m[vite][22m[39m [34m[2m(ssr)[22m[39m Re-optimizing dependencies because vite config has changed
2026-10-05T06:22:48.8722825Z 2026-10-05T06:22:48.868Z pw:browser <launching> /home/runner/.cache/ms-playwright/chromium_headless_shell-1243/chrome-headless-shell-linux64/chrome-headless-shell --disable-field-trial-config --disable-background-networking --disable-background-timer-throttling --disable-backgrounding-occluded-windows --disable-back-forward-cache --disable-breakpad --disable-client-side-phishing-detection --disable-component-extensions-with-background-pages --disable-component-update --no-default-browser-check --disable-default-apps --disable-dev-shm-usage --disable-edgeupdater --disable-extensions --disable-features=AvoidUnnecessaryBeforeUnloadCheckSync,DestroyProfileOnBrowserClose,DialMediaRouteProvider,GlobalMediaControls,HttpsUpgrades,LensOverlay,MediaRouter,PaintHolding,ThirdPartyStoragePartitioning,BlockOriginHeaderModificationOnRedirect,Translate,AutoDeElevate,OptimizationHints,msForceBrowserSignIn,msEdgeUpdateLaunchServicesPreferredVersion --enable-features=CDPScreenshotNewSurface --allow-pre-commit-input --disable-hang-monitor --disable-ipc-flooding-protection --disable-popup-blocking --disable-prompt-on-repost --disable-renderer-backgrounding --disable-updater-scheduler --force-color-profile=srgb --metrics-recording-only --no-first-run --password-store=basic --use-mock-keychain --no-service-autorun --export-tagged-pdf --disable-search-engine-choice-screen --unsafely-disable-devtools-self-xss-warnings --edge-skip-compat-layer-relaunch --disable-infobars --disable-search-engine-choice-screen --disable-sync --enable-unsafe-swiftshader --headless --hide-scrollbars --mute-audio --blink-settings=primaryHoverType=2,availableHoverTypes=2,primaryPointerType=4,availablePointerTypes=4 --user-data-dir=/tmp/playwright_chromiumdev_profile-29GDkU --remote-debugging-pipe --no-startup-window
2026-10-05T06:22:48.8805460Z 2026-10-05T06:22:48.879Z pw:browser <launched> pid=3830
2026-10-05T06:22:48.9471129Z 2026-10-05T06:22:48.946Z pw:browser [pid=3830][err] [1005/062248.945308:ERROR:dbus/bus.cc:405] Failed to connect to the bus: Could not parse server address: Unknown address type (examples of valid types are "tcp" and on UNIX "unix")
2026-10-05T06:22:48.9607638Z 2026-10-05T06:22:48.960Z pw:browser [pid=3830][err] [1005/062248.960211:ERROR:dbus/object_proxy.cc:572] Failed to call method: org.freedesktop.DBus.NameHasOwner: object_path= /org/freedesktop/DBus: unknown error type: 
2026-10-05T06:22:48.9620343Z 2026-10-05T06:22:48.961Z pw:browser [pid=3830][err] [1005/062248.961664:ERROR:dbus/bus.cc:405] Failed to connect to the bus: Could not parse server address: Unknown address type (examples of valid types are "tcp" and on UNIX "unix")
2026-10-05T06:22:48.9650484Z 2026-10-05T06:22:48.964Z pw:browser [pid=3830][err] [1005/062248.964288:WARNING:media/gpu/vaapi/vaapi_wrapper.cc:1660] drmGetDevices2() has not found any devices
2026-10-05T06:22:48.9696550Z 2026-10-05T06:22:48.968Z pw:browser [pid=3830][err] [1005/062248.968489:ERROR:dbus/object_proxy.cc:572] Failed to call method: org.freedesktop.DBus.NameHasOwner: object_path= /org/freedesktop/DBus: unknown error type: 
2026-10-05T06:22:48.9729875Z 2026-10-05T06:22:48.970Z pw:browser [pid=3830][err] [1005/062248.969736:WARNING:sandbox/policy/linux/sandbox_linux.cc:405] InitializeSandbox() called with multiple threads in process gpu-process.
2026-10-05T06:22:49.3461894Z 2026-10-05T06:22:49.345Z pw:browser [pid=3830][err] [1005/062249.345533:INFO:CONSOLE:934] "[vite] connecting...", source: http://localhost:63315/@vite/client (934)
2026-10-05T06:22:49.3527808Z 2026-10-05T06:22:49.352Z pw:browser [pid=3830][err] [1005/062249.352154:INFO:CONSOLE:1045] "[vite] connected.", source: http://localhost:63315/@vite/client (1045)
2026-10-05T06:22:49.4078475Z 2026-10-05T06:22:49.407Z pw:browser [pid=3830][err] [1005/062249.391339:INFO:CONSOLE:934] "[vite] connecting...", source: http://localhost:63315/@vite/client (934)
2026-10-05T06:22:49.4166271Z 2026-10-05T06:22:49.415Z pw:browser [pid=3830][err] [1005/062249.412562:INFO:CONSOLE:1045] "[vite] connected.", source: http://localhost:63315/@vite/client (1045)
2026-10-05T06:22:50.2559655Z  [32m✓[39m [30m[43m chromium [49m[39m parity/emdash/content-picker-source/upstream/packages/admin/tests/components/ContentPickerModal.test.tsx [2m([22m[2m3 tests[22m[2m)[22m[32m 68[2mms[22m[39m
2026-10-05T06:22:50.2589421Z 
2026-10-05T06:22:50.2592663Z [2m Test Files [22m [1m[32m1 passed[39m[22m[90m (1)[39m
2026-10-05T06:22:50.2593335Z [2m      Tests [22m [1m[32m3 passed[39m[22m[90m (3)[39m
2026-10-05T06:22:50.2593776Z [2m   Start at [22m 06:22:48
2026-10-05T06:22:50.2595899Z [2m   Duration [22m 2.08s[2m (transform 0ms, setup 171ms, import 361ms, tests 68ms, environment 0ms)[22m
2026-10-05T06:22:50.2597613Z 
2026-10-05T06:22:50.2684083Z 2026-10-05T06:22:50.266Z pw:browser [pid=3830][err] [1005/062250.261951:INFO:CONSOLE:1080] "[vite] server connection lost. Polling for restart...", source: http://localhost:63315/@vite/client (1080)
2026-10-05T06:22:50.2700548Z 2026-10-05T06:22:50.266Z pw:browser [pid=3830][err] [1005/062250.263893:INFO:CONSOLE:1211] "[vite] server connection lost. Polling for restart...", source: http://localhost:63315/__vitest_browser__/tester-BJtsJFpD.js (1211)
2026-10-05T06:22:50.2791777Z 2026-10-05T06:22:50.278Z pw:browser [pid=3830] <gracefully close start>
2026-10-05T06:22:50.2975999Z 2026-10-05T06:22:50.297Z pw:browser [pid=3830] <process did exit: exitCode=0, signal=null>
2026-10-05T06:22:50.2977441Z 2026-10-05T06:22:50.297Z pw:browser [pid=3830] starting temporary directories cleanup
2026-10-05T06:22:50.3010573Z 2026-10-05T06:22:50.300Z pw:browser [pid=3830] finished temporary directories cleanup
2026-10-05T06:22:50.3011598Z 2026-10-05T06:22:50.300Z pw:browser [pid=3830] <gracefully close end>
2026-10-05T06:22:50.3542363Z ##[group]Run timeout --kill-after=30s 180s pnpm test:schema-admin-ui-browser
2026-10-05T06:22:50.3542957Z [36;1mtimeout --kill-after=30s 180s pnpm test:schema-admin-ui-browser[0m
2026-10-05T06:22:50.3614230Z shell: /usr/bin/bash -e {0}
2026-10-05T06:22:50.3614844Z env:
2026-10-05T06:22:50.3615114Z   PNPM_HOME: /home/runner/setup-pnpm/node_modules/.bin
2026-10-05T06:22:50.3615443Z   DEBUG: pw:browser
2026-10-05T06:22:50.3615652Z ##[endgroup]
2026-10-05T06:22:50.3906269Z $ node scripts/check-schema-admin-ui-source.mjs && vitest run --config vitest.schema-admin-ui-browser.config.ts
2026-10-05T06:22:50.4253510Z Four whole immutable Source schema UI files are byte-exact; 138 declarations retained.
2026-10-05T06:22:51.2745268Z 
2026-10-05T06:22:51.2748767Z [1m[30m[46m RUN [49m[39m[22m [36mv4.1.10 [39m[90m/home/runner/work/cms/cms[39m
2026-10-05T06:22:51.2749115Z 
2026-10-05T06:22:51.3647801Z [2m6:22:51 AM[22m [36m[1m[vite][22m[39m [90m[2m(client)[22m[39m Re-optimizing dependencies because vite config has changed
2026-10-05T06:22:51.3657352Z [2m6:22:51 AM[22m [36m[1m[vite][22m[39m [34m[2m(ssr)[22m[39m Re-optimizing dependencies because vite config has changed
2026-10-05T06:22:52.0272309Z 2026-10-05T06:22:52.023Z pw:browser <launching> /home/runner/.cache/ms-playwright/chromium_headless_shell-1243/chrome-headless-shell-linux64/chrome-headless-shell --disable-field-trial-config --disable-background-networking --disable-background-timer-throttling --disable-backgrounding-occluded-windows --disable-back-forward-cache --disable-breakpad --disable-client-side-phishing-detection --disable-component-extensions-with-background-pages --disable-component-update --no-default-browser-check --disable-default-apps --disable-dev-shm-usage --disable-edgeupdater --disable-extensions --disable-features=AvoidUnnecessaryBeforeUnloadCheckSync,DestroyProfileOnBrowserClose,DialMediaRouteProvider,GlobalMediaControls,HttpsUpgrades,LensOverlay,MediaRouter,PaintHolding,ThirdPartyStoragePartitioning,BlockOriginHeaderModificationOnRedirect,Translate,AutoDeElevate,OptimizationHints,msForceBrowserSignIn,msEdgeUpdateLaunchServicesPreferredVersion --enable-features=CDPScreenshotNewSurface --allow-pre-commit-input --disable-hang-monitor --disable-ipc-flooding-protection --disable-popup-blocking --disable-prompt-on-repost --disable-renderer-backgrounding --disable-updater-scheduler --force-color-profile=srgb --metrics-recording-only --no-first-run --password-store=basic --use-mock-keychain --no-service-autorun --export-tagged-pdf --disable-search-engine-choice-screen --unsafely-disable-devtools-self-xss-warnings --edge-skip-compat-layer-relaunch --disable-infobars --disable-search-engine-choice-screen --disable-sync --enable-unsafe-swiftshader --headless --hide-scrollbars --mute-audio --blink-settings=primaryHoverType=2,availableHoverTypes=2,primaryPointerType=4,availablePointerTypes=4 --user-data-dir=/tmp/playwright_chromiumdev_profile-v1Vuyp --remote-debugging-pipe --no-startup-window
2026-10-05T06:22:52.0355636Z 2026-10-05T06:22:52.035Z pw:browser <launched> pid=3954
2026-10-05T06:22:52.0920683Z 2026-10-05T06:22:52.091Z pw:browser [pid=3954][err] [1005/062252.089436:ERROR:dbus/bus.cc:405] Failed to connect to the bus: Could not parse server address: Unknown address type (examples of valid types are "tcp" and on UNIX "unix")
2026-10-05T06:22:52.1078091Z 2026-10-05T06:22:52.104Z pw:browser [pid=3954][err] [1005/062252.102943:ERROR:dbus/object_proxy.cc:572] Failed to call method: org.freedesktop.DBus.NameHasOwner: object_path= /org/freedesktop/DBus: unknown error type: 
2026-10-05T06:22:52.1107330Z 2026-10-05T06:22:52.105Z pw:browser [pid=3954][err] [1005/062252.103391:ERROR:dbus/bus.cc:405] Failed to connect to the bus: Could not parse server address: Unknown address type (examples of valid types are "tcp" and on UNIX "unix")
2026-10-05T06:22:52.1126491Z 2026-10-05T06:22:52.112Z pw:browser [pid=3954][err] [1005/062252.110348:WARNING:media/gpu/vaapi/vaapi_wrapper.cc:1660] drmGetDevices2() has not found any devices
2026-10-05T06:22:52.1159878Z 2026-10-05T06:22:52.112Z pw:browser [pid=3954][err] [1005/062252.110783:ERROR:dbus/object_proxy.cc:572] Failed to call method: org.freedesktop.DBus.NameHasOwner: object_path= /org/freedesktop/DBus: unknown error type: 
2026-10-05T06:22:52.1163798Z 2026-10-05T06:22:52.112Z pw:browser [pid=3954][err] [1005/062252.112623:WARNING:sandbox/policy/linux/sandbox_linux.cc:405] InitializeSandbox() called with multiple threads in process gpu-process.
2026-10-05T06:22:52.4895528Z 2026-10-05T06:22:52.489Z pw:browser [pid=3954][err] [1005/062252.489084:INFO:CONSOLE:934] "[vite] connecting...", source: http://localhost:63315/@vite/client (934)
2026-10-05T06:22:52.4972646Z 2026-10-05T06:22:52.497Z pw:browser [pid=3954][err] [1005/062252.496642:INFO:CONSOLE:1045] "[vite] connected.", source: http://localhost:63315/@vite/client (1045)
2026-10-05T06:22:52.5401943Z 2026-10-05T06:22:52.539Z pw:browser [pid=3954][err] [1005/062252.536883:INFO:CONSOLE:934] "[vite] connecting...", source: http://localhost:63315/@vite/client (934)
2026-10-05T06:22:52.5571469Z 2026-10-05T06:22:52.556Z pw:browser [pid=3954][err] [1005/062252.542481:INFO:CONSOLE:1045] "[vite] connected.", source: http://localhost:63315/@vite/client (1045)
2026-10-05T06:22:54.2149988Z 2026-10-05T06:22:54.214Z pw:browser [pid=3954][err] [1005/062254.214360:INFO:CONSOLE:1222] "Attempted to synchronously unmount a root while React was already rendering. React cannot finish unmounting the root until the current render has completed, which may lead to a race condition.", source: http://localhost:63315/__vitest_browser__/tester-BJtsJFpD.js (1222)
2026-10-05T06:22:54.2160080Z [90mstderr[2m | parity/emdash/schema-admin-ui-source/packages/admin/tests/components/ContentTypeEditor.test.tsx[2m > [22m[2mContentTypeEditor[2m > [22m[2mcalls onDeleteField when delete is confirmed via dialog
2026-10-05T06:22:54.2162841Z [22m[39mAttempted to synchronously unmount a root while React was already rendering. React cannot finish unmounting the root until the current render has completed, which may lead to a race condition.
2026-10-05T06:22:55.8917507Z  [32m✓[39m [30m[43m chromium [49m[39m parity/emdash/schema-admin-ui-source/packages/admin/tests/components/ContentTypeEditor.test.tsx [2m([22m[2m54 tests[22m[2m)[22m[33m 2373[2mms[22m[39m
2026-10-05T06:22:55.9309106Z 2026-10-05T06:22:55.930Z pw:browser [pid=3954][err] [1005/062255.928900:INFO:CONSOLE:934] "[vite] connecting...", source: http://localhost:63315/@vite/client (934)
2026-10-05T06:22:55.9403210Z 2026-10-05T06:22:55.940Z pw:browser [pid=3954][err] [1005/062255.939553:INFO:CONSOLE:1045] "[vite] connected.", source: http://localhost:63315/@vite/client (1045)
2026-10-05T06:22:57.3427928Z  [32m✓[39m [30m[43m chromium [49m[39m parity/emdash/schema-admin-ui-source/packages/admin/tests/components/FieldEditor.test.tsx [2m([22m[2m58 tests[22m[2m)[22m[33m 1072[2mms[22m[39m
2026-10-05T06:22:57.3788346Z 2026-10-05T06:22:57.378Z pw:browser [pid=3954][err] [1005/062257.378227:INFO:CONSOLE:934] "[vite] connecting...", source: http://localhost:63315/@vite/client (934)
2026-10-05T06:22:57.3926816Z 2026-10-05T06:22:57.387Z pw:browser [pid=3954][err] [1005/062257.387404:INFO:CONSOLE:1045] "[vite] connected.", source: http://localhost:63315/@vite/client (1045)
2026-10-05T06:22:58.0016643Z  [32m✓[39m [30m[43m chromium [49m[39m parity/emdash/schema-admin-ui-source/packages/admin/tests/components/ContentTypeList.test.tsx [2m([22m[2m25 tests[22m[2m)[22m[33m 318[2mms[22m[39m
2026-10-05T06:22:58.0500698Z 2026-10-05T06:22:58.048Z pw:browser [pid=3954][err] [1005/062258.048256:INFO:CONSOLE:934] "[vite] connecting...", source: http://localhost:63315/@vite/client (934)
2026-10-05T06:22:58.0622155Z 2026-10-05T06:22:58.060Z pw:browser [pid=3954][err] [1005/062258.059341:INFO:CONSOLE:1045] "[vite] connected.", source: http://localhost:63315/@vite/client (1045)
2026-10-05T06:22:58.2750730Z  [32m✓[39m [30m[43m chromium [49m[39m parity/emdash/schema-admin-ui-source/packages/admin/tests/components/FieldEditor.blocks.test.tsx [2m([22m[2m1 test[22m[2m)[22m[32m 99[2mms[22m[39m
2026-10-05T06:22:58.2955979Z 2026-10-05T06:22:58.295Z pw:browser [pid=3954][err] [1005/062258.294247:INFO:CONSOLE:934] "[vite] connecting...", source: http://localhost:63315/@vite/client (934)
2026-10-05T06:22:58.3027757Z 2026-10-05T06:22:58.302Z pw:browser [pid=3954][err] [1005/062258.302157:INFO:CONSOLE:1045] "[vite] connected.", source: http://localhost:63315/@vite/client (1045)
2026-10-05T06:22:58.4288783Z  [32m✓[39m [30m[43m chromium [49m[39m tests/schema-admin-ui-browser/modal.test.tsx [2m([22m[2m1 test[22m[2m)[22m[32m 19[2mms[22m[39m
2026-10-05T06:22:58.4335680Z 
2026-10-05T06:22:58.4339475Z [2m Test Files [22m [1m[32m5 passed[39m[22m[90m (5)[39m
2026-10-05T06:22:58.4340714Z [2m      Tests [22m [1m[32m139 passed[39m[22m[90m (139)[39m
2026-10-05T06:22:58.4341475Z [2m   Start at [22m 06:22:51
2026-10-05T06:22:58.4343467Z [2m   Duration [22m 7.15s[2m (transform 0ms, setup 0ms, import 1.22s, tests 3.88s, environment 0ms)[22m
2026-10-05T06:22:58.4345778Z 
2026-10-05T06:22:58.4420479Z 2026-10-05T06:22:58.440Z pw:browser [pid=3954][err] [1005/062258.437235:INFO:CONSOLE:1080] "[vite] server connection lost. Polling for restart...", source: http://localhost:63315/@vite/client (1080)
2026-10-05T06:22:58.4423547Z 2026-10-05T06:22:58.440Z pw:browser [pid=3954][err] [1005/062258.438662:INFO:CONSOLE:1211] "[vite] server connection lost. Polling for restart...", source: http://localhost:63315/__vitest_browser__/tester-BJtsJFpD.js (1211)
2026-10-05T06:22:58.4530693Z 2026-10-05T06:22:58.452Z pw:browser [pid=3954] <gracefully close start>
2026-10-05T06:22:58.4914257Z 2026-10-05T06:22:58.491Z pw:browser [pid=3954] <process did exit: exitCode=0, signal=null>
2026-10-05T06:22:58.4916049Z 2026-10-05T06:22:58.491Z pw:browser [pid=3954] starting temporary directories cleanup
2026-10-05T06:22:58.4949665Z 2026-10-05T06:22:58.494Z pw:browser [pid=3954] finished temporary directories cleanup
2026-10-05T06:22:58.4950746Z 2026-10-05T06:22:58.494Z pw:browser [pid=3954] <gracefully close end>
2026-10-05T06:22:58.5508827Z ##[group]Run pnpm build
2026-10-05T06:22:58.5509119Z [36;1mpnpm build[0m
2026-10-05T06:22:58.5580810Z shell: /usr/bin/bash -e {0}
2026-10-05T06:22:58.5581079Z env:
2026-10-05T06:22:58.5581342Z   PNPM_HOME: /home/runner/setup-pnpm/node_modules/.bin
2026-10-05T06:22:58.5581671Z ##[endgroup]
2026-10-05T06:22:58.5862639Z $ vite build
2026-10-05T06:22:59.6015725Z [36mvite v8.3.2 [32mbuilding ssr environment for production...[36m[39m
2026-10-05T06:22:59.6153536Z transforming...
2026-10-05T06:23:00.6869614Z ✓ 661 modules transformed.
2026-10-05T06:23:00.7976875Z rendering chunks...
2026-10-05T06:23:02.1616637Z [36mvite v8.3.2 [32mbuilding client environment for production...[36m[39m
2026-10-05T06:23:02.1688655Z transforming...
2026-10-05T06:23:03.0323971Z ✓ 381 modules transformed.
2026-10-05T06:23:03.0758966Z rendering chunks...
2026-10-05T06:23:03.1222091Z computing gzip size...
2026-10-05T06:23:03.1229741Z .svelte-kit/output/client/_app/version.json                                      0.02 kB │ gzip:  0.04 kB
2026-10-05T06:23:03.1230615Z .svelte-kit/output/client/.vite/manifest.json                                   17.58 kB │ gzip:  2.03 kB
2026-10-05T06:23:03.1231468Z .svelte-kit/output/client/_app/immutable/assets/24.DrcXZYa3.css                  0.17 kB │ gzip:  0.13 kB
2026-10-05T06:23:03.1232357Z .svelte-kit/output/client/_app/immutable/assets/MenuDialog.CSb6g0e0.css          0.20 kB │ gzip:  0.17 kB
2026-10-05T06:23:03.1233226Z .svelte-kit/output/client/_app/immutable/assets/7.Dcp-D_B2.css                   0.22 kB │ gzip:  0.15 kB
2026-10-05T06:23:03.1234138Z .svelte-kit/output/client/_app/immutable/assets/25.gKqYElxg.css                  0.36 kB │ gzip:  0.22 kB
2026-10-05T06:23:03.1235734Z .svelte-kit/output/client/_app/immutable/assets/EditorForm.BHWZld0R.css          0.44 kB │ gzip:  0.23 kB
2026-10-05T06:23:03.1237356Z .svelte-kit/output/client/_app/immutable/assets/DraftPreview.fwW3PV90.css        0.48 kB │ gzip:  0.25 kB
2026-10-05T06:23:03.1238991Z .svelte-kit/output/client/_app/immutable/assets/19.CyTVIvfE.css                  0.54 kB │ gzip:  0.26 kB
2026-10-05T06:23:03.1240041Z .svelte-kit/output/client/_app/immutable/assets/9.CVJ5M564.css                   0.57 kB │ gzip:  0.29 kB
2026-10-05T06:23:03.1240881Z .svelte-kit/output/client/_app/immutable/assets/17.B4jjrLtW.css                  0.68 kB │ gzip:  0.31 kB
2026-10-05T06:23:03.1241715Z .svelte-kit/output/client/_app/immutable/assets/14.CccxuyKJ.css                  0.70 kB │ gzip:  0.35 kB
2026-10-05T06:23:03.1242583Z .svelte-kit/output/client/_app/immutable/assets/ContentTypeEditor.BP8dJX1x.css   1.57 kB │ gzip:  0.55 kB
2026-10-05T06:23:03.1243434Z .svelte-kit/output/client/_app/immutable/assets/18.DYOooGE9.css                  1.60 kB │ gzip:  0.40 kB
2026-10-05T06:23:03.1244276Z .svelte-kit/output/client/_app/immutable/assets/15.C1Ra8cmf.css                  2.18 kB │ gzip:  0.68 kB
2026-10-05T06:23:03.1245795Z .svelte-kit/output/client/_app/immutable/assets/16.CvGkr_1p.css                  2.27 kB │ gzip:  0.85 kB
2026-10-05T06:23:03.1246796Z .svelte-kit/output/client/_app/immutable/assets/admin.CSBm7Oz-.css               2.57 kB │ gzip:  0.88 kB
2026-10-05T06:23:03.1247914Z .svelte-kit/output/client/_app/immutable/assets/8.D2HNaFcR.css                   3.13 kB │ gzip:  0.93 kB
2026-10-05T06:23:03.1249324Z .svelte-kit/output/client/_app/immutable/assets/WorkspaceShell.CG4u5kwz.css     37.08 kB │ gzip:  5.01 kB
2026-10-05T06:23:03.1250550Z .svelte-kit/output/client/_app/immutable/chunks/CSzXaE2u.js                      0.02 kB │ gzip:  0.04 kB
2026-10-05T06:23:03.1253384Z [33m[33m[MODULE_LEVEL_DIRECTIVE] [0mThe semantics of the module level directive "use client" in "node_modules/.pnpm/@tanstack+react-query@5.90.21_react@19.3.0/node_modules/@tanstack/react-query/build/modern/useQuery.js" may not be preserved when bundling.
2026-10-05T06:23:03.1256700Z    [38;5;246m╭[0m[38;5;246m─[0m[38;5;246m[[0m node_modules/.pnpm/@tanstack+react-query@5.90.21_react@19.3.0/node_modules/@tanstack/react-query/build/modern/useQuery.js:1:1 [38;5;246m][0m
2026-10-05T06:23:03.1257853Z    [38;5;246m│[0m
2026-10-05T06:23:03.1258254Z  [38;5;246m1 │[0m "use client";
2026-10-05T06:23:03.1258766Z  [38;5;240m  │[0m ──────┬──────  
2026-10-05T06:23:03.1259241Z  [38;5;240m  │[0m       ╰──────── module level directive may not be preserved
2026-10-05T06:23:03.1259985Z  [38;5;240m  │[0m 
2026-10-05T06:23:03.1261150Z  [38;5;240m  │[0m [38;5;115mHelp[0m: For more information, see https://rolldown.rs/in-depth/directives#other-directives
2026-10-05T06:23:03.1262130Z [38;5;246m───╯[0m
2026-10-05T06:23:03.1262421Z [39m
2026-10-05T06:23:03.1264644Z [33m[33m[MODULE_LEVEL_DIRECTIVE] [0mThe semantics of the module level directive "use client" in "node_modules/.pnpm/@tanstack+react-query@5.90.21_react@19.3.0/node_modules/@tanstack/react-query/build/modern/useSuspenseInfiniteQuery.js" may not be preserved when bundling.
2026-10-05T06:23:03.1267323Z    [38;5;246m╭[0m[38;5;246m─[0m[38;5;246m[[0m node_modules/.pnpm/@tanstack+react-query@5.90.21_react@19.3.0/node_modules/@tanstack/react-query/build/modern/useSuspenseInfiniteQuery.js:1:1 [38;5;246m][0m
2026-10-05T06:23:03.1268604Z    [38;5;246m│[0m
2026-10-05T06:23:03.1268889Z  [38;5;246m1 │[0m "use client";
2026-10-05T06:23:03.1269209Z  [38;5;240m  │[0m ──────┬──────  
2026-10-05T06:23:03.1269657Z  [38;5;240m  │[0m       ╰──────── module level directive may not be preserved
2026-10-05T06:23:03.1270047Z  [38;5;240m  │[0m 
2026-10-05T06:23:03.1270680Z  [38;5;240m  │[0m [38;5;115mHelp[0m: For more information, see https://rolldown.rs/in-depth/directives#other-directives
2026-10-05T06:23:03.1271228Z [38;5;246m───╯[0m
2026-10-05T06:23:03.1271450Z [39m
2026-10-05T06:23:03.1272788Z [33m[33m[MODULE_LEVEL_DIRECTIVE] [0mThe semantics of the module level directive "use client" in "node_modules/.pnpm/@tanstack+react-query@5.90.21_react@19.3.0/node_modules/@tanstack/react-query/build/modern/useSuspenseQuery.js" may not be preserved when bundling.
2026-10-05T06:23:03.1274831Z    [38;5;246m╭[0m[38;5;246m─[0m[38;5;246m[[0m node_modules/.pnpm/@tanstack+react-query@5.90.21_react@19.3.0/node_modules/@tanstack/react-query/build/modern/useSuspenseQuery.js:1:1 [38;5;246m][0m
2026-10-05T06:23:03.1275615Z    [38;5;246m│[0m
2026-10-05T06:23:03.1275890Z  [38;5;246m1 │[0m "use client";
2026-10-05T06:23:03.1276198Z  [38;5;240m  │[0m ──────┬──────  
2026-10-05T06:23:03.1276632Z  [38;5;240m  │[0m       ╰──────── module level directive may not be preserved
2026-10-05T06:23:03.1277020Z  [38;5;240m  │[0m 
2026-10-05T06:23:03.1277629Z  [38;5;240m  │[0m [38;5;115mHelp[0m: For more information, see https://rolldown.rs/in-depth/directives#other-directives
2026-10-05T06:23:03.1278185Z [38;5;246m───╯[0m
2026-10-05T06:23:03.1278403Z [39m
2026-10-05T06:23:03.1279759Z [33m[33m[MODULE_LEVEL_DIRECTIVE] [0mThe semantics of the module level directive "use client" in "node_modules/.pnpm/@tanstack+react-query@5.90.21_react@19.3.0/node_modules/@tanstack/react-query/build/modern/useSuspenseQueries.js" may not be preserved when bundling.
2026-10-05T06:23:03.1281598Z    [38;5;246m╭[0m[38;5;246m─[0m[38;5;246m[[0m node_modules/.pnpm/@tanstack+react-query@5.90.21_react@19.3.0/node_modules/@tanstack/react-query/build/modern/useSuspenseQueries.js:1:1 [38;5;246m][0m
2026-10-05T06:23:03.1282369Z    [38;5;246m│[0m
2026-10-05T06:23:03.1282635Z  [38;5;246m1 │[0m "use client";
2026-10-05T06:23:03.1283226Z  [38;5;240m  │[0m ──────┬──────  
2026-10-05T06:23:03.1284105Z  [38;5;240m  │[0m       ╰──────── module level directive may not be preserved
2026-10-05T06:23:03.1285071Z  [38;5;240m  │[0m 
2026-10-05T06:23:03.1286243Z  [38;5;240m  │[0m [38;5;115mHelp[0m: For more information, see https://rolldown.rs/in-depth/directives#other-directives
2026-10-05T06:23:03.1287242Z [38;5;246m───╯[0m
2026-10-05T06:23:03.1287479Z [39m
2026-10-05T06:23:03.1288123Z .svelte-kit/output/client/_app/immutable/nodes/0.jeR0z0to.js                     0.06 kB │ gzip:  0.08 kB
2026-10-05T06:23:03.1289322Z .svelte-kit/output/client/_app/immutable/nodes/2.jeR0z0to.js                     0.06 kB │ gzip:  0.08 kB
2026-10-05T06:23:03.1290194Z .svelte-kit/output/client/_app/immutable/nodes/3.jeR0z0to.js                     0.06 kB │ gzip:  0.08 kB
2026-10-05T06:23:03.1291037Z .svelte-kit/output/client/_app/immutable/nodes/4.jeR0z0to.js                     0.06 kB │ gzip:  0.08 kB
2026-10-05T06:23:03.1291865Z .svelte-kit/output/client/_app/immutable/nodes/6.jeR0z0to.js                     0.06 kB │ gzip:  0.08 kB
2026-10-05T06:23:03.1292838Z .svelte-kit/output/client/_app/immutable/entry/start.B_8pYcFl.js                 0.08 kB │ gzip:  0.09 kB
2026-10-05T06:23:03.1293678Z .svelte-kit/output/client/_app/immutable/chunks/4UOtecw_.js                      0.10 kB │ gzip:  0.11 kB
2026-10-05T06:23:03.1294826Z .svelte-kit/output/client/_app/immutable/chunks/DAFmNtUq.js                      0.15 kB │ gzip:  0.14 kB
2026-10-05T06:23:03.1295692Z .svelte-kit/output/client/_app/immutable/chunks/DF85okE-.js                      0.15 kB │ gzip:  0.14 kB
2026-10-05T06:23:03.1296529Z .svelte-kit/output/client/_app/immutable/chunks/BeMOnYEs.js                      0.25 kB │ gzip:  0.19 kB
2026-10-05T06:23:03.1297358Z .svelte-kit/output/client/_app/immutable/chunks/D9zgq9zd.js                      0.29 kB │ gzip:  0.16 kB
2026-10-05T06:23:03.1298178Z .svelte-kit/output/client/_app/immutable/chunks/D_BX1BUI.js                      0.34 kB │ gzip:  0.19 kB
2026-10-05T06:23:03.1299486Z .svelte-kit/output/client/_app/immutable/nodes/1.CxkOlgQQ.js                     0.35 kB │ gzip:  0.26 kB
2026-10-05T06:23:03.1300933Z .svelte-kit/output/client/_app/immutable/chunks/DMwTHATq.js                      0.44 kB │ gzip:  0.21 kB
2026-10-05T06:23:03.1301776Z .svelte-kit/output/client/_app/immutable/nodes/5.CMsfTMqb.js                     0.47 kB │ gzip:  0.30 kB
2026-10-05T06:23:03.1302609Z .svelte-kit/output/client/_app/immutable/chunks/CVxkVKuJ.js                      0.66 kB │ gzip:  0.44 kB
2026-10-05T06:23:03.1303442Z .svelte-kit/output/client/_app/immutable/nodes/21.DRG0RIYK.js                    1.12 kB │ gzip:  0.68 kB
2026-10-05T06:23:03.1304272Z .svelte-kit/output/client/_app/immutable/chunks/Bjy-W4x2.js                      1.36 kB │ gzip:  0.65 kB
2026-10-05T06:23:03.1305483Z .svelte-kit/output/client/_app/immutable/chunks/DYqxRLhk.js                      1.51 kB │ gzip:  0.76 kB
2026-10-05T06:23:03.1306325Z .svelte-kit/output/client/_app/immutable/nodes/20.WUuuu1Zb.js                    1.80 kB │ gzip:  0.94 kB
2026-10-05T06:23:03.1307174Z .svelte-kit/output/client/_app/immutable/nodes/7.DL-HUM3g.js                     1.86 kB │ gzip:  1.03 kB
2026-10-05T06:23:03.1307997Z .svelte-kit/output/client/_app/immutable/chunks/COHpTB5h.js                      1.97 kB │ gzip:  0.75 kB
2026-10-05T06:23:03.1309043Z .svelte-kit/output/client/_app/immutable/chunks/C_aDlaWP.js                      2.82 kB │ gzip:  1.24 kB
2026-10-05T06:23:03.1309906Z .svelte-kit/output/client/_app/immutable/nodes/11.DzFI978h.js                    3.00 kB │ gzip:  1.36 kB
2026-10-05T06:23:03.1310826Z .svelte-kit/output/client/_app/immutable/nodes/24.BIDTNWFt.js                    3.07 kB │ gzip:  1.52 kB
2026-10-05T06:23:03.1311653Z .svelte-kit/output/client/_app/immutable/chunks/CAMG7shv.js                      3.17 kB │ gzip:  1.31 kB
2026-10-05T06:23:03.1312578Z .svelte-kit/output/client/_app/immutable/nodes/13.DRSjqKqx.js                    3.42 kB │ gzip:  1.64 kB
2026-10-05T06:23:03.1313481Z .svelte-kit/output/client/_app/immutable/chunks/CEhtMEE4.js                      3.52 kB │ gzip:  1.20 kB
2026-10-05T06:23:03.1314523Z .svelte-kit/output/client/_app/immutable/chunks/D-UoIpFq.js                      3.92 kB │ gzip:  1.20 kB
2026-10-05T06:23:03.1315550Z .svelte-kit/output/client/_app/immutable/nodes/9.BGRxnAQX.js                     4.32 kB │ gzip:  1.95 kB
2026-10-05T06:23:03.1316472Z .svelte-kit/output/client/_app/immutable/nodes/17.7h05dJHp.js                    5.34 kB │ gzip:  2.18 kB
2026-10-05T06:23:03.1317497Z .svelte-kit/output/client/_app/immutable/nodes/12.DE-UwqbR.js                    5.90 kB │ gzip:  1.99 kB
2026-10-05T06:23:03.1318440Z .svelte-kit/output/client/_app/immutable/nodes/23.CRSOwpHB.js                    5.90 kB │ gzip:  2.63 kB
2026-10-05T06:23:03.1319339Z .svelte-kit/output/client/_app/immutable/nodes/14.BFrqjbBS.js                    6.03 kB │ gzip:  2.53 kB
2026-10-05T06:23:03.1320169Z .svelte-kit/output/client/_app/immutable/nodes/10.Cs0ndMMC.js                    6.13 kB │ gzip:  2.22 kB
2026-10-05T06:23:03.1321234Z .svelte-kit/output/client/_app/immutable/nodes/25.koJ5kqua.js                    6.48 kB │ gzip:  2.65 kB
2026-10-05T06:23:03.1322062Z .svelte-kit/output/client/_app/immutable/nodes/19.BVkqX0ZE.js                    7.85 kB │ gzip:  3.25 kB
2026-10-05T06:23:03.1322982Z .svelte-kit/output/client/_app/immutable/nodes/22.mlkmn3_T.js                    8.09 kB │ gzip:  3.37 kB
2026-10-05T06:23:03.1323888Z .svelte-kit/output/client/_app/immutable/entry/app.DtPwlUJh.js                  10.81 kB │ gzip:  3.73 kB
2026-10-05T06:23:03.1325020Z .svelte-kit/output/client/_app/immutable/nodes/26.CF-gEUOT.js                   13.94 kB │ gzip:  5.15 kB
2026-10-05T06:23:03.1326739Z .svelte-kit/output/client/_app/immutable/chunks/BdbagTkW.js                     14.34 kB │ gzip:  5.41 kB
2026-10-05T06:23:03.1328685Z .svelte-kit/output/client/_app/immutable/nodes/16.DrJ4UQkQ.js                   14.47 kB │ gzip:  5.06 kB
2026-10-05T06:23:03.1329939Z .svelte-kit/output/client/_app/immutable/nodes/8.DOUa9CH0.js                    15.61 kB │ gzip:  5.39 kB
2026-10-05T06:23:03.1330925Z .svelte-kit/output/client/_app/immutable/chunks/MFRWBPrP.js                     16.72 kB │ gzip:  6.37 kB
2026-10-05T06:23:03.1331769Z .svelte-kit/output/client/_app/immutable/nodes/18.CEg0pLxh.js                   17.87 kB │ gzip:  4.94 kB
2026-10-05T06:23:03.1332694Z .svelte-kit/output/client/_app/immutable/chunks/CrbQxPQ1.js                     32.96 kB │ gzip: 13.32 kB
2026-10-05T06:23:03.1333620Z .svelte-kit/output/client/_app/immutable/chunks/CR6fzPOG.js                     39.37 kB │ gzip: 11.87 kB
2026-10-05T06:23:03.1334782Z .svelte-kit/output/client/_app/immutable/chunks/C9kIiDTK.js                     43.62 kB │ gzip: 15.98 kB
2026-10-05T06:23:03.1335759Z .svelte-kit/output/client/_app/immutable/nodes/15.DbS8Wtpu.js                   50.89 kB │ gzip: 15.85 kB
2026-10-05T06:23:03.1336612Z .svelte-kit/output/client/_app/immutable/chunks/Bl_xBNqa.js                     56.93 kB │ gzip: 21.59 kB
2026-10-05T06:23:03.1337084Z 
2026-10-05T06:23:03.1338482Z [33m[33m[MODULE_LEVEL_DIRECTIVE] [0mThe semantics of the module level directive "use client" in "node_modules/.pnpm/@tanstack+react-query@5.90.21_react@19.3.0/node_modules/@tanstack/react-query/build/modern/IsRestoringProvider.js" may not be preserved when bundling.
2026-10-05T06:23:03.1340331Z    [38;5;246m╭[0m[38;5;246m─[0m[38;5;246m[[0m node_modules/.pnpm/@tanstack+react-query@5.90.21_react@19.3.0/node_modules/@tanstack/react-query/build/modern/IsRestoringProvider.js:1:1 [38;5;246m][0m
2026-10-05T06:23:03.1341121Z    [38;5;246m│[0m
2026-10-05T06:23:03.1341404Z  [38;5;246m1 │[0m "use client";
2026-10-05T06:23:03.1341797Z  [38;5;240m  │[0m ──────┬──────  
2026-10-05T06:23:03.1342319Z  [38;5;240m  │[0m       ╰──────── module level directive may not be preserved
2026-10-05T06:23:03.1342700Z  [38;5;240m  │[0m 
2026-10-05T06:23:03.1343305Z  [38;5;240m  │[0m [38;5;115mHelp[0m: For more information, see https://rolldown.rs/in-depth/directives#other-directives
2026-10-05T06:23:03.1344175Z [38;5;246m───╯[0m
2026-10-05T06:23:03.1344657Z [39m
2026-10-05T06:23:03.1346236Z [33m[33m[MODULE_LEVEL_DIRECTIVE] [0mThe semantics of the module level directive "use client" in "node_modules/.pnpm/@tanstack+react-query@5.90.21_react@19.3.0/node_modules/@tanstack/react-query/build/modern/useIsFetching.js" may not be preserved when bundling.
2026-10-05T06:23:03.1348297Z    [38;5;246m╭[0m[38;5;246m─[0m[38;5;246m[[0m node_modules/.pnpm/@tanstack+react-query@5.90.21_react@19.3.0/node_modules/@tanstack/react-query/build/modern/useIsFetching.js:1:1 [38;5;246m][0m
2026-10-05T06:23:03.1349078Z    [38;5;246m│[0m
2026-10-05T06:23:03.1349351Z  [38;5;246m1 │[0m "use client";
2026-10-05T06:23:03.1349753Z  [38;5;240m  │[0m ──────┬──────  
2026-10-05T06:23:03.1350198Z  [38;5;240m  │[0m       ╰──────── module level directive may not be preserved
2026-10-05T06:23:03.1350618Z  [38;5;240m  │[0m 
2026-10-05T06:23:03.1351228Z  [38;5;240m  │[0m [38;5;115mHelp[0m: For more information, see https://rolldown.rs/in-depth/directives#other-directives
2026-10-05T06:23:03.1351788Z [38;5;246m───╯[0m
2026-10-05T06:23:03.1352003Z [39m
2026-10-05T06:23:03.1353336Z [33m[33m[MODULE_LEVEL_DIRECTIVE] [0mThe semantics of the module level directive "use client" in "node_modules/.pnpm/@tanstack+react-query@5.90.21_react@19.3.0/node_modules/@tanstack/react-query/build/modern/useMutationState.js" may not be preserved when bundling.
2026-10-05T06:23:03.1355354Z    [38;5;246m╭[0m[38;5;246m─[0m[38;5;246m[[0m node_modules/.pnpm/@tanstack+react-query@5.90.21_react@19.3.0/node_modules/@tanstack/react-query/build/modern/useMutationState.js:1:1 [38;5;246m][0m
2026-10-05T06:23:03.1356126Z    [38;5;246m│[0m
2026-10-05T06:23:03.1356392Z  [38;5;246m1 │[0m "use client";
2026-10-05T06:23:03.1356696Z  [38;5;240m  │[0m ──────┬──────  
2026-10-05T06:23:03.1357124Z  [38;5;240m  │[0m       ╰──────── module level directive may not be preserved
2026-10-05T06:23:03.1357501Z  [38;5;240m  │[0m 
2026-10-05T06:23:03.1358104Z  [38;5;240m  │[0m [38;5;115mHelp[0m: For more information, see https://rolldown.rs/in-depth/directives#other-directives
2026-10-05T06:23:03.1358641Z [38;5;246m───╯[0m
2026-10-05T06:23:03.1358858Z [39m
2026-10-05T06:23:03.1360150Z [33m[33m[MODULE_LEVEL_DIRECTIVE] [0mThe semantics of the module level directive "use client" in "node_modules/.pnpm/@tanstack+react-query@5.90.21_react@19.3.0/node_modules/@tanstack/react-query/build/modern/useQueries.js" may not be preserved when bundling.
2026-10-05T06:23:03.1361788Z    [38;5;246m╭[0m[38;5;246m─[0m[38;5;246m[[0m node_modules/.pnpm/@tanstack+react-query@5.90.21_react@19.3.0/node_modules/@tanstack/react-query/build/modern/useQueries.js:1:1 [38;5;246m][0m
2026-10-05T06:23:03.1362515Z    [38;5;246m│[0m
2026-10-05T06:23:03.1362773Z  [38;5;246m1 │[0m "use client";
2026-10-05T06:23:03.1363087Z  [38;5;240m  │[0m ──────┬──────  
2026-10-05T06:23:03.1363677Z  [38;5;240m  │[0m       ╰──────── module level directive may not be preserved
2026-10-05T06:23:03.1364332Z  [38;5;240m  │[0m 
2026-10-05T06:23:03.1365609Z  [38;5;240m  │[0m [38;5;115mHelp[0m: For more information, see https://rolldown.rs/in-depth/directives#other-directives
2026-10-05T06:23:03.1366173Z [38;5;246m───╯[0m
2026-10-05T06:23:03.1366384Z [39m
2026-10-05T06:23:03.1367739Z [33m[33m[MODULE_LEVEL_DIRECTIVE] [0mThe semantics of the module level directive "use client" in "node_modules/.pnpm/@tanstack+react-query@5.90.21_react@19.3.0/node_modules/@tanstack/react-query/build/modern/QueryClientProvider.js" may not be preserved when bundling.
2026-10-05T06:23:03.1369460Z    [38;5;246m╭[0m[38;5;246m─[0m[38;5;246m[[0m node_modules/.pnpm/@tanstack+react-query@5.90.21_react@19.3.0/node_modules/@tanstack/react-query/build/modern/QueryClientProvider.js:1:1 [38;5;246m][0m
2026-10-05T06:23:03.1370217Z    [38;5;246m│[0m
2026-10-05T06:23:03.1370480Z  [38;5;246m1 │[0m "use client";
2026-10-05T06:23:03.1370787Z  [38;5;240m  │[0m ──────┬──────  
2026-10-05T06:23:03.1371418Z  [38;5;240m  │[0m       ╰──────── module level directive may not be preserved
2026-10-05T06:23:03.1371791Z  [38;5;240m  │[0m 
2026-10-05T06:23:03.1372381Z  [38;5;240m  │[0m [38;5;115mHelp[0m: For more information, see https://rolldown.rs/in-depth/directives#other-directives
2026-10-05T06:23:03.1372918Z [38;5;246m───╯[0m
2026-10-05T06:23:03.1373125Z [39m
2026-10-05T06:23:03.1374941Z [33m[33m[MODULE_LEVEL_DIRECTIVE] [0mThe semantics of the module level directive "use client" in "node_modules/.pnpm/@tanstack+react-query@5.90.21_react@19.3.0/node_modules/@tanstack/react-query/build/modern/useMutation.js" may not be preserved when bundling.
2026-10-05T06:23:03.1376717Z    [38;5;246m╭[0m[38;5;246m─[0m[38;5;246m[[0m node_modules/.pnpm/@tanstack+react-query@5.90.21_react@19.3.0/node_modules/@tanstack/react-query/build/modern/useMutation.js:1:1 [38;5;246m][0m
2026-10-05T06:23:03.1377469Z    [38;5;246m│[0m
2026-10-05T06:23:03.1377735Z  [38;5;246m1 │[0m "use client";
2026-10-05T06:23:03.1378057Z  [38;5;240m  │[0m ──────┬──────  
2026-10-05T06:23:03.1378512Z  [38;5;240m  │[0m       ╰──────── module level directive may not be preserved
2026-10-05T06:23:03.1378889Z  [38;5;240m  │[0m 
2026-10-05T06:23:03.1379494Z  [38;5;240m  │[0m [38;5;115mHelp[0m: For more information, see https://rolldown.rs/in-depth/directives#other-directives
2026-10-05T06:23:03.1380043Z [38;5;246m───╯[0m
2026-10-05T06:23:03.1380256Z [39m
2026-10-05T06:23:03.1381596Z [33m[33m[MODULE_LEVEL_DIRECTIVE] [0mThe semantics of the module level directive "use client" in "node_modules/.pnpm/@tanstack+react-query@5.90.21_react@19.3.0/node_modules/@tanstack/react-query/build/modern/useInfiniteQuery.js" may not be preserved when bundling.
2026-10-05T06:23:03.1383294Z    [38;5;246m╭[0m[38;5;246m─[0m[38;5;246m[[0m node_modules/.pnpm/@tanstack+react-query@5.90.21_react@19.3.0/node_modules/@tanstack/react-query/build/modern/useInfiniteQuery.js:1:1 [38;5;246m][0m
2026-10-05T06:23:03.1384054Z    [38;5;246m│[0m
2026-10-05T06:23:03.1384331Z  [38;5;246m1 │[0m "use client";
2026-10-05T06:23:03.1384893Z  [38;5;240m  │[0m ──────┬──────  
2026-10-05T06:23:03.1385327Z  [38;5;240m  │[0m       ╰──────── module level directive may not be preserved
2026-10-05T06:23:03.1385698Z  [38;5;240m  │[0m 
2026-10-05T06:23:03.1386291Z  [38;5;240m  │[0m [38;5;115mHelp[0m: For more information, see https://rolldown.rs/in-depth/directives#other-directives
2026-10-05T06:23:03.1386825Z [38;5;246m───╯[0m
2026-10-05T06:23:03.1387031Z [39m
2026-10-05T06:23:03.1388456Z [33m[33m[MODULE_LEVEL_DIRECTIVE] [0mThe semantics of the module level directive "use client" in "node_modules/.pnpm/@tanstack+react-query@5.90.21_react@19.3.0/node_modules/@tanstack/react-query/build/modern/QueryErrorResetBoundary.js" may not be preserved when bundling.
2026-10-05T06:23:03.1390234Z    [38;5;246m╭[0m[38;5;246m─[0m[38;5;246m[[0m node_modules/.pnpm/@tanstack+react-query@5.90.21_react@19.3.0/node_modules/@tanstack/react-query/build/modern/QueryErrorResetBoundary.js:1:1 [38;5;246m][0m
2026-10-05T06:23:03.1391033Z    [38;5;246m│[0m
2026-10-05T06:23:03.1391288Z  [38;5;246m1 │[0m "use client";
2026-10-05T06:23:03.1391588Z  [38;5;240m  │[0m ──────┬──────  
2026-10-05T06:23:03.1392019Z  [38;5;240m  │[0m       ╰──────── module level directive may not be preserved
2026-10-05T06:23:03.1392382Z  [38;5;240m  │[0m 
2026-10-05T06:23:03.1392990Z  [38;5;240m  │[0m [38;5;115mHelp[0m: For more information, see https://rolldown.rs/in-depth/directives#other-directives
2026-10-05T06:23:03.1393551Z [38;5;246m───╯[0m
2026-10-05T06:23:03.1393763Z [39m
2026-10-05T06:23:03.1395375Z [33m[33m[MODULE_LEVEL_DIRECTIVE] [0mThe semantics of the module level directive "use client" in "node_modules/.pnpm/@tanstack+react-query@5.90.21_react@19.3.0/node_modules/@tanstack/react-query/build/modern/HydrationBoundary.js" may not be preserved when bundling.
2026-10-05T06:23:03.1397125Z    [38;5;246m╭[0m[38;5;246m─[0m[38;5;246m[[0m node_modules/.pnpm/@tanstack+react-query@5.90.21_react@19.3.0/node_modules/@tanstack/react-query/build/modern/HydrationBoundary.js:1:1 [38;5;246m][0m
2026-10-05T06:23:03.1398074Z    [38;5;246m│[0m
2026-10-05T06:23:03.1398338Z  [38;5;246m1 │[0m "use client";
2026-10-05T06:23:03.1398644Z  [38;5;240m  │[0m ──────┬──────  
2026-10-05T06:23:03.1399078Z  [38;5;240m  │[0m       ╰──────── module level directive may not be preserved
2026-10-05T06:23:03.1399455Z  [38;5;240m  │[0m 
2026-10-05T06:23:03.1400185Z  [38;5;240m  │[0m [38;5;115mHelp[0m: For more information, see https://rolldown.rs/in-depth/directives#other-directives
2026-10-05T06:23:03.1400740Z [38;5;246m───╯[0m
2026-10-05T06:23:03.1400959Z [39m
2026-10-05T06:23:03.1402260Z [33m[33m[MODULE_LEVEL_DIRECTIVE] [0mThe semantics of the module level directive "use client" in "node_modules/.pnpm/@tanstack+react-query@5.90.21_react@19.3.0/node_modules/@tanstack/react-query/build/modern/useBaseQuery.js" may not be preserved when bundling.
2026-10-05T06:23:03.1403922Z    [38;5;246m╭[0m[38;5;246m─[0m[38;5;246m[[0m node_modules/.pnpm/@tanstack+react-query@5.90.21_react@19.3.0/node_modules/@tanstack/react-query/build/modern/useBaseQuery.js:1:1 [38;5;246m][0m
2026-10-05T06:23:03.1405119Z    [38;5;246m│[0m
2026-10-05T06:23:03.1405498Z  [38;5;246m1 │[0m "use client";
2026-10-05T06:23:03.1405813Z  [38;5;240m  │[0m ──────┬──────  
2026-10-05T06:23:03.1406260Z  [38;5;240m  │[0m       ╰──────── module level directive may not be preserved
2026-10-05T06:23:03.1406637Z  [38;5;240m  │[0m 
2026-10-05T06:23:03.1407247Z  [38;5;240m  │[0m [38;5;115mHelp[0m: For more information, see https://rolldown.rs/in-depth/directives#other-directives
2026-10-05T06:23:03.1407912Z [38;5;246m───╯[0m
2026-10-05T06:23:03.1408282Z [39m
2026-10-05T06:23:03.1409926Z [33m[33m[MODULE_LEVEL_DIRECTIVE] [0mThe semantics of the module level directive "use client" in "node_modules/.pnpm/@tanstack+react-query@5.90.21_react@19.3.0/node_modules/@tanstack/react-query/build/modern/errorBoundaryUtils.js" may not be preserved when bundling.
2026-10-05T06:23:03.1412156Z    [38;5;246m╭[0m[38;5;246m─[0m[38;5;246m[[0m node_modules/.pnpm/@tanstack+react-query@5.90.21_react@19.3.0/node_modules/@tanstack/react-query/build/modern/errorBoundaryUtils.js:1:1 [38;5;246m][0m
2026-10-05T06:23:03.1412934Z    [38;5;246m│[0m
2026-10-05T06:23:03.1413412Z  [38;5;246m1 │[0m "use client";
2026-10-05T06:23:03.1413733Z  [38;5;240m  │[0m ──────┬──────  
2026-10-05T06:23:03.1414175Z  [38;5;240m  │[0m       ╰──────── module level directive may not be preserved
2026-10-05T06:23:03.1414842Z  [38;5;240m  │[0m 
2026-10-05T06:23:03.1415589Z  [38;5;240m  │[0m [38;5;115mHelp[0m: For more information, see https://rolldown.rs/in-depth/directives#other-directives
2026-10-05T06:23:03.1416198Z [38;5;246m───╯[0m
2026-10-05T06:23:03.1416411Z [39m
2026-10-05T06:23:03.1416746Z [32m✓ built in 967ms[39m
2026-10-05T06:23:04.2599132Z computing gzip size...
2026-10-05T06:23:04.2717760Z .svelte-kit/output/server/.vite/manifest.json                                                                  59.51 kB │ gzip:  5.63 kB
2026-10-05T06:23:04.2719642Z .svelte-kit/output/server/_app/immutable/assets/_page.DrcXZYa3.css                                              0.17 kB │ gzip:  0.13 kB
2026-10-05T06:23:04.2721603Z .svelte-kit/output/server/_app/immutable/assets/MenuDialog.CSb6g0e0.css                                         0.20 kB │ gzip:  0.17 kB
2026-10-05T06:23:04.2723909Z .svelte-kit/output/server/_app/immutable/assets/_page.Dcp-D_B2.css                                              0.22 kB │ gzip:  0.15 kB
2026-10-05T06:23:04.2725553Z .svelte-kit/output/server/_app/immutable/assets/_page.gKqYElxg.css                                              0.36 kB │ gzip:  0.22 kB
2026-10-05T06:23:04.2726667Z .svelte-kit/output/server/_app/immutable/assets/EditorForm.BHWZld0R.css                                         0.44 kB │ gzip:  0.23 kB
2026-10-05T06:23:04.2727720Z .svelte-kit/output/server/_app/immutable/assets/DraftPreview.fwW3PV90.css                                       0.48 kB │ gzip:  0.25 kB
2026-10-05T06:23:04.2729016Z .svelte-kit/output/server/_app/immutable/assets/_page.CyTVIvfE.css                                              0.54 kB │ gzip:  0.26 kB
2026-10-05T06:23:04.2730007Z .svelte-kit/output/server/_app/immutable/assets/_page.CVJ5M564.css                                              0.57 kB │ gzip:  0.29 kB
2026-10-05T06:23:04.2731007Z .svelte-kit/output/server/_app/immutable/assets/_page.B4jjrLtW.css                                              0.68 kB │ gzip:  0.31 kB
2026-10-05T06:23:04.2731993Z .svelte-kit/output/server/_app/immutable/assets/_page.CccxuyKJ.css                                              0.70 kB │ gzip:  0.35 kB
2026-10-05T06:23:04.2733056Z .svelte-kit/output/server/_app/immutable/assets/ContentTypeEditor.BP8dJX1x.css                                  1.57 kB │ gzip:  0.55 kB
2026-10-05T06:23:04.2734101Z .svelte-kit/output/server/_app/immutable/assets/_page.DYOooGE9.css                                              1.60 kB │ gzip:  0.40 kB
2026-10-05T06:23:04.2736073Z .svelte-kit/output/server/_app/immutable/assets/_page.C1Ra8cmf.css                                              2.18 kB │ gzip:  0.68 kB
2026-10-05T06:23:04.2737733Z .svelte-kit/output/server/_app/immutable/assets/_page.CvGkr_1p.css                                              2.27 kB │ gzip:  0.85 kB
2026-10-05T06:23:04.2738751Z .svelte-kit/output/server/_app/immutable/assets/admin.CSBm7Oz-.css                                              2.57 kB │ gzip:  0.88 kB
2026-10-05T06:23:04.2739774Z .svelte-kit/output/server/_app/immutable/assets/_page.D2HNaFcR.css                                              3.13 kB │ gzip:  0.93 kB
2026-10-05T06:23:04.2740827Z .svelte-kit/output/server/_app/immutable/assets/WorkspaceShell.CG4u5kwz.css                                    37.08 kB │ gzip:  5.01 kB
2026-10-05T06:23:04.2741814Z .svelte-kit/output/server/chunks/navigation.js                                                                  0.03 kB │ gzip:  0.05 kB
2026-10-05T06:23:04.2742743Z .svelte-kit/output/server/chunks/repository2.js                                                                 0.09 kB │ gzip:  0.08 kB
2026-10-05T06:23:04.2743678Z .svelte-kit/output/server/chunks/taxonomies2.js                                                                 0.09 kB │ gzip:  0.08 kB
2026-10-05T06:23:04.2744835Z .svelte-kit/output/server/chunks/chunks.js                                                                      0.10 kB │ gzip:  0.09 kB
2026-10-05T06:23:04.2745773Z .svelte-kit/output/server/remote-entry.js                                                                       0.16 kB │ gzip:  0.12 kB
2026-10-05T06:23:04.2746739Z .svelte-kit/output/server/chunks/server.js                                                                      0.16 kB │ gzip:  0.12 kB
2026-10-05T06:23:04.2747658Z .svelte-kit/output/server/chunks/transaction2.js                                                                0.19 kB │ gzip:  0.15 kB
2026-10-05T06:23:04.2748673Z .svelte-kit/output/server/entries/endpoints/api/comments/_server.ts.js                                          0.20 kB │ gzip:  0.16 kB
2026-10-05T06:23:04.2749711Z .svelte-kit/output/server/entries/endpoints/api/admin/comments/_server.ts.js                                    0.21 kB │ gzip:  0.16 kB
2026-10-05T06:23:04.2750716Z .svelte-kit/output/server/entries/pages/_page.server.ts.js                                                      0.22 kB │ gzip:  0.16 kB
2026-10-05T06:23:04.2751803Z .svelte-kit/output/server/env.js                                                                                0.22 kB │ gzip:  0.14 kB
2026-10-05T06:23:04.2752706Z .svelte-kit/output/server/chunks/remote-4cga8b.js                                                               0.22 kB │ gzip:  0.14 kB
2026-10-05T06:23:04.2754223Z .svelte-kit/output/server/entries/endpoints/api/redirects/404s/summary/_server.ts.js                            0.22 kB │ gzip:  0.17 kB
2026-10-05T06:23:04.2756483Z .svelte-kit/output/server/entries/endpoints/api/admin/comments/bulk/_server.ts.js                               0.22 kB │ gzip:  0.17 kB
2026-10-05T06:23:04.2758778Z .svelte-kit/output/server/entries/endpoints/api/admin/comments/counts/_server.ts.js                             0.22 kB │ gzip:  0.17 kB
2026-10-05T06:23:04.2760639Z .svelte-kit/output/server/chunks/navigation2.js                                                                 0.22 kB │ gzip:  0.17 kB
2026-10-05T06:23:04.2762080Z .svelte-kit/output/server/chunks/remote-5e9re.js                                                                0.23 kB │ gzip:  0.14 kB
2026-10-05T06:23:04.2763005Z .svelte-kit/output/server/chunks/remote-6z7yaa.js                                                               0.23 kB │ gzip:  0.14 kB
2026-10-05T06:23:04.2763966Z .svelte-kit/output/server/entries/pages/redirects/_page.server.ts.js                                            0.23 kB │ gzip:  0.18 kB
2026-10-05T06:23:04.2765305Z .svelte-kit/output/server/entries/endpoints/api/admin/comments/_id_/status/_server.ts.js                        0.23 kB │ gzip:  0.17 kB
2026-10-05T06:23:04.2766342Z .svelte-kit/output/server/chunks/remote-1ghd0c5.js                                                              0.24 kB │ gzip:  0.15 kB
2026-10-05T06:23:04.2767272Z .svelte-kit/output/server/chunks/remote-126fj8m.js                                                              0.24 kB │ gzip:  0.15 kB
2026-10-05T06:23:04.2768273Z .svelte-kit/output/server/entries/pages/content/_collection_/_layout.server.ts.js                               0.24 kB │ gzip:  0.18 kB
2026-10-05T06:23:04.2769359Z .svelte-kit/output/server/entries/endpoints/api/comments/_collection_/_contentId_/_server.ts.js                 0.25 kB │ gzip:  0.18 kB
2026-10-05T06:23:04.2770391Z .svelte-kit/output/server/chunks/remote-15ax3ep.js                                                              0.26 kB │ gzip:  0.15 kB
2026-10-05T06:23:04.2771423Z .svelte-kit/output/server/entries/endpoints/api/admin/comments/settings/_collection_/_server.ts.js              0.26 kB │ gzip:  0.17 kB
2026-10-05T06:23:04.2772500Z .svelte-kit/output/server/entries/endpoints/api/redirects/_server.ts.js                                         0.26 kB │ gzip:  0.18 kB
2026-10-05T06:23:04.2773506Z .svelte-kit/output/server/chunks/object-cache-configuration.js                                                  0.27 kB │ gzip:  0.19 kB
2026-10-05T06:23:04.2774786Z .svelte-kit/output/server/entries/endpoints/api/comments/_collection_/_contentId_/reactions/_server.ts.js       0.27 kB │ gzip:  0.18 kB
2026-10-05T06:23:04.2775814Z .svelte-kit/output/server/chunks/contract.js                                                                    0.28 kB │ gzip:  0.19 kB
2026-10-05T06:23:04.2776791Z .svelte-kit/output/server/entries/endpoints/api/schema/block-types/_server.ts.js                                0.28 kB │ gzip:  0.21 kB
2026-10-05T06:23:04.2777862Z .svelte-kit/output/server/entries/endpoints/api/content-picker/manifest/_server.ts.js                           0.28 kB │ gzip:  0.20 kB
2026-10-05T06:23:04.2778852Z .svelte-kit/output/server/chunks/env.js                                                                         0.28 kB │ gzip:  0.17 kB
2026-10-05T06:23:04.2779815Z .svelte-kit/output/server/entries/endpoints/api/admin/comments/_id_/_server.ts.js                               0.29 kB │ gzip:  0.19 kB
2026-10-05T06:23:04.2780900Z .svelte-kit/output/server/entries/endpoints/api/content-picker/collections/_server.ts.js                        0.32 kB │ gzip:  0.22 kB
2026-10-05T06:23:04.2782720Z .svelte-kit/output/server/entries/endpoints/api/schema/collections/reorder/_server.ts.js                        0.32 kB │ gzip:  0.23 kB
2026-10-05T06:23:04.2784964Z .svelte-kit/output/server/entries/endpoints/api/setup/status/_server.ts.js                                      0.33 kB │ gzip:  0.23 kB
2026-10-05T06:23:04.2786703Z .svelte-kit/output/server/entries/endpoints/api/redirects/_id_/_server.ts.js                                    0.33 kB │ gzip:  0.20 kB
2026-10-05T06:23:04.2787933Z .svelte-kit/output/server/entries/endpoints/api/redirects/404s/_server.ts.js                                    0.34 kB │ gzip:  0.20 kB
2026-10-05T06:23:04.2788960Z .svelte-kit/output/server/entries/pages/widgets/_page.server.ts.js                                              0.36 kB │ gzip:  0.23 kB
2026-10-05T06:23:04.2789976Z .svelte-kit/output/server/entries/pages/sections/_layout.server.ts.js                                           0.36 kB │ gzip:  0.23 kB
2026-10-05T06:23:04.2791879Z .svelte-kit/output/server/entries/endpoints/api/content-picker/content/_collection_/_server.ts.js               0.36 kB │ gzip:  0.24 kB
2026-10-05T06:23:04.2794010Z .svelte-kit/output/server/entries/endpoints/api/schema/collections/_collection_/fields/reorder/_server.ts.js    0.40 kB │ gzip:  0.26 kB
2026-10-05T06:23:04.2795651Z .svelte-kit/output/server/internal.js                                                                           0.40 kB │ gzip:  0.19 kB
2026-10-05T06:23:04.2796593Z .svelte-kit/output/server/entries/fallbacks/layout.svelte.js                                                    0.42 kB │ gzip:  0.30 kB
2026-10-05T06:23:04.2798321Z .svelte-kit/output/server/entries/endpoints/api/schema/collections/_server.ts.js                                0.42 kB │ gzip:  0.25 kB
2026-10-05T06:23:04.2800396Z .svelte-kit/output/server/entries/endpoints/api/schema/collections/_collection_/fields/_server.ts.js            0.45 kB │ gzip:  0.29 kB
2026-10-05T06:23:04.2801924Z .svelte-kit/output/server/chunks/collection-slugs-state.js                                                      0.48 kB │ gzip:  0.29 kB
2026-10-05T06:23:04.2802881Z .svelte-kit/output/server/chunks/authorize.js                                                                   0.49 kB │ gzip:  0.32 kB
2026-10-05T06:23:04.2803774Z .svelte-kit/output/server/chunks/context.js                                                                     0.50 kB │ gzip:  0.29 kB
2026-10-05T06:23:04.2804961Z .svelte-kit/output/server/chunks/deferred-tasks.js                                                              0.50 kB │ gzip:  0.29 kB
2026-10-05T06:23:04.2805930Z .svelte-kit/output/server/chunks/chrome-tags.js                                                                 0.52 kB │ gzip:  0.33 kB
2026-10-05T06:23:04.2806891Z .svelte-kit/output/server/entries/endpoints/api/auth/me/_server.ts.js                                           0.53 kB │ gzip:  0.32 kB
2026-10-05T06:23:04.2807972Z .svelte-kit/output/server/entries/endpoints/api/schema/collections/_collection_/fields/_field_/_server.ts.js    0.54 kB │ gzip:  0.30 kB
2026-10-05T06:23:04.2809023Z .svelte-kit/output/server/entries/fallbacks/error.svelte.js                                                     0.56 kB │ gzip:  0.35 kB
2026-10-05T06:23:04.2809949Z .svelte-kit/output/server/chunks/chunks2.js                                                                     0.56 kB │ gzip:  0.39 kB
2026-10-05T06:23:04.2810947Z .svelte-kit/output/server/entries/endpoints/api/auth/passkey/options/_server.ts.js                              0.60 kB │ gzip:  0.34 kB
2026-10-05T06:23:04.2812077Z .svelte-kit/output/server/entries/pages/comments/settings/_collection_/_page.server.ts.js                       0.61 kB │ gzip:  0.35 kB
2026-10-05T06:23:04.2813127Z .svelte-kit/output/server/entries/pages/schema/_layout.server.ts.js                                             0.61 kB │ gzip:  0.36 kB
2026-10-05T06:23:04.2814304Z .svelte-kit/output/server/entries/pages/schema/_manage/_layout.svelte.js                                        0.63 kB │ gzip:  0.32 kB
2026-10-05T06:23:04.2815580Z .svelte-kit/output/server/chunks/current-user.js                                                                0.66 kB │ gzip:  0.38 kB
2026-10-05T06:23:04.2816610Z .svelte-kit/output/server/entries/pages/content/_collection_/_id_/workflow/_page.server.ts.js                   0.67 kB │ gzip:  0.32 kB
2026-10-05T06:23:04.2817730Z .svelte-kit/output/server/entries/endpoints/api/schema/collections/_collection_/_server.ts.js                   0.70 kB │ gzip:  0.35 kB
2026-10-05T06:23:04.2818896Z .svelte-kit/output/server/chunks/host.js                                                                        0.75 kB │ gzip:  0.37 kB
2026-10-05T06:23:04.2819801Z .svelte-kit/output/server/chunks/editor-display.js                                                              0.77 kB │ gzip:  0.37 kB
2026-10-05T06:23:04.2820710Z .svelte-kit/output/server/chunks/store.js                                                                       0.78 kB │ gzip:  0.42 kB
2026-10-05T06:23:04.2821668Z .svelte-kit/output/server/entries/pages/trash/_collection_/_page.server.ts.js                                   0.79 kB │ gzip:  0.41 kB
2026-10-05T06:23:04.2822722Z .svelte-kit/output/server/entries/endpoints/api/setup/admin/verify/_server.ts.js                                0.83 kB │ gzip:  0.43 kB
2026-10-05T06:23:04.2823748Z .svelte-kit/output/server/entries/pages/menus/_layout.server.ts.js                                              0.85 kB │ gzip:  0.48 kB
2026-10-05T06:23:04.2825052Z .svelte-kit/output/server/entries/endpoints/api/setup/admin/_server.ts.js                                       0.87 kB │ gzip:  0.46 kB
2026-10-05T06:23:04.2826116Z .svelte-kit/output/server/entries/endpoints/api/menus/_name_/items/_server.ts.js                                0.89 kB │ gzip:  0.45 kB
2026-10-05T06:23:04.2827169Z .svelte-kit/output/server/entries/endpoints/api/menus/_name_/reorder/_server.ts.js                              0.90 kB │ gzip:  0.45 kB
2026-10-05T06:23:04.2828251Z .svelte-kit/output/server/entries/endpoints/api/byline-fields/_slug_/usage/_server.ts.js                        0.91 kB │ gzip:  0.47 kB
2026-10-05T06:23:04.2829250Z .svelte-kit/output/server/chunks/i18n-config.js                                                                 0.93 kB │ gzip:  0.49 kB
2026-10-05T06:23:04.2830145Z .svelte-kit/output/server/chunks/widgets.js                                                                     0.95 kB │ gzip:  0.47 kB
2026-10-05T06:23:04.2831091Z .svelte-kit/output/server/entries/endpoints/api/menus/_server.ts.js                                             1.01 kB │ gzip:  0.47 kB
2026-10-05T06:23:04.2832142Z .svelte-kit/output/server/entries/endpoints/api/taxonomies/_name_/translations/_server.ts.js                    1.04 kB │ gzip:  0.51 kB
2026-10-05T06:23:04.2833137Z .svelte-kit/output/server/chunks/status.js                                                                      1.04 kB │ gzip:  0.55 kB
2026-10-05T06:23:04.2834051Z .svelte-kit/output/server/chunks/transaction.js                                                                 1.06 kB │ gzip:  0.50 kB
2026-10-05T06:23:04.2835226Z .svelte-kit/output/server/entries/endpoints/api/byline-fields/reorder/_server.ts.js                             1.08 kB │ gzip:  0.47 kB
2026-10-05T06:23:04.2836232Z .svelte-kit/output/server/chunks/write-plan.js                                                                  1.13 kB │ gzip:  0.56 kB
2026-10-05T06:23:04.2837234Z .svelte-kit/output/server/entries/endpoints/api/taxonomies/_name_/reorder/_server.ts.js                         1.14 kB │ gzip:  0.52 kB
2026-10-05T06:23:04.2838211Z .svelte-kit/output/server/chunks/paths.js                                                                       1.15 kB │ gzip:  0.64 kB
2026-10-05T06:23:04.2839106Z .svelte-kit/output/server/chunks/context2.js                                                                    1.18 kB │ gzip:  0.67 kB
2026-10-05T06:23:04.2840226Z .svelte-kit/output/server/entries/endpoints/api/auth/logout/_server.ts.js                                       1.28 kB │ gzip:  0.62 kB
2026-10-05T06:23:04.2841210Z .svelte-kit/output/server/chunks/request.js                                                                     1.30 kB │ gzip:  0.68 kB
2026-10-05T06:23:04.2842101Z .svelte-kit/output/server/chunks/internal2.js                                                                   1.30 kB │ gzip:  0.54 kB
2026-10-05T06:23:04.2842995Z .svelte-kit/output/server/chunks/namespaces.js                                                                  1.34 kB │ gzip:  0.63 kB
2026-10-05T06:23:04.2844110Z .svelte-kit/output/server/entries/endpoints/api/taxonomies/_server.ts.js                                        1.36 kB │ gzip:  0.57 kB
2026-10-05T06:23:04.2845357Z .svelte-kit/output/server/entries/endpoints/api/auth/passkey/verify/_server.ts.js                               1.39 kB │ gzip:  0.63 kB
2026-10-05T06:23:04.2846338Z .svelte-kit/output/server/chunks/base64.js                                                                      1.41 kB │ gzip:  0.65 kB
2026-10-05T06:23:04.2847307Z .svelte-kit/output/server/entries/endpoints/api/menus/_name_/items/_id_/_server.ts.js                           1.47 kB │ gzip:  0.55 kB
2026-10-05T06:23:04.2848952Z .svelte-kit/output/server/chunks/identity-schemas.js                                                            1.48 kB │ gzip:  0.55 kB
2026-10-05T06:23:04.2850508Z .svelte-kit/output/server/entries/pages/sections/_slug_/_page.svelte.js                                         1.50 kB │ gzip:  0.58 kB
2026-10-05T06:23:04.2852228Z .svelte-kit/output/server/entries/endpoints/api/menus/_name_/_server.ts.js                                      1.52 kB │ gzip:  0.52 kB
2026-10-05T06:23:04.2853970Z .svelte-kit/output/server/entries/endpoints/api/taxonomies/_name_/terms/_server.ts.js                           1.59 kB │ gzip:  0.63 kB
2026-10-05T06:23:04.2856029Z .svelte-kit/output/server/entries/endpoints/api/byline-fields/_server.ts.js                                     1.64 kB │ gzip:  0.59 kB
2026-10-05T06:23:04.2857684Z .svelte-kit/output/server/chunks/atomic-query-loop.js                                                           1.66 kB │ gzip:  0.73 kB
2026-10-05T06:23:04.2859379Z .svelte-kit/output/server/entries/pages/schema/_manage/new/_page.svelte.js                                      1.67 kB │ gzip:  0.73 kB
2026-10-05T06:23:04.2861185Z .svelte-kit/output/server/entries/endpoints/api/menus/_name_/translations/_server.ts.js                         1.70 kB │ gzip:  0.68 kB
2026-10-05T06:23:04.2862903Z .svelte-kit/output/server/chunks/slugify.js                                                                     1.77 kB │ gzip:  0.91 kB
2026-10-05T06:23:04.2864737Z .svelte-kit/output/server/entries/hooks.universal.js                                                            1.77 kB │ gzip:  0.73 kB
2026-10-05T06:23:04.2866474Z .svelte-kit/output/server/chunks/migrations2.js                                                                 1.78 kB │ gzip:  0.67 kB
2026-10-05T06:23:04.2867893Z .svelte-kit/output/server/chunks/parse2.js                                                                      1.85 kB │ gzip:  0.90 kB
2026-10-05T06:23:04.2869440Z .svelte-kit/output/server/chunks/DraftPreview.js                                                                1.88 kB │ gzip:  0.79 kB
2026-10-05T06:23:04.2871143Z .svelte-kit/output/server/entries/endpoints/api/sections/_server.ts.js                                          1.88 kB │ gzip:  0.64 kB
2026-10-05T06:23:04.2872998Z .svelte-kit/output/server/chunks/schemas5.js                                                                    1.91 kB │ gzip:  0.49 kB
2026-10-05T06:23:04.2874827Z .svelte-kit/output/server/chunks/workspace.remote.js                                                            1.95 kB │ gzip:  0.76 kB
2026-10-05T06:23:04.2876511Z .svelte-kit/output/server/chunks/readiness.js                                                                   1.98 kB │ gzip:  0.92 kB
2026-10-05T06:23:04.2878367Z .svelte-kit/output/server/chunks/db-errors.js                                                                   2.01 kB │ gzip:  0.97 kB
2026-10-05T06:23:04.2880129Z .svelte-kit/output/server/entries/pages/comments/_page.server.ts.js                                             2.02 kB │ gzip:  0.86 kB
2026-10-05T06:23:04.2881898Z .svelte-kit/output/server/chunks/validate2.js                                                                   2.05 kB │ gzip:  0.95 kB
2026-10-05T06:23:04.2883751Z .svelte-kit/output/server/entries/endpoints/api/widget-areas/_name_/reorder/_server.ts.js                       2.06 kB │ gzip:  0.87 kB
2026-10-05T06:23:04.2885899Z .svelte-kit/output/server/chunks/validate.js                                                                    2.08 kB │ gzip:  0.97 kB
2026-10-05T06:23:04.2887633Z .svelte-kit/output/server/chunks/editor-autosave.remote.js                                                      2.09 kB │ gzip:  0.74 kB
2026-10-05T06:23:04.2889572Z .svelte-kit/output/server/entries/endpoints/api/widget-components/_server.ts.js                                 2.13 kB │ gzip:  0.77 kB
2026-10-05T06:23:04.2891437Z .svelte-kit/output/server/chunks/init-lock.js                                                                   2.15 kB │ gzip:  1.00 kB
2026-10-05T06:23:04.2893147Z .svelte-kit/output/server/chunks/turnstile.js                                                                   2.20 kB │ gzip:  1.13 kB
2026-10-05T06:23:04.2895191Z .svelte-kit/output/server/entries/endpoints/api/taxonomies/_name_/_server.ts.js                                 2.23 kB │ gzip:  0.69 kB
2026-10-05T06:23:04.2897219Z .svelte-kit/output/server/entries/endpoints/api/widget-areas/_name_/_server.ts.js                               2.36 kB │ gzip:  0.80 kB
2026-10-05T06:23:04.2899313Z .svelte-kit/output/server/entries/pages/schema/_manage/_collection_/_page.svelte.js                             2.37 kB │ gzip:  0.89 kB
2026-10-05T06:23:04.2901398Z .svelte-kit/output/server/entries/endpoints/api/taxonomies/_name_/terms/_slug_/translations/_server.ts.js       2.39 kB │ gzip:  0.81 kB
2026-10-05T06:23:04.2903178Z .svelte-kit/output/server/entries/endpoints/api/byline-fields/_slug_/_server.ts.js                              2.40 kB │ gzip:  0.69 kB
2026-10-05T06:23:04.2904304Z .svelte-kit/output/server/entries/endpoints/api/widget-areas/_name_/widgets/_server.ts.js                       2.41 kB │ gzip:  0.99 kB
2026-10-05T06:23:04.2905638Z .svelte-kit/output/server/chunks/BlockSettings.js                                                               2.42 kB │ gzip:  0.90 kB
2026-10-05T06:23:04.2906676Z .svelte-kit/output/server/entries/endpoints/api/taxonomies/_name_/terms/_slug_/_server.ts.js                    2.44 kB │ gzip:  0.69 kB
2026-10-05T06:23:04.2907695Z .svelte-kit/output/server/chunks/passkey-browser.js                                                             2.46 kB │ gzip:  0.78 kB
2026-10-05T06:23:04.2908608Z .svelte-kit/output/server/chunks/schema.js                                                                      2.51 kB │ gzip:  0.76 kB
2026-10-05T06:23:04.2909563Z .svelte-kit/output/server/entries/pages/sections/_page.svelte.js                                                2.52 kB │ gzip:  0.87 kB
2026-10-05T06:23:04.2910518Z .svelte-kit/output/server/chunks/admin-http.js                                                                  2.53 kB │ gzip:  1.11 kB
2026-10-05T06:23:04.2911838Z .svelte-kit/output/server/entries/endpoints/api/bylines/_id_/translations/_server.ts.js                         2.54 kB │ gzip:  0.91 kB
2026-10-05T06:23:04.2913612Z .svelte-kit/output/server/entries/pages/_page.svelte.js                                                         2.60 kB │ gzip:  1.05 kB
2026-10-05T06:23:04.2915215Z .svelte-kit/output/server/chunks/http2.js                                                                       2.64 kB │ gzip:  1.19 kB
2026-10-05T06:23:04.2916722Z .svelte-kit/output/server/chunks/session.js                                                                     2.65 kB │ gzip:  1.10 kB
2026-10-05T06:23:04.2918162Z .svelte-kit/output/server/entries/endpoints/api/sections/_slug_/_server.ts.js                                   2.66 kB │ gzip:  0.71 kB
2026-10-05T06:23:04.2919666Z .svelte-kit/output/server/entries/endpoints/api/widget-areas/_server.ts.js                                      2.69 kB │ gzip:  0.99 kB
2026-10-05T06:23:04.2921088Z .svelte-kit/output/server/chunks/state.js                                                                       2.70 kB │ gzip:  1.13 kB
2026-10-05T06:23:04.2922671Z .svelte-kit/output/server/entries/endpoints/api/bylines/_server.ts.js                                           2.88 kB │ gzip:  1.08 kB
2026-10-05T06:23:04.2924069Z .svelte-kit/output/server/chunks/types2.js                                                                      2.92 kB │ gzip:  1.23 kB
2026-10-05T06:23:04.2925797Z .svelte-kit/output/server/chunks/schema-common.js                                                               2.93 kB │ gzip:  1.32 kB
2026-10-05T06:23:04.2927225Z .svelte-kit/output/server/entries/endpoints/api/bylines/_id_/_server.ts.js                                      2.98 kB │ gzip:  0.99 kB
2026-10-05T06:23:04.2928627Z .svelte-kit/output/server/chunks/settings.js                                                                    2.99 kB │ gzip:  1.21 kB
2026-10-05T06:23:04.2930039Z .svelte-kit/output/server/chunks/types3.js                                                                      3.32 kB │ gzip:  1.38 kB
2026-10-05T06:23:04.2931078Z .svelte-kit/output/server/chunks/taxonomy-migrations.js                                                         3.35 kB │ gzip:  0.96 kB
2026-10-05T06:23:04.2932030Z .svelte-kit/output/server/chunks/dialect-helpers.js                                                             3.47 kB │ gzip:  1.51 kB
2026-10-05T06:23:04.2932924Z .svelte-kit/output/server/chunks/d1.js                                                                          3.51 kB │ gzip:  1.19 kB
2026-10-05T06:23:04.2933828Z .svelte-kit/output/server/chunks/field-handlers.js                                                              3.67 kB │ gzip:  0.93 kB
2026-10-05T06:23:04.2935168Z .svelte-kit/output/server/entries/endpoints/api/widget-areas/_name_/widgets/_id_/_server.ts.js                  3.85 kB │ gzip:  1.08 kB
2026-10-05T06:23:04.2936175Z .svelte-kit/output/server/chunks/types.js                                                                       3.90 kB │ gzip:  1.62 kB
2026-10-05T06:23:04.2937069Z .svelte-kit/output/server/chunks/node.js                                                                        3.93 kB │ gzip:  1.45 kB
2026-10-05T06:23:04.2937951Z .svelte-kit/output/server/chunks/request4.js                                                                    4.24 kB │ gzip:  1.74 kB
2026-10-05T06:23:04.2938890Z .svelte-kit/output/server/entries/pages/setup/_page.svelte.js                                                   4.41 kB │ gzip:  1.59 kB
2026-10-05T06:23:04.2939848Z .svelte-kit/output/server/chunks/runtime-client.js                                                              4.44 kB │ gzip:  1.42 kB
2026-10-05T06:23:04.2940783Z .svelte-kit/output/server/chunks/schemas3.js                                                                    4.54 kB │ gzip:  1.50 kB
2026-10-05T06:23:04.2941782Z .svelte-kit/output/server/entries/pages/comments/settings/_collection_/_page.svelte.js                          4.78 kB │ gzip:  1.52 kB
2026-10-05T06:23:04.2942820Z .svelte-kit/output/server/entries/pages/login/_page.svelte.js                                                   4.81 kB │ gzip:  1.65 kB
2026-10-05T06:23:04.2943992Z .svelte-kit/output/server/entries/pages/menus/_page.svelte.js                                                   4.98 kB │ gzip:  1.55 kB
2026-10-05T06:23:04.2945221Z .svelte-kit/output/server/chunks/namespace.js                                                                   5.00 kB │ gzip:  1.68 kB
2026-10-05T06:23:04.2946386Z .svelte-kit/output/server/chunks/manifest.js                                                                    5.25 kB │ gzip:  1.96 kB
2026-10-05T06:23:04.2947421Z .svelte-kit/output/server/entries/endpoints/api/content/_collection_/_id_/terms/_taxonomy_/_server.ts.js        5.29 kB │ gzip:  1.54 kB
2026-10-05T06:23:04.2948513Z .svelte-kit/output/server/entries/pages/content/_collection_/_id_/_page.svelte.js                               5.37 kB │ gzip:  1.40 kB
2026-10-05T06:23:04.2949531Z .svelte-kit/output/server/chunks/migration-provider.js                                                          5.68 kB │ gzip:  2.10 kB
2026-10-05T06:23:04.2950475Z .svelte-kit/output/server/chunks/auth.remote.js                                                                 5.88 kB │ gzip:  1.74 kB
2026-10-05T06:23:04.2951378Z .svelte-kit/output/server/chunks/client.js                                                                      5.98 kB │ gzip:  2.38 kB
2026-10-05T06:23:04.2952269Z .svelte-kit/output/server/chunks/schemas2.js                                                                    5.99 kB │ gzip:  1.66 kB
2026-10-05T06:23:04.2953180Z .svelte-kit/output/server/chunks/MenuDialog.js                                                                  6.05 kB │ gzip:  1.45 kB
2026-10-05T06:23:04.2954122Z .svelte-kit/output/server/entries/pages/schema/_page.svelte.js                                                  6.39 kB │ gzip:  1.82 kB
2026-10-05T06:23:04.2955406Z .svelte-kit/output/server/chunks/exports.js                                                                     6.90 kB │ gzip:  2.18 kB
2026-10-05T06:23:04.2956375Z .svelte-kit/output/server/entries/pages/schema/_manage/_page.svelte.js                                          6.99 kB │ gzip:  2.03 kB
2026-10-05T06:23:04.2957313Z .svelte-kit/output/server/chunks/admin.js                                                                       7.21 kB │ gzip:  1.76 kB
2026-10-05T06:23:04.2958224Z .svelte-kit/output/server/chunks/zod-generator.js                                                               7.30 kB │ gzip:  2.48 kB
2026-10-05T06:23:04.2959194Z .svelte-kit/output/server/entries/endpoints/api/calendar/_server.ts.js                                          7.89 kB │ gzip:  3.16 kB
2026-10-05T06:23:04.2960217Z .svelte-kit/output/server/entries/pages/trash/_collection_/_page.svelte.js                                      9.18 kB │ gzip:  2.68 kB
2026-10-05T06:23:04.2961179Z .svelte-kit/output/server/chunks/routing.js                                                                     9.39 kB │ gzip:  3.13 kB
2026-10-05T06:23:04.2962145Z .svelte-kit/output/server/entries/pages/content/_collection_/_page.svelte.js                                    9.56 kB │ gzip:  1.87 kB
2026-10-05T06:23:04.2963129Z .svelte-kit/output/server/chunks/i18n-resolve.js                                                                9.77 kB │ gzip:  3.81 kB
2026-10-05T06:23:04.2964048Z .svelte-kit/output/server/chunks/taxonomies.js                                                                  9.92 kB │ gzip:  3.58 kB
2026-10-05T06:23:04.2965741Z .svelte-kit/output/server/entries/pages/redirects/_page.svelte.js                                              10.08 kB │ gzip:  2.74 kB
2026-10-05T06:23:04.2966842Z .svelte-kit/output/server/chunks/schemas4.js                                                                   10.23 kB │ gzip:  2.61 kB
2026-10-05T06:23:04.2967831Z .svelte-kit/output/server/entries/endpoints/api/taxonomies/bulk-tag/_server.ts.js                              10.52 kB │ gzip:  3.15 kB
2026-10-05T06:23:04.2968993Z .svelte-kit/output/server/chunks/shared.js                                                                     11.15 kB │ gzip:  3.49 kB
2026-10-05T06:23:04.2969895Z .svelte-kit/output/server/chunks/object-cache.js                                                               11.39 kB │ gzip:  4.01 kB
2026-10-05T06:23:04.2970789Z .svelte-kit/output/server/chunks/schemas.js                                                                    11.98 kB │ gzip:  3.88 kB
2026-10-05T06:23:04.2971915Z .svelte-kit/output/server/entries/pages/content/_collection_/_id_/workflow/_page.svelte.js                     12.84 kB │ gzip:  2.27 kB
2026-10-05T06:23:04.2972971Z .svelte-kit/output/server/entries/pages/widgets/_page.svelte.js                                                13.24 kB │ gzip:  3.31 kB
2026-10-05T06:23:04.2973914Z .svelte-kit/output/server/chunks/schema.remote.js                                                              13.32 kB │ gzip:  3.36 kB
2026-10-05T06:23:04.2975218Z .svelte-kit/output/server/chunks/WorkspaceShell.js                                                             13.48 kB │ gzip:  3.54 kB
2026-10-05T06:23:04.2976196Z .svelte-kit/output/server/entries/pages/comments/_page.svelte.js                                               13.73 kB │ gzip:  3.66 kB
2026-10-05T06:23:04.2977145Z .svelte-kit/output/server/chunks/EditorForm.js                                                                 19.22 kB │ gzip:  5.36 kB
2026-10-05T06:23:04.2978108Z .svelte-kit/output/server/entries/pages/menus/_name_/_page.svelte.js                                           20.49 kB │ gzip:  5.20 kB
2026-10-05T06:23:04.2979124Z .svelte-kit/output/server/entries/pages/schema/_collection_/_page.svelte.js                                    20.66 kB │ gzip:  3.59 kB
2026-10-05T06:23:04.2980096Z .svelte-kit/output/server/chunks/content.remote.js                                                             20.89 kB │ gzip:  4.48 kB
2026-10-05T06:23:04.2981043Z .svelte-kit/output/server/chunks/collection-indexes.js                                                         21.94 kB │ gzip:  5.84 kB
2026-10-05T06:23:04.2981976Z .svelte-kit/output/server/chunks/registry.js                                                                   23.17 kB │ gzip:  5.91 kB
2026-10-05T06:23:04.2982871Z .svelte-kit/output/server/chunks/http.js                                                                       24.75 kB │ gzip:  7.34 kB
2026-10-05T06:23:04.2983750Z .svelte-kit/output/server/chunks/error.js                                                                      26.57 kB │ gzip:  5.92 kB
2026-10-05T06:23:04.2984970Z .svelte-kit/output/server/chunks/parse.js                                                                      28.03 kB │ gzip:  6.49 kB
2026-10-05T06:23:04.2985924Z .svelte-kit/output/server/chunks/repository.js                                                                 28.50 kB │ gzip:  8.02 kB
2026-10-05T06:23:04.2986846Z .svelte-kit/output/server/chunks/handlers2.js                                                                  30.53 kB │ gzip:  7.65 kB
2026-10-05T06:23:04.2987785Z .svelte-kit/output/server/chunks/sql-recognition.js                                                            30.55 kB │ gzip:  4.86 kB
2026-10-05T06:23:04.2988709Z .svelte-kit/output/server/chunks/schema2.js                                                                    30.93 kB │ gzip:  9.94 kB
2026-10-05T06:23:04.2989608Z .svelte-kit/output/server/chunks/handlers.js                                                                   34.24 kB │ gzip:  7.90 kB
2026-10-05T06:23:04.2990528Z .svelte-kit/output/server/chunks/identity-request.js                                                           35.41 kB │ gzip:  9.03 kB
2026-10-05T06:23:04.2991443Z .svelte-kit/output/server/chunks/runtime.js                                                                    36.87 kB │ gzip:  9.71 kB
2026-10-05T06:23:04.2992325Z .svelte-kit/output/server/chunks/request3.js                                                                   36.99 kB │ gzip:  9.55 kB
2026-10-05T06:23:04.2993425Z .svelte-kit/output/server/chunks/utils.js                                                                      37.43 kB │ gzip: 10.84 kB
2026-10-05T06:23:04.2994325Z .svelte-kit/output/server/entries/hooks.server.js                                                              37.44 kB │ gzip: 11.65 kB
2026-10-05T06:23:04.2995669Z .svelte-kit/output/server/chunks/internal.js                                                                   43.16 kB │ gzip: 11.94 kB
2026-10-05T06:23:04.2996624Z .svelte-kit/output/server/chunks/ContentTypeEditor.js                                                          44.01 kB │ gzip:  8.51 kB
2026-10-05T06:23:04.2997551Z .svelte-kit/output/server/chunks/artifacts.js                                                                  51.29 kB │ gzip: 15.22 kB
2026-10-05T06:23:04.2998453Z .svelte-kit/output/server/chunks/bylines.js                                                                    51.61 kB │ gzip: 14.23 kB
2026-10-05T06:23:04.2999356Z .svelte-kit/output/server/chunks/request2.js                                                                   52.19 kB │ gzip: 15.18 kB
2026-10-05T06:23:04.3000245Z .svelte-kit/output/server/chunks/remote.js                                                                     55.47 kB │ gzip: 12.15 kB
2026-10-05T06:23:04.3001140Z .svelte-kit/output/server/chunks/service.js                                                                    82.20 kB │ gzip: 18.79 kB
2026-10-05T06:23:04.3002042Z .svelte-kit/output/server/chunks/migrations.js                                                                101.42 kB │ gzip: 23.91 kB
2026-10-05T06:23:04.3002937Z .svelte-kit/output/server/chunks/content.js                                                                   114.23 kB │ gzip: 26.83 kB
2026-10-05T06:23:04.3003822Z .svelte-kit/output/server/chunks/async.js                                                                     121.99 kB │ gzip: 31.86 kB
2026-10-05T06:23:04.3004831Z .svelte-kit/output/server/index.js                                                                            132.41 kB │ gzip: 33.27 kB
2026-10-05T06:23:04.3005719Z .svelte-kit/output/server/chunks/registry2.js                                                                 162.17 kB │ gzip: 30.31 kB
2026-10-05T06:23:04.3006114Z 
2026-10-05T06:23:04.3006604Z [33m[33m[PLUGIN_TIMINGS] [0mJavaScript callbacks ran for 4.5s of this 4.7s build (97%).
2026-10-05T06:23:04.3007475Z The slowest callbacks, timed inside each callback (the wait before a callback starts is excluded, the time it awaits is included):
2026-10-05T06:23:04.3008215Z   - plugin vite-plugin-sveltekit-compile writeBundle (72%, 3.4s, 1 call)
2026-10-05T06:23:04.3008838Z Additional callback time came from the callbacks below and from callbacks under 1s.
2026-10-05T06:23:04.3009869Z 1 callback is listed without a time. Its calls overlapped, so the time inside one call includes work from other calls. To find its cost, profile the build with `node --cpu-prof`:
2026-10-05T06:23:04.3010701Z   - plugin vite-plugin-sveltekit-guard resolveId (2150 calls)
2026-10-05T06:23:04.3011353Z See https://rolldown.rs/reference/InputOptions.checks#bundlertimings for more details.
2026-10-05T06:23:04.3011808Z [39m
2026-10-05T06:23:04.3012058Z [32m✓ built in 4.67s[39m
2026-10-05T06:23:04.3012211Z 
2026-10-05T06:23:04.3012448Z Run npm run preview to preview your production build locally.
2026-10-05T06:23:04.3012706Z 
2026-10-05T06:23:04.3012852Z > Using @sveltejs/adapter-auto
2026-10-05T06:23:04.3013628Z   Could not detect a supported production environment. See https://svelte.dev/docs/kit/adapters to learn how to configure your app to run on the platform of your choosing
2026-10-05T06:23:04.3014346Z   ✔ done
2026-10-05T06:23:04.4289908Z ##[group]Run timeout --kill-after=30s 180s pnpm test:browser
2026-10-05T06:23:04.4290377Z [36;1mtimeout --kill-after=30s 180s pnpm test:browser[0m
2026-10-05T06:23:04.4361929Z shell: /usr/bin/bash -e {0}
2026-10-05T06:23:04.4362382Z env:
2026-10-05T06:23:04.4362649Z   PNPM_HOME: /home/runner/setup-pnpm/node_modules/.bin
2026-10-05T06:23:04.4363003Z   DEBUG: pw:browser,pw:webserver
2026-10-05T06:23:04.4363277Z ##[endgroup]
2026-10-05T06:23:04.4650054Z $ playwright test
2026-10-05T06:23:05.4632441Z 2026-10-05T06:23:05.462Z pw:webserver HTTP GET: http://127.0.0.1:4173/
2026-10-05T06:23:05.4688025Z 2026-10-05T06:23:05.468Z pw:webserver Error while checking if http://127.0.0.1:4173/ is available: connect ECONNREFUSED 127.0.0.1:4173
2026-10-05T06:23:05.4690159Z 2026-10-05T06:23:05.468Z pw:webserver Starting WebServer process exec node node_modules/vite/bin/vite.js preview --host 127.0.0.1 --port 4173 --strictPort...
2026-10-05T06:23:05.4723919Z 2026-10-05T06:23:05.472Z pw:webserver Process started
2026-10-05T06:23:05.4725925Z 2026-10-05T06:23:05.472Z pw:webserver Waiting for availability...
2026-10-05T06:23:05.4727760Z 2026-10-05T06:23:05.472Z pw:webserver HTTP GET: http://127.0.0.1:4173/
2026-10-05T06:23:05.4742641Z 2026-10-05T06:23:05.474Z pw:webserver Error while checking if http://127.0.0.1:4173/ is available: connect ECONNREFUSED 127.0.0.1:4173
2026-10-05T06:23:05.4743905Z 2026-10-05T06:23:05.474Z pw:webserver Waiting 100ms
2026-10-05T06:23:05.5740914Z 2026-10-05T06:23:05.573Z pw:webserver HTTP GET: http://127.0.0.1:4173/
2026-10-05T06:23:05.5755467Z 2026-10-05T06:23:05.574Z pw:webserver Error while checking if http://127.0.0.1:4173/ is available: connect ECONNREFUSED 127.0.0.1:4173
2026-10-05T06:23:05.5757259Z 2026-10-05T06:23:05.574Z pw:webserver Waiting 250ms
2026-10-05T06:23:05.8257721Z 2026-10-05T06:23:05.825Z pw:webserver HTTP GET: http://127.0.0.1:4173/
2026-10-05T06:23:05.8267569Z 2026-10-05T06:23:05.826Z pw:webserver Error while checking if http://127.0.0.1:4173/ is available: connect ECONNREFUSED 127.0.0.1:4173
2026-10-05T06:23:05.8269204Z 2026-10-05T06:23:05.826Z pw:webserver Waiting 500ms
2026-10-05T06:23:06.2703433Z [WebServer]   ➜  Local:   http://127.0.0.1:4173/
2026-10-05T06:23:06.3278290Z 2026-10-05T06:23:06.327Z pw:webserver HTTP GET: http://127.0.0.1:4173/
2026-10-05T06:23:06.4347007Z 2026-10-05T06:23:06.434Z pw:webserver HTTP Status: 200
2026-10-05T06:23:06.4361926Z 2026-10-05T06:23:06.436Z pw:webserver WebServer available
2026-10-05T06:23:06.4366496Z 2026-10-05T06:23:06.436Z pw:webserver HTTP GET: http://127.0.0.1:4174/cms
2026-10-05T06:23:06.4370516Z 2026-10-05T06:23:06.436Z pw:webserver Error while checking if http://127.0.0.1:4174/cms is available: connect ECONNREFUSED 127.0.0.1:4174
2026-10-05T06:23:06.4371622Z 2026-10-05T06:23:06.436Z pw:webserver Starting WebServer process exec node tests/helpers/basepath-server.mjs...
2026-10-05T06:23:06.4395514Z 2026-10-05T06:23:06.439Z pw:webserver Process started
2026-10-05T06:23:06.4396742Z 2026-10-05T06:23:06.439Z pw:webserver Waiting for availability...
2026-10-05T06:23:06.4398052Z 2026-10-05T06:23:06.439Z pw:webserver HTTP GET: http://127.0.0.1:4174/cms
2026-10-05T06:23:06.4405700Z 2026-10-05T06:23:06.440Z pw:webserver Error while checking if http://127.0.0.1:4174/cms is available: connect ECONNREFUSED 127.0.0.1:4174
2026-10-05T06:23:06.4406902Z 2026-10-05T06:23:06.440Z pw:webserver Waiting 100ms
2026-10-05T06:23:06.5401967Z 2026-10-05T06:23:06.539Z pw:webserver HTTP GET: http://127.0.0.1:4174/cms
2026-10-05T06:23:06.5411637Z 2026-10-05T06:23:06.540Z pw:webserver Error while checking if http://127.0.0.1:4174/cms is available: connect ECONNREFUSED 127.0.0.1:4174
2026-10-05T06:23:06.5412916Z 2026-10-05T06:23:06.541Z pw:webserver Waiting 250ms
2026-10-05T06:23:06.7918742Z 2026-10-05T06:23:06.791Z pw:webserver HTTP GET: http://127.0.0.1:4174/cms
2026-10-05T06:23:06.7928411Z 2026-10-05T06:23:06.792Z pw:webserver Error while checking if http://127.0.0.1:4174/cms is available: connect ECONNREFUSED 127.0.0.1:4174
2026-10-05T06:23:06.7930317Z 2026-10-05T06:23:06.792Z pw:webserver Waiting 500ms
2026-10-05T06:23:07.2939059Z 2026-10-05T06:23:07.293Z pw:webserver HTTP GET: http://127.0.0.1:4174/cms
2026-10-05T06:23:07.2949259Z 2026-10-05T06:23:07.294Z pw:webserver Error while checking if http://127.0.0.1:4174/cms is available: connect ECONNREFUSED 127.0.0.1:4174
2026-10-05T06:23:07.2950966Z 2026-10-05T06:23:07.294Z pw:webserver Waiting 1000ms
2026-10-05T06:23:07.4485817Z [WebServer] vite v8.3.2 building ssr environment for production...
2026-10-05T06:23:07.4645892Z [WebServer] transforming...
2026-10-05T06:23:08.2958183Z 2026-10-05T06:23:08.295Z pw:webserver HTTP GET: http://127.0.0.1:4174/cms
2026-10-05T06:23:08.2966210Z 2026-10-05T06:23:08.296Z pw:webserver Error while checking if http://127.0.0.1:4174/cms is available: connect ECONNREFUSED 127.0.0.1:4174
2026-10-05T06:23:08.2967161Z 2026-10-05T06:23:08.296Z pw:webserver Waiting 1000ms
2026-10-05T06:23:08.5164635Z [WebServer] ✓ 661 modules transformed.
2026-10-05T06:23:08.6161693Z [WebServer] rendering chunks...
2026-10-05T06:23:09.2971939Z 2026-10-05T06:23:09.296Z pw:webserver HTTP GET: http://127.0.0.1:4174/cms
2026-10-05T06:23:09.2980816Z 2026-10-05T06:23:09.297Z pw:webserver Error while checking if http://127.0.0.1:4174/cms is available: connect ECONNREFUSED 127.0.0.1:4174
2026-10-05T06:23:09.2982086Z 2026-10-05T06:23:09.297Z pw:webserver Waiting 1000ms
2026-10-05T06:23:09.9204052Z [WebServer] vite v8.3.2 building client environment for production...
2026-10-05T06:23:09.9284075Z [WebServer] transforming...
2026-10-05T06:23:10.2994100Z 2026-10-05T06:23:10.299Z pw:webserver HTTP GET: http://127.0.0.1:4174/cms
2026-10-05T06:23:10.3006134Z 2026-10-05T06:23:10.300Z pw:webserver Error while checking if http://127.0.0.1:4174/cms is available: connect ECONNREFUSED 127.0.0.1:4174
2026-10-05T06:23:10.3007772Z 2026-10-05T06:23:10.300Z pw:webserver Waiting 1000ms
2026-10-05T06:23:10.7709169Z [WebServer] ✓ 381 modules transformed.
2026-10-05T06:23:10.8169020Z [WebServer] rendering chunks...
2026-10-05T06:23:10.8625813Z [WebServer] computing gzip size...
2026-10-05T06:23:10.8640955Z [WebServer] .svelte-kit/output/client/_app/version.json                                      0.02 kB │ gzip:  0.04 kB
2026-10-05T06:23:10.8642773Z [WebServer] .svelte-kit/output/client/.vite/manifest.json                                   17.64 kB │ gzip:  2.05 kB
2026-10-05T06:23:10.8644893Z [WebServer] .svelte-kit/output/client/_app/immutable/assets/24.DrcXZYa3.css                  0.17 kB │ gzip:  0.13 kB
2026-10-05T06:23:10.8646836Z [WebServer] .svelte-kit/output/client/_app/immutable/assets/MenuDialog.CSb6g0e0.css          0.20 kB │ gzip:  0.17 kB
2026-10-05T06:23:10.8648797Z [WebServer] .svelte-kit/output/client/_app/immutable/assets/7.Dcp-D_B2.css                   0.22 kB │ gzip:  0.15 kB
2026-10-05T06:23:10.8650730Z [WebServer] .svelte-kit/output/client/_app/immutable/assets/25.gKqYElxg.css                  0.36 kB │ gzip:  0.22 kB
2026-10-05T06:23:10.8652729Z [WebServer] .svelte-kit/output/client/_app/immutable/assets/EditorForm.BHWZld0R.css          0.44 kB │ gzip:  0.23 kB
2026-10-05T06:23:10.8654968Z [WebServer] .svelte-kit/output/client/_app/immutable/assets/DraftPreview.fwW3PV90.css        0.48 kB │ gzip:  0.25 kB
2026-10-05T06:23:10.8657036Z [WebServer] .svelte-kit/output/client/_app/immutable/assets/19.CyTVIvfE.css                  0.54 kB │ gzip:  0.26 kB
2026-10-05T06:23:10.8658971Z [WebServer] .svelte-kit/output/client/_app/immutable/assets/9.CVJ5M564.css                   0.57 kB │ gzip:  0.29 kB
2026-10-05T06:23:10.8660883Z [WebServer] .svelte-kit/output/client/_app/immutable/assets/17.B4jjrLtW.css                  0.68 kB │ gzip:  0.31 kB
2026-10-05T06:23:10.8662890Z [WebServer] .svelte-kit/output/client/_app/immutable/assets/14.CccxuyKJ.css                  0.70 kB │ gzip:  0.35 kB
2026-10-05T06:23:10.8665075Z [WebServer] .svelte-kit/output/client/_app/immutable/assets/ContentTypeEditor.BP8dJX1x.css   1.57 kB │ gzip:  0.55 kB
2026-10-05T06:23:10.8667453Z [WebServer] .svelte-kit/output/client/_app/immutable/assets/18.DYOooGE9.css                  1.60 kB │ gzip:  0.40 kB
2026-10-05T06:23:10.8669447Z [WebServer] .svelte-kit/output/client/_app/immutable/assets/15.C1Ra8cmf.css                  2.18 kB │ gzip:  0.68 kB
2026-10-05T06:23:10.8671594Z [WebServer] .svelte-kit/output/client/_app/immutable/assets/16.CvGkr_1p.css                  2.27 kB │ gzip:  0.85 kB
2026-10-05T06:23:10.8673513Z [WebServer] .svelte-kit/output/client/_app/immutable/assets/admin.CSBm7Oz-.css               2.57 kB │ gzip:  0.88 kB
2026-10-05T06:23:10.8675610Z [WebServer] .svelte-kit/output/client/_app/immutable/assets/8.D2HNaFcR.css                   3.13 kB │ gzip:  0.93 kB
2026-10-05T06:23:10.8677458Z [WebServer] .svelte-kit/output/client/_app/immutable/assets/WorkspaceShell.CG4u5kwz.css     37.08 kB │ gzip:  5.01 kB
2026-10-05T06:23:10.8679351Z [WebServer] .svelte-kit/output/client/_app/immutable/chunks/BPZE4QGD.js                      0.02 kB │ gzip:  0.04 kB
2026-10-05T06:23:10.8681232Z [WebServer] .svelte-kit/output/client/_app/immutable/nodes/0.jeR0z0to.js                     0.06 kB │ gzip:  0.08 kB
2026-10-05T06:23:10.8683073Z [WebServer] .svelte-kit/output/client/_app/immutable/nodes/2.jeR0z0to.js                     0.06 kB │ gzip:  0.08 kB
2026-10-05T06:23:10.8685193Z [WebServer] .svelte-kit/output/client/_app/immutable/nodes/3.jeR0z0to.js                     0.06 kB │ gzip:  0.08 kB
2026-10-05T06:23:10.8687151Z [WebServer] .svelte-kit/output/client/_app/immutable/nodes/4.jeR0z0to.js                     0.06 kB │ gzip:  0.08 kB
2026-10-05T06:23:10.8689032Z [WebServer] .svelte-kit/output/client/_app/immutable/nodes/6.jeR0z0to.js                     0.06 kB │ gzip:  0.08 kB
2026-10-05T06:23:10.8690776Z [WebServer] .svelte-kit/output/client/_app/immutable/entry/start.BdgVOyT4.js                 0.08 kB │ gzip:  0.09 kB
2026-10-05T06:23:10.8692561Z [WebServer] .svelte-kit/output/client/_app/immutable/chunks/4UOtecw_.js                      0.10 kB │ gzip:  0.11 kB
2026-10-05T06:23:10.8694333Z [WebServer] .svelte-kit/output/client/_app/immutable/chunks/DAFmNtUq.js                      0.15 kB │ gzip:  0.14 kB
2026-10-05T06:23:10.8696397Z [WebServer] .svelte-kit/output/client/_app/immutable/chunks/BQYE39OS.js                      0.15 kB │ gzip:  0.14 kB
2026-10-05T06:23:10.8698185Z [WebServer] .svelte-kit/output/client/_app/immutable/chunks/BeMOnYEs.js                      0.25 kB │ gzip:  0.19 kB
2026-10-05T06:23:10.8699949Z [WebServer] .svelte-kit/output/client/_app/immutable/chunks/ezc4biuN.js                      0.29 kB │ gzip:  0.16 kB
2026-10-05T06:23:10.8701706Z [WebServer] .svelte-kit/output/client/_app/immutable/chunks/BGiAjtnX.js                      0.34 kB │ gzip:  0.19 kB
2026-10-05T06:23:10.8703532Z [WebServer] .svelte-kit/output/client/_app/immutable/nodes/1.DvnRWo-8.js                     0.35 kB │ gzip:  0.25 kB
2026-10-05T06:23:10.8705761Z [WebServer] .svelte-kit/output/client/_app/immutable/chunks/DV80IOzh.js                      0.44 kB │ gzip:  0.21 kB
2026-10-05T06:23:10.8707601Z [WebServer] .svelte-kit/output/client/_app/immutable/nodes/5.B7QImuxP.js                     0.47 kB │ gzip:  0.30 kB
2026-10-05T06:23:10.8709452Z [WebServer] .svelte-kit/output/client/_app/immutable/chunks/CVxkVKuJ.js                      0.66 kB │ gzip:  0.44 kB
2026-10-05T06:23:10.8711319Z [WebServer] .svelte-kit/output/client/_app/immutable/nodes/21.DP1NtrDE.js                    1.12 kB │ gzip:  0.69 kB
2026-10-05T06:23:10.8713112Z [WebServer] .svelte-kit/output/client/_app/immutable/chunks/Bjy-W4x2.js                      1.36 kB │ gzip:  0.65 kB
2026-10-05T06:23:10.8715134Z [WebServer] .svelte-kit/output/client/_app/immutable/chunks/DYqxRLhk.js                      1.51 kB │ gzip:  0.76 kB
2026-10-05T06:23:10.8716923Z [WebServer] .svelte-kit/output/client/_app/immutable/nodes/20.BQUkSuoX.js                    1.80 kB │ gzip:  0.94 kB
2026-10-05T06:23:10.8718659Z [WebServer] .svelte-kit/output/client/_app/immutable/nodes/7.D8Z6VZyh.js                     1.86 kB │ gzip:  1.03 kB
2026-10-05T06:23:10.8721248Z [WebServer] .svelte-kit/output/client/_app/immutable/chunks/of21FNCH.js                      1.97 kB │ gzip:  0.75 kB
2026-10-05T06:23:10.8723359Z [WebServer] .svelte-kit/output/client/_app/immutable/chunks/C_aDlaWP.js                      2.82 kB │ gzip:  1.24 kB
2026-10-05T06:23:10.8726020Z [WebServer] .svelte-kit/output/client/_app/immutable/nodes/11.BwjzL8wc.js                    3.00 kB │ gzip:  1.36 kB
2026-10-05T06:23:10.8728087Z [WebServer] .svelte-kit/output/client/_app/immutable/nodes/24.BU_eeBbj.js                    3.07 kB │ gzip:  1.53 kB
2026-10-05T06:23:10.8730164Z [WebServer] .svelte-kit/output/client/_app/immutable/chunks/Bodu4IMV.js                      3.17 kB │ gzip:  1.31 kB
2026-10-05T06:23:10.8732207Z [WebServer] .svelte-kit/output/client/_app/immutable/nodes/13.CLLY2hYZ.js                    3.42 kB │ gzip:  1.64 kB
2026-10-05T06:23:10.8734258Z [WebServer] .svelte-kit/output/client/_app/immutable/chunks/CEhtMEE4.js                      3.52 kB │ gzip:  1.20 kB
2026-10-05T06:23:10.8736710Z [WebServer] .svelte-kit/output/client/_app/immutable/chunks/DsYVeeWk.js                      3.92 kB │ gzip:  1.21 kB
2026-10-05T06:23:10.8738818Z [WebServer] .svelte-kit/output/client/_app/immutable/nodes/9.CvlV39w0.js                     4.32 kB │ gzip:  1.96 kB
2026-10-05T06:23:10.8740858Z [WebServer] .svelte-kit/output/client/_app/immutable/nodes/17.CFwHdzlQ.js                    5.34 kB │ gzip:  2.18 kB
2026-10-05T06:23:10.8742911Z [WebServer] .svelte-kit/output/client/_app/immutable/nodes/12.CuIHo-yM.js                    5.90 kB │ gzip:  1.99 kB
2026-10-05T06:23:10.8745195Z [WebServer] .svelte-kit/output/client/_app/immutable/nodes/23.Dt4PTFao.js                    5.90 kB │ gzip:  2.63 kB
2026-10-05T06:23:10.8747242Z [WebServer] .svelte-kit/output/client/_app/immutable/nodes/14.D-ZJPTOW.js                    6.03 kB │ gzip:  2.53 kB
2026-10-05T06:23:10.8749417Z [WebServer] .svelte-kit/output/client/_app/immutable/nodes/10.Itd835zt.js                    6.13 kB │ gzip:  2.23 kB
2026-10-05T06:23:10.8751456Z [WebServer] .svelte-kit/output/client/_app/immutable/nodes/25.0ehfO7aJ.js                    6.48 kB │ gzip:  2.66 kB
2026-10-05T06:23:10.8753465Z [WebServer] .svelte-kit/output/client/_app/immutable/nodes/19.YFO8FvlL.js                    7.85 kB │ gzip:  3.25 kB
2026-10-05T06:23:10.8755901Z [WebServer] .svelte-kit/output/client/_app/immutable/nodes/22.BZ3UWW2k.js                    8.09 kB │ gzip:  3.37 kB
2026-10-05T06:23:10.8757954Z [WebServer] .svelte-kit/output/client/_app/immutable/entry/app.B2FW3VuB.js                  10.81 kB │ gzip:  3.74 kB
2026-10-05T06:23:10.8759972Z [WebServer] .svelte-kit/output/client/_app/immutable/nodes/26.0o3FApmS.js                   13.94 kB │ gzip:  5.15 kB
2026-10-05T06:23:10.8761983Z [WebServer] .svelte-kit/output/client/_app/immutable/chunks/wI4w5p7T.js                     14.34 kB │ gzip:  5.41 kB
2026-10-05T06:23:10.8763851Z [WebServer] .svelte-kit/output/client/_app/immutable/nodes/16.BgLiXvS9.js                   14.47 kB │ gzip:  5.06 kB
2026-10-05T06:23:10.8765853Z [WebServer] .svelte-kit/output/client/_app/immutable/nodes/8.B8CyB6tU.js                    15.61 kB │ gzip:  5.39 kB
2026-10-05T06:23:10.8767593Z [WebServer] .svelte-kit/output/client/_app/immutable/chunks/LKUuE0xp.js                     16.72 kB │ gzip:  6.37 kB
2026-10-05T06:23:10.8769330Z [WebServer] .svelte-kit/output/client/_app/immutable/nodes/18.BitY1V7T.js                   17.87 kB │ gzip:  4.94 kB
2026-10-05T06:23:10.8771070Z [WebServer] .svelte-kit/output/client/_app/immutable/chunks/DaVYqy8v.js                     32.96 kB │ gzip: 13.32 kB
2026-10-05T06:23:10.8772979Z [WebServer] .svelte-kit/output/client/_app/immutable/chunks/ErAW6CXj.js                     39.37 kB │ gzip: 11.87 kB
2026-10-05T06:23:10.8775087Z [WebServer] .svelte-kit/output/client/_app/immutable/chunks/C36-FXA0.js                     43.62 kB │ gzip: 15.98 kB
2026-10-05T06:23:10.8776906Z [WebServer] .svelte-kit/output/client/_app/immutable/nodes/15.D7eMC-d6.js                   50.89 kB │ gzip: 15.85 kB
2026-10-05T06:23:10.8778459Z [WebServer] .svelte-kit/output/client/_app/immutable/chunks/Bl_xBNqa.js                     56.93 kB │ gzip: 21.59 kB
2026-10-05T06:23:10.8779003Z [WebServer] 
2026-10-05T06:23:10.8780491Z [WebServer] [MODULE_LEVEL_DIRECTIVE] The semantics of the module level directive "use client" in "../../home/runner/work/cms/cms/node_modules/.pnpm/@tanstack+react-query@5.90.21_react@19.3.0/node_modules/@tanstack/react-query/build/modern/useSuspenseInfiniteQuery.js" may not be preserved when bundling.
2026-10-05T06:23:10.8783040Z [WebServer]    ╭─[ ../../home/runner/work/cms/cms/node_modules/.pnpm/@tanstack+react-query@5.90.21_react@19.3.0/node_modules/@tanstack/react-query/build/modern/useSuspenseInfiniteQuery.js:1:1 ]
2026-10-05T06:23:10.8783929Z [WebServer]    │
2026-10-05T06:23:10.8784370Z [WebServer]  1 │ "use client";
2026-10-05T06:23:10.8784879Z [WebServer]    │ ──────┬──────  
2026-10-05T06:23:10.8785543Z [WebServer]    │       ╰──────── module level directive may not be preserved
2026-10-05T06:23:10.8785962Z [WebServer]    │ 
2026-10-05T06:23:10.8786719Z [WebServer]    │ Help: For more information, see https://rolldown.rs/in-depth/directives#other-directives
2026-10-05T06:23:10.8787265Z [WebServer] ───╯
2026-10-05T06:23:10.8787469Z [WebServer] 
2026-10-05T06:23:10.8789108Z [WebServer] [MODULE_LEVEL_DIRECTIVE] The semantics of the module level directive "use client" in "../../home/runner/work/cms/cms/node_modules/.pnpm/@tanstack+react-query@5.90.21_react@19.3.0/node_modules/@tanstack/react-query/build/modern/useSuspenseQueries.js" may not be preserved when bundling.
2026-10-05T06:23:10.8791151Z [WebServer]    ╭─[ ../../home/runner/work/cms/cms/node_modules/.pnpm/@tanstack+react-query@5.90.21_react@19.3.0/node_modules/@tanstack/react-query/build/modern/useSuspenseQueries.js:1:1 ]
2026-10-05T06:23:10.8792074Z [WebServer]    │
2026-10-05T06:23:10.8792355Z [WebServer]  1 │ "use client";
2026-10-05T06:23:10.8792835Z [WebServer]    │ ──────┬──────  
2026-10-05T06:23:10.8793315Z [WebServer]    │       ╰──────── module level directive may not be preserved
2026-10-05T06:23:10.8793837Z [WebServer]    │ 
2026-10-05T06:23:10.8794607Z [WebServer]    │ Help: For more information, see https://rolldown.rs/in-depth/directives#other-directives
2026-10-05T06:23:10.8795330Z [WebServer] ───╯
2026-10-05T06:23:10.8795547Z [WebServer] 
2026-10-05T06:23:10.8797031Z [WebServer] [MODULE_LEVEL_DIRECTIVE] The semantics of the module level directive "use client" in "../../home/runner/work/cms/cms/node_modules/.pnpm/@tanstack+react-query@5.90.21_react@19.3.0/node_modules/@tanstack/react-query/build/modern/IsRestoringProvider.js" may not be preserved when bundling.
2026-10-05T06:23:10.8799259Z [WebServer]    ╭─[ ../../home/runner/work/cms/cms/node_modules/.pnpm/@tanstack+react-query@5.90.21_react@19.3.0/node_modules/@tanstack/react-query/build/modern/IsRestoringProvider.js:1:1 ]
2026-10-05T06:23:10.8800165Z [WebServer]    │
2026-10-05T06:23:10.8800444Z [WebServer]  1 │ "use client";
2026-10-05T06:23:10.8800923Z [WebServer]    │ ──────┬──────  
2026-10-05T06:23:10.8801420Z [WebServer]    │       ╰──────── module level directive may not be preserved
2026-10-05T06:23:10.8801849Z [WebServer]    │ 
2026-10-05T06:23:10.8802550Z [WebServer]    │ Help: For more information, see https://rolldown.rs/in-depth/directives#other-directives
2026-10-05T06:23:10.8803164Z [WebServer] ───╯
2026-10-05T06:23:10.8803410Z [WebServer] 
2026-10-05T06:23:10.8804915Z [WebServer] [MODULE_LEVEL_DIRECTIVE] The semantics of the module level directive "use client" in "../../home/runner/work/cms/cms/node_modules/.pnpm/@tanstack+react-query@5.90.21_react@19.3.0/node_modules/@tanstack/react-query/build/modern/useQuery.js" may not be preserved when bundling.
2026-10-05T06:23:10.8807029Z [WebServer]    ╭─[ ../../home/runner/work/cms/cms/node_modules/.pnpm/@tanstack+react-query@5.90.21_react@19.3.0/node_modules/@tanstack/react-query/build/modern/useQuery.js:1:1 ]
2026-10-05T06:23:10.8807828Z [WebServer]    │
2026-10-05T06:23:10.8808163Z [WebServer]  1 │ "use client";
2026-10-05T06:23:10.8808686Z [WebServer]    │ ──────┬──────  
2026-10-05T06:23:10.8809360Z [WebServer]    │       ╰──────── module level directive may not be preserved
2026-10-05T06:23:10.8809772Z [WebServer]    │ 
2026-10-05T06:23:10.8810527Z [WebServer]    │ Help: For more information, see https://rolldown.rs/in-depth/directives#other-directives
2026-10-05T06:23:10.8811243Z [WebServer] ───╯
2026-10-05T06:23:10.8811602Z [WebServer] 
2026-10-05T06:23:10.8813035Z [WebServer] [MODULE_LEVEL_DIRECTIVE] The semantics of the module level directive "use client" in "../../home/runner/work/cms/cms/node_modules/.pnpm/@tanstack+react-query@5.90.21_react@19.3.0/node_modules/@tanstack/react-query/build/modern/useQueries.js" may not be preserved when bundling.
2026-10-05T06:23:10.8815239Z [WebServer]    ╭─[ ../../home/runner/work/cms/cms/node_modules/.pnpm/@tanstack+react-query@5.90.21_react@19.3.0/node_modules/@tanstack/react-query/build/modern/useQueries.js:1:1 ]
2026-10-05T06:23:10.8816002Z [WebServer]    │
2026-10-05T06:23:10.8816433Z [WebServer]  1 │ "use client";
2026-10-05T06:23:10.8816754Z [WebServer]    │ ──────┬──────  
2026-10-05T06:23:10.8817299Z [WebServer]    │       ╰──────── module level directive may not be preserved
2026-10-05T06:23:10.8817779Z [WebServer]    │ 
2026-10-05T06:23:10.8818438Z [WebServer]    │ Help: For more information, see https://rolldown.rs/in-depth/directives#other-directives
2026-10-05T06:23:10.8819036Z [WebServer] ───╯
2026-10-05T06:23:10.8819242Z [WebServer] 
2026-10-05T06:23:10.8820735Z [WebServer] [MODULE_LEVEL_DIRECTIVE] The semantics of the module level directive "use client" in "../../home/runner/work/cms/cms/node_modules/.pnpm/@tanstack+react-query@5.90.21_react@19.3.0/node_modules/@tanstack/react-query/build/modern/useSuspenseQuery.js" may not be preserved when bundling.
2026-10-05T06:23:10.8822903Z [WebServer]    ╭─[ ../../home/runner/work/cms/cms/node_modules/.pnpm/@tanstack+react-query@5.90.21_react@19.3.0/node_modules/@tanstack/react-query/build/modern/useSuspenseQuery.js:1:1 ]
2026-10-05T06:23:10.8823810Z [WebServer]    │
2026-10-05T06:23:10.8824086Z [WebServer]  1 │ "use client";
2026-10-05T06:23:10.8824657Z [WebServer]    │ ──────┬──────  
2026-10-05T06:23:10.8825143Z [WebServer]    │       ╰──────── module level directive may not be preserved
2026-10-05T06:23:10.8825741Z [WebServer]    │ 
2026-10-05T06:23:10.8826358Z [WebServer]    │ Help: For more information, see https://rolldown.rs/in-depth/directives#other-directives
2026-10-05T06:23:10.8827029Z [WebServer] ───╯
2026-10-05T06:23:10.8827233Z [WebServer] 
2026-10-05T06:23:10.8828723Z [WebServer] [MODULE_LEVEL_DIRECTIVE] The semantics of the module level directive "use client" in "../../home/runner/work/cms/cms/node_modules/.pnpm/@tanstack+react-query@5.90.21_react@19.3.0/node_modules/@tanstack/react-query/build/modern/QueryClientProvider.js" may not be preserved when bundling.
2026-10-05T06:23:10.8830927Z [WebServer]    ╭─[ ../../home/runner/work/cms/cms/node_modules/.pnpm/@tanstack+react-query@5.90.21_react@19.3.0/node_modules/@tanstack/react-query/build/modern/QueryClientProvider.js:1:1 ]
2026-10-05T06:23:10.8831824Z [WebServer]    │
2026-10-05T06:23:10.8832103Z [WebServer]  1 │ "use client";
2026-10-05T06:23:10.8832426Z [WebServer]    │ ──────┬──────  
2026-10-05T06:23:10.8833074Z [WebServer]    │       ╰──────── module level directive may not be preserved
2026-10-05T06:23:10.8833469Z [WebServer]    │ 
2026-10-05T06:23:10.8834206Z [WebServer]    │ Help: For more information, see https://rolldown.rs/in-depth/directives#other-directives
2026-10-05T06:23:10.8834962Z [WebServer] ───╯
2026-10-05T06:23:10.8835308Z [WebServer] 
2026-10-05T06:23:10.8836768Z [WebServer] [MODULE_LEVEL_DIRECTIVE] The semantics of the module level directive "use client" in "../../home/runner/work/cms/cms/node_modules/.pnpm/@tanstack+react-query@5.90.21_react@19.3.0/node_modules/@tanstack/react-query/build/modern/useIsFetching.js" may not be preserved when bundling.
2026-10-05T06:23:10.8839078Z [WebServer]    ╭─[ ../../home/runner/work/cms/cms/node_modules/.pnpm/@tanstack+react-query@5.90.21_react@19.3.0/node_modules/@tanstack/react-query/build/modern/useIsFetching.js:1:1 ]
2026-10-05T06:23:10.8840021Z [WebServer]    │
2026-10-05T06:23:10.8840320Z [WebServer]  1 │ "use client";
2026-10-05T06:23:10.8840642Z [WebServer]    │ ──────┬──────  
2026-10-05T06:23:10.8841469Z [WebServer]    │       ╰──────── module level directive may not be preserved
2026-10-05T06:23:10.8841874Z [WebServer]    │ 
2026-10-05T06:23:10.8842620Z [WebServer]    │ Help: For more information, see https://rolldown.rs/in-depth/directives#other-directives
2026-10-05T06:23:10.8843149Z [WebServer] ───╯
2026-10-05T06:23:10.8843359Z [WebServer] 
2026-10-05T06:23:10.8845094Z [WebServer] [MODULE_LEVEL_DIRECTIVE] The semantics of the module level directive "use client" in "../../home/runner/work/cms/cms/node_modules/.pnpm/@tanstack+react-query@5.90.21_react@19.3.0/node_modules/@tanstack/react-query/build/modern/useInfiniteQuery.js" may not be preserved when bundling.
2026-10-05T06:23:10.8847184Z [WebServer]    ╭─[ ../../home/runner/work/cms/cms/node_modules/.pnpm/@tanstack+react-query@5.90.21_react@19.3.0/node_modules/@tanstack/react-query/build/modern/useInfiniteQuery.js:1:1 ]
2026-10-05T06:23:10.8847913Z [WebServer]    │
2026-10-05T06:23:10.8848185Z [WebServer]  1 │ "use client";
2026-10-05T06:23:10.8848509Z [WebServer]    │ ──────┬──────  
2026-10-05T06:23:10.8848979Z [WebServer]    │       ╰──────── module level directive may not be preserved
2026-10-05T06:23:10.8849367Z [WebServer]    │ 
2026-10-05T06:23:10.8850061Z [WebServer]    │ Help: For more information, see https://rolldown.rs/in-depth/directives#other-directives
2026-10-05T06:23:10.8850637Z [WebServer] ───╯
2026-10-05T06:23:10.8850833Z [WebServer] 
2026-10-05T06:23:10.8852139Z [WebServer] [MODULE_LEVEL_DIRECTIVE] The semantics of the module level directive "use client" in "../../home/runner/work/cms/cms/node_modules/.pnpm/@tanstack+react-query@5.90.21_react@19.3.0/node_modules/@tanstack/react-query/build/modern/useMutationState.js" may not be preserved when bundling.
2026-10-05T06:23:10.8853985Z [WebServer]    ╭─[ ../../home/runner/work/cms/cms/node_modules/.pnpm/@tanstack+react-query@5.90.21_react@19.3.0/node_modules/@tanstack/react-query/build/modern/useMutationState.js:1:1 ]
2026-10-05T06:23:10.8855008Z [WebServer]    │
2026-10-05T06:23:10.8855302Z [WebServer]  1 │ "use client";
2026-10-05T06:23:10.8855622Z [WebServer]    │ ──────┬──────  
2026-10-05T06:23:10.8856083Z [WebServer]    │       ╰──────── module level directive may not be preserved
2026-10-05T06:23:10.8856467Z [WebServer]    │ 
2026-10-05T06:23:10.8857161Z [WebServer]    │ Help: For more information, see https://rolldown.rs/in-depth/directives#other-directives
2026-10-05T06:23:10.8857771Z [WebServer] ───╯
2026-10-05T06:23:10.8857972Z [WebServer] 
2026-10-05T06:23:10.8859278Z [WebServer] [MODULE_LEVEL_DIRECTIVE] The semantics of the module level directive "use client" in "../../home/runner/work/cms/cms/node_modules/.pnpm/@tanstack+react-query@5.90.21_react@19.3.0/node_modules/@tanstack/react-query/build/modern/useMutation.js" may not be preserved when bundling.
2026-10-05T06:23:10.8861075Z [WebServer]    ╭─[ ../../home/runner/work/cms/cms/node_modules/.pnpm/@tanstack+react-query@5.90.21_react@19.3.0/node_modules/@tanstack/react-query/build/modern/useMutation.js:1:1 ]
2026-10-05T06:23:10.8862044Z [WebServer]    │
2026-10-05T06:23:10.8862321Z [WebServer]  1 │ "use client";
2026-10-05T06:23:10.8862639Z [WebServer]    │ ──────┬──────  
2026-10-05T06:23:10.8863106Z [WebServer]    │       ╰──────── module level directive may not be preserved
2026-10-05T06:23:10.8863493Z [WebServer]    │ 
2026-10-05T06:23:10.8864076Z [WebServer]    │ Help: For more information, see https://rolldown.rs/in-depth/directives#other-directives
2026-10-05T06:23:10.8864870Z [WebServer] ───╯
2026-10-05T06:23:10.8865082Z [WebServer] 
2026-10-05T06:23:10.8867061Z [WebServer] [MODULE_LEVEL_DIRECTIVE] The semantics of the module level directive "use client" in "../../home/runner/work/cms/cms/node_modules/.pnpm/@tanstack+react-query@5.90.21_react@19.3.0/node_modules/@tanstack/react-query/build/modern/QueryErrorResetBoundary.js" may not be preserved when bundling.
2026-10-05T06:23:10.8869502Z [WebServer]    ╭─[ ../../home/runner/work/cms/cms/node_modules/.pnpm/@tanstack+react-query@5.90.21_react@19.3.0/node_modules/@tanstack/react-query/build/modern/QueryErrorResetBoundary.js:1:1 ]
2026-10-05T06:23:10.8870296Z [WebServer]    │
2026-10-05T06:23:10.8870601Z [WebServer]  1 │ "use client";
2026-10-05T06:23:10.8871117Z [WebServer]    │ ──────┬──────  
2026-10-05T06:23:10.8871605Z [WebServer]    │       ╰──────── module level directive may not be preserved
2026-10-05T06:23:10.8871996Z [WebServer]    │ 
2026-10-05T06:23:10.8872641Z [WebServer]    │ Help: For more information, see https://rolldown.rs/in-depth/directives#other-directives
2026-10-05T06:23:10.8873155Z [WebServer] ───╯
2026-10-05T06:23:10.8873358Z [WebServer] 
2026-10-05T06:23:10.8874968Z [WebServer] [MODULE_LEVEL_DIRECTIVE] The semantics of the module level directive "use client" in "../../home/runner/work/cms/cms/node_modules/.pnpm/@tanstack+react-query@5.90.21_react@19.3.0/node_modules/@tanstack/react-query/build/modern/HydrationBoundary.js" may not be preserved when bundling.
2026-10-05T06:23:10.8876864Z [WebServer]    ╭─[ ../../home/runner/work/cms/cms/node_modules/.pnpm/@tanstack+react-query@5.90.21_react@19.3.0/node_modules/@tanstack/react-query/build/modern/HydrationBoundary.js:1:1 ]
2026-10-05T06:23:10.8877596Z [WebServer]    │
2026-10-05T06:23:10.8877877Z [WebServer]  1 │ "use client";
2026-10-05T06:23:10.8878191Z [WebServer]    │ ──────┬──────  
2026-10-05T06:23:10.8878654Z [WebServer]    │       ╰──────── module level directive may not be preserved
2026-10-05T06:23:10.8879047Z [WebServer]    │ 
2026-10-05T06:23:10.8879642Z [WebServer]    │ Help: For more information, see https://rolldown.rs/in-depth/directives#other-directives
2026-10-05T06:23:10.8880134Z [WebServer] ───╯
2026-10-05T06:23:10.8880328Z [WebServer] 
2026-10-05T06:23:10.8881665Z [WebServer] [MODULE_LEVEL_DIRECTIVE] The semantics of the module level directive "use client" in "../../home/runner/work/cms/cms/node_modules/.pnpm/@tanstack+react-query@5.90.21_react@19.3.0/node_modules/@tanstack/react-query/build/modern/errorBoundaryUtils.js" may not be preserved when bundling.
2026-10-05T06:23:10.8883543Z [WebServer]    ╭─[ ../../home/runner/work/cms/cms/node_modules/.pnpm/@tanstack+react-query@5.90.21_react@19.3.0/node_modules/@tanstack/react-query/build/modern/errorBoundaryUtils.js:1:1 ]
2026-10-05T06:23:10.8884278Z [WebServer]    │
2026-10-05T06:23:10.8884785Z [WebServer]  1 │ "use client";
2026-10-05T06:23:10.8885122Z [WebServer]    │ ──────┬──────  
2026-10-05T06:23:10.8885602Z [WebServer]    │       ╰──────── module level directive may not be preserved
2026-10-05T06:23:10.8885992Z [WebServer]    │ 
2026-10-05T06:23:10.8886585Z [WebServer]    │ Help: For more information, see https://rolldown.rs/in-depth/directives#other-directives
2026-10-05T06:23:10.8887093Z [WebServer] ───╯
2026-10-05T06:23:10.8887293Z [WebServer] 
2026-10-05T06:23:10.8888766Z [WebServer] [MODULE_LEVEL_DIRECTIVE] The semantics of the module level directive "use client" in "../../home/runner/work/cms/cms/node_modules/.pnpm/@tanstack+react-query@5.90.21_react@19.3.0/node_modules/@tanstack/react-query/build/modern/useBaseQuery.js" may not be preserved when bundling.
2026-10-05T06:23:10.8890715Z [WebServer]    ╭─[ ../../home/runner/work/cms/cms/node_modules/.pnpm/@tanstack+react-query@5.90.21_react@19.3.0/node_modules/@tanstack/react-query/build/modern/useBaseQuery.js:1:1 ]
2026-10-05T06:23:10.8891422Z [WebServer]    │
2026-10-05T06:23:10.8891696Z [WebServer]  1 │ "use client";
2026-10-05T06:23:10.8892012Z [WebServer]    │ ──────┬──────  
2026-10-05T06:23:10.8892473Z [WebServer]    │       ╰──────── module level directive may not be preserved
2026-10-05T06:23:10.8892852Z [WebServer]    │ 
2026-10-05T06:23:10.8893441Z [WebServer]    │ Help: For more information, see https://rolldown.rs/in-depth/directives#other-directives
2026-10-05T06:23:10.8893932Z [WebServer] ───╯
2026-10-05T06:23:10.8894135Z [WebServer] 
2026-10-05T06:23:10.8894620Z [WebServer] ✓ built in 948ms
2026-10-05T06:23:11.3004162Z 2026-10-05T06:23:11.300Z pw:webserver HTTP GET: http://127.0.0.1:4174/cms
2026-10-05T06:23:11.3012723Z 2026-10-05T06:23:11.301Z pw:webserver Error while checking if http://127.0.0.1:4174/cms is available: connect ECONNREFUSED 127.0.0.1:4174
2026-10-05T06:23:11.3013758Z 2026-10-05T06:23:11.301Z pw:webserver Waiting 1000ms
2026-10-05T06:23:11.9565982Z [WebServer] computing gzip size...
2026-10-05T06:23:11.9704284Z [WebServer] .svelte-kit/output/server/.vite/manifest.json                                                                  59.76 kB │ gzip:  5.66 kB
2026-10-05T06:23:11.9706725Z [WebServer] .svelte-kit/output/server/_app/immutable/assets/_page.DrcXZYa3.css                                              0.17 kB │ gzip:  0.13 kB
2026-10-05T06:23:11.9708868Z [WebServer] .svelte-kit/output/server/_app/immutable/assets/MenuDialog.CSb6g0e0.css                                         0.20 kB │ gzip:  0.17 kB
2026-10-05T06:23:11.9710859Z [WebServer] .svelte-kit/output/server/_app/immutable/assets/_page.Dcp-D_B2.css                                              0.22 kB │ gzip:  0.15 kB
2026-10-05T06:23:11.9712836Z [WebServer] .svelte-kit/output/server/_app/immutable/assets/_page.gKqYElxg.css                                              0.36 kB │ gzip:  0.22 kB
2026-10-05T06:23:11.9715216Z [WebServer] .svelte-kit/output/server/_app/immutable/assets/EditorForm.BHWZld0R.css                                         0.44 kB │ gzip:  0.23 kB
2026-10-05T06:23:11.9717329Z [WebServer] .svelte-kit/output/server/_app/immutable/assets/DraftPreview.fwW3PV90.css                                       0.48 kB │ gzip:  0.25 kB
2026-10-05T06:23:11.9719439Z [WebServer] .svelte-kit/output/server/_app/immutable/assets/_page.CyTVIvfE.css                                              0.54 kB │ gzip:  0.26 kB
2026-10-05T06:23:11.9721582Z [WebServer] .svelte-kit/output/server/_app/immutable/assets/_page.CVJ5M564.css                                              0.57 kB │ gzip:  0.29 kB
2026-10-05T06:23:11.9723680Z [WebServer] .svelte-kit/output/server/_app/immutable/assets/_page.B4jjrLtW.css                                              0.68 kB │ gzip:  0.31 kB
2026-10-05T06:23:11.9725993Z [WebServer] .svelte-kit/output/server/_app/immutable/assets/_page.CccxuyKJ.css                                              0.70 kB │ gzip:  0.35 kB
2026-10-05T06:23:11.9728065Z [WebServer] .svelte-kit/output/server/_app/immutable/assets/ContentTypeEditor.BP8dJX1x.css                                  1.57 kB │ gzip:  0.55 kB
2026-10-05T06:23:11.9730304Z [WebServer] .svelte-kit/output/server/_app/immutable/assets/_page.DYOooGE9.css                                              1.60 kB │ gzip:  0.40 kB
2026-10-05T06:23:11.9732470Z [WebServer] .svelte-kit/output/server/_app/immutable/assets/_page.C1Ra8cmf.css                                              2.18 kB │ gzip:  0.68 kB
2026-10-05T06:23:11.9735300Z [WebServer] .svelte-kit/output/server/_app/immutable/assets/_page.CvGkr_1p.css                                              2.27 kB │ gzip:  0.85 kB
2026-10-05T06:23:11.9737532Z [WebServer] .svelte-kit/output/server/_app/immutable/assets/admin.CSBm7Oz-.css                                              2.57 kB │ gzip:  0.88 kB
2026-10-05T06:23:11.9740038Z [WebServer] .svelte-kit/output/server/_app/immutable/assets/_page.D2HNaFcR.css                                              3.13 kB │ gzip:  0.93 kB
2026-10-05T06:23:11.9742291Z [WebServer] .svelte-kit/output/server/_app/immutable/assets/WorkspaceShell.CG4u5kwz.css                                    37.08 kB │ gzip:  5.01 kB
2026-10-05T06:23:11.9744633Z [WebServer] .svelte-kit/output/server/chunks/navigation.js                                                                  0.03 kB │ gzip:  0.05 kB
2026-10-05T06:23:11.9746656Z [WebServer] .svelte-kit/output/server/chunks/repository2.js                                                                 0.09 kB │ gzip:  0.08 kB
2026-10-05T06:23:11.9748661Z [WebServer] .svelte-kit/output/server/chunks/taxonomies2.js                                                                 0.09 kB │ gzip:  0.08 kB
2026-10-05T06:23:11.9750523Z [WebServer] .svelte-kit/output/server/chunks/chunks.js                                                                      0.10 kB │ gzip:  0.09 kB
2026-10-05T06:23:11.9752540Z [WebServer] .svelte-kit/output/server/remote-entry.js                                                                       0.16 kB │ gzip:  0.12 kB
2026-10-05T06:23:11.9754826Z [WebServer] .svelte-kit/output/server/chunks/server.js                                                                      0.16 kB │ gzip:  0.12 kB
2026-10-05T06:23:11.9756864Z [WebServer] .svelte-kit/output/server/chunks/transaction2.js                                                                0.19 kB │ gzip:  0.15 kB
2026-10-05T06:23:11.9758999Z [WebServer] .svelte-kit/output/server/entries/endpoints/api/comments/_server.ts.js                                          0.20 kB │ gzip:  0.16 kB
2026-10-05T06:23:11.9761160Z [WebServer] .svelte-kit/output/server/entries/endpoints/api/admin/comments/_server.ts.js                                    0.21 kB │ gzip:  0.16 kB
2026-10-05T06:23:11.9763358Z [WebServer] .svelte-kit/output/server/entries/pages/_page.server.ts.js                                                      0.22 kB │ gzip:  0.16 kB
2026-10-05T06:23:11.9765613Z [WebServer] .svelte-kit/output/server/env.js                                                                                0.22 kB │ gzip:  0.14 kB
2026-10-05T06:23:11.9767538Z [WebServer] .svelte-kit/output/server/chunks/remote-4cga8b.js                                                               0.22 kB │ gzip:  0.14 kB
2026-10-05T06:23:11.9769662Z [WebServer] .svelte-kit/output/server/entries/endpoints/api/redirects/404s/summary/_server.ts.js                            0.22 kB │ gzip:  0.17 kB
2026-10-05T06:23:11.9771673Z [WebServer] .svelte-kit/output/server/entries/endpoints/api/admin/comments/bulk/_server.ts.js                               0.22 kB │ gzip:  0.17 kB
2026-10-05T06:23:11.9774095Z [WebServer] .svelte-kit/output/server/entries/endpoints/api/admin/comments/counts/_server.ts.js                             0.22 kB │ gzip:  0.17 kB
2026-10-05T06:23:11.9776503Z [WebServer] .svelte-kit/output/server/chunks/navigation2.js                                                                 0.22 kB │ gzip:  0.17 kB
2026-10-05T06:23:11.9777612Z [WebServer] .svelte-kit/output/server/chunks/remote-5e9re.js                                                                0.23 kB │ gzip:  0.14 kB
2026-10-05T06:23:11.9778666Z [WebServer] .svelte-kit/output/server/chunks/remote-6z7yaa.js                                                               0.23 kB │ gzip:  0.14 kB
2026-10-05T06:23:11.9779768Z [WebServer] .svelte-kit/output/server/entries/pages/redirects/_page.server.ts.js                                            0.23 kB │ gzip:  0.18 kB
2026-10-05T06:23:11.9781195Z [WebServer] .svelte-kit/output/server/entries/endpoints/api/admin/comments/_id_/status/_server.ts.js                        0.23 kB │ gzip:  0.17 kB
2026-10-05T06:23:11.9782354Z [WebServer] .svelte-kit/output/server/chunks/remote-1ghd0c5.js                                                              0.24 kB │ gzip:  0.15 kB
2026-10-05T06:23:11.9783537Z [WebServer] .svelte-kit/output/server/chunks/remote-126fj8m.js                                                              0.24 kB │ gzip:  0.15 kB
2026-10-05T06:23:11.9785006Z [WebServer] .svelte-kit/output/server/entries/pages/content/_collection_/_layout.server.ts.js                               0.24 kB │ gzip:  0.18 kB
2026-10-05T06:23:11.9786216Z [WebServer] .svelte-kit/output/server/entries/endpoints/api/comments/_collection_/_contentId_/_server.ts.js                 0.25 kB │ gzip:  0.18 kB
2026-10-05T06:23:11.9787328Z [WebServer] .svelte-kit/output/server/chunks/remote-15ax3ep.js                                                              0.26 kB │ gzip:  0.15 kB
2026-10-05T06:23:11.9788459Z [WebServer] .svelte-kit/output/server/entries/endpoints/api/admin/comments/settings/_collection_/_server.ts.js              0.26 kB │ gzip:  0.17 kB
2026-10-05T06:23:11.9789629Z [WebServer] .svelte-kit/output/server/entries/endpoints/api/redirects/_server.ts.js                                         0.26 kB │ gzip:  0.18 kB
2026-10-05T06:23:11.9790737Z [WebServer] .svelte-kit/output/server/chunks/object-cache-configuration.js                                                  0.27 kB │ gzip:  0.19 kB
2026-10-05T06:23:11.9791898Z [WebServer] .svelte-kit/output/server/entries/endpoints/api/comments/_collection_/_contentId_/reactions/_server.ts.js       0.27 kB │ gzip:  0.18 kB
2026-10-05T06:23:11.9793014Z [WebServer] .svelte-kit/output/server/chunks/contract.js                                                                    0.28 kB │ gzip:  0.19 kB
2026-10-05T06:23:11.9794098Z [WebServer] .svelte-kit/output/server/entries/endpoints/api/schema/block-types/_server.ts.js                                0.28 kB │ gzip:  0.21 kB
2026-10-05T06:23:11.9795726Z [WebServer] .svelte-kit/output/server/entries/endpoints/api/content-picker/manifest/_server.ts.js                           0.28 kB │ gzip:  0.20 kB
2026-10-05T06:23:11.9796831Z [WebServer] .svelte-kit/output/server/chunks/env.js                                                                         0.28 kB │ gzip:  0.17 kB
2026-10-05T06:23:11.9797941Z [WebServer] .svelte-kit/output/server/entries/endpoints/api/admin/comments/_id_/_server.ts.js                               0.29 kB │ gzip:  0.19 kB
2026-10-05T06:23:11.9799121Z [WebServer] .svelte-kit/output/server/entries/endpoints/api/content-picker/collections/_server.ts.js                        0.32 kB │ gzip:  0.22 kB
2026-10-05T06:23:11.9800317Z [WebServer] .svelte-kit/output/server/entries/endpoints/api/schema/collections/reorder/_server.ts.js                        0.32 kB │ gzip:  0.23 kB
2026-10-05T06:23:11.9801487Z [WebServer] .svelte-kit/output/server/entries/endpoints/api/setup/status/_server.ts.js                                      0.33 kB │ gzip:  0.23 kB
2026-10-05T06:23:11.9802609Z [WebServer] .svelte-kit/output/server/entries/endpoints/api/redirects/_id_/_server.ts.js                                    0.33 kB │ gzip:  0.20 kB
2026-10-05T06:23:11.9803785Z [WebServer] .svelte-kit/output/server/entries/endpoints/api/redirects/404s/_server.ts.js                                    0.34 kB │ gzip:  0.20 kB
2026-10-05T06:23:11.9805078Z [WebServer] .svelte-kit/output/server/entries/pages/widgets/_page.server.ts.js                                              0.36 kB │ gzip:  0.23 kB
2026-10-05T06:23:11.9806183Z [WebServer] .svelte-kit/output/server/entries/pages/sections/_layout.server.ts.js                                           0.36 kB │ gzip:  0.23 kB
2026-10-05T06:23:11.9807351Z [WebServer] .svelte-kit/output/server/entries/endpoints/api/content-picker/content/_collection_/_server.ts.js               0.36 kB │ gzip:  0.24 kB
2026-10-05T06:23:11.9808751Z [WebServer] .svelte-kit/output/server/entries/endpoints/api/schema/collections/_collection_/fields/reorder/_server.ts.js    0.40 kB │ gzip:  0.26 kB
2026-10-05T06:23:11.9809878Z [WebServer] .svelte-kit/output/server/internal.js                                                                           0.40 kB │ gzip:  0.19 kB
2026-10-05T06:23:11.9811092Z [WebServer] .svelte-kit/output/server/entries/endpoints/api/schema/collections/_server.ts.js                                0.42 kB │ gzip:  0.25 kB
2026-10-05T06:23:11.9812203Z [WebServer] .svelte-kit/output/server/entries/fallbacks/layout.svelte.js                                                    0.45 kB │ gzip:  0.31 kB
2026-10-05T06:23:11.9813355Z [WebServer] .svelte-kit/output/server/entries/endpoints/api/schema/collections/_collection_/fields/_server.ts.js            0.45 kB │ gzip:  0.29 kB
2026-10-05T06:23:11.9814667Z [WebServer] .svelte-kit/output/server/chunks/collection-slugs-state.js                                                      0.48 kB │ gzip:  0.29 kB
2026-10-05T06:23:11.9815724Z [WebServer] .svelte-kit/output/server/chunks/authorize.js                                                                   0.49 kB │ gzip:  0.32 kB
2026-10-05T06:23:11.9816718Z [WebServer] .svelte-kit/output/server/chunks/context.js                                                                     0.50 kB │ gzip:  0.29 kB
2026-10-05T06:23:11.9817723Z [WebServer] .svelte-kit/output/server/chunks/deferred-tasks.js                                                              0.50 kB │ gzip:  0.29 kB
2026-10-05T06:23:11.9818753Z [WebServer] .svelte-kit/output/server/chunks/chrome-tags.js                                                                 0.52 kB │ gzip:  0.33 kB
2026-10-05T06:23:11.9819831Z [WebServer] .svelte-kit/output/server/entries/endpoints/api/auth/me/_server.ts.js                                           0.53 kB │ gzip:  0.32 kB
2026-10-05T06:23:11.9820982Z [WebServer] .svelte-kit/output/server/entries/endpoints/api/schema/collections/_collection_/fields/_field_/_server.ts.js    0.54 kB │ gzip:  0.30 kB
2026-10-05T06:23:11.9822094Z [WebServer] .svelte-kit/output/server/chunks/chunks2.js                                                                     0.56 kB │ gzip:  0.39 kB
2026-10-05T06:23:11.9823115Z [WebServer] .svelte-kit/output/server/entries/fallbacks/error.svelte.js                                                     0.59 kB │ gzip:  0.36 kB
2026-10-05T06:23:11.9824231Z [WebServer] .svelte-kit/output/server/entries/endpoints/api/auth/passkey/options/_server.ts.js                              0.60 kB │ gzip:  0.34 kB
2026-10-05T06:23:11.9825736Z [WebServer] .svelte-kit/output/server/entries/pages/comments/settings/_collection_/_page.server.ts.js                       0.61 kB │ gzip:  0.35 kB
2026-10-05T06:23:11.9827144Z [WebServer] .svelte-kit/output/server/entries/pages/schema/_layout.server.ts.js                                             0.61 kB │ gzip:  0.36 kB
2026-10-05T06:23:11.9828264Z [WebServer] .svelte-kit/output/server/entries/pages/schema/_manage/_layout.svelte.js                                        0.63 kB │ gzip:  0.32 kB
2026-10-05T06:23:11.9829328Z [WebServer] .svelte-kit/output/server/chunks/current-user.js                                                                0.66 kB │ gzip:  0.38 kB
2026-10-05T06:23:11.9830444Z [WebServer] .svelte-kit/output/server/entries/pages/content/_collection_/_id_/workflow/_page.server.ts.js                   0.67 kB │ gzip:  0.32 kB
2026-10-05T06:23:11.9831649Z [WebServer] .svelte-kit/output/server/entries/endpoints/api/schema/collections/_collection_/_server.ts.js                   0.70 kB │ gzip:  0.35 kB
2026-10-05T06:23:11.9832734Z [WebServer] .svelte-kit/output/server/chunks/host.js                                                                        0.75 kB │ gzip:  0.37 kB
2026-10-05T06:23:11.9833725Z [WebServer] .svelte-kit/output/server/chunks/editor-display.js                                                              0.77 kB │ gzip:  0.37 kB
2026-10-05T06:23:11.9835377Z [WebServer] .svelte-kit/output/server/chunks/store.js                                                                       0.78 kB │ gzip:  0.42 kB
2026-10-05T06:23:11.9836479Z [WebServer] .svelte-kit/output/server/entries/pages/trash/_collection_/_page.server.ts.js                                   0.79 kB │ gzip:  0.41 kB
2026-10-05T06:23:11.9837804Z [WebServer] .svelte-kit/output/server/entries/endpoints/api/setup/admin/verify/_server.ts.js                                0.83 kB │ gzip:  0.43 kB
2026-10-05T06:23:11.9838920Z [WebServer] .svelte-kit/output/server/entries/pages/menus/_layout.server.ts.js                                              0.85 kB │ gzip:  0.48 kB
2026-10-05T06:23:11.9840020Z [WebServer] .svelte-kit/output/server/entries/endpoints/api/setup/admin/_server.ts.js                                       0.87 kB │ gzip:  0.46 kB
2026-10-05T06:23:11.9841156Z [WebServer] .svelte-kit/output/server/entries/endpoints/api/menus/_name_/items/_server.ts.js                                0.89 kB │ gzip:  0.45 kB
2026-10-05T06:23:11.9842302Z [WebServer] .svelte-kit/output/server/entries/endpoints/api/menus/_name_/reorder/_server.ts.js                              0.90 kB │ gzip:  0.45 kB
2026-10-05T06:23:11.9843474Z [WebServer] .svelte-kit/output/server/entries/endpoints/api/byline-fields/_slug_/usage/_server.ts.js                        0.91 kB │ gzip:  0.47 kB
2026-10-05T06:23:11.9844898Z [WebServer] .svelte-kit/output/server/chunks/i18n-config.js                                                                 0.93 kB │ gzip:  0.49 kB
2026-10-05T06:23:11.9845924Z [WebServer] .svelte-kit/output/server/chunks/widgets.js                                                                     0.95 kB │ gzip:  0.47 kB
2026-10-05T06:23:11.9846965Z [WebServer] .svelte-kit/output/server/entries/endpoints/api/menus/_server.ts.js                                             1.01 kB │ gzip:  0.47 kB
2026-10-05T06:23:11.9848110Z [WebServer] .svelte-kit/output/server/entries/endpoints/api/taxonomies/_name_/translations/_server.ts.js                    1.04 kB │ gzip:  0.51 kB
2026-10-05T06:23:11.9849203Z [WebServer] .svelte-kit/output/server/chunks/status.js                                                                      1.04 kB │ gzip:  0.55 kB
2026-10-05T06:23:11.9850192Z [WebServer] .svelte-kit/output/server/chunks/transaction.js                                                                 1.06 kB │ gzip:  0.50 kB
2026-10-05T06:23:11.9851279Z [WebServer] .svelte-kit/output/server/entries/endpoints/api/byline-fields/reorder/_server.ts.js                             1.08 kB │ gzip:  0.47 kB
2026-10-05T06:23:11.9852372Z [WebServer] .svelte-kit/output/server/chunks/write-plan.js                                                                  1.13 kB │ gzip:  0.56 kB
2026-10-05T06:23:11.9853460Z [WebServer] .svelte-kit/output/server/entries/endpoints/api/taxonomies/_name_/reorder/_server.ts.js                         1.14 kB │ gzip:  0.52 kB
2026-10-05T06:23:11.9854869Z [WebServer] .svelte-kit/output/server/chunks/context2.js                                                                    1.18 kB │ gzip:  0.67 kB
2026-10-05T06:23:11.9855899Z [WebServer] .svelte-kit/output/server/chunks/paths.js                                                                       1.18 kB │ gzip:  0.66 kB
2026-10-05T06:23:11.9856948Z [WebServer] .svelte-kit/output/server/entries/endpoints/api/auth/logout/_server.ts.js                                       1.28 kB │ gzip:  0.62 kB
2026-10-05T06:23:11.9858002Z [WebServer] .svelte-kit/output/server/chunks/request.js                                                                     1.30 kB │ gzip:  0.68 kB
2026-10-05T06:23:11.9858990Z [WebServer] .svelte-kit/output/server/chunks/namespaces.js                                                                  1.34 kB │ gzip:  0.63 kB
2026-10-05T06:23:11.9860042Z [WebServer] .svelte-kit/output/server/entries/endpoints/api/taxonomies/_server.ts.js                                        1.36 kB │ gzip:  0.57 kB
2026-10-05T06:23:11.9861257Z [WebServer] .svelte-kit/output/server/chunks/internal2.js                                                                   1.37 kB │ gzip:  0.56 kB
2026-10-05T06:23:11.9862353Z [WebServer] .svelte-kit/output/server/entries/endpoints/api/auth/passkey/verify/_server.ts.js                               1.39 kB │ gzip:  0.63 kB
2026-10-05T06:23:11.9863548Z [WebServer] .svelte-kit/output/server/chunks/base64.js                                                                      1.41 kB │ gzip:  0.65 kB
2026-10-05T06:23:11.9864981Z [WebServer] .svelte-kit/output/server/entries/endpoints/api/menus/_name_/items/_id_/_server.ts.js                           1.47 kB │ gzip:  0.55 kB
2026-10-05T06:23:11.9866119Z [WebServer] .svelte-kit/output/server/chunks/identity-schemas.js                                                            1.48 kB │ gzip:  0.55 kB
2026-10-05T06:23:11.9867585Z [WebServer] .svelte-kit/output/server/entries/pages/sections/_slug_/_page.svelte.js                                         1.50 kB │ gzip:  0.58 kB
2026-10-05T06:23:11.9868747Z [WebServer] .svelte-kit/output/server/entries/endpoints/api/menus/_name_/_server.ts.js                                      1.52 kB │ gzip:  0.52 kB
2026-10-05T06:23:11.9869884Z [WebServer] .svelte-kit/output/server/entries/endpoints/api/taxonomies/_name_/terms/_server.ts.js                           1.59 kB │ gzip:  0.63 kB
2026-10-05T06:23:11.9871043Z [WebServer] .svelte-kit/output/server/entries/endpoints/api/byline-fields/_server.ts.js                                     1.64 kB │ gzip:  0.59 kB
2026-10-05T06:23:11.9872120Z [WebServer] .svelte-kit/output/server/chunks/atomic-query-loop.js                                                           1.66 kB │ gzip:  0.73 kB
2026-10-05T06:23:11.9873221Z [WebServer] .svelte-kit/output/server/entries/pages/schema/_manage/new/_page.svelte.js                                      1.67 kB │ gzip:  0.73 kB
2026-10-05T06:23:11.9874613Z [WebServer] .svelte-kit/output/server/entries/endpoints/api/menus/_name_/translations/_server.ts.js                         1.70 kB │ gzip:  0.68 kB
2026-10-05T06:23:11.9875982Z [WebServer] .svelte-kit/output/server/chunks/slugify.js                                                                     1.77 kB │ gzip:  0.91 kB
2026-10-05T06:23:11.9877103Z [WebServer] .svelte-kit/output/server/entries/hooks.universal.js                                                            1.77 kB │ gzip:  0.73 kB
2026-10-05T06:23:11.9878981Z [WebServer] .svelte-kit/output/server/chunks/migrations2.js                                                                 1.78 kB │ gzip:  0.67 kB
2026-10-05T06:23:11.9880657Z [WebServer] .svelte-kit/output/server/chunks/parse2.js                                                                      1.85 kB │ gzip:  0.90 kB
2026-10-05T06:23:11.9882240Z [WebServer] .svelte-kit/output/server/chunks/DraftPreview.js                                                                1.88 kB │ gzip:  0.79 kB
2026-10-05T06:23:11.9884014Z [WebServer] .svelte-kit/output/server/entries/endpoints/api/sections/_server.ts.js                                          1.88 kB │ gzip:  0.64 kB
2026-10-05T06:23:11.9886069Z [WebServer] .svelte-kit/output/server/chunks/schemas5.js                                                                    1.91 kB │ gzip:  0.49 kB
2026-10-05T06:23:11.9887970Z [WebServer] .svelte-kit/output/server/chunks/workspace.remote.js                                                            1.95 kB │ gzip:  0.76 kB
2026-10-05T06:23:11.9889878Z [WebServer] .svelte-kit/output/server/chunks/readiness.js                                                                   1.98 kB │ gzip:  0.92 kB
2026-10-05T06:23:11.9891679Z [WebServer] .svelte-kit/output/server/chunks/db-errors.js                                                                   2.01 kB │ gzip:  0.97 kB
2026-10-05T06:23:11.9893512Z [WebServer] .svelte-kit/output/server/entries/pages/comments/_page.server.ts.js                                             2.02 kB │ gzip:  0.86 kB
2026-10-05T06:23:11.9895919Z [WebServer] .svelte-kit/output/server/chunks/validate2.js                                                                   2.05 kB │ gzip:  0.95 kB
2026-10-05T06:23:11.9897914Z [WebServer] .svelte-kit/output/server/entries/endpoints/api/widget-areas/_name_/reorder/_server.ts.js                       2.06 kB │ gzip:  0.87 kB
2026-10-05T06:23:11.9899988Z [WebServer] .svelte-kit/output/server/chunks/validate.js                                                                    2.08 kB │ gzip:  0.97 kB
2026-10-05T06:23:11.9901791Z [WebServer] .svelte-kit/output/server/chunks/editor-autosave.remote.js                                                      2.09 kB │ gzip:  0.74 kB
2026-10-05T06:23:11.9903879Z [WebServer] .svelte-kit/output/server/entries/endpoints/api/widget-components/_server.ts.js                                 2.13 kB │ gzip:  0.77 kB
2026-10-05T06:23:11.9906926Z [WebServer] .svelte-kit/output/server/chunks/init-lock.js                                                                   2.15 kB │ gzip:  1.00 kB
2026-10-05T06:23:11.9908681Z [WebServer] .svelte-kit/output/server/chunks/turnstile.js                                                                   2.20 kB │ gzip:  1.13 kB
2026-10-05T06:23:11.9910539Z [WebServer] .svelte-kit/output/server/entries/endpoints/api/taxonomies/_name_/_server.ts.js                                 2.23 kB │ gzip:  0.69 kB
2026-10-05T06:23:11.9912562Z [WebServer] .svelte-kit/output/server/entries/endpoints/api/widget-areas/_name_/_server.ts.js                               2.36 kB │ gzip:  0.80 kB
2026-10-05T06:23:11.9914883Z [WebServer] .svelte-kit/output/server/entries/pages/schema/_manage/_collection_/_page.svelte.js                             2.37 kB │ gzip:  0.89 kB
2026-10-05T06:23:11.9916934Z [WebServer] .svelte-kit/output/server/entries/endpoints/api/taxonomies/_name_/terms/_slug_/translations/_server.ts.js       2.39 kB │ gzip:  0.81 kB
2026-10-05T06:23:11.9919082Z [WebServer] .svelte-kit/output/server/entries/endpoints/api/byline-fields/_slug_/_server.ts.js                              2.40 kB │ gzip:  0.69 kB
2026-10-05T06:23:11.9921208Z [WebServer] .svelte-kit/output/server/entries/endpoints/api/widget-areas/_name_/widgets/_server.ts.js                       2.41 kB │ gzip:  0.99 kB
2026-10-05T06:23:11.9923154Z [WebServer] .svelte-kit/output/server/chunks/BlockSettings.js                                                               2.42 kB │ gzip:  0.90 kB
2026-10-05T06:23:11.9925440Z [WebServer] .svelte-kit/output/server/entries/endpoints/api/taxonomies/_name_/terms/_slug_/_server.ts.js                    2.44 kB │ gzip:  0.69 kB
2026-10-05T06:23:11.9927449Z [WebServer] .svelte-kit/output/server/chunks/passkey-browser.js                                                             2.46 kB │ gzip:  0.78 kB
2026-10-05T06:23:11.9929198Z [WebServer] .svelte-kit/output/server/chunks/schema.js                                                                      2.51 kB │ gzip:  0.76 kB
2026-10-05T06:23:11.9931000Z [WebServer] .svelte-kit/output/server/entries/pages/sections/_page.svelte.js                                                2.52 kB │ gzip:  0.87 kB
2026-10-05T06:23:11.9932751Z [WebServer] .svelte-kit/output/server/chunks/admin-http.js                                                                  2.53 kB │ gzip:  1.11 kB
2026-10-05T06:23:11.9934938Z [WebServer] .svelte-kit/output/server/entries/endpoints/api/bylines/_id_/translations/_server.ts.js                         2.54 kB │ gzip:  0.91 kB
2026-10-05T06:23:11.9936833Z [WebServer] .svelte-kit/output/server/entries/pages/_page.svelte.js                                                         2.60 kB │ gzip:  1.05 kB
2026-10-05T06:23:11.9938551Z [WebServer] .svelte-kit/output/server/chunks/http2.js                                                                       2.64 kB │ gzip:  1.19 kB
2026-10-05T06:23:11.9940237Z [WebServer] .svelte-kit/output/server/chunks/session.js                                                                     2.65 kB │ gzip:  1.10 kB
2026-10-05T06:23:11.9942320Z [WebServer] .svelte-kit/output/server/entries/endpoints/api/sections/_slug_/_server.ts.js                                   2.66 kB │ gzip:  0.71 kB
2026-10-05T06:23:11.9944213Z [WebServer] .svelte-kit/output/server/entries/endpoints/api/widget-areas/_server.ts.js                                      2.69 kB │ gzip:  0.99 kB
2026-10-05T06:23:11.9946437Z [WebServer] .svelte-kit/output/server/chunks/state.js                                                                       2.76 kB │ gzip:  1.15 kB
2026-10-05T06:23:11.9948180Z [WebServer] .svelte-kit/output/server/entries/endpoints/api/bylines/_server.ts.js                                           2.88 kB │ gzip:  1.08 kB
2026-10-05T06:23:11.9949895Z [WebServer] .svelte-kit/output/server/chunks/types2.js                                                                      2.92 kB │ gzip:  1.23 kB
2026-10-05T06:23:11.9951546Z [WebServer] .svelte-kit/output/server/chunks/schema-common.js                                                               2.93 kB │ gzip:  1.32 kB
2026-10-05T06:23:11.9953344Z [WebServer] .svelte-kit/output/server/entries/endpoints/api/bylines/_id_/_server.ts.js                                      2.98 kB │ gzip:  0.99 kB
2026-10-05T06:23:11.9955339Z [WebServer] .svelte-kit/output/server/chunks/settings.js                                                                    2.99 kB │ gzip:  1.21 kB
2026-10-05T06:23:11.9957029Z [WebServer] .svelte-kit/output/server/chunks/types3.js                                                                      3.32 kB │ gzip:  1.38 kB
2026-10-05T06:23:11.9958673Z [WebServer] .svelte-kit/output/server/chunks/taxonomy-migrations.js                                                         3.35 kB │ gzip:  0.96 kB
2026-10-05T06:23:11.9960366Z [WebServer] .svelte-kit/output/server/chunks/dialect-helpers.js                                                             3.47 kB │ gzip:  1.51 kB
2026-10-05T06:23:11.9962056Z [WebServer] .svelte-kit/output/server/chunks/d1.js                                                                          3.51 kB │ gzip:  1.19 kB
2026-10-05T06:23:11.9963844Z [WebServer] .svelte-kit/output/server/chunks/field-handlers.js                                                              3.67 kB │ gzip:  0.93 kB
2026-10-05T06:23:11.9966062Z [WebServer] .svelte-kit/output/server/entries/endpoints/api/widget-areas/_name_/widgets/_id_/_server.ts.js                  3.85 kB │ gzip:  1.08 kB
2026-10-05T06:23:11.9967871Z [WebServer] .svelte-kit/output/server/chunks/types.js                                                                       3.90 kB │ gzip:  1.62 kB
2026-10-05T06:23:11.9969594Z [WebServer] .svelte-kit/output/server/chunks/node.js                                                                        3.93 kB │ gzip:  1.45 kB
2026-10-05T06:23:11.9971386Z [WebServer] .svelte-kit/output/server/chunks/request4.js                                                                    4.24 kB │ gzip:  1.74 kB
2026-10-05T06:23:11.9973291Z [WebServer] .svelte-kit/output/server/entries/pages/setup/_page.svelte.js                                                   4.41 kB │ gzip:  1.59 kB
2026-10-05T06:23:11.9975365Z [WebServer] .svelte-kit/output/server/chunks/runtime-client.js                                                              4.44 kB │ gzip:  1.42 kB
2026-10-05T06:23:11.9977184Z [WebServer] .svelte-kit/output/server/chunks/schemas3.js                                                                    4.54 kB │ gzip:  1.50 kB
2026-10-05T06:23:11.9979138Z [WebServer] .svelte-kit/output/server/entries/pages/comments/settings/_collection_/_page.svelte.js                          4.78 kB │ gzip:  1.52 kB
2026-10-05T06:23:11.9981069Z [WebServer] .svelte-kit/output/server/entries/pages/login/_page.svelte.js                                                   4.81 kB │ gzip:  1.65 kB
2026-10-05T06:23:11.9982866Z [WebServer] .svelte-kit/output/server/entries/pages/menus/_page.svelte.js                                                   4.98 kB │ gzip:  1.55 kB
2026-10-05T06:23:11.9985169Z [WebServer] .svelte-kit/output/server/chunks/namespace.js                                                                   5.00 kB │ gzip:  1.68 kB
2026-10-05T06:23:11.9986940Z [WebServer] .svelte-kit/output/server/chunks/manifest.js                                                                    5.25 kB │ gzip:  1.96 kB
2026-10-05T06:23:11.9989049Z [WebServer] .svelte-kit/output/server/entries/endpoints/api/content/_collection_/_id_/terms/_taxonomy_/_server.ts.js        5.29 kB │ gzip:  1.54 kB
2026-10-05T06:23:11.9991134Z [WebServer] .svelte-kit/output/server/entries/pages/content/_collection_/_id_/_page.svelte.js                               5.37 kB │ gzip:  1.40 kB
2026-10-05T06:23:11.9993084Z [WebServer] .svelte-kit/output/server/chunks/migration-provider.js                                                          5.68 kB │ gzip:  2.10 kB
2026-10-05T06:23:11.9995095Z [WebServer] .svelte-kit/output/server/chunks/auth.remote.js                                                                 5.88 kB │ gzip:  1.74 kB
2026-10-05T06:23:11.9996823Z [WebServer] .svelte-kit/output/server/chunks/schemas2.js                                                                    5.99 kB │ gzip:  1.66 kB
2026-10-05T06:23:11.9998561Z [WebServer] .svelte-kit/output/server/chunks/client.js                                                                      6.04 kB │ gzip:  2.40 kB
2026-10-05T06:23:12.0000358Z [WebServer] .svelte-kit/output/server/chunks/MenuDialog.js                                                                  6.05 kB │ gzip:  1.45 kB
2026-10-05T06:23:12.0002277Z [WebServer] .svelte-kit/output/server/entries/pages/schema/_page.svelte.js                                                  6.39 kB │ gzip:  1.82 kB
2026-10-05T06:23:12.0004585Z [WebServer] .svelte-kit/output/server/entries/pages/schema/_manage/_page.svelte.js                                          6.99 kB │ gzip:  2.03 kB
2026-10-05T06:23:12.0006419Z [WebServer] .svelte-kit/output/server/chunks/exports.js                                                                     7.06 kB │ gzip:  2.20 kB
2026-10-05T06:23:12.0008126Z [WebServer] .svelte-kit/output/server/chunks/admin.js                                                                       7.21 kB │ gzip:  1.76 kB
2026-10-05T06:23:12.0009974Z [WebServer] .svelte-kit/output/server/chunks/zod-generator.js                                                               7.30 kB │ gzip:  2.48 kB
2026-10-05T06:23:12.0011930Z [WebServer] .svelte-kit/output/server/entries/endpoints/api/calendar/_server.ts.js                                          7.89 kB │ gzip:  3.16 kB
2026-10-05T06:23:12.0013881Z [WebServer] .svelte-kit/output/server/entries/pages/trash/_collection_/_page.svelte.js                                      9.18 kB │ gzip:  2.68 kB
2026-10-05T06:23:12.0015934Z [WebServer] .svelte-kit/output/server/chunks/routing.js                                                                     9.48 kB │ gzip:  3.15 kB
2026-10-05T06:23:12.0017844Z [WebServer] .svelte-kit/output/server/entries/pages/content/_collection_/_page.svelte.js                                    9.56 kB │ gzip:  1.87 kB
2026-10-05T06:23:12.0019664Z [WebServer] .svelte-kit/output/server/chunks/i18n-resolve.js                                                                9.77 kB │ gzip:  3.81 kB
2026-10-05T06:23:12.0021373Z [WebServer] .svelte-kit/output/server/chunks/taxonomies.js                                                                  9.92 kB │ gzip:  3.58 kB
2026-10-05T06:23:12.0023146Z [WebServer] .svelte-kit/output/server/entries/pages/redirects/_page.svelte.js                                              10.08 kB │ gzip:  2.74 kB
2026-10-05T06:23:12.0025105Z [WebServer] .svelte-kit/output/server/chunks/schemas4.js                                                                   10.23 kB │ gzip:  2.61 kB
2026-10-05T06:23:12.0026954Z [WebServer] .svelte-kit/output/server/entries/endpoints/api/taxonomies/bulk-tag/_server.ts.js                              10.52 kB │ gzip:  3.15 kB
2026-10-05T06:23:12.0029064Z [WebServer] .svelte-kit/output/server/chunks/shared.js                                                                     11.28 kB │ gzip:  3.51 kB
2026-10-05T06:23:12.0030801Z [WebServer] .svelte-kit/output/server/chunks/object-cache.js                                                               11.39 kB │ gzip:  4.01 kB
2026-10-05T06:23:12.0032735Z [WebServer] .svelte-kit/output/server/chunks/schemas.js                                                                    11.98 kB │ gzip:  3.88 kB
2026-10-05T06:23:12.0034821Z [WebServer] .svelte-kit/output/server/entries/pages/content/_collection_/_id_/workflow/_page.svelte.js                     12.84 kB │ gzip:  2.27 kB
2026-10-05T06:23:12.0036814Z [WebServer] .svelte-kit/output/server/entries/pages/widgets/_page.svelte.js                                                13.24 kB │ gzip:  3.31 kB
2026-10-05T06:23:12.0038617Z [WebServer] .svelte-kit/output/server/chunks/schema.remote.js                                                              13.32 kB │ gzip:  3.36 kB
2026-10-05T06:23:12.0040360Z [WebServer] .svelte-kit/output/server/chunks/WorkspaceShell.js                                                             13.48 kB │ gzip:  3.54 kB
2026-10-05T06:23:12.0042223Z [WebServer] .svelte-kit/output/server/entries/pages/comments/_page.svelte.js                                               13.73 kB │ gzip:  3.66 kB
2026-10-05T06:23:12.0043991Z [WebServer] .svelte-kit/output/server/chunks/EditorForm.js                                                                 19.22 kB │ gzip:  5.36 kB
2026-10-05T06:23:12.0045932Z [WebServer] .svelte-kit/output/server/entries/pages/menus/_name_/_page.svelte.js                                           20.49 kB │ gzip:  5.20 kB
2026-10-05T06:23:12.0047812Z [WebServer] .svelte-kit/output/server/entries/pages/schema/_collection_/_page.svelte.js                                    20.66 kB │ gzip:  3.59 kB
2026-10-05T06:23:12.0049696Z [WebServer] .svelte-kit/output/server/chunks/content.remote.js                                                             20.89 kB │ gzip:  4.48 kB
2026-10-05T06:23:12.0051535Z [WebServer] .svelte-kit/output/server/chunks/collection-indexes.js                                                         21.94 kB │ gzip:  5.84 kB
2026-10-05T06:23:12.0053357Z [WebServer] .svelte-kit/output/server/chunks/registry.js                                                                   23.17 kB │ gzip:  5.91 kB
2026-10-05T06:23:12.0055570Z [WebServer] .svelte-kit/output/server/chunks/http.js                                                                       24.75 kB │ gzip:  7.34 kB
2026-10-05T06:23:12.0056907Z [WebServer] .svelte-kit/output/server/chunks/error.js                                                                      26.57 kB │ gzip:  5.92 kB
2026-10-05T06:23:12.0058077Z [WebServer] .svelte-kit/output/server/chunks/parse.js                                                                      28.03 kB │ gzip:  6.49 kB
2026-10-05T06:23:12.0059262Z [WebServer] .svelte-kit/output/server/chunks/repository.js                                                                 28.50 kB │ gzip:  8.02 kB
2026-10-05T06:23:12.0060429Z [WebServer] .svelte-kit/output/server/chunks/handlers2.js                                                                  30.53 kB │ gzip:  7.65 kB
2026-10-05T06:23:12.0061608Z [WebServer] .svelte-kit/output/server/chunks/sql-recognition.js                                                            30.55 kB │ gzip:  4.86 kB
2026-10-05T06:23:12.0062771Z [WebServer] .svelte-kit/output/server/chunks/schema2.js                                                                    30.93 kB │ gzip:  9.94 kB
2026-10-05T06:23:12.0063918Z [WebServer] .svelte-kit/output/server/chunks/handlers.js                                                                   34.24 kB │ gzip:  7.90 kB
2026-10-05T06:23:12.0065257Z [WebServer] .svelte-kit/output/server/chunks/identity-request.js                                                           35.41 kB │ gzip:  9.03 kB
2026-10-05T06:23:12.0066683Z [WebServer] .svelte-kit/output/server/chunks/runtime.js                                                                    36.87 kB │ gzip:  9.71 kB
2026-10-05T06:23:12.0067870Z [WebServer] .svelte-kit/output/server/chunks/request3.js                                                                   36.99 kB │ gzip:  9.55 kB
2026-10-05T06:23:12.0069211Z [WebServer] .svelte-kit/output/server/entries/hooks.server.js                                                              37.44 kB │ gzip: 11.65 kB
2026-10-05T06:23:12.0070398Z [WebServer] .svelte-kit/output/server/chunks/utils.js                                                                      37.62 kB │ gzip: 10.86 kB
2026-10-05T06:23:12.0071488Z [WebServer] .svelte-kit/output/server/chunks/internal.js                                                                   43.50 kB │ gzip: 11.96 kB
2026-10-05T06:23:12.0072536Z [WebServer] .svelte-kit/output/server/chunks/ContentTypeEditor.js                                                          44.01 kB │ gzip:  8.51 kB
2026-10-05T06:23:12.0073586Z [WebServer] .svelte-kit/output/server/chunks/artifacts.js                                                                  51.29 kB │ gzip: 15.22 kB
2026-10-05T06:23:12.0075088Z [WebServer] .svelte-kit/output/server/chunks/bylines.js                                                                    51.61 kB │ gzip: 14.23 kB
2026-10-05T06:23:12.0076167Z [WebServer] .svelte-kit/output/server/chunks/request2.js                                                                   52.19 kB │ gzip: 15.18 kB
2026-10-05T06:23:12.0077169Z [WebServer] .svelte-kit/output/server/chunks/remote.js                                                                     55.69 kB │ gzip: 12.17 kB
2026-10-05T06:23:12.0078152Z [WebServer] .svelte-kit/output/server/chunks/service.js                                                                    82.20 kB │ gzip: 18.79 kB
2026-10-05T06:23:12.0079153Z [WebServer] .svelte-kit/output/server/chunks/migrations.js                                                                101.42 kB │ gzip: 23.91 kB
2026-10-05T06:23:12.0080144Z [WebServer] .svelte-kit/output/server/chunks/content.js                                                                   114.23 kB │ gzip: 26.83 kB
2026-10-05T06:23:12.0081122Z [WebServer] .svelte-kit/output/server/chunks/async.js                                                                     122.95 kB │ gzip: 31.90 kB
2026-10-05T06:23:12.0082081Z [WebServer] .svelte-kit/output/server/index.js                                                                            133.19 kB │ gzip: 33.31 kB
2026-10-05T06:23:12.0083049Z [WebServer] .svelte-kit/output/server/chunks/registry2.js                                                                 162.17 kB │ gzip: 30.31 kB
2026-10-05T06:23:12.0083567Z [WebServer] 
2026-10-05T06:23:12.0084121Z [WebServer] [PLUGIN_TIMINGS] JavaScript callbacks ran for 4.3s of this 4.5s build (96%).
2026-10-05T06:23:12.0085365Z [WebServer] The slowest callbacks, timed inside each callback (the wait before a callback starts is excluded, the time it awaits is included):
2026-10-05T06:23:12.0086231Z [WebServer]   - plugin vite-plugin-sveltekit-compile writeBundle (72%, 3.2s, 1 call)
2026-10-05T06:23:12.0086933Z [WebServer] Additional callback time came from the callbacks below and from callbacks under 1s.
2026-10-05T06:23:12.0088061Z [WebServer] 1 callback is listed without a time. Its calls overlapped, so the time inside one call includes work from other calls. To find its cost, profile the build with `node --cpu-prof`:
2026-10-05T06:23:12.0089004Z [WebServer]   - plugin vite-plugin-sveltekit-guard resolveId (2150 calls)
2026-10-05T06:23:12.0089699Z [WebServer] See https://rolldown.rs/reference/InputOptions.checks#bundlertimings for more details.
2026-10-05T06:23:12.0090172Z [WebServer] 
2026-10-05T06:23:12.0090467Z [WebServer] ✓ built in 4.52s
2026-10-05T06:23:12.0090707Z [WebServer] 
2026-10-05T06:23:12.0091087Z [WebServer] Run npm run preview to preview your production build locally.
2026-10-05T06:23:12.0091456Z [WebServer] 
2026-10-05T06:23:12.0091900Z [WebServer] > Using @sveltejs/adapter-auto
2026-10-05T06:23:12.0092841Z [WebServer]   Could not detect a supported production environment. See https://svelte.dev/docs/kit/adapters to learn how to configure your app to run on the platform of your choosing
2026-10-05T06:23:12.0093752Z [WebServer]   ✔ done
2026-10-05T06:23:12.3018434Z 2026-10-05T06:23:12.301Z pw:webserver HTTP GET: http://127.0.0.1:4174/cms
2026-10-05T06:23:12.3025518Z 2026-10-05T06:23:12.302Z pw:webserver Error while checking if http://127.0.0.1:4174/cms is available: connect ECONNREFUSED 127.0.0.1:4174
2026-10-05T06:23:12.3026839Z 2026-10-05T06:23:12.302Z pw:webserver Waiting 1000ms
2026-10-05T06:23:12.8213084Z [WebServer]   ➜  Local:   http://127.0.0.1:4174/cms
2026-10-05T06:23:13.3023162Z 2026-10-05T06:23:13.301Z pw:webserver HTTP GET: http://127.0.0.1:4174/cms
2026-10-05T06:23:13.4063252Z 2026-10-05T06:23:13.406Z pw:webserver HTTP Status: 200
2026-10-05T06:23:13.4067878Z 2026-10-05T06:23:13.406Z pw:webserver WebServer available
2026-10-05T06:23:15.8470285Z 
2026-10-05T06:23:15.8470943Z Running 65 tests using 1 worker
2026-10-05T06:23:17.7055373Z   pw:browser <launching> /home/runner/.cache/ms-playwright/chromium_headless_shell-1243/chrome-headless-shell-linux64/chrome-headless-shell --disable-field-trial-config --disable-background-networking --disable-background-timer-throttling --disable-backgrounding-occluded-windows --disable-back-forward-cache --disable-breakpad --disable-client-side-phishing-detection --disable-component-extensions-with-background-pages --disable-component-update --no-default-browser-check --disable-default-apps --disable-dev-shm-usage --disable-edgeupdater --disable-extensions --disable-features=AvoidUnnecessaryBeforeUnloadCheckSync,DestroyProfileOnBrowserClose,DialMediaRouteProvider,GlobalMediaControls,HttpsUpgrades,LensOverlay,MediaRouter,PaintHolding,ThirdPartyStoragePartitioning,BlockOriginHeaderModificationOnRedirect,Translate,AutoDeElevate,OptimizationHints,msForceBrowserSignIn,msEdgeUpdateLaunchServicesPreferredVersion --enable-features=CDPScreenshotNewSurface --allow-pre-commit-input --disable-hang-monitor --disable-ipc-flooding-protection --disable-popup-blocking --disable-prompt-on-repost --disable-renderer-backgrounding --disable-updater-scheduler --force-color-profile=srgb --metrics-recording-only --no-first-run --password-store=basic --use-mock-keychain --no-service-autorun --export-tagged-pdf --disable-search-engine-choice-screen --unsafely-disable-devtools-self-xss-warnings --edge-skip-compat-layer-relaunch --disable-infobars --disable-search-engine-choice-screen --disable-sync --enable-unsafe-swiftshader --headless --hide-scrollbars --mute-audio --blink-settings=primaryHoverType=2,availableHoverTypes=2,primaryPointerType=4,availablePointerTypes=4 --user-data-dir=/tmp/playwright_chromiumdev_profile-2Hur9s --remote-debugging-pipe --no-startup-window +0ms
2026-10-05T06:23:17.7165648Z   pw:browser <launched> pid=4223 +10ms
2026-10-05T06:23:17.7778258Z   pw:browser [pid=4223][err] [1005/062317.766932:ERROR:dbus/bus.cc:405] Failed to connect to the bus: Could not parse server address: Unknown address type (examples of valid types are "tcp" and on UNIX "unix") +65ms
2026-10-05T06:23:17.7865216Z   pw:browser [pid=4223][err] [1005/062317.785153:ERROR:dbus/object_proxy.cc:572] Failed to call method: org.freedesktop.DBus.NameHasOwner: object_path= /org/freedesktop/DBus: unknown error type:  +10ms
2026-10-05T06:23:17.7902090Z   pw:browser [pid=4223][err] [1005/062317.785322:ERROR:dbus/bus.cc:405] Failed to connect to the bus: Could not parse server address: Unknown address type (examples of valid types are "tcp" and on UNIX "unix") +0ms
2026-10-05T06:23:17.7923258Z   pw:browser [pid=4223][err] [1005/062317.790366:ERROR:dbus/object_proxy.cc:572] Failed to call method: org.freedesktop.DBus.NameHasOwner: object_path= /org/freedesktop/DBus: unknown error type:  +6ms
2026-10-05T06:23:17.7939484Z   pw:browser [pid=4223][err] [1005/062317.792736:WARNING:media/gpu/vaapi/vaapi_wrapper.cc:1660] drmGetDevices2() has not found any devices +2ms
2026-10-05T06:23:17.8000290Z   pw:browser [pid=4223][err] [1005/062317.797258:WARNING:sandbox/policy/linux/sandbox_linux.cc:405] InitializeSandbox() called with multiple threads in process gpu-process. +5ms
2026-10-05T06:23:51.1431730Z   pw:browser [pid=4223][err] [1005/062351.141059:INFO:CONSOLE:934] "[vite] connecting...", source: http://127.0.0.1:39769/@vite/client (934) +33s
2026-10-05T06:23:51.1605221Z   pw:browser [pid=4223][err] [1005/062351.159416:INFO:CONSOLE:1047] "[vite] connected.", source: http://127.0.0.1:39769/@vite/client (1047) +18ms
2026-10-05T06:23:51.4937529Z   pw:browser [pid=4223][err] [1005/062351.490559:INFO:CONSOLE:1082] "[vite] server connection lost. Polling for restart...", source: http://127.0.0.1:39769/@vite/client (1082) +332ms
2026-10-05T06:24:02.0473309Z   pw:browser [pid=4223][err] [1005/062402.046665:INFO:CONSOLE:1] "Uncaught TypeError: Failed to fetch", source: http://localhost:42531/_app/immutable/chunks/Bl_xBNqa.js (1) +11s
2026-10-05T06:24:04.1736493Z   pw:browser [pid=4223][err] [1005/062404.173028:INFO:CONSOLE:1] "Uncaught TypeError: Failed to fetch", source: http://localhost:38361/_app/immutable/chunks/Bl_xBNqa.js (1) +2s
2026-10-05T06:24:04.1740521Z   pw:browser [pid=4223][err] [1005/062404.173701:INFO:CONSOLE:1] "Uncaught TypeError: Failed to fetch", source: http://localhost:38361/_app/immutable/chunks/Bl_xBNqa.js (1) +0ms
2026-10-05T06:24:05.1286636Z   pw:browser [pid=4223][err] [1005/062405.128068:INFO:CONSOLE:1] "Uncaught TypeError: Failed to fetch", source: http://localhost:38361/_app/immutable/chunks/Bl_xBNqa.js (1) +955ms
2026-10-05T06:24:05.1291759Z   pw:browser [pid=4223][err] [1005/062405.128091:INFO:CONSOLE:1] "Uncaught TypeError: Failed to fetch", source: http://localhost:38361/_app/immutable/chunks/Bl_xBNqa.js (1) +0ms
2026-10-05T06:24:21.6895877Z   pw:browser [pid=4223][err] [1005/062421.688575:INFO:CONSOLE:12] "Avoid using `history.pushState(...)` and `history.replaceState(...)` as these will conflict with SvelteKit's router. Use the `pushState` and `replaceState` imports from `$app/navigation` instead.", source: http://127.0.0.1:38139/cms/_app/immutable/chunks/DOQRAPmJ.js (12) +17s
2026-10-05T06:24:21.7533463Z   pw:browser [pid=4223][err] [1005/062421.750201:INFO:CONSOLE:12] "[svelte] await_waterfall
2026-10-05T06:24:21.7536522Z   pw:browser [pid=4223][err] An async derived, `loadedNavigation` (src/​lib/​ui/​WorkspaceShell.svelte:19:27) was not read immediately after it resolved. This often indicates an unnecessary waterfall, which can slow down your app
2026-10-05T06:24:21.7539173Z   pw:browser [pid=4223][err] https://svelte.dev/e/await_waterfall font-weight: bold font-weight: normal", source: http://127.0.0.1:38139/cms/_app/immutable/chunks/DOQRAPmJ.js (12) +1ms
2026-10-05T06:24:21.8729437Z   pw:browser [pid=4223][err] [1005/062421.871796:INFO:CONSOLE:12] "[svelte] await_waterfall
2026-10-05T06:24:21.8732156Z   pw:browser [pid=4223][err] An async derived, `loadedNavigation` (src/​lib/​ui/​WorkspaceShell.svelte:19:27) was not read immediately after it resolved. This often indicates an unnecessary waterfall, which can slow down your app
2026-10-05T06:24:21.8735310Z   pw:browser [pid=4223][err] https://svelte.dev/e/await_waterfall font-weight: bold font-weight: normal", source: http://127.0.0.1:38139/cms/_app/immutable/chunks/DOQRAPmJ.js (12) +1ms
2026-10-05T06:24:21.9677722Z   pw:browser [pid=4223][err] [1005/062421.967061:INFO:CONSOLE:12] "[svelte] await_waterfall
2026-10-05T06:24:21.9681971Z   pw:browser [pid=4223][err] An async derived, `loadedNavigation` (src/​lib/​ui/​WorkspaceShell.svelte:19:27) was not read immediately after it resolved. This often indicates an unnecessary waterfall, which can slow down your app
2026-10-05T06:24:21.9687035Z   pw:browser [pid=4223][err] https://svelte.dev/e/await_waterfall font-weight: bold font-weight: normal", source: http://127.0.0.1:38139/cms/_app/immutable/chunks/DOQRAPmJ.js (12) +0ms
2026-10-05T06:24:22.0506172Z   pw:browser [pid=4223][err] [1005/062422.047919:INFO:CONSOLE:12] "[svelte] await_waterfall
2026-10-05T06:24:22.0509289Z   pw:browser [pid=4223][err] An async derived, `loadedNavigation` (src/​lib/​ui/​WorkspaceShell.svelte:19:27) was not read immediately after it resolved. This often indicates an unnecessary waterfall, which can slow down your app
2026-10-05T06:24:22.0512320Z   pw:browser [pid=4223][err] https://svelte.dev/e/await_waterfall font-weight: bold font-weight: normal", source: http://127.0.0.1:38139/cms/_app/immutable/chunks/DOQRAPmJ.js (12) +0ms
2026-10-05T06:24:22.2516462Z   pw:browser [pid=4223][err] [1005/062422.249463:INFO:CONSOLE:12] "[svelte] await_waterfall
2026-10-05T06:24:22.2519506Z   pw:browser [pid=4223][err] An async derived, `loadedNavigation` (src/​lib/​ui/​WorkspaceShell.svelte:19:27) was not read immediately after it resolved. This often indicates an unnecessary waterfall, which can slow down your app
2026-10-05T06:24:22.2524200Z   pw:browser [pid=4223][err] https://svelte.dev/e/await_waterfall font-weight: bold font-weight: normal", source: http://127.0.0.1:38139/cms/_app/immutable/chunks/DOQRAPmJ.js (12) +0ms
2026-10-05T06:24:22.3630314Z   pw:browser [pid=4223][err] [1005/062422.362539:INFO:CONSOLE:12] "[svelte] await_waterfall
2026-10-05T06:24:22.3635235Z   pw:browser [pid=4223][err] An async derived, `loadedNavigation` (src/​lib/​ui/​WorkspaceShell.svelte:19:27) was not read immediately after it resolved. This often indicates an unnecessary waterfall, which can slow down your app
2026-10-05T06:24:22.3638143Z   pw:browser [pid=4223][err] https://svelte.dev/e/await_waterfall font-weight: bold font-weight: normal", source: http://127.0.0.1:38139/cms/_app/immutable/chunks/DOQRAPmJ.js (12) +0ms
2026-10-05T06:24:22.4479752Z   pw:browser [pid=4223][err] [1005/062422.447222:INFO:CONSOLE:12] "[svelte] await_waterfall
2026-10-05T06:24:22.4482684Z   pw:browser [pid=4223][err] An async derived, `loadedNavigation` (src/​lib/​ui/​WorkspaceShell.svelte:19:27) was not read immediately after it resolved. This often indicates an unnecessary waterfall, which can slow down your app
2026-10-05T06:24:22.4485940Z   pw:browser [pid=4223][err] https://svelte.dev/e/await_waterfall font-weight: bold font-weight: normal", source: http://127.0.0.1:38139/cms/_app/immutable/chunks/DOQRAPmJ.js (12) +0ms
2026-10-05T06:24:22.5309127Z   pw:browser [pid=4223][err] [1005/062422.529558:INFO:CONSOLE:12] "[svelte] await_waterfall
2026-10-05T06:24:22.5311864Z   pw:browser [pid=4223][err] An async derived, `loadedNavigation` (src/​lib/​ui/​WorkspaceShell.svelte:19:27) was not read immediately after it resolved. This often indicates an unnecessary waterfall, which can slow down your app
2026-10-05T06:24:22.5314188Z   pw:browser [pid=4223][err] https://svelte.dev/e/await_waterfall font-weight: bold font-weight: normal", source: http://127.0.0.1:38139/cms/_app/immutable/chunks/DOQRAPmJ.js (12) +0ms
2026-10-05T06:24:22.7425542Z   pw:browser [pid=4223][err] [1005/062422.740030:INFO:CONSOLE:12] "[svelte] await_waterfall
2026-10-05T06:24:22.7428729Z   pw:browser [pid=4223][err] An async derived, `loadedNavigation` (src/​lib/​ui/​WorkspaceShell.svelte:19:27) was not read immediately after it resolved. This often indicates an unnecessary waterfall, which can slow down your app
2026-10-05T06:24:22.7432061Z   pw:browser [pid=4223][err] https://svelte.dev/e/await_waterfall font-weight: bold font-weight: normal", source: http://127.0.0.1:38139/cms/_app/immutable/chunks/DOQRAPmJ.js (12) +0ms
2026-10-05T06:24:23.3466972Z   pw:browser [pid=4223][err] [1005/062423.345806:INFO:CONSOLE:12] "Avoid using `history.pushState(...)` and `history.replaceState(...)` as these will conflict with SvelteKit's router. Use the `pushState` and `replaceState` imports from `$app/navigation` instead.", source: http://127.0.0.1:46309/cms/_app/immutable/chunks/DOQRAPmJ.js (12) +603ms
2026-10-05T06:24:23.4046352Z   pw:browser [pid=4223][err] [1005/062423.403459:INFO:CONSOLE:12] "[svelte] await_waterfall
2026-10-05T06:24:23.4048367Z   pw:browser [pid=4223][err] An async derived, `loadedNavigation` (src/​lib/​ui/​WorkspaceShell.svelte:19:27) was not read immediately after it resolved. This often indicates an unnecessary waterfall, which can slow down your app
2026-10-05T06:24:23.4049877Z   pw:browser [pid=4223][err] https://svelte.dev/e/await_waterfall font-weight: bold font-weight: normal", source: http://127.0.0.1:46309/cms/_app/immutable/chunks/DOQRAPmJ.js (12) +0ms
2026-10-05T06:24:37.1042534Z   pw:browser [pid=4223][err] [1005/062437.102036:INFO:CONSOLE:934] "[vite] connecting...", source: http://127.0.0.1:41243/@vite/client (934) +14s
2026-10-05T06:24:37.1255606Z   pw:browser [pid=4223][err] [1005/062437.123800:INFO:CONSOLE:1047] "[vite] connected.", source: http://127.0.0.1:41243/@vite/client (1047) +21ms
2026-10-05T06:24:37.2930608Z   pw:browser [pid=4223][err] [1005/062437.292505:INFO:CONSOLE:1082] "[vite] server connection lost. Polling for restart...", source: http://127.0.0.1:41243/@vite/client (1082) +168ms
2026-10-05T06:25:03.5646544Z   pw:browser [pid=4223][err] [1005/062503.561424:INFO:CONSOLE:934] "[vite] connecting...", source: http://127.0.0.1:33703/@vite/client (934) +26s
2026-10-05T06:25:03.5842697Z   pw:browser [pid=4223][err] [1005/062503.581741:INFO:CONSOLE:1047] "[vite] connected.", source: http://127.0.0.1:33703/@vite/client (1047) +19ms
2026-10-05T06:25:03.6265665Z   pw:browser [pid=4223][err] [1005/062503.624911:INFO:CONSOLE:25] "[svelte] await_waterfall
2026-10-05T06:25:03.6268855Z   pw:browser [pid=4223][err] An async derived, `loadedNavigation` (src/​lib/​ui/​WorkspaceShell.svelte:19:27) was not read immediately after it resolved. This often indicates an unnecessary waterfall, which can slow down your app
2026-10-05T06:25:03.6272035Z   pw:browser [pid=4223][err] https://svelte.dev/e/await_waterfall font-weight: bold font-weight: normal", source: http://127.0.0.1:33703/@fs/tmp/cms-workspace-vite-IcjhZ3/deps/warnings-DKDLWUBC.js?v=a5652ffb (25) +0ms
2026-10-05T06:25:03.7291044Z   pw:browser [pid=4223][err] [1005/062503.724693:INFO:CONSOLE:934] "[vite] connecting...", source: http://127.0.0.1:33703/@vite/client (934) +102ms
2026-10-05T06:25:03.7893139Z   pw:browser [pid=4223][err] [1005/062503.786320:INFO:CONSOLE:1047] "[vite] connected.", source: http://127.0.0.1:33703/@vite/client (1047) +60ms
2026-10-05T06:25:03.8255992Z   pw:browser [pid=4223][err] [1005/062503.823791:INFO:CONSOLE:25] "[svelte] await_waterfall
2026-10-05T06:25:03.8260175Z   pw:browser [pid=4223][err] An async derived, `loadedNavigation` (src/​lib/​ui/​WorkspaceShell.svelte:19:27) was not read immediately after it resolved. This often indicates an unnecessary waterfall, which can slow down your app
2026-10-05T06:25:03.8263938Z   pw:browser [pid=4223][err] https://svelte.dev/e/await_waterfall font-weight: bold font-weight: normal", source: http://127.0.0.1:33703/@fs/tmp/cms-workspace-vite-IcjhZ3/deps/warnings-DKDLWUBC.js?v=a5652ffb (25) +0ms
2026-10-05T06:25:04.0278355Z   pw:browser [pid=4223][err] [1005/062504.025287:INFO:CONSOLE:934] "[vite] connecting...", source: http://127.0.0.1:33703/@vite/client (934) +203ms
2026-10-05T06:25:04.0940817Z   pw:browser [pid=4223][err] [1005/062504.087146:INFO:CONSOLE:1047] "[vite] connected.", source: http://127.0.0.1:33703/@vite/client (1047) +63ms
2026-10-05T06:25:04.1226631Z   pw:browser [pid=4223][err] [1005/062504.118535:INFO:CONSOLE:25] "[svelte] await_waterfall
2026-10-05T06:25:04.1229917Z   pw:browser [pid=4223][err] An async derived, `loadedNavigation` (src/​lib/​ui/​WorkspaceShell.svelte:19:27) was not read immediately after it resolved. This often indicates an unnecessary waterfall, which can slow down your app
2026-10-05T06:25:04.1233092Z   pw:browser [pid=4223][err] https://svelte.dev/e/await_waterfall font-weight: bold font-weight: normal", source: http://127.0.0.1:33703/@fs/tmp/cms-workspace-vite-IcjhZ3/deps/warnings-DKDLWUBC.js?v=a5652ffb (25) +0ms
2026-10-05T06:25:04.2410065Z   pw:browser [pid=4223][err] [1005/062504.240093:INFO:CONSOLE:1082] "[vite] server connection lost. Polling for restart...", source: http://127.0.0.1:33703/@vite/client (1082) +118ms
2026-10-05T06:25:24.4816932Z   pw:browser [pid=4223] <gracefully close start> +20s
2026-10-05T06:25:24.5028521Z   pw:browser [pid=4223] <process did exit: exitCode=0, signal=null> +21ms
2026-10-05T06:25:24.5029507Z   pw:browser [pid=4223] starting temporary directories cleanup +0ms
2026-10-05T06:25:24.5059430Z   pw:browser [pid=4223] finished temporary directories cleanup +3ms
2026-10-05T06:25:24.5060353Z   pw:browser [pid=4223] <gracefully close end> +0ms
2026-10-05T06:25:24.6177482Z 2026-10-05T06:25:24.617Z pw:webserver Terminating the WebServer
2026-10-05T06:25:24.6348391Z 2026-10-05T06:25:24.634Z pw:webserver Terminated the WebServer
2026-10-05T06:25:24.6350418Z 2026-10-05T06:25:24.634Z pw:webserver Terminating the WebServer
2026-10-05T06:25:24.6510509Z 2026-10-05T06:25:24.650Z pw:webserver Terminated the WebServer
2026-10-05T06:25:24.6521162Z ·································································
2026-10-05T06:25:24.6528863Z   65 passed (2.3m)
2026-10-05T06:25:24.6564812Z ##[notice]  65 passed (2.3m)
2026-10-05T06:25:24.8288292Z ##[group]Run pnpm build:node
2026-10-05T06:25:24.8288604Z [36;1mpnpm build:node[0m
2026-10-05T06:25:24.8360922Z shell: /usr/bin/bash -e {0}
2026-10-05T06:25:24.8361207Z env:
2026-10-05T06:25:24.8361489Z   PNPM_HOME: /home/runner/setup-pnpm/node_modules/.bin
2026-10-05T06:25:24.8361860Z ##[endgroup]
2026-10-05T06:25:24.8652038Z $ SVELTERY_ADAPTER=node vite build && node scripts/build-revision-maintenance.mjs node && node scripts/build-doctor.mjs
2026-10-05T06:25:25.6107978Z [36mvite v8.3.2 [32mbuilding ssr environment for production...[36m[39m
2026-10-05T06:25:25.6601326Z transforming...
2026-10-05T06:25:26.7685888Z ✓ 661 modules transformed.
2026-10-05T06:25:26.8700117Z rendering chunks...
2026-10-05T06:25:28.2769391Z [36mvite v8.3.2 [32mbuilding client environment for production...[36m[39m
2026-10-05T06:25:28.2846351Z transforming...
2026-10-05T06:25:29.1657113Z ✓ 381 modules transformed.
2026-10-05T06:25:29.2092827Z rendering chunks...
2026-10-05T06:25:29.2554593Z computing gzip size...
2026-10-05T06:25:29.2598769Z .svelte-kit/output/client/_app/version.json                                      0.02 kB │ gzip:  0.04 kB
2026-10-05T06:25:29.2600125Z .svelte-kit/output/client/.vite/manifest.json                                   17.58 kB │ gzip:  2.03 kB
2026-10-05T06:25:29.2601764Z .svelte-kit/output/client/_app/immutable/assets/24.DrcXZYa3.css                  0.17 kB │ gzip:  0.13 kB
2026-10-05T06:25:29.2603401Z .svelte-kit/output/client/_app/immutable/assets/MenuDialog.CSb6g0e0.css          0.20 kB │ gzip:  0.17 kB
2026-10-05T06:25:29.2605278Z .svelte-kit/output/client/_app/immutable/assets/7.Dcp-D_B2.css                   0.22 kB │ gzip:  0.15 kB
2026-10-05T06:25:29.2606839Z .svelte-kit/output/client/_app/immutable/assets/25.gKqYElxg.css                  0.36 kB │ gzip:  0.22 kB
2026-10-05T06:25:29.2608083Z .svelte-kit/output/client/_app/immutable/assets/EditorForm.BHWZld0R.css          0.44 kB │ gzip:  0.23 kB
2026-10-05T06:25:29.2608991Z .svelte-kit/output/client/_app/immutable/assets/DraftPreview.fwW3PV90.css        0.48 kB │ gzip:  0.25 kB
2026-10-05T06:25:29.2610400Z .svelte-kit/output/client/_app/immutable/assets/19.CyTVIvfE.css                  0.54 kB │ gzip:  0.26 kB
2026-10-05T06:25:29.2611993Z .svelte-kit/output/client/_app/immutable/assets/9.CVJ5M564.css                   0.57 kB │ gzip:  0.29 kB
2026-10-05T06:25:29.2614042Z .svelte-kit/output/client/_app/immutable/assets/17.B4jjrLtW.css                  0.68 kB │ gzip:  0.31 kB
2026-10-05T06:25:29.2615814Z .svelte-kit/output/client/_app/immutable/assets/14.CccxuyKJ.css                  0.70 kB │ gzip:  0.35 kB
2026-10-05T06:25:29.2617418Z .svelte-kit/output/client/_app/immutable/assets/ContentTypeEditor.BP8dJX1x.css   1.57 kB │ gzip:  0.55 kB
2026-10-05T06:25:29.2619003Z .svelte-kit/output/client/_app/immutable/assets/18.DYOooGE9.css                  1.60 kB │ gzip:  0.40 kB
2026-10-05T06:25:29.2620535Z .svelte-kit/output/client/_app/immutable/assets/15.C1Ra8cmf.css                  2.18 kB │ gzip:  0.68 kB
2026-10-05T06:25:29.2622101Z .svelte-kit/output/client/_app/immutable/assets/16.CvGkr_1p.css                  2.27 kB │ gzip:  0.85 kB
2026-10-05T06:25:29.2623664Z .svelte-kit/output/client/_app/immutable/assets/admin.CSBm7Oz-.css               2.57 kB │ gzip:  0.88 kB
2026-10-05T06:25:29.2625430Z .svelte-kit/output/client/_app/immutable/assets/8.D2HNaFcR.css                   3.13 kB │ gzip:  0.93 kB
2026-10-05T06:25:29.2627037Z .svelte-kit/output/client/_app/immutable/assets/WorkspaceShell.CG4u5kwz.css     37.08 kB │ gzip:  5.01 kB
2026-10-05T06:25:29.2628621Z .svelte-kit/output/client/_app/immutable/chunks/BLOHOh3z.js                      0.02 kB │ gzip:  0.04 kB
2026-10-05T06:25:29.2630167Z .svelte-kit/output/client/_app/immutable/nodes/0.jeR0z0to.js                     0.06 kB │ gzip:  0.08 kB
2026-10-05T06:25:29.2631689Z .svelte-kit/output/client/_app/immutable/nodes/2.jeR0z0to.js                     0.06 kB │ gzip:  0.08 kB
2026-10-05T06:25:29.2633547Z .svelte-kit/output/client/_app/immutable/nodes/3.jeR0z0to.js                     0.06 kB │ gzip:  0.08 kB
2026-10-05T06:25:29.2635357Z .svelte-kit/output/client/_app/immutable/nodes/4.jeR0z0to.js                     0.06 kB │ gzip:  0.08 kB
2026-10-05T06:25:29.2636917Z .svelte-kit/output/client/_app/immutable/nodes/6.jeR0z0to.js                     0.06 kB │ gzip:  0.08 kB
2026-10-05T06:25:29.2638508Z .svelte-kit/output/client/_app/immutable/entry/start.DSWPlhlK.js                 0.08 kB │ gzip:  0.09 kB
2026-10-05T06:25:29.2640065Z .svelte-kit/output/client/_app/immutable/chunks/4UOtecw_.js                      0.10 kB │ gzip:  0.11 kB
2026-10-05T06:25:29.2641190Z .svelte-kit/output/client/_app/immutable/chunks/DAFmNtUq.js                      0.15 kB │ gzip:  0.14 kB
2026-10-05T06:25:29.2642067Z .svelte-kit/output/client/_app/immutable/chunks/Dat1kc1n.js                      0.15 kB │ gzip:  0.14 kB
2026-10-05T06:25:29.2642910Z .svelte-kit/output/client/_app/immutable/chunks/BeMOnYEs.js                      0.25 kB │ gzip:  0.19 kB
2026-10-05T06:25:29.2643755Z .svelte-kit/output/client/_app/immutable/chunks/C5tXYT13.js                      0.29 kB │ gzip:  0.16 kB
2026-10-05T06:25:29.2644886Z .svelte-kit/output/client/_app/immutable/chunks/DT4b2K3c.js                      0.34 kB │ gzip:  0.19 kB
2026-10-05T06:25:29.2645749Z .svelte-kit/output/client/_app/immutable/nodes/1.C2MnRrxt.js                     0.35 kB │ gzip:  0.26 kB
2026-10-05T06:25:29.2646595Z .svelte-kit/output/client/_app/immutable/chunks/CWpndIgT.js                      0.44 kB │ gzip:  0.21 kB
2026-10-05T06:25:29.2647978Z .svelte-kit/output/client/_app/immutable/nodes/5.Dvq9fzuZ.js                     0.47 kB │ gzip:  0.30 kB
2026-10-05T06:25:29.2649531Z .svelte-kit/output/client/_app/immutable/chunks/CVxkVKuJ.js                      0.66 kB │ gzip:  0.44 kB
2026-10-05T06:25:29.2651060Z .svelte-kit/output/client/_app/immutable/nodes/21.CRNHnHCc.js                    1.12 kB │ gzip:  0.69 kB
2026-10-05T06:25:29.2652143Z .svelte-kit/output/client/_app/immutable/chunks/Bjy-W4x2.js                      1.36 kB │ gzip:  0.65 kB
2026-10-05T06:25:29.2652990Z .svelte-kit/output/client/_app/immutable/chunks/DYqxRLhk.js                      1.51 kB │ gzip:  0.76 kB
2026-10-05T06:25:29.2653825Z .svelte-kit/output/client/_app/immutable/nodes/20.BhzX9yzd.js                    1.80 kB │ gzip:  0.94 kB
2026-10-05T06:25:29.2655230Z .svelte-kit/output/client/_app/immutable/nodes/7.ChUQmXwX.js                     1.86 kB │ gzip:  1.03 kB
2026-10-05T06:25:29.2656106Z .svelte-kit/output/client/_app/immutable/chunks/CqDdfunH.js                      1.97 kB │ gzip:  0.75 kB
2026-10-05T06:25:29.2656958Z .svelte-kit/output/client/_app/immutable/chunks/C_aDlaWP.js                      2.82 kB │ gzip:  1.24 kB
2026-10-05T06:25:29.2657807Z .svelte-kit/output/client/_app/immutable/nodes/11.CWPj7sBC.js                    3.00 kB │ gzip:  1.36 kB
2026-10-05T06:25:29.2658635Z .svelte-kit/output/client/_app/immutable/nodes/24.TpqP8QBj.js                    3.07 kB │ gzip:  1.52 kB
2026-10-05T06:25:29.2659474Z .svelte-kit/output/client/_app/immutable/chunks/5KETDn7Q.js                      3.17 kB │ gzip:  1.31 kB
2026-10-05T06:25:29.2660314Z .svelte-kit/output/client/_app/immutable/nodes/13.BsB4XFHG.js                    3.42 kB │ gzip:  1.63 kB
2026-10-05T06:25:29.2661140Z .svelte-kit/output/client/_app/immutable/chunks/CEhtMEE4.js                      3.52 kB │ gzip:  1.20 kB
2026-10-05T06:25:29.2661976Z .svelte-kit/output/client/_app/immutable/chunks/cm_4fAzY.js                      3.92 kB │ gzip:  1.21 kB
2026-10-05T06:25:29.2662807Z .svelte-kit/output/client/_app/immutable/nodes/9.DA7jaFsc.js                     4.32 kB │ gzip:  1.96 kB
2026-10-05T06:25:29.2663631Z .svelte-kit/output/client/_app/immutable/nodes/17.BYdeY_PZ.js                    5.34 kB │ gzip:  2.18 kB
2026-10-05T06:25:29.2664718Z .svelte-kit/output/client/_app/immutable/nodes/12.sdfAyNoP.js                    5.90 kB │ gzip:  1.99 kB
2026-10-05T06:25:29.2665744Z .svelte-kit/output/client/_app/immutable/nodes/23.BCezo8S1.js                    5.90 kB │ gzip:  2.63 kB
2026-10-05T06:25:29.2666582Z .svelte-kit/output/client/_app/immutable/nodes/14.DU9RqR-6.js                    6.03 kB │ gzip:  2.53 kB
2026-10-05T06:25:29.2667410Z .svelte-kit/output/client/_app/immutable/nodes/10.w2OFALdI.js                    6.13 kB │ gzip:  2.22 kB
2026-10-05T06:25:29.2668237Z .svelte-kit/output/client/_app/immutable/nodes/25.DKp-1178.js                    6.48 kB │ gzip:  2.65 kB
2026-10-05T06:25:29.2669062Z .svelte-kit/output/client/_app/immutable/nodes/19.P8kKtpXk.js                    7.85 kB │ gzip:  3.25 kB
2026-10-05T06:25:29.2669908Z .svelte-kit/output/client/_app/immutable/nodes/22.C5C182_q.js                    8.09 kB │ gzip:  3.37 kB
2026-10-05T06:25:29.2670741Z .svelte-kit/output/client/_app/immutable/entry/app.BaHPHRWq.js                  10.81 kB │ gzip:  3.73 kB
2026-10-05T06:25:29.2671600Z .svelte-kit/output/client/_app/immutable/nodes/26.DvRJF4sA.js                   13.94 kB │ gzip:  5.15 kB
2026-10-05T06:25:29.2672439Z .svelte-kit/output/client/_app/immutable/chunks/CPPCQooP.js                     14.34 kB │ gzip:  5.41 kB
2026-10-05T06:25:29.2673278Z .svelte-kit/output/client/_app/immutable/nodes/16.BVuP-pSy.js                   14.47 kB │ gzip:  5.06 kB
2026-10-05T06:25:29.2674116Z .svelte-kit/output/client/_app/immutable/nodes/8.0rO1YUJX.js                    15.61 kB │ gzip:  5.39 kB
2026-10-05T06:25:29.2675372Z .svelte-kit/output/client/_app/immutable/chunks/6LkyAt5E.js                     16.72 kB │ gzip:  6.37 kB
2026-10-05T06:25:29.2676231Z .svelte-kit/output/client/_app/immutable/nodes/18.Cfe1C8PI.js                   17.87 kB │ gzip:  4.94 kB
2026-10-05T06:25:29.2677217Z .svelte-kit/output/client/_app/immutable/chunks/CD64dWs6.js                     32.96 kB │ gzip: 13.32 kB
2026-10-05T06:25:29.2678075Z .svelte-kit/output/client/_app/immutable/chunks/B3KKdjo4.js                     39.37 kB │ gzip: 11.87 kB
2026-10-05T06:25:29.2679060Z .svelte-kit/output/client/_app/immutable/chunks/Czpszb5A.js                     43.62 kB │ gzip: 15.98 kB
2026-10-05T06:25:29.2680035Z .svelte-kit/output/client/_app/immutable/nodes/15.Z56gR11r.js                   50.89 kB │ gzip: 15.85 kB
2026-10-05T06:25:29.2680878Z .svelte-kit/output/client/_app/immutable/chunks/Bl_xBNqa.js                     56.93 kB │ gzip: 21.59 kB
2026-10-05T06:25:29.2681398Z 
2026-10-05T06:25:29.2683114Z [33m[33m[MODULE_LEVEL_DIRECTIVE] [0mThe semantics of the module level directive "use client" in "node_modules/.pnpm/@tanstack+react-query@5.90.21_react@19.3.0/node_modules/@tanstack/react-query/build/modern/useSuspenseQuery.js" may not be preserved when bundling.
2026-10-05T06:25:29.2685306Z    [38;5;246m╭[0m[38;5;246m─[0m[38;5;246m[[0m node_modules/.pnpm/@tanstack+react-query@5.90.21_react@19.3.0/node_modules/@tanstack/react-query/build/modern/useSuspenseQuery.js:1:1 [38;5;246m][0m
2026-10-05T06:25:29.2686179Z    [38;5;246m│[0m
2026-10-05T06:25:29.2686549Z  [38;5;246m1 │[0m "use client";
2026-10-05T06:25:29.2686875Z  [38;5;240m  │[0m ──────┬──────  
2026-10-05T06:25:29.2687346Z  [38;5;240m  │[0m       ╰──────── module level directive may not be preserved
2026-10-05T06:25:29.2687739Z  [38;5;240m  │[0m 
2026-10-05T06:25:29.2688504Z  [38;5;240m  │[0m [38;5;115mHelp[0m: For more information, see https://rolldown.rs/in-depth/directives#other-directives
2026-10-05T06:25:29.2689105Z [38;5;246m───╯[0m
2026-10-05T06:25:29.2689462Z [39m
2026-10-05T06:25:29.2691004Z [33m[33m[MODULE_LEVEL_DIRECTIVE] [0mThe semantics of the module level directive "use client" in "node_modules/.pnpm/@tanstack+react-query@5.90.21_react@19.3.0/node_modules/@tanstack/react-query/build/modern/useSuspenseInfiniteQuery.js" may not be preserved when bundling.
2026-10-05T06:25:29.2692977Z    [38;5;246m╭[0m[38;5;246m─[0m[38;5;246m[[0m node_modules/.pnpm/@tanstack+react-query@5.90.21_react@19.3.0/node_modules/@tanstack/react-query/build/modern/useSuspenseInfiniteQuery.js:1:1 [38;5;246m][0m
2026-10-05T06:25:29.2693788Z    [38;5;246m│[0m
2026-10-05T06:25:29.2694066Z  [38;5;246m1 │[0m "use client";
2026-10-05T06:25:29.2694817Z  [38;5;240m  │[0m ──────┬──────  
2026-10-05T06:25:29.2695526Z  [38;5;240m  │[0m       ╰──────── module level directive may not be preserved
2026-10-05T06:25:29.2695925Z  [38;5;240m  │[0m 
2026-10-05T06:25:29.2696560Z  [38;5;240m  │[0m [38;5;115mHelp[0m: For more information, see https://rolldown.rs/in-depth/directives#other-directives
2026-10-05T06:25:29.2697292Z [38;5;246m───╯[0m
2026-10-05T06:25:29.2697526Z [39m
2026-10-05T06:25:29.2698979Z [33m[33m[MODULE_LEVEL_DIRECTIVE] [0mThe semantics of the module level directive "use client" in "node_modules/.pnpm/@tanstack+react-query@5.90.21_react@19.3.0/node_modules/@tanstack/react-query/build/modern/useQueries.js" may not be preserved when bundling.
2026-10-05T06:25:29.2701048Z    [38;5;246m╭[0m[38;5;246m─[0m[38;5;246m[[0m node_modules/.pnpm/@tanstack+react-query@5.90.21_react@19.3.0/node_modules/@tanstack/react-query/build/modern/useQueries.js:1:1 [38;5;246m][0m
2026-10-05T06:25:29.2702021Z    [38;5;246m│[0m
2026-10-05T06:25:29.2702320Z  [38;5;246m1 │[0m "use client";
2026-10-05T06:25:29.2703023Z  [38;5;240m  │[0m ──────┬──────  
2026-10-05T06:25:29.2704005Z  [38;5;240m  │[0m       ╰──────── module level directive may not be preserved
2026-10-05T06:25:29.2704657Z  [38;5;240m  │[0m 
2026-10-05T06:25:29.2705520Z  [38;5;240m  │[0m [38;5;115mHelp[0m: For more information, see https://rolldown.rs/in-depth/directives#other-directives
2026-10-05T06:25:29.2706097Z [38;5;246m───╯[0m
2026-10-05T06:25:29.2706323Z [39m
2026-10-05T06:25:29.2707821Z [33m[33m[MODULE_LEVEL_DIRECTIVE] [0mThe semantics of the module level directive "use client" in "node_modules/.pnpm/@tanstack+react-query@5.90.21_react@19.3.0/node_modules/@tanstack/react-query/build/modern/useSuspenseQueries.js" may not be preserved when bundling.
2026-10-05T06:25:29.2709769Z    [38;5;246m╭[0m[38;5;246m─[0m[38;5;246m[[0m node_modules/.pnpm/@tanstack+react-query@5.90.21_react@19.3.0/node_modules/@tanstack/react-query/build/modern/useSuspenseQueries.js:1:1 [38;5;246m][0m
2026-10-05T06:25:29.2710611Z    [38;5;246m│[0m
2026-10-05T06:25:29.2710877Z  [38;5;246m1 │[0m "use client";
2026-10-05T06:25:29.2711270Z  [38;5;240m  │[0m ──────┬──────  
2026-10-05T06:25:29.2711783Z  [38;5;240m  │[0m       ╰──────── module level directive may not be preserved
2026-10-05T06:25:29.2712455Z  [38;5;240m  │[0m 
2026-10-05T06:25:29.2713138Z  [38;5;240m  │[0m [38;5;115mHelp[0m: For more information, see https://rolldown.rs/in-depth/directives#other-directives
2026-10-05T06:25:29.2713684Z [38;5;246m───╯[0m
2026-10-05T06:25:29.2714015Z [39m
2026-10-05T06:25:29.2715635Z [33m[33m[MODULE_LEVEL_DIRECTIVE] [0mThe semantics of the module level directive "use client" in "node_modules/.pnpm/@tanstack+react-query@5.90.21_react@19.3.0/node_modules/@tanstack/react-query/build/modern/useQuery.js" may not be preserved when bundling.
2026-10-05T06:25:29.2717614Z    [38;5;246m╭[0m[38;5;246m─[0m[38;5;246m[[0m node_modules/.pnpm/@tanstack+react-query@5.90.21_react@19.3.0/node_modules/@tanstack/react-query/build/modern/useQuery.js:1:1 [38;5;246m][0m
2026-10-05T06:25:29.2718367Z    [38;5;246m│[0m
2026-10-05T06:25:29.2718642Z  [38;5;246m1 │[0m "use client";
2026-10-05T06:25:29.2719086Z  [38;5;240m  │[0m ──────┬──────  
2026-10-05T06:25:29.2719544Z  [38;5;240m  │[0m       ╰──────── module level directive may not be preserved
2026-10-05T06:25:29.2719944Z  [38;5;240m  │[0m 
2026-10-05T06:25:29.2720685Z  [38;5;240m  │[0m [38;5;115mHelp[0m: For more information, see https://rolldown.rs/in-depth/directives#other-directives
2026-10-05T06:25:29.2721240Z [38;5;246m───╯[0m
2026-10-05T06:25:29.2721463Z [39m
2026-10-05T06:25:29.2722794Z [33m[33m[MODULE_LEVEL_DIRECTIVE] [0mThe semantics of the module level directive "use client" in "node_modules/.pnpm/@tanstack+react-query@5.90.21_react@19.3.0/node_modules/@tanstack/react-query/build/modern/useIsFetching.js" may not be preserved when bundling.
2026-10-05T06:25:29.2725008Z    [38;5;246m╭[0m[38;5;246m─[0m[38;5;246m[[0m node_modules/.pnpm/@tanstack+react-query@5.90.21_react@19.3.0/node_modules/@tanstack/react-query/build/modern/useIsFetching.js:1:1 [38;5;246m][0m
2026-10-05T06:25:29.2725836Z    [38;5;246m│[0m
2026-10-05T06:25:29.2726113Z  [38;5;246m1 │[0m "use client";
2026-10-05T06:25:29.2726446Z  [38;5;240m  │[0m ──────┬──────  
2026-10-05T06:25:29.2726893Z  [38;5;240m  │[0m       ╰──────── module level directive may not be preserved
2026-10-05T06:25:29.2727271Z  [38;5;240m  │[0m 
2026-10-05T06:25:29.2727882Z  [38;5;240m  │[0m [38;5;115mHelp[0m: For more information, see https://rolldown.rs/in-depth/directives#other-directives
2026-10-05T06:25:29.2728435Z [38;5;246m───╯[0m
2026-10-05T06:25:29.2728661Z [39m
2026-10-05T06:25:29.2730035Z [33m[33m[MODULE_LEVEL_DIRECTIVE] [0mThe semantics of the module level directive "use client" in "node_modules/.pnpm/@tanstack+react-query@5.90.21_react@19.3.0/node_modules/@tanstack/react-query/build/modern/IsRestoringProvider.js" may not be preserved when bundling.
2026-10-05T06:25:29.2731768Z    [38;5;246m╭[0m[38;5;246m─[0m[38;5;246m[[0m node_modules/.pnpm/@tanstack+react-query@5.90.21_react@19.3.0/node_modules/@tanstack/react-query/build/modern/IsRestoringProvider.js:1:1 [38;5;246m][0m
2026-10-05T06:25:29.2732538Z    [38;5;246m│[0m
2026-10-05T06:25:29.2732815Z  [38;5;246m1 │[0m "use client";
2026-10-05T06:25:29.2733129Z  [38;5;240m  │[0m ──────┬──────  
2026-10-05T06:25:29.2733567Z  [38;5;240m  │[0m       ╰──────── module level directive may not be preserved
2026-10-05T06:25:29.2733945Z  [38;5;240m  │[0m 
2026-10-05T06:25:29.2734914Z  [38;5;240m  │[0m [38;5;115mHelp[0m: For more information, see https://rolldown.rs/in-depth/directives#other-directives
2026-10-05T06:25:29.2735543Z [38;5;246m───╯[0m
2026-10-05T06:25:29.2735766Z [39m
2026-10-05T06:25:29.2737668Z [33m[33m[MODULE_LEVEL_DIRECTIVE] [0mThe semantics of the module level directive "use client" in "node_modules/.pnpm/@tanstack+react-query@5.90.21_react@19.3.0/node_modules/@tanstack/react-query/build/modern/useMutationState.js" may not be preserved when bundling.
2026-10-05T06:25:29.2739723Z    [38;5;246m╭[0m[38;5;246m─[0m[38;5;246m[[0m node_modules/.pnpm/@tanstack+react-query@5.90.21_react@19.3.0/node_modules/@tanstack/react-query/build/modern/useMutationState.js:1:1 [38;5;246m][0m
2026-10-05T06:25:29.2740852Z    [38;5;246m│[0m
2026-10-05T06:25:29.2741206Z  [38;5;246m1 │[0m "use client";
2026-10-05T06:25:29.2741531Z  [38;5;240m  │[0m ──────┬──────  
2026-10-05T06:25:29.2742098Z  [38;5;240m  │[0m       ╰──────── module level directive may not be preserved
2026-10-05T06:25:29.2742566Z  [38;5;240m  │[0m 
2026-10-05T06:25:29.2743274Z  [38;5;240m  │[0m [38;5;115mHelp[0m: For more information, see https://rolldown.rs/in-depth/directives#other-directives
2026-10-05T06:25:29.2743911Z [38;5;246m───╯[0m
2026-10-05T06:25:29.2744129Z [39m
2026-10-05T06:25:29.2745949Z [33m[33m[MODULE_LEVEL_DIRECTIVE] [0mThe semantics of the module level directive "use client" in "node_modules/.pnpm/@tanstack+react-query@5.90.21_react@19.3.0/node_modules/@tanstack/react-query/build/modern/useInfiniteQuery.js" may not be preserved when bundling.
2026-10-05T06:25:29.2747852Z    [38;5;246m╭[0m[38;5;246m─[0m[38;5;246m[[0m node_modules/.pnpm/@tanstack+react-query@5.90.21_react@19.3.0/node_modules/@tanstack/react-query/build/modern/useInfiniteQuery.js:1:1 [38;5;246m][0m
2026-10-05T06:25:29.2748816Z    [38;5;246m│[0m
2026-10-05T06:25:29.2749092Z  [38;5;246m1 │[0m "use client";
2026-10-05T06:25:29.2749578Z  [38;5;240m  │[0m ──────┬──────  
2026-10-05T06:25:29.2750038Z  [38;5;240m  │[0m       ╰──────── module level directive may not be preserved
2026-10-05T06:25:29.2750542Z  [38;5;240m  │[0m 
2026-10-05T06:25:29.2751186Z  [38;5;240m  │[0m [38;5;115mHelp[0m: For more information, see https://rolldown.rs/in-depth/directives#other-directives
2026-10-05T06:25:29.2751882Z [38;5;246m───╯[0m
2026-10-05T06:25:29.2752110Z [39m
2026-10-05T06:25:29.2753803Z [33m[33m[MODULE_LEVEL_DIRECTIVE] [0mThe semantics of the module level directive "use client" in "node_modules/.pnpm/@tanstack+react-query@5.90.21_react@19.3.0/node_modules/@tanstack/react-query/build/modern/QueryClientProvider.js" may not be preserved when bundling.
2026-10-05T06:25:29.2756130Z    [38;5;246m╭[0m[38;5;246m─[0m[38;5;246m[[0m node_modules/.pnpm/@tanstack+react-query@5.90.21_react@19.3.0/node_modules/@tanstack/react-query/build/modern/QueryClientProvider.js:1:1 [38;5;246m][0m
2026-10-05T06:25:29.2757116Z    [38;5;246m│[0m
2026-10-05T06:25:29.2757386Z  [38;5;246m1 │[0m "use client";
2026-10-05T06:25:29.2757872Z  [38;5;240m  │[0m ──────┬──────  
2026-10-05T06:25:29.2758319Z  [38;5;240m  │[0m       ╰──────── module level directive may not be preserved
2026-10-05T06:25:29.2758693Z  [38;5;240m  │[0m 
2026-10-05T06:25:29.2759464Z  [38;5;240m  │[0m [38;5;115mHelp[0m: For more information, see https://rolldown.rs/in-depth/directives#other-directives
2026-10-05T06:25:29.2760120Z [38;5;246m───╯[0m
2026-10-05T06:25:29.2760411Z [39m
2026-10-05T06:25:29.2761955Z [33m[33m[MODULE_LEVEL_DIRECTIVE] [0mThe semantics of the module level directive "use client" in "node_modules/.pnpm/@tanstack+react-query@5.90.21_react@19.3.0/node_modules/@tanstack/react-query/build/modern/HydrationBoundary.js" may not be preserved when bundling.
2026-10-05T06:25:29.2764017Z    [38;5;246m╭[0m[38;5;246m─[0m[38;5;246m[[0m node_modules/.pnpm/@tanstack+react-query@5.90.21_react@19.3.0/node_modules/@tanstack/react-query/build/modern/HydrationBoundary.js:1:1 [38;5;246m][0m
2026-10-05T06:25:29.2765147Z    [38;5;246m│[0m
2026-10-05T06:25:29.2765430Z  [38;5;246m1 │[0m "use client";
2026-10-05T06:25:29.2765744Z  [38;5;240m  │[0m ──────┬──────  
2026-10-05T06:25:29.2766393Z  [38;5;240m  │[0m       ╰──────── module level directive may not be preserved
2026-10-05T06:25:29.2766789Z  [38;5;240m  │[0m 
2026-10-05T06:25:29.2767571Z  [38;5;240m  │[0m [38;5;115mHelp[0m: For more information, see https://rolldown.rs/in-depth/directives#other-directives
2026-10-05T06:25:29.2768145Z [38;5;246m───╯[0m
2026-10-05T06:25:29.2768512Z [39m
2026-10-05T06:25:29.2770078Z [33m[33m[MODULE_LEVEL_DIRECTIVE] [0mThe semantics of the module level directive "use client" in "node_modules/.pnpm/@tanstack+react-query@5.90.21_react@19.3.0/node_modules/@tanstack/react-query/build/modern/QueryErrorResetBoundary.js" may not be preserved when bundling.
2026-10-05T06:25:29.2772444Z    [38;5;246m╭[0m[38;5;246m─[0m[38;5;246m[[0m node_modules/.pnpm/@tanstack+react-query@5.90.21_react@19.3.0/node_modules/@tanstack/react-query/build/modern/QueryErrorResetBoundary.js:1:1 [38;5;246m][0m
2026-10-05T06:25:29.2773384Z    [38;5;246m│[0m
2026-10-05T06:25:29.2773651Z  [38;5;246m1 │[0m "use client";
2026-10-05T06:25:29.2773967Z  [38;5;240m  │[0m ──────┬──────  
2026-10-05T06:25:29.2774667Z  [38;5;240m  │[0m       ╰──────── module level directive may not be preserved
2026-10-05T06:25:29.2775052Z  [38;5;240m  │[0m 
2026-10-05T06:25:29.2775857Z  [38;5;240m  │[0m [38;5;115mHelp[0m: For more information, see https://rolldown.rs/in-depth/directives#other-directives
2026-10-05T06:25:29.2776417Z [38;5;246m───╯[0m
2026-10-05T06:25:29.2776743Z [39m
2026-10-05T06:25:29.2778261Z [33m[33m[MODULE_LEVEL_DIRECTIVE] [0mThe semantics of the module level directive "use client" in "node_modules/.pnpm/@tanstack+react-query@5.90.21_react@19.3.0/node_modules/@tanstack/react-query/build/modern/useMutation.js" may not be preserved when bundling.
2026-10-05T06:25:29.2780169Z    [38;5;246m╭[0m[38;5;246m─[0m[38;5;246m[[0m node_modules/.pnpm/@tanstack+react-query@5.90.21_react@19.3.0/node_modules/@tanstack/react-query/build/modern/useMutation.js:1:1 [38;5;246m][0m
2026-10-05T06:25:29.2781014Z    [38;5;246m│[0m
2026-10-05T06:25:29.2781295Z  [38;5;246m1 │[0m "use client";
2026-10-05T06:25:29.2781753Z  [38;5;240m  │[0m ──────┬──────  
2026-10-05T06:25:29.2782187Z  [38;5;240m  │[0m       ╰──────── module level directive may not be preserved
2026-10-05T06:25:29.2782866Z  [38;5;240m  │[0m 
2026-10-05T06:25:29.2783502Z  [38;5;240m  │[0m [38;5;115mHelp[0m: For more information, see https://rolldown.rs/in-depth/directives#other-directives
2026-10-05T06:25:29.2784214Z [38;5;246m───╯[0m
2026-10-05T06:25:29.2784572Z [39m
2026-10-05T06:25:29.2786264Z [33m[33m[MODULE_LEVEL_DIRECTIVE] [0mThe semantics of the module level directive "use client" in "node_modules/.pnpm/@tanstack+react-query@5.90.21_react@19.3.0/node_modules/@tanstack/react-query/build/modern/errorBoundaryUtils.js" may not be preserved when bundling.
2026-10-05T06:25:29.2788231Z    [38;5;246m╭[0m[38;5;246m─[0m[38;5;246m[[0m node_modules/.pnpm/@tanstack+react-query@5.90.21_react@19.3.0/node_modules/@tanstack/react-query/build/modern/errorBoundaryUtils.js:1:1 [38;5;246m][0m
2026-10-05T06:25:29.2789168Z    [38;5;246m│[0m
2026-10-05T06:25:29.2789433Z  [38;5;246m1 │[0m "use client";
2026-10-05T06:25:29.2789907Z  [38;5;240m  │[0m ──────┬──────  
2026-10-05T06:25:29.2790365Z  [38;5;240m  │[0m       ╰──────── module level directive may not be preserved
2026-10-05T06:25:29.2790736Z  [38;5;240m  │[0m 
2026-10-05T06:25:29.2791609Z  [38;5;240m  │[0m [38;5;115mHelp[0m: For more information, see https://rolldown.rs/in-depth/directives#other-directives
2026-10-05T06:25:29.2792326Z [38;5;246m───╯[0m
2026-10-05T06:25:29.2792745Z [39m
2026-10-05T06:25:29.2794275Z [33m[33m[MODULE_LEVEL_DIRECTIVE] [0mThe semantics of the module level directive "use client" in "node_modules/.pnpm/@tanstack+react-query@5.90.21_react@19.3.0/node_modules/@tanstack/react-query/build/modern/useBaseQuery.js" may not be preserved when bundling.
2026-10-05T06:25:29.2796469Z    [38;5;246m╭[0m[38;5;246m─[0m[38;5;246m[[0m node_modules/.pnpm/@tanstack+react-query@5.90.21_react@19.3.0/node_modules/@tanstack/react-query/build/modern/useBaseQuery.js:1:1 [38;5;246m][0m
2026-10-05T06:25:29.2797320Z    [38;5;246m│[0m
2026-10-05T06:25:29.2797658Z  [38;5;246m1 │[0m "use client";
2026-10-05T06:25:29.2797984Z  [38;5;240m  │[0m ──────┬──────  
2026-10-05T06:25:29.2798418Z  [38;5;240m  │[0m       ╰──────── module level directive may not be preserved
2026-10-05T06:25:29.2798797Z  [38;5;240m  │[0m 
2026-10-05T06:25:29.2799398Z  [38;5;240m  │[0m [38;5;115mHelp[0m: For more information, see https://rolldown.rs/in-depth/directives#other-directives
2026-10-05T06:25:29.2800133Z [38;5;246m───╯[0m
2026-10-05T06:25:29.2800355Z [39m
2026-10-05T06:25:29.2800613Z [32m✓ built in 988ms[39m
2026-10-05T06:25:30.4221779Z computing gzip size...
2026-10-05T06:25:30.4345515Z .svelte-kit/output/server/.vite/manifest.json                                                                  59.51 kB │ gzip:  5.63 kB
2026-10-05T06:25:30.4346659Z .svelte-kit/output/server/_app/immutable/assets/_page.DrcXZYa3.css                                              0.17 kB │ gzip:  0.13 kB
2026-10-05T06:25:30.4347730Z .svelte-kit/output/server/_app/immutable/assets/MenuDialog.CSb6g0e0.css                                         0.20 kB │ gzip:  0.17 kB
2026-10-05T06:25:30.4349048Z .svelte-kit/output/server/_app/immutable/assets/_page.Dcp-D_B2.css                                              0.22 kB │ gzip:  0.15 kB
2026-10-05T06:25:30.4350098Z .svelte-kit/output/server/_app/immutable/assets/_page.gKqYElxg.css                                              0.36 kB │ gzip:  0.22 kB
2026-10-05T06:25:30.4351132Z .svelte-kit/output/server/_app/immutable/assets/EditorForm.BHWZld0R.css                                         0.44 kB │ gzip:  0.23 kB
2026-10-05T06:25:30.4352171Z .svelte-kit/output/server/_app/immutable/assets/DraftPreview.fwW3PV90.css                                       0.48 kB │ gzip:  0.25 kB
2026-10-05T06:25:30.4353207Z .svelte-kit/output/server/_app/immutable/assets/_page.CyTVIvfE.css                                              0.54 kB │ gzip:  0.26 kB
2026-10-05T06:25:30.4354216Z .svelte-kit/output/server/_app/immutable/assets/_page.CVJ5M564.css                                              0.57 kB │ gzip:  0.29 kB
2026-10-05T06:25:30.4355632Z .svelte-kit/output/server/_app/immutable/assets/_page.B4jjrLtW.css                                              0.68 kB │ gzip:  0.31 kB
2026-10-05T06:25:30.4356663Z .svelte-kit/output/server/_app/immutable/assets/_page.CccxuyKJ.css                                              0.70 kB │ gzip:  0.35 kB
2026-10-05T06:25:30.4357739Z .svelte-kit/output/server/_app/immutable/assets/ContentTypeEditor.BP8dJX1x.css                                  1.57 kB │ gzip:  0.55 kB
2026-10-05T06:25:30.4358788Z .svelte-kit/output/server/_app/immutable/assets/_page.DYOooGE9.css                                              1.60 kB │ gzip:  0.40 kB
2026-10-05T06:25:30.4359804Z .svelte-kit/output/server/_app/immutable/assets/_page.C1Ra8cmf.css                                              2.18 kB │ gzip:  0.68 kB
2026-10-05T06:25:30.4360811Z .svelte-kit/output/server/_app/immutable/assets/_page.CvGkr_1p.css                                              2.27 kB │ gzip:  0.85 kB
2026-10-05T06:25:30.4361806Z .svelte-kit/output/server/_app/immutable/assets/admin.CSBm7Oz-.css                                              2.57 kB │ gzip:  0.88 kB
2026-10-05T06:25:30.4362850Z .svelte-kit/output/server/_app/immutable/assets/_page.D2HNaFcR.css                                              3.13 kB │ gzip:  0.93 kB
2026-10-05T06:25:30.4364107Z .svelte-kit/output/server/_app/immutable/assets/WorkspaceShell.CG4u5kwz.css                                    37.08 kB │ gzip:  5.01 kB
2026-10-05T06:25:30.4365772Z .svelte-kit/output/server/chunks/navigation.js                                                                  0.03 kB │ gzip:  0.05 kB
2026-10-05T06:25:30.4366718Z .svelte-kit/output/server/chunks/repository2.js                                                                 0.09 kB │ gzip:  0.08 kB
2026-10-05T06:25:30.4368455Z .svelte-kit/output/server/chunks/taxonomies2.js                                                                 0.09 kB │ gzip:  0.08 kB
2026-10-05T06:25:30.4369682Z .svelte-kit/output/server/chunks/chunks.js                                                                      0.10 kB │ gzip:  0.09 kB
2026-10-05T06:25:30.4370794Z .svelte-kit/output/server/remote-entry.js                                                                       0.16 kB │ gzip:  0.12 kB
2026-10-05T06:25:30.4371691Z .svelte-kit/output/server/chunks/server.js                                                                      0.16 kB │ gzip:  0.12 kB
2026-10-05T06:25:30.4372611Z .svelte-kit/output/server/chunks/transaction2.js                                                                0.19 kB │ gzip:  0.15 kB
2026-10-05T06:25:30.4373708Z .svelte-kit/output/server/entries/endpoints/api/comments/_server.ts.js                                          0.20 kB │ gzip:  0.16 kB
2026-10-05T06:25:30.4375321Z .svelte-kit/output/server/entries/endpoints/api/admin/comments/_server.ts.js                                    0.21 kB │ gzip:  0.16 kB
2026-10-05T06:25:30.4376596Z .svelte-kit/output/server/entries/pages/_page.server.ts.js                                                      0.22 kB │ gzip:  0.16 kB
2026-10-05T06:25:30.4377538Z .svelte-kit/output/server/env.js                                                                                0.22 kB │ gzip:  0.14 kB
2026-10-05T06:25:30.4378417Z .svelte-kit/output/server/chunks/remote-4cga8b.js                                                               0.22 kB │ gzip:  0.14 kB
2026-10-05T06:25:30.4379421Z .svelte-kit/output/server/entries/endpoints/api/redirects/404s/summary/_server.ts.js                            0.22 kB │ gzip:  0.17 kB
2026-10-05T06:25:30.4380497Z .svelte-kit/output/server/entries/endpoints/api/admin/comments/bulk/_server.ts.js                               0.22 kB │ gzip:  0.17 kB
2026-10-05T06:25:30.4381565Z .svelte-kit/output/server/entries/endpoints/api/admin/comments/counts/_server.ts.js                             0.22 kB │ gzip:  0.17 kB
2026-10-05T06:25:30.4382564Z .svelte-kit/output/server/chunks/navigation2.js                                                                 0.22 kB │ gzip:  0.17 kB
2026-10-05T06:25:30.4383482Z .svelte-kit/output/server/chunks/remote-5e9re.js                                                                0.23 kB │ gzip:  0.14 kB
2026-10-05T06:25:30.4384637Z .svelte-kit/output/server/chunks/remote-6z7yaa.js                                                               0.23 kB │ gzip:  0.14 kB
2026-10-05T06:25:30.4385664Z .svelte-kit/output/server/entries/pages/redirects/_page.server.ts.js                                            0.23 kB │ gzip:  0.18 kB
2026-10-05T06:25:30.4386720Z .svelte-kit/output/server/entries/endpoints/api/admin/comments/_id_/status/_server.ts.js                        0.23 kB │ gzip:  0.17 kB
2026-10-05T06:25:30.4387731Z .svelte-kit/output/server/chunks/remote-1ghd0c5.js                                                              0.24 kB │ gzip:  0.15 kB
2026-10-05T06:25:30.4388663Z .svelte-kit/output/server/chunks/remote-126fj8m.js                                                              0.24 kB │ gzip:  0.15 kB
2026-10-05T06:25:30.4389665Z .svelte-kit/output/server/entries/pages/content/_collection_/_layout.server.ts.js                               0.24 kB │ gzip:  0.18 kB
2026-10-05T06:25:30.4390750Z .svelte-kit/output/server/entries/endpoints/api/comments/_collection_/_contentId_/_server.ts.js                 0.25 kB │ gzip:  0.18 kB
2026-10-05T06:25:30.4392187Z .svelte-kit/output/server/chunks/remote-15ax3ep.js                                                              0.26 kB │ gzip:  0.15 kB
2026-10-05T06:25:30.4393221Z .svelte-kit/output/server/entries/endpoints/api/admin/comments/settings/_collection_/_server.ts.js              0.26 kB │ gzip:  0.17 kB
2026-10-05T06:25:30.4394920Z .svelte-kit/output/server/entries/endpoints/api/redirects/_server.ts.js                                         0.26 kB │ gzip:  0.18 kB
2026-10-05T06:25:30.4396335Z .svelte-kit/output/server/chunks/object-cache-configuration.js                                                  0.27 kB │ gzip:  0.19 kB
2026-10-05T06:25:30.4397409Z .svelte-kit/output/server/entries/endpoints/api/comments/_collection_/_contentId_/reactions/_server.ts.js       0.27 kB │ gzip:  0.18 kB
2026-10-05T06:25:30.4398429Z .svelte-kit/output/server/chunks/contract.js                                                                    0.28 kB │ gzip:  0.19 kB
2026-10-05T06:25:30.4399628Z .svelte-kit/output/server/entries/endpoints/api/schema/block-types/_server.ts.js                                0.28 kB │ gzip:  0.21 kB
2026-10-05T06:25:30.4400803Z .svelte-kit/output/server/entries/endpoints/api/content-picker/manifest/_server.ts.js                           0.28 kB │ gzip:  0.20 kB
2026-10-05T06:25:30.4401797Z .svelte-kit/output/server/chunks/env.js                                                                         0.28 kB │ gzip:  0.17 kB
2026-10-05T06:25:30.4402764Z .svelte-kit/output/server/entries/endpoints/api/admin/comments/_id_/_server.ts.js                               0.29 kB │ gzip:  0.19 kB
2026-10-05T06:25:30.4404082Z .svelte-kit/output/server/entries/endpoints/api/content-picker/collections/_server.ts.js                        0.32 kB │ gzip:  0.22 kB
2026-10-05T06:25:30.4405563Z .svelte-kit/output/server/entries/endpoints/api/schema/collections/reorder/_server.ts.js                        0.32 kB │ gzip:  0.23 kB
2026-10-05T06:25:30.4406667Z .svelte-kit/output/server/entries/endpoints/api/setup/status/_server.ts.js                                      0.33 kB │ gzip:  0.23 kB
2026-10-05T06:25:30.4407709Z .svelte-kit/output/server/entries/endpoints/api/redirects/_id_/_server.ts.js                                    0.33 kB │ gzip:  0.20 kB
2026-10-05T06:25:30.4408738Z .svelte-kit/output/server/entries/endpoints/api/redirects/404s/_server.ts.js                                    0.34 kB │ gzip:  0.20 kB
2026-10-05T06:25:30.4409751Z .svelte-kit/output/server/entries/pages/widgets/_page.server.ts.js                                              0.36 kB │ gzip:  0.23 kB
2026-10-05T06:25:30.4410764Z .svelte-kit/output/server/entries/pages/sections/_layout.server.ts.js                                           0.36 kB │ gzip:  0.23 kB
2026-10-05T06:25:30.4411847Z .svelte-kit/output/server/entries/endpoints/api/content-picker/content/_collection_/_server.ts.js               0.36 kB │ gzip:  0.24 kB
2026-10-05T06:25:30.4413819Z .svelte-kit/output/server/entries/endpoints/api/schema/collections/_collection_/fields/reorder/_server.ts.js    0.40 kB │ gzip:  0.26 kB
2026-10-05T06:25:30.4415469Z .svelte-kit/output/server/internal.js                                                                           0.40 kB │ gzip:  0.19 kB
2026-10-05T06:25:30.4416911Z .svelte-kit/output/server/entries/fallbacks/layout.svelte.js                                                    0.42 kB │ gzip:  0.30 kB
2026-10-05T06:25:30.4418345Z .svelte-kit/output/server/entries/endpoints/api/schema/collections/_server.ts.js                                0.42 kB │ gzip:  0.25 kB
2026-10-05T06:25:30.4419706Z .svelte-kit/output/server/entries/endpoints/api/schema/collections/_collection_/fields/_server.ts.js            0.45 kB │ gzip:  0.29 kB
2026-10-05T06:25:30.4420774Z .svelte-kit/output/server/chunks/collection-slugs-state.js                                                      0.48 kB │ gzip:  0.29 kB
2026-10-05T06:25:30.4422011Z .svelte-kit/output/server/chunks/authorize.js                                                                   0.49 kB │ gzip:  0.32 kB
2026-10-05T06:25:30.4423650Z .svelte-kit/output/server/chunks/context.js                                                                     0.50 kB │ gzip:  0.29 kB
2026-10-05T06:25:30.4425023Z .svelte-kit/output/server/chunks/deferred-tasks.js                                                              0.50 kB │ gzip:  0.29 kB
2026-10-05T06:25:30.4426223Z .svelte-kit/output/server/chunks/chrome-tags.js                                                                 0.52 kB │ gzip:  0.33 kB
2026-10-05T06:25:30.4427894Z .svelte-kit/output/server/entries/endpoints/api/auth/me/_server.ts.js                                           0.53 kB │ gzip:  0.32 kB
2026-10-05T06:25:30.4429336Z .svelte-kit/output/server/entries/endpoints/api/schema/collections/_collection_/fields/_field_/_server.ts.js    0.54 kB │ gzip:  0.30 kB
2026-10-05T06:25:30.4430407Z .svelte-kit/output/server/entries/fallbacks/error.svelte.js                                                     0.56 kB │ gzip:  0.35 kB
2026-10-05T06:25:30.4431520Z .svelte-kit/output/server/chunks/chunks2.js                                                                     0.56 kB │ gzip:  0.39 kB
2026-10-05T06:25:30.4432523Z .svelte-kit/output/server/entries/endpoints/api/auth/passkey/options/_server.ts.js                              0.60 kB │ gzip:  0.34 kB
2026-10-05T06:25:30.4433700Z .svelte-kit/output/server/entries/pages/comments/settings/_collection_/_page.server.ts.js                       0.61 kB │ gzip:  0.35 kB
2026-10-05T06:25:30.4435194Z .svelte-kit/output/server/entries/pages/schema/_layout.server.ts.js                                             0.61 kB │ gzip:  0.36 kB
2026-10-05T06:25:30.4436425Z .svelte-kit/output/server/entries/pages/schema/_manage/_layout.svelte.js                                        0.63 kB │ gzip:  0.32 kB
2026-10-05T06:25:30.4437604Z .svelte-kit/output/server/chunks/current-user.js                                                                0.66 kB │ gzip:  0.38 kB
2026-10-05T06:25:30.4438642Z .svelte-kit/output/server/entries/pages/content/_collection_/_id_/workflow/_page.server.ts.js                   0.67 kB │ gzip:  0.32 kB
2026-10-05T06:25:30.4439902Z .svelte-kit/output/server/entries/endpoints/api/schema/collections/_collection_/_server.ts.js                   0.70 kB │ gzip:  0.35 kB
2026-10-05T06:25:30.4440969Z .svelte-kit/output/server/chunks/host.js                                                                        0.75 kB │ gzip:  0.37 kB
2026-10-05T06:25:30.4441886Z .svelte-kit/output/server/chunks/editor-display.js                                                              0.77 kB │ gzip:  0.37 kB
2026-10-05T06:25:30.4442797Z .svelte-kit/output/server/chunks/store.js                                                                       0.78 kB │ gzip:  0.42 kB
2026-10-05T06:25:30.4443924Z .svelte-kit/output/server/entries/pages/trash/_collection_/_page.server.ts.js                                   0.79 kB │ gzip:  0.41 kB
2026-10-05T06:25:30.4445320Z .svelte-kit/output/server/entries/endpoints/api/setup/admin/verify/_server.ts.js                                0.83 kB │ gzip:  0.43 kB
2026-10-05T06:25:30.4446515Z .svelte-kit/output/server/entries/pages/menus/_layout.server.ts.js                                              0.85 kB │ gzip:  0.48 kB
2026-10-05T06:25:30.4447539Z .svelte-kit/output/server/entries/endpoints/api/setup/admin/_server.ts.js                                       0.87 kB │ gzip:  0.46 kB
2026-10-05T06:25:30.4448735Z .svelte-kit/output/server/entries/endpoints/api/menus/_name_/items/_server.ts.js                                0.89 kB │ gzip:  0.45 kB
2026-10-05T06:25:30.4449887Z .svelte-kit/output/server/entries/endpoints/api/menus/_name_/reorder/_server.ts.js                              0.90 kB │ gzip:  0.45 kB
2026-10-05T06:25:30.4450982Z .svelte-kit/output/server/entries/endpoints/api/byline-fields/_slug_/usage/_server.ts.js                        0.91 kB │ gzip:  0.47 kB
2026-10-05T06:25:30.4452139Z .svelte-kit/output/server/chunks/i18n-config.js                                                                 0.93 kB │ gzip:  0.49 kB
2026-10-05T06:25:30.4453246Z .svelte-kit/output/server/chunks/widgets.js                                                                     0.95 kB │ gzip:  0.47 kB
2026-10-05T06:25:30.4454277Z .svelte-kit/output/server/entries/endpoints/api/menus/_server.ts.js                                             1.01 kB │ gzip:  0.47 kB
2026-10-05T06:25:30.4455800Z .svelte-kit/output/server/entries/endpoints/api/taxonomies/_name_/translations/_server.ts.js                    1.04 kB │ gzip:  0.51 kB
2026-10-05T06:25:30.4456897Z .svelte-kit/output/server/chunks/status.js                                                                      1.04 kB │ gzip:  0.55 kB
2026-10-05T06:25:30.4457808Z .svelte-kit/output/server/chunks/transaction.js                                                                 1.06 kB │ gzip:  0.50 kB
2026-10-05T06:25:30.4458883Z .svelte-kit/output/server/entries/endpoints/api/byline-fields/reorder/_server.ts.js                             1.08 kB │ gzip:  0.47 kB
2026-10-05T06:25:30.4459967Z .svelte-kit/output/server/chunks/write-plan.js                                                                  1.13 kB │ gzip:  0.56 kB
2026-10-05T06:25:30.4460965Z .svelte-kit/output/server/entries/endpoints/api/taxonomies/_name_/reorder/_server.ts.js                         1.14 kB │ gzip:  0.52 kB
2026-10-05T06:25:30.4462025Z .svelte-kit/output/server/chunks/paths.js                                                                       1.15 kB │ gzip:  0.64 kB
2026-10-05T06:25:30.4463176Z .svelte-kit/output/server/chunks/context2.js                                                                    1.18 kB │ gzip:  0.67 kB
2026-10-05T06:25:30.4464241Z .svelte-kit/output/server/entries/endpoints/api/auth/logout/_server.ts.js                                       1.28 kB │ gzip:  0.62 kB
2026-10-05T06:25:30.4465543Z .svelte-kit/output/server/chunks/request.js                                                                     1.30 kB │ gzip:  0.68 kB
2026-10-05T06:25:30.4466530Z .svelte-kit/output/server/chunks/internal2.js                                                                   1.30 kB │ gzip:  0.54 kB
2026-10-05T06:25:30.4467442Z .svelte-kit/output/server/chunks/namespaces.js                                                                  1.34 kB │ gzip:  0.63 kB
2026-10-05T06:25:30.4468497Z .svelte-kit/output/server/entries/endpoints/api/taxonomies/_server.ts.js                                        1.36 kB │ gzip:  0.57 kB
2026-10-05T06:25:30.4469636Z .svelte-kit/output/server/entries/endpoints/api/auth/passkey/verify/_server.ts.js                               1.39 kB │ gzip:  0.63 kB
2026-10-05T06:25:30.4470720Z .svelte-kit/output/server/chunks/base64.js                                                                      1.41 kB │ gzip:  0.65 kB
2026-10-05T06:25:30.4471773Z .svelte-kit/output/server/entries/endpoints/api/menus/_name_/items/_id_/_server.ts.js                           1.47 kB │ gzip:  0.55 kB
2026-10-05T06:25:30.4472797Z .svelte-kit/output/server/chunks/identity-schemas.js                                                            1.48 kB │ gzip:  0.55 kB
2026-10-05T06:25:30.4473929Z .svelte-kit/output/server/entries/pages/sections/_slug_/_page.svelte.js                                         1.50 kB │ gzip:  0.58 kB
2026-10-05T06:25:30.4475403Z .svelte-kit/output/server/entries/endpoints/api/menus/_name_/_server.ts.js                                      1.52 kB │ gzip:  0.52 kB
2026-10-05T06:25:30.4476503Z .svelte-kit/output/server/entries/endpoints/api/taxonomies/_name_/terms/_server.ts.js                           1.59 kB │ gzip:  0.63 kB
2026-10-05T06:25:30.4477676Z .svelte-kit/output/server/entries/endpoints/api/byline-fields/_server.ts.js                                     1.64 kB │ gzip:  0.59 kB
2026-10-05T06:25:30.4478772Z .svelte-kit/output/server/chunks/atomic-query-loop.js                                                           1.66 kB │ gzip:  0.73 kB
2026-10-05T06:25:30.4480043Z .svelte-kit/output/server/entries/pages/schema/_manage/new/_page.svelte.js                                      1.67 kB │ gzip:  0.73 kB
2026-10-05T06:25:30.4481262Z .svelte-kit/output/server/entries/endpoints/api/menus/_name_/translations/_server.ts.js                         1.70 kB │ gzip:  0.68 kB
2026-10-05T06:25:30.4482258Z .svelte-kit/output/server/chunks/slugify.js                                                                     1.77 kB │ gzip:  0.91 kB
2026-10-05T06:25:30.4483263Z .svelte-kit/output/server/entries/hooks.universal.js                                                            1.77 kB │ gzip:  0.73 kB
2026-10-05T06:25:30.4484275Z .svelte-kit/output/server/chunks/migrations2.js                                                                 1.78 kB │ gzip:  0.67 kB
2026-10-05T06:25:30.4485566Z .svelte-kit/output/server/chunks/parse2.js                                                                      1.85 kB │ gzip:  0.90 kB
2026-10-05T06:25:30.4486493Z .svelte-kit/output/server/chunks/DraftPreview.js                                                                1.88 kB │ gzip:  0.79 kB
2026-10-05T06:25:30.4487552Z .svelte-kit/output/server/entries/endpoints/api/sections/_server.ts.js                                          1.88 kB │ gzip:  0.64 kB
2026-10-05T06:25:30.4488595Z .svelte-kit/output/server/chunks/schemas5.js                                                                    1.91 kB │ gzip:  0.49 kB
2026-10-05T06:25:30.4489603Z .svelte-kit/output/server/chunks/workspace.remote.js                                                            1.95 kB │ gzip:  0.76 kB
2026-10-05T06:25:30.4490756Z .svelte-kit/output/server/chunks/readiness.js                                                                   1.98 kB │ gzip:  0.92 kB
2026-10-05T06:25:30.4491767Z .svelte-kit/output/server/chunks/db-errors.js                                                                   2.01 kB │ gzip:  0.97 kB
2026-10-05T06:25:30.4492812Z .svelte-kit/output/server/entries/pages/comments/_page.server.ts.js                                             2.02 kB │ gzip:  0.86 kB
2026-10-05T06:25:30.4493856Z .svelte-kit/output/server/chunks/validate2.js                                                                   2.05 kB │ gzip:  0.95 kB
2026-10-05T06:25:30.4495308Z .svelte-kit/output/server/entries/endpoints/api/widget-areas/_name_/reorder/_server.ts.js                       2.06 kB │ gzip:  0.87 kB
2026-10-05T06:25:30.4496467Z .svelte-kit/output/server/chunks/validate.js                                                                    2.08 kB │ gzip:  0.97 kB
2026-10-05T06:25:30.4497516Z .svelte-kit/output/server/chunks/editor-autosave.remote.js                                                      2.09 kB │ gzip:  0.74 kB
2026-10-05T06:25:30.4498563Z .svelte-kit/output/server/entries/endpoints/api/widget-components/_server.ts.js                                 2.13 kB │ gzip:  0.77 kB
2026-10-05T06:25:30.4499559Z .svelte-kit/output/server/chunks/init-lock.js                                                                   2.15 kB │ gzip:  1.00 kB
2026-10-05T06:25:30.4500478Z .svelte-kit/output/server/chunks/turnstile.js                                                                   2.20 kB │ gzip:  1.13 kB
2026-10-05T06:25:30.4501518Z .svelte-kit/output/server/entries/endpoints/api/taxonomies/_name_/_server.ts.js                                 2.23 kB │ gzip:  0.69 kB
2026-10-05T06:25:30.4503601Z .svelte-kit/output/server/entries/endpoints/api/widget-areas/_name_/_server.ts.js                               2.36 kB │ gzip:  0.80 kB
2026-10-05T06:25:30.4505971Z .svelte-kit/output/server/entries/pages/schema/_manage/_collection_/_page.svelte.js                             2.37 kB │ gzip:  0.89 kB
2026-10-05T06:25:30.4507420Z .svelte-kit/output/server/entries/endpoints/api/taxonomies/_name_/terms/_slug_/translations/_server.ts.js       2.39 kB │ gzip:  0.81 kB
2026-10-05T06:25:30.4508546Z .svelte-kit/output/server/entries/endpoints/api/byline-fields/_slug_/_server.ts.js                              2.40 kB │ gzip:  0.69 kB
2026-10-05T06:25:30.4509869Z .svelte-kit/output/server/entries/endpoints/api/widget-areas/_name_/widgets/_server.ts.js                       2.41 kB │ gzip:  0.99 kB
2026-10-05T06:25:30.4510882Z .svelte-kit/output/server/chunks/BlockSettings.js                                                               2.42 kB │ gzip:  0.90 kB
2026-10-05T06:25:30.4511896Z .svelte-kit/output/server/entries/endpoints/api/taxonomies/_name_/terms/_slug_/_server.ts.js                    2.44 kB │ gzip:  0.69 kB
2026-10-05T06:25:30.4513561Z .svelte-kit/output/server/chunks/passkey-browser.js                                                             2.46 kB │ gzip:  0.78 kB
2026-10-05T06:25:30.4514857Z .svelte-kit/output/server/chunks/schema.js                                                                      2.51 kB │ gzip:  0.76 kB
2026-10-05T06:25:30.4515881Z .svelte-kit/output/server/entries/pages/sections/_page.svelte.js                                                2.52 kB │ gzip:  0.87 kB
2026-10-05T06:25:30.4516873Z .svelte-kit/output/server/chunks/admin-http.js                                                                  2.53 kB │ gzip:  1.11 kB
2026-10-05T06:25:30.4533758Z .svelte-kit/output/server/entries/endpoints/api/bylines/_id_/translations/_server.ts.js                         2.54 kB │ gzip:  0.91 kB
2026-10-05T06:25:30.4535930Z .svelte-kit/output/server/entries/pages/_page.svelte.js                                                         2.60 kB │ gzip:  1.05 kB
2026-10-05T06:25:30.4537021Z .svelte-kit/output/server/chunks/http2.js                                                                       2.64 kB │ gzip:  1.19 kB
2026-10-05T06:25:30.4538659Z .svelte-kit/output/server/chunks/session.js                                                                     2.65 kB │ gzip:  1.10 kB
2026-10-05T06:25:30.4539866Z .svelte-kit/output/server/entries/endpoints/api/sections/_slug_/_server.ts.js                                   2.66 kB │ gzip:  0.71 kB
2026-10-05T06:25:30.4541419Z .svelte-kit/output/server/entries/endpoints/api/widget-areas/_server.ts.js                                      2.69 kB │ gzip:  0.99 kB
2026-10-05T06:25:30.4542420Z .svelte-kit/output/server/chunks/state.js                                                                       2.70 kB │ gzip:  1.13 kB
2026-10-05T06:25:30.4543873Z .svelte-kit/output/server/entries/endpoints/api/bylines/_server.ts.js                                           2.88 kB │ gzip:  1.08 kB
2026-10-05T06:25:30.4545207Z .svelte-kit/output/server/chunks/types2.js                                                                      2.92 kB │ gzip:  1.23 kB
2026-10-05T06:25:30.4546670Z .svelte-kit/output/server/chunks/schema-common.js                                                               2.93 kB │ gzip:  1.32 kB
2026-10-05T06:25:30.4547923Z .svelte-kit/output/server/entries/endpoints/api/bylines/_id_/_server.ts.js                                      2.98 kB │ gzip:  0.99 kB
2026-10-05T06:25:30.4549031Z .svelte-kit/output/server/chunks/settings.js                                                                    2.99 kB │ gzip:  1.21 kB
2026-10-05T06:25:30.4550082Z .svelte-kit/output/server/chunks/types3.js                                                                      3.32 kB │ gzip:  1.38 kB
2026-10-05T06:25:30.4551080Z .svelte-kit/output/server/chunks/taxonomy-migrations.js                                                         3.35 kB │ gzip:  0.96 kB
2026-10-05T06:25:30.4552130Z .svelte-kit/output/server/chunks/dialect-helpers.js                                                             3.47 kB │ gzip:  1.51 kB
2026-10-05T06:25:30.4553038Z .svelte-kit/output/server/chunks/d1.js                                                                          3.51 kB │ gzip:  1.19 kB
2026-10-05T06:25:30.4553933Z .svelte-kit/output/server/chunks/field-handlers.js                                                              3.67 kB │ gzip:  0.93 kB
2026-10-05T06:25:30.4555242Z .svelte-kit/output/server/entries/endpoints/api/widget-areas/_name_/widgets/_id_/_server.ts.js                  3.85 kB │ gzip:  1.08 kB
2026-10-05T06:25:30.4556470Z .svelte-kit/output/server/chunks/types.js                                                                       3.90 kB │ gzip:  1.62 kB
2026-10-05T06:25:30.4557397Z .svelte-kit/output/server/chunks/node.js                                                                        3.93 kB │ gzip:  1.45 kB
2026-10-05T06:25:30.4559131Z .svelte-kit/output/server/chunks/request4.js                                                                    4.24 kB │ gzip:  1.74 kB
2026-10-05T06:25:30.4561122Z .svelte-kit/output/server/entries/pages/setup/_page.svelte.js                                                   4.41 kB │ gzip:  1.59 kB
2026-10-05T06:25:30.4562912Z .svelte-kit/output/server/chunks/runtime-client.js                                                              4.44 kB │ gzip:  1.42 kB
2026-10-05T06:25:30.4563882Z .svelte-kit/output/server/chunks/schemas3.js                                                                    4.54 kB │ gzip:  1.50 kB
2026-10-05T06:25:30.4565472Z .svelte-kit/output/server/entries/pages/comments/settings/_collection_/_page.svelte.js                          4.78 kB │ gzip:  1.52 kB
2026-10-05T06:25:30.4566542Z .svelte-kit/output/server/entries/pages/login/_page.svelte.js                                                   4.81 kB │ gzip:  1.65 kB
2026-10-05T06:25:30.4567619Z .svelte-kit/output/server/entries/pages/menus/_page.svelte.js                                                   4.98 kB │ gzip:  1.55 kB
2026-10-05T06:25:30.4569755Z .svelte-kit/output/server/chunks/namespace.js                                                                   5.00 kB │ gzip:  1.68 kB
2026-10-05T06:25:30.4571471Z .svelte-kit/output/server/chunks/manifest.js                                                                    5.25 kB │ gzip:  1.96 kB
2026-10-05T06:25:30.4572528Z .svelte-kit/output/server/entries/endpoints/api/content/_collection_/_id_/terms/_taxonomy_/_server.ts.js        5.29 kB │ gzip:  1.54 kB
2026-10-05T06:25:30.4573652Z .svelte-kit/output/server/entries/pages/content/_collection_/_id_/_page.svelte.js                               5.37 kB │ gzip:  1.40 kB
2026-10-05T06:25:30.4574946Z .svelte-kit/output/server/chunks/migration-provider.js                                                          5.68 kB │ gzip:  2.10 kB
2026-10-05T06:25:30.4575920Z .svelte-kit/output/server/chunks/auth.remote.js                                                                 5.88 kB │ gzip:  1.74 kB
2026-10-05T06:25:30.4576827Z .svelte-kit/output/server/chunks/client.js                                                                      5.98 kB │ gzip:  2.38 kB
2026-10-05T06:25:30.4578401Z .svelte-kit/output/server/chunks/schemas2.js                                                                    5.99 kB │ gzip:  1.66 kB
2026-10-05T06:25:30.4579822Z .svelte-kit/output/server/chunks/MenuDialog.js                                                                  6.05 kB │ gzip:  1.45 kB
2026-10-05T06:25:30.4580950Z .svelte-kit/output/server/entries/pages/schema/_page.svelte.js                                                  6.39 kB │ gzip:  1.82 kB
2026-10-05T06:25:30.4581937Z .svelte-kit/output/server/chunks/exports.js                                                                     6.90 kB │ gzip:  2.18 kB
2026-10-05T06:25:30.4583316Z .svelte-kit/output/server/entries/pages/schema/_manage/_page.svelte.js                                          6.99 kB │ gzip:  2.03 kB
2026-10-05T06:25:30.4584315Z .svelte-kit/output/server/chunks/admin.js                                                                       7.21 kB │ gzip:  1.76 kB
2026-10-05T06:25:30.4585553Z .svelte-kit/output/server/chunks/zod-generator.js                                                               7.30 kB │ gzip:  2.48 kB
2026-10-05T06:25:30.4586548Z .svelte-kit/output/server/entries/endpoints/api/calendar/_server.ts.js                                          7.89 kB │ gzip:  3.16 kB
2026-10-05T06:25:30.4587837Z .svelte-kit/output/server/entries/pages/trash/_collection_/_page.svelte.js                                      9.18 kB │ gzip:  2.68 kB
2026-10-05T06:25:30.4588821Z .svelte-kit/output/server/chunks/routing.js                                                                     9.39 kB │ gzip:  3.13 kB
2026-10-05T06:25:30.4589960Z .svelte-kit/output/server/entries/pages/content/_collection_/_page.svelte.js                                    9.56 kB │ gzip:  1.87 kB
2026-10-05T06:25:30.4592057Z .svelte-kit/output/server/chunks/i18n-resolve.js                                                                9.77 kB │ gzip:  3.81 kB
2026-10-05T06:25:30.4593088Z .svelte-kit/output/server/chunks/taxonomies.js                                                                  9.92 kB │ gzip:  3.58 kB
2026-10-05T06:25:30.4594263Z .svelte-kit/output/server/entries/pages/redirects/_page.svelte.js                                              10.08 kB │ gzip:  2.74 kB
2026-10-05T06:25:30.4595543Z .svelte-kit/output/server/chunks/schemas4.js                                                                   10.23 kB │ gzip:  2.61 kB
2026-10-05T06:25:30.4596957Z .svelte-kit/output/server/entries/endpoints/api/taxonomies/bulk-tag/_server.ts.js                              10.52 kB │ gzip:  3.15 kB
2026-10-05T06:25:30.4598963Z .svelte-kit/output/server/chunks/shared.js                                                                     11.15 kB │ gzip:  3.49 kB
2026-10-05T06:25:30.4600808Z .svelte-kit/output/server/chunks/object-cache.js                                                               11.39 kB │ gzip:  4.01 kB
2026-10-05T06:25:30.4602976Z .svelte-kit/output/server/chunks/schemas.js                                                                    11.98 kB │ gzip:  3.88 kB
2026-10-05T06:25:30.4605334Z .svelte-kit/output/server/entries/pages/content/_collection_/_id_/workflow/_page.svelte.js                     12.84 kB │ gzip:  2.27 kB
2026-10-05T06:25:30.4606950Z .svelte-kit/output/server/entries/pages/widgets/_page.svelte.js                                                13.24 kB │ gzip:  3.31 kB
2026-10-05T06:25:30.4608876Z .svelte-kit/output/server/chunks/schema.remote.js                                                              13.32 kB │ gzip:  3.36 kB
2026-10-05T06:25:30.4610722Z .svelte-kit/output/server/chunks/WorkspaceShell.js                                                             13.48 kB │ gzip:  3.54 kB
2026-10-05T06:25:30.4611786Z .svelte-kit/output/server/entries/pages/comments/_page.svelte.js                                               13.73 kB │ gzip:  3.66 kB
2026-10-05T06:25:30.4612795Z .svelte-kit/output/server/chunks/EditorForm.js                                                                 19.22 kB │ gzip:  5.36 kB
2026-10-05T06:25:30.4613970Z .svelte-kit/output/server/entries/pages/menus/_name_/_page.svelte.js                                           20.49 kB │ gzip:  5.20 kB
2026-10-05T06:25:30.4616273Z .svelte-kit/output/server/entries/pages/schema/_collection_/_page.svelte.js                                    20.66 kB │ gzip:  3.59 kB
2026-10-05T06:25:30.4617416Z .svelte-kit/output/server/chunks/content.remote.js                                                             20.89 kB │ gzip:  4.48 kB
2026-10-05T06:25:30.4619327Z .svelte-kit/output/server/chunks/collection-indexes.js                                                         21.94 kB │ gzip:  5.84 kB
2026-10-05T06:25:30.4620343Z .svelte-kit/output/server/chunks/registry.js                                                                   23.17 kB │ gzip:  5.91 kB
2026-10-05T06:25:30.4621262Z .svelte-kit/output/server/chunks/http.js                                                                       24.75 kB │ gzip:  7.34 kB
2026-10-05T06:25:30.4622155Z .svelte-kit/output/server/chunks/error.js                                                                      26.57 kB │ gzip:  5.92 kB
2026-10-05T06:25:30.4623029Z .svelte-kit/output/server/chunks/parse.js                                                                      28.03 kB │ gzip:  6.49 kB
2026-10-05T06:25:30.4624156Z .svelte-kit/output/server/chunks/repository.js                                                                 28.50 kB │ gzip:  8.02 kB
2026-10-05T06:25:30.4625397Z .svelte-kit/output/server/chunks/handlers2.js                                                                  30.53 kB │ gzip:  7.65 kB
2026-10-05T06:25:30.4626325Z .svelte-kit/output/server/chunks/sql-recognition.js                                                            30.55 kB │ gzip:  4.86 kB
2026-10-05T06:25:30.4627246Z .svelte-kit/output/server/chunks/schema2.js                                                                    30.93 kB │ gzip:  9.94 kB
2026-10-05T06:25:30.4628786Z .svelte-kit/output/server/chunks/handlers.js                                                                   34.24 kB │ gzip:  7.90 kB
2026-10-05T06:25:30.4630495Z .svelte-kit/output/server/chunks/identity-request.js                                                           35.41 kB │ gzip:  9.03 kB
2026-10-05T06:25:30.4632187Z .svelte-kit/output/server/chunks/runtime.js                                                                    36.87 kB │ gzip:  9.71 kB
2026-10-05T06:25:30.4633747Z .svelte-kit/output/server/chunks/request3.js                                                                   36.99 kB │ gzip:  9.55 kB
2026-10-05T06:25:30.4635606Z .svelte-kit/output/server/chunks/utils.js                                                                      37.43 kB │ gzip: 10.84 kB
2026-10-05T06:25:30.4637280Z .svelte-kit/output/server/entries/hooks.server.js                                                              37.44 kB │ gzip: 11.65 kB
2026-10-05T06:25:30.4639443Z .svelte-kit/output/server/chunks/internal.js                                                                   43.16 kB │ gzip: 11.94 kB
2026-10-05T06:25:30.4641387Z .svelte-kit/output/server/chunks/ContentTypeEditor.js                                                          44.01 kB │ gzip:  8.51 kB
2026-10-05T06:25:30.4643373Z .svelte-kit/output/server/chunks/artifacts.js                                                                  51.29 kB │ gzip: 15.22 kB
2026-10-05T06:25:30.4645464Z .svelte-kit/output/server/chunks/bylines.js                                                                    51.61 kB │ gzip: 14.23 kB
2026-10-05T06:25:30.4647296Z .svelte-kit/output/server/chunks/request2.js                                                                   52.19 kB │ gzip: 15.18 kB
2026-10-05T06:25:30.4649081Z .svelte-kit/output/server/chunks/remote.js                                                                     55.47 kB │ gzip: 12.15 kB
2026-10-05T06:25:30.4650866Z .svelte-kit/output/server/chunks/service.js                                                                    82.20 kB │ gzip: 18.79 kB
2026-10-05T06:25:30.4652672Z .svelte-kit/output/server/chunks/migrations.js                                                                101.42 kB │ gzip: 23.91 kB
2026-10-05T06:25:30.4654736Z .svelte-kit/output/server/chunks/content.js                                                                   114.23 kB │ gzip: 26.83 kB
2026-10-05T06:25:30.4656516Z .svelte-kit/output/server/chunks/async.js                                                                     121.99 kB │ gzip: 31.86 kB
2026-10-05T06:25:30.4658199Z .svelte-kit/output/server/index.js                                                                            132.41 kB │ gzip: 33.27 kB
2026-10-05T06:25:30.4659906Z .svelte-kit/output/server/chunks/registry2.js                                                                 162.17 kB │ gzip: 30.31 kB
2026-10-05T06:25:30.4660640Z 
2026-10-05T06:25:30.4660962Z [32m✓ built in 4.82s[39m
2026-10-05T06:25:30.4661243Z 
2026-10-05T06:25:30.4661687Z Run npm run preview to preview your production build locally.
2026-10-05T06:25:30.4662150Z 
2026-10-05T06:25:30.4662409Z > Using @sveltejs/adapter-node
2026-10-05T06:25:31.9763461Z "node:sqlite" is imported by ".svelte-kit/output/server/chunks/node.js", but could not be resolved – treating it as an external dependency.
2026-10-05T06:25:31.9969747Z node_modules/.pnpm/@tanstack+react-query@5.90.21_react@19.3.0/node_modules/@tanstack/react-query/build/modern/useQueries.js (1:0): Module level directives cause errors when bundled, "use client" in "node_modules/.pnpm/@tanstack+react-query@5.90.21_react@19.3.0/node_modules/@tanstack/react-query/build/modern/useQueries.js" was ignored.
2026-10-05T06:25:31.9978190Z node_modules/.pnpm/@tanstack+react-query@5.90.21_react@19.3.0/node_modules/@tanstack/react-query/build/modern/useSuspenseQuery.js (1:0): Module level directives cause errors when bundled, "use client" in "node_modules/.pnpm/@tanstack+react-query@5.90.21_react@19.3.0/node_modules/@tanstack/react-query/build/modern/useSuspenseQuery.js" was ignored.
2026-10-05T06:25:31.9984951Z node_modules/.pnpm/@tanstack+react-query@5.90.21_react@19.3.0/node_modules/@tanstack/react-query/build/modern/useSuspenseInfiniteQuery.js (1:0): Module level directives cause errors when bundled, "use client" in "node_modules/.pnpm/@tanstack+react-query@5.90.21_react@19.3.0/node_modules/@tanstack/react-query/build/modern/useSuspenseInfiniteQuery.js" was ignored.
2026-10-05T06:25:31.9989239Z node_modules/.pnpm/@tanstack+react-query@5.90.21_react@19.3.0/node_modules/@tanstack/react-query/build/modern/useQuery.js (1:0): Module level directives cause errors when bundled, "use client" in "node_modules/.pnpm/@tanstack+react-query@5.90.21_react@19.3.0/node_modules/@tanstack/react-query/build/modern/useQuery.js" was ignored.
2026-10-05T06:25:31.9993769Z node_modules/.pnpm/@tanstack+react-query@5.90.21_react@19.3.0/node_modules/@tanstack/react-query/build/modern/useSuspenseQueries.js (1:0): Module level directives cause errors when bundled, "use client" in "node_modules/.pnpm/@tanstack+react-query@5.90.21_react@19.3.0/node_modules/@tanstack/react-query/build/modern/useSuspenseQueries.js" was ignored.
2026-10-05T06:25:31.9997511Z node_modules/.pnpm/@tanstack+react-query@5.90.21_react@19.3.0/node_modules/@tanstack/react-query/build/modern/QueryClientProvider.js (1:0): Module level directives cause errors when bundled, "use client" in "node_modules/.pnpm/@tanstack+react-query@5.90.21_react@19.3.0/node_modules/@tanstack/react-query/build/modern/QueryClientProvider.js" was ignored.
2026-10-05T06:25:32.0004075Z node_modules/.pnpm/@tanstack+react-query@5.90.21_react@19.3.0/node_modules/@tanstack/react-query/build/modern/QueryErrorResetBoundary.js (1:0): Module level directives cause errors when bundled, "use client" in "node_modules/.pnpm/@tanstack+react-query@5.90.21_react@19.3.0/node_modules/@tanstack/react-query/build/modern/QueryErrorResetBoundary.js" was ignored.
2026-10-05T06:25:32.0008697Z node_modules/.pnpm/@tanstack+react-query@5.90.21_react@19.3.0/node_modules/@tanstack/react-query/build/modern/HydrationBoundary.js (1:0): Module level directives cause errors when bundled, "use client" in "node_modules/.pnpm/@tanstack+react-query@5.90.21_react@19.3.0/node_modules/@tanstack/react-query/build/modern/HydrationBoundary.js" was ignored.
2026-10-05T06:25:32.0013674Z node_modules/.pnpm/@tanstack+react-query@5.90.21_react@19.3.0/node_modules/@tanstack/react-query/build/modern/useMutationState.js (1:0): Module level directives cause errors when bundled, "use client" in "node_modules/.pnpm/@tanstack+react-query@5.90.21_react@19.3.0/node_modules/@tanstack/react-query/build/modern/useMutationState.js" was ignored.
2026-10-05T06:25:32.0018471Z node_modules/.pnpm/@tanstack+react-query@5.90.21_react@19.3.0/node_modules/@tanstack/react-query/build/modern/useMutation.js (1:0): Module level directives cause errors when bundled, "use client" in "node_modules/.pnpm/@tanstack+react-query@5.90.21_react@19.3.0/node_modules/@tanstack/react-query/build/modern/useMutation.js" was ignored.
2026-10-05T06:25:32.0023771Z node_modules/.pnpm/@tanstack+react-query@5.90.21_react@19.3.0/node_modules/@tanstack/react-query/build/modern/IsRestoringProvider.js (1:0): Module level directives cause errors when bundled, "use client" in "node_modules/.pnpm/@tanstack+react-query@5.90.21_react@19.3.0/node_modules/@tanstack/react-query/build/modern/IsRestoringProvider.js" was ignored.
2026-10-05T06:25:32.0027600Z node_modules/.pnpm/@tanstack+react-query@5.90.21_react@19.3.0/node_modules/@tanstack/react-query/build/modern/useIsFetching.js (1:0): Module level directives cause errors when bundled, "use client" in "node_modules/.pnpm/@tanstack+react-query@5.90.21_react@19.3.0/node_modules/@tanstack/react-query/build/modern/useIsFetching.js" was ignored.
2026-10-05T06:25:32.0030554Z node_modules/.pnpm/@tanstack+react-query@5.90.21_react@19.3.0/node_modules/@tanstack/react-query/build/modern/useInfiniteQuery.js (1:0): Module level directives cause errors when bundled, "use client" in "node_modules/.pnpm/@tanstack+react-query@5.90.21_react@19.3.0/node_modules/@tanstack/react-query/build/modern/useInfiniteQuery.js" was ignored.
2026-10-05T06:25:32.0365738Z node_modules/.pnpm/@tanstack+react-query@5.90.21_react@19.3.0/node_modules/@tanstack/react-query/build/modern/errorBoundaryUtils.js (1:0): Module level directives cause errors when bundled, "use client" in "node_modules/.pnpm/@tanstack+react-query@5.90.21_react@19.3.0/node_modules/@tanstack/react-query/build/modern/errorBoundaryUtils.js" was ignored.
2026-10-05T06:25:32.0371424Z node_modules/.pnpm/@tanstack+react-query@5.90.21_react@19.3.0/node_modules/@tanstack/react-query/build/modern/useBaseQuery.js (1:0): Module level directives cause errors when bundled, "use client" in "node_modules/.pnpm/@tanstack+react-query@5.90.21_react@19.3.0/node_modules/@tanstack/react-query/build/modern/useBaseQuery.js" was ignored.
2026-10-05T06:25:33.3172596Z Generated an empty chunk: "chunks/env.js".
2026-10-05T06:25:33.6546739Z   ✔ done
2026-10-05T06:25:33.6553308Z [33m[33m[PLUGIN_TIMINGS] [0mJavaScript callbacks ran for 7.9s. The build took 4.8s. Callbacks such as `closeBundle` run after the build ends, so callback time can be more than build time.
2026-10-05T06:25:33.6555133Z The slowest callbacks, timed inside each callback (the wait before a callback starts is excluded, the time it awaits is included):
2026-10-05T06:25:33.6556287Z   - plugin vite-plugin-sveltekit-compile writeBundle (72%, 3.5s, 1 call)
2026-10-05T06:25:33.6557117Z   - plugin vite-plugin-sveltekit-compile closeBundle (67%, 3.2s, 1 call)
2026-10-05T06:25:33.6558069Z Additional callback time came from the callbacks below and from callbacks under 1s.
2026-10-05T06:25:33.6559797Z 1 callback is listed without a time. Its calls overlapped, so the time inside one call includes work from other calls. To find its cost, profile the build with `node --cpu-prof`:
2026-10-05T06:25:33.6561137Z   - plugin vite-plugin-sveltekit-guard resolveId (2150 calls)
2026-10-05T06:25:33.6562117Z See https://rolldown.rs/reference/InputOptions.checks#bundlertimings for more details.
2026-10-05T06:25:33.6562875Z [39m
2026-10-05T06:25:33.9421863Z [warn] `inlineDynamicImports` option is deprecated, please use `codeSplitting: false` instead.
2026-10-05T06:25:34.2014281Z [warn] `inlineDynamicImports` option is deprecated, please use `codeSplitting: false` instead.
2026-10-05T06:25:34.2794145Z ##[group]Run timeout --kill-after=30s 180s pnpm test:browser
2026-10-05T06:25:34.2794937Z [36;1mtimeout --kill-after=30s 180s pnpm test:browser[0m
2026-10-05T06:25:34.2867678Z shell: /usr/bin/bash -e {0}
2026-10-05T06:25:34.2867950Z env:
2026-10-05T06:25:34.2868230Z   PNPM_HOME: /home/runner/setup-pnpm/node_modules/.bin
2026-10-05T06:25:34.2868582Z   SVELTERY_BROWSER_TARGET: node
2026-10-05T06:25:34.2868862Z   DEBUG: pw:browser,pw:webserver
2026-10-05T06:25:34.2869130Z ##[endgroup]
2026-10-05T06:25:34.3163931Z $ playwright test
2026-10-05T06:25:34.9246180Z 2026-10-05T06:25:34.923Z pw:webserver HTTP GET: http://127.0.0.1:4173/
2026-10-05T06:25:34.9302267Z 2026-10-05T06:25:34.929Z pw:webserver Error while checking if http://127.0.0.1:4173/ is available: connect ECONNREFUSED 127.0.0.1:4173
2026-10-05T06:25:34.9303922Z 2026-10-05T06:25:34.930Z pw:webserver Starting WebServer process exec node build/node/index.js...
2026-10-05T06:25:34.9341792Z 2026-10-05T06:25:34.933Z pw:webserver Process started
2026-10-05T06:25:34.9346144Z 2026-10-05T06:25:34.934Z pw:webserver Waiting for availability...
2026-10-05T06:25:34.9347182Z 2026-10-05T06:25:34.934Z pw:webserver HTTP GET: http://127.0.0.1:4173/
2026-10-05T06:25:34.9362608Z 2026-10-05T06:25:34.936Z pw:webserver Error while checking if http://127.0.0.1:4173/ is available: connect ECONNREFUSED 127.0.0.1:4173
2026-10-05T06:25:34.9364089Z 2026-10-05T06:25:34.936Z pw:webserver Waiting 100ms
2026-10-05T06:25:35.0360814Z 2026-10-05T06:25:35.035Z pw:webserver HTTP GET: http://127.0.0.1:4173/
2026-10-05T06:25:35.0370497Z 2026-10-05T06:25:35.036Z pw:webserver Error while checking if http://127.0.0.1:4173/ is available: connect ECONNREFUSED 127.0.0.1:4173
2026-10-05T06:25:35.0372231Z 2026-10-05T06:25:35.036Z pw:webserver Waiting 250ms
2026-10-05T06:25:35.1705658Z [WebServer] Listening on http://127.0.0.1:4173
2026-10-05T06:25:35.2879523Z 2026-10-05T06:25:35.287Z pw:webserver HTTP GET: http://127.0.0.1:4173/
2026-10-05T06:25:35.3991417Z 2026-10-05T06:25:35.398Z pw:webserver HTTP Status: 200
2026-10-05T06:25:35.4006175Z 2026-10-05T06:25:35.400Z pw:webserver WebServer available
2026-10-05T06:25:35.4007184Z 2026-10-05T06:25:35.400Z pw:webserver HTTP GET: http://127.0.0.1:4174/cms
2026-10-05T06:25:35.4015477Z 2026-10-05T06:25:35.401Z pw:webserver Error while checking if http://127.0.0.1:4174/cms is available: connect ECONNREFUSED 127.0.0.1:4174
2026-10-05T06:25:35.4016572Z 2026-10-05T06:25:35.401Z pw:webserver Starting WebServer process exec node tests/helpers/basepath-server.mjs...
2026-10-05T06:25:35.4040791Z 2026-10-05T06:25:35.403Z pw:webserver Process started
2026-10-05T06:25:35.4041767Z 2026-10-05T06:25:35.403Z pw:webserver Waiting for availability...
2026-10-05T06:25:35.4042846Z 2026-10-05T06:25:35.404Z pw:webserver HTTP GET: http://127.0.0.1:4174/cms
2026-10-05T06:25:35.4050679Z 2026-10-05T06:25:35.404Z pw:webserver Error while checking if http://127.0.0.1:4174/cms is available: connect ECONNREFUSED 127.0.0.1:4174
2026-10-05T06:25:35.4052101Z 2026-10-05T06:25:35.404Z pw:webserver Waiting 100ms
2026-10-05T06:25:35.5056656Z 2026-10-05T06:25:35.505Z pw:webserver HTTP GET: http://127.0.0.1:4174/cms
2026-10-05T06:25:35.5066316Z 2026-10-05T06:25:35.506Z pw:webserver Error while checking if http://127.0.0.1:4174/cms is available: connect ECONNREFUSED 127.0.0.1:4174
2026-10-05T06:25:35.5067269Z 2026-10-05T06:25:35.506Z pw:webserver Waiting 250ms
2026-10-05T06:25:35.7575098Z 2026-10-05T06:25:35.757Z pw:webserver HTTP GET: http://127.0.0.1:4174/cms
2026-10-05T06:25:35.7582816Z 2026-10-05T06:25:35.758Z pw:webserver Error while checking if http://127.0.0.1:4174/cms is available: connect ECONNREFUSED 127.0.0.1:4174
2026-10-05T06:25:35.7584276Z 2026-10-05T06:25:35.758Z pw:webserver Waiting 500ms
2026-10-05T06:25:36.2592893Z 2026-10-05T06:25:36.258Z pw:webserver HTTP GET: http://127.0.0.1:4174/cms
2026-10-05T06:25:36.2603923Z 2026-10-05T06:25:36.260Z pw:webserver Error while checking if http://127.0.0.1:4174/cms is available: connect ECONNREFUSED 127.0.0.1:4174
2026-10-05T06:25:36.2606247Z 2026-10-05T06:25:36.260Z pw:webserver Waiting 1000ms
2026-10-05T06:25:36.4086921Z [WebServer] vite v8.3.2 building ssr environment for production...
2026-10-05T06:25:36.4236160Z [WebServer] transforming...
2026-10-05T06:25:37.2615954Z 2026-10-05T06:25:37.261Z pw:webserver HTTP GET: http://127.0.0.1:4174/cms
2026-10-05T06:25:37.2627474Z 2026-10-05T06:25:37.262Z pw:webserver Error while checking if http://127.0.0.1:4174/cms is available: connect ECONNREFUSED 127.0.0.1:4174
2026-10-05T06:25:37.2628364Z 2026-10-05T06:25:37.262Z pw:webserver Waiting 1000ms
2026-10-05T06:25:37.4715055Z [WebServer] ✓ 661 modules transformed.
2026-10-05T06:25:37.5701450Z [WebServer] rendering chunks...
2026-10-05T06:25:38.2632197Z 2026-10-05T06:25:38.262Z pw:webserver HTTP GET: http://127.0.0.1:4174/cms
2026-10-05T06:25:38.2641219Z 2026-10-05T06:25:38.263Z pw:webserver Error while checking if http://127.0.0.1:4174/cms is available: connect ECONNREFUSED 127.0.0.1:4174
2026-10-05T06:25:38.2643021Z 2026-10-05T06:25:38.263Z pw:webserver Waiting 1000ms
2026-10-05T06:25:38.8836167Z [WebServer] vite v8.3.2 building client environment for production...
2026-10-05T06:25:38.8914295Z [WebServer] transforming...
2026-10-05T06:25:39.2648070Z 2026-10-05T06:25:39.264Z pw:webserver HTTP GET: http://127.0.0.1:4174/cms
2026-10-05T06:25:39.2655874Z 2026-10-05T06:25:39.265Z pw:webserver Error while checking if http://127.0.0.1:4174/cms is available: connect ECONNREFUSED 127.0.0.1:4174
2026-10-05T06:25:39.2657693Z 2026-10-05T06:25:39.265Z pw:webserver Waiting 1000ms
2026-10-05T06:25:39.7492057Z [WebServer] ✓ 381 modules transformed.
2026-10-05T06:25:39.7953125Z [WebServer] rendering chunks...
2026-10-05T06:25:39.8408268Z [WebServer] computing gzip size...
2026-10-05T06:25:39.8443940Z [WebServer] .svelte-kit/output/client/_app/version.json                                      0.02 kB │ gzip:  0.04 kB
2026-10-05T06:25:39.8445568Z [WebServer] .svelte-kit/output/client/.vite/manifest.json                                   17.64 kB │ gzip:  2.04 kB
2026-10-05T06:25:39.8446565Z [WebServer] .svelte-kit/output/client/_app/immutable/assets/24.DrcXZYa3.css                  0.17 kB │ gzip:  0.13 kB
2026-10-05T06:25:39.8447556Z [WebServer] .svelte-kit/output/client/_app/immutable/assets/MenuDialog.CSb6g0e0.css          0.20 kB │ gzip:  0.17 kB
2026-10-05T06:25:39.8448528Z [WebServer] .svelte-kit/output/client/_app/immutable/assets/7.Dcp-D_B2.css                   0.22 kB │ gzip:  0.15 kB
2026-10-05T06:25:39.8449461Z [WebServer] .svelte-kit/output/client/_app/immutable/assets/25.gKqYElxg.css                  0.36 kB │ gzip:  0.22 kB
2026-10-05T06:25:39.8450683Z [WebServer] .svelte-kit/output/client/_app/immutable/assets/EditorForm.BHWZld0R.css          0.44 kB │ gzip:  0.23 kB
2026-10-05T06:25:39.8451871Z [WebServer] .svelte-kit/output/client/_app/immutable/assets/DraftPreview.fwW3PV90.css        0.48 kB │ gzip:  0.25 kB
2026-10-05T06:25:39.8452855Z [WebServer] .svelte-kit/output/client/_app/immutable/assets/19.CyTVIvfE.css                  0.54 kB │ gzip:  0.26 kB
2026-10-05T06:25:39.8454163Z [WebServer] .svelte-kit/output/client/_app/immutable/assets/9.CVJ5M564.css                   0.57 kB │ gzip:  0.29 kB
2026-10-05T06:25:39.8455787Z [WebServer] .svelte-kit/output/client/_app/immutable/assets/17.B4jjrLtW.css                  0.68 kB │ gzip:  0.31 kB
2026-10-05T06:25:39.8456936Z [WebServer] .svelte-kit/output/client/_app/immutable/assets/14.CccxuyKJ.css                  0.70 kB │ gzip:  0.35 kB
2026-10-05T06:25:39.8457995Z [WebServer] .svelte-kit/output/client/_app/immutable/assets/ContentTypeEditor.BP8dJX1x.css   1.57 kB │ gzip:  0.55 kB
2026-10-05T06:25:39.8459287Z [WebServer] .svelte-kit/output/client/_app/immutable/assets/18.DYOooGE9.css                  1.60 kB │ gzip:  0.40 kB
2026-10-05T06:25:39.8460483Z [WebServer] .svelte-kit/output/client/_app/immutable/assets/15.C1Ra8cmf.css                  2.18 kB │ gzip:  0.68 kB
2026-10-05T06:25:39.8462074Z [WebServer] .svelte-kit/output/client/_app/immutable/assets/16.CvGkr_1p.css                  2.27 kB │ gzip:  0.85 kB
2026-10-05T06:25:39.8463454Z [WebServer] .svelte-kit/output/client/_app/immutable/assets/admin.CSBm7Oz-.css               2.57 kB │ gzip:  0.88 kB
2026-10-05T06:25:39.8465474Z [WebServer] .svelte-kit/output/client/_app/immutable/assets/8.D2HNaFcR.css                   3.13 kB │ gzip:  0.93 kB
2026-10-05T06:25:39.8467424Z [WebServer] .svelte-kit/output/client/_app/immutable/assets/WorkspaceShell.CG4u5kwz.css     37.08 kB │ gzip:  5.01 kB
2026-10-05T06:25:39.8470643Z [WebServer] [MODULE_LEVEL_DIRECTIVE] The semantics of the module level directive "use client" in "../../home/runner/work/cms/cms/node_modules/.pnpm/@tanstack+react-query@5.90.21_react@19.3.0/node_modules/@tanstack/react-query/build/modern/useQuery.js" may not be preserved when bundling.
2026-10-05T06:25:39.8473162Z [WebServer]    ╭─[ ../../home/runner/work/cms/cms/node_modules/.pnpm/@tanstack+react-query@5.90.21_react@19.3.0/node_modules/@tanstack/react-query/build/modern/useQuery.js:1:1 ]
2026-10-05T06:25:39.8474316Z [WebServer]    │
2026-10-05T06:25:39.8475038Z [WebServer]  1 │ "use client";
2026-10-05T06:25:39.8475395Z [WebServer]    │ ──────┬──────  
2026-10-05T06:25:39.8476106Z [WebServer]    │       ╰──────── module level directive may not be preserved
2026-10-05T06:25:39.8476532Z [WebServer]    │ 
2026-10-05T06:25:39.8477423Z [WebServer]    │ Help: For more information, see https://rolldown.rs/in-depth/directives#other-directives
2026-10-05T06:25:39.8477950Z [WebServer] ───╯
2026-10-05T06:25:39.8478152Z [WebServer] 
2026-10-05T06:25:39.8479487Z [WebServer] [MODULE_LEVEL_DIRECTIVE] The semantics of the module level directive "use client" in "../../home/runner/work/cms/cms/node_modules/.pnpm/@tanstack+react-query@5.90.21_react@19.3.0/node_modules/@tanstack/react-query/build/modern/useSuspenseQueries.js" may not be preserved when bundling.
2026-10-05T06:25:39.8481391Z [WebServer]    ╭─[ ../../home/runner/work/cms/cms/node_modules/.pnpm/@tanstack+react-query@5.90.21_react@19.3.0/node_modules/@tanstack/react-query/build/modern/useSuspenseQueries.js:1:1 ]
2026-10-05T06:25:39.8482135Z [WebServer]    │
2026-10-05T06:25:39.8482409Z [WebServer]  1 │ "use client";
2026-10-05T06:25:39.8482736Z [WebServer]    │ ──────┬──────  
2026-10-05T06:25:39.8483208Z [WebServer]    │       ╰──────── module level directive may not be preserved
2026-10-05T06:25:39.8483595Z [WebServer]    │ 
2026-10-05T06:25:39.8484194Z [WebServer]    │ Help: For more information, see https://rolldown.rs/in-depth/directives#other-directives
2026-10-05T06:25:39.8485195Z [WebServer] ───╯
2026-10-05T06:25:39.8485556Z [WebServer] 
2026-10-05T06:25:39.8487357Z [WebServer] [MODULE_LEVEL_DIRECTIVE] The semantics of the module level directive "use client" in "../../home/runner/work/cms/cms/node_modules/.pnpm/@tanstack+react-query@5.90.21_react@19.3.0/node_modules/@tanstack/react-query/build/modern/IsRestoringProvider.js" may not be preserved when bundling.
2026-10-05T06:25:39.8489310Z [WebServer]    ╭─[ ../../home/runner/work/cms/cms/node_modules/.pnpm/@tanstack+react-query@5.90.21_react@19.3.0/node_modules/@tanstack/react-query/build/modern/IsRestoringProvider.js:1:1 ]
2026-10-05T06:25:39.8490086Z [WebServer]    │
2026-10-05T06:25:39.8490514Z [WebServer]  1 │ "use client";
2026-10-05T06:25:39.8491174Z [WebServer]    │ ──────┬──────  
2026-10-05T06:25:39.8492121Z [WebServer]    │       ╰──────── module level directive may not be preserved
2026-10-05T06:25:39.8492915Z [WebServer]    │ 
2026-10-05T06:25:39.8494014Z [WebServer]    │ Help: For more information, see https://rolldown.rs/in-depth/directives#other-directives
2026-10-05T06:25:39.8495191Z [WebServer] ───╯
2026-10-05T06:25:39.8495551Z [WebServer] 
2026-10-05T06:25:39.8496955Z [WebServer] [MODULE_LEVEL_DIRECTIVE] The semantics of the module level directive "use client" in "../../home/runner/work/cms/cms/node_modules/.pnpm/@tanstack+react-query@5.90.21_react@19.3.0/node_modules/@tanstack/react-query/build/modern/useQueries.js" may not be preserved when bundling.
2026-10-05T06:25:39.8498996Z [WebServer]    ╭─[ ../../home/runner/work/cms/cms/node_modules/.pnpm/@tanstack+react-query@5.90.21_react@19.3.0/node_modules/@tanstack/react-query/build/modern/useQueries.js:1:1 ]
2026-10-05T06:25:39.8499757Z [WebServer]    │
2026-10-05T06:25:39.8500035Z [WebServer]  1 │ "use client";
2026-10-05T06:25:39.8500356Z [WebServer]    │ ──────┬──────  
2026-10-05T06:25:39.8500828Z [WebServer]    │       ╰──────── module level directive may not be preserved
2026-10-05T06:25:39.8501215Z [WebServer]    │ 
2026-10-05T06:25:39.8501807Z [WebServer]    │ Help: For more information, see https://rolldown.rs/in-depth/directives#other-directives
2026-10-05T06:25:39.8502308Z [WebServer] ───╯
2026-10-05T06:25:39.8502510Z [WebServer] 
2026-10-05T06:25:39.8503827Z [WebServer] [MODULE_LEVEL_DIRECTIVE] The semantics of the module level directive "use client" in "../../home/runner/work/cms/cms/node_modules/.pnpm/@tanstack+react-query@5.90.21_react@19.3.0/node_modules/@tanstack/react-query/build/modern/useSuspenseQuery.js" may not be preserved when bundling.
2026-10-05T06:25:39.8506175Z [WebServer]    ╭─[ ../../home/runner/work/cms/cms/node_modules/.pnpm/@tanstack+react-query@5.90.21_react@19.3.0/node_modules/@tanstack/react-query/build/modern/useSuspenseQuery.js:1:1 ]
2026-10-05T06:25:39.8507009Z [WebServer]    │
2026-10-05T06:25:39.8507553Z [WebServer]  1 │ "use client";
2026-10-05T06:25:39.8508171Z [WebServer]    │ ──────┬──────  
2026-10-05T06:25:39.8509002Z [WebServer]    │       ╰──────── module level directive may not be preserved
2026-10-05T06:25:39.8509417Z [WebServer]    │ 
2026-10-05T06:25:39.8510023Z [WebServer]    │ Help: For more information, see https://rolldown.rs/in-depth/directives#other-directives
2026-10-05T06:25:39.8510524Z [WebServer] ───╯
2026-10-05T06:25:39.8510722Z [WebServer] 
2026-10-05T06:25:39.8512096Z [WebServer] [MODULE_LEVEL_DIRECTIVE] The semantics of the module level directive "use client" in "../../home/runner/work/cms/cms/node_modules/.pnpm/@tanstack+react-query@5.90.21_react@19.3.0/node_modules/@tanstack/react-query/build/modern/useSuspenseInfiniteQuery.js" may not be preserved when bundling.
2026-10-05T06:25:39.8514022Z [WebServer]    ╭─[ ../../home/runner/work/cms/cms/node_modules/.pnpm/@tanstack+react-query@5.90.21_react@19.3.0/node_modules/@tanstack/react-query/build/modern/useSuspenseInfiniteQuery.js:1:1 ]
2026-10-05T06:25:39.8515208Z [WebServer]    │
2026-10-05T06:25:39.8515507Z [WebServer]  1 │ "use client";
2026-10-05T06:25:39.8515834Z [WebServer]    │ ──────┬──────  
2026-10-05T06:25:39.8516309Z [WebServer]    │       ╰──────── module level directive may not be preserved
2026-10-05T06:25:39.8516702Z [WebServer]    │ 
2026-10-05T06:25:39.8517494Z [WebServer]    │ Help: For more information, see https://rolldown.rs/in-depth/directives#other-directives
2026-10-05T06:25:39.8518216Z [WebServer] ───╯
2026-10-05T06:25:39.8518525Z [WebServer] 
2026-10-05T06:25:39.8519999Z [WebServer] [MODULE_LEVEL_DIRECTIVE] The semantics of the module level directive "use client" in "../../home/runner/work/cms/cms/node_modules/.pnpm/@tanstack+react-query@5.90.21_react@19.3.0/node_modules/@tanstack/react-query/build/modern/useInfiniteQuery.js" may not be preserved when bundling.
2026-10-05T06:25:39.8522139Z [WebServer]    ╭─[ ../../home/runner/work/cms/cms/node_modules/.pnpm/@tanstack+react-query@5.90.21_react@19.3.0/node_modules/@tanstack/react-query/build/modern/useInfiniteQuery.js:1:1 ]
2026-10-05T06:25:39.8522916Z [WebServer]    │
2026-10-05T06:25:39.8523200Z [WebServer]  1 │ "use client";
2026-10-05T06:25:39.8523526Z [WebServer]    │ ──────┬──────  
2026-10-05T06:25:39.8523995Z [WebServer]    │       ╰──────── module level directive may not be preserved
2026-10-05T06:25:39.8524774Z [WebServer]    │ 
2026-10-05T06:25:39.8525567Z [WebServer]    │ Help: For more information, see https://rolldown.rs/in-depth/directives#other-directives
2026-10-05T06:25:39.8526107Z [WebServer] ───╯
2026-10-05T06:25:39.8526308Z [WebServer] 
2026-10-05T06:25:39.8527958Z [WebServer] [MODULE_LEVEL_DIRECTIVE] The semantics of the module level directive "use client" in "../../home/runner/work/cms/cms/node_modules/.pnpm/@tanstack+react-query@5.90.21_react@19.3.0/node_modules/@tanstack/react-query/build/modern/HydrationBoundary.js" may not be preserved when bundling.
2026-10-05T06:25:39.8530291Z [WebServer]    ╭─[ ../../home/runner/work/cms/cms/node_modules/.pnpm/@tanstack+react-query@5.90.21_react@19.3.0/node_modules/@tanstack/react-query/build/modern/HydrationBoundary.js:1:1 ]
2026-10-05T06:25:39.8531160Z [WebServer]    │
2026-10-05T06:25:39.8531441Z [WebServer]  1 │ "use client";
2026-10-05T06:25:39.8531993Z [WebServer]    │ ──────┬──────  
2026-10-05T06:25:39.8532912Z [WebServer]    │       ╰──────── module level directive may not be preserved
2026-10-05T06:25:39.8533705Z [WebServer]    │ 
2026-10-05T06:25:39.8535161Z [WebServer]    │ Help: For more information, see https://rolldown.rs/in-depth/directives#other-directives
2026-10-05T06:25:39.8536002Z [WebServer] ───╯
2026-10-05T06:25:39.8536223Z [WebServer] 
2026-10-05T06:25:39.8537776Z [WebServer] [MODULE_LEVEL_DIRECTIVE] The semantics of the module level directive "use client" in "../../home/runner/work/cms/cms/node_modules/.pnpm/@tanstack+react-query@5.90.21_react@19.3.0/node_modules/@tanstack/react-query/build/modern/QueryErrorResetBoundary.js" may not be preserved when bundling.
2026-10-05T06:25:39.8539855Z [WebServer]    ╭─[ ../../home/runner/work/cms/cms/node_modules/.pnpm/@tanstack+react-query@5.90.21_react@19.3.0/node_modules/@tanstack/react-query/build/modern/QueryErrorResetBoundary.js:1:1 ]
2026-10-05T06:25:39.8540748Z [WebServer]    │
2026-10-05T06:25:39.8541041Z [WebServer]  1 │ "use client";
2026-10-05T06:25:39.8541480Z [WebServer]    │ ──────┬──────  
2026-10-05T06:25:39.8541969Z [WebServer]    │       ╰──────── module level directive may not be preserved
2026-10-05T06:25:39.8542365Z [WebServer]    │ 
2026-10-05T06:25:39.8543117Z [WebServer]    │ Help: For more information, see https://rolldown.rs/in-depth/directives#other-directives
2026-10-05T06:25:39.8543647Z [WebServer] ───╯
2026-10-05T06:25:39.8543978Z [WebServer] 
2026-10-05T06:25:39.8545152Z [WebServer] .svelte-kit/output/client/_app/immutable/chunks/BLJFMIAn.js                      0.02 kB │ gzip:  0.04 kB
2026-10-05T06:25:39.8546211Z [WebServer] .svelte-kit/output/client/_app/immutable/nodes/0.jeR0z0to.js                     0.06 kB │ gzip:  0.08 kB
2026-10-05T06:25:39.8547159Z [WebServer] .svelte-kit/output/client/_app/immutable/nodes/2.jeR0z0to.js                     0.06 kB │ gzip:  0.08 kB
2026-10-05T06:25:39.8548358Z [WebServer] .svelte-kit/output/client/_app/immutable/nodes/3.jeR0z0to.js                     0.06 kB │ gzip:  0.08 kB
2026-10-05T06:25:39.8549420Z [WebServer] .svelte-kit/output/client/_app/immutable/nodes/4.jeR0z0to.js                     0.06 kB │ gzip:  0.08 kB
2026-10-05T06:25:39.8550447Z [WebServer] .svelte-kit/output/client/_app/immutable/nodes/6.jeR0z0to.js                     0.06 kB │ gzip:  0.08 kB
2026-10-05T06:25:39.8551465Z [WebServer] .svelte-kit/output/client/_app/immutable/entry/start.eX8S2s_B.js                 0.08 kB │ gzip:  0.09 kB
2026-10-05T06:25:39.8552511Z [WebServer] .svelte-kit/output/client/_app/immutable/chunks/4UOtecw_.js                      0.10 kB │ gzip:  0.11 kB
2026-10-05T06:25:39.8553571Z [WebServer] .svelte-kit/output/client/_app/immutable/chunks/DAFmNtUq.js                      0.15 kB │ gzip:  0.14 kB
2026-10-05T06:25:39.8554809Z [WebServer] .svelte-kit/output/client/_app/immutable/chunks/B5ev8TgJ.js                      0.15 kB │ gzip:  0.14 kB
2026-10-05T06:25:39.8555767Z [WebServer] .svelte-kit/output/client/_app/immutable/chunks/BeMOnYEs.js                      0.25 kB │ gzip:  0.19 kB
2026-10-05T06:25:39.8556688Z [WebServer] .svelte-kit/output/client/_app/immutable/chunks/C0mq0gEn.js                      0.29 kB │ gzip:  0.16 kB
2026-10-05T06:25:39.8557606Z [WebServer] .svelte-kit/output/client/_app/immutable/chunks/Cn0do45i.js                      0.34 kB │ gzip:  0.19 kB
2026-10-05T06:25:39.8558525Z [WebServer] .svelte-kit/output/client/_app/immutable/nodes/1.BNtu8n2j.js                     0.35 kB │ gzip:  0.25 kB
2026-10-05T06:25:39.8560400Z [WebServer] .svelte-kit/output/client/_app/immutable/chunks/CyJeS_Xc.js                      0.44 kB │ gzip:  0.21 kB
2026-10-05T06:25:39.8561404Z [WebServer] .svelte-kit/output/client/_app/immutable/nodes/5.B2vxloSv.js                     0.47 kB │ gzip:  0.30 kB
2026-10-05T06:25:39.8562342Z [WebServer] .svelte-kit/output/client/_app/immutable/chunks/CVxkVKuJ.js                      0.66 kB │ gzip:  0.44 kB
2026-10-05T06:25:39.8563264Z [WebServer] .svelte-kit/output/client/_app/immutable/nodes/21.CTdTcJNk.js                    1.12 kB │ gzip:  0.69 kB
2026-10-05T06:25:39.8564197Z [WebServer] .svelte-kit/output/client/_app/immutable/chunks/Bjy-W4x2.js                      1.36 kB │ gzip:  0.65 kB
2026-10-05T06:25:39.8565461Z [WebServer] .svelte-kit/output/client/_app/immutable/chunks/DYqxRLhk.js                      1.51 kB │ gzip:  0.76 kB
2026-10-05T06:25:39.8566398Z [WebServer] .svelte-kit/output/client/_app/immutable/nodes/20.CKZAfwTr.js                    1.80 kB │ gzip:  0.94 kB
2026-10-05T06:25:39.8567338Z [WebServer] .svelte-kit/output/client/_app/immutable/nodes/7.F0iCFRJ0.js                     1.86 kB │ gzip:  1.03 kB
2026-10-05T06:25:39.8568597Z [WebServer] .svelte-kit/output/client/_app/immutable/chunks/VDtaA-1Y.js                      1.97 kB │ gzip:  0.75 kB
2026-10-05T06:25:39.8569745Z [WebServer] .svelte-kit/output/client/_app/immutable/chunks/C_aDlaWP.js                      2.82 kB │ gzip:  1.24 kB
2026-10-05T06:25:39.8570877Z [WebServer] .svelte-kit/output/client/_app/immutable/nodes/11.q801MV0k.js                    3.00 kB │ gzip:  1.36 kB
2026-10-05T06:25:39.8571963Z [WebServer] .svelte-kit/output/client/_app/immutable/nodes/24.BwWf4qtE.js                    3.07 kB │ gzip:  1.52 kB
2026-10-05T06:25:39.8573029Z [WebServer] .svelte-kit/output/client/_app/immutable/chunks/BmM_-4BL.js                      3.17 kB │ gzip:  1.30 kB
2026-10-05T06:25:39.8574034Z [WebServer] .svelte-kit/output/client/_app/immutable/nodes/13.DIPE1QFR.js                    3.42 kB │ gzip:  1.64 kB
2026-10-05T06:25:39.8575499Z [WebServer] .svelte-kit/output/client/_app/immutable/chunks/CEhtMEE4.js                      3.52 kB │ gzip:  1.20 kB
2026-10-05T06:25:39.8576619Z [WebServer] .svelte-kit/output/client/_app/immutable/chunks/C2vCGwsx.js                      3.92 kB │ gzip:  1.20 kB
2026-10-05T06:25:39.8577673Z [WebServer] .svelte-kit/output/client/_app/immutable/nodes/9.-FPriq_i.js                     4.32 kB │ gzip:  1.96 kB
2026-10-05T06:25:39.8578767Z [WebServer] .svelte-kit/output/client/_app/immutable/nodes/17.B7FlaLJk.js                    5.34 kB │ gzip:  2.18 kB
2026-10-05T06:25:39.8579813Z [WebServer] .svelte-kit/output/client/_app/immutable/nodes/12.CoRoPQAc.js                    5.90 kB │ gzip:  1.98 kB
2026-10-05T06:25:39.8580892Z [WebServer] .svelte-kit/output/client/_app/immutable/nodes/23.DGem_khz.js                    5.90 kB │ gzip:  2.63 kB
2026-10-05T06:25:39.8581977Z [WebServer] .svelte-kit/output/client/_app/immutable/nodes/14.C7Nh19HA.js                    6.03 kB │ gzip:  2.53 kB
2026-10-05T06:25:39.8583072Z [WebServer] .svelte-kit/output/client/_app/immutable/nodes/10.Bmy9ZSla.js                    6.13 kB │ gzip:  2.22 kB
2026-10-05T06:25:39.8584186Z [WebServer] .svelte-kit/output/client/_app/immutable/nodes/25.CW9CbiVU.js                    6.48 kB │ gzip:  2.65 kB
2026-10-05T06:25:39.8585595Z [WebServer] .svelte-kit/output/client/_app/immutable/nodes/19.Cx4oHbTt.js                    7.85 kB │ gzip:  3.25 kB
2026-10-05T06:25:39.8586687Z [WebServer] .svelte-kit/output/client/_app/immutable/nodes/22.BsgNPjbD.js                    8.09 kB │ gzip:  3.37 kB
2026-10-05T06:25:39.8587783Z [WebServer] .svelte-kit/output/client/_app/immutable/entry/app.n1_e4psf.js                  10.81 kB │ gzip:  3.73 kB
2026-10-05T06:25:39.8588865Z [WebServer] .svelte-kit/output/client/_app/immutable/nodes/26.C5jy0-kK.js                   13.94 kB │ gzip:  5.14 kB
2026-10-05T06:25:39.8590139Z [WebServer] .svelte-kit/output/client/_app/immutable/chunks/BbMXr8Pf.js                     14.34 kB │ gzip:  5.41 kB
2026-10-05T06:25:39.8591426Z [WebServer] .svelte-kit/output/client/_app/immutable/nodes/16.CkpD7JKC.js                   14.47 kB │ gzip:  5.06 kB
2026-10-05T06:25:39.8592555Z [WebServer] .svelte-kit/output/client/_app/immutable/nodes/8.ChZM2sDj.js                    15.61 kB │ gzip:  5.39 kB
2026-10-05T06:25:39.8593647Z [WebServer] .svelte-kit/output/client/_app/immutable/chunks/B5uTBdTh.js                     16.72 kB │ gzip:  6.37 kB
2026-10-05T06:25:39.8595117Z [WebServer] .svelte-kit/output/client/_app/immutable/nodes/18.CoHGqtuF.js                   17.87 kB │ gzip:  4.94 kB
2026-10-05T06:25:39.8596402Z [WebServer] .svelte-kit/output/client/_app/immutable/chunks/b-Sm1p61.js                     32.96 kB │ gzip: 13.32 kB
2026-10-05T06:25:39.8597494Z [WebServer] .svelte-kit/output/client/_app/immutable/chunks/Df6w1G7K.js                     39.37 kB │ gzip: 11.87 kB
2026-10-05T06:25:39.8598619Z [WebServer] .svelte-kit/output/client/_app/immutable/chunks/BspPpJjF.js                     43.62 kB │ gzip: 15.98 kB
2026-10-05T06:25:39.8599723Z [WebServer] .svelte-kit/output/client/_app/immutable/nodes/15.BDJo3OyF.js                   50.89 kB │ gzip: 15.85 kB
2026-10-05T06:25:39.8600801Z [WebServer] .svelte-kit/output/client/_app/immutable/chunks/Bl_xBNqa.js                     56.93 kB │ gzip: 21.59 kB
2026-10-05T06:25:39.8601296Z [WebServer] 
2026-10-05T06:25:39.8602959Z [WebServer] [MODULE_LEVEL_DIRECTIVE] The semantics of the module level directive "use client" in "../../home/runner/work/cms/cms/node_modules/.pnpm/@tanstack+react-query@5.90.21_react@19.3.0/node_modules/@tanstack/react-query/build/modern/QueryClientProvider.js" may not be preserved when bundling.
2026-10-05T06:25:39.8605338Z [WebServer]    ╭─[ ../../home/runner/work/cms/cms/node_modules/.pnpm/@tanstack+react-query@5.90.21_react@19.3.0/node_modules/@tanstack/react-query/build/modern/QueryClientProvider.js:1:1 ]
2026-10-05T06:25:39.8606225Z [WebServer]    │
2026-10-05T06:25:39.8606668Z [WebServer]  1 │ "use client";
2026-10-05T06:25:39.8607022Z [WebServer]    │ ──────┬──────  
2026-10-05T06:25:39.8607674Z [WebServer]    │       ╰──────── module level directive may not be preserved
2026-10-05T06:25:39.8608081Z [WebServer]    │ 
2026-10-05T06:25:39.8608849Z [WebServer]    │ Help: For more information, see https://rolldown.rs/in-depth/directives#other-directives
2026-10-05T06:25:39.8609386Z [WebServer] ───╯
2026-10-05T06:25:39.8609592Z [WebServer] 
2026-10-05T06:25:39.8611184Z [WebServer] [MODULE_LEVEL_DIRECTIVE] The semantics of the module level directive "use client" in "../../home/runner/work/cms/cms/node_modules/.pnpm/@tanstack+react-query@5.90.21_react@19.3.0/node_modules/@tanstack/react-query/build/modern/useIsFetching.js" may not be preserved when bundling.
2026-10-05T06:25:39.8613247Z [WebServer]    ╭─[ ../../home/runner/work/cms/cms/node_modules/.pnpm/@tanstack+react-query@5.90.21_react@19.3.0/node_modules/@tanstack/react-query/build/modern/useIsFetching.js:1:1 ]
2026-10-05T06:25:39.8614097Z [WebServer]    │
2026-10-05T06:25:39.8614634Z [WebServer]  1 │ "use client";
2026-10-05T06:25:39.8615012Z [WebServer]    │ ──────┬──────  
2026-10-05T06:25:39.8615494Z [WebServer]    │       ╰──────── module level directive may not be preserved
2026-10-05T06:25:39.8616054Z [WebServer]    │ 
2026-10-05T06:25:39.8616671Z [WebServer]    │ Help: For more information, see https://rolldown.rs/in-depth/directives#other-directives
2026-10-05T06:25:39.8617340Z [WebServer] ───╯
2026-10-05T06:25:39.8617548Z [WebServer] 
2026-10-05T06:25:39.8619117Z [WebServer] [MODULE_LEVEL_DIRECTIVE] The semantics of the module level directive "use client" in "../../home/runner/work/cms/cms/node_modules/.pnpm/@tanstack+react-query@5.90.21_react@19.3.0/node_modules/@tanstack/react-query/build/modern/useMutationState.js" may not be preserved when bundling.
2026-10-05T06:25:39.8621298Z [WebServer]    ╭─[ ../../home/runner/work/cms/cms/node_modules/.pnpm/@tanstack+react-query@5.90.21_react@19.3.0/node_modules/@tanstack/react-query/build/modern/useMutationState.js:1:1 ]
2026-10-05T06:25:39.8622577Z [WebServer]    │
2026-10-05T06:25:39.8622979Z [WebServer]  1 │ "use client";
2026-10-05T06:25:39.8623381Z [WebServer]    │ ──────┬──────  
2026-10-05T06:25:39.8623855Z [WebServer]    │       ╰──────── module level directive may not be preserved
2026-10-05T06:25:39.8624511Z [WebServer]    │ 
2026-10-05T06:25:39.8625173Z [WebServer]    │ Help: For more information, see https://rolldown.rs/in-depth/directives#other-directives
2026-10-05T06:25:39.8625849Z [WebServer] ───╯
2026-10-05T06:25:39.8626064Z [WebServer] 
2026-10-05T06:25:39.8627516Z [WebServer] [MODULE_LEVEL_DIRECTIVE] The semantics of the module level directive "use client" in "../../home/runner/work/cms/cms/node_modules/.pnpm/@tanstack+react-query@5.90.21_react@19.3.0/node_modules/@tanstack/react-query/build/modern/useMutation.js" may not be preserved when bundling.
2026-10-05T06:25:39.8629640Z [WebServer]    ╭─[ ../../home/runner/work/cms/cms/node_modules/.pnpm/@tanstack+react-query@5.90.21_react@19.3.0/node_modules/@tanstack/react-query/build/modern/useMutation.js:1:1 ]
2026-10-05T06:25:39.8630513Z [WebServer]    │
2026-10-05T06:25:39.8630797Z [WebServer]  1 │ "use client";
2026-10-05T06:25:39.8631115Z [WebServer]    │ ──────┬──────  
2026-10-05T06:25:39.8631589Z [WebServer]    │       ╰──────── module level directive may not be preserved
2026-10-05T06:25:39.8631977Z [WebServer]    │ 
2026-10-05T06:25:39.8632656Z [WebServer]    │ Help: For more information, see https://rolldown.rs/in-depth/directives#other-directives
2026-10-05T06:25:39.8633224Z [WebServer] ───╯
2026-10-05T06:25:39.8633434Z [WebServer] 
2026-10-05T06:25:39.8634982Z [WebServer] [MODULE_LEVEL_DIRECTIVE] The semantics of the module level directive "use client" in "../../home/runner/work/cms/cms/node_modules/.pnpm/@tanstack+react-query@5.90.21_react@19.3.0/node_modules/@tanstack/react-query/build/modern/errorBoundaryUtils.js" may not be preserved when bundling.
2026-10-05T06:25:39.8637089Z [WebServer]    ╭─[ ../../home/runner/work/cms/cms/node_modules/.pnpm/@tanstack+react-query@5.90.21_react@19.3.0/node_modules/@tanstack/react-query/build/modern/errorBoundaryUtils.js:1:1 ]
2026-10-05T06:25:39.8637862Z [WebServer]    │
2026-10-05T06:25:39.8638138Z [WebServer]  1 │ "use client";
2026-10-05T06:25:39.8638463Z [WebServer]    │ ──────┬──────  
2026-10-05T06:25:39.8638929Z [WebServer]    │       ╰──────── module level directive may not be preserved
2026-10-05T06:25:39.8639315Z [WebServer]    │ 
2026-10-05T06:25:39.8639907Z [WebServer]    │ Help: For more information, see https://rolldown.rs/in-depth/directives#other-directives
2026-10-05T06:25:39.8640401Z [WebServer] ───╯
2026-10-05T06:25:39.8640603Z [WebServer] 
2026-10-05T06:25:39.8641901Z [WebServer] [MODULE_LEVEL_DIRECTIVE] The semantics of the module level directive "use client" in "../../home/runner/work/cms/cms/node_modules/.pnpm/@tanstack+react-query@5.90.21_react@19.3.0/node_modules/@tanstack/react-query/build/modern/useBaseQuery.js" may not be preserved when bundling.
2026-10-05T06:25:39.8644039Z [WebServer]    ╭─[ ../../home/runner/work/cms/cms/node_modules/.pnpm/@tanstack+react-query@5.90.21_react@19.3.0/node_modules/@tanstack/react-query/build/modern/useBaseQuery.js:1:1 ]
2026-10-05T06:25:39.8645160Z [WebServer]    │
2026-10-05T06:25:39.8645455Z [WebServer]  1 │ "use client";
2026-10-05T06:25:39.8645777Z [WebServer]    │ ──────┬──────  
2026-10-05T06:25:39.8646240Z [WebServer]    │       ╰──────── module level directive may not be preserved
2026-10-05T06:25:39.8646634Z [WebServer]    │ 
2026-10-05T06:25:39.8647228Z [WebServer]    │ Help: For more information, see https://rolldown.rs/in-depth/directives#other-directives
2026-10-05T06:25:39.8647721Z [WebServer] ───╯
2026-10-05T06:25:39.8647927Z [WebServer] 
2026-10-05T06:25:39.8648188Z [WebServer] ✓ built in 965ms
2026-10-05T06:25:40.2668231Z 2026-10-05T06:25:40.266Z pw:webserver HTTP GET: http://127.0.0.1:4174/cms
2026-10-05T06:25:40.2674880Z 2026-10-05T06:25:40.267Z pw:webserver Error while checking if http://127.0.0.1:4174/cms is available: connect ECONNREFUSED 127.0.0.1:4174
2026-10-05T06:25:40.2676736Z 2026-10-05T06:25:40.267Z pw:webserver Waiting 1000ms
2026-10-05T06:25:40.9443754Z [WebServer] computing gzip size...
2026-10-05T06:25:40.9627127Z [WebServer] .svelte-kit/output/server/.vite/manifest.json                                                                  59.76 kB │ gzip:  5.66 kB
2026-10-05T06:25:40.9629116Z [WebServer] .svelte-kit/output/server/_app/immutable/assets/_page.DrcXZYa3.css                                              0.17 kB │ gzip:  0.13 kB
2026-10-05T06:25:40.9631238Z [WebServer] .svelte-kit/output/server/_app/immutable/assets/MenuDialog.CSb6g0e0.css                                         0.20 kB │ gzip:  0.17 kB
2026-10-05T06:25:40.9633308Z [WebServer] .svelte-kit/output/server/_app/immutable/assets/_page.Dcp-D_B2.css                                              0.22 kB │ gzip:  0.15 kB
2026-10-05T06:25:40.9635577Z [WebServer] .svelte-kit/output/server/_app/immutable/assets/_page.gKqYElxg.css                                              0.36 kB │ gzip:  0.22 kB
2026-10-05T06:25:40.9636770Z [WebServer] .svelte-kit/output/server/_app/immutable/assets/EditorForm.BHWZld0R.css                                         0.44 kB │ gzip:  0.23 kB
2026-10-05T06:25:40.9637919Z [WebServer] .svelte-kit/output/server/_app/immutable/assets/DraftPreview.fwW3PV90.css                                       0.48 kB │ gzip:  0.25 kB
2026-10-05T06:25:40.9639038Z [WebServer] .svelte-kit/output/server/_app/immutable/assets/_page.CyTVIvfE.css                                              0.54 kB │ gzip:  0.26 kB
2026-10-05T06:25:40.9640487Z [WebServer] .svelte-kit/output/server/_app/immutable/assets/_page.CVJ5M564.css                                              0.57 kB │ gzip:  0.29 kB
2026-10-05T06:25:40.9642078Z [WebServer] .svelte-kit/output/server/_app/immutable/assets/_page.B4jjrLtW.css                                              0.68 kB │ gzip:  0.31 kB
2026-10-05T06:25:40.9643187Z [WebServer] .svelte-kit/output/server/_app/immutable/assets/_page.CccxuyKJ.css                                              0.70 kB │ gzip:  0.35 kB
2026-10-05T06:25:40.9645007Z [WebServer] .svelte-kit/output/server/_app/immutable/assets/ContentTypeEditor.BP8dJX1x.css                                  1.57 kB │ gzip:  0.55 kB
2026-10-05T06:25:40.9646377Z [WebServer] .svelte-kit/output/server/_app/immutable/assets/_page.DYOooGE9.css                                              1.60 kB │ gzip:  0.40 kB
2026-10-05T06:25:40.9647507Z [WebServer] .svelte-kit/output/server/_app/immutable/assets/_page.C1Ra8cmf.css                                              2.18 kB │ gzip:  0.68 kB
2026-10-05T06:25:40.9648607Z [WebServer] .svelte-kit/output/server/_app/immutable/assets/_page.CvGkr_1p.css                                              2.27 kB │ gzip:  0.85 kB
2026-10-05T06:25:40.9649882Z [WebServer] .svelte-kit/output/server/_app/immutable/assets/admin.CSBm7Oz-.css                                              2.57 kB │ gzip:  0.88 kB
2026-10-05T06:25:40.9651538Z [WebServer] .svelte-kit/output/server/_app/immutable/assets/_page.D2HNaFcR.css                                              3.13 kB │ gzip:  0.93 kB
2026-10-05T06:25:40.9652694Z [WebServer] .svelte-kit/output/server/_app/immutable/assets/WorkspaceShell.CG4u5kwz.css                                    37.08 kB │ gzip:  5.01 kB
2026-10-05T06:25:40.9653775Z [WebServer] .svelte-kit/output/server/chunks/navigation.js                                                                  0.03 kB │ gzip:  0.05 kB
2026-10-05T06:25:40.9655257Z [WebServer] .svelte-kit/output/server/chunks/repository2.js                                                                 0.09 kB │ gzip:  0.08 kB
2026-10-05T06:25:40.9656349Z [WebServer] .svelte-kit/output/server/chunks/taxonomies2.js                                                                 0.09 kB │ gzip:  0.08 kB
2026-10-05T06:25:40.9657347Z [WebServer] .svelte-kit/output/server/chunks/chunks.js                                                                      0.10 kB │ gzip:  0.09 kB
2026-10-05T06:25:40.9658588Z [WebServer] .svelte-kit/output/server/remote-entry.js                                                                       0.16 kB │ gzip:  0.12 kB
2026-10-05T06:25:40.9659572Z [WebServer] .svelte-kit/output/server/chunks/server.js                                                                      0.16 kB │ gzip:  0.12 kB
2026-10-05T06:25:40.9660575Z [WebServer] .svelte-kit/output/server/chunks/transaction2.js                                                                0.19 kB │ gzip:  0.15 kB
2026-10-05T06:25:40.9661891Z [WebServer] .svelte-kit/output/server/entries/endpoints/api/comments/_server.ts.js                                          0.20 kB │ gzip:  0.16 kB
2026-10-05T06:25:40.9664068Z [WebServer] .svelte-kit/output/server/entries/endpoints/api/admin/comments/_server.ts.js                                    0.21 kB │ gzip:  0.16 kB
2026-10-05T06:25:40.9666467Z [WebServer] .svelte-kit/output/server/entries/pages/_page.server.ts.js                                                      0.22 kB │ gzip:  0.16 kB
2026-10-05T06:25:40.9667560Z [WebServer] .svelte-kit/output/server/env.js                                                                                0.22 kB │ gzip:  0.14 kB
2026-10-05T06:25:40.9668568Z [WebServer] .svelte-kit/output/server/chunks/remote-4cga8b.js                                                               0.22 kB │ gzip:  0.14 kB
2026-10-05T06:25:40.9669927Z [WebServer] .svelte-kit/output/server/entries/endpoints/api/redirects/404s/summary/_server.ts.js                            0.22 kB │ gzip:  0.17 kB
2026-10-05T06:25:40.9671140Z [WebServer] .svelte-kit/output/server/entries/endpoints/api/admin/comments/bulk/_server.ts.js                               0.22 kB │ gzip:  0.17 kB
2026-10-05T06:25:40.9672313Z [WebServer] .svelte-kit/output/server/entries/endpoints/api/admin/comments/counts/_server.ts.js                             0.22 kB │ gzip:  0.17 kB
2026-10-05T06:25:40.9673420Z [WebServer] .svelte-kit/output/server/chunks/navigation2.js                                                                 0.22 kB │ gzip:  0.17 kB
2026-10-05T06:25:40.9675142Z [WebServer] .svelte-kit/output/server/chunks/remote-5e9re.js                                                                0.23 kB │ gzip:  0.14 kB
2026-10-05T06:25:40.9676393Z [WebServer] .svelte-kit/output/server/chunks/remote-6z7yaa.js                                                               0.23 kB │ gzip:  0.14 kB
2026-10-05T06:25:40.9678175Z [WebServer] .svelte-kit/output/server/entries/pages/redirects/_page.server.ts.js                                            0.23 kB │ gzip:  0.18 kB
2026-10-05T06:25:40.9679655Z [WebServer] .svelte-kit/output/server/entries/endpoints/api/admin/comments/_id_/status/_server.ts.js                        0.23 kB │ gzip:  0.17 kB
2026-10-05T06:25:40.9680776Z [WebServer] .svelte-kit/output/server/chunks/remote-1ghd0c5.js                                                              0.24 kB │ gzip:  0.15 kB
2026-10-05T06:25:40.9682055Z [WebServer] .svelte-kit/output/server/chunks/remote-126fj8m.js                                                              0.24 kB │ gzip:  0.15 kB
2026-10-05T06:25:40.9683169Z [WebServer] .svelte-kit/output/server/entries/pages/content/_collection_/_layout.server.ts.js                               0.24 kB │ gzip:  0.18 kB
2026-10-05T06:25:40.9685105Z [WebServer] .svelte-kit/output/server/entries/endpoints/api/comments/_collection_/_contentId_/_server.ts.js                 0.25 kB │ gzip:  0.18 kB
2026-10-05T06:25:40.9686785Z [WebServer] .svelte-kit/output/server/chunks/remote-15ax3ep.js                                                              0.26 kB │ gzip:  0.15 kB
2026-10-05T06:25:40.9688772Z [WebServer] .svelte-kit/output/server/entries/endpoints/api/admin/comments/settings/_collection_/_server.ts.js              0.26 kB │ gzip:  0.17 kB
2026-10-05T06:25:40.9690021Z [WebServer] .svelte-kit/output/server/entries/endpoints/api/redirects/_server.ts.js                                         0.26 kB │ gzip:  0.18 kB
2026-10-05T06:25:40.9691557Z [WebServer] .svelte-kit/output/server/chunks/object-cache-configuration.js                                                  0.27 kB │ gzip:  0.19 kB
2026-10-05T06:25:40.9692929Z [WebServer] .svelte-kit/output/server/entries/endpoints/api/comments/_collection_/_contentId_/reactions/_server.ts.js       0.27 kB │ gzip:  0.18 kB
2026-10-05T06:25:40.9694220Z [WebServer] .svelte-kit/output/server/chunks/contract.js                                                                    0.28 kB │ gzip:  0.19 kB
2026-10-05T06:25:40.9696129Z [WebServer] .svelte-kit/output/server/entries/endpoints/api/schema/block-types/_server.ts.js                                0.28 kB │ gzip:  0.21 kB
2026-10-05T06:25:40.9697998Z [WebServer] .svelte-kit/output/server/entries/endpoints/api/content-picker/manifest/_server.ts.js                           0.28 kB │ gzip:  0.20 kB
2026-10-05T06:25:40.9699734Z [WebServer] .svelte-kit/output/server/chunks/env.js                                                                         0.28 kB │ gzip:  0.17 kB
2026-10-05T06:25:40.9701474Z [WebServer] .svelte-kit/output/server/entries/endpoints/api/admin/comments/_id_/_server.ts.js                               0.29 kB │ gzip:  0.19 kB
2026-10-05T06:25:40.9703372Z [WebServer] .svelte-kit/output/server/entries/endpoints/api/content-picker/collections/_server.ts.js                        0.32 kB │ gzip:  0.22 kB
2026-10-05T06:25:40.9705743Z [WebServer] .svelte-kit/output/server/entries/endpoints/api/schema/collections/reorder/_server.ts.js                        0.32 kB │ gzip:  0.23 kB
2026-10-05T06:25:40.9707756Z [WebServer] .svelte-kit/output/server/entries/endpoints/api/setup/status/_server.ts.js                                      0.33 kB │ gzip:  0.23 kB
2026-10-05T06:25:40.9709665Z [WebServer] .svelte-kit/output/server/entries/endpoints/api/redirects/_id_/_server.ts.js                                    0.33 kB │ gzip:  0.20 kB
2026-10-05T06:25:40.9711621Z [WebServer] .svelte-kit/output/server/entries/endpoints/api/redirects/404s/_server.ts.js                                    0.34 kB │ gzip:  0.20 kB
2026-10-05T06:25:40.9713422Z [WebServer] .svelte-kit/output/server/entries/pages/widgets/_page.server.ts.js                                              0.36 kB │ gzip:  0.23 kB
2026-10-05T06:25:40.9715470Z [WebServer] .svelte-kit/output/server/entries/pages/sections/_layout.server.ts.js                                           0.36 kB │ gzip:  0.23 kB
2026-10-05T06:25:40.9717485Z [WebServer] .svelte-kit/output/server/entries/endpoints/api/content-picker/content/_collection_/_server.ts.js               0.36 kB │ gzip:  0.24 kB
2026-10-05T06:25:40.9719574Z [WebServer] .svelte-kit/output/server/entries/endpoints/api/schema/collections/_collection_/fields/reorder/_server.ts.js    0.40 kB │ gzip:  0.26 kB
2026-10-05T06:25:40.9721436Z [WebServer] .svelte-kit/output/server/internal.js                                                                           0.40 kB │ gzip:  0.19 kB
2026-10-05T06:25:40.9723593Z [WebServer] .svelte-kit/output/server/entries/endpoints/api/schema/collections/_server.ts.js                                0.42 kB │ gzip:  0.25 kB
2026-10-05T06:25:40.9725932Z [WebServer] .svelte-kit/output/server/entries/fallbacks/layout.svelte.js                                                    0.45 kB │ gzip:  0.31 kB
2026-10-05T06:25:40.9728023Z [WebServer] .svelte-kit/output/server/entries/endpoints/api/schema/collections/_collection_/fields/_server.ts.js            0.45 kB │ gzip:  0.29 kB
2026-10-05T06:25:40.9730063Z [WebServer] .svelte-kit/output/server/chunks/collection-slugs-state.js                                                      0.48 kB │ gzip:  0.29 kB
2026-10-05T06:25:40.9731911Z [WebServer] .svelte-kit/output/server/chunks/authorize.js                                                                   0.49 kB │ gzip:  0.32 kB
2026-10-05T06:25:40.9733677Z [WebServer] .svelte-kit/output/server/chunks/context.js                                                                     0.50 kB │ gzip:  0.29 kB
2026-10-05T06:25:40.9736020Z [WebServer] .svelte-kit/output/server/chunks/deferred-tasks.js                                                              0.50 kB │ gzip:  0.29 kB
2026-10-05T06:25:40.9737881Z [WebServer] .svelte-kit/output/server/chunks/chrome-tags.js                                                                 0.52 kB │ gzip:  0.33 kB
2026-10-05T06:25:40.9739797Z [WebServer] .svelte-kit/output/server/entries/endpoints/api/auth/me/_server.ts.js                                           0.53 kB │ gzip:  0.32 kB
2026-10-05T06:25:40.9741921Z [WebServer] .svelte-kit/output/server/entries/endpoints/api/schema/collections/_collection_/fields/_field_/_server.ts.js    0.54 kB │ gzip:  0.30 kB
2026-10-05T06:25:40.9743923Z [WebServer] .svelte-kit/output/server/chunks/chunks2.js                                                                     0.56 kB │ gzip:  0.39 kB
2026-10-05T06:25:40.9746010Z [WebServer] .svelte-kit/output/server/entries/fallbacks/error.svelte.js                                                     0.59 kB │ gzip:  0.36 kB
2026-10-05T06:25:40.9748111Z [WebServer] .svelte-kit/output/server/entries/endpoints/api/auth/passkey/options/_server.ts.js                              0.60 kB │ gzip:  0.34 kB
2026-10-05T06:25:40.9750321Z [WebServer] .svelte-kit/output/server/entries/pages/comments/settings/_collection_/_page.server.ts.js                       0.61 kB │ gzip:  0.35 kB
2026-10-05T06:25:40.9772302Z [WebServer] .svelte-kit/output/server/entries/pages/schema/_layout.server.ts.js                                             0.61 kB │ gzip:  0.36 kB
2026-10-05T06:25:40.9774653Z [WebServer] .svelte-kit/output/server/entries/pages/schema/_manage/_layout.svelte.js                                        0.63 kB │ gzip:  0.32 kB
2026-10-05T06:25:40.9776566Z [WebServer] .svelte-kit/output/server/chunks/current-user.js                                                                0.66 kB │ gzip:  0.38 kB
2026-10-05T06:25:40.9778456Z [WebServer] .svelte-kit/output/server/entries/pages/content/_collection_/_id_/workflow/_page.server.ts.js                   0.67 kB │ gzip:  0.32 kB
2026-10-05T06:25:40.9780417Z [WebServer] .svelte-kit/output/server/entries/endpoints/api/schema/collections/_collection_/_server.ts.js                   0.70 kB │ gzip:  0.35 kB
2026-10-05T06:25:40.9782304Z [WebServer] .svelte-kit/output/server/chunks/host.js                                                                        0.75 kB │ gzip:  0.37 kB
2026-10-05T06:25:40.9783971Z [WebServer] .svelte-kit/output/server/chunks/editor-display.js                                                              0.77 kB │ gzip:  0.37 kB
2026-10-05T06:25:40.9785904Z [WebServer] .svelte-kit/output/server/chunks/store.js                                                                       0.78 kB │ gzip:  0.42 kB
2026-10-05T06:25:40.9787762Z [WebServer] .svelte-kit/output/server/entries/pages/trash/_collection_/_page.server.ts.js                                   0.79 kB │ gzip:  0.41 kB
2026-10-05T06:25:40.9790096Z [WebServer] .svelte-kit/output/server/entries/endpoints/api/setup/admin/verify/_server.ts.js                                0.83 kB │ gzip:  0.43 kB
2026-10-05T06:25:40.9792160Z [WebServer] .svelte-kit/output/server/entries/pages/menus/_layout.server.ts.js                                              0.85 kB │ gzip:  0.48 kB
2026-10-05T06:25:40.9794111Z [WebServer] .svelte-kit/output/server/entries/endpoints/api/setup/admin/_server.ts.js                                       0.87 kB │ gzip:  0.46 kB
2026-10-05T06:25:40.9796362Z [WebServer] .svelte-kit/output/server/entries/endpoints/api/menus/_name_/items/_server.ts.js                                0.89 kB │ gzip:  0.45 kB
2026-10-05T06:25:40.9798415Z [WebServer] .svelte-kit/output/server/entries/endpoints/api/menus/_name_/reorder/_server.ts.js                              0.90 kB │ gzip:  0.45 kB
2026-10-05T06:25:40.9800541Z [WebServer] .svelte-kit/output/server/entries/endpoints/api/byline-fields/_slug_/usage/_server.ts.js                        0.91 kB │ gzip:  0.47 kB
2026-10-05T06:25:40.9802791Z [WebServer] .svelte-kit/output/server/chunks/i18n-config.js                                                                 0.93 kB │ gzip:  0.49 kB
2026-10-05T06:25:40.9804803Z [WebServer] .svelte-kit/output/server/chunks/widgets.js                                                                     0.95 kB │ gzip:  0.47 kB
2026-10-05T06:25:40.9806765Z [WebServer] .svelte-kit/output/server/entries/endpoints/api/menus/_server.ts.js                                             1.01 kB │ gzip:  0.47 kB
2026-10-05T06:25:40.9808826Z [WebServer] .svelte-kit/output/server/entries/endpoints/api/taxonomies/_name_/translations/_server.ts.js                    1.04 kB │ gzip:  0.51 kB
2026-10-05T06:25:40.9810788Z [WebServer] .svelte-kit/output/server/chunks/status.js                                                                      1.04 kB │ gzip:  0.55 kB
2026-10-05T06:25:40.9812656Z [WebServer] .svelte-kit/output/server/chunks/transaction.js                                                                 1.06 kB │ gzip:  0.50 kB
2026-10-05T06:25:40.9814906Z [WebServer] .svelte-kit/output/server/entries/endpoints/api/byline-fields/reorder/_server.ts.js                             1.08 kB │ gzip:  0.47 kB
2026-10-05T06:25:40.9816973Z [WebServer] .svelte-kit/output/server/chunks/write-plan.js                                                                  1.13 kB │ gzip:  0.56 kB
2026-10-05T06:25:40.9819019Z [WebServer] .svelte-kit/output/server/entries/endpoints/api/taxonomies/_name_/reorder/_server.ts.js                         1.14 kB │ gzip:  0.52 kB
2026-10-05T06:25:40.9821034Z [WebServer] .svelte-kit/output/server/chunks/context2.js                                                                    1.18 kB │ gzip:  0.67 kB
2026-10-05T06:25:40.9822849Z [WebServer] .svelte-kit/output/server/chunks/paths.js                                                                       1.18 kB │ gzip:  0.66 kB
2026-10-05T06:25:40.9825155Z [WebServer] .svelte-kit/output/server/entries/endpoints/api/auth/logout/_server.ts.js                                       1.28 kB │ gzip:  0.62 kB
2026-10-05T06:25:40.9827423Z [WebServer] .svelte-kit/output/server/chunks/request.js                                                                     1.30 kB │ gzip:  0.68 kB
2026-10-05T06:25:40.9829103Z [WebServer] .svelte-kit/output/server/chunks/namespaces.js                                                                  1.34 kB │ gzip:  0.63 kB
2026-10-05T06:25:40.9831006Z [WebServer] .svelte-kit/output/server/entries/endpoints/api/taxonomies/_server.ts.js                                        1.36 kB │ gzip:  0.57 kB
2026-10-05T06:25:40.9832952Z [WebServer] .svelte-kit/output/server/chunks/internal2.js                                                                   1.37 kB │ gzip:  0.56 kB
2026-10-05T06:25:40.9835125Z [WebServer] .svelte-kit/output/server/entries/endpoints/api/auth/passkey/verify/_server.ts.js                               1.39 kB │ gzip:  0.63 kB
2026-10-05T06:25:40.9837334Z [WebServer] .svelte-kit/output/server/chunks/base64.js                                                                      1.41 kB │ gzip:  0.65 kB
2026-10-05T06:25:40.9839300Z [WebServer] .svelte-kit/output/server/entries/endpoints/api/menus/_name_/items/_id_/_server.ts.js                           1.47 kB │ gzip:  0.55 kB
2026-10-05T06:25:40.9841267Z [WebServer] .svelte-kit/output/server/chunks/identity-schemas.js                                                            1.48 kB │ gzip:  0.55 kB
2026-10-05T06:25:40.9843250Z [WebServer] .svelte-kit/output/server/entries/pages/sections/_slug_/_page.svelte.js                                         1.50 kB │ gzip:  0.58 kB
2026-10-05T06:25:40.9845641Z [WebServer] .svelte-kit/output/server/entries/endpoints/api/menus/_name_/_server.ts.js                                      1.52 kB │ gzip:  0.52 kB
2026-10-05T06:25:40.9847686Z [WebServer] .svelte-kit/output/server/entries/endpoints/api/taxonomies/_name_/terms/_server.ts.js                           1.59 kB │ gzip:  0.63 kB
2026-10-05T06:25:40.9849950Z [WebServer] .svelte-kit/output/server/entries/endpoints/api/byline-fields/_server.ts.js                                     1.64 kB │ gzip:  0.59 kB
2026-10-05T06:25:40.9851756Z [WebServer] .svelte-kit/output/server/chunks/atomic-query-loop.js                                                           1.66 kB │ gzip:  0.73 kB
2026-10-05T06:25:40.9853598Z [WebServer] .svelte-kit/output/server/entries/pages/schema/_manage/new/_page.svelte.js                                      1.67 kB │ gzip:  0.73 kB
2026-10-05T06:25:40.9855668Z [WebServer] .svelte-kit/output/server/entries/endpoints/api/menus/_name_/translations/_server.ts.js                         1.70 kB │ gzip:  0.68 kB
2026-10-05T06:25:40.9857210Z [WebServer] .svelte-kit/output/server/chunks/slugify.js                                                                     1.77 kB │ gzip:  0.91 kB
2026-10-05T06:25:40.9858670Z [WebServer] .svelte-kit/output/server/entries/hooks.universal.js                                                            1.77 kB │ gzip:  0.73 kB
2026-10-05T06:25:40.9860120Z [WebServer] .svelte-kit/output/server/chunks/migrations2.js                                                                 1.78 kB │ gzip:  0.67 kB
2026-10-05T06:25:40.9861512Z [WebServer] .svelte-kit/output/server/chunks/parse2.js                                                                      1.85 kB │ gzip:  0.90 kB
2026-10-05T06:25:40.9862974Z [WebServer] .svelte-kit/output/server/chunks/DraftPreview.js                                                                1.88 kB │ gzip:  0.79 kB
2026-10-05T06:25:40.9865117Z [WebServer] .svelte-kit/output/server/entries/endpoints/api/sections/_server.ts.js                                          1.88 kB │ gzip:  0.64 kB
2026-10-05T06:25:40.9866969Z [WebServer] .svelte-kit/output/server/chunks/schemas5.js                                                                    1.91 kB │ gzip:  0.49 kB
2026-10-05T06:25:40.9868784Z [WebServer] .svelte-kit/output/server/chunks/workspace.remote.js                                                            1.95 kB │ gzip:  0.76 kB
2026-10-05T06:25:40.9870498Z [WebServer] .svelte-kit/output/server/chunks/readiness.js                                                                   1.98 kB │ gzip:  0.92 kB
2026-10-05T06:25:40.9872151Z [WebServer] .svelte-kit/output/server/chunks/db-errors.js                                                                   2.01 kB │ gzip:  0.97 kB
2026-10-05T06:25:40.9873912Z [WebServer] .svelte-kit/output/server/entries/pages/comments/_page.server.ts.js                                             2.02 kB │ gzip:  0.86 kB
2026-10-05T06:25:40.9875884Z [WebServer] .svelte-kit/output/server/chunks/validate2.js                                                                   2.05 kB │ gzip:  0.95 kB
2026-10-05T06:25:40.9877782Z [WebServer] .svelte-kit/output/server/entries/endpoints/api/widget-areas/_name_/reorder/_server.ts.js                       2.06 kB │ gzip:  0.87 kB
2026-10-05T06:25:40.9879928Z [WebServer] .svelte-kit/output/server/chunks/validate.js                                                                    2.08 kB │ gzip:  0.97 kB
2026-10-05T06:25:40.9881758Z [WebServer] .svelte-kit/output/server/chunks/editor-autosave.remote.js                                                      2.09 kB │ gzip:  0.74 kB
2026-10-05T06:25:40.9883665Z [WebServer] .svelte-kit/output/server/entries/endpoints/api/widget-components/_server.ts.js                                 2.13 kB │ gzip:  0.77 kB
2026-10-05T06:25:40.9885730Z [WebServer] .svelte-kit/output/server/chunks/init-lock.js                                                                   2.15 kB │ gzip:  1.00 kB
2026-10-05T06:25:40.9887512Z [WebServer] .svelte-kit/output/server/chunks/turnstile.js                                                                   2.20 kB │ gzip:  1.13 kB
2026-10-05T06:25:40.9889364Z [WebServer] .svelte-kit/output/server/entries/endpoints/api/taxonomies/_name_/_server.ts.js                                 2.23 kB │ gzip:  0.69 kB
2026-10-05T06:25:40.9891641Z [WebServer] .svelte-kit/output/server/entries/endpoints/api/widget-areas/_name_/_server.ts.js                               2.36 kB │ gzip:  0.80 kB
2026-10-05T06:25:40.9893658Z [WebServer] .svelte-kit/output/server/entries/pages/schema/_manage/_collection_/_page.svelte.js                             2.37 kB │ gzip:  0.89 kB
2026-10-05T06:25:40.9895956Z [WebServer] .svelte-kit/output/server/entries/endpoints/api/taxonomies/_name_/terms/_slug_/translations/_server.ts.js       2.39 kB │ gzip:  0.81 kB
2026-10-05T06:25:40.9898125Z [WebServer] .svelte-kit/output/server/entries/endpoints/api/byline-fields/_slug_/_server.ts.js                              2.40 kB │ gzip:  0.69 kB
2026-10-05T06:25:40.9900183Z [WebServer] .svelte-kit/output/server/entries/endpoints/api/widget-areas/_name_/widgets/_server.ts.js                       2.41 kB │ gzip:  0.99 kB
2026-10-05T06:25:40.9902136Z [WebServer] .svelte-kit/output/server/chunks/BlockSettings.js                                                               2.42 kB │ gzip:  0.90 kB
2026-10-05T06:25:40.9903983Z [WebServer] .svelte-kit/output/server/entries/endpoints/api/taxonomies/_name_/terms/_slug_/_server.ts.js                    2.44 kB │ gzip:  0.69 kB
2026-10-05T06:25:40.9906035Z [WebServer] .svelte-kit/output/server/chunks/passkey-browser.js                                                             2.46 kB │ gzip:  0.78 kB
2026-10-05T06:25:40.9907716Z [WebServer] .svelte-kit/output/server/chunks/schema.js                                                                      2.51 kB │ gzip:  0.76 kB
2026-10-05T06:25:40.9909444Z [WebServer] .svelte-kit/output/server/entries/pages/sections/_page.svelte.js                                                2.52 kB │ gzip:  0.87 kB
2026-10-05T06:25:40.9911175Z [WebServer] .svelte-kit/output/server/chunks/admin-http.js                                                                  2.53 kB │ gzip:  1.11 kB
2026-10-05T06:25:40.9913025Z [WebServer] .svelte-kit/output/server/entries/endpoints/api/bylines/_id_/translations/_server.ts.js                         2.54 kB │ gzip:  0.91 kB
2026-10-05T06:25:40.9915063Z [WebServer] .svelte-kit/output/server/entries/pages/_page.svelte.js                                                         2.60 kB │ gzip:  1.05 kB
2026-10-05T06:25:40.9916753Z [WebServer] .svelte-kit/output/server/chunks/http2.js                                                                       2.64 kB │ gzip:  1.19 kB
2026-10-05T06:25:40.9918342Z [WebServer] .svelte-kit/output/server/chunks/session.js                                                                     2.65 kB │ gzip:  1.10 kB
2026-10-05T06:25:40.9920043Z [WebServer] .svelte-kit/output/server/entries/endpoints/api/sections/_slug_/_server.ts.js                                   2.66 kB │ gzip:  0.71 kB
2026-10-05T06:25:40.9922062Z [WebServer] .svelte-kit/output/server/entries/endpoints/api/widget-areas/_server.ts.js                                      2.69 kB │ gzip:  0.99 kB
2026-10-05T06:25:40.9924583Z [WebServer] .svelte-kit/output/server/chunks/state.js                                                                       2.76 kB │ gzip:  1.15 kB
2026-10-05T06:25:40.9926360Z [WebServer] .svelte-kit/output/server/entries/endpoints/api/bylines/_server.ts.js                                           2.88 kB │ gzip:  1.08 kB
2026-10-05T06:25:40.9928079Z [WebServer] .svelte-kit/output/server/chunks/types2.js                                                                      2.92 kB │ gzip:  1.23 kB
2026-10-05T06:25:40.9929722Z [WebServer] .svelte-kit/output/server/chunks/schema-common.js                                                               2.93 kB │ gzip:  1.32 kB
2026-10-05T06:25:40.9931549Z [WebServer] .svelte-kit/output/server/entries/endpoints/api/bylines/_id_/_server.ts.js                                      2.98 kB │ gzip:  0.99 kB
2026-10-05T06:25:40.9933423Z [WebServer] .svelte-kit/output/server/chunks/settings.js                                                                    2.99 kB │ gzip:  1.21 kB
2026-10-05T06:25:40.9935464Z [WebServer] .svelte-kit/output/server/chunks/types3.js                                                                      3.32 kB │ gzip:  1.38 kB
2026-10-05T06:25:40.9937324Z [WebServer] .svelte-kit/output/server/chunks/taxonomy-migrations.js                                                         3.35 kB │ gzip:  0.96 kB
2026-10-05T06:25:40.9939271Z [WebServer] .svelte-kit/output/server/chunks/dialect-helpers.js                                                             3.47 kB │ gzip:  1.51 kB
2026-10-05T06:25:40.9941095Z [WebServer] .svelte-kit/output/server/chunks/d1.js                                                                          3.51 kB │ gzip:  1.19 kB
2026-10-05T06:25:40.9942766Z [WebServer] .svelte-kit/output/server/chunks/field-handlers.js                                                              3.67 kB │ gzip:  0.93 kB
2026-10-05T06:25:40.9944817Z [WebServer] .svelte-kit/output/server/entries/endpoints/api/widget-areas/_name_/widgets/_id_/_server.ts.js                  3.85 kB │ gzip:  1.08 kB
2026-10-05T06:25:40.9946672Z [WebServer] .svelte-kit/output/server/chunks/types.js                                                                       3.90 kB │ gzip:  1.62 kB
2026-10-05T06:25:40.9948266Z [WebServer] .svelte-kit/output/server/chunks/node.js                                                                        3.93 kB │ gzip:  1.45 kB
2026-10-05T06:25:40.9949913Z [WebServer] .svelte-kit/output/server/chunks/request4.js                                                                    4.24 kB │ gzip:  1.74 kB
2026-10-05T06:25:40.9951634Z [WebServer] .svelte-kit/output/server/entries/pages/setup/_page.svelte.js                                                   4.41 kB │ gzip:  1.59 kB
2026-10-05T06:25:40.9953418Z [WebServer] .svelte-kit/output/server/chunks/runtime-client.js                                                              4.44 kB │ gzip:  1.42 kB
2026-10-05T06:25:40.9955342Z [WebServer] .svelte-kit/output/server/chunks/schemas3.js                                                                    4.54 kB │ gzip:  1.50 kB
2026-10-05T06:25:40.9957172Z [WebServer] .svelte-kit/output/server/entries/pages/comments/settings/_collection_/_page.svelte.js                          4.78 kB │ gzip:  1.52 kB
2026-10-05T06:25:40.9959119Z [WebServer] .svelte-kit/output/server/entries/pages/login/_page.svelte.js                                                   4.81 kB │ gzip:  1.65 kB
2026-10-05T06:25:40.9960933Z [WebServer] .svelte-kit/output/server/entries/pages/menus/_page.svelte.js                                                   4.98 kB │ gzip:  1.55 kB
2026-10-05T06:25:40.9962698Z [WebServer] .svelte-kit/output/server/chunks/namespace.js                                                                   5.00 kB │ gzip:  1.68 kB
2026-10-05T06:25:40.9964590Z [WebServer] .svelte-kit/output/server/chunks/manifest.js                                                                    5.25 kB │ gzip:  1.96 kB
2026-10-05T06:25:40.9966954Z [WebServer] .svelte-kit/output/server/entries/endpoints/api/content/_collection_/_id_/terms/_taxonomy_/_server.ts.js        5.29 kB │ gzip:  1.54 kB
2026-10-05T06:25:40.9969086Z [WebServer] .svelte-kit/output/server/entries/pages/content/_collection_/_id_/_page.svelte.js                               5.37 kB │ gzip:  1.40 kB
2026-10-05T06:25:40.9970999Z [WebServer] .svelte-kit/output/server/chunks/migration-provider.js                                                          5.68 kB │ gzip:  2.10 kB
2026-10-05T06:25:40.9972785Z [WebServer] .svelte-kit/output/server/chunks/auth.remote.js                                                                 5.88 kB │ gzip:  1.74 kB
2026-10-05T06:25:40.9974750Z [WebServer] .svelte-kit/output/server/chunks/schemas2.js                                                                    5.99 kB │ gzip:  1.66 kB
2026-10-05T06:25:40.9976482Z [WebServer] .svelte-kit/output/server/chunks/client.js                                                                      6.04 kB │ gzip:  2.40 kB
2026-10-05T06:25:40.9978259Z [WebServer] .svelte-kit/output/server/chunks/MenuDialog.js                                                                  6.05 kB │ gzip:  1.45 kB
2026-10-05T06:25:40.9980117Z [WebServer] .svelte-kit/output/server/entries/pages/schema/_page.svelte.js                                                  6.39 kB │ gzip:  1.82 kB
2026-10-05T06:25:40.9982001Z [WebServer] .svelte-kit/output/server/entries/pages/schema/_manage/_page.svelte.js                                          6.99 kB │ gzip:  2.03 kB
2026-10-05T06:25:40.9983722Z [WebServer] .svelte-kit/output/server/chunks/exports.js                                                                     7.06 kB │ gzip:  2.20 kB
2026-10-05T06:25:40.9985579Z [WebServer] .svelte-kit/output/server/chunks/admin.js                                                                       7.21 kB │ gzip:  1.76 kB
2026-10-05T06:25:40.9987230Z [WebServer] .svelte-kit/output/server/chunks/zod-generator.js                                                               7.30 kB │ gzip:  2.48 kB
2026-10-05T06:25:40.9989021Z [WebServer] .svelte-kit/output/server/entries/endpoints/api/calendar/_server.ts.js                                          7.89 kB │ gzip:  3.16 kB
2026-10-05T06:25:40.9990885Z [WebServer] .svelte-kit/output/server/entries/pages/trash/_collection_/_page.svelte.js                                      9.18 kB │ gzip:  2.68 kB
2026-10-05T06:25:40.9992665Z [WebServer] .svelte-kit/output/server/chunks/routing.js                                                                     9.48 kB │ gzip:  3.15 kB
2026-10-05T06:25:40.9994920Z [WebServer] .svelte-kit/output/server/entries/pages/content/_collection_/_page.svelte.js                                    9.56 kB │ gzip:  1.87 kB
2026-10-05T06:25:40.9996320Z [WebServer] .svelte-kit/output/server/chunks/i18n-resolve.js                                                                9.77 kB │ gzip:  3.81 kB
2026-10-05T06:25:40.9997474Z [WebServer] .svelte-kit/output/server/chunks/taxonomies.js                                                                  9.92 kB │ gzip:  3.58 kB
2026-10-05T06:25:40.9998660Z [WebServer] .svelte-kit/output/server/entries/pages/redirects/_page.svelte.js                                              10.08 kB │ gzip:  2.74 kB
2026-10-05T06:25:40.9999808Z [WebServer] .svelte-kit/output/server/chunks/schemas4.js                                                                   10.23 kB │ gzip:  2.61 kB
2026-10-05T06:25:41.0000990Z [WebServer] .svelte-kit/output/server/entries/endpoints/api/taxonomies/bulk-tag/_server.ts.js                              10.52 kB │ gzip:  3.15 kB
2026-10-05T06:25:41.0002154Z [WebServer] .svelte-kit/output/server/chunks/shared.js                                                                     11.28 kB │ gzip:  3.51 kB
2026-10-05T06:25:41.0003235Z [WebServer] .svelte-kit/output/server/chunks/object-cache.js                                                               11.39 kB │ gzip:  4.01 kB
2026-10-05T06:25:41.0004871Z [WebServer] .svelte-kit/output/server/chunks/schemas.js                                                                    11.98 kB │ gzip:  3.88 kB
2026-10-05T06:25:41.0006077Z [WebServer] .svelte-kit/output/server/entries/pages/content/_collection_/_id_/workflow/_page.svelte.js                     12.84 kB │ gzip:  2.27 kB
2026-10-05T06:25:41.0007218Z [WebServer] .svelte-kit/output/server/entries/pages/widgets/_page.svelte.js                                                13.24 kB │ gzip:  3.31 kB
2026-10-05T06:25:41.0008253Z [WebServer] .svelte-kit/output/server/chunks/schema.remote.js                                                              13.32 kB │ gzip:  3.36 kB
2026-10-05T06:25:41.0009279Z [WebServer] .svelte-kit/output/server/chunks/WorkspaceShell.js                                                             13.48 kB │ gzip:  3.54 kB
2026-10-05T06:25:41.0010332Z [WebServer] .svelte-kit/output/server/entries/pages/comments/_page.svelte.js                                               13.73 kB │ gzip:  3.66 kB
2026-10-05T06:25:41.0011396Z [WebServer] .svelte-kit/output/server/chunks/EditorForm.js                                                                 19.22 kB │ gzip:  5.36 kB
2026-10-05T06:25:41.0012451Z [WebServer] .svelte-kit/output/server/entries/pages/menus/_name_/_page.svelte.js                                           20.49 kB │ gzip:  5.20 kB
2026-10-05T06:25:41.0013558Z [WebServer] .svelte-kit/output/server/entries/pages/schema/_collection_/_page.svelte.js                                    20.66 kB │ gzip:  3.59 kB
2026-10-05T06:25:41.0014922Z [WebServer] .svelte-kit/output/server/chunks/content.remote.js                                                             20.89 kB │ gzip:  4.48 kB
2026-10-05T06:25:41.0015990Z [WebServer] .svelte-kit/output/server/chunks/collection-indexes.js                                                         21.94 kB │ gzip:  5.84 kB
2026-10-05T06:25:41.0017002Z [WebServer] .svelte-kit/output/server/chunks/registry.js                                                                   23.17 kB │ gzip:  5.91 kB
2026-10-05T06:25:41.0017999Z [WebServer] .svelte-kit/output/server/chunks/http.js                                                                       24.75 kB │ gzip:  7.34 kB
2026-10-05T06:25:41.0018963Z [WebServer] .svelte-kit/output/server/chunks/error.js                                                                      26.57 kB │ gzip:  5.92 kB
2026-10-05T06:25:41.0019923Z [WebServer] .svelte-kit/output/server/chunks/parse.js                                                                      28.03 kB │ gzip:  6.49 kB
2026-10-05T06:25:41.0020914Z [WebServer] .svelte-kit/output/server/chunks/repository.js                                                                 28.50 kB │ gzip:  8.02 kB
2026-10-05T06:25:41.0021906Z [WebServer] .svelte-kit/output/server/chunks/handlers2.js                                                                  30.53 kB │ gzip:  7.65 kB
2026-10-05T06:25:41.0022921Z [WebServer] .svelte-kit/output/server/chunks/sql-recognition.js                                                            30.55 kB │ gzip:  4.86 kB
2026-10-05T06:25:41.0023925Z [WebServer] .svelte-kit/output/server/chunks/schema2.js                                                                    30.93 kB │ gzip:  9.94 kB
2026-10-05T06:25:41.0025051Z [WebServer] .svelte-kit/output/server/chunks/handlers.js                                                                   34.24 kB │ gzip:  7.90 kB
2026-10-05T06:25:41.0026071Z [WebServer] .svelte-kit/output/server/chunks/identity-request.js                                                           35.41 kB │ gzip:  9.03 kB
2026-10-05T06:25:41.0027081Z [WebServer] .svelte-kit/output/server/chunks/runtime.js                                                                    36.87 kB │ gzip:  9.71 kB
2026-10-05T06:25:41.0028107Z [WebServer] .svelte-kit/output/server/chunks/request3.js                                                                   36.99 kB │ gzip:  9.55 kB
2026-10-05T06:25:41.0029411Z [WebServer] .svelte-kit/output/server/entries/hooks.server.js                                                              37.44 kB │ gzip: 11.65 kB
2026-10-05T06:25:41.0030417Z [WebServer] .svelte-kit/output/server/chunks/utils.js                                                                      37.62 kB │ gzip: 10.86 kB
2026-10-05T06:25:41.0031407Z [WebServer] .svelte-kit/output/server/chunks/internal.js                                                                   43.50 kB │ gzip: 11.96 kB
2026-10-05T06:25:41.0032431Z [WebServer] .svelte-kit/output/server/chunks/ContentTypeEditor.js                                                          44.01 kB │ gzip:  8.51 kB
2026-10-05T06:25:41.0033466Z [WebServer] .svelte-kit/output/server/chunks/artifacts.js                                                                  51.29 kB │ gzip: 15.22 kB
2026-10-05T06:25:41.0034766Z [WebServer] .svelte-kit/output/server/chunks/bylines.js                                                                    51.61 kB │ gzip: 14.23 kB
2026-10-05T06:25:41.0035815Z [WebServer] .svelte-kit/output/server/chunks/request2.js                                                                   52.19 kB │ gzip: 15.18 kB
2026-10-05T06:25:41.0036809Z [WebServer] .svelte-kit/output/server/chunks/remote.js                                                                     55.69 kB │ gzip: 12.17 kB
2026-10-05T06:25:41.0037801Z [WebServer] .svelte-kit/output/server/chunks/service.js                                                                    82.20 kB │ gzip: 18.79 kB
2026-10-05T06:25:41.0038808Z [WebServer] .svelte-kit/output/server/chunks/migrations.js                                                                101.42 kB │ gzip: 23.91 kB
2026-10-05T06:25:41.0039801Z [WebServer] .svelte-kit/output/server/chunks/content.js                                                                   114.23 kB │ gzip: 26.83 kB
2026-10-05T06:25:41.0040779Z [WebServer] .svelte-kit/output/server/chunks/async.js                                                                     122.95 kB │ gzip: 31.90 kB
2026-10-05T06:25:41.0041749Z [WebServer] .svelte-kit/output/server/index.js                                                                            133.19 kB │ gzip: 33.31 kB
2026-10-05T06:25:41.0042925Z [WebServer] .svelte-kit/output/server/chunks/registry2.js                                                                 162.17 kB │ gzip: 30.31 kB
2026-10-05T06:25:41.0043438Z [WebServer] 
2026-10-05T06:25:41.0043712Z [WebServer] ✓ built in 4.55s
2026-10-05T06:25:41.0043956Z [WebServer] 
2026-10-05T06:25:41.0044341Z [WebServer] Run npm run preview to preview your production build locally.
2026-10-05T06:25:41.0045393Z [WebServer] [PLUGIN_TIMINGS] JavaScript callbacks ran for 4.4s of this 4.5s build (96%).
2026-10-05T06:25:41.0046326Z [WebServer] The slowest callbacks, timed inside each callback (the wait before a callback starts is excluded, the time it awaits is included):
2026-10-05T06:25:41.0047183Z [WebServer]   - plugin vite-plugin-sveltekit-compile writeBundle (72%, 3.3s, 1 call)
2026-10-05T06:25:41.0047917Z [WebServer] Additional callback time came from the callbacks below and from callbacks under 1s.
2026-10-05T06:25:41.0049038Z [WebServer] 1 callback is listed without a time. Its calls overlapped, so the time inside one call includes work from other calls. To find its cost, profile the build with `node --cpu-prof`:
2026-10-05T06:25:41.0049970Z [WebServer]   - plugin vite-plugin-sveltekit-guard resolveId (2150 calls)
2026-10-05T06:25:41.0050702Z [WebServer] See https://rolldown.rs/reference/InputOptions.checks#bundlertimings for more details.
2026-10-05T06:25:41.0051175Z [WebServer] 
2026-10-05T06:25:41.0051372Z [WebServer] 
2026-10-05T06:25:41.0051637Z [WebServer] > Using @sveltejs/adapter-auto
2026-10-05T06:25:41.0052567Z [WebServer]   Could not detect a supported production environment. See https://svelte.dev/docs/kit/adapters to learn how to configure your app to run on the platform of your choosing
2026-10-05T06:25:41.0053534Z [WebServer]   ✔ done
2026-10-05T06:25:41.2688594Z 2026-10-05T06:25:41.267Z pw:webserver HTTP GET: http://127.0.0.1:4174/cms
2026-10-05T06:25:41.2690139Z 2026-10-05T06:25:41.268Z pw:webserver Error while checking if http://127.0.0.1:4174/cms is available: connect ECONNREFUSED 127.0.0.1:4174
2026-10-05T06:25:41.2691245Z 2026-10-05T06:25:41.268Z pw:webserver Waiting 1000ms
2026-10-05T06:25:41.8014168Z [WebServer]   ➜  Local:   http://127.0.0.1:4174/cms
2026-10-05T06:25:42.2692290Z 2026-10-05T06:25:42.268Z pw:webserver HTTP GET: http://127.0.0.1:4174/cms
2026-10-05T06:25:42.3536585Z 2026-10-05T06:25:42.353Z pw:webserver HTTP Status: 200
2026-10-05T06:25:42.3540451Z 2026-10-05T06:25:42.353Z pw:webserver WebServer available
2026-10-05T06:25:43.3248288Z 
2026-10-05T06:25:43.3249083Z Running 65 tests using 1 worker
2026-10-05T06:25:45.1817941Z   pw:browser <launching> /home/runner/.cache/ms-playwright/chromium_headless_shell-1243/chrome-headless-shell-linux64/chrome-headless-shell --disable-field-trial-config --disable-background-networking --disable-background-timer-throttling --disable-backgrounding-occluded-windows --disable-back-forward-cache --disable-breakpad --disable-client-side-phishing-detection --disable-component-extensions-with-background-pages --disable-component-update --no-default-browser-check --disable-default-apps --disable-dev-shm-usage --disable-edgeupdater --disable-extensions --disable-features=AvoidUnnecessaryBeforeUnloadCheckSync,DestroyProfileOnBrowserClose,DialMediaRouteProvider,GlobalMediaControls,HttpsUpgrades,LensOverlay,MediaRouter,PaintHolding,ThirdPartyStoragePartitioning,BlockOriginHeaderModificationOnRedirect,Translate,AutoDeElevate,OptimizationHints,msForceBrowserSignIn,msEdgeUpdateLaunchServicesPreferredVersion --enable-features=CDPScreenshotNewSurface --allow-pre-commit-input --disable-hang-monitor --disable-ipc-flooding-protection --disable-popup-blocking --disable-prompt-on-repost --disable-renderer-backgrounding --disable-updater-scheduler --force-color-profile=srgb --metrics-recording-only --no-first-run --password-store=basic --use-mock-keychain --no-service-autorun --export-tagged-pdf --disable-search-engine-choice-screen --unsafely-disable-devtools-self-xss-warnings --edge-skip-compat-layer-relaunch --disable-infobars --disable-search-engine-choice-screen --disable-sync --enable-unsafe-swiftshader --headless --hide-scrollbars --mute-audio --blink-settings=primaryHoverType=2,availableHoverTypes=2,primaryPointerType=4,availablePointerTypes=4 --user-data-dir=/tmp/playwright_chromiumdev_profile-5p71WH --remote-debugging-pipe --no-startup-window +0ms
2026-10-05T06:25:45.1925459Z   pw:browser <launched> pid=5725 +12ms
2026-10-05T06:25:45.2578833Z   pw:browser [pid=5725][err] [1005/062545.255673:ERROR:dbus/bus.cc:405] Failed to connect to the bus: Could not parse server address: Unknown address type (examples of valid types are "tcp" and on UNIX "unix") +68ms
2026-10-05T06:25:45.2705448Z   pw:browser [pid=5725][err] [1005/062545.266786:ERROR:dbus/object_proxy.cc:572] Failed to call method: org.freedesktop.DBus.NameHasOwner: object_path= /org/freedesktop/DBus: unknown error type:  +11ms
2026-10-05T06:25:45.2731582Z   pw:browser [pid=5725][err] [1005/062545.267395:ERROR:dbus/bus.cc:405] Failed to connect to the bus: Could not parse server address: Unknown address type (examples of valid types are "tcp" and on UNIX "unix") +0ms
2026-10-05T06:25:45.2763969Z   pw:browser [pid=5725][err] [1005/062545.273132:ERROR:dbus/object_proxy.cc:572] Failed to call method: org.freedesktop.DBus.NameHasOwner: object_path= /org/freedesktop/DBus: unknown error type:  +6ms
2026-10-05T06:25:45.2797367Z   pw:browser [pid=5725][err] [1005/062545.274805:WARNING:media/gpu/vaapi/vaapi_wrapper.cc:1660] drmGetDevices2() has not found any devices +1ms
2026-10-05T06:25:45.2842647Z   pw:browser [pid=5725][err] [1005/062545.276909:WARNING:sandbox/policy/linux/sandbox_linux.cc:405] InitializeSandbox() called with multiple threads in process gpu-process. +7ms
2026-10-05T06:26:24.4057168Z   pw:browser [pid=5725][err] [1005/062624.402814:INFO:CONSOLE:934] "[vite] connecting...", source: http://127.0.0.1:33011/@vite/client (934) +39s
2026-10-05T06:26:24.4216236Z   pw:browser [pid=5725][err] [1005/062624.420708:INFO:CONSOLE:1047] "[vite] connected.", source: http://127.0.0.1:33011/@vite/client (1047) +18ms
2026-10-05T06:26:24.7472403Z   pw:browser [pid=5725][err] [1005/062624.746072:INFO:CONSOLE:1082] "[vite] server connection lost. Polling for restart...", source: http://127.0.0.1:33011/@vite/client (1082) +325ms
2026-10-05T06:26:35.3849176Z   pw:browser [pid=5725][err] [1005/062635.384004:INFO:CONSOLE:1] "Uncaught TypeError: Failed to fetch", source: http://localhost:35471/_app/immutable/chunks/Bl_xBNqa.js (1) +11s
2026-10-05T06:26:35.3851536Z   pw:browser [pid=5725][err] [1005/062635.384157:INFO:CONSOLE:1] "Uncaught TypeError: Failed to fetch", source: http://localhost:35471/_app/immutable/chunks/Bl_xBNqa.js (1) +0ms
2026-10-05T06:26:36.3244968Z   pw:browser [pid=5725][err] [1005/062636.323823:INFO:CONSOLE:1] "Uncaught TypeError: Failed to fetch", source: http://localhost:35471/_app/immutable/chunks/Bl_xBNqa.js (1) +939ms
2026-10-05T06:26:37.5370461Z   pw:browser [pid=5725][err] [1005/062637.536427:INFO:CONSOLE:1] "Uncaught TypeError: Failed to fetch", source: http://localhost:39085/_app/immutable/chunks/Bl_xBNqa.js (1) +1s
2026-10-05T06:26:37.5376332Z   pw:browser [pid=5725][err] [1005/062637.536903:INFO:CONSOLE:1] "Uncaught TypeError: Failed to fetch", source: http://localhost:39085/_app/immutable/chunks/Bl_xBNqa.js (1) +1ms
2026-10-05T06:26:40.6251679Z   pw:browser [pid=5725][err] [1005/062640.624380:INFO:CONSOLE:1] "Uncaught TypeError: Failed to fetch", source: http://localhost:33895/_app/immutable/chunks/Bl_xBNqa.js (1) +3s
2026-10-05T06:26:40.6253870Z   pw:browser [pid=5725][err] [1005/062640.624548:INFO:CONSOLE:1] "Uncaught TypeError: Failed to fetch", source: http://localhost:33895/_app/immutable/chunks/Bl_xBNqa.js (1) +0ms
2026-10-05T06:26:54.0134626Z   pw:browser [pid=5725][err] [1005/062654.012601:INFO:CONSOLE:12] "Avoid using `history.pushState(...)` and `history.replaceState(...)` as these will conflict with SvelteKit's router. Use the `pushState` and `replaceState` imports from `$app/navigation` instead.", source: http://127.0.0.1:33929/cms/_app/immutable/chunks/OYnoX1HK.js (12) +13s
2026-10-05T06:26:54.0802994Z   pw:browser [pid=5725][err] [1005/062654.079332:INFO:CONSOLE:12] "[svelte] await_waterfall
2026-10-05T06:26:54.0806434Z   pw:browser [pid=5725][err] An async derived, `loadedNavigation` (src/​lib/​ui/​WorkspaceShell.svelte:19:27) was not read immediately after it resolved. This often indicates an unnecessary waterfall, which can slow down your app
2026-10-05T06:26:54.0809340Z   pw:browser [pid=5725][err] https://svelte.dev/e/await_waterfall font-weight: bold font-weight: normal", source: http://127.0.0.1:33929/cms/_app/immutable/chunks/OYnoX1HK.js (12) +0ms
2026-10-05T06:26:54.1986274Z   pw:browser [pid=5725][err] [1005/062654.197704:INFO:CONSOLE:12] "[svelte] await_waterfall
2026-10-05T06:26:54.1997497Z   pw:browser [pid=5725][err] An async derived, `loadedNavigation` (src/​lib/​ui/​WorkspaceShell.svelte:19:27) was not read immediately after it resolved. This often indicates an unnecessary waterfall, which can slow down your app
2026-10-05T06:26:54.2026696Z   pw:browser [pid=5725][err] https://svelte.dev/e/await_waterfall font-weight: bold font-weight: normal", source: http://127.0.0.1:33929/cms/_app/immutable/chunks/OYnoX1HK.js (12) +0ms
2026-10-05T06:26:54.3151383Z   pw:browser [pid=5725][err] [1005/062654.314622:INFO:CONSOLE:12] "[svelte] await_waterfall
2026-10-05T06:26:54.3154002Z   pw:browser [pid=5725][err] An async derived, `loadedNavigation` (src/​lib/​ui/​WorkspaceShell.svelte:19:27) was not read immediately after it resolved. This often indicates an unnecessary waterfall, which can slow down your app
2026-10-05T06:26:54.3156517Z   pw:browser [pid=5725][err] https://svelte.dev/e/await_waterfall font-weight: bold font-weight: normal", source: http://127.0.0.1:33929/cms/_app/immutable/chunks/OYnoX1HK.js (12) +0ms
2026-10-05T06:26:54.3936716Z   pw:browser [pid=5725][err] [1005/062654.392474:INFO:CONSOLE:12] "[svelte] await_waterfall
2026-10-05T06:26:54.3939658Z   pw:browser [pid=5725][err] An async derived, `loadedNavigation` (src/​lib/​ui/​WorkspaceShell.svelte:19:27) was not read immediately after it resolved. This often indicates an unnecessary waterfall, which can slow down your app
2026-10-05T06:26:54.3942805Z   pw:browser [pid=5725][err] https://svelte.dev/e/await_waterfall font-weight: bold font-weight: normal", source: http://127.0.0.1:33929/cms/_app/immutable/chunks/OYnoX1HK.js (12) +0ms
2026-10-05T06:26:54.5937638Z   pw:browser [pid=5725][err] [1005/062654.592933:INFO:CONSOLE:12] "[svelte] await_waterfall
2026-10-05T06:26:54.5942886Z   pw:browser [pid=5725][err] An async derived, `loadedNavigation` (src/​lib/​ui/​WorkspaceShell.svelte:19:27) was not read immediately after it resolved. This often indicates an unnecessary waterfall, which can slow down your app
2026-10-05T06:26:54.5945474Z   pw:browser [pid=5725][err] https://svelte.dev/e/await_waterfall font-weight: bold font-weight: normal", source: http://127.0.0.1:33929/cms/_app/immutable/chunks/OYnoX1HK.js (12) +0ms
2026-10-05T06:26:54.7073550Z   pw:browser [pid=5725][err] [1005/062654.706763:INFO:CONSOLE:12] "[svelte] await_waterfall
2026-10-05T06:26:54.7076245Z   pw:browser [pid=5725][err] An async derived, `loadedNavigation` (src/​lib/​ui/​WorkspaceShell.svelte:19:27) was not read immediately after it resolved. This often indicates an unnecessary waterfall, which can slow down your app
2026-10-05T06:26:54.7078001Z   pw:browser [pid=5725][err] https://svelte.dev/e/await_waterfall font-weight: bold font-weight: normal", source: http://127.0.0.1:33929/cms/_app/immutable/chunks/OYnoX1HK.js (12) +0ms
2026-10-05T06:26:54.7934707Z   pw:browser [pid=5725][err] [1005/062654.792604:INFO:CONSOLE:12] "[svelte] await_waterfall
2026-10-05T06:26:54.7944037Z   pw:browser [pid=5725][err] An async derived, `loadedNavigation` (src/​lib/​ui/​WorkspaceShell.svelte:19:27) was not read immediately after it resolved. This often indicates an unnecessary waterfall, which can slow down your app
2026-10-05T06:26:54.7947671Z   pw:browser [pid=5725][err] https://svelte.dev/e/await_waterfall font-weight: bold font-weight: normal", source: http://127.0.0.1:33929/cms/_app/immutable/chunks/OYnoX1HK.js (12) +0ms
2026-10-05T06:26:54.8751443Z   pw:browser [pid=5725][err] [1005/062654.874319:INFO:CONSOLE:12] "[svelte] await_waterfall
2026-10-05T06:26:54.8757012Z   pw:browser [pid=5725][err] An async derived, `loadedNavigation` (src/​lib/​ui/​WorkspaceShell.svelte:19:27) was not read immediately after it resolved. This often indicates an unnecessary waterfall, which can slow down your app
2026-10-05T06:26:54.8760868Z   pw:browser [pid=5725][err] https://svelte.dev/e/await_waterfall font-weight: bold font-weight: normal", source: http://127.0.0.1:33929/cms/_app/immutable/chunks/OYnoX1HK.js (12) +0ms
2026-10-05T06:26:55.0850890Z   pw:browser [pid=5725][err] [1005/062655.082818:INFO:CONSOLE:12] "[svelte] await_waterfall
2026-10-05T06:26:55.0853495Z   pw:browser [pid=5725][err] An async derived, `loadedNavigation` (src/​lib/​ui/​WorkspaceShell.svelte:19:27) was not read immediately after it resolved. This often indicates an unnecessary waterfall, which can slow down your app
2026-10-05T06:26:55.0857611Z   pw:browser [pid=5725][err] https://svelte.dev/e/await_waterfall font-weight: bold font-weight: normal", source: http://127.0.0.1:33929/cms/_app/immutable/chunks/OYnoX1HK.js (12) +0ms
2026-10-05T06:26:55.6863538Z   pw:browser [pid=5725][err] [1005/062655.682674:INFO:CONSOLE:12] "Avoid using `history.pushState(...)` and `history.replaceState(...)` as these will conflict with SvelteKit's router. Use the `pushState` and `replaceState` imports from `$app/navigation` instead.", source: http://127.0.0.1:43369/cms/_app/immutable/chunks/OYnoX1HK.js (12) +601ms
2026-10-05T06:26:55.7561919Z   pw:browser [pid=5725][err] [1005/062655.754750:INFO:CONSOLE:12] "[svelte] await_waterfall
2026-10-05T06:26:55.7568395Z   pw:browser [pid=5725][err] An async derived, `loadedNavigation` (src/​lib/​ui/​WorkspaceShell.svelte:19:27) was not read immediately after it resolved. This often indicates an unnecessary waterfall, which can slow down your app
2026-10-05T06:26:55.7571397Z   pw:browser [pid=5725][err] https://svelte.dev/e/await_waterfall font-weight: bold font-weight: normal", source: http://127.0.0.1:43369/cms/_app/immutable/chunks/OYnoX1HK.js (12) +0ms
2026-10-05T06:27:11.6436591Z   pw:browser [pid=5725][err] [1005/062711.639685:INFO:CONSOLE:934] "[vite] connecting...", source: http://127.0.0.1:38729/@vite/client (934) +16s
2026-10-05T06:27:11.6603058Z   pw:browser [pid=5725][err] [1005/062711.659151:INFO:CONSOLE:1047] "[vite] connected.", source: http://127.0.0.1:38729/@vite/client (1047) +17ms
2026-10-05T06:27:11.8518204Z   pw:browser [pid=5725][err] [1005/062711.851192:INFO:CONSOLE:1082] "[vite] server connection lost. Polling for restart...", source: http://127.0.0.1:38729/@vite/client (1082) +192ms
2026-10-05T06:27:47.3762732Z   pw:browser [pid=5725][err] [1005/062747.368386:INFO:CONSOLE:934] "[vite] connecting...", source: http://127.0.0.1:38789/@vite/client (934) +36s
2026-10-05T06:27:47.4147624Z   pw:browser [pid=5725][err] [1005/062747.413189:INFO:CONSOLE:1047] "[vite] connected.", source: http://127.0.0.1:38789/@vite/client (1047) +40ms
2026-10-05T06:27:47.4951640Z   pw:browser [pid=5725][err] [1005/062747.494612:INFO:CONSOLE:25] "[svelte] await_waterfall
2026-10-05T06:27:47.4959422Z   pw:browser [pid=5725][err] An async derived, `loadedNavigation` (src/​lib/​ui/​WorkspaceShell.svelte:19:27) was not read immediately after it resolved. This often indicates an unnecessary waterfall, which can slow down your app
2026-10-05T06:27:47.4962302Z   pw:browser [pid=5725][err] https://svelte.dev/e/await_waterfall font-weight: bold font-weight: normal", source: http://127.0.0.1:38789/@fs/tmp/cms-workspace-vite-p7Ummg/deps/warnings-DKDLWUBC.js?v=a984bb3d (25) +0ms
2026-10-05T06:27:47.5990888Z   pw:browser [pid=5725][err] [1005/062747.597827:INFO:CONSOLE:934] "[vite] connecting...", source: http://127.0.0.1:38789/@vite/client (934) +104ms
2026-10-05T06:27:47.6596326Z   pw:browser [pid=5725][err] [1005/062747.656679:INFO:CONSOLE:1047] "[vite] connected.", source: http://127.0.0.1:38789/@vite/client (1047) +60ms
2026-10-05T06:27:47.7018274Z   pw:browser [pid=5725][err] [1005/062747.700917:INFO:CONSOLE:25] "[svelte] await_waterfall
2026-10-05T06:27:47.7021758Z   pw:browser [pid=5725][err] An async derived, `loadedNavigation` (src/​lib/​ui/​WorkspaceShell.svelte:19:27) was not read immediately after it resolved. This often indicates an unnecessary waterfall, which can slow down your app
2026-10-05T06:27:47.7025520Z   pw:browser [pid=5725][err] https://svelte.dev/e/await_waterfall font-weight: bold font-weight: normal", source: http://127.0.0.1:38789/@fs/tmp/cms-workspace-vite-p7Ummg/deps/warnings-DKDLWUBC.js?v=a984bb3d (25) +0ms
2026-10-05T06:27:47.9026031Z   pw:browser [pid=5725][err] [1005/062747.900027:INFO:CONSOLE:934] "[vite] connecting...", source: http://127.0.0.1:38789/@vite/client (934) +201ms
2026-10-05T06:27:47.9639253Z   pw:browser [pid=5725][err] [1005/062747.961411:INFO:CONSOLE:1047] "[vite] connected.", source: http://127.0.0.1:38789/@vite/client (1047) +61ms
2026-10-05T06:27:47.9945062Z   pw:browser [pid=5725][err] [1005/062747.992409:INFO:CONSOLE:25] "[svelte] await_waterfall
2026-10-05T06:27:47.9947648Z   pw:browser [pid=5725][err] An async derived, `loadedNavigation` (src/​lib/​ui/​WorkspaceShell.svelte:19:27) was not read immediately after it resolved. This often indicates an unnecessary waterfall, which can slow down your app
2026-10-05T06:27:47.9950111Z   pw:browser [pid=5725][err] https://svelte.dev/e/await_waterfall font-weight: bold font-weight: normal", source: http://127.0.0.1:38789/@fs/tmp/cms-workspace-vite-p7Ummg/deps/warnings-DKDLWUBC.js?v=a984bb3d (25) +0ms
2026-10-05T06:27:48.1179670Z   pw:browser [pid=5725][err] [1005/062748.116921:INFO:CONSOLE:1082] "[vite] server connection lost. Polling for restart...", source: http://127.0.0.1:38789/@vite/client (1082) +123ms
2026-10-05T06:28:08.3378203Z   pw:browser [pid=5725] <gracefully close start> +20s
2026-10-05T06:28:08.3598624Z   pw:browser [pid=5725] <process did exit: exitCode=0, signal=null> +22ms
2026-10-05T06:28:08.3599414Z   pw:browser [pid=5725] starting temporary directories cleanup +0ms
2026-10-05T06:28:08.3627835Z   pw:browser [pid=5725] finished temporary directories cleanup +3ms
2026-10-05T06:28:08.3628801Z   pw:browser [pid=5725] <gracefully close end> +0ms
2026-10-05T06:28:08.4928772Z 2026-10-05T06:28:08.492Z pw:webserver Terminating the WebServer
2026-10-05T06:28:08.5082786Z 2026-10-05T06:28:08.508Z pw:webserver Terminated the WebServer
2026-10-05T06:28:08.5083760Z 2026-10-05T06:28:08.508Z pw:webserver Terminating the WebServer
2026-10-05T06:28:08.5151420Z 2026-10-05T06:28:08.515Z pw:webserver Terminated the WebServer
2026-10-05T06:28:08.5160341Z ·································································
2026-10-05T06:28:08.5169735Z   65 passed (2.6m)
2026-10-05T06:28:08.5175448Z ##[notice]  65 passed (2.6m)
2026-10-05T06:28:08.6753217Z Post job cleanup.
2026-10-05T06:28:08.8302493Z (node:6988) [DEP0040] DeprecationWarning: The `punycode` module is deprecated. Please use a userland alternative instead.
2026-10-05T06:28:08.8303573Z (Use `node --trace-deprecation ...` to show where the warning was created)
2026-10-05T06:28:08.8307590Z Cache hit occurred on the primary key node-cache-Linux-x64-pnpm-e6917670f64f827355f07f294c19137a40dbbf752f792653d0f63c369d3d3049, not saving cache.
2026-10-05T06:28:08.8422786Z Post job cleanup.
2026-10-05T06:28:09.0304870Z Pruning is unnecessary.
2026-10-05T06:28:09.0539449Z Post job cleanup.
2026-10-05T06:28:09.1630600Z [command]/usr/bin/git version
2026-10-05T06:28:09.1675280Z git version 2.55.0
2026-10-05T06:28:09.1731225Z Temporarily overriding HOME='/home/runner/work/_temp/b920093a-cd07-4fe7-9a42-14e0cb860690' before making global git config changes
2026-10-05T06:28:09.1732811Z Adding repository directory to the temporary git global config as a safe directory
2026-10-05T06:28:09.1737946Z [command]/usr/bin/git config --global --add safe.directory /home/runner/work/cms/cms
2026-10-05T06:28:09.1784674Z [command]/usr/bin/git config --local --name-only --get-regexp core\.sshCommand
2026-10-05T06:28:09.1823076Z [command]/usr/bin/git submodule foreach --recursive sh -c "git config --local --name-only --get-regexp 'core\.sshCommand' && git config --local --unset-all 'core.sshCommand' || :"
2026-10-05T06:28:09.2122466Z [command]/usr/bin/git config --local --name-only --get-regexp http\.https\:\/\/github\.com\/\.extraheader
2026-10-05T06:28:09.2162944Z http.https://github.com/.extraheader
2026-10-05T06:28:09.2171351Z [command]/usr/bin/git config --local --unset-all http.https://github.com/.extraheader
2026-10-05T06:28:09.2212100Z [command]/usr/bin/git submodule foreach --recursive sh -c "git config --local --name-only --get-regexp 'http\.https\:\/\/github\.com\/\.extraheader' && git config --local --unset-all 'http.https://github.com/.extraheader' || :"
2026-10-05T06:28:09.2516869Z [command]/usr/bin/git config --local --name-only --get-regexp ^includeIf\.gitdir:
2026-10-05T06:28:09.2570611Z [command]/usr/bin/git submodule foreach --recursive git config --local --show-origin --name-only --get-regexp remote.origin.url
2026-10-05T06:28:09.3016088Z Cleaning up orphan processes
2026-10-05T06:28:09.3386650Z ##[warning]Node.js 20 is deprecated. The following actions target Node.js 20 but are being forced to run on Node.js 24: actions/checkout@v4, actions/setup-node@v4, pnpm/action-setup@v4. For more information see: https://github.blog/changelog/2025-09-19-deprecation-of-node-20-on-github-actions-runners/
