2026-10-05T22:13:49.7642520Z Current runner version: '2.337.0'
2026-10-05T22:13:49.7655960Z ##[group]Runner Image Provisioner
2026-10-05T22:13:49.7656516Z Hosted Compute Agent
2026-10-05T22:13:49.7656839Z Version: 20260901.588
2026-10-05T22:13:49.7657177Z Commit: f88ec8081b781fac6c440065ac7ff9e710ce3d0b
2026-10-05T22:13:49.7657601Z Build Date: 2026-09-01T19:56:44Z
2026-10-05T22:13:49.7657982Z Worker ID: {9ac25fbe-e112-4ae4-83fb-ac80b72ca583}
2026-10-05T22:13:49.7658502Z Azure Region: centralus
2026-10-05T22:13:49.7658839Z ##[endgroup]
2026-10-05T22:13:49.7659532Z ##[group]Operating System
2026-10-05T22:13:49.7659893Z Ubuntu
2026-10-05T22:13:49.7660202Z 22.04.5
2026-10-05T22:13:49.7660491Z LTS
2026-10-05T22:13:49.7660785Z ##[endgroup]
2026-10-05T22:13:49.7661083Z ##[group]Runner Image
2026-10-05T22:13:49.7661425Z Image: ubuntu-22.04
2026-10-05T22:13:49.7661732Z Version: 20260927.309.1
2026-10-05T22:13:49.7662436Z Included Software: https://github.com/actions/runner-images/blob/ubuntu22/20260927.309/images/ubuntu/Ubuntu2204-Readme.md
2026-10-05T22:13:49.7663251Z Image Release: https://github.com/actions/runner-images/releases/tag/ubuntu22%2F20260927.309
2026-10-05T22:13:49.7663787Z ##[endgroup]
2026-10-05T22:13:49.7664393Z ##[group]GITHUB_TOKEN Permissions
2026-10-05T22:13:49.7665468Z Contents: read
2026-10-05T22:13:49.7665778Z Metadata: read
2026-10-05T22:13:49.7666075Z ##[endgroup]
2026-10-05T22:13:49.7667340Z Secret source: Actions
2026-10-05T22:13:49.7667839Z Cache mode: write
2026-10-05T22:13:49.7668446Z Prepare workflow directory
2026-10-05T22:13:49.7939343Z Prepare all required actions
2026-10-05T22:13:49.7982629Z Getting action download info
2026-10-05T22:13:50.0821085Z Download action repository 'actions/checkout@v4' (SHA:11d5960a326750d5838078e36cf38b85af677262)
2026-10-05T22:13:50.1712257Z Download action repository 'pnpm/action-setup@v4' (SHA:b906affcce14559ad1aafd4ab0e942779e9f58b1)
2026-10-05T22:13:50.6275462Z Download action repository 'actions/setup-node@v4' (SHA:49933ea5288caeca8642d1e84afbd3f7d6820020)
2026-10-05T22:13:50.7709233Z Download action repository 'actions/upload-artifact@v4' (SHA:ea165f8d65b6e75b540449e92b4886f43607fa02)
2026-10-05T22:13:50.9375525Z Complete job name: browser
2026-10-05T22:13:50.9785679Z ##[group]Run actions/checkout@v4
2026-10-05T22:13:50.9786153Z with:
2026-10-05T22:13:50.9786492Z   repository: sveltery/cms
2026-10-05T22:13:50.9788740Z   token: ***
2026-10-05T22:13:50.9789033Z   ssh-strict: true
2026-10-05T22:13:50.9789343Z   ssh-user: git
2026-10-05T22:13:50.9789640Z   persist-credentials: true
2026-10-05T22:13:50.9789959Z   clean: true
2026-10-05T22:13:50.9790290Z   sparse-checkout-cone-mode: true
2026-10-05T22:13:50.9790632Z   fetch-depth: 1
2026-10-05T22:13:50.9790932Z   fetch-tags: false
2026-10-05T22:13:50.9791242Z   show-progress: true
2026-10-05T22:13:50.9791531Z   lfs: false
2026-10-05T22:13:50.9791837Z   submodules: false
2026-10-05T22:13:50.9792142Z   set-safe-directory: true
2026-10-05T22:13:50.9792479Z   allow-unsafe-pr-checkout: false
2026-10-05T22:13:50.9792909Z ##[endgroup]
2026-10-05T22:13:51.0401947Z Syncing repository: sveltery/cms
2026-10-05T22:13:51.0403051Z ##[group]Getting Git version info
2026-10-05T22:13:51.0403496Z Working directory is '/home/runner/work/cms/cms'
2026-10-05T22:13:51.0436171Z [command]/usr/bin/git version
2026-10-05T22:13:51.0436697Z git version 2.55.0
2026-10-05T22:13:51.0447373Z ##[endgroup]
2026-10-05T22:13:51.0455755Z Temporarily overriding HOME='/home/runner/work/_temp/62507758-14b9-462d-b3a5-ef37223d164c' before making global git config changes
2026-10-05T22:13:51.0457127Z Adding repository directory to the temporary git global config as a safe directory
2026-10-05T22:13:51.0458648Z [command]/usr/bin/git config --global --add safe.directory /home/runner/work/cms/cms
2026-10-05T22:13:51.0477723Z Deleting the contents of '/home/runner/work/cms/cms'
2026-10-05T22:13:51.0480575Z ##[group]Initializing the repository
2026-10-05T22:13:51.0482605Z [command]/usr/bin/git init /home/runner/work/cms/cms
2026-10-05T22:13:51.0546171Z hint: Using 'master' as the name for the initial branch. This default branch name
2026-10-05T22:13:51.0547423Z hint: will change to "main" in Git 3.0. To configure the initial branch name
2026-10-05T22:13:51.0548643Z hint: to use in all of your new repositories, which will suppress this warning,
2026-10-05T22:13:51.0549440Z hint: call:
2026-10-05T22:13:51.0549921Z hint:
2026-10-05T22:13:51.0550898Z hint: 	git config --global init.defaultBranch <name>
2026-10-05T22:13:51.0551521Z hint:
2026-10-05T22:13:51.0552060Z hint: Names commonly chosen instead of 'master' are 'main', 'trunk' and
2026-10-05T22:13:51.0552932Z hint: 'development'. The just-created branch can be renamed via this command:
2026-10-05T22:13:51.0553639Z hint:
2026-10-05T22:13:51.0554022Z hint: 	git branch -m <name>
2026-10-05T22:13:51.0554360Z hint:
2026-10-05T22:13:51.0554715Z hint: Disable this message with "git config set advice.defaultBranchName false"
2026-10-05T22:13:51.0555228Z Initialized empty Git repository in /home/runner/work/cms/cms/.git/
2026-10-05T22:13:51.0556274Z [command]/usr/bin/git remote add origin https://github.com/sveltery/cms
2026-10-05T22:13:51.0580499Z ##[endgroup]
2026-10-05T22:13:51.0581347Z ##[group]Disabling automatic garbage collection
2026-10-05T22:13:51.0585155Z [command]/usr/bin/git config --local gc.auto 0
2026-10-05T22:13:51.0602900Z ##[endgroup]
2026-10-05T22:13:51.0603409Z ##[group]Setting up auth
2026-10-05T22:13:51.0607966Z [command]/usr/bin/git config --local --name-only --get-regexp core\.sshCommand
2026-10-05T22:13:51.0627391Z [command]/usr/bin/git submodule foreach --recursive sh -c "git config --local --name-only --get-regexp 'core\.sshCommand' && git config --local --unset-all 'core.sshCommand' || :"
2026-10-05T22:13:51.0797523Z [command]/usr/bin/git config --local --name-only --get-regexp http\.https\:\/\/github\.com\/\.extraheader
2026-10-05T22:13:51.0815814Z [command]/usr/bin/git submodule foreach --recursive sh -c "git config --local --name-only --get-regexp 'http\.https\:\/\/github\.com\/\.extraheader' && git config --local --unset-all 'http.https://github.com/.extraheader' || :"
2026-10-05T22:13:51.0917367Z [command]/usr/bin/git config --local --name-only --get-regexp ^includeIf\.gitdir:
2026-10-05T22:13:51.0933681Z [command]/usr/bin/git submodule foreach --recursive git config --local --show-origin --name-only --get-regexp remote.origin.url
2026-10-05T22:13:51.1024551Z [command]/usr/bin/git config --local http.https://github.com/.extraheader AUTHORIZATION: basic ***
2026-10-05T22:13:51.1043207Z ##[endgroup]
2026-10-05T22:13:51.1043866Z ##[group]Fetching the repository
2026-10-05T22:13:51.1047942Z [command]/usr/bin/git -c protocol.version=2 fetch --no-tags --prune --no-recurse-submodules --depth=1 origin +073f62235ac8662b7c6eb4ec0ea3182efd9cc1b8:refs/remotes/pull/115/merge
2026-10-05T22:13:52.3629570Z From https://github.com/sveltery/cms
2026-10-05T22:13:52.3632536Z  * [new ref]         073f62235ac8662b7c6eb4ec0ea3182efd9cc1b8 -> pull/115/merge
2026-10-05T22:13:52.3640348Z ##[endgroup]
2026-10-05T22:13:52.3643138Z ##[group]Determining the checkout info
2026-10-05T22:13:52.3645301Z ##[endgroup]
2026-10-05T22:13:52.3651937Z [command]/usr/bin/git sparse-checkout disable
2026-10-05T22:13:52.3676624Z [command]/usr/bin/git config --local --unset-all extensions.worktreeConfig
2026-10-05T22:13:52.3741885Z ##[group]Checking out the ref
2026-10-05T22:13:52.3750121Z [command]/usr/bin/git checkout --progress --force refs/remotes/pull/115/merge
2026-10-05T22:13:52.5778712Z Note: switching to 'refs/remotes/pull/115/merge'.
2026-10-05T22:13:52.5779526Z 
2026-10-05T22:13:52.5780162Z You are in 'detached HEAD' state. You can look around, make experimental
2026-10-05T22:13:52.5781728Z changes and commit them, and you can discard any commits you make in this
2026-10-05T22:13:52.5783616Z state without impacting any branches by switching back to a branch.
2026-10-05T22:13:52.5784722Z 
2026-10-05T22:13:52.5785481Z If you want to create a new branch to retain commits you create, you may
2026-10-05T22:13:52.5787236Z do so (now or later) by using -c with the switch command. Example:
2026-10-05T22:13:52.5788725Z 
2026-10-05T22:13:52.5789249Z   git switch -c <new-branch-name>
2026-10-05T22:13:52.5789971Z 
2026-10-05T22:13:52.5790458Z Or undo this operation with:
2026-10-05T22:13:52.5791129Z 
2026-10-05T22:13:52.5791534Z   git switch -
2026-10-05T22:13:52.5792069Z 
2026-10-05T22:13:52.5792888Z Turn off this advice by setting config variable advice.detachedHead to false
2026-10-05T22:13:52.5794076Z 
2026-10-05T22:13:52.5795473Z HEAD is now at 073f622 Merge a65d72e4facc3a3b4e12ad41c5830a0515f944f9 into 028dce4a9d71d47f9b9c9bb3e96d7496d11b70ec
2026-10-05T22:13:52.5799218Z ##[endgroup]
2026-10-05T22:13:52.5813508Z [command]/usr/bin/git log -1 --format=%H
2026-10-05T22:13:52.5826710Z 073f62235ac8662b7c6eb4ec0ea3182efd9cc1b8
2026-10-05T22:13:52.6031105Z ##[group]Run pnpm/action-setup@v4
2026-10-05T22:13:52.6031789Z with:
2026-10-05T22:13:52.6032311Z   version: 12.6.0
2026-10-05T22:13:52.6032869Z   dest: ~/setup-pnpm
2026-10-05T22:13:52.6033452Z   run_install: null
2026-10-05T22:13:52.6034031Z   cache: false
2026-10-05T22:13:52.6034620Z   cache_dependency_path: pnpm-lock.yaml
2026-10-05T22:13:52.6035391Z   package_json_file: package.json
2026-10-05T22:13:52.6036078Z   standalone: false
2026-10-05T22:13:52.6036643Z ##[endgroup]
2026-10-05T22:13:52.6803270Z ##[group]Running self-installer...
2026-10-05T22:13:52.9038200Z (node:1845) [DEP0169] DeprecationWarning: `url.parse()` behavior is not standardized and prone to errors that have security implications. Use the WHATWG URL API instead. CVEs are not issued for `url.parse()` vulnerabilities.
2026-10-05T22:13:52.9039802Z (Use `node --trace-deprecation ...` to show where the warning was created)
2026-10-05T22:13:53.1001676Z Progress: resolved 1, reused 0, downloaded 0, added 0
2026-10-05T22:13:53.2265183Z Packages: +3
2026-10-05T22:13:53.2265448Z +++
2026-10-05T22:13:53.7409658Z Progress: resolved 15, reused 0, downloaded 3, added 3, done
2026-10-05T22:13:53.7503791Z .../.pnpm/pnpm@12.6.0/node_modules/pnpm preinstall$ node install.js
2026-10-05T22:13:54.0676603Z .../.pnpm/pnpm@12.6.0/node_modules/pnpm preinstall: Done
2026-10-05T22:13:54.0679629Z .../.pnpm/pnpm@12.6.0/node_modules/pnpm postinstall$ node install.js
2026-10-05T22:13:54.0923120Z .../.pnpm/pnpm@12.6.0/node_modules/pnpm postinstall: Done
2026-10-05T22:13:54.9819413Z 
2026-10-05T22:13:54.9819924Z dependencies:
2026-10-05T22:13:54.9820195Z + pnpm 12.6.0 (12.9.1 is available)
2026-10-05T22:13:54.9820371Z 
2026-10-05T22:13:54.9833390Z Done in 2.2s
2026-10-05T22:13:55.0039894Z ##[endgroup]
2026-10-05T22:13:55.0040248Z Installation Completed!
2026-10-05T22:13:55.0143348Z ##[group]Run actions/setup-node@v4
2026-10-05T22:13:55.0143500Z with:
2026-10-05T22:13:55.0143611Z   node-version: 24
2026-10-05T22:13:55.0143724Z   cache: pnpm
2026-10-05T22:13:55.0143834Z   always-auth: false
2026-10-05T22:13:55.0143950Z   check-latest: false
2026-10-05T22:13:55.0145176Z   token: ***
2026-10-05T22:13:55.0145280Z env:
2026-10-05T22:13:55.0145419Z   PNPM_HOME: /home/runner/setup-pnpm/node_modules/.bin
2026-10-05T22:13:55.0145603Z ##[endgroup]
2026-10-05T22:13:55.0917994Z Found in cache @ /opt/hostedtoolcache/node/24.21.0/x64
2026-10-05T22:13:55.0920482Z (node:1875) [DEP0040] DeprecationWarning: The `punycode` module is deprecated. Please use a userland alternative instead.
2026-10-05T22:13:55.0921068Z (Use `node --trace-deprecation ...` to show where the warning was created)
2026-10-05T22:13:55.0922005Z ##[group]Environment details
2026-10-05T22:13:55.2817239Z node: v24.21.0
2026-10-05T22:13:55.2817472Z npm: 11.19.0
2026-10-05T22:13:55.2817584Z yarn: 1.22.22
2026-10-05T22:13:55.2818353Z ##[endgroup]
2026-10-05T22:13:55.2827779Z [command]/home/runner/setup-pnpm/node_modules/.bin/pnpm store path --silent
2026-10-05T22:13:55.2915789Z /home/runner/setup-pnpm/node_modules/.bin/store/v11
2026-10-05T22:13:55.4550426Z Cache hit for: node-cache-Linux-x64-pnpm-1b2c24200cfd1316e3dce863a9b3fb0280999a2d25c6d06742c40f0c6929ea4d
2026-10-05T22:13:55.4626267Z (node:1875) [DEP0169] DeprecationWarning: `url.parse()` behavior is not standardized and prone to errors that have security implications. Use the WHATWG URL API instead. CVEs are not issued for `url.parse()` vulnerabilities.
2026-10-05T22:13:56.5921958Z Received 134217728 of 179827376 (74.6%), 127.9 MBs/sec
2026-10-05T22:13:56.7490085Z Received 179827376 of 179827376 (100.0%), 148.2 MBs/sec
2026-10-05T22:13:56.7490826Z Cache Size: ~171 MB (179827376 B)
2026-10-05T22:13:56.7518726Z [command]/usr/bin/tar -xf /home/runner/work/_temp/1b247202-7a3e-4470-85a0-3977819be003/cache.tzst -P -C /home/runner/work/cms/cms --use-compress-program unzstd
2026-10-05T22:13:57.5152281Z Cache restored successfully
2026-10-05T22:13:57.5298474Z Cache restored from key: node-cache-Linux-x64-pnpm-1b2c24200cfd1316e3dce863a9b3fb0280999a2d25c6d06742c40f0c6929ea4d
2026-10-05T22:13:57.5390279Z ##[group]Run pnpm install --frozen-lockfile
2026-10-05T22:13:57.5390530Z [36;1mpnpm install --frozen-lockfile[0m
2026-10-05T22:13:57.5607146Z shell: /usr/bin/bash -e {0}
2026-10-05T22:13:57.5607300Z env:
2026-10-05T22:13:57.5607473Z   PNPM_HOME: /home/runner/setup-pnpm/node_modules/.bin
2026-10-05T22:13:57.5607654Z ##[endgroup]
2026-10-05T22:13:57.5950633Z ? Verifying lockfile against supply-chain policies (636 entries)...
2026-10-05T22:13:57.6881895Z Packages are hard linked from the content-addressable store to the virtual store.
2026-10-05T22:13:57.6888551Z   Content-addressable store is at: /home/runner/setup-pnpm/node_modules/.bin/store/v11
2026-10-05T22:13:57.6888896Z   Virtual store is at:             node_modules/.pnpm
2026-10-05T22:13:59.3412717Z ✓ Lockfile passes supply-chain policies (636 entries in 1.7s)
2026-10-05T22:13:59.3413066Z Lockfile is up to date, resolution step is skipped
2026-10-05T22:13:59.3487410Z Packages: +505
2026-10-05T22:13:59.3487875Z ++++++++++++++++++++++++++++++++++++++++++++++++++++++++++++++++++++++++++++++++
2026-10-05T22:13:59.3598379Z Progress: resolved 505, reused 505, downloaded 0, added 505, done
2026-10-05T22:13:59.5497248Z . prepare$ svelte-kit sync
2026-10-05T22:14:00.0695348Z . prepare: Done
2026-10-05T22:14:00.0700911Z 
2026-10-05T22:14:00.0701025Z dependencies:
2026-10-05T22:14:00.0701304Z + @codemirror/autocomplete 6.20.3
2026-10-05T22:14:00.0701583Z + @codemirror/commands 6.10.4
2026-10-05T22:14:00.0701863Z + @codemirror/lang-css 6.3.1
2026-10-05T22:14:00.0702117Z + @codemirror/lang-html 6.4.12
2026-10-05T22:14:00.0702379Z + @codemirror/lang-javascript 6.2.5
2026-10-05T22:14:00.0702639Z + @codemirror/language 6.12.4
2026-10-05T22:14:00.0702871Z + @codemirror/state 6.7.1
2026-10-05T22:14:00.0703091Z + @codemirror/view 6.43.8
2026-10-05T22:14:00.0703334Z + @lezer/highlight 1.2.3
2026-10-05T22:14:00.0703570Z + @oslojs/crypto 1.0.1
2026-10-05T22:14:00.0703803Z + @oslojs/encoding 1.1.0
2026-10-05T22:14:00.0704051Z + @oslojs/webauthn 1.0.0
2026-10-05T22:14:00.0704257Z + @tiptap/core 3.20.0
2026-10-05T22:14:00.0704510Z + @tiptap/extension-character-count 3.20.0
2026-10-05T22:14:00.0704851Z + @tiptap/extension-code 3.20.0
2026-10-05T22:14:00.0705146Z + @tiptap/extension-code-block-lowlight 3.20.0
2026-10-05T22:14:00.0705460Z + @tiptap/extension-focus 3.20.0
2026-10-05T22:14:00.0705725Z + @tiptap/extension-link 3.20.0
2026-10-05T22:14:00.0705974Z + @tiptap/extension-list 3.20.0
2026-10-05T22:14:00.0706238Z + @tiptap/extension-placeholder 3.20.0
2026-10-05T22:14:00.0706519Z + @tiptap/extension-subscript 3.20.0
2026-10-05T22:14:00.0706857Z + @tiptap/extension-superscript 3.20.0
2026-10-05T22:14:00.0707174Z + @tiptap/extension-table 3.20.0
2026-10-05T22:14:00.0707437Z + @tiptap/extension-table-cell 3.20.0
2026-10-05T22:14:00.0707721Z + @tiptap/extension-table-header 3.20.0
2026-10-05T22:14:00.0708004Z + @tiptap/extension-table-row 3.20.0
2026-10-05T22:14:00.0708395Z + @tiptap/extension-text-align 3.20.0
2026-10-05T22:14:00.0708685Z + @tiptap/extension-typography 3.20.0
2026-10-05T22:14:00.0708921Z + @tiptap/pm 3.20.0
2026-10-05T22:14:00.0709118Z + @tiptap/starter-kit 3.20.0
2026-10-05T22:14:00.0709343Z + @tiptap/suggestion 3.20.0
2026-10-05T22:14:00.0709645Z + @wordpress/block-serialization-default-parser 5.38.0
2026-10-05T22:14:00.0710119Z + blurhash 2.0.5
2026-10-05T22:14:00.0710285Z + cn 0.2.2
2026-10-05T22:14:00.0710444Z + date-fns 4.1.0
2026-10-05T22:14:00.0740074Z + dompurify 3.3.2
2026-10-05T22:14:00.0740280Z + highlight.js 11.11.2
2026-10-05T22:14:00.0740426Z + image-size 2.0.2
2026-10-05T22:14:00.0740550Z + jpeg-js 0.4.4
2026-10-05T22:14:00.0740678Z + jsonc-parser 3.3.1
2026-10-05T22:14:00.0740805Z + kysely 0.29.2
2026-10-05T22:14:00.0740919Z + lowlight 3.3.0
2026-10-05T22:14:00.0741035Z + mime 4.1.0
2026-10-05T22:14:00.0741147Z + parse5 7.3.0
2026-10-05T22:14:00.0741271Z + smol-toml 1.6.0
2026-10-05T22:14:00.0741388Z + ulidx 2.4.1
2026-10-05T22:14:00.0741500Z + upng-js 2.1.0
2026-10-05T22:14:00.0741614Z + valibot 1.5.0
2026-10-05T22:14:00.0741890Z + zod 4.5.4
2026-10-05T22:14:00.0741961Z 
2026-10-05T22:14:00.0742013Z devDependencies:
2026-10-05T22:14:00.0742138Z + @babel/core 7.29.7
2026-10-05T22:14:00.0742273Z + @cloudflare/kumo 2.6.0
2026-10-05T22:14:00.0742440Z + @cloudflare/workers-types 4.20260507.1
2026-10-05T22:14:00.0742635Z + @lingui/babel-plugin-lingui-macro 5.9.5
2026-10-05T22:14:00.0742801Z + @lingui/conf 5.9.5
2026-10-05T22:14:00.0742925Z + @lingui/core 5.9.5
2026-10-05T22:14:00.0743050Z + @lingui/react 5.9.5
2026-10-05T22:14:00.0743186Z + @playwright/test 1.63.0
2026-10-05T22:14:00.0743343Z + @sveltejs/adapter-auto 7.0.1
2026-10-05T22:14:00.0743516Z + @sveltejs/adapter-cloudflare 7.2.9
2026-10-05T22:14:00.0743688Z + @sveltejs/adapter-node 5.5.7
2026-10-05T22:14:00.0743835Z + @sveltejs/kit 2.70.3
2026-10-05T22:14:00.0743987Z + @sveltejs/vite-plugin-svelte 7.3.1
2026-10-05T22:14:00.0744252Z + @tanstack/react-query 5.90.21
2026-10-05T22:14:00.0744447Z + @tanstack/react-router 1.163.2
2026-10-05T22:14:00.0744613Z + @testing-library/react 16.3.2
2026-10-05T22:14:00.0744763Z + @tiptap/react 3.20.0
2026-10-05T22:14:00.0744895Z + @types/jsdom 30.0.0
2026-10-05T22:14:00.0745026Z + @types/node 24.19.0
2026-10-05T22:14:00.0745152Z + @types/react 19.3.0
2026-10-05T22:14:00.0745289Z + @types/react-dom 19.3.0
2026-10-05T22:14:00.0745450Z + @vitest/browser-playwright 4.1.10
2026-10-05T22:14:00.0745599Z + devalue 5.9.4
2026-10-05T22:14:00.0745718Z + jsdom 30.1.1
2026-10-05T22:14:00.0745843Z + miniflare 4.20260507.1
2026-10-05T22:14:00.0745972Z + pg 8.18.0
2026-10-05T22:14:00.0746080Z + react 19.3.0
2026-10-05T22:14:00.0746204Z + react-dom 19.3.0
2026-10-05T22:14:00.0746332Z + svelte 5.57.1
2026-10-05T22:14:00.0746455Z + svelte-check 4.7.6
2026-10-05T22:14:00.0746587Z + typescript 6.0.3
2026-10-05T22:14:00.0746703Z + vite 8.3.2
2026-10-05T22:14:00.0746813Z + vitest 4.1.10
2026-10-05T22:14:00.0746942Z + vitest-browser-react 2.2.0
2026-10-05T22:14:00.0747085Z + wrangler 4.99.0
2026-10-05T22:14:00.0747156Z 
2026-10-05T22:14:00.0759576Z Done in 2.5s using pnpm v12.6.0
2026-10-05T22:14:00.0856197Z ##[group]Run pnpm exec playwright install --with-deps chromium
2026-10-05T22:14:00.0856466Z [36;1mpnpm exec playwright install --with-deps chromium[0m
2026-10-05T22:14:00.0886853Z shell: /usr/bin/bash -e {0}
2026-10-05T22:14:00.0886997Z env:
2026-10-05T22:14:00.0887138Z   PNPM_HOME: /home/runner/setup-pnpm/node_modules/.bin
2026-10-05T22:14:00.0887309Z ##[endgroup]
2026-10-05T22:14:00.3582378Z Installing dependencies...
2026-10-05T22:14:00.3628210Z Switching to root user to install dependencies...
2026-10-05T22:14:00.4305467Z Get:1 file:/etc/apt/apt-mirrors.txt Mirrorlist [144 B]
2026-10-05T22:14:00.4655476Z Get:6 https://packages.microsoft.com/ubuntu/22.04/prod jammy InRelease [3632 B]
2026-10-05T22:14:00.4779697Z Hit:2 http://azure.archive.ubuntu.com/ubuntu jammy InRelease
2026-10-05T22:14:00.4784224Z Get:3 http://azure.archive.ubuntu.com/ubuntu jammy-updates InRelease [128 kB]
2026-10-05T22:14:00.4815361Z Get:4 http://azure.archive.ubuntu.com/ubuntu jammy-backports InRelease [127 kB]
2026-10-05T22:14:00.4837297Z Get:5 http://azure.archive.ubuntu.com/ubuntu jammy-security InRelease [129 kB]
2026-10-05T22:14:00.5044166Z Get:7 https://packages.microsoft.com/ubuntu/22.04/prod jammy/main arm64 Packages [551 kB]
2026-10-05T22:14:00.5159760Z Get:8 https://packages.microsoft.com/ubuntu/22.04/prod jammy/main amd64 Packages [797 kB]
2026-10-05T22:14:00.5712180Z Get:9 http://azure.archive.ubuntu.com/ubuntu jammy-updates/main amd64 Packages [3907 kB]
2026-10-05T22:14:00.5842228Z Get:10 http://azure.archive.ubuntu.com/ubuntu jammy-updates/main Translation-en [576 kB]
2026-10-05T22:14:00.5868921Z Get:11 http://azure.archive.ubuntu.com/ubuntu jammy-updates/restricted amd64 Packages [6714 kB]
2026-10-05T22:14:00.6101734Z Get:12 http://azure.archive.ubuntu.com/ubuntu jammy-updates/restricted Translation-en [1290 kB]
2026-10-05T22:14:00.6179140Z Get:13 http://azure.archive.ubuntu.com/ubuntu jammy-updates/universe amd64 Packages [1285 kB]
2026-10-05T22:14:00.6201744Z Get:14 http://azure.archive.ubuntu.com/ubuntu jammy-updates/universe Translation-en [325 kB]
2026-10-05T22:14:00.6422734Z Get:15 http://azure.archive.ubuntu.com/ubuntu jammy-security/main amd64 Packages [3631 kB]
2026-10-05T22:14:00.6529325Z Get:16 http://azure.archive.ubuntu.com/ubuntu jammy-security/main Translation-en [508 kB]
2026-10-05T22:14:00.6549214Z Get:17 http://azure.archive.ubuntu.com/ubuntu jammy-security/restricted amd64 Packages [6465 kB]
2026-10-05T22:14:00.6725895Z Get:18 http://azure.archive.ubuntu.com/ubuntu jammy-security/restricted Translation-en [1244 kB]
2026-10-05T22:14:00.7209612Z Get:19 http://azure.archive.ubuntu.com/ubuntu jammy-security/universe amd64 Packages [1052 kB]
2026-10-05T22:14:00.7244573Z Get:20 http://azure.archive.ubuntu.com/ubuntu jammy-security/universe Translation-en [237 kB]
2026-10-05T22:14:06.6303470Z Fetched 29.0 MB in 2s (13.1 MB/s)
2026-10-05T22:14:07.3666131Z Reading package lists...
2026-10-05T22:14:07.4019221Z Reading package lists...
2026-10-05T22:14:07.5894764Z Building dependency tree...
2026-10-05T22:14:07.5903043Z Reading state information...
2026-10-05T22:14:07.7138535Z fonts-liberation is already the newest version (1:1.07.4-11).
2026-10-05T22:14:07.7139149Z fonts-liberation set to manually installed.
2026-10-05T22:14:07.7140274Z libatk-bridge2.0-0 is already the newest version (2.38.0-3).
2026-10-05T22:14:07.7140821Z libatk-bridge2.0-0 set to manually installed.
2026-10-05T22:14:07.7141195Z libatk1.0-0 is already the newest version (2.36.0-3build1).
2026-10-05T22:14:07.7141517Z libatk1.0-0 set to manually installed.
2026-10-05T22:14:07.7141817Z libatspi2.0-0 is already the newest version (2.44.0-3).
2026-10-05T22:14:07.7142092Z libatspi2.0-0 set to manually installed.
2026-10-05T22:14:07.7142326Z libfontconfig1 is already the newest version (2.13.1-4.2ubuntu5).
2026-10-05T22:14:07.7142558Z libfontconfig1 set to manually installed.
2026-10-05T22:14:07.7142765Z libxcb1 is already the newest version (1.14-3ubuntu3).
2026-10-05T22:14:07.7142960Z libxcb1 set to manually installed.
2026-10-05T22:14:07.7143550Z libxcomposite1 is already the newest version (1:0.4.5-1build2).
2026-10-05T22:14:07.7143773Z libxcomposite1 set to manually installed.
2026-10-05T22:14:07.7143992Z libxdamage1 is already the newest version (1:1.1.5-2build2).
2026-10-05T22:14:07.7144211Z libxdamage1 set to manually installed.
2026-10-05T22:14:07.7144419Z libxext6 is already the newest version (2:1.3.4-1build1).
2026-10-05T22:14:07.7144617Z libxext6 set to manually installed.
2026-10-05T22:14:07.7144895Z libxfixes3 is already the newest version (1:6.0.0-1).
2026-10-05T22:14:07.7145151Z libxfixes3 set to manually installed.
2026-10-05T22:14:07.7145354Z libxkbcommon0 is already the newest version (1.4.0-1).
2026-10-05T22:14:07.7145557Z libxkbcommon0 set to manually installed.
2026-10-05T22:14:07.7145771Z libxrandr2 is already the newest version (2:1.5.2-1build1).
2026-10-05T22:14:07.7145974Z libxrandr2 set to manually installed.
2026-10-05T22:14:07.7146234Z fonts-noto-color-emoji is already the newest version (2.047-0ubuntu0.22.04.1).
2026-10-05T22:14:07.7146541Z libasound2 is already the newest version (1.2.6.1-1ubuntu1.2).
2026-10-05T22:14:07.7146751Z libasound2 set to manually installed.
2026-10-05T22:14:07.7147042Z libcairo2 is already the newest version (1.16.0-5ubuntu2.1).
2026-10-05T22:14:07.7147332Z libcairo2 set to manually installed.
2026-10-05T22:14:07.7147551Z libcups2 is already the newest version (2.4.1op1-1ubuntu4.21).
2026-10-05T22:14:07.7147759Z libcups2 set to manually installed.
2026-10-05T22:14:07.7147978Z libdbus-1-3 is already the newest version (1.12.20-2ubuntu4.1).
2026-10-05T22:14:07.7148319Z libdbus-1-3 set to manually installed.
2026-10-05T22:14:07.7148543Z libdrm2 is already the newest version (2.4.113-2~ubuntu0.22.04.1).
2026-10-05T22:14:07.7148759Z libdrm2 set to manually installed.
2026-10-05T22:14:07.7148984Z libfreetype6 is already the newest version (2.11.1+dfsg-1ubuntu0.3).
2026-10-05T22:14:07.7149208Z libfreetype6 set to manually installed.
2026-10-05T22:14:07.7149498Z libgbm1 is already the newest version (23.2.1-1ubuntu3.1~22.04.4).
2026-10-05T22:14:07.7149815Z libgbm1 set to manually installed.
2026-10-05T22:14:07.7150134Z libglib2.0-0 is already the newest version (2.72.4-0ubuntu2.10).
2026-10-05T22:14:07.7150470Z libglib2.0-0 set to manually installed.
2026-10-05T22:14:07.7150829Z libnspr4 is already the newest version (2:4.35-0ubuntu0.22.04.1).
2026-10-05T22:14:07.7151219Z libnss3 is already the newest version (2:3.98-0ubuntu0.22.04.4).
2026-10-05T22:14:07.7151638Z libpango-1.0-0 is already the newest version (1.50.6+ds-2ubuntu1).
2026-10-05T22:14:07.7151858Z libpango-1.0-0 set to manually installed.
2026-10-05T22:14:07.7152095Z libwayland-client0 is already the newest version (1.20.0-1ubuntu0.1).
2026-10-05T22:14:07.7152345Z libwayland-client0 set to manually installed.
2026-10-05T22:14:07.7152571Z libx11-6 is already the newest version (2:1.7.5-1ubuntu0.3).
2026-10-05T22:14:07.7152772Z libx11-6 set to manually installed.
2026-10-05T22:14:07.7152997Z xvfb is already the newest version (2:21.1.4-2ubuntu1.7~22.04.16).
2026-10-05T22:14:07.7153282Z The following additional packages will be installed:
2026-10-05T22:14:07.7153587Z   xfonts-encodings xfonts-utils
2026-10-05T22:14:07.7153827Z Recommended packages:
2026-10-05T22:14:07.7154067Z   fonts-ipafont-mincho fonts-tlwg-loma
2026-10-05T22:14:07.7266916Z The following NEW packages will be installed:
2026-10-05T22:14:07.7267565Z   fonts-freefont-ttf fonts-ipafont-gothic fonts-tlwg-loma-otf fonts-unifont
2026-10-05T22:14:07.7270358Z   fonts-wqy-zenhei xfonts-cyrillic xfonts-encodings xfonts-scalable
2026-10-05T22:14:07.7270787Z   xfonts-utils
2026-10-05T22:14:07.7360148Z 0 upgraded, 9 newly installed, 0 to remove and 20 not upgraded.
2026-10-05T22:14:07.7360394Z Need to get 18.4 MB of archives.
2026-10-05T22:14:07.7360621Z After this operation, 56.8 MB of additional disk space will be used.
2026-10-05T22:14:07.7361040Z Get:1 file:/etc/apt/apt-mirrors.txt Mirrorlist [144 B]
2026-10-05T22:14:07.7918628Z Get:2 http://azure.archive.ubuntu.com/ubuntu jammy/universe amd64 fonts-ipafont-gothic all 00303-21ubuntu1 [3513 kB]
2026-10-05T22:14:07.8497869Z Get:3 http://azure.archive.ubuntu.com/ubuntu jammy/main amd64 fonts-freefont-ttf all 20120503-10build1 [2388 kB]
2026-10-05T22:14:07.8941212Z Get:4 http://azure.archive.ubuntu.com/ubuntu jammy/universe amd64 fonts-tlwg-loma-otf all 1:0.7.3-1 [107 kB]
2026-10-05T22:14:07.9261352Z Get:5 http://azure.archive.ubuntu.com/ubuntu jammy/universe amd64 fonts-unifont all 1:14.0.01-1 [3551 kB]
2026-10-05T22:14:07.9940251Z Get:6 http://azure.archive.ubuntu.com/ubuntu jammy/universe amd64 fonts-wqy-zenhei all 0.9.45-8 [7472 kB]
2026-10-05T22:14:08.1196733Z Get:7 http://azure.archive.ubuntu.com/ubuntu jammy/main amd64 xfonts-encodings all 1:1.0.5-0ubuntu2 [578 kB]
2026-10-05T22:14:08.1545018Z Get:8 http://azure.archive.ubuntu.com/ubuntu jammy/main amd64 xfonts-utils amd64 1:7.7+6build2 [94.6 kB]
2026-10-05T22:14:08.1865699Z Get:9 http://azure.archive.ubuntu.com/ubuntu jammy/universe amd64 xfonts-cyrillic all 1:1.0.5 [386 kB]
2026-10-05T22:14:08.2198909Z Get:10 http://azure.archive.ubuntu.com/ubuntu jammy/main amd64 xfonts-scalable all 1:1.0.3-1.2ubuntu1 [306 kB]
2026-10-05T22:14:08.4220761Z Fetched 18.4 MB in 0s (37.5 MB/s)
2026-10-05T22:14:08.4798311Z Selecting previously unselected package fonts-ipafont-gothic.
2026-10-05T22:14:08.5190031Z (Reading database ... 
2026-10-05T22:14:08.5190434Z (Reading database ... 5%
2026-10-05T22:14:08.5190882Z (Reading database ... 10%
2026-10-05T22:14:08.5191067Z (Reading database ... 15%
2026-10-05T22:14:08.5191214Z (Reading database ... 20%
2026-10-05T22:14:08.5191357Z (Reading database ... 25%
2026-10-05T22:14:08.5191494Z (Reading database ... 30%
2026-10-05T22:14:08.5191634Z (Reading database ... 35%
2026-10-05T22:14:08.5191771Z (Reading database ... 40%
2026-10-05T22:14:08.5191907Z (Reading database ... 45%
2026-10-05T22:14:08.5192047Z (Reading database ... 50%
2026-10-05T22:14:08.6195593Z (Reading database ... 55%
2026-10-05T22:14:08.8294696Z (Reading database ... 60%
2026-10-05T22:14:09.0752341Z (Reading database ... 65%
2026-10-05T22:14:09.2996204Z (Reading database ... 70%
2026-10-05T22:14:09.4715533Z (Reading database ... 75%
2026-10-05T22:14:09.6507384Z (Reading database ... 80%
2026-10-05T22:14:09.7877667Z (Reading database ... 85%
2026-10-05T22:14:10.0213432Z (Reading database ... 90%
2026-10-05T22:14:10.1979325Z (Reading database ... 95%
2026-10-05T22:14:10.1979590Z (Reading database ... 100%
2026-10-05T22:14:10.1979975Z (Reading database ... 260411 files and directories currently installed.)
2026-10-05T22:14:10.2027217Z Preparing to unpack .../0-fonts-ipafont-gothic_00303-21ubuntu1_all.deb ...
2026-10-05T22:14:10.2481043Z Unpacking fonts-ipafont-gothic (00303-21ubuntu1) ...
2026-10-05T22:14:10.5572845Z Selecting previously unselected package fonts-freefont-ttf.
2026-10-05T22:14:10.5670325Z Preparing to unpack .../1-fonts-freefont-ttf_20120503-10build1_all.deb ...
2026-10-05T22:14:10.5762288Z Unpacking fonts-freefont-ttf (20120503-10build1) ...
2026-10-05T22:14:10.9069949Z Selecting previously unselected package fonts-tlwg-loma-otf.
2026-10-05T22:14:10.9165613Z Preparing to unpack .../2-fonts-tlwg-loma-otf_1%3a0.7.3-1_all.deb ...
2026-10-05T22:14:10.9259055Z Unpacking fonts-tlwg-loma-otf (1:0.7.3-1) ...
2026-10-05T22:14:10.9869995Z Selecting previously unselected package fonts-unifont.
2026-10-05T22:14:10.9966994Z Preparing to unpack .../3-fonts-unifont_1%3a14.0.01-1_all.deb ...
2026-10-05T22:14:11.0036760Z Unpacking fonts-unifont (1:14.0.01-1) ...
2026-10-05T22:14:11.2759326Z Selecting previously unselected package fonts-wqy-zenhei.
2026-10-05T22:14:11.2856687Z Preparing to unpack .../4-fonts-wqy-zenhei_0.9.45-8_all.deb ...
2026-10-05T22:14:11.3021543Z Unpacking fonts-wqy-zenhei (0.9.45-8) ...
2026-10-05T22:14:11.7963581Z Selecting previously unselected package xfonts-encodings.
2026-10-05T22:14:11.8060540Z Preparing to unpack .../5-xfonts-encodings_1%3a1.0.5-0ubuntu2_all.deb ...
2026-10-05T22:14:11.8153300Z Unpacking xfonts-encodings (1:1.0.5-0ubuntu2) ...
2026-10-05T22:14:11.9130205Z Selecting previously unselected package xfonts-utils.
2026-10-05T22:14:11.9226040Z Preparing to unpack .../6-xfonts-utils_1%3a7.7+6build2_amd64.deb ...
2026-10-05T22:14:11.9253362Z Unpacking xfonts-utils (1:7.7+6build2) ...
2026-10-05T22:14:12.1854090Z Selecting previously unselected package xfonts-cyrillic.
2026-10-05T22:14:12.1949423Z Preparing to unpack .../7-xfonts-cyrillic_1%3a1.0.5_all.deb ...
2026-10-05T22:14:12.1955783Z Unpacking xfonts-cyrillic (1:1.0.5) ...
2026-10-05T22:14:12.6543017Z Selecting previously unselected package xfonts-scalable.
2026-10-05T22:14:12.6639168Z Preparing to unpack .../8-xfonts-scalable_1%3a1.0.3-1.2ubuntu1_all.deb ...
2026-10-05T22:14:12.8642963Z Unpacking xfonts-scalable (1:1.0.3-1.2ubuntu1) ...
2026-10-05T22:14:13.6483243Z Setting up fonts-wqy-zenhei (0.9.45-8) ...
2026-10-05T22:14:14.5527354Z Setting up fonts-freefont-ttf (20120503-10build1) ...
2026-10-05T22:14:14.8998509Z Setting up fonts-tlwg-loma-otf (1:0.7.3-1) ...
2026-10-05T22:14:15.1941920Z Setting up xfonts-encodings (1:1.0.5-0ubuntu2) ...
2026-10-05T22:14:15.4138538Z Setting up fonts-ipafont-gothic (00303-21ubuntu1) ...
2026-10-05T22:14:15.4182252Z update-alternatives: using /usr/share/fonts/opentype/ipafont-gothic/ipag.ttf to provide /usr/share/fonts/truetype/fonts-japanese-gothic.ttf (fonts-japanese-gothic.ttf) in auto mode
2026-10-05T22:14:15.4195116Z Setting up fonts-unifont (1:14.0.01-1) ...
2026-10-05T22:14:15.4206419Z Setting up xfonts-utils (1:7.7+6build2) ...
2026-10-05T22:14:15.4229061Z Setting up xfonts-cyrillic (1:1.0.5) ...
2026-10-05T22:14:15.4389576Z Setting up xfonts-scalable (1:1.0.3-1.2ubuntu1) ...
2026-10-05T22:14:15.4515919Z Processing triggers for man-db (2.10.2-1) ...
2026-10-05T22:14:15.4529826Z Not building database; man-db/auto-update is not 'true'.
2026-10-05T22:14:15.4537495Z Processing triggers for fontconfig (2.13.1-4.2ubuntu5) ...
2026-10-05T22:14:15.8909569Z 
2026-10-05T22:14:15.8910202Z Running kernel seems to be up-to-date.
2026-10-05T22:14:15.8910396Z 
2026-10-05T22:14:15.8910539Z No services need to be restarted.
2026-10-05T22:14:15.8910647Z 
2026-10-05T22:14:15.8910785Z No containers need to be restarted.
2026-10-05T22:14:15.8910943Z 
2026-10-05T22:14:15.8911102Z No user sessions are running outdated binaries.
2026-10-05T22:14:15.8911330Z 
2026-10-05T22:14:15.8911592Z No VM guests are running outdated hypervisor (qemu) binaries on this host.
2026-10-05T22:14:16.7067529Z Downloading Chrome for Testing 153.0.8010.12 (playwright chromium v1243) from https://cdn.playwright.dev/builds/cft/153.0.8010.12/linux64/chrome-linux64.zip
2026-10-05T22:14:17.0089189Z |                                                                                |   0% of 186.8 MiB
2026-10-05T22:14:17.2267101Z |■■■■■■■■                                                                        |  10% of 186.8 MiB
2026-10-05T22:14:17.3168196Z |■■■■■■■■■■■■■■■■                                                                |  20% of 186.8 MiB
2026-10-05T22:14:17.4072463Z |■■■■■■■■■■■■■■■■■■■■■■■■                                                        |  30% of 186.8 MiB
2026-10-05T22:14:17.4876866Z |■■■■■■■■■■■■■■■■■■■■■■■■■■■■■■■■                                                |  40% of 186.8 MiB
2026-10-05T22:14:17.5871021Z |■■■■■■■■■■■■■■■■■■■■■■■■■■■■■■■■■■■■■■■■                                        |  50% of 186.8 MiB
2026-10-05T22:14:17.6696323Z |■■■■■■■■■■■■■■■■■■■■■■■■■■■■■■■■■■■■■■■■■■■■■■■■                                |  60% of 186.8 MiB
2026-10-05T22:14:17.7702502Z |■■■■■■■■■■■■■■■■■■■■■■■■■■■■■■■■■■■■■■■■■■■■■■■■■■■■■■■■                        |  70% of 186.8 MiB
2026-10-05T22:14:17.8599625Z |■■■■■■■■■■■■■■■■■■■■■■■■■■■■■■■■■■■■■■■■■■■■■■■■■■■■■■■■■■■■■■■■                |  80% of 186.8 MiB
2026-10-05T22:14:17.9541504Z |■■■■■■■■■■■■■■■■■■■■■■■■■■■■■■■■■■■■■■■■■■■■■■■■■■■■■■■■■■■■■■■■■■■■■■■■        |  90% of 186.8 MiB
2026-10-05T22:14:18.0649552Z |■■■■■■■■■■■■■■■■■■■■■■■■■■■■■■■■■■■■■■■■■■■■■■■■■■■■■■■■■■■■■■■■■■■■■■■■■■■■■■■■| 100% of 186.8 MiB
2026-10-05T22:14:19.8417534Z Chrome for Testing 153.0.8010.12 (playwright chromium v1243) downloaded to /home/runner/.cache/ms-playwright/chromium-1243
2026-10-05T22:14:19.8419722Z Downloading FFmpeg (playwright ffmpeg v1011) from https://cdn.playwright.dev/dbazure/download/playwright/builds/ffmpeg/1011/ffmpeg-linux.zip
2026-10-05T22:14:20.2436500Z |                                                                                |   0% of 2.3 MiB
2026-10-05T22:14:20.2927499Z |■■■■■■■■                                                                        |  10% of 2.3 MiB
2026-10-05T22:14:20.3134663Z |■■■■■■■■■■■■■■■■                                                                |  20% of 2.3 MiB
2026-10-05T22:14:20.3276320Z |■■■■■■■■■■■■■■■■■■■■■■■■                                                        |  30% of 2.3 MiB
2026-10-05T22:14:20.3360965Z |■■■■■■■■■■■■■■■■■■■■■■■■■■■■■■■■                                                |  40% of 2.3 MiB
2026-10-05T22:14:20.3435813Z |■■■■■■■■■■■■■■■■■■■■■■■■■■■■■■■■■■■■■■■■                                        |  50% of 2.3 MiB
2026-10-05T22:14:20.3497590Z |■■■■■■■■■■■■■■■■■■■■■■■■■■■■■■■■■■■■■■■■■■■■■■■■                                |  60% of 2.3 MiB
2026-10-05T22:14:20.3550367Z |■■■■■■■■■■■■■■■■■■■■■■■■■■■■■■■■■■■■■■■■■■■■■■■■■■■■■■■■                        |  70% of 2.3 MiB
2026-10-05T22:14:20.3590898Z |■■■■■■■■■■■■■■■■■■■■■■■■■■■■■■■■■■■■■■■■■■■■■■■■■■■■■■■■■■■■■■■■                |  80% of 2.3 MiB
2026-10-05T22:14:20.3628488Z |■■■■■■■■■■■■■■■■■■■■■■■■■■■■■■■■■■■■■■■■■■■■■■■■■■■■■■■■■■■■■■■■■■■■■■■■        |  90% of 2.3 MiB
2026-10-05T22:14:20.3663827Z |■■■■■■■■■■■■■■■■■■■■■■■■■■■■■■■■■■■■■■■■■■■■■■■■■■■■■■■■■■■■■■■■■■■■■■■■■■■■■■■■| 100% of 2.3 MiB
2026-10-05T22:14:20.3959714Z FFmpeg (playwright ffmpeg v1011) downloaded to /home/runner/.cache/ms-playwright/ffmpeg-1011
2026-10-05T22:14:20.3961498Z Downloading Chrome Headless Shell 153.0.8010.12 (playwright chromium-headless-shell v1243) from https://cdn.playwright.dev/builds/cft/153.0.8010.12/linux64/chrome-headless-shell-linux64.zip
2026-10-05T22:14:20.7013664Z |                                                                                |   0% of 114.3 MiB
2026-10-05T22:14:20.8817905Z |■■■■■■■■                                                                        |  10% of 114.3 MiB
2026-10-05T22:14:20.9452975Z |■■■■■■■■■■■■■■■■                                                                |  20% of 114.3 MiB
2026-10-05T22:14:20.9974319Z |■■■■■■■■■■■■■■■■■■■■■■■■                                                        |  30% of 114.3 MiB
2026-10-05T22:14:21.0484136Z |■■■■■■■■■■■■■■■■■■■■■■■■■■■■■■■■                                                |  40% of 114.3 MiB
2026-10-05T22:14:21.1112726Z |■■■■■■■■■■■■■■■■■■■■■■■■■■■■■■■■■■■■■■■■                                        |  50% of 114.3 MiB
2026-10-05T22:14:21.1623530Z |■■■■■■■■■■■■■■■■■■■■■■■■■■■■■■■■■■■■■■■■■■■■■■■■                                |  60% of 114.3 MiB
2026-10-05T22:14:21.2243093Z |■■■■■■■■■■■■■■■■■■■■■■■■■■■■■■■■■■■■■■■■■■■■■■■■■■■■■■■■                        |  70% of 114.3 MiB
2026-10-05T22:14:21.2764259Z |■■■■■■■■■■■■■■■■■■■■■■■■■■■■■■■■■■■■■■■■■■■■■■■■■■■■■■■■■■■■■■■■                |  80% of 114.3 MiB
2026-10-05T22:14:21.3284935Z |■■■■■■■■■■■■■■■■■■■■■■■■■■■■■■■■■■■■■■■■■■■■■■■■■■■■■■■■■■■■■■■■■■■■■■■■        |  90% of 114.3 MiB
2026-10-05T22:14:21.3829848Z |■■■■■■■■■■■■■■■■■■■■■■■■■■■■■■■■■■■■■■■■■■■■■■■■■■■■■■■■■■■■■■■■■■■■■■■■■■■■■■■■| 100% of 114.3 MiB
2026-10-05T22:14:22.7318211Z Chrome Headless Shell 153.0.8010.12 (playwright chromium-headless-shell v1243) downloaded to /home/runner/.cache/ms-playwright/chromium_headless_shell-1243
2026-10-05T22:14:22.7464685Z ##[group]Run pnpm test:bulk-taxonomy-source
2026-10-05T22:14:22.7464918Z [36;1mpnpm test:bulk-taxonomy-source[0m
2026-10-05T22:14:22.7495004Z shell: /usr/bin/bash -e {0}
2026-10-05T22:14:22.7495147Z env:
2026-10-05T22:14:22.7495312Z   PNPM_HOME: /home/runner/setup-pnpm/node_modules/.bin
2026-10-05T22:14:22.7495489Z   DEBUG: pw:browser
2026-10-05T22:14:22.7495607Z ##[endgroup]
2026-10-05T22:14:22.7621646Z $ node scripts/check-bulk-taxonomy-source.mjs && vitest run --config vitest.bulk-taxonomy.config.ts
2026-10-05T22:14:22.9310066Z {"pin":"913cb1bb9b7f08c3ff0d258b4420e53835b6a58e","sourceFiles":14,"declarations":14,"expects":25,"elements":29,"productTestsRun":0}
2026-10-05T22:14:23.4619405Z 
2026-10-05T22:14:23.4621661Z [1m[30m[46m RUN [49m[39m[22m [36mv4.1.10 [39m[90m/home/runner/work/cms/cms[39m
2026-10-05T22:14:23.4621877Z 
2026-10-05T22:14:23.8659694Z 2026-10-05T22:14:23.864Z pw:browser <launching> /home/runner/.cache/ms-playwright/chromium_headless_shell-1243/chrome-headless-shell-linux64/chrome-headless-shell --disable-field-trial-config --disable-background-networking --disable-background-timer-throttling --disable-backgrounding-occluded-windows --disable-back-forward-cache --disable-breakpad --disable-client-side-phishing-detection --disable-component-extensions-with-background-pages --disable-component-update --no-default-browser-check --disable-default-apps --disable-dev-shm-usage --disable-edgeupdater --disable-extensions --disable-features=AvoidUnnecessaryBeforeUnloadCheckSync,DestroyProfileOnBrowserClose,DialMediaRouteProvider,GlobalMediaControls,HttpsUpgrades,LensOverlay,MediaRouter,PaintHolding,ThirdPartyStoragePartitioning,BlockOriginHeaderModificationOnRedirect,Translate,AutoDeElevate,OptimizationHints,msForceBrowserSignIn,msEdgeUpdateLaunchServicesPreferredVersion --enable-features=CDPScreenshotNewSurface --allow-pre-commit-input --disable-hang-monitor --disable-ipc-flooding-protection --disable-popup-blocking --disable-prompt-on-repost --disable-renderer-backgrounding --disable-updater-scheduler --force-color-profile=srgb --metrics-recording-only --no-first-run --password-store=basic --use-mock-keychain --no-service-autorun --export-tagged-pdf --disable-search-engine-choice-screen --unsafely-disable-devtools-self-xss-warnings --edge-skip-compat-layer-relaunch --disable-infobars --disable-search-engine-choice-screen --disable-sync --enable-unsafe-swiftshader --headless --hide-scrollbars --mute-audio --blink-settings=primaryHoverType=2,availableHoverTypes=2,primaryPointerType=4,availablePointerTypes=4 --user-data-dir=/tmp/playwright_chromiumdev_profile-L4S7Z4 --remote-debugging-pipe --no-startup-window
2026-10-05T22:14:23.8689267Z 2026-10-05T22:14:23.868Z pw:browser <launched> pid=2820
2026-10-05T22:14:23.9075848Z 2026-10-05T22:14:23.905Z pw:browser [pid=2820][err] Unable to revert mtime: /usr/share/fonts
2026-10-05T22:14:23.9091390Z 2026-10-05T22:14:23.908Z pw:browser [pid=2820][err] [1005/221423.908334:ERROR:dbus/bus.cc:405] Failed to connect to the bus: Could not parse server address: Unknown address type (examples of valid types are "tcp" and on UNIX "unix")
2026-10-05T22:14:23.9122777Z 2026-10-05T22:14:23.912Z pw:browser [pid=2820][err] Unable to revert mtime: /usr/share/fonts/truetype
2026-10-05T22:14:23.9186266Z 2026-10-05T22:14:23.918Z pw:browser [pid=2820][err] [1005/221423.918190:WARNING:media/gpu/vaapi/vaapi_wrapper.cc:1660] drmGetDevices2() has not found any devices
2026-10-05T22:14:23.9201692Z 2026-10-05T22:14:23.920Z pw:browser [pid=2820][err] [1005/221423.919917:WARNING:sandbox/policy/linux/sandbox_linux.cc:405] InitializeSandbox() called with multiple threads in process gpu-process.
2026-10-05T22:14:23.9216794Z 2026-10-05T22:14:23.921Z pw:browser [pid=2820][err] Unable to revert mtime: /usr/share/fonts/truetype/dejavu
2026-10-05T22:14:23.9434860Z 2026-10-05T22:14:23.943Z pw:browser [pid=2820][err] Unable to revert mtime: /usr/share/fonts/truetype/lato
2026-10-05T22:14:23.9580096Z 2026-10-05T22:14:23.957Z pw:browser [pid=2820][err] Unable to revert mtime: /usr/share/fonts/truetype/liberation
2026-10-05T22:14:23.9640396Z 2026-10-05T22:14:23.963Z pw:browser [pid=2820][err] Unable to revert mtime: /usr/share/fonts/truetype/noto
2026-10-05T22:14:23.9898200Z 2026-10-05T22:14:23.987Z pw:browser [pid=2820][err] [1005/221423.987364:ERROR:dbus/object_proxy.cc:572] Failed to call method: org.freedesktop.DBus.NameHasOwner: object_path= /org/freedesktop/DBus: unknown error type: 
2026-10-05T22:14:23.9899822Z 2026-10-05T22:14:23.987Z pw:browser [pid=2820][err] [1005/221423.987515:ERROR:dbus/bus.cc:405] Failed to connect to the bus: Could not parse server address: Unknown address type (examples of valid types are "tcp" and on UNIX "unix")
2026-10-05T22:14:23.9921140Z 2026-10-05T22:14:23.991Z pw:browser [pid=2820][err] [1005/221423.990156:ERROR:dbus/object_proxy.cc:572] Failed to call method: org.freedesktop.DBus.NameHasOwner: object_path= /org/freedesktop/DBus: unknown error type: 
2026-10-05T22:14:24.2461428Z 2026-10-05T22:14:24.245Z pw:browser [pid=2820][err] [1005/221424.244972:INFO:CONSOLE:934] "[vite] connecting...", source: http://localhost:63315/@vite/client (934)
2026-10-05T22:14:24.2521394Z 2026-10-05T22:14:24.251Z pw:browser [pid=2820][err] [1005/221424.249384:INFO:CONSOLE:1045] "[vite] connected.", source: http://localhost:63315/@vite/client (1045)
2026-10-05T22:14:24.2805787Z 2026-10-05T22:14:24.279Z pw:browser [pid=2820][err] [1005/221424.279593:INFO:CONSOLE:934] "[vite] connecting...", source: http://localhost:63315/@vite/client (934)
2026-10-05T22:14:24.2900637Z 2026-10-05T22:14:24.286Z pw:browser [pid=2820][err] [1005/221424.284599:INFO:CONSOLE:1045] "[vite] connected.", source: http://localhost:63315/@vite/client (1045)
2026-10-05T22:14:24.5945966Z [2m10:14:24 PM[22m [36m[1m[vite][22m[39m [90m[2m(client)[22m[39m [optimizer] bundling dependencies...
2026-10-05T22:14:26.0355389Z [2m10:14:26 PM[22m [36m[1m[vite][22m[39m [90m[2m(client)[22m[39m [optimizer] bundling dependencies...
2026-10-05T22:14:26.1111049Z [2m10:14:26 PM[22m [36m[1m[vite][22m[39m [90m[2m(client)[22m[39m [32mdependency optimized: [33m@tanstack/react-router[32m[39m
2026-10-05T22:14:26.1111647Z [2m10:14:26 PM[22m [36m[1m[vite][22m[39m [90m[2m(client)[22m[39m [32moptimized dependencies changed. reloading[39m
2026-10-05T22:14:26.1111965Z [33m
2026-10-05T22:14:26.1112364Z [1m[vitest][22m Vite unexpectedly reloaded a test. This may cause tests to fail, lead to flaky behaviour or duplicated test runs.
2026-10-05T22:14:26.1112946Z [39m[33mFor a stable experience, please add mentioned dependencies to your config's [1m`optimizeDeps.include`[22m field manually.
2026-10-05T22:14:26.1113211Z 
2026-10-05T22:14:26.1113273Z [39m
2026-10-05T22:14:28.0349655Z  [32m✓[39m [30m[43m chromium [49m[39m parity/emdash/bulk-taxonomy/source/packages/admin/tests/components/BulkTagDialog.test.tsx [2m([22m[2m14 tests[22m[2m)[22m[33m 2803[2mms[22m[39m
2026-10-05T22:14:28.0366726Z 
2026-10-05T22:14:28.0369074Z [2m Test Files [22m [1m[32m1 passed[39m[22m[90m (1)[39m
2026-10-05T22:14:28.0369533Z [2m      Tests [22m [1m[32m14 passed[39m[22m[90m (14)[39m
2026-10-05T22:14:28.0369878Z [2m   Start at [22m 22:14:23
2026-10-05T22:14:28.0370265Z [2m   Duration [22m 4.57s[2m (transform 0ms, setup 125ms, import 363ms, tests 2.80s, environment 0ms)[22m
2026-10-05T22:14:28.0371189Z 
2026-10-05T22:14:28.0409949Z 2026-10-05T22:14:28.040Z pw:browser [pid=2820][err] [1005/221428.038457:INFO:CONSOLE:1080] "[vite] server connection lost. Polling for restart...", source: http://localhost:63315/@vite/client (1080)
2026-10-05T22:14:28.0411419Z 2026-10-05T22:14:28.040Z pw:browser [pid=2820][err] [1005/221428.039392:INFO:CONSOLE:1211] "[vite] server connection lost. Polling for restart...", source: http://localhost:63315/__vitest_browser__/tester-BJtsJFpD.js (1211)
2026-10-05T22:14:28.0475435Z 2026-10-05T22:14:28.047Z pw:browser [pid=2820] <gracefully close start>
2026-10-05T22:14:28.0595966Z 2026-10-05T22:14:28.059Z pw:browser [pid=2820] <process did exit: exitCode=0, signal=null>
2026-10-05T22:14:28.0598897Z 2026-10-05T22:14:28.059Z pw:browser [pid=2820] starting temporary directories cleanup
2026-10-05T22:14:28.0612969Z 2026-10-05T22:14:28.061Z pw:browser [pid=2820] finished temporary directories cleanup
2026-10-05T22:14:28.0613354Z 2026-10-05T22:14:28.061Z pw:browser [pid=2820] <gracefully close end>
2026-10-05T22:14:28.0903310Z ##[group]Run timeout --kill-after=30s 180s pnpm test:date-time:browser
2026-10-05T22:14:28.0903601Z [36;1mtimeout --kill-after=30s 180s pnpm test:date-time:browser[0m
2026-10-05T22:14:28.0934071Z shell: /usr/bin/bash -e {0}
2026-10-05T22:14:28.0934211Z env:
2026-10-05T22:14:28.0934352Z   PNPM_HOME: /home/runner/setup-pnpm/node_modules/.bin
2026-10-05T22:14:28.0934537Z   DEBUG: pw:browser
2026-10-05T22:14:28.0934653Z ##[endgroup]
2026-10-05T22:14:28.1069675Z $ node scripts/check-date-time-source-ports.mjs && vitest run --config vitest.date-time.browser.config.ts
2026-10-05T22:14:28.2699782Z {"pin":"913cb1bb9b7f08c3ff0d258b4420e53835b6a58e","immutableAuthorities":27,"declarations":18,"assertionExpressions":43,"productTestsRun":0}
2026-10-05T22:14:28.7605176Z 
2026-10-05T22:14:28.7607471Z [1m[30m[46m RUN [49m[39m[22m [36mv4.1.10 [39m[90m/home/runner/work/cms/cms[39m
2026-10-05T22:14:28.7607767Z 
2026-10-05T22:14:28.8098429Z [2m10:14:28 PM[22m [36m[1m[vite][22m[39m [90m[2m(client)[22m[39m Re-optimizing dependencies because vite config has changed
2026-10-05T22:14:28.8103304Z [2m10:14:28 PM[22m [36m[1m[vite][22m[39m [34m[2m(ssr)[22m[39m Re-optimizing dependencies because vite config has changed
2026-10-05T22:14:29.1918595Z 2026-10-05T22:14:29.190Z pw:browser <launching> /home/runner/.cache/ms-playwright/chromium_headless_shell-1243/chrome-headless-shell-linux64/chrome-headless-shell --disable-field-trial-config --disable-background-networking --disable-background-timer-throttling --disable-backgrounding-occluded-windows --disable-back-forward-cache --disable-breakpad --disable-client-side-phishing-detection --disable-component-extensions-with-background-pages --disable-component-update --no-default-browser-check --disable-default-apps --disable-dev-shm-usage --disable-edgeupdater --disable-extensions --disable-features=AvoidUnnecessaryBeforeUnloadCheckSync,DestroyProfileOnBrowserClose,DialMediaRouteProvider,GlobalMediaControls,HttpsUpgrades,LensOverlay,MediaRouter,PaintHolding,ThirdPartyStoragePartitioning,BlockOriginHeaderModificationOnRedirect,Translate,AutoDeElevate,OptimizationHints,msForceBrowserSignIn,msEdgeUpdateLaunchServicesPreferredVersion --enable-features=CDPScreenshotNewSurface --allow-pre-commit-input --disable-hang-monitor --disable-ipc-flooding-protection --disable-popup-blocking --disable-prompt-on-repost --disable-renderer-backgrounding --disable-updater-scheduler --force-color-profile=srgb --metrics-recording-only --no-first-run --password-store=basic --use-mock-keychain --no-service-autorun --export-tagged-pdf --disable-search-engine-choice-screen --unsafely-disable-devtools-self-xss-warnings --edge-skip-compat-layer-relaunch --disable-infobars --disable-search-engine-choice-screen --disable-sync --enable-unsafe-swiftshader --headless --hide-scrollbars --mute-audio --blink-settings=primaryHoverType=2,availableHoverTypes=2,primaryPointerType=4,availablePointerTypes=4 --user-data-dir=/tmp/playwright_chromiumdev_profile-Oly8RT --remote-debugging-pipe --no-startup-window
2026-10-05T22:14:29.1989073Z 2026-10-05T22:14:29.196Z pw:browser <launched> pid=2945
2026-10-05T22:14:29.2296768Z 2026-10-05T22:14:29.229Z pw:browser [pid=2945][err] [1005/221429.227139:ERROR:dbus/bus.cc:405] Failed to connect to the bus: Could not parse server address: Unknown address type (examples of valid types are "tcp" and on UNIX "unix")
2026-10-05T22:14:29.2339943Z 2026-10-05T22:14:29.232Z pw:browser [pid=2945][err] [1005/221429.232322:ERROR:dbus/object_proxy.cc:572] Failed to call method: org.freedesktop.DBus.NameHasOwner: object_path= /org/freedesktop/DBus: unknown error type: 
2026-10-05T22:14:29.2342546Z 2026-10-05T22:14:29.232Z pw:browser [pid=2945][err] [1005/221429.232691:ERROR:dbus/bus.cc:405] Failed to connect to the bus: Could not parse server address: Unknown address type (examples of valid types are "tcp" and on UNIX "unix")
2026-10-05T22:14:29.2356559Z 2026-10-05T22:14:29.235Z pw:browser [pid=2945][err] [1005/221429.235074:ERROR:dbus/object_proxy.cc:572] Failed to call method: org.freedesktop.DBus.NameHasOwner: object_path= /org/freedesktop/DBus: unknown error type: 
2026-10-05T22:14:29.2404870Z 2026-10-05T22:14:29.240Z pw:browser [pid=2945][err] [1005/221429.239946:WARNING:media/gpu/vaapi/vaapi_wrapper.cc:1660] drmGetDevices2() has not found any devices
2026-10-05T22:14:29.2429130Z 2026-10-05T22:14:29.242Z pw:browser [pid=2945][err] [1005/221429.241565:WARNING:sandbox/policy/linux/sandbox_linux.cc:405] InitializeSandbox() called with multiple threads in process gpu-process.
2026-10-05T22:14:29.4809113Z 2026-10-05T22:14:29.480Z pw:browser [pid=2945][err] [1005/221429.480416:INFO:CONSOLE:934] "[vite] connecting...", source: http://localhost:63315/@vite/client (934)
2026-10-05T22:14:29.4863267Z 2026-10-05T22:14:29.486Z pw:browser [pid=2945][err] [1005/221429.485371:INFO:CONSOLE:1045] "[vite] connected.", source: http://localhost:63315/@vite/client (1045)
2026-10-05T22:14:29.5142620Z 2026-10-05T22:14:29.514Z pw:browser [pid=2945][err] [1005/221429.512272:INFO:CONSOLE:934] "[vite] connecting...", source: http://localhost:63315/@vite/client (934)
2026-10-05T22:14:29.5196039Z 2026-10-05T22:14:29.519Z pw:browser [pid=2945][err] [1005/221429.517563:INFO:CONSOLE:1045] "[vite] connected.", source: http://localhost:63315/@vite/client (1045)
2026-10-05T22:14:30.3330275Z  [32m✓[39m [30m[43m chromium [49m[39m parity/emdash/date-time-widgets/source/packages/admin/tests/components/PublishingDateTimeEditor.test.tsx [2m([22m[2m4 tests[22m[2m)[22m[32m 215[2mms[22m[39m
2026-10-05T22:14:30.3485665Z 2026-10-05T22:14:30.348Z pw:browser [pid=2945][err] [1005/221430.347969:INFO:CONSOLE:934] "[vite] connecting...", source: http://localhost:63315/@vite/client (934)
2026-10-05T22:14:30.3494346Z 2026-10-05T22:14:30.349Z pw:browser [pid=2945][err] [1005/221430.349098:INFO:CONSOLE:1045] "[vite] connected.", source: http://localhost:63315/@vite/client (1045)
2026-10-05T22:14:30.4190236Z  [32m✓[39m [30m[43m chromium [49m[39m parity/emdash/date-time-widgets/source/packages/admin/tests/lib/publishing-datetime.test.ts [2m([22m[2m6 tests[22m[2m)[22m[32m 2[2mms[22m[39m
2026-10-05T22:14:30.4374275Z 2026-10-05T22:14:30.435Z pw:browser [pid=2945][err] [1005/221430.435411:INFO:CONSOLE:934] "[vite] connecting...", source: http://localhost:63315/@vite/client (934)
2026-10-05T22:14:30.4550326Z 2026-10-05T22:14:30.454Z pw:browser [pid=2945][err] [1005/221430.454207:INFO:CONSOLE:1045] "[vite] connected.", source: http://localhost:63315/@vite/client (1045)
2026-10-05T22:14:30.5741721Z  [32m✓[39m [30m[43m chromium [49m[39m tests/date-time-native/disabled-navigation.test.ts [2m([22m[2m1 test[22m[2m)[22m[32m 10[2mms[22m[39m
2026-10-05T22:14:30.5875779Z 2026-10-05T22:14:30.587Z pw:browser [pid=2945][err] [1005/221430.586670:INFO:CONSOLE:934] "[vite] connecting...", source: http://localhost:63315/@vite/client (934)
2026-10-05T22:14:30.5909222Z 2026-10-05T22:14:30.590Z pw:browser [pid=2945][err] [1005/221430.590688:INFO:CONSOLE:1045] "[vite] connected.", source: http://localhost:63315/@vite/client (1045)
2026-10-05T22:14:30.6569376Z  [32m✓[39m [30m[43m chromium [49m[39m tests/date-time-native/widgets.test.ts [2m([22m[2m6 tests[22m[2m)[22m[32m 8[2mms[22m[39m
2026-10-05T22:14:30.6706635Z 2026-10-05T22:14:30.670Z pw:browser [pid=2945][err] [1005/221430.669753:INFO:CONSOLE:934] "[vite] connecting...", source: http://localhost:63315/@vite/client (934)
2026-10-05T22:14:30.6783815Z 2026-10-05T22:14:30.678Z pw:browser [pid=2945][err] [1005/221430.677647:INFO:CONSOLE:1045] "[vite] connected.", source: http://localhost:63315/@vite/client (1045)
2026-10-05T22:14:30.7113525Z  [32m✓[39m [30m[43m chromium [49m[39m parity/emdash/date-time-widgets/source/packages/admin/tests/lib/datetime-local.test.ts [2m([22m[2m9 tests[22m[2m)[22m[32m 3[2mms[22m[39m
2026-10-05T22:14:30.7240320Z 2026-10-05T22:14:30.723Z pw:browser [pid=2945][err] [1005/221430.722859:INFO:CONSOLE:934] "[vite] connecting...", source: http://localhost:63315/@vite/client (934)
2026-10-05T22:14:30.7284602Z 2026-10-05T22:14:30.728Z pw:browser [pid=2945][err] [1005/221430.728177:INFO:CONSOLE:1045] "[vite] connected.", source: http://localhost:63315/@vite/client (1045)
2026-10-05T22:14:30.8059288Z  [32m✓[39m [30m[43m chromium [49m[39m tests/date-time-native/calendar-propagation.test.ts [2m([22m[2m1 test[22m[2m)[22m[32m 7[2mms[22m[39m
2026-10-05T22:14:30.8179194Z 2026-10-05T22:14:30.817Z pw:browser [pid=2945][err] [1005/221430.817550:INFO:CONSOLE:934] "[vite] connecting...", source: http://localhost:63315/@vite/client (934)
2026-10-05T22:14:30.8204430Z 2026-10-05T22:14:30.820Z pw:browser [pid=2945][err] [1005/221430.820277:INFO:CONSOLE:1045] "[vite] connected.", source: http://localhost:63315/@vite/client (1045)
2026-10-05T22:14:30.8752441Z  [32m✓[39m [30m[43m chromium [49m[39m tests/date-time-native/calendar-click.test.ts [2m([22m[2m1 test[22m[2m)[22m[32m 7[2mms[22m[39m
2026-10-05T22:14:30.8872906Z 2026-10-05T22:14:30.887Z pw:browser [pid=2945][err] [1005/221430.886979:INFO:CONSOLE:934] "[vite] connecting...", source: http://localhost:63315/@vite/client (934)
2026-10-05T22:14:30.8930423Z 2026-10-05T22:14:30.892Z pw:browser [pid=2945][err] [1005/221430.892846:INFO:CONSOLE:1045] "[vite] connected.", source: http://localhost:63315/@vite/client (1045)
2026-10-05T22:14:30.9468585Z  [32m✓[39m [30m[43m chromium [49m[39m tests/date-time-native/calendar-keyboard.test.ts [2m([22m[2m2 tests[22m[2m)[22m[32m 12[2mms[22m[39m
2026-10-05T22:14:30.9485403Z 
2026-10-05T22:14:30.9487643Z [2m Test Files [22m [1m[32m8 passed[39m[22m[90m (8)[39m
2026-10-05T22:14:30.9488398Z [2m      Tests [22m [1m[32m30 passed[39m[22m[90m (30)[39m
2026-10-05T22:14:30.9488682Z [2m   Start at [22m 22:14:28
2026-10-05T22:14:30.9489372Z [2m   Duration [22m 2.18s[2m (transform 0ms, setup 152ms, import 497ms, tests 265ms, environment 0ms)[22m
2026-10-05T22:14:30.9490526Z 
2026-10-05T22:14:30.9526811Z 2026-10-05T22:14:30.952Z pw:browser [pid=2945][err] [1005/221430.950658:INFO:CONSOLE:1080] "[vite] server connection lost. Polling for restart...", source: http://localhost:63315/@vite/client (1080)
2026-10-05T22:14:30.9528505Z 2026-10-05T22:14:30.952Z pw:browser [pid=2945][err] [1005/221430.951972:INFO:CONSOLE:1211] "[vite] server connection lost. Polling for restart...", source: http://localhost:63315/__vitest_browser__/tester-BJtsJFpD.js (1211)
2026-10-05T22:14:30.9600772Z 2026-10-05T22:14:30.959Z pw:browser [pid=2945] <gracefully close start>
2026-10-05T22:14:30.9755661Z 2026-10-05T22:14:30.975Z pw:browser [pid=2945] <process did exit: exitCode=0, signal=null>
2026-10-05T22:14:30.9757216Z 2026-10-05T22:14:30.975Z pw:browser [pid=2945] starting temporary directories cleanup
2026-10-05T22:14:30.9771076Z 2026-10-05T22:14:30.977Z pw:browser [pid=2945] finished temporary directories cleanup
2026-10-05T22:14:30.9771490Z 2026-10-05T22:14:30.977Z pw:browser [pid=2945] <gracefully close end>
2026-10-05T22:14:31.0056878Z ##[group]Run timeout --kill-after=30s 180s pnpm test:menu-browser-source
2026-10-05T22:14:31.0057191Z [36;1mtimeout --kill-after=30s 180s pnpm test:menu-browser-source[0m
2026-10-05T22:14:31.0090548Z shell: /usr/bin/bash -e {0}
2026-10-05T22:14:31.0090702Z env:
2026-10-05T22:14:31.0090851Z   PNPM_HOME: /home/runner/setup-pnpm/node_modules/.bin
2026-10-05T22:14:31.0091032Z   DEBUG: pw:browser
2026-10-05T22:14:31.0091227Z ##[endgroup]
2026-10-05T22:14:31.0224527Z $ node scripts/check-menu-source.mjs && vitest run --config vitest.menu-browser-source.config.ts
2026-10-05T22:14:31.2537384Z {"pin":"913cb1bb9b7f08c3ff0d258b4420e53835b6a58e","authorities":51,"wholeTests":12,"testDeclarations":204,"expectExpressions":495,"productTestsRun":0}
2026-10-05T22:14:31.7231921Z 
2026-10-05T22:14:31.7234503Z [1m[30m[46m RUN [49m[39m[22m [36mv4.1.10 [39m[90m/home/runner/work/cms/cms[39m
2026-10-05T22:14:31.7235392Z 
2026-10-05T22:14:31.7825364Z [2m10:14:31 PM[22m [36m[1m[vite][22m[39m [90m[2m(client)[22m[39m Re-optimizing dependencies because vite config has changed
2026-10-05T22:14:31.7831086Z [2m10:14:31 PM[22m [36m[1m[vite][22m[39m [34m[2m(ssr)[22m[39m Re-optimizing dependencies because vite config has changed
2026-10-05T22:14:32.1294878Z 2026-10-05T22:14:32.127Z pw:browser <launching> /home/runner/.cache/ms-playwright/chromium_headless_shell-1243/chrome-headless-shell-linux64/chrome-headless-shell --disable-field-trial-config --disable-background-networking --disable-background-timer-throttling --disable-backgrounding-occluded-windows --disable-back-forward-cache --disable-breakpad --disable-client-side-phishing-detection --disable-component-extensions-with-background-pages --disable-component-update --no-default-browser-check --disable-default-apps --disable-dev-shm-usage --disable-edgeupdater --disable-extensions --disable-features=AvoidUnnecessaryBeforeUnloadCheckSync,DestroyProfileOnBrowserClose,DialMediaRouteProvider,GlobalMediaControls,HttpsUpgrades,LensOverlay,MediaRouter,PaintHolding,ThirdPartyStoragePartitioning,BlockOriginHeaderModificationOnRedirect,Translate,AutoDeElevate,OptimizationHints,msForceBrowserSignIn,msEdgeUpdateLaunchServicesPreferredVersion --enable-features=CDPScreenshotNewSurface --allow-pre-commit-input --disable-hang-monitor --disable-ipc-flooding-protection --disable-popup-blocking --disable-prompt-on-repost --disable-renderer-backgrounding --disable-updater-scheduler --force-color-profile=srgb --metrics-recording-only --no-first-run --password-store=basic --use-mock-keychain --no-service-autorun --export-tagged-pdf --disable-search-engine-choice-screen --unsafely-disable-devtools-self-xss-warnings --edge-skip-compat-layer-relaunch --disable-infobars --disable-search-engine-choice-screen --disable-sync --enable-unsafe-swiftshader --headless --hide-scrollbars --mute-audio --blink-settings=primaryHoverType=2,availableHoverTypes=2,primaryPointerType=4,availablePointerTypes=4 --user-data-dir=/tmp/playwright_chromiumdev_profile-Y1Qoc0 --remote-debugging-pipe --no-startup-window
2026-10-05T22:14:32.1358826Z 2026-10-05T22:14:32.132Z pw:browser <launched> pid=3076
2026-10-05T22:14:32.1678760Z 2026-10-05T22:14:32.167Z pw:browser [pid=3076][err] [1005/221432.166349:ERROR:dbus/bus.cc:405] Failed to connect to the bus: Could not parse server address: Unknown address type (examples of valid types are "tcp" and on UNIX "unix")
2026-10-05T22:14:32.1726141Z 2026-10-05T22:14:32.172Z pw:browser [pid=3076][err] [1005/221432.172041:ERROR:dbus/object_proxy.cc:572] Failed to call method: org.freedesktop.DBus.NameHasOwner: object_path= /org/freedesktop/DBus: unknown error type: 
2026-10-05T22:14:32.1749884Z 2026-10-05T22:14:32.172Z pw:browser [pid=3076][err] [1005/221432.172090:ERROR:dbus/bus.cc:405] Failed to connect to the bus: Could not parse server address: Unknown address type (examples of valid types are "tcp" and on UNIX "unix")
2026-10-05T22:14:32.1779934Z 2026-10-05T22:14:32.174Z pw:browser [pid=3076][err] [1005/221432.174194:ERROR:dbus/object_proxy.cc:572] Failed to call method: org.freedesktop.DBus.NameHasOwner: object_path= /org/freedesktop/DBus: unknown error type: 
2026-10-05T22:14:32.1792184Z 2026-10-05T22:14:32.176Z pw:browser [pid=3076][err] [1005/221432.175488:WARNING:media/gpu/vaapi/vaapi_wrapper.cc:1660] drmGetDevices2() has not found any devices
2026-10-05T22:14:32.1802080Z 2026-10-05T22:14:32.178Z pw:browser [pid=3076][err] [1005/221432.177868:WARNING:sandbox/policy/linux/sandbox_linux.cc:405] InitializeSandbox() called with multiple threads in process gpu-process.
2026-10-05T22:14:32.3833157Z 2026-10-05T22:14:32.383Z pw:browser [pid=3076][err] [1005/221432.382962:INFO:CONSOLE:934] "[vite] connecting...", source: http://localhost:63315/@vite/client (934)
2026-10-05T22:14:32.3881210Z 2026-10-05T22:14:32.387Z pw:browser [pid=3076][err] [1005/221432.387075:INFO:CONSOLE:1045] "[vite] connected.", source: http://localhost:63315/@vite/client (1045)
2026-10-05T22:14:32.4129966Z 2026-10-05T22:14:32.411Z pw:browser [pid=3076][err] [1005/221432.411305:INFO:CONSOLE:934] "[vite] connecting...", source: http://localhost:63315/@vite/client (934)
2026-10-05T22:14:32.4215126Z 2026-10-05T22:14:32.421Z pw:browser [pid=3076][err] [1005/221432.414660:INFO:CONSOLE:1045] "[vite] connected.", source: http://localhost:63315/@vite/client (1045)
2026-10-05T22:14:33.3752209Z  [32m✓[39m [30m[43m chromium [49m[39m parity/emdash/menu-source/upstream/packages/admin/tests/components/MenuEditor.test.tsx [2m([22m[2m16 tests[22m[2m)[22m[33m 457[2mms[22m[39m
2026-10-05T22:14:33.4097655Z 2026-10-05T22:14:33.409Z pw:browser [pid=3076][err] [1005/221433.408976:INFO:CONSOLE:934] "[vite] connecting...", source: http://localhost:63315/@vite/client (934)
2026-10-05T22:14:33.4147898Z 2026-10-05T22:14:33.414Z pw:browser [pid=3076][err] [1005/221433.414542:INFO:CONSOLE:1045] "[vite] connected.", source: http://localhost:63315/@vite/client (1045)
2026-10-05T22:14:34.2541524Z  [32m✓[39m [30m[43m chromium [49m[39m parity/emdash/menu-source/upstream/packages/admin/tests/components/MenuList.test.tsx [2m([22m[2m9 tests[22m[2m)[22m[33m 639[2mms[22m[39m
2026-10-05T22:14:34.2561592Z 
2026-10-05T22:14:34.2563884Z [2m Test Files [22m [1m[32m2 passed[39m[22m[90m (2)[39m
2026-10-05T22:14:34.2564468Z [2m      Tests [22m [1m[32m25 passed[39m[22m[90m (25)[39m
2026-10-05T22:14:34.2564980Z [2m   Start at [22m 22:14:31
2026-10-05T22:14:34.2565622Z [2m   Duration [22m 2.53s[2m (transform 0ms, setup 0ms, import 510ms, tests 1.10s, environment 0ms)[22m
2026-10-05T22:14:34.2566314Z 
2026-10-05T22:14:34.2602649Z 2026-10-05T22:14:34.260Z pw:browser [pid=3076][err] [1005/221434.258377:INFO:CONSOLE:1080] "[vite] server connection lost. Polling for restart...", source: http://localhost:63315/@vite/client (1080)
2026-10-05T22:14:34.2604885Z 2026-10-05T22:14:34.260Z pw:browser [pid=3076][err] [1005/221434.259526:INFO:CONSOLE:1211] "[vite] server connection lost. Polling for restart...", source: http://localhost:63315/__vitest_browser__/tester-BJtsJFpD.js (1211)
2026-10-05T22:14:34.2695159Z 2026-10-05T22:14:34.269Z pw:browser [pid=3076] <gracefully close start>
2026-10-05T22:14:34.2859526Z 2026-10-05T22:14:34.285Z pw:browser [pid=3076] <process did exit: exitCode=0, signal=null>
2026-10-05T22:14:34.2863402Z 2026-10-05T22:14:34.285Z pw:browser [pid=3076] starting temporary directories cleanup
2026-10-05T22:14:34.2875687Z 2026-10-05T22:14:34.287Z pw:browser [pid=3076] finished temporary directories cleanup
2026-10-05T22:14:34.2876321Z 2026-10-05T22:14:34.287Z pw:browser [pid=3076] <gracefully close end>
2026-10-05T22:14:34.3177597Z ##[group]Run timeout --kill-after=30s 180s pnpm test:redirect-integration-source-browser
2026-10-05T22:14:34.3178589Z [36;1mtimeout --kill-after=30s 180s pnpm test:redirect-integration-source-browser[0m
2026-10-05T22:14:34.3210360Z shell: /usr/bin/bash -e {0}
2026-10-05T22:14:34.3210509Z env:
2026-10-05T22:14:34.3210659Z   PNPM_HOME: /home/runner/setup-pnpm/node_modules/.bin
2026-10-05T22:14:34.3210833Z   DEBUG: pw:browser
2026-10-05T22:14:34.3210953Z ##[endgroup]
2026-10-05T22:14:34.3376091Z $ node scripts/check-redirect-integration-source.mjs && vitest run --config vitest.redirect-integration-browser.config.ts
2026-10-05T22:14:34.5331983Z {"pin":"913cb1bb9b7f08c3ff0d258b4420e53835b6a58e","wholeSourceFiles":7,"wholeAuthorities":29,"declarations":18,"expectExpressions":42,"elementExpressions":9,"typeExpressions":1,"productTestsRun":0}
2026-10-05T22:14:35.0445993Z 
2026-10-05T22:14:35.0448432Z [1m[30m[46m RUN [49m[39m[22m [36mv4.1.10 [39m[90m/home/runner/work/cms/cms[39m
2026-10-05T22:14:35.0448913Z 
2026-10-05T22:14:35.1092820Z [2m10:14:35 PM[22m [36m[1m[vite][22m[39m [90m[2m(client)[22m[39m Re-optimizing dependencies because vite config has changed
2026-10-05T22:14:35.1098150Z [2m10:14:35 PM[22m [36m[1m[vite][22m[39m [34m[2m(ssr)[22m[39m Re-optimizing dependencies because vite config has changed
2026-10-05T22:14:35.4909860Z 2026-10-05T22:14:35.488Z pw:browser <launching> /home/runner/.cache/ms-playwright/chromium_headless_shell-1243/chrome-headless-shell-linux64/chrome-headless-shell --disable-field-trial-config --disable-background-networking --disable-background-timer-throttling --disable-backgrounding-occluded-windows --disable-back-forward-cache --disable-breakpad --disable-client-side-phishing-detection --disable-component-extensions-with-background-pages --disable-component-update --no-default-browser-check --disable-default-apps --disable-dev-shm-usage --disable-edgeupdater --disable-extensions --disable-features=AvoidUnnecessaryBeforeUnloadCheckSync,DestroyProfileOnBrowserClose,DialMediaRouteProvider,GlobalMediaControls,HttpsUpgrades,LensOverlay,MediaRouter,PaintHolding,ThirdPartyStoragePartitioning,BlockOriginHeaderModificationOnRedirect,Translate,AutoDeElevate,OptimizationHints,msForceBrowserSignIn,msEdgeUpdateLaunchServicesPreferredVersion --enable-features=CDPScreenshotNewSurface --allow-pre-commit-input --disable-hang-monitor --disable-ipc-flooding-protection --disable-popup-blocking --disable-prompt-on-repost --disable-renderer-backgrounding --disable-updater-scheduler --force-color-profile=srgb --metrics-recording-only --no-first-run --password-store=basic --use-mock-keychain --no-service-autorun --export-tagged-pdf --disable-search-engine-choice-screen --unsafely-disable-devtools-self-xss-warnings --edge-skip-compat-layer-relaunch --disable-infobars --disable-search-engine-choice-screen --disable-sync --enable-unsafe-swiftshader --headless --hide-scrollbars --mute-audio --blink-settings=primaryHoverType=2,availableHoverTypes=2,primaryPointerType=4,availablePointerTypes=4 --user-data-dir=/tmp/playwright_chromiumdev_profile-jxU6hh --remote-debugging-pipe --no-startup-window
2026-10-05T22:14:35.4975553Z 2026-10-05T22:14:35.497Z pw:browser <launched> pid=3209
2026-10-05T22:14:35.5329153Z 2026-10-05T22:14:35.531Z pw:browser [pid=3209][err] [1005/221435.530123:ERROR:dbus/bus.cc:405] Failed to connect to the bus: Could not parse server address: Unknown address type (examples of valid types are "tcp" and on UNIX "unix")
2026-10-05T22:14:35.5369911Z 2026-10-05T22:14:35.536Z pw:browser [pid=3209][err] [1005/221435.534154:ERROR:dbus/object_proxy.cc:572] Failed to call method: org.freedesktop.DBus.NameHasOwner: object_path= /org/freedesktop/DBus: unknown error type: 
2026-10-05T22:14:35.5395063Z 2026-10-05T22:14:35.536Z pw:browser [pid=3209][err] [1005/221435.534255:ERROR:dbus/bus.cc:405] Failed to connect to the bus: Could not parse server address: Unknown address type (examples of valid types are "tcp" and on UNIX "unix")
2026-10-05T22:14:35.5420791Z 2026-10-05T22:14:35.539Z pw:browser [pid=3209][err] [1005/221435.539438:WARNING:media/gpu/vaapi/vaapi_wrapper.cc:1660] drmGetDevices2() has not found any devices
2026-10-05T22:14:35.5447869Z 2026-10-05T22:14:35.539Z pw:browser [pid=3209][err] [1005/221435.539545:ERROR:dbus/object_proxy.cc:572] Failed to call method: org.freedesktop.DBus.NameHasOwner: object_path= /org/freedesktop/DBus: unknown error type: 
2026-10-05T22:14:35.5461632Z 2026-10-05T22:14:35.540Z pw:browser [pid=3209][err] [1005/221435.540637:WARNING:sandbox/policy/linux/sandbox_linux.cc:405] InitializeSandbox() called with multiple threads in process gpu-process.
2026-10-05T22:14:35.7726362Z 2026-10-05T22:14:35.772Z pw:browser [pid=3209][err] [1005/221435.772312:INFO:CONSOLE:934] "[vite] connecting...", source: http://localhost:63315/@vite/client (934)
2026-10-05T22:14:35.7773261Z 2026-10-05T22:14:35.777Z pw:browser [pid=3209][err] [1005/221435.776504:INFO:CONSOLE:1045] "[vite] connected.", source: http://localhost:63315/@vite/client (1045)
2026-10-05T22:14:35.8083078Z 2026-10-05T22:14:35.808Z pw:browser [pid=3209][err] [1005/221435.801241:INFO:CONSOLE:934] "[vite] connecting...", source: http://localhost:63315/@vite/client (934)
2026-10-05T22:14:35.8153126Z 2026-10-05T22:14:35.814Z pw:browser [pid=3209][err] [1005/221435.813499:INFO:CONSOLE:1045] "[vite] connected.", source: http://localhost:63315/@vite/client (1045)
2026-10-05T22:14:36.5359459Z  [32m✓[39m [30m[43m chromium [49m[39m parity/emdash/redirect-integration-source/upstream/packages/admin/tests/components/Redirects.test.tsx [2m([22m[2m3 tests[22m[2m)[22m[33m 316[2mms[22m[39m
2026-10-05T22:14:36.5377812Z 
2026-10-05T22:14:36.5380443Z [2m Test Files [22m [1m[32m1 passed[39m[22m[90m (1)[39m
2026-10-05T22:14:36.5380910Z [2m      Tests [22m [1m[32m3 passed[39m[22m[90m (3)[39m
2026-10-05T22:14:36.5381272Z [2m   Start at [22m 22:14:35
2026-10-05T22:14:36.5381894Z [2m   Duration [22m 1.49s[2m (transform 0ms, setup 96ms, import 186ms, tests 316ms, environment 0ms)[22m
2026-10-05T22:14:36.5382416Z 
2026-10-05T22:14:36.5419368Z 2026-10-05T22:14:36.541Z pw:browser [pid=3209][err] [1005/221436.539606:INFO:CONSOLE:1080] "[vite] server connection lost. Polling for restart...", source: http://localhost:63315/@vite/client (1080)
2026-10-05T22:14:36.5420917Z 2026-10-05T22:14:36.541Z pw:browser [pid=3209][err] [1005/221436.540384:INFO:CONSOLE:1211] "[vite] server connection lost. Polling for restart...", source: http://localhost:63315/__vitest_browser__/tester-BJtsJFpD.js (1211)
2026-10-05T22:14:36.5492217Z 2026-10-05T22:14:36.548Z pw:browser [pid=3209] <gracefully close start>
2026-10-05T22:14:36.5622673Z 2026-10-05T22:14:36.562Z pw:browser [pid=3209] <process did exit: exitCode=0, signal=null>
2026-10-05T22:14:36.5623370Z 2026-10-05T22:14:36.562Z pw:browser [pid=3209] starting temporary directories cleanup
2026-10-05T22:14:36.5637054Z 2026-10-05T22:14:36.563Z pw:browser [pid=3209] finished temporary directories cleanup
2026-10-05T22:14:36.5637449Z 2026-10-05T22:14:36.563Z pw:browser [pid=3209] <gracefully close end>
2026-10-05T22:14:36.5890288Z ##[group]Run timeout --kill-after=30s 180s pnpm test:sections-widgets-browser
2026-10-05T22:14:36.5890608Z [36;1mtimeout --kill-after=30s 180s pnpm test:sections-widgets-browser[0m
2026-10-05T22:14:36.5922463Z shell: /usr/bin/bash -e {0}
2026-10-05T22:14:36.5922610Z env:
2026-10-05T22:14:36.5922752Z   PNPM_HOME: /home/runner/setup-pnpm/node_modules/.bin
2026-10-05T22:14:36.5922925Z   DEBUG: pw:browser
2026-10-05T22:14:36.5923044Z ##[endgroup]
2026-10-05T22:14:36.6047721Z $ vitest run --config vitest.sections-widgets-browser.config.ts
2026-10-05T22:14:37.0395399Z 
2026-10-05T22:14:37.0397605Z [1m[30m[46m RUN [49m[39m[22m [36mv4.1.10 [39m[90m/home/runner/work/cms/cms[39m
2026-10-05T22:14:37.0397827Z 
2026-10-05T22:14:37.0964059Z [2m10:14:37 PM[22m [36m[1m[vite][22m[39m [90m[2m(client)[22m[39m Re-optimizing dependencies because vite config has changed
2026-10-05T22:14:37.0968916Z [2m10:14:37 PM[22m [36m[1m[vite][22m[39m [34m[2m(ssr)[22m[39m Re-optimizing dependencies because vite config has changed
2026-10-05T22:14:37.5846357Z 2026-10-05T22:14:37.583Z pw:browser <launching> /home/runner/.cache/ms-playwright/chromium_headless_shell-1243/chrome-headless-shell-linux64/chrome-headless-shell --disable-field-trial-config --disable-background-networking --disable-background-timer-throttling --disable-backgrounding-occluded-windows --disable-back-forward-cache --disable-breakpad --disable-client-side-phishing-detection --disable-component-extensions-with-background-pages --disable-component-update --no-default-browser-check --disable-default-apps --disable-dev-shm-usage --disable-edgeupdater --disable-extensions --disable-features=AvoidUnnecessaryBeforeUnloadCheckSync,DestroyProfileOnBrowserClose,DialMediaRouteProvider,GlobalMediaControls,HttpsUpgrades,LensOverlay,MediaRouter,PaintHolding,ThirdPartyStoragePartitioning,BlockOriginHeaderModificationOnRedirect,Translate,AutoDeElevate,OptimizationHints,msForceBrowserSignIn,msEdgeUpdateLaunchServicesPreferredVersion --enable-features=CDPScreenshotNewSurface --allow-pre-commit-input --disable-hang-monitor --disable-ipc-flooding-protection --disable-popup-blocking --disable-prompt-on-repost --disable-renderer-backgrounding --disable-updater-scheduler --force-color-profile=srgb --metrics-recording-only --no-first-run --password-store=basic --use-mock-keychain --no-service-autorun --export-tagged-pdf --disable-search-engine-choice-screen --unsafely-disable-devtools-self-xss-warnings --edge-skip-compat-layer-relaunch --disable-infobars --disable-search-engine-choice-screen --disable-sync --enable-unsafe-swiftshader --headless --hide-scrollbars --mute-audio --blink-settings=primaryHoverType=2,availableHoverTypes=2,primaryPointerType=4,availablePointerTypes=4 --user-data-dir=/tmp/playwright_chromiumdev_profile-bMmOo0 --remote-debugging-pipe --no-startup-window
2026-10-05T22:14:37.5887117Z 2026-10-05T22:14:37.588Z pw:browser <launched> pid=3326
2026-10-05T22:14:37.6179388Z 2026-10-05T22:14:37.617Z pw:browser [pid=3326][err] [1005/221437.615138:ERROR:dbus/bus.cc:405] Failed to connect to the bus: Could not parse server address: Unknown address type (examples of valid types are "tcp" and on UNIX "unix")
2026-10-05T22:14:37.6242651Z 2026-10-05T22:14:37.620Z pw:browser [pid=3326][err] [1005/221437.620095:ERROR:dbus/object_proxy.cc:572] Failed to call method: org.freedesktop.DBus.NameHasOwner: object_path= /org/freedesktop/DBus: unknown error type: 
2026-10-05T22:14:37.6266440Z 2026-10-05T22:14:37.620Z pw:browser [pid=3326][err] [1005/221437.620181:ERROR:dbus/bus.cc:405] Failed to connect to the bus: Could not parse server address: Unknown address type (examples of valid types are "tcp" and on UNIX "unix")
2026-10-05T22:14:37.6306760Z 2026-10-05T22:14:37.624Z pw:browser [pid=3326][err] [1005/221437.624263:WARNING:media/gpu/vaapi/vaapi_wrapper.cc:1660] drmGetDevices2() has not found any devices
2026-10-05T22:14:37.6308789Z 2026-10-05T22:14:37.628Z pw:browser [pid=3326][err] [1005/221437.626169:ERROR:dbus/object_proxy.cc:572] Failed to call method: org.freedesktop.DBus.NameHasOwner: object_path= /org/freedesktop/DBus: unknown error type: 
2026-10-05T22:14:37.6310169Z 2026-10-05T22:14:37.628Z pw:browser [pid=3326][err] [1005/221437.626499:WARNING:sandbox/policy/linux/sandbox_linux.cc:405] InitializeSandbox() called with multiple threads in process gpu-process.
2026-10-05T22:14:38.0321351Z 2026-10-05T22:14:38.031Z pw:browser [pid=3326][err] [1005/221438.031048:INFO:CONSOLE:934] "[vite] connecting...", source: http://localhost:63315/@vite/client (934)
2026-10-05T22:14:38.0367528Z 2026-10-05T22:14:38.036Z pw:browser [pid=3326][err] [1005/221438.035748:INFO:CONSOLE:1045] "[vite] connected.", source: http://localhost:63315/@vite/client (1045)
2026-10-05T22:14:38.0707520Z 2026-10-05T22:14:38.069Z pw:browser [pid=3326][err] [1005/221438.063517:INFO:CONSOLE:934] "[vite] connecting...", source: http://localhost:63315/@vite/client (934)
2026-10-05T22:14:38.0773186Z 2026-10-05T22:14:38.075Z pw:browser [pid=3326][err] [1005/221438.073573:INFO:CONSOLE:1045] "[vite] connected.", source: http://localhost:63315/@vite/client (1045)
2026-10-05T22:14:39.2212555Z  [32m✓[39m [30m[43m chromium [49m[39m parity/emdash/sections-widgets-source/upstream/packages/admin/tests/components/Sections.test.tsx [2m([22m[2m12 tests[22m[2m)[22m[33m 448[2mms[22m[39m
2026-10-05T22:14:39.2425040Z 2026-10-05T22:14:39.242Z pw:browser [pid=3326][err] [1005/221439.241866:INFO:CONSOLE:934] "[vite] connecting...", source: http://localhost:63315/@vite/client (934)
2026-10-05T22:14:39.2541028Z 2026-10-05T22:14:39.253Z pw:browser [pid=3326][err] [1005/221439.252515:INFO:CONSOLE:1045] "[vite] connected.", source: http://localhost:63315/@vite/client (1045)
2026-10-05T22:14:39.6150177Z  [32m✓[39m [30m[43m chromium [49m[39m parity/emdash/sections-widgets-source/upstream/packages/admin/tests/components/Widgets.test.tsx [2m([22m[2m10 tests[22m[2m)[22m[32m 107[2mms[22m[39m
2026-10-05T22:14:39.6423820Z 2026-10-05T22:14:39.642Z pw:browser [pid=3326][err] [1005/221439.641927:INFO:CONSOLE:934] "[vite] connecting...", source: http://localhost:63315/@vite/client (934)
2026-10-05T22:14:39.6506525Z 2026-10-05T22:14:39.650Z pw:browser [pid=3326][err] [1005/221439.649665:INFO:CONSOLE:1045] "[vite] connected.", source: http://localhost:63315/@vite/client (1045)
2026-10-05T22:14:39.9159793Z 2026-10-05T22:14:39.914Z pw:browser [pid=3326][err] [1005/221439.914490:INFO:CONSOLE:1222] "Attempted to synchronously unmount a root while React was already rendering. React cannot finish unmounting the root until the current render has completed, which may lead to a race condition.", source: http://localhost:63315/__vitest_browser__/tester-BJtsJFpD.js (1222)
2026-10-05T22:14:39.9162343Z [90mstderr[2m | parity/emdash/sections-widgets-source/upstream/packages/admin/tests/components/SectionEditor.test.tsx[2m > [22m[2mSectionEditor[2m > [22m[2mkeeps detail inputs within their panel at a narrow width in rtl
2026-10-05T22:14:39.9164131Z [22m[39mAttempted to synchronously unmount a root while React was already rendering. React cannot finish unmounting the root until the current render has completed, which may lead to a race condition.
2026-10-05T22:14:39.9475491Z [90mstderr[2m | parity/emdash/sections-widgets-source/upstream/packages/admin/tests/components/SectionEditor.test.tsx[2m > [22m[2mSectionEditor[2m > [22m[2mopens the image settings panel when a block requests the sidebar
2026-10-05T22:14:39.9477202Z [22m[39mAttempted to synchronously unmount a root while React was already rendering. React cannot finish unmounting the root until the current render has completed, which may lead to a race condition.
2026-10-05T22:14:39.9484495Z 2026-10-05T22:14:39.948Z pw:browser [pid=3326][err] [1005/221439.947918:INFO:CONSOLE:1222] "Attempted to synchronously unmount a root while React was already rendering. React cannot finish unmounting the root until the current render has completed, which may lead to a race condition.", source: http://localhost:63315/__vitest_browser__/tester-BJtsJFpD.js (1222)
2026-10-05T22:14:39.9642964Z 2026-10-05T22:14:39.964Z pw:browser [pid=3326][err] [1005/221439.963914:INFO:CONSOLE:1222] "Attempted to synchronously unmount a root while React was already rendering. React cannot finish unmounting the root until the current render has completed, which may lead to a race condition.", source: http://localhost:63315/__vitest_browser__/tester-BJtsJFpD.js (1222)
2026-10-05T22:14:39.9653662Z [90mstderr[2m | parity/emdash/sections-widgets-source/upstream/packages/admin/tests/components/SectionEditor.test.tsx[2m > [22m[2mSectionEditor[2m > [22m[2mshows both clean save actions as Saved
2026-10-05T22:14:39.9654638Z [22m[39mAttempted to synchronously unmount a root while React was already rendering. React cannot finish unmounting the root until the current render has completed, which may lead to a race condition.
2026-10-05T22:14:39.9841280Z 2026-10-05T22:14:39.983Z pw:browser [pid=3326][err] [1005/221439.982883:INFO:CONSOLE:1222] "Attempted to synchronously unmount a root while React was already rendering. React cannot finish unmounting the root until the current render has completed, which may lead to a race condition.", source: http://localhost:63315/__vitest_browser__/tester-BJtsJFpD.js (1222)
2026-10-05T22:14:39.9853846Z [90mstderr[2m | parity/emdash/sections-widgets-source/upstream/packages/admin/tests/components/SectionEditor.test.tsx[2m > [22m[2mSectionEditor[2m > [22m[2mpasses plugin block definitions to PortableTextEditor
2026-10-05T22:14:39.9854916Z [22m[39mAttempted to synchronously unmount a root while React was already rendering. React cannot finish unmounting the root until the current render has completed, which may lead to a race condition.
2026-10-05T22:14:40.0054562Z  [32m✓[39m [30m[43m chromium [49m[39m parity/emdash/sections-widgets-source/upstream/packages/admin/tests/components/SectionEditor.test.tsx [2m([22m[2m5 tests[22m[2m)[22m[32m 108[2mms[22m[39m
2026-10-05T22:14:40.0369690Z 2026-10-05T22:14:40.035Z pw:browser [pid=3326][err] [1005/221440.035103:INFO:CONSOLE:934] "[vite] connecting...", source: http://localhost:63315/@vite/client (934)
2026-10-05T22:14:40.0528414Z 2026-10-05T22:14:40.052Z pw:browser [pid=3326][err] [1005/221440.052409:INFO:CONSOLE:1045] "[vite] connected.", source: http://localhost:63315/@vite/client (1045)
2026-10-05T22:14:40.9264287Z  [32m✓[39m [30m[43m chromium [49m[39m parity/emdash/sections-widgets-source/upstream/packages/admin/tests/components/SectionPickerModal.test.tsx [2m([22m[2m8 tests[22m[2m)[22m[33m 702[2mms[22m[39m
2026-10-05T22:14:40.9265353Z      [33m[2m✓[22m[39m search input filters results [33m 320[2mms[22m[39m
2026-10-05T22:14:40.9265940Z      [33m[2m✓[22m[39m shows filtered empty state when search has no results [33m 307[2mms[22m[39m
2026-10-05T22:14:40.9283484Z 
2026-10-05T22:14:40.9285669Z [2m Test Files [22m [1m[32m4 passed[39m[22m[90m (4)[39m
2026-10-05T22:14:40.9286224Z [2m      Tests [22m [1m[32m35 passed[39m[22m[90m (35)[39m
2026-10-05T22:14:40.9286623Z [2m   Start at [22m 22:14:37
2026-10-05T22:14:40.9287201Z [2m   Duration [22m 3.89s[2m (transform 0ms, setup 35ms, import 1.04s, tests 1.37s, environment 0ms)[22m
2026-10-05T22:14:40.9289697Z 
2026-10-05T22:14:40.9321489Z 2026-10-05T22:14:40.932Z pw:browser [pid=3326][err] [1005/221440.930422:INFO:CONSOLE:1080] "[vite] server connection lost. Polling for restart...", source: http://localhost:63315/@vite/client (1080)
2026-10-05T22:14:40.9331212Z 2026-10-05T22:14:40.932Z pw:browser [pid=3326][err] [1005/221440.931202:INFO:CONSOLE:1211] "[vite] server connection lost. Polling for restart...", source: http://localhost:63315/__vitest_browser__/tester-BJtsJFpD.js (1211)
2026-10-05T22:14:40.9406947Z 2026-10-05T22:14:40.940Z pw:browser [pid=3326] <gracefully close start>
2026-10-05T22:14:40.9553893Z 2026-10-05T22:14:40.955Z pw:browser [pid=3326] <process did exit: exitCode=0, signal=null>
2026-10-05T22:14:40.9556770Z 2026-10-05T22:14:40.955Z pw:browser [pid=3326] starting temporary directories cleanup
2026-10-05T22:14:40.9572874Z 2026-10-05T22:14:40.957Z pw:browser [pid=3326] finished temporary directories cleanup
2026-10-05T22:14:40.9573201Z 2026-10-05T22:14:40.957Z pw:browser [pid=3326] <gracefully close end>
2026-10-05T22:14:40.9992534Z ##[group]Run timeout --kill-after=30s 180s pnpm test:comments-browser
2026-10-05T22:14:40.9992831Z [36;1mtimeout --kill-after=30s 180s pnpm test:comments-browser[0m
2026-10-05T22:14:41.0023072Z shell: /usr/bin/bash -e {0}
2026-10-05T22:14:41.0023218Z env:
2026-10-05T22:14:41.0023363Z   PNPM_HOME: /home/runner/setup-pnpm/node_modules/.bin
2026-10-05T22:14:41.0023560Z   DEBUG: pw:browser
2026-10-05T22:14:41.0023678Z ##[endgroup]
2026-10-05T22:14:41.0153055Z $ node scripts/check-comments-source.mjs && vitest run --config vitest.comments-browser.config.ts
2026-10-05T22:14:41.2698710Z {
2026-10-05T22:14:41.2699328Z   "pin": "913cb1bb9b7f08c3ff0d258b4420e53835b6a58e",
2026-10-05T22:14:41.2700630Z   "authorities": 85,
2026-10-05T22:14:41.2701049Z   "wholeProducts": 32,
2026-10-05T22:14:41.2701285Z   "wholeFiles": 8,
2026-10-05T22:14:41.2701467Z   "declarations": 109,
2026-10-05T22:14:41.2701650Z   "expects": 245,
2026-10-05T22:14:41.2701827Z   "elements": 6,
2026-10-05T22:14:41.2702077Z   "executed": 0,
2026-10-05T22:14:41.2702197Z   "counts": [
2026-10-05T22:14:41.2702310Z     {
2026-10-05T22:14:41.2702515Z       "source": "packages/admin/tests/components/CommentInbox.test.tsx",
2026-10-05T22:14:41.2702842Z       "declarations": 4,
2026-10-05T22:14:41.2703038Z       "expects": 4,
2026-10-05T22:14:41.2703212Z       "elements": 6,
2026-10-05T22:14:41.2703405Z       "callbackSha256": [
2026-10-05T22:14:41.2703735Z         "917a47a84ea4959c6af3b8ee020663e1be97c591d67fc3d3d55d6af9c4ed35e8",
2026-10-05T22:14:41.2704049Z         "e46be065bab3573b31ee29160dcf7036711c97995868a4145e6ad6938110de87",
2026-10-05T22:14:41.2704327Z         "04ac39278bc866c77b623ab9952f072924dabfa12cfd23ce6b4608ea0017237b",
2026-10-05T22:14:41.2704876Z         "bc529120b8475391a6324f4414b20c49cce18d6eff001327cf56abded417a77a"
2026-10-05T22:14:41.2705076Z       ]
2026-10-05T22:14:41.2705181Z     },
2026-10-05T22:14:41.2705282Z     {
2026-10-05T22:14:41.2705467Z       "source": "packages/core/tests/integration/comments/hooks.test.ts",
2026-10-05T22:14:41.2705674Z       "declarations": 19,
2026-10-05T22:14:41.2705807Z       "expects": 45,
2026-10-05T22:14:41.2705926Z       "elements": 0,
2026-10-05T22:14:41.2706051Z       "callbackSha256": [
2026-10-05T22:14:41.2706261Z         "9da58b220c2d9b8193badde7b59eb096a0f48086e0781be57fa16e03f0e67900",
2026-10-05T22:14:41.2706544Z         "35fe25131ee8328e006817c1ad2ca03fcb8506eecba91c64fb12a3a8d6f01deb",
2026-10-05T22:14:41.2706820Z         "a8ea0c0c452390da7e0f195b39323a44f2d5c1562773b8bda52842dbe88350f9",
2026-10-05T22:14:41.2707096Z         "0131b0c4570805a6535bfb03b2ea9e34338ee878bcda0f74ccc816c8ce06fbbb",
2026-10-05T22:14:41.2707373Z         "fc2c37ed1d6efdd3803af14b5efd9ec2029e5e4b55b858757b7d9a7cd9566d4b",
2026-10-05T22:14:41.2707660Z         "f757aa3f669a689c33a38e550b2954bb5ebffe8a7c81f48133b2c7c4276c98f6",
2026-10-05T22:14:41.2707933Z         "b9d48b7390291a7ddcd5a5774cedcbd77eb9b5871738dc8193c06a76acddb87e",
2026-10-05T22:14:41.2708369Z         "a69e70b117a68f9c9da761b15d79463263b95bfd3dbc23af93f88aaafb720795",
2026-10-05T22:14:41.2708645Z         "ff1093bb106e5a0301f3c68feb60eaeb6bf00507181343349a6885ab708b4e89",
2026-10-05T22:14:41.2708912Z         "dc96d4a54960330762643da7be3e8f846736f508189eafffafe2dcbaf7c37ac0",
2026-10-05T22:14:41.2709185Z         "92bdeb0519cdd69cd6c099288746dcb412e1416e26c8bde44f3b8bd4604d3f0e",
2026-10-05T22:14:41.2709453Z         "b0291f3d3f331a8512eb66f119922a737c27e8be9248912ff560d66c2d00c5fc",
2026-10-05T22:14:41.2709738Z         "1463ab571f956b7f6e1d830620c6b90172f06829297972d044534e972d515f07",
2026-10-05T22:14:41.2710001Z         "cc52ff5a5ef6810c2908c36c2e930a0548b30dc609eb39227634cde9418a22a2",
2026-10-05T22:14:41.2710265Z         "e5219f9b2899d4810adc4002d97704d49ae0a53087199454fc7d5bd52fb2df20",
2026-10-05T22:14:41.2710535Z         "a80970e65860f6885b6fd512ebd06726b8a7113b3d24da2e278095387243585a",
2026-10-05T22:14:41.2710802Z         "ab6599da9ccb3cbfc6a411e2f9e83d5773cb4527898498e4523142da69c8a33d",
2026-10-05T22:14:41.2711213Z         "0547886a915ab9958f7d7ea1b8011d63af7a98083b02c34960ba7d36c161c89b",
2026-10-05T22:14:41.2711482Z         "26adf43cf714274916462efc6a4a6a16ccb72ed7ca0d94029944c422a04540ea"
2026-10-05T22:14:41.2711678Z       ]
2026-10-05T22:14:41.2711778Z     },
2026-10-05T22:14:41.2711879Z     {
2026-10-05T22:14:41.2712077Z       "source": "packages/core/tests/integration/comments/notifications.test.ts",
2026-10-05T22:14:41.2712292Z       "declarations": 16,
2026-10-05T22:14:41.2712422Z       "expects": 42,
2026-10-05T22:14:41.2712541Z       "elements": 0,
2026-10-05T22:14:41.2712661Z       "callbackSha256": [
2026-10-05T22:14:41.2712864Z         "8b7dedb2c1082d1ba2790f94bf1e826656f9136a049e442db25f95bc670145a6",
2026-10-05T22:14:41.2713142Z         "a991502b7360b744dc940b41add67c6f768581e3ac3e53fa21f856e648ef19bd",
2026-10-05T22:14:41.2713408Z         "086c5320e170c86623db990116b7935bbed14059d8502bd310b3c7824ad10bdf",
2026-10-05T22:14:41.2713677Z         "327d89d822b45a3b605a4f933532a29723eb881d1a3db5c4557aa3cf8da16aaa",
2026-10-05T22:14:41.2713948Z         "48dab2467ff3973021754e4b808bf2b73ed03893ec829ab3787fa25cc36e50ac",
2026-10-05T22:14:41.2714218Z         "7e47c0e375de7d7284196eea32dc134b9eaf921c3845ed79c5b682945493a569",
2026-10-05T22:14:41.2714492Z         "c125b2ee1a364d8d19d5904afe9366f14a436cb97c4d13f76ac328ee65698790",
2026-10-05T22:14:41.2714768Z         "0c31bb2c7afc948aaf67cb7fc1bb765e533dc585640dae93f4e5fb5d769a7e13",
2026-10-05T22:14:41.2715038Z         "9a63e69e93b29002e6555885c64a143a7946ef1eb8f5f2623344bff9fcc111bf",
2026-10-05T22:14:41.2715310Z         "b8dd93a2c14e840155ab4d4537180e63e30914ede7cdc61320ce4fb83c2e4304",
2026-10-05T22:14:41.2715580Z         "d6f3ae4ffe9f532687b366bb39ca5b853332f906a422b3817c6e66651e64832e",
2026-10-05T22:14:41.2715907Z         "cc7125186cba9d852fdf2c8c9e1cfd88a2a03d5d29273f64cf8c2a58da135cc7",
2026-10-05T22:14:41.2716182Z         "bfe9d24ef54eb8196589913b0677eab31ab32e12d8ec6bcd5994f36e109fe4f3",
2026-10-05T22:14:41.2716456Z         "6beb1371707bdbfa26cc53765cda3b66632212eda21eb8691f45d140c0a8ab39",
2026-10-05T22:14:41.2716731Z         "9e47dfce5cd6e6234be0ad1041fcbe61866b25118ab6778a44e7cd95f021ae93",
2026-10-05T22:14:41.2717005Z         "47c203d83cf9c2feff47d4fceb671f5e4ac4859ed80c185df467634d4300f645"
2026-10-05T22:14:41.2717199Z       ]
2026-10-05T22:14:41.2717298Z     },
2026-10-05T22:14:41.2717396Z     {
2026-10-05T22:14:41.2717580Z       "source": "packages/core/tests/integration/comments/reactions.test.ts",
2026-10-05T22:14:41.2717786Z       "declarations": 12,
2026-10-05T22:14:41.2717915Z       "expects": 24,
2026-10-05T22:14:41.2718031Z       "elements": 0,
2026-10-05T22:14:41.2718262Z       "callbackSha256": [
2026-10-05T22:14:41.2718467Z         "be5555fd932cf013282dae83114f92f73e1efc33c23fd507fbee18b2ca4731b2",
2026-10-05T22:14:41.2718752Z         "1fec9e9f88c6796b86af7d2389edc863a8be911ab73687f580e648389a31dda7",
2026-10-05T22:14:41.2719026Z         "f5ed3f857a9c033b47ce32530447714740afebafa7ee48cdc28e940f94dd61eb",
2026-10-05T22:14:41.2719304Z         "a1d6f7def605e1674d422b0d20eddd2aca465755ce3fe761f1cffcf8d63e9ca3",
2026-10-05T22:14:41.2719575Z         "c453b17849de93167aa835d084d7ff66166dd5c5b2db63854f3edaf2072665da",
2026-10-05T22:14:41.2719841Z         "41c423528d1386eb73a0130c26c377f54a872bbd0e7d313c92a4fd5ff1dd6008",
2026-10-05T22:14:41.2720115Z         "14be4a97cc5905a26f3089b085d1bedb7c15bea3caa49fd74d39e05fd12f8dc1",
2026-10-05T22:14:41.2720387Z         "584d5b016cf0fa606e66b53efb5b2d7de6a21b776e8ac621c465140097c17576",
2026-10-05T22:14:41.2720655Z         "e92ba7892113d4ed1ce719f37b400bf340265b92e12a53baca771636986d2a87",
2026-10-05T22:14:41.2720927Z         "b14868353cc3da78e4ae6688c0b406d5ab572dfc813fcc6ad3117926bea24d59",
2026-10-05T22:14:41.2721196Z         "5032708773a0c9551bb6c99ac767724da25ab5a801035947e3d5200d5c786402",
2026-10-05T22:14:41.2721470Z         "cb61c72ee8e5b554de2316b43356e92a2e778cf4dd106fcf2badd99693995b8b"
2026-10-05T22:14:41.2721661Z       ]
2026-10-05T22:14:41.2721758Z     },
2026-10-05T22:14:41.2721854Z     {
2026-10-05T22:14:41.2722113Z       "source": "packages/core/tests/integration/comments/repository.test.ts",
2026-10-05T22:14:41.2722322Z       "declarations": 32,
2026-10-05T22:14:41.2722447Z       "expects": 88,
2026-10-05T22:14:41.2722566Z       "elements": 0,
2026-10-05T22:14:41.2722689Z       "callbackSha256": [
2026-10-05T22:14:41.2722885Z         "7f515c8401b5d39cd4d73e0a502f870d701521cf36022990d2c6ad1f51868fb6",
2026-10-05T22:14:41.2723159Z         "5c839c76b879d95ff94a7f29a649bcd976b62ec27d1d2fa577f5b18426c2bd88",
2026-10-05T22:14:41.2723428Z         "9ec3e701c50f238246aac08c0d3288fb8d59e0c7a164a77cd4d306e7e1502c05",
2026-10-05T22:14:41.2723701Z         "af5fd3f72ca9b56bba5cd85309e06408a791980d084e9d8730fa6322f3c999fb",
2026-10-05T22:14:41.2723975Z         "20640a8c8265df14170626073091ee6b7299ac0618f85364d4de8433b11669a2",
2026-10-05T22:14:41.2724240Z         "c461a440b78d4ba62371148492b860ea6639fe44bfcf4fd2af2d5d7c6bea7791",
2026-10-05T22:14:41.2724511Z         "445812ccf1ac99b42b561d7891aa9091ebe4f4dad743af1297d53f874660ca94",
2026-10-05T22:14:41.2724782Z         "1a43d5e71caf85bdc13cd804dc1999a66cd94f500317877176714e7fba106e7f",
2026-10-05T22:14:41.2725053Z         "fde9f4363b1fa93aaee0047ad084f2eb0f8c417423a6313e55b177195e74837b",
2026-10-05T22:14:41.2725326Z         "a2cae246439eafb3d956b498630cc912c52dae9755c9aa7b065f75bece25a75e",
2026-10-05T22:14:41.2725607Z         "5feb42ea5a619cafb892ac2a53ccd6da4ba21e14904ed1958dd73cdb38099f12",
2026-10-05T22:14:41.2725885Z         "b2bd108340f8dde3e1a9140e05beef305e24b0febfc69fa68347fd23cf76e7ed",
2026-10-05T22:14:41.2726164Z         "f6f57e3ad920d34026ebacf0f4ab691c33e494e674b509e21c26cfe269c3ec82",
2026-10-05T22:14:41.2726434Z         "60d5e656518c020365f2dff61a008fb6bc8add951fbd869f2a49e2b20136bfd6",
2026-10-05T22:14:41.2726746Z         "e4e75e3faba8fcaae234b305e080a035fb4efd8eb3a59f2b39cc19d998f32701",
2026-10-05T22:14:41.2727025Z         "04d4ba095f119df931da72eaac2afb673222f366d84c10f54216360db8b07485",
2026-10-05T22:14:41.2727298Z         "977852c0a1c9b3e7187c2a58aac55c44c395a124452ce9a14089f4fb64ed3649",
2026-10-05T22:14:41.2727562Z         "90c648031c0d4a0d03d96f75c5cb857150d8c5499abc6b8d18f489384e3a9b82",
2026-10-05T22:14:41.2727830Z         "450ee62d33c0c16579fa1048ad9594975085fcec5790f036f6e3e70173776000",
2026-10-05T22:14:41.2728209Z         "19e14cdf9ace273cbb5f6b5969a1eb591ddbe5301914349a133a112c7321e254",
2026-10-05T22:14:41.2728482Z         "6a1af0604e321f6a6c02c08ab60e2d9f53a5cd40eb096efb8d03d0cd8ba016e5",
2026-10-05T22:14:41.2728750Z         "971a556d013740a6e4e9972f6988ae931fd3531cf7a7447d5ab6db2509251017",
2026-10-05T22:14:41.2729013Z         "715059ba9e3d79f3bc9b950c77eb00f717141b35e486e22a3c608de45b7874b3",
2026-10-05T22:14:41.2729279Z         "4ab2787ffa1c873b04230cbace289498c3c7d3e89496971d937693bed9c601ae",
2026-10-05T22:14:41.2729559Z         "0bf669f94e348bea9842c1d0d7c5bc2be0e417b56b68c2556ebdb9c75c47d111",
2026-10-05T22:14:41.2729833Z         "270ac04b6871f9f3a75ad38f0eaee1a50ac8c2b2ac006dcd74e39a7be5f3afda",
2026-10-05T22:14:41.2730112Z         "1ea68a1d55596bded7255ddbfeb8f105577f5809ff2dc554ce81aac59e6d0a75",
2026-10-05T22:14:41.2730384Z         "832d65a992b736348c7279d21e5d0117059bde0fc56faf8a50e741be249ba831",
2026-10-05T22:14:41.2730940Z         "d425f93948065e16a0642e3cb61b10153634aedd0ec073ba9ccc85fef456ceae",
2026-10-05T22:14:41.2731368Z         "80b3b1b22fd7becd894b8d3535449278dc9a222ac4627d5b19ba7c01098f804f",
2026-10-05T22:14:41.2731818Z         "5cf54347fa6e3799f72e56bc9edbf1f6b1ac3bec6597b472d521da4521bfdade",
2026-10-05T22:14:41.2732256Z         "bc6238f2087a6a1f61cab7b80c2c7a1db57b00cf58daa3801d8bf92353111496"
2026-10-05T22:14:41.2732555Z       ]
2026-10-05T22:14:41.2732702Z     },
2026-10-05T22:14:41.2732847Z     {
2026-10-05T22:14:41.2733103Z       "source": "packages/core/tests/unit/comments/ranking.test.ts",
2026-10-05T22:14:41.2733394Z       "declarations": 8,
2026-10-05T22:14:41.2733588Z       "expects": 14,
2026-10-05T22:14:41.2733763Z       "elements": 0,
2026-10-05T22:14:41.2733945Z       "callbackSha256": [
2026-10-05T22:14:41.2734322Z         "3bbe9c689a18bc080c750c203e0e741cef9b2c9949dd9253751273bf39ccb8c7",
2026-10-05T22:14:41.2734754Z         "5b85122f289bd637ceb7bd4b7323b70bc6a3f5d1c1a7064d84b175669a7b9333",
2026-10-05T22:14:41.2735181Z         "4c780ac86d604b40565022ed85ad750b3b1915cdbd35b9c8d9361e38ef567e1a",
2026-10-05T22:14:41.2735607Z         "30009ade89fd200a7e00d7f5fe658a042291b492a885f5998375889102e60961",
2026-10-05T22:14:41.2736021Z         "6b76c9c17695c7066a080f96703708a9099160da574884c4d38c25ef6f506d5f",
2026-10-05T22:14:41.2736416Z         "2a8fe02c809a1895cf2ffc2fa5ec6e6949af36a02135c3af6f6611595e0385fb",
2026-10-05T22:14:41.2736690Z         "5d3a2a8d14760c46def49d1731d1ab8edf97994c6c8e053b7834a7b566af22c7",
2026-10-05T22:14:41.2736971Z         "72078f3b746adcbb194a0e6f413d7e4370827423a4fccb2d366dda47faa10e4d"
2026-10-05T22:14:41.2737171Z       ]
2026-10-05T22:14:41.2737269Z     },
2026-10-05T22:14:41.2737367Z     {
2026-10-05T22:14:41.2737535Z       "source": "packages/core/tests/unit/comments/turnstile.test.ts",
2026-10-05T22:14:41.2737734Z       "declarations": 1,
2026-10-05T22:14:41.2737861Z       "expects": 3,
2026-10-05T22:14:41.2737978Z       "elements": 0,
2026-10-05T22:14:41.2738231Z       "callbackSha256": [
2026-10-05T22:14:41.2738464Z         "4d972e8fc5abfd1010b9eeb4ae5c3369a16ae6a769edabf57f831cf4c41c76a0"
2026-10-05T22:14:41.2738661Z       ]
2026-10-05T22:14:41.2738759Z     },
2026-10-05T22:14:41.2738854Z     {
2026-10-05T22:14:41.2739006Z       "source": "packages/core/tests/unit/api/csrf.test.ts",
2026-10-05T22:14:41.2739181Z       "declarations": 17,
2026-10-05T22:14:41.2739307Z       "expects": 25,
2026-10-05T22:14:41.2739423Z       "elements": 0,
2026-10-05T22:14:41.2739540Z       "callbackSha256": [
2026-10-05T22:14:41.2739779Z         "17383e7001416411c23116b6913f77c7d022432503f6064e3639304504b78d7c",
2026-10-05T22:14:41.2740039Z         "a7693d9465e9afb288f8d766fa162628b59f1f74b0236e4123d2638d53172cb9",
2026-10-05T22:14:41.2740311Z         "d0c9fbb247b10828af5b3775d6c4d2b274b99618aae8017afc4af9d525989857",
2026-10-05T22:14:41.2740588Z         "7c4b404412dcce14e3d630a8c5d542e0e38b5866dfb42de1b1ef71e2e557013a",
2026-10-05T22:14:41.2740855Z         "25a5d5f36506200295c916dd7b5f8b28ad420684603724abb9e01ee02a066c46",
2026-10-05T22:14:41.2741122Z         "d1e645fe8b3b0c80421eb077b60bb59e9d897dfb9e188a19a45e276ca139e291",
2026-10-05T22:14:41.2741396Z         "a3f50633837fb063e2f982b7500312cf83d65f25ab50f627e0cfe5608167afb2",
2026-10-05T22:14:41.2741663Z         "026798f7203ecb4ad84f37359e1e3b3438ae7bb2dd7a260af81eb3bdcc6d57a8",
2026-10-05T22:14:41.2741935Z         "ea3096ee0faca24142c89f27a0ea0e8979742b4e6f79e8cff4a18c47f099f537",
2026-10-05T22:14:41.2742211Z         "d13e951fd6b65d4aee5eb492cc53b211e8e289f55f1e869bc25ed5b1faab178d",
2026-10-05T22:14:41.2742485Z         "b256a3879b1bc7f6ac8c7825b946b01bf9b40fabb12f42298a2a30123997447c",
2026-10-05T22:14:41.2742751Z         "96b6842a048a15570a3156a9d0e3184eb495a8e5919888befe7f779970b25f07",
2026-10-05T22:14:41.2743013Z         "f691e663df54558107f096131026662eead28298028399cfaf917bd9161ee99a",
2026-10-05T22:14:41.2743273Z         "039428031cbf3c3a6ac801812b1e241a3fd2b4828c989afa941a7577966bd4de",
2026-10-05T22:14:41.2743545Z         "111973d312f31dc6c2286dba1be1549c45d36fbbd866cc43ea6937f31af58d6f",
2026-10-05T22:14:41.2743816Z         "ce67559c173653ac6feb92a372ec1f3cc58bce78a88a8b5e68bc7e9bb78b5538",
2026-10-05T22:14:41.2744088Z         "62892c7e293a0fd7de52cb5c7c8550576ab9c8fc25050ec88230cc85bef5ff59"
2026-10-05T22:14:41.2744282Z       ]
2026-10-05T22:14:41.2744379Z     }
2026-10-05T22:14:41.2744476Z   ]
2026-10-05T22:14:41.2744574Z }
2026-10-05T22:14:41.7165375Z 
2026-10-05T22:14:41.7167882Z [1m[30m[46m RUN [49m[39m[22m [36mv4.1.10 [39m[90m/home/runner/work/cms/cms[39m
2026-10-05T22:14:41.7168430Z 
2026-10-05T22:14:41.7691914Z [2m10:14:41 PM[22m [36m[1m[vite][22m[39m [90m[2m(client)[22m[39m Re-optimizing dependencies because vite config has changed
2026-10-05T22:14:41.7697015Z [2m10:14:41 PM[22m [36m[1m[vite][22m[39m [34m[2m(ssr)[22m[39m Re-optimizing dependencies because vite config has changed
2026-10-05T22:14:42.1128272Z 2026-10-05T22:14:42.110Z pw:browser <launching> /home/runner/.cache/ms-playwright/chromium_headless_shell-1243/chrome-headless-shell-linux64/chrome-headless-shell --disable-field-trial-config --disable-background-networking --disable-background-timer-throttling --disable-backgrounding-occluded-windows --disable-back-forward-cache --disable-breakpad --disable-client-side-phishing-detection --disable-component-extensions-with-background-pages --disable-component-update --no-default-browser-check --disable-default-apps --disable-dev-shm-usage --disable-edgeupdater --disable-extensions --disable-features=AvoidUnnecessaryBeforeUnloadCheckSync,DestroyProfileOnBrowserClose,DialMediaRouteProvider,GlobalMediaControls,HttpsUpgrades,LensOverlay,MediaRouter,PaintHolding,ThirdPartyStoragePartitioning,BlockOriginHeaderModificationOnRedirect,Translate,AutoDeElevate,OptimizationHints,msForceBrowserSignIn,msEdgeUpdateLaunchServicesPreferredVersion --enable-features=CDPScreenshotNewSurface --allow-pre-commit-input --disable-hang-monitor --disable-ipc-flooding-protection --disable-popup-blocking --disable-prompt-on-repost --disable-renderer-backgrounding --disable-updater-scheduler --force-color-profile=srgb --metrics-recording-only --no-first-run --password-store=basic --use-mock-keychain --no-service-autorun --export-tagged-pdf --disable-search-engine-choice-screen --unsafely-disable-devtools-self-xss-warnings --edge-skip-compat-layer-relaunch --disable-infobars --disable-search-engine-choice-screen --disable-sync --enable-unsafe-swiftshader --headless --hide-scrollbars --mute-audio --blink-settings=primaryHoverType=2,availableHoverTypes=2,primaryPointerType=4,availablePointerTypes=4 --user-data-dir=/tmp/playwright_chromiumdev_profile-Oel2Wk --remote-debugging-pipe --no-startup-window
2026-10-05T22:14:42.1218759Z 2026-10-05T22:14:42.116Z pw:browser <launched> pid=3465
2026-10-05T22:14:42.1536561Z 2026-10-05T22:14:42.153Z pw:browser [pid=3465][err] [1005/221442.151844:ERROR:dbus/bus.cc:405] Failed to connect to the bus: Could not parse server address: Unknown address type (examples of valid types are "tcp" and on UNIX "unix")
2026-10-05T22:14:42.1603376Z 2026-10-05T22:14:42.160Z pw:browser [pid=3465][err] [1005/221442.157678:ERROR:dbus/object_proxy.cc:572] Failed to call method: org.freedesktop.DBus.NameHasOwner: object_path= /org/freedesktop/DBus: unknown error type: 
2026-10-05T22:14:42.1616024Z 2026-10-05T22:14:42.160Z pw:browser [pid=3465][err] [1005/221442.157739:ERROR:dbus/bus.cc:405] Failed to connect to the bus: Could not parse server address: Unknown address type (examples of valid types are "tcp" and on UNIX "unix")
2026-10-05T22:14:42.1618601Z 2026-10-05T22:14:42.160Z pw:browser [pid=3465][err] [1005/221442.159584:ERROR:dbus/object_proxy.cc:572] Failed to call method: org.freedesktop.DBus.NameHasOwner: object_path= /org/freedesktop/DBus: unknown error type: 
2026-10-05T22:14:42.1650336Z 2026-10-05T22:14:42.163Z pw:browser [pid=3465][err] [1005/221442.162421:WARNING:media/gpu/vaapi/vaapi_wrapper.cc:1660] drmGetDevices2() has not found any devices
2026-10-05T22:14:42.1651817Z 2026-10-05T22:14:42.164Z pw:browser [pid=3465][err] [1005/221442.163618:WARNING:sandbox/policy/linux/sandbox_linux.cc:405] InitializeSandbox() called with multiple threads in process gpu-process.
2026-10-05T22:14:42.3772119Z 2026-10-05T22:14:42.376Z pw:browser [pid=3465][err] [1005/221442.376867:INFO:CONSOLE:934] "[vite] connecting...", source: http://localhost:63315/@vite/client (934)
2026-10-05T22:14:42.3819078Z 2026-10-05T22:14:42.381Z pw:browser [pid=3465][err] [1005/221442.381491:INFO:CONSOLE:1045] "[vite] connected.", source: http://localhost:63315/@vite/client (1045)
2026-10-05T22:14:42.4125340Z 2026-10-05T22:14:42.412Z pw:browser [pid=3465][err] [1005/221442.405552:INFO:CONSOLE:934] "[vite] connecting...", source: http://localhost:63315/@vite/client (934)
2026-10-05T22:14:42.4194124Z 2026-10-05T22:14:42.419Z pw:browser [pid=3465][err] [1005/221442.418599:INFO:CONSOLE:1045] "[vite] connected.", source: http://localhost:63315/@vite/client (1045)
2026-10-05T22:14:43.0323201Z  [32m✓[39m [30m[43m chromium [49m[39m tests/comments-source/packages/admin/tests/components/CommentInbox.test.tsx [2m([22m[2m4 tests[22m[2m)[22m[32m 219[2mms[22m[39m
2026-10-05T22:14:43.0344176Z 
2026-10-05T22:14:43.0346970Z [2m Test Files [22m [1m[32m1 passed[39m[22m[90m (1)[39m
2026-10-05T22:14:43.0347553Z [2m      Tests [22m [1m[32m4 passed[39m[22m[90m (4)[39m
2026-10-05T22:14:43.0347962Z [2m   Start at [22m 22:14:41
2026-10-05T22:14:43.0348741Z [2m   Duration [22m 1.31s[2m (transform 0ms, setup 0ms, import 261ms, tests 219ms, environment 0ms)[22m
2026-10-05T22:14:43.0349449Z 
2026-10-05T22:14:43.0410898Z 2026-10-05T22:14:43.038Z pw:browser [pid=3465][err] [1005/221443.036385:INFO:CONSOLE:1080] "[vite] server connection lost. Polling for restart...", source: http://localhost:63315/@vite/client (1080)
2026-10-05T22:14:43.0412550Z 2026-10-05T22:14:43.039Z pw:browser [pid=3465][err] [1005/221443.037471:INFO:CONSOLE:1211] "[vite] server connection lost. Polling for restart...", source: http://localhost:63315/__vitest_browser__/tester-BJtsJFpD.js (1211)
2026-10-05T22:14:43.0454184Z 2026-10-05T22:14:43.045Z pw:browser [pid=3465] <gracefully close start>
2026-10-05T22:14:43.0561117Z 2026-10-05T22:14:43.055Z pw:browser [pid=3465] <process did exit: exitCode=0, signal=null>
2026-10-05T22:14:43.0561773Z 2026-10-05T22:14:43.056Z pw:browser [pid=3465] starting temporary directories cleanup
2026-10-05T22:14:43.0578022Z 2026-10-05T22:14:43.057Z pw:browser [pid=3465] finished temporary directories cleanup
2026-10-05T22:14:43.0578916Z 2026-10-05T22:14:43.057Z pw:browser [pid=3465] <gracefully close end>
2026-10-05T22:14:43.0836335Z ##[group]Run timeout --kill-after=30s 180s pnpm test:content-picker-browser-source
2026-10-05T22:14:43.0836879Z [36;1mtimeout --kill-after=30s 180s pnpm test:content-picker-browser-source[0m
2026-10-05T22:14:43.0870462Z shell: /usr/bin/bash -e {0}
2026-10-05T22:14:43.0870622Z env:
2026-10-05T22:14:43.0870776Z   PNPM_HOME: /home/runner/setup-pnpm/node_modules/.bin
2026-10-05T22:14:43.0870967Z   DEBUG: pw:browser
2026-10-05T22:14:43.0871100Z ##[endgroup]
2026-10-05T22:14:43.1013837Z $ node scripts/check-content-picker-source.mjs && vitest run --config vitest.content-picker-browser.config.ts
2026-10-05T22:14:43.2930668Z {"pin":"913cb1bb9b7f08c3ff0d258b4420e53835b6a58e","authorities":31,"wholeTests":4,"testDeclarations":22,"expectExpressions":25,"productTestsRun":0}
2026-10-05T22:14:43.7846833Z 
2026-10-05T22:14:43.7849857Z [1m[30m[46m RUN [49m[39m[22m [36mv4.1.10 [39m[90m/home/runner/work/cms/cms[39m
2026-10-05T22:14:43.7850197Z 
2026-10-05T22:14:43.8482424Z [2m10:14:43 PM[22m [36m[1m[vite][22m[39m [90m[2m(client)[22m[39m Re-optimizing dependencies because vite config has changed
2026-10-05T22:14:43.8487522Z [2m10:14:43 PM[22m [36m[1m[vite][22m[39m [34m[2m(ssr)[22m[39m Re-optimizing dependencies because vite config has changed
2026-10-05T22:14:44.2169446Z 2026-10-05T22:14:44.213Z pw:browser <launching> /home/runner/.cache/ms-playwright/chromium_headless_shell-1243/chrome-headless-shell-linux64/chrome-headless-shell --disable-field-trial-config --disable-background-networking --disable-background-timer-throttling --disable-backgrounding-occluded-windows --disable-back-forward-cache --disable-breakpad --disable-client-side-phishing-detection --disable-component-extensions-with-background-pages --disable-component-update --no-default-browser-check --disable-default-apps --disable-dev-shm-usage --disable-edgeupdater --disable-extensions --disable-features=AvoidUnnecessaryBeforeUnloadCheckSync,DestroyProfileOnBrowserClose,DialMediaRouteProvider,GlobalMediaControls,HttpsUpgrades,LensOverlay,MediaRouter,PaintHolding,ThirdPartyStoragePartitioning,BlockOriginHeaderModificationOnRedirect,Translate,AutoDeElevate,OptimizationHints,msForceBrowserSignIn,msEdgeUpdateLaunchServicesPreferredVersion --enable-features=CDPScreenshotNewSurface --allow-pre-commit-input --disable-hang-monitor --disable-ipc-flooding-protection --disable-popup-blocking --disable-prompt-on-repost --disable-renderer-backgrounding --disable-updater-scheduler --force-color-profile=srgb --metrics-recording-only --no-first-run --password-store=basic --use-mock-keychain --no-service-autorun --export-tagged-pdf --disable-search-engine-choice-screen --unsafely-disable-devtools-self-xss-warnings --edge-skip-compat-layer-relaunch --disable-infobars --disable-search-engine-choice-screen --disable-sync --enable-unsafe-swiftshader --headless --hide-scrollbars --mute-audio --blink-settings=primaryHoverType=2,availableHoverTypes=2,primaryPointerType=4,availablePointerTypes=4 --user-data-dir=/tmp/playwright_chromiumdev_profile-k27QfN --remote-debugging-pipe --no-startup-window
2026-10-05T22:14:44.2218824Z 2026-10-05T22:14:44.218Z pw:browser <launched> pid=3594
2026-10-05T22:14:44.2663147Z 2026-10-05T22:14:44.265Z pw:browser [pid=3594][err] [1005/221444.263433:ERROR:dbus/bus.cc:405] Failed to connect to the bus: Could not parse server address: Unknown address type (examples of valid types are "tcp" and on UNIX "unix")
2026-10-05T22:14:44.2675638Z 2026-10-05T22:14:44.266Z pw:browser [pid=3594][err] [1005/221444.265914:ERROR:dbus/object_proxy.cc:572] Failed to call method: org.freedesktop.DBus.NameHasOwner: object_path= /org/freedesktop/DBus: unknown error type: 
2026-10-05T22:14:44.2677632Z 2026-10-05T22:14:44.266Z pw:browser [pid=3594][err] [1005/221444.266672:ERROR:dbus/bus.cc:405] Failed to connect to the bus: Could not parse server address: Unknown address type (examples of valid types are "tcp" and on UNIX "unix")
2026-10-05T22:14:44.2713216Z 2026-10-05T22:14:44.271Z pw:browser [pid=3594][err] [1005/221444.271011:ERROR:dbus/object_proxy.cc:572] Failed to call method: org.freedesktop.DBus.NameHasOwner: object_path= /org/freedesktop/DBus: unknown error type: 
2026-10-05T22:14:44.2725815Z 2026-10-05T22:14:44.272Z pw:browser [pid=3594][err] [1005/221444.272091:WARNING:media/gpu/vaapi/vaapi_wrapper.cc:1660] drmGetDevices2() has not found any devices
2026-10-05T22:14:44.2758891Z 2026-10-05T22:14:44.274Z pw:browser [pid=3594][err] [1005/221444.273572:WARNING:sandbox/policy/linux/sandbox_linux.cc:405] InitializeSandbox() called with multiple threads in process gpu-process.
2026-10-05T22:14:44.5192655Z 2026-10-05T22:14:44.519Z pw:browser [pid=3594][err] [1005/221444.518896:INFO:CONSOLE:934] "[vite] connecting...", source: http://localhost:63315/@vite/client (934)
2026-10-05T22:14:44.5248291Z 2026-10-05T22:14:44.524Z pw:browser [pid=3594][err] [1005/221444.523711:INFO:CONSOLE:1045] "[vite] connected.", source: http://localhost:63315/@vite/client (1045)
2026-10-05T22:14:44.5511895Z 2026-10-05T22:14:44.550Z pw:browser [pid=3594][err] [1005/221444.550338:INFO:CONSOLE:934] "[vite] connecting...", source: http://localhost:63315/@vite/client (934)
2026-10-05T22:14:44.5579602Z 2026-10-05T22:14:44.557Z pw:browser [pid=3594][err] [1005/221444.553860:INFO:CONSOLE:1045] "[vite] connected.", source: http://localhost:63315/@vite/client (1045)
2026-10-05T22:14:45.1306258Z  [32m✓[39m [30m[43m chromium [49m[39m parity/emdash/content-picker-source/upstream/packages/admin/tests/components/ContentPickerModal.test.tsx [2m([22m[2m3 tests[22m[2m)[22m[32m 45[2mms[22m[39m
2026-10-05T22:14:45.1338317Z 
2026-10-05T22:14:45.1341082Z [2m Test Files [22m [1m[32m1 passed[39m[22m[90m (1)[39m
2026-10-05T22:14:45.1341465Z [2m      Tests [22m [1m[32m3 passed[39m[22m[90m (3)[39m
2026-10-05T22:14:45.1341776Z [2m   Start at [22m 22:14:43
2026-10-05T22:14:45.1342167Z [2m   Duration [22m 1.35s[2m (transform 0ms, setup 119ms, import 261ms, tests 45ms, environment 0ms)[22m
2026-10-05T22:14:45.1343564Z 
2026-10-05T22:14:45.1400308Z 2026-10-05T22:14:45.138Z pw:browser [pid=3594][err] [1005/221445.135924:INFO:CONSOLE:1080] "[vite] server connection lost. Polling for restart...", source: http://localhost:63315/@vite/client (1080)
2026-10-05T22:14:45.1418246Z 2026-10-05T22:14:45.138Z pw:browser [pid=3594][err] [1005/221445.137155:INFO:CONSOLE:1211] "[vite] server connection lost. Polling for restart...", source: http://localhost:63315/__vitest_browser__/tester-BJtsJFpD.js (1211)
2026-10-05T22:14:45.1471036Z 2026-10-05T22:14:45.146Z pw:browser [pid=3594] <gracefully close start>
2026-10-05T22:14:45.1618277Z 2026-10-05T22:14:45.161Z pw:browser [pid=3594] <process did exit: exitCode=0, signal=null>
2026-10-05T22:14:45.1618923Z 2026-10-05T22:14:45.161Z pw:browser [pid=3594] starting temporary directories cleanup
2026-10-05T22:14:45.1634390Z 2026-10-05T22:14:45.163Z pw:browser [pid=3594] finished temporary directories cleanup
2026-10-05T22:14:45.1634958Z 2026-10-05T22:14:45.163Z pw:browser [pid=3594] <gracefully close end>
2026-10-05T22:14:45.1896598Z ##[group]Run timeout --kill-after=30s 180s pnpm test:schema-admin-ui-browser
2026-10-05T22:14:45.1896948Z [36;1mtimeout --kill-after=30s 180s pnpm test:schema-admin-ui-browser[0m
2026-10-05T22:14:45.1930137Z shell: /usr/bin/bash -e {0}
2026-10-05T22:14:45.1930294Z env:
2026-10-05T22:14:45.1930447Z   PNPM_HOME: /home/runner/setup-pnpm/node_modules/.bin
2026-10-05T22:14:45.1930639Z   DEBUG: pw:browser
2026-10-05T22:14:45.1930770Z ##[endgroup]
2026-10-05T22:14:45.2075755Z $ node scripts/check-schema-admin-ui-source.mjs && vitest run --config vitest.schema-admin-ui-browser.config.ts
2026-10-05T22:14:45.2294334Z Four whole immutable Source schema UI files are byte-exact; 138 declarations retained.
2026-10-05T22:14:45.7164619Z 
2026-10-05T22:14:45.7167065Z [1m[30m[46m RUN [49m[39m[22m [36mv4.1.10 [39m[90m/home/runner/work/cms/cms[39m
2026-10-05T22:14:45.7167410Z 
2026-10-05T22:14:45.7683497Z [2m10:14:45 PM[22m [36m[1m[vite][22m[39m [90m[2m(client)[22m[39m Re-optimizing dependencies because vite config has changed
2026-10-05T22:14:45.7689481Z [2m10:14:45 PM[22m [36m[1m[vite][22m[39m [34m[2m(ssr)[22m[39m Re-optimizing dependencies because vite config has changed
2026-10-05T22:14:46.1450204Z 2026-10-05T22:14:46.143Z pw:browser <launching> /home/runner/.cache/ms-playwright/chromium_headless_shell-1243/chrome-headless-shell-linux64/chrome-headless-shell --disable-field-trial-config --disable-background-networking --disable-background-timer-throttling --disable-backgrounding-occluded-windows --disable-back-forward-cache --disable-breakpad --disable-client-side-phishing-detection --disable-component-extensions-with-background-pages --disable-component-update --no-default-browser-check --disable-default-apps --disable-dev-shm-usage --disable-edgeupdater --disable-extensions --disable-features=AvoidUnnecessaryBeforeUnloadCheckSync,DestroyProfileOnBrowserClose,DialMediaRouteProvider,GlobalMediaControls,HttpsUpgrades,LensOverlay,MediaRouter,PaintHolding,ThirdPartyStoragePartitioning,BlockOriginHeaderModificationOnRedirect,Translate,AutoDeElevate,OptimizationHints,msForceBrowserSignIn,msEdgeUpdateLaunchServicesPreferredVersion --enable-features=CDPScreenshotNewSurface --allow-pre-commit-input --disable-hang-monitor --disable-ipc-flooding-protection --disable-popup-blocking --disable-prompt-on-repost --disable-renderer-backgrounding --disable-updater-scheduler --force-color-profile=srgb --metrics-recording-only --no-first-run --password-store=basic --use-mock-keychain --no-service-autorun --export-tagged-pdf --disable-search-engine-choice-screen --unsafely-disable-devtools-self-xss-warnings --edge-skip-compat-layer-relaunch --disable-infobars --disable-search-engine-choice-screen --disable-sync --enable-unsafe-swiftshader --headless --hide-scrollbars --mute-audio --blink-settings=primaryHoverType=2,availableHoverTypes=2,primaryPointerType=4,availablePointerTypes=4 --user-data-dir=/tmp/playwright_chromiumdev_profile-ZCJGtw --remote-debugging-pipe --no-startup-window
2026-10-05T22:14:46.1549117Z 2026-10-05T22:14:46.152Z pw:browser <launched> pid=3716
2026-10-05T22:14:46.1855915Z 2026-10-05T22:14:46.185Z pw:browser [pid=3716][err] [1005/221446.183772:ERROR:dbus/bus.cc:405] Failed to connect to the bus: Could not parse server address: Unknown address type (examples of valid types are "tcp" and on UNIX "unix")
2026-10-05T22:14:46.1919850Z 2026-10-05T22:14:46.190Z pw:browser [pid=3716][err] [1005/221446.189288:ERROR:dbus/object_proxy.cc:572] Failed to call method: org.freedesktop.DBus.NameHasOwner: object_path= /org/freedesktop/DBus: unknown error type: 
2026-10-05T22:14:46.1929744Z 2026-10-05T22:14:46.191Z pw:browser [pid=3716][err] [1005/221446.191837:ERROR:dbus/bus.cc:405] Failed to connect to the bus: Could not parse server address: Unknown address type (examples of valid types are "tcp" and on UNIX "unix")
2026-10-05T22:14:46.1932491Z 2026-10-05T22:14:46.192Z pw:browser [pid=3716][err] [1005/221446.192641:ERROR:dbus/object_proxy.cc:572] Failed to call method: org.freedesktop.DBus.NameHasOwner: object_path= /org/freedesktop/DBus: unknown error type: 
2026-10-05T22:14:46.1999490Z 2026-10-05T22:14:46.199Z pw:browser [pid=3716][err] [1005/221446.198399:WARNING:media/gpu/vaapi/vaapi_wrapper.cc:1660] drmGetDevices2() has not found any devices
2026-10-05T22:14:46.2031758Z 2026-10-05T22:14:46.201Z pw:browser [pid=3716][err] [1005/221446.199962:WARNING:sandbox/policy/linux/sandbox_linux.cc:405] InitializeSandbox() called with multiple threads in process gpu-process.
2026-10-05T22:14:46.4149660Z 2026-10-05T22:14:46.414Z pw:browser [pid=3716][err] [1005/221446.414337:INFO:CONSOLE:934] "[vite] connecting...", source: http://localhost:63315/@vite/client (934)
2026-10-05T22:14:46.4199699Z 2026-10-05T22:14:46.419Z pw:browser [pid=3716][err] [1005/221446.419030:INFO:CONSOLE:1045] "[vite] connected.", source: http://localhost:63315/@vite/client (1045)
2026-10-05T22:14:46.4459722Z 2026-10-05T22:14:46.445Z pw:browser [pid=3716][err] [1005/221446.444920:INFO:CONSOLE:934] "[vite] connecting...", source: http://localhost:63315/@vite/client (934)
2026-10-05T22:14:46.4504864Z 2026-10-05T22:14:46.450Z pw:browser [pid=3716][err] [1005/221446.448875:INFO:CONSOLE:1045] "[vite] connected.", source: http://localhost:63315/@vite/client (1045)
2026-10-05T22:14:47.5983689Z 2026-10-05T22:14:47.598Z pw:browser [pid=3716][err] [1005/221447.597960:INFO:CONSOLE:1222] "Attempted to synchronously unmount a root while React was already rendering. React cannot finish unmounting the root until the current render has completed, which may lead to a race condition.", source: http://localhost:63315/__vitest_browser__/tester-BJtsJFpD.js (1222)
2026-10-05T22:14:47.5992374Z [90mstderr[2m | parity/emdash/schema-admin-ui-source/packages/admin/tests/components/ContentTypeEditor.test.tsx[2m > [22m[2mContentTypeEditor[2m > [22m[2mcalls onDeleteField when delete is confirmed via dialog
2026-10-05T22:14:47.5994167Z [22m[39mAttempted to synchronously unmount a root while React was already rendering. React cannot finish unmounting the root until the current render has completed, which may lead to a race condition.
2026-10-05T22:14:49.1114026Z  [32m✓[39m [30m[43m chromium [49m[39m parity/emdash/schema-admin-ui-source/packages/admin/tests/components/ContentTypeEditor.test.tsx [2m([22m[2m54 tests[22m[2m)[22m[33m 2096[2mms[22m[39m
2026-10-05T22:14:49.1335807Z 2026-10-05T22:14:49.133Z pw:browser [pid=3716][err] [1005/221449.133108:INFO:CONSOLE:934] "[vite] connecting...", source: http://localhost:63315/@vite/client (934)
2026-10-05T22:14:49.1399351Z 2026-10-05T22:14:49.139Z pw:browser [pid=3716][err] [1005/221449.139398:INFO:CONSOLE:1045] "[vite] connected.", source: http://localhost:63315/@vite/client (1045)
2026-10-05T22:14:50.2926214Z  [32m✓[39m [30m[43m chromium [49m[39m parity/emdash/schema-admin-ui-source/packages/admin/tests/components/FieldEditor.test.tsx [2m([22m[2m58 tests[22m[2m)[22m[33m 940[2mms[22m[39m
2026-10-05T22:14:50.3268411Z 2026-10-05T22:14:50.326Z pw:browser [pid=3716][err] [1005/221450.325565:INFO:CONSOLE:934] "[vite] connecting...", source: http://localhost:63315/@vite/client (934)
2026-10-05T22:14:50.3361861Z 2026-10-05T22:14:50.335Z pw:browser [pid=3716][err] [1005/221450.335397:INFO:CONSOLE:1045] "[vite] connected.", source: http://localhost:63315/@vite/client (1045)
2026-10-05T22:14:50.8171303Z  [32m✓[39m [30m[43m chromium [49m[39m parity/emdash/schema-admin-ui-source/packages/admin/tests/components/ContentTypeList.test.tsx [2m([22m[2m25 tests[22m[2m)[22m[32m 295[2mms[22m[39m
2026-10-05T22:14:50.8447368Z 2026-10-05T22:14:50.844Z pw:browser [pid=3716][err] [1005/221450.844008:INFO:CONSOLE:934] "[vite] connecting...", source: http://localhost:63315/@vite/client (934)
2026-10-05T22:14:50.8478841Z 2026-10-05T22:14:50.847Z pw:browser [pid=3716][err] [1005/221450.847276:INFO:CONSOLE:1045] "[vite] connected.", source: http://localhost:63315/@vite/client (1045)
2026-10-05T22:14:51.0747954Z  [32m✓[39m [30m[43m chromium [49m[39m parity/emdash/schema-admin-ui-source/packages/admin/tests/components/FieldEditor.blocks.test.tsx [2m([22m[2m1 test[22m[2m)[22m[32m 83[2mms[22m[39m
2026-10-05T22:14:51.0967834Z 2026-10-05T22:14:51.096Z pw:browser [pid=3716][err] [1005/221451.096303:INFO:CONSOLE:934] "[vite] connecting...", source: http://localhost:63315/@vite/client (934)
2026-10-05T22:14:51.1059878Z 2026-10-05T22:14:51.105Z pw:browser [pid=3716][err] [1005/221451.104854:INFO:CONSOLE:1045] "[vite] connected.", source: http://localhost:63315/@vite/client (1045)
2026-10-05T22:14:51.2134147Z  [32m✓[39m [30m[43m chromium [49m[39m tests/schema-admin-ui-browser/modal.test.tsx [2m([22m[2m1 test[22m[2m)[22m[32m 14[2mms[22m[39m
2026-10-05T22:14:51.2155188Z 
2026-10-05T22:14:51.2157584Z [2m Test Files [22m [1m[32m5 passed[39m[22m[90m (5)[39m
2026-10-05T22:14:51.2158210Z [2m      Tests [22m [1m[32m139 passed[39m[22m[90m (139)[39m
2026-10-05T22:14:51.2158537Z [2m   Start at [22m 22:14:45
2026-10-05T22:14:51.2159544Z [2m   Duration [22m 5.49s[2m (transform 0ms, setup 0ms, import 801ms, tests 3.43s, environment 0ms)[22m
2026-10-05T22:14:51.2160417Z 
2026-10-05T22:14:51.2222782Z 2026-10-05T22:14:51.219Z pw:browser [pid=3716][err] [1005/221451.217670:INFO:CONSOLE:1080] "[vite] server connection lost. Polling for restart...", source: http://localhost:63315/@vite/client (1080)
2026-10-05T22:14:51.2244644Z 2026-10-05T22:14:51.219Z pw:browser [pid=3716][err] [1005/221451.218842:INFO:CONSOLE:1211] "[vite] server connection lost. Polling for restart...", source: http://localhost:63315/__vitest_browser__/tester-BJtsJFpD.js (1211)
2026-10-05T22:14:51.2292916Z 2026-10-05T22:14:51.229Z pw:browser [pid=3716] <gracefully close start>
2026-10-05T22:14:51.2428682Z 2026-10-05T22:14:51.242Z pw:browser [pid=3716] <process did exit: exitCode=0, signal=null>
2026-10-05T22:14:51.2432697Z 2026-10-05T22:14:51.242Z pw:browser [pid=3716] starting temporary directories cleanup
2026-10-05T22:14:51.2508487Z 2026-10-05T22:14:51.250Z pw:browser [pid=3716] finished temporary directories cleanup
2026-10-05T22:14:51.2508905Z 2026-10-05T22:14:51.250Z pw:browser [pid=3716] <gracefully close end>
2026-10-05T22:14:51.2827958Z ##[group]Run pnpm build
2026-10-05T22:14:51.2828266Z [36;1mpnpm build[0m
2026-10-05T22:14:51.2858911Z shell: /usr/bin/bash -e {0}
2026-10-05T22:14:51.2859063Z env:
2026-10-05T22:14:51.2859207Z   PNPM_HOME: /home/runner/setup-pnpm/node_modules/.bin
2026-10-05T22:14:51.2859385Z ##[endgroup]
2026-10-05T22:14:51.3011043Z $ vite build
2026-10-05T22:14:51.8794181Z [36mvite v8.3.2 [32mbuilding ssr environment for production...[36m[39m
2026-10-05T22:14:51.8870334Z transforming...
2026-10-05T22:14:52.6696228Z ✓ 745 modules transformed.
2026-10-05T22:14:52.7353062Z rendering chunks...
2026-10-05T22:14:56.0271680Z [36mvite v8.3.2 [32mbuilding client environment for production...[36m[39m
2026-10-05T22:14:56.0321488Z transforming...
2026-10-05T22:14:56.7870569Z ✓ 742 modules transformed.
2026-10-05T22:14:56.8501983Z rendering chunks...
2026-10-05T22:14:56.9604399Z computing gzip size...
2026-10-05T22:14:56.9732284Z .svelte-kit/output/client/_app/version.json                                       0.02 kB │ gzip:   0.04 kB
2026-10-05T22:14:56.9732802Z .svelte-kit/output/client/.vite/manifest.json                                    18.53 kB │ gzip:   2.17 kB
2026-10-05T22:14:56.9733268Z .svelte-kit/output/client/_app/immutable/assets/24.DrcXZYa3.css                   0.17 kB │ gzip:   0.13 kB
2026-10-05T22:14:56.9733757Z .svelte-kit/output/client/_app/immutable/assets/MenuDialog.CSb6g0e0.css           0.20 kB │ gzip:   0.17 kB
2026-10-05T22:14:56.9734229Z .svelte-kit/output/client/_app/immutable/assets/7.Dcp-D_B2.css                    0.22 kB │ gzip:   0.15 kB
2026-10-05T22:14:56.9734935Z .svelte-kit/output/client/_app/immutable/assets/25.gKqYElxg.css                   0.36 kB │ gzip:   0.22 kB
2026-10-05T22:14:56.9735727Z .svelte-kit/output/client/_app/immutable/assets/DraftPreview.fwW3PV90.css         0.48 kB │ gzip:   0.25 kB
2026-10-05T22:14:56.9736516Z .svelte-kit/output/client/_app/immutable/assets/19.CyTVIvfE.css                   0.54 kB │ gzip:   0.26 kB
2026-10-05T22:14:56.9737318Z .svelte-kit/output/client/_app/immutable/assets/9.CVJ5M564.css                    0.57 kB │ gzip:   0.29 kB
2026-10-05T22:14:56.9738241Z .svelte-kit/output/client/_app/immutable/assets/17.B4jjrLtW.css                   0.68 kB │ gzip:   0.31 kB
2026-10-05T22:14:56.9739045Z .svelte-kit/output/client/_app/immutable/assets/14.CccxuyKJ.css                   0.70 kB │ gzip:   0.35 kB
2026-10-05T22:14:56.9739853Z .svelte-kit/output/client/_app/immutable/assets/ContentTypeEditor.BP8dJX1x.css    1.57 kB │ gzip:   0.55 kB
2026-10-05T22:14:56.9740674Z .svelte-kit/output/client/_app/immutable/assets/18.DYOooGE9.css                   1.60 kB │ gzip:   0.40 kB
2026-10-05T22:14:56.9741483Z .svelte-kit/output/client/_app/immutable/assets/15.C1Ra8cmf.css                   2.18 kB │ gzip:   0.68 kB
2026-10-05T22:14:56.9741953Z .svelte-kit/output/client/_app/immutable/assets/16.CvGkr_1p.css                   2.27 kB │ gzip:   0.85 kB
2026-10-05T22:14:56.9743017Z .svelte-kit/output/client/_app/immutable/assets/admin.CSBm7Oz-.css                2.57 kB │ gzip:   0.88 kB
2026-10-05T22:14:56.9743852Z .svelte-kit/output/client/_app/immutable/assets/8.D2HNaFcR.css                    3.13 kB │ gzip:   0.93 kB
2026-10-05T22:14:56.9744702Z .svelte-kit/output/client/_app/immutable/assets/WorkspaceShell.CG4u5kwz.css      37.08 kB │ gzip:   5.01 kB
2026-10-05T22:14:56.9745588Z .svelte-kit/output/client/_app/immutable/assets/EditorForm.B0LBbpI5.css         144.85 kB │ gzip:  23.99 kB
2026-10-05T22:14:56.9746432Z .svelte-kit/output/client/_app/immutable/chunks/huW70-to.js                       0.02 kB │ gzip:   0.04 kB
2026-10-05T22:14:56.9747245Z .svelte-kit/output/client/_app/immutable/nodes/0.DxrFE0f_.js                      0.06 kB │ gzip:   0.08 kB
2026-10-05T22:14:56.9748166Z .svelte-kit/output/client/_app/immutable/nodes/2.DxrFE0f_.js                      0.06 kB │ gzip:   0.08 kB
2026-10-05T22:14:56.9748987Z .svelte-kit/output/client/_app/immutable/nodes/3.DxrFE0f_.js                      0.06 kB │ gzip:   0.08 kB
2026-10-05T22:14:56.9750007Z .svelte-kit/output/client/_app/immutable/nodes/4.DxrFE0f_.js                      0.06 kB │ gzip:   0.08 kB
2026-10-05T22:14:56.9750847Z .svelte-kit/output/client/_app/immutable/nodes/6.DxrFE0f_.js                      0.06 kB │ gzip:   0.08 kB
2026-10-05T22:14:56.9751478Z .svelte-kit/output/client/_app/immutable/entry/start.DgZ05yxn.js                  0.08 kB │ gzip:   0.09 kB
2026-10-05T22:14:56.9752044Z .svelte-kit/output/client/_app/immutable/chunks/Ccner0Qj.js                       0.10 kB │ gzip:   0.11 kB
2026-10-05T22:14:56.9752804Z .svelte-kit/output/client/_app/immutable/chunks/DunHv0dH.js                       0.15 kB │ gzip:   0.14 kB
2026-10-05T22:14:56.9753564Z .svelte-kit/output/client/_app/immutable/chunks/EU57YDtC.js                       0.15 kB │ gzip:   0.14 kB
2026-10-05T22:14:56.9754120Z .svelte-kit/output/client/_app/immutable/chunks/BeMOnYEs.js                       0.25 kB │ gzip:   0.19 kB
2026-10-05T22:14:56.9754587Z .svelte-kit/output/client/_app/immutable/chunks/Cu3DDes_.js                       0.29 kB │ gzip:   0.16 kB
2026-10-05T22:14:56.9755044Z .svelte-kit/output/client/_app/immutable/chunks/BrPstyEE.js                       0.34 kB │ gzip:   0.19 kB
2026-10-05T22:14:56.9755499Z .svelte-kit/output/client/_app/immutable/nodes/1.BpEZ4OC3.js                      0.35 kB │ gzip:   0.25 kB
2026-10-05T22:14:56.9755953Z .svelte-kit/output/client/_app/immutable/chunks/CmbuhBUZ.js                       0.44 kB │ gzip:   0.21 kB
2026-10-05T22:14:56.9756414Z .svelte-kit/output/client/_app/immutable/nodes/5.zGuHtYYC.js                      0.47 kB │ gzip:   0.30 kB
2026-10-05T22:14:56.9756866Z .svelte-kit/output/client/_app/immutable/chunks/CVxkVKuJ.js                       0.66 kB │ gzip:   0.44 kB
2026-10-05T22:14:56.9757324Z .svelte-kit/output/client/_app/immutable/nodes/21.BGK9FTM_.js                     1.12 kB │ gzip:   0.69 kB
2026-10-05T22:14:56.9757777Z .svelte-kit/output/client/_app/immutable/chunks/Bjy-W4x2.js                       1.36 kB │ gzip:   0.65 kB
2026-10-05T22:14:56.9758393Z .svelte-kit/output/client/_app/immutable/chunks/BaNbYf_w.js                       1.39 kB │ gzip:   0.75 kB
2026-10-05T22:14:56.9758905Z .svelte-kit/output/client/_app/immutable/chunks/CuFtG3in.js                       1.51 kB │ gzip:   0.76 kB
2026-10-05T22:14:56.9759365Z .svelte-kit/output/client/_app/immutable/nodes/7.Bvn8OrEo.js                      1.86 kB │ gzip:   1.03 kB
2026-10-05T22:14:56.9759822Z .svelte-kit/output/client/_app/immutable/nodes/20.BSPPXCTO.js                     1.89 kB │ gzip:   1.00 kB
2026-10-05T22:14:56.9760280Z .svelte-kit/output/client/_app/immutable/chunks/CakIthtA.js                       1.97 kB │ gzip:   0.75 kB
2026-10-05T22:14:56.9760858Z .svelte-kit/output/client/_app/immutable/chunks/BmxIPdSS.js                       2.45 kB │ gzip:   1.26 kB
2026-10-05T22:14:56.9761623Z .svelte-kit/output/client/_app/immutable/chunks/CUJkI13R.js                       2.82 kB │ gzip:   1.23 kB
2026-10-05T22:14:56.9762421Z .svelte-kit/output/client/_app/immutable/nodes/11.C8bpDGXe.js                     3.00 kB │ gzip:   1.36 kB
2026-10-05T22:14:56.9762876Z .svelte-kit/output/client/_app/immutable/nodes/24.Dlw9UWry.js                     3.08 kB │ gzip:   1.53 kB
2026-10-05T22:14:56.9763425Z .svelte-kit/output/client/_app/immutable/chunks/CQJo7qxJ.js                       3.17 kB │ gzip:   1.30 kB
2026-10-05T22:14:56.9764180Z .svelte-kit/output/client/_app/immutable/nodes/13.BluCmlC_.js                     3.42 kB │ gzip:   1.65 kB
2026-10-05T22:14:56.9764851Z .svelte-kit/output/client/_app/immutable/chunks/bQZV-NU0.js                       3.51 kB │ gzip:   1.20 kB
2026-10-05T22:14:56.9765430Z .svelte-kit/output/client/_app/immutable/chunks/3XXs7iZ4.js                       3.92 kB │ gzip:   1.21 kB
2026-10-05T22:14:56.9765885Z .svelte-kit/output/client/_app/immutable/nodes/9.BAtIa7bI.js                      4.33 kB │ gzip:   1.95 kB
2026-10-05T22:14:56.9766335Z .svelte-kit/output/client/_app/immutable/nodes/17.C_JuFu_U.js                     5.35 kB │ gzip:   2.18 kB
2026-10-05T22:14:56.9766908Z .svelte-kit/output/client/_app/immutable/nodes/12.DVoPdPtE.js                     5.90 kB │ gzip:   2.00 kB
2026-10-05T22:14:56.9767363Z .svelte-kit/output/client/_app/immutable/nodes/23.t9vuhaNc.js                     5.91 kB │ gzip:   2.63 kB
2026-10-05T22:14:56.9767816Z .svelte-kit/output/client/_app/immutable/nodes/14.Dnuxpz-A.js                     6.03 kB │ gzip:   2.51 kB
2026-10-05T22:14:56.9768416Z .svelte-kit/output/client/_app/immutable/nodes/10.BxChnSK-.js                     6.14 kB │ gzip:   2.17 kB
2026-10-05T22:14:56.9768867Z .svelte-kit/output/client/_app/immutable/nodes/25.Be5ByrsK.js                     6.49 kB │ gzip:   2.65 kB
2026-10-05T22:14:56.9769321Z .svelte-kit/output/client/_app/immutable/nodes/19.Cw3B3hVm.js                     7.85 kB │ gzip:   3.23 kB
2026-10-05T22:14:56.9769776Z .svelte-kit/output/client/_app/immutable/nodes/22.DGyp8Mwc.js                     8.10 kB │ gzip:   3.36 kB
2026-10-05T22:14:56.9770253Z .svelte-kit/output/client/_app/immutable/entry/app.DQp0wNY2.js                    9.50 kB │ gzip:   3.04 kB
2026-10-05T22:14:56.9770711Z .svelte-kit/output/client/_app/immutable/nodes/26.CEvWRrXZ.js                    13.95 kB │ gzip:   5.13 kB
2026-10-05T22:14:56.9771169Z .svelte-kit/output/client/_app/immutable/nodes/16.Sg1rvSmP.js                    14.47 kB │ gzip:   5.06 kB
2026-10-05T22:14:56.9771619Z .svelte-kit/output/client/_app/immutable/nodes/8.BXdzqiYE.js                     15.61 kB │ gzip:   5.44 kB
2026-10-05T22:14:56.9772071Z .svelte-kit/output/client/_app/immutable/chunks/CZMkwt-l.js                      16.72 kB │ gzip:   6.39 kB
2026-10-05T22:14:56.9772527Z .svelte-kit/output/client/_app/immutable/nodes/18.B4KoOVbN.js                    17.87 kB │ gzip:   4.99 kB
2026-10-05T22:14:56.9772980Z .svelte-kit/output/client/_app/immutable/chunks/C3He6yBU.js                      32.96 kB │ gzip:  13.27 kB
2026-10-05T22:14:56.9773437Z .svelte-kit/output/client/_app/immutable/chunks/ro1C3wkF.js                      39.95 kB │ gzip:  12.04 kB
2026-10-05T22:14:56.9773895Z .svelte-kit/output/client/_app/immutable/chunks/B4K2OUfQ.js                      43.62 kB │ gzip:  15.99 kB
2026-10-05T22:14:56.9774349Z .svelte-kit/output/client/_app/immutable/nodes/15.J5y7ihy3.js                    50.85 kB │ gzip:  15.82 kB
2026-10-05T22:14:56.9774803Z .svelte-kit/output/client/_app/immutable/chunks/7mCf775m.js                      59.08 kB │ gzip:  22.35 kB
2026-10-05T22:14:56.9775259Z .svelte-kit/output/client/_app/immutable/chunks/Bq-0xDQG.js                     471.30 kB │ gzip: 163.86 kB
2026-10-05T22:14:56.9775709Z .svelte-kit/output/client/_app/immutable/chunks/Ck8-spap.js                     796.56 kB │ gzip: 255.76 kB
2026-10-05T22:14:56.9775920Z 
2026-10-05T22:14:56.9776692Z [33m[33m[MODULE_LEVEL_DIRECTIVE] [0mThe semantics of the module level directive "use client" in "node_modules/.pnpm/@tanstack+react-query@5.90.21_react@19.3.0/node_modules/@tanstack/react-query/build/modern/QueryClientProvider.js" may not be preserved when bundling.
2026-10-05T22:14:56.9777799Z    [38;5;246m╭[0m[38;5;246m─[0m[38;5;246m[[0m node_modules/.pnpm/@tanstack+react-query@5.90.21_react@19.3.0/node_modules/@tanstack/react-query/build/modern/QueryClientProvider.js:1:1 [38;5;246m][0m
2026-10-05T22:14:56.9778379Z    [38;5;246m│[0m
2026-10-05T22:14:56.9778566Z  [38;5;246m1 │[0m "use client";
2026-10-05T22:14:56.9778756Z  [38;5;240m  │[0m ──────┬──────  
2026-10-05T22:14:56.9779022Z  [38;5;240m  │[0m       ╰──────── module level directive may not be preserved
2026-10-05T22:14:56.9779244Z  [38;5;240m  │[0m 
2026-10-05T22:14:56.9779602Z  [38;5;240m  │[0m [38;5;115mHelp[0m: For more information, see https://rolldown.rs/in-depth/directives#other-directives
2026-10-05T22:14:56.9779915Z [38;5;246m───╯[0m
2026-10-05T22:14:56.9780050Z [39m
2026-10-05T22:14:56.9780214Z [33m[plugin builtin:vite-reporter] 
2026-10-05T22:14:56.9780457Z (!) Some chunks are larger than 500 kB after minification. Consider:
2026-10-05T22:14:56.9780803Z - Using dynamic import() to code-split the application
2026-10-05T22:14:56.9781363Z - Use build.rolldownOptions.output.codeSplitting to improve chunking: https://rolldown.rs/reference/OutputOptions.codeSplitting
2026-10-05T22:14:56.9781839Z - Adjust chunk size limit for this warning via build.chunkSizeWarningLimit.[39m
2026-10-05T22:14:56.9782732Z [33m[33m[MODULE_LEVEL_DIRECTIVE] [0mThe semantics of the module level directive "use client" in "node_modules/.pnpm/@tanstack+react-query@5.90.21_react@19.3.0/node_modules/@tanstack/react-query/build/modern/useMutation.js" may not be preserved when bundling.
2026-10-05T22:14:56.9783755Z    [38;5;246m╭[0m[38;5;246m─[0m[38;5;246m[[0m node_modules/.pnpm/@tanstack+react-query@5.90.21_react@19.3.0/node_modules/@tanstack/react-query/build/modern/useMutation.js:1:1 [38;5;246m][0m
2026-10-05T22:14:56.9784158Z    [38;5;246m│[0m
2026-10-05T22:14:56.9784315Z  [38;5;246m1 │[0m "use client";
2026-10-05T22:14:56.9784561Z  [38;5;240m  │[0m ──────┬──────  
2026-10-05T22:14:56.9784821Z  [38;5;240m  │[0m       ╰──────── module level directive may not be preserved
2026-10-05T22:14:56.9785081Z  [38;5;240m  │[0m 
2026-10-05T22:14:56.9785450Z  [38;5;240m  │[0m [38;5;115mHelp[0m: For more information, see https://rolldown.rs/in-depth/directives#other-directives
2026-10-05T22:14:56.9785950Z [38;5;246m───╯[0m
2026-10-05T22:14:56.9786140Z [39m
2026-10-05T22:14:56.9787366Z [33m[33m[MODULE_LEVEL_DIRECTIVE] [0mThe semantics of the module level directive "use client" in "node_modules/.pnpm/@tanstack+react-query@5.90.21_react@19.3.0/node_modules/@tanstack/react-query/build/modern/HydrationBoundary.js" may not be preserved when bundling.
2026-10-05T22:14:56.9788890Z    [38;5;246m╭[0m[38;5;246m─[0m[38;5;246m[[0m node_modules/.pnpm/@tanstack+react-query@5.90.21_react@19.3.0/node_modules/@tanstack/react-query/build/modern/HydrationBoundary.js:1:1 [38;5;246m][0m
2026-10-05T22:14:56.9789305Z    [38;5;246m│[0m
2026-10-05T22:14:56.9789473Z  [38;5;246m1 │[0m "use client";
2026-10-05T22:14:56.9789663Z  [38;5;240m  │[0m ──────┬──────  
2026-10-05T22:14:56.9789913Z  [38;5;240m  │[0m       ╰──────── module level directive may not be preserved
2026-10-05T22:14:56.9790183Z  [38;5;240m  │[0m 
2026-10-05T22:14:56.9790518Z  [38;5;240m  │[0m [38;5;115mHelp[0m: For more information, see https://rolldown.rs/in-depth/directives#other-directives
2026-10-05T22:14:56.9790882Z [38;5;246m───╯[0m
2026-10-05T22:14:56.9791008Z [39m
2026-10-05T22:14:56.9791920Z [33m[33m[MODULE_LEVEL_DIRECTIVE] [0mThe semantics of the module level directive "use client" in "node_modules/.pnpm/@tanstack+react-query@5.90.21_react@19.3.0/node_modules/@tanstack/react-query/build/modern/QueryErrorResetBoundary.js" may not be preserved when bundling.
2026-10-05T22:14:56.9793023Z    [38;5;246m╭[0m[38;5;246m─[0m[38;5;246m[[0m node_modules/.pnpm/@tanstack+react-query@5.90.21_react@19.3.0/node_modules/@tanstack/react-query/build/modern/QueryErrorResetBoundary.js:1:1 [38;5;246m][0m
2026-10-05T22:14:56.9793606Z    [38;5;246m│[0m
2026-10-05T22:14:56.9793757Z  [38;5;246m1 │[0m "use client";
2026-10-05T22:14:56.9793935Z  [38;5;240m  │[0m ──────┬──────  
2026-10-05T22:14:56.9794180Z  [38;5;240m  │[0m       ╰──────── module level directive may not be preserved
2026-10-05T22:14:56.9794387Z  [38;5;240m  │[0m 
2026-10-05T22:14:56.9794712Z  [38;5;240m  │[0m [38;5;115mHelp[0m: For more information, see https://rolldown.rs/in-depth/directives#other-directives
2026-10-05T22:14:56.9795007Z [38;5;246m───╯[0m
2026-10-05T22:14:56.9795129Z [39m
2026-10-05T22:14:56.9795825Z [33m[33m[MODULE_LEVEL_DIRECTIVE] [0mThe semantics of the module level directive "use client" in "node_modules/.pnpm/@tanstack+react-query@5.90.21_react@19.3.0/node_modules/@tanstack/react-query/build/modern/useIsFetching.js" may not be preserved when bundling.
2026-10-05T22:14:56.9796767Z    [38;5;246m╭[0m[38;5;246m─[0m[38;5;246m[[0m node_modules/.pnpm/@tanstack+react-query@5.90.21_react@19.3.0/node_modules/@tanstack/react-query/build/modern/useIsFetching.js:1:1 [38;5;246m][0m
2026-10-05T22:14:56.9797169Z    [38;5;246m│[0m
2026-10-05T22:14:56.9797317Z  [38;5;246m1 │[0m "use client";
2026-10-05T22:14:56.9797495Z  [38;5;240m  │[0m ──────┬──────  
2026-10-05T22:14:56.9797735Z  [38;5;240m  │[0m       ╰──────── module level directive may not be preserved
2026-10-05T22:14:56.9797940Z  [38;5;240m  │[0m 
2026-10-05T22:14:56.9798410Z  [38;5;240m  │[0m [38;5;115mHelp[0m: For more information, see https://rolldown.rs/in-depth/directives#other-directives
2026-10-05T22:14:56.9798702Z [38;5;246m───╯[0m
2026-10-05T22:14:56.9798827Z [39m
2026-10-05T22:14:56.9799533Z [33m[33m[MODULE_LEVEL_DIRECTIVE] [0mThe semantics of the module level directive "use client" in "node_modules/.pnpm/@tanstack+react-query@5.90.21_react@19.3.0/node_modules/@tanstack/react-query/build/modern/useMutationState.js" may not be preserved when bundling.
2026-10-05T22:14:56.9800450Z    [38;5;246m╭[0m[38;5;246m─[0m[38;5;246m[[0m node_modules/.pnpm/@tanstack+react-query@5.90.21_react@19.3.0/node_modules/@tanstack/react-query/build/modern/useMutationState.js:1:1 [38;5;246m][0m
2026-10-05T22:14:56.9800857Z    [38;5;246m│[0m
2026-10-05T22:14:56.9801005Z  [38;5;246m1 │[0m "use client";
2026-10-05T22:14:56.9801179Z  [38;5;240m  │[0m ──────┬──────  
2026-10-05T22:14:56.9801418Z  [38;5;240m  │[0m       ╰──────── module level directive may not be preserved
2026-10-05T22:14:56.9801654Z  [38;5;240m  │[0m 
2026-10-05T22:14:56.9802510Z  [38;5;240m  │[0m [38;5;115mHelp[0m: For more information, see https://rolldown.rs/in-depth/directives#other-directives
2026-10-05T22:14:56.9802980Z [38;5;246m───╯[0m
2026-10-05T22:14:56.9803102Z [39m
2026-10-05T22:14:56.9803802Z [33m[33m[MODULE_LEVEL_DIRECTIVE] [0mThe semantics of the module level directive "use client" in "node_modules/.pnpm/@tanstack+react-query@5.90.21_react@19.3.0/node_modules/@tanstack/react-query/build/modern/useInfiniteQuery.js" may not be preserved when bundling.
2026-10-05T22:14:56.9804826Z    [38;5;246m╭[0m[38;5;246m─[0m[38;5;246m[[0m node_modules/.pnpm/@tanstack+react-query@5.90.21_react@19.3.0/node_modules/@tanstack/react-query/build/modern/useInfiniteQuery.js:1:1 [38;5;246m][0m
2026-10-05T22:14:56.9805230Z    [38;5;246m│[0m
2026-10-05T22:14:56.9805376Z  [38;5;246m1 │[0m "use client";
2026-10-05T22:14:56.9805554Z  [38;5;240m  │[0m ──────┬──────  
2026-10-05T22:14:56.9805793Z  [38;5;240m  │[0m       ╰──────── module level directive may not be preserved
2026-10-05T22:14:56.9805997Z  [38;5;240m  │[0m 
2026-10-05T22:14:56.9806322Z  [38;5;240m  │[0m [38;5;115mHelp[0m: For more information, see https://rolldown.rs/in-depth/directives#other-directives
2026-10-05T22:14:56.9806612Z [38;5;246m───╯[0m
2026-10-05T22:14:56.9806732Z [39m
2026-10-05T22:14:56.9807420Z [33m[33m[MODULE_LEVEL_DIRECTIVE] [0mThe semantics of the module level directive "use client" in "node_modules/.pnpm/@tanstack+react-query@5.90.21_react@19.3.0/node_modules/@tanstack/react-query/build/modern/useQuery.js" may not be preserved when bundling.
2026-10-05T22:14:56.9808426Z    [38;5;246m╭[0m[38;5;246m─[0m[38;5;246m[[0m node_modules/.pnpm/@tanstack+react-query@5.90.21_react@19.3.0/node_modules/@tanstack/react-query/build/modern/useQuery.js:1:1 [38;5;246m][0m
2026-10-05T22:14:56.9808817Z    [38;5;246m│[0m
2026-10-05T22:14:56.9808966Z  [38;5;246m1 │[0m "use client";
2026-10-05T22:14:56.9809138Z  [38;5;240m  │[0m ──────┬──────  
2026-10-05T22:14:56.9809376Z  [38;5;240m  │[0m       ╰──────── module level directive may not be preserved
2026-10-05T22:14:56.9809584Z  [38;5;240m  │[0m 
2026-10-05T22:14:56.9809905Z  [38;5;240m  │[0m [38;5;115mHelp[0m: For more information, see https://rolldown.rs/in-depth/directives#other-directives
2026-10-05T22:14:56.9810196Z [38;5;246m───╯[0m
2026-10-05T22:14:56.9810319Z [39m
2026-10-05T22:14:56.9811059Z [33m[33m[MODULE_LEVEL_DIRECTIVE] [0mThe semantics of the module level directive "use client" in "node_modules/.pnpm/@tanstack+react-query@5.90.21_react@19.3.0/node_modules/@tanstack/react-query/build/modern/useQueries.js" may not be preserved when bundling.
2026-10-05T22:14:56.9811939Z    [38;5;246m╭[0m[38;5;246m─[0m[38;5;246m[[0m node_modules/.pnpm/@tanstack+react-query@5.90.21_react@19.3.0/node_modules/@tanstack/react-query/build/modern/useQueries.js:1:1 [38;5;246m][0m
2026-10-05T22:14:56.9812328Z    [38;5;246m│[0m
2026-10-05T22:14:56.9812474Z  [38;5;246m1 │[0m "use client";
2026-10-05T22:14:56.9812650Z  [38;5;240m  │[0m ──────┬──────  
2026-10-05T22:14:56.9812886Z  [38;5;240m  │[0m       ╰──────── module level directive may not be preserved
2026-10-05T22:14:56.9813090Z  [38;5;240m  │[0m 
2026-10-05T22:14:56.9813412Z  [38;5;240m  │[0m [38;5;115mHelp[0m: For more information, see https://rolldown.rs/in-depth/directives#other-directives
2026-10-05T22:14:56.9813701Z [38;5;246m───╯[0m
2026-10-05T22:14:56.9813821Z [39m
2026-10-05T22:14:56.9814531Z [33m[33m[MODULE_LEVEL_DIRECTIVE] [0mThe semantics of the module level directive "use client" in "node_modules/.pnpm/@tanstack+react-query@5.90.21_react@19.3.0/node_modules/@tanstack/react-query/build/modern/useSuspenseQuery.js" may not be preserved when bundling.
2026-10-05T22:14:56.9815430Z    [38;5;246m╭[0m[38;5;246m─[0m[38;5;246m[[0m node_modules/.pnpm/@tanstack+react-query@5.90.21_react@19.3.0/node_modules/@tanstack/react-query/build/modern/useSuspenseQuery.js:1:1 [38;5;246m][0m
2026-10-05T22:14:56.9815833Z    [38;5;246m│[0m
2026-10-05T22:14:56.9815979Z  [38;5;246m1 │[0m "use client";
2026-10-05T22:14:56.9816152Z  [38;5;240m  │[0m ──────┬──────  
2026-10-05T22:14:56.9816387Z  [38;5;240m  │[0m       ╰──────── module level directive may not be preserved
2026-10-05T22:14:56.9816591Z  [38;5;240m  │[0m 
2026-10-05T22:14:56.9816911Z  [38;5;240m  │[0m [38;5;115mHelp[0m: For more information, see https://rolldown.rs/in-depth/directives#other-directives
2026-10-05T22:14:56.9817206Z [38;5;246m───╯[0m
2026-10-05T22:14:56.9817381Z [39m
2026-10-05T22:14:56.9818237Z [33m[33m[MODULE_LEVEL_DIRECTIVE] [0mThe semantics of the module level directive "use client" in "node_modules/.pnpm/@tanstack+react-query@5.90.21_react@19.3.0/node_modules/@tanstack/react-query/build/modern/useSuspenseInfiniteQuery.js" may not be preserved when bundling.
2026-10-05T22:14:56.9819186Z    [38;5;246m╭[0m[38;5;246m─[0m[38;5;246m[[0m node_modules/.pnpm/@tanstack+react-query@5.90.21_react@19.3.0/node_modules/@tanstack/react-query/build/modern/useSuspenseInfiniteQuery.js:1:1 [38;5;246m][0m
2026-10-05T22:14:56.9819609Z    [38;5;246m│[0m
2026-10-05T22:14:56.9819755Z  [38;5;246m1 │[0m "use client";
2026-10-05T22:14:56.9819932Z  [38;5;240m  │[0m ──────┬──────  
2026-10-05T22:14:56.9820171Z  [38;5;240m  │[0m       ╰──────── module level directive may not be preserved
2026-10-05T22:14:56.9820375Z  [38;5;240m  │[0m 
2026-10-05T22:14:56.9820698Z  [38;5;240m  │[0m [38;5;115mHelp[0m: For more information, see https://rolldown.rs/in-depth/directives#other-directives
2026-10-05T22:14:56.9820992Z [38;5;246m───╯[0m
2026-10-05T22:14:56.9821119Z [39m
2026-10-05T22:14:56.9821828Z [33m[33m[MODULE_LEVEL_DIRECTIVE] [0mThe semantics of the module level directive "use client" in "node_modules/.pnpm/@tanstack+react-query@5.90.21_react@19.3.0/node_modules/@tanstack/react-query/build/modern/useSuspenseQueries.js" may not be preserved when bundling.
2026-10-05T22:14:56.9822736Z    [38;5;246m╭[0m[38;5;246m─[0m[38;5;246m[[0m node_modules/.pnpm/@tanstack+react-query@5.90.21_react@19.3.0/node_modules/@tanstack/react-query/build/modern/useSuspenseQueries.js:1:1 [38;5;246m][0m
2026-10-05T22:14:56.9823147Z    [38;5;246m│[0m
2026-10-05T22:14:56.9823294Z  [38;5;246m1 │[0m "use client";
2026-10-05T22:14:56.9823466Z  [38;5;240m  │[0m ──────┬──────  
2026-10-05T22:14:56.9823702Z  [38;5;240m  │[0m       ╰──────── module level directive may not be preserved
2026-10-05T22:14:56.9823908Z  [38;5;240m  │[0m 
2026-10-05T22:14:56.9824282Z  [38;5;240m  │[0m [38;5;115mHelp[0m: For more information, see https://rolldown.rs/in-depth/directives#other-directives
2026-10-05T22:14:56.9824572Z [38;5;246m───╯[0m
2026-10-05T22:14:56.9824692Z [39m
2026-10-05T22:14:56.9825399Z [33m[33m[MODULE_LEVEL_DIRECTIVE] [0mThe semantics of the module level directive "use client" in "node_modules/.pnpm/@tanstack+react-query@5.90.21_react@19.3.0/node_modules/@tanstack/react-query/build/modern/IsRestoringProvider.js" may not be preserved when bundling.
2026-10-05T22:14:56.9826306Z    [38;5;246m╭[0m[38;5;246m─[0m[38;5;246m[[0m node_modules/.pnpm/@tanstack+react-query@5.90.21_react@19.3.0/node_modules/@tanstack/react-query/build/modern/IsRestoringProvider.js:1:1 [38;5;246m][0m
2026-10-05T22:14:56.9826712Z    [38;5;246m│[0m
2026-10-05T22:14:56.9826859Z  [38;5;246m1 │[0m "use client";
2026-10-05T22:14:56.9827035Z  [38;5;240m  │[0m ──────┬──────  
2026-10-05T22:14:56.9827271Z  [38;5;240m  │[0m       ╰──────── module level directive may not be preserved
2026-10-05T22:14:56.9827479Z  [38;5;240m  │[0m 
2026-10-05T22:14:56.9827808Z  [38;5;240m  │[0m [38;5;115mHelp[0m: For more information, see https://rolldown.rs/in-depth/directives#other-directives
2026-10-05T22:14:56.9828213Z [38;5;246m───╯[0m
2026-10-05T22:14:56.9828336Z [39m
2026-10-05T22:14:56.9829076Z [33m[33m[MODULE_LEVEL_DIRECTIVE] [0mThe semantics of the module level directive "use client" in "node_modules/.pnpm/@tanstack+react-query@5.90.21_react@19.3.0/node_modules/@tanstack/react-query/build/modern/errorBoundaryUtils.js" may not be preserved when bundling.
2026-10-05T22:14:56.9829982Z    [38;5;246m╭[0m[38;5;246m─[0m[38;5;246m[[0m node_modules/.pnpm/@tanstack+react-query@5.90.21_react@19.3.0/node_modules/@tanstack/react-query/build/modern/errorBoundaryUtils.js:1:1 [38;5;246m][0m
2026-10-05T22:14:56.9830393Z    [38;5;246m│[0m
2026-10-05T22:14:56.9830538Z  [38;5;246m1 │[0m "use client";
2026-10-05T22:14:56.9830710Z  [38;5;240m  │[0m ──────┬──────  
2026-10-05T22:14:56.9830997Z  [38;5;240m  │[0m       ╰──────── module level directive may not be preserved
2026-10-05T22:14:56.9831209Z  [38;5;240m  │[0m 
2026-10-05T22:14:56.9831531Z  [38;5;240m  │[0m [38;5;115mHelp[0m: For more information, see https://rolldown.rs/in-depth/directives#other-directives
2026-10-05T22:14:56.9831821Z [38;5;246m───╯[0m
2026-10-05T22:14:56.9831942Z [39m
2026-10-05T22:14:56.9832626Z [33m[33m[MODULE_LEVEL_DIRECTIVE] [0mThe semantics of the module level directive "use client" in "node_modules/.pnpm/@tanstack+react-query@5.90.21_react@19.3.0/node_modules/@tanstack/react-query/build/modern/useBaseQuery.js" may not be preserved when bundling.
2026-10-05T22:14:56.9833501Z    [38;5;246m╭[0m[38;5;246m─[0m[38;5;246m[[0m node_modules/.pnpm/@tanstack+react-query@5.90.21_react@19.3.0/node_modules/@tanstack/react-query/build/modern/useBaseQuery.js:1:1 [38;5;246m][0m
2026-10-05T22:14:56.9833891Z    [38;5;246m│[0m
2026-10-05T22:14:56.9834036Z  [38;5;246m1 │[0m "use client";
2026-10-05T22:14:56.9834217Z  [38;5;240m  │[0m ──────┬──────  
2026-10-05T22:14:56.9834498Z  [38;5;240m  │[0m       ╰──────── module level directive may not be preserved
2026-10-05T22:14:56.9834703Z  [38;5;240m  │[0m 
2026-10-05T22:14:56.9835025Z  [38;5;240m  │[0m [38;5;115mHelp[0m: For more information, see https://rolldown.rs/in-depth/directives#other-directives
2026-10-05T22:14:56.9835313Z [38;5;246m───╯[0m
2026-10-05T22:14:56.9835433Z [39m
2026-10-05T22:14:56.9835577Z [32m✓ built in 948ms[39m
2026-10-05T22:14:57.6039328Z computing gzip size...
2026-10-05T22:14:57.6119290Z .svelte-kit/output/server/.vite/manifest.json                                                                  60.68 kB │ gzip:  5.78 kB
2026-10-05T22:14:57.6120168Z .svelte-kit/output/server/_app/immutable/assets/_page.DrcXZYa3.css                                              0.17 kB │ gzip:  0.13 kB
2026-10-05T22:14:57.6120909Z .svelte-kit/output/server/_app/immutable/assets/MenuDialog.CSb6g0e0.css                                         0.20 kB │ gzip:  0.17 kB
2026-10-05T22:14:57.6121536Z .svelte-kit/output/server/_app/immutable/assets/_page.Dcp-D_B2.css                                              0.22 kB │ gzip:  0.15 kB
2026-10-05T22:14:57.6122069Z .svelte-kit/output/server/_app/immutable/assets/_page.gKqYElxg.css                                              0.36 kB │ gzip:  0.22 kB
2026-10-05T22:14:57.6122629Z .svelte-kit/output/server/_app/immutable/assets/DraftPreview.fwW3PV90.css                                       0.48 kB │ gzip:  0.25 kB
2026-10-05T22:14:57.6123180Z .svelte-kit/output/server/_app/immutable/assets/_page.CyTVIvfE.css                                              0.54 kB │ gzip:  0.26 kB
2026-10-05T22:14:57.6123719Z .svelte-kit/output/server/_app/immutable/assets/_page.CVJ5M564.css                                              0.57 kB │ gzip:  0.29 kB
2026-10-05T22:14:57.6124259Z .svelte-kit/output/server/_app/immutable/assets/_page.B4jjrLtW.css                                              0.68 kB │ gzip:  0.31 kB
2026-10-05T22:14:57.6124804Z .svelte-kit/output/server/_app/immutable/assets/_page.CccxuyKJ.css                                              0.70 kB │ gzip:  0.35 kB
2026-10-05T22:14:57.6125390Z .svelte-kit/output/server/_app/immutable/assets/ContentTypeEditor.BP8dJX1x.css                                  1.57 kB │ gzip:  0.55 kB
2026-10-05T22:14:57.6125950Z .svelte-kit/output/server/_app/immutable/assets/_page.DYOooGE9.css                                              1.60 kB │ gzip:  0.40 kB
2026-10-05T22:14:57.6126486Z .svelte-kit/output/server/_app/immutable/assets/_page.C1Ra8cmf.css                                              2.18 kB │ gzip:  0.68 kB
2026-10-05T22:14:57.6127024Z .svelte-kit/output/server/_app/immutable/assets/_page.CvGkr_1p.css                                              2.27 kB │ gzip:  0.85 kB
2026-10-05T22:14:57.6127560Z .svelte-kit/output/server/_app/immutable/assets/admin.CSBm7Oz-.css                                              2.57 kB │ gzip:  0.88 kB
2026-10-05T22:14:57.6128228Z .svelte-kit/output/server/_app/immutable/assets/_page.D2HNaFcR.css                                              3.13 kB │ gzip:  0.93 kB
2026-10-05T22:14:57.6129126Z .svelte-kit/output/server/_app/immutable/assets/WorkspaceShell.CG4u5kwz.css                                    37.08 kB │ gzip:  5.01 kB
2026-10-05T22:14:57.6129705Z .svelte-kit/output/server/_app/immutable/assets/EditorForm.C-5vBWNT.css                                       140.63 kB │ gzip: 23.84 kB
2026-10-05T22:14:57.6130238Z .svelte-kit/output/server/chunks/navigation.js                                                                  0.03 kB │ gzip:  0.05 kB
2026-10-05T22:14:57.6130740Z .svelte-kit/output/server/chunks/repository2.js                                                                 0.09 kB │ gzip:  0.08 kB
2026-10-05T22:14:57.6131232Z .svelte-kit/output/server/chunks/taxonomies2.js                                                                 0.09 kB │ gzip:  0.08 kB
2026-10-05T22:14:57.6131788Z .svelte-kit/output/server/chunks/chunks.js                                                                      0.10 kB │ gzip:  0.09 kB
2026-10-05T22:14:57.6132277Z .svelte-kit/output/server/remote-entry.js                                                                       0.16 kB │ gzip:  0.12 kB
2026-10-05T22:14:57.6132757Z .svelte-kit/output/server/chunks/server.js                                                                      0.16 kB │ gzip:  0.12 kB
2026-10-05T22:14:57.6133249Z .svelte-kit/output/server/chunks/transaction2.js                                                                0.19 kB │ gzip:  0.15 kB
2026-10-05T22:14:57.6133774Z .svelte-kit/output/server/entries/endpoints/api/comments/_server.ts.js                                          0.20 kB │ gzip:  0.16 kB
2026-10-05T22:14:57.6134331Z .svelte-kit/output/server/entries/endpoints/api/admin/comments/_server.ts.js                                    0.21 kB │ gzip:  0.16 kB
2026-10-05T22:14:57.6134880Z .svelte-kit/output/server/entries/pages/_page.server.ts.js                                                      0.22 kB │ gzip:  0.16 kB
2026-10-05T22:14:57.6135377Z .svelte-kit/output/server/env.js                                                                                0.22 kB │ gzip:  0.14 kB
2026-10-05T22:14:57.6135860Z .svelte-kit/output/server/chunks/remote-4cga8b.js                                                               0.22 kB │ gzip:  0.14 kB
2026-10-05T22:14:57.6136405Z .svelte-kit/output/server/entries/endpoints/api/redirects/404s/summary/_server.ts.js                            0.22 kB │ gzip:  0.17 kB
2026-10-05T22:14:57.6136985Z .svelte-kit/output/server/entries/endpoints/api/admin/comments/bulk/_server.ts.js                               0.22 kB │ gzip:  0.17 kB
2026-10-05T22:14:57.6137528Z .svelte-kit/output/server/chunks/navigation2.js                                                                 0.22 kB │ gzip:  0.17 kB
2026-10-05T22:14:57.6138186Z .svelte-kit/output/server/entries/endpoints/api/admin/comments/counts/_server.ts.js                             0.22 kB │ gzip:  0.17 kB
2026-10-05T22:14:57.6138743Z .svelte-kit/output/server/chunks/remote-5e9re.js                                                                0.23 kB │ gzip:  0.14 kB
2026-10-05T22:14:57.6139244Z .svelte-kit/output/server/chunks/remote-6z7yaa.js                                                               0.23 kB │ gzip:  0.14 kB
2026-10-05T22:14:57.6139766Z .svelte-kit/output/server/entries/pages/redirects/_page.server.ts.js                                            0.23 kB │ gzip:  0.18 kB
2026-10-05T22:14:57.6140732Z .svelte-kit/output/server/entries/endpoints/api/admin/comments/_id_/status/_server.ts.js                        0.23 kB │ gzip:  0.17 kB
2026-10-05T22:14:57.6141339Z .svelte-kit/output/server/chunks/remote-1ghd0c5.js                                                              0.24 kB │ gzip:  0.15 kB
2026-10-05T22:14:57.6141848Z .svelte-kit/output/server/chunks/remote-126fj8m.js                                                              0.24 kB │ gzip:  0.15 kB
2026-10-05T22:14:57.6142827Z .svelte-kit/output/server/entries/pages/content/_collection_/_layout.server.ts.js                               0.24 kB │ gzip:  0.18 kB
2026-10-05T22:14:57.6143421Z .svelte-kit/output/server/entries/endpoints/api/comments/_collection_/_contentId_/_server.ts.js                 0.25 kB │ gzip:  0.18 kB
2026-10-05T22:14:57.6143976Z .svelte-kit/output/server/chunks/remote-15ax3ep.js                                                              0.26 kB │ gzip:  0.15 kB
2026-10-05T22:14:57.6144536Z .svelte-kit/output/server/entries/endpoints/api/admin/comments/settings/_collection_/_server.ts.js              0.26 kB │ gzip:  0.17 kB
2026-10-05T22:14:57.6145309Z .svelte-kit/output/server/entries/endpoints/api/redirects/_server.ts.js                                         0.26 kB │ gzip:  0.18 kB
2026-10-05T22:14:57.6145864Z .svelte-kit/output/server/chunks/object-cache-configuration.js                                                  0.27 kB │ gzip:  0.19 kB
2026-10-05T22:14:57.6146510Z .svelte-kit/output/server/entries/endpoints/api/comments/_collection_/_contentId_/reactions/_server.ts.js       0.27 kB │ gzip:  0.18 kB
2026-10-05T22:14:57.6147059Z .svelte-kit/output/server/chunks/contract.js                                                                    0.28 kB │ gzip:  0.19 kB
2026-10-05T22:14:57.6147592Z .svelte-kit/output/server/entries/endpoints/api/schema/block-types/_server.ts.js                                0.28 kB │ gzip:  0.21 kB
2026-10-05T22:14:57.6148305Z .svelte-kit/output/server/entries/endpoints/api/content-picker/manifest/_server.ts.js                           0.28 kB │ gzip:  0.20 kB
2026-10-05T22:14:57.6148835Z .svelte-kit/output/server/chunks/env.js                                                                         0.28 kB │ gzip:  0.17 kB
2026-10-05T22:14:57.6149355Z .svelte-kit/output/server/entries/endpoints/api/admin/comments/_id_/_server.ts.js                               0.29 kB │ gzip:  0.19 kB
2026-10-05T22:14:57.6149944Z .svelte-kit/output/server/entries/endpoints/api/content-picker/collections/_server.ts.js                        0.32 kB │ gzip:  0.22 kB
2026-10-05T22:14:57.6150546Z .svelte-kit/output/server/entries/endpoints/api/schema/collections/reorder/_server.ts.js                        0.32 kB │ gzip:  0.23 kB
2026-10-05T22:14:57.6151123Z .svelte-kit/output/server/entries/endpoints/api/setup/status/_server.ts.js                                      0.33 kB │ gzip:  0.23 kB
2026-10-05T22:14:57.6151678Z .svelte-kit/output/server/entries/endpoints/api/redirects/_id_/_server.ts.js                                    0.33 kB │ gzip:  0.20 kB
2026-10-05T22:14:57.6152239Z .svelte-kit/output/server/entries/endpoints/api/redirects/404s/_server.ts.js                                    0.34 kB │ gzip:  0.20 kB
2026-10-05T22:14:57.6152789Z .svelte-kit/output/server/entries/pages/widgets/_page.server.ts.js                                              0.36 kB │ gzip:  0.23 kB
2026-10-05T22:14:57.6153333Z .svelte-kit/output/server/entries/pages/sections/_layout.server.ts.js                                           0.36 kB │ gzip:  0.23 kB
2026-10-05T22:14:57.6153915Z .svelte-kit/output/server/entries/endpoints/api/content-picker/content/_collection_/_server.ts.js               0.36 kB │ gzip:  0.24 kB
2026-10-05T22:14:57.6154525Z .svelte-kit/output/server/entries/endpoints/api/schema/collections/_collection_/fields/reorder/_server.ts.js    0.40 kB │ gzip:  0.26 kB
2026-10-05T22:14:57.6155063Z .svelte-kit/output/server/internal.js                                                                           0.40 kB │ gzip:  0.19 kB
2026-10-05T22:14:57.6155559Z .svelte-kit/output/server/entries/fallbacks/layout.svelte.js                                                    0.42 kB │ gzip:  0.30 kB
2026-10-05T22:14:57.6156110Z .svelte-kit/output/server/entries/endpoints/api/schema/collections/_server.ts.js                                0.42 kB │ gzip:  0.25 kB
2026-10-05T22:14:57.6156705Z .svelte-kit/output/server/entries/endpoints/api/schema/collections/_collection_/fields/_server.ts.js            0.45 kB │ gzip:  0.29 kB
2026-10-05T22:14:57.6157419Z .svelte-kit/output/server/chunks/collection-slugs-state.js                                                      0.48 kB │ gzip:  0.29 kB
2026-10-05T22:14:57.6157928Z .svelte-kit/output/server/chunks/authorize.js                                                                   0.49 kB │ gzip:  0.32 kB
2026-10-05T22:14:57.6158514Z .svelte-kit/output/server/chunks/context.js                                                                     0.50 kB │ gzip:  0.29 kB
2026-10-05T22:14:57.6159009Z .svelte-kit/output/server/chunks/deferred-tasks.js                                                              0.50 kB │ gzip:  0.29 kB
2026-10-05T22:14:57.6159508Z .svelte-kit/output/server/chunks/chrome-tags.js                                                                 0.52 kB │ gzip:  0.33 kB
2026-10-05T22:14:57.6160220Z .svelte-kit/output/server/entries/endpoints/api/auth/me/_server.ts.js                                           0.53 kB │ gzip:  0.32 kB
2026-10-05T22:14:57.6160857Z .svelte-kit/output/server/entries/endpoints/api/schema/collections/_collection_/fields/_field_/_server.ts.js    0.54 kB │ gzip:  0.30 kB
2026-10-05T22:14:57.6161687Z .svelte-kit/output/server/entries/fallbacks/error.svelte.js                                                     0.56 kB │ gzip:  0.35 kB
2026-10-05T22:14:57.6162491Z .svelte-kit/output/server/chunks/chunks2.js                                                                     0.56 kB │ gzip:  0.39 kB
2026-10-05T22:14:57.6163021Z .svelte-kit/output/server/entries/endpoints/api/auth/passkey/options/_server.ts.js                              0.60 kB │ gzip:  0.34 kB
2026-10-05T22:14:57.6163614Z .svelte-kit/output/server/entries/pages/comments/settings/_collection_/_page.server.ts.js                       0.61 kB │ gzip:  0.35 kB
2026-10-05T22:14:57.6164180Z .svelte-kit/output/server/entries/pages/schema/_layout.server.ts.js                                             0.61 kB │ gzip:  0.36 kB
2026-10-05T22:14:57.6165044Z .svelte-kit/output/server/entries/pages/schema/_manage/_layout.svelte.js                                        0.63 kB │ gzip:  0.32 kB
2026-10-05T22:14:57.6165569Z .svelte-kit/output/server/chunks/current-user.js                                                                0.66 kB │ gzip:  0.38 kB
2026-10-05T22:14:57.6166356Z .svelte-kit/output/server/entries/pages/content/_collection_/_id_/workflow/_page.server.ts.js                   0.67 kB │ gzip:  0.32 kB
2026-10-05T22:14:57.6167074Z .svelte-kit/output/server/entries/endpoints/api/schema/collections/_collection_/_server.ts.js                   0.70 kB │ gzip:  0.35 kB
2026-10-05T22:14:57.6167611Z .svelte-kit/output/server/chunks/host.js                                                                        0.75 kB │ gzip:  0.37 kB
2026-10-05T22:14:57.6168234Z .svelte-kit/output/server/chunks/editor-display.js                                                              0.77 kB │ gzip:  0.37 kB
2026-10-05T22:14:57.6168977Z .svelte-kit/output/server/chunks/store.js                                                                       0.78 kB │ gzip:  0.42 kB
2026-10-05T22:14:57.6169498Z .svelte-kit/output/server/entries/pages/trash/_collection_/_page.server.ts.js                                   0.79 kB │ gzip:  0.41 kB
2026-10-05T22:14:57.6170071Z .svelte-kit/output/server/entries/endpoints/api/setup/admin/verify/_server.ts.js                                0.83 kB │ gzip:  0.43 kB
2026-10-05T22:14:57.6170623Z .svelte-kit/output/server/entries/pages/menus/_layout.server.ts.js                                              0.85 kB │ gzip:  0.48 kB
2026-10-05T22:14:57.6171167Z .svelte-kit/output/server/entries/endpoints/api/setup/admin/_server.ts.js                                       0.87 kB │ gzip:  0.46 kB
2026-10-05T22:14:57.6171719Z [33m[33m[PLUGIN_TIMINGS] [0mJavaScript callbacks ran for 5.6s of this 5.7s build (99%).
2026-10-05T22:14:57.6172194Z The slowest callbacks, timed inside each callback (the wait before a callback starts is excluded, the time it awaits is included):
2026-10-05T22:14:57.6172689Z   - plugin vite-plugin-sveltekit-compile writeBundle (84%, 4.8s, 1 call)
2026-10-05T22:14:57.6173028Z Additional callback time came from the callbacks below and from callbacks under 1s.
2026-10-05T22:14:57.6173600Z 2 callbacks are listed without a time. Their calls overlapped, so the time inside one call includes work from other calls. To find their cost, profile the build with `node --cpu-prof`:
2026-10-05T22:14:57.6174063Z   - plugin vite-plugin-sveltekit-guard resolveId (2434 calls)
2026-10-05T22:14:57.6174319Z   - plugin vite-plugin-svelte:preprocess transform (87 calls)
2026-10-05T22:14:57.6174649Z See https://rolldown.rs/reference/InputOptions.checks#bundlertimings for more details.
2026-10-05T22:14:57.6174903Z [39m
2026-10-05T22:14:57.6175301Z .svelte-kit/output/server/entries/endpoints/api/menus/_name_/items/_server.ts.js                                0.89 kB │ gzip:  0.45 kB
2026-10-05T22:14:57.6175942Z .svelte-kit/output/server/entries/endpoints/api/menus/_name_/reorder/_server.ts.js                              0.90 kB │ gzip:  0.45 kB
2026-10-05T22:14:57.6176524Z .svelte-kit/output/server/entries/endpoints/api/byline-fields/_slug_/usage/_server.ts.js                        0.91 kB │ gzip:  0.47 kB
2026-10-05T22:14:57.6177069Z .svelte-kit/output/server/chunks/i18n-config.js                                                                 0.93 kB │ gzip:  0.49 kB
2026-10-05T22:14:57.6177555Z .svelte-kit/output/server/chunks/widgets.js                                                                     0.95 kB │ gzip:  0.47 kB
2026-10-05T22:14:57.6178193Z .svelte-kit/output/server/entries/endpoints/api/menus/_server.ts.js                                             1.01 kB │ gzip:  0.47 kB
2026-10-05T22:14:57.6178781Z .svelte-kit/output/server/entries/endpoints/api/taxonomies/_name_/translations/_server.ts.js                    1.04 kB │ gzip:  0.51 kB
2026-10-05T22:14:57.6179328Z .svelte-kit/output/server/chunks/status.js                                                                      1.04 kB │ gzip:  0.55 kB
2026-10-05T22:14:57.6179817Z .svelte-kit/output/server/chunks/transaction.js                                                                 1.06 kB │ gzip:  0.50 kB
2026-10-05T22:14:57.6180361Z .svelte-kit/output/server/entries/endpoints/api/byline-fields/reorder/_server.ts.js                             1.08 kB │ gzip:  0.47 kB
2026-10-05T22:14:57.6180895Z .svelte-kit/output/server/chunks/write-plan.js                                                                  1.13 kB │ gzip:  0.56 kB
2026-10-05T22:14:57.6181437Z .svelte-kit/output/server/entries/endpoints/api/taxonomies/_name_/reorder/_server.ts.js                         1.14 kB │ gzip:  0.52 kB
2026-10-05T22:14:57.6181969Z .svelte-kit/output/server/chunks/paths.js                                                                       1.15 kB │ gzip:  0.64 kB
2026-10-05T22:14:57.6182446Z .svelte-kit/output/server/chunks/context2.js                                                                    1.18 kB │ gzip:  0.67 kB
2026-10-05T22:14:57.6182979Z .svelte-kit/output/server/entries/endpoints/api/auth/logout/_server.ts.js                                       1.28 kB │ gzip:  0.62 kB
2026-10-05T22:14:57.6183497Z .svelte-kit/output/server/chunks/request.js                                                                     1.30 kB │ gzip:  0.68 kB
2026-10-05T22:14:57.6183982Z .svelte-kit/output/server/chunks/internal.js                                                                    1.30 kB │ gzip:  0.54 kB
2026-10-05T22:14:57.6184469Z .svelte-kit/output/server/chunks/namespaces.js                                                                  1.34 kB │ gzip:  0.63 kB
2026-10-05T22:14:57.6184989Z .svelte-kit/output/server/entries/endpoints/api/taxonomies/_server.ts.js                                        1.36 kB │ gzip:  0.57 kB
2026-10-05T22:14:57.6185555Z .svelte-kit/output/server/entries/endpoints/api/auth/passkey/verify/_server.ts.js                               1.39 kB │ gzip:  0.63 kB
2026-10-05T22:14:57.6186135Z .svelte-kit/output/server/chunks/base64.js                                                                      1.41 kB │ gzip:  0.65 kB
2026-10-05T22:14:57.6186633Z .svelte-kit/output/server/chunks/embed-messages.source.js                                                       1.47 kB │ gzip:  0.79 kB
2026-10-05T22:14:57.6187177Z .svelte-kit/output/server/entries/endpoints/api/menus/_name_/items/_id_/_server.ts.js                           1.47 kB │ gzip:  0.55 kB
2026-10-05T22:14:57.6187720Z .svelte-kit/output/server/chunks/identity-schemas.js                                                            1.48 kB │ gzip:  0.55 kB
2026-10-05T22:14:57.6188391Z .svelte-kit/output/server/entries/pages/sections/_slug_/_page.svelte.js                                         1.50 kB │ gzip:  0.58 kB
2026-10-05T22:14:57.6188943Z .svelte-kit/output/server/entries/endpoints/api/menus/_name_/_server.ts.js                                      1.52 kB │ gzip:  0.52 kB
2026-10-05T22:14:57.6189554Z .svelte-kit/output/server/entries/endpoints/api/taxonomies/_name_/terms/_server.ts.js                           1.59 kB │ gzip:  0.63 kB
2026-10-05T22:14:57.6190127Z .svelte-kit/output/server/entries/endpoints/api/byline-fields/_server.ts.js                                     1.64 kB │ gzip:  0.59 kB
2026-10-05T22:14:57.6190664Z .svelte-kit/output/server/chunks/atomic-query-loop.js                                                           1.66 kB │ gzip:  0.73 kB
2026-10-05T22:14:57.6191192Z .svelte-kit/output/server/entries/pages/schema/_manage/new/_page.svelte.js                                      1.67 kB │ gzip:  0.73 kB
2026-10-05T22:14:57.6191764Z .svelte-kit/output/server/entries/endpoints/api/menus/_name_/translations/_server.ts.js                         1.70 kB │ gzip:  0.68 kB
2026-10-05T22:14:57.6192298Z .svelte-kit/output/server/chunks/slugify.js                                                                     1.77 kB │ gzip:  0.91 kB
2026-10-05T22:14:57.6192796Z .svelte-kit/output/server/entries/hooks.universal.js                                                            1.77 kB │ gzip:  0.73 kB
2026-10-05T22:14:57.6193298Z .svelte-kit/output/server/chunks/migrations2.js                                                                 1.78 kB │ gzip:  0.67 kB
2026-10-05T22:14:57.6193780Z .svelte-kit/output/server/chunks/parse2.js                                                                      1.85 kB │ gzip:  0.90 kB
2026-10-05T22:14:57.6194264Z .svelte-kit/output/server/chunks/DraftPreview.js                                                                1.88 kB │ gzip:  0.78 kB
2026-10-05T22:14:57.6194783Z .svelte-kit/output/server/entries/endpoints/api/sections/_server.ts.js                                          1.88 kB │ gzip:  0.64 kB
2026-10-05T22:14:57.6195296Z .svelte-kit/output/server/chunks/schemas5.js                                                                    1.91 kB │ gzip:  0.49 kB
2026-10-05T22:14:57.6195919Z .svelte-kit/output/server/chunks/SectionPickerModal.js                                                          1.94 kB │ gzip:  0.75 kB
2026-10-05T22:14:57.6196429Z .svelte-kit/output/server/chunks/workspace.remote.js                                                            1.95 kB │ gzip:  0.77 kB
2026-10-05T22:14:57.6196922Z .svelte-kit/output/server/chunks/readiness.js                                                                   1.98 kB │ gzip:  0.92 kB
2026-10-05T22:14:57.6197497Z .svelte-kit/output/server/chunks/db-errors.js                                                                   2.01 kB │ gzip:  0.97 kB
2026-10-05T22:14:57.6198447Z .svelte-kit/output/server/entries/pages/comments/_page.server.ts.js                                             2.02 kB │ gzip:  0.86 kB
2026-10-05T22:14:57.6199277Z .svelte-kit/output/server/chunks/validate2.js                                                                   2.05 kB │ gzip:  0.95 kB
2026-10-05T22:14:57.6200162Z .svelte-kit/output/server/entries/endpoints/api/widget-areas/_name_/reorder/_server.ts.js                       2.06 kB │ gzip:  0.87 kB
2026-10-05T22:14:57.6201052Z .svelte-kit/output/server/chunks/validate.js                                                                    2.08 kB │ gzip:  0.97 kB
2026-10-05T22:14:57.6201880Z .svelte-kit/output/server/chunks/editor-autosave.remote.js                                                      2.10 kB │ gzip:  0.74 kB
2026-10-05T22:14:57.6202792Z .svelte-kit/output/server/entries/endpoints/api/widget-components/_server.ts.js                                 2.13 kB │ gzip:  0.77 kB
2026-10-05T22:14:57.6203664Z .svelte-kit/output/server/chunks/init-lock.js                                                                   2.15 kB │ gzip:  1.00 kB
2026-10-05T22:14:57.6204477Z .svelte-kit/output/server/chunks/turnstile.js                                                                   2.20 kB │ gzip:  1.13 kB
2026-10-05T22:14:57.6205361Z .svelte-kit/output/server/entries/endpoints/api/taxonomies/_name_/_server.ts.js                                 2.23 kB │ gzip:  0.69 kB
2026-10-05T22:14:57.6206412Z .svelte-kit/output/server/entries/endpoints/api/widget-areas/_name_/_server.ts.js                               2.36 kB │ gzip:  0.80 kB
2026-10-05T22:14:57.6207386Z .svelte-kit/output/server/entries/endpoints/api/taxonomies/_name_/terms/_slug_/translations/_server.ts.js       2.39 kB │ gzip:  0.81 kB
2026-10-05T22:14:57.6208516Z .svelte-kit/output/server/entries/endpoints/api/byline-fields/_slug_/_server.ts.js                              2.40 kB │ gzip:  0.69 kB
2026-10-05T22:14:57.6209481Z .svelte-kit/output/server/entries/endpoints/api/widget-areas/_name_/widgets/_server.ts.js                       2.41 kB │ gzip:  0.99 kB
2026-10-05T22:14:57.6210392Z .svelte-kit/output/server/chunks/BlockSettings.js                                                               2.42 kB │ gzip:  0.90 kB
2026-10-05T22:14:57.6211281Z .svelte-kit/output/server/entries/endpoints/api/taxonomies/_name_/terms/_slug_/_server.ts.js                    2.44 kB │ gzip:  0.69 kB
2026-10-05T22:14:57.6212207Z .svelte-kit/output/server/chunks/passkey-browser.js                                                             2.46 kB │ gzip:  0.78 kB
2026-10-05T22:14:57.6213020Z .svelte-kit/output/server/chunks/schema.js                                                                      2.51 kB │ gzip:  0.76 kB
2026-10-05T22:14:57.6213859Z .svelte-kit/output/server/entries/pages/sections/_page.svelte.js                                                2.52 kB │ gzip:  0.87 kB
2026-10-05T22:14:57.6214685Z .svelte-kit/output/server/chunks/admin-http.js                                                                  2.53 kB │ gzip:  1.11 kB
2026-10-05T22:14:57.6215616Z .svelte-kit/output/server/entries/endpoints/api/bylines/_id_/translations/_server.ts.js                         2.54 kB │ gzip:  0.91 kB
2026-10-05T22:14:57.6216537Z .svelte-kit/output/server/entries/pages/_page.svelte.js                                                         2.60 kB │ gzip:  1.05 kB
2026-10-05T22:14:57.6217506Z .svelte-kit/output/server/entries/pages/schema/_manage/_collection_/_page.svelte.js                             2.63 kB │ gzip:  0.98 kB
2026-10-05T22:14:57.6218509Z .svelte-kit/output/server/chunks/http2.js                                                                       2.64 kB │ gzip:  1.19 kB
2026-10-05T22:14:57.6219350Z .svelte-kit/output/server/chunks/session.js                                                                     2.65 kB │ gzip:  1.10 kB
2026-10-05T22:14:57.6220234Z .svelte-kit/output/server/entries/endpoints/api/sections/_slug_/_server.ts.js                                   2.66 kB │ gzip:  0.71 kB
2026-10-05T22:14:57.6221180Z .svelte-kit/output/server/entries/endpoints/api/widget-areas/_server.ts.js                                      2.69 kB │ gzip:  0.99 kB
2026-10-05T22:14:57.6222065Z .svelte-kit/output/server/chunks/state.js                                                                       2.71 kB │ gzip:  1.13 kB
2026-10-05T22:14:57.6222908Z .svelte-kit/output/server/chunks/CodeEditor.js                                                                  2.79 kB │ gzip:  1.08 kB
2026-10-05T22:14:57.6223815Z .svelte-kit/output/server/entries/endpoints/api/bylines/_server.ts.js                                           2.88 kB │ gzip:  1.08 kB
2026-10-05T22:14:57.6224717Z .svelte-kit/output/server/chunks/types2.js                                                                      2.92 kB │ gzip:  1.23 kB
2026-10-05T22:14:57.6225632Z .svelte-kit/output/server/chunks/schema-common.js                                                               2.93 kB │ gzip:  1.32 kB
2026-10-05T22:14:57.6226560Z .svelte-kit/output/server/entries/endpoints/api/bylines/_id_/_server.ts.js                                      2.98 kB │ gzip:  0.99 kB
2026-10-05T22:14:57.6227473Z .svelte-kit/output/server/chunks/settings.js                                                                    2.99 kB │ gzip:  1.21 kB
2026-10-05T22:14:57.6228478Z .svelte-kit/output/server/chunks/types3.js                                                                      3.32 kB │ gzip:  1.38 kB
2026-10-05T22:14:57.6229357Z .svelte-kit/output/server/chunks/taxonomy-migrations.js                                                         3.35 kB │ gzip:  0.96 kB
2026-10-05T22:14:57.6230272Z .svelte-kit/output/server/chunks/dialect-helpers.js                                                             3.47 kB │ gzip:  1.51 kB
2026-10-05T22:14:57.6231149Z .svelte-kit/output/server/chunks/d1.js                                                                          3.51 kB │ gzip:  1.19 kB
2026-10-05T22:14:57.6232029Z .svelte-kit/output/server/chunks/field-handlers.js                                                              3.67 kB │ gzip:  0.93 kB
2026-10-05T22:14:57.6233022Z .svelte-kit/output/server/entries/endpoints/api/widget-areas/_name_/widgets/_id_/_server.ts.js                  3.85 kB │ gzip:  1.08 kB
2026-10-05T22:14:57.6233975Z .svelte-kit/output/server/chunks/types.js                                                                       3.90 kB │ gzip:  1.62 kB
2026-10-05T22:14:57.6234803Z .svelte-kit/output/server/chunks/node.js                                                                        3.93 kB │ gzip:  1.45 kB
2026-10-05T22:14:57.6235573Z .svelte-kit/output/server/chunks/request4.js                                                                    4.24 kB │ gzip:  1.74 kB
2026-10-05T22:14:57.6236439Z .svelte-kit/output/server/entries/pages/setup/_page.svelte.js                                                   4.41 kB │ gzip:  1.60 kB
2026-10-05T22:14:57.6237341Z .svelte-kit/output/server/chunks/runtime-client.js                                                              4.44 kB │ gzip:  1.43 kB
2026-10-05T22:14:57.6237872Z .svelte-kit/output/server/chunks/schemas3.js                                                                    4.54 kB │ gzip:  1.50 kB
2026-10-05T22:14:57.6238561Z .svelte-kit/output/server/entries/pages/comments/settings/_collection_/_page.svelte.js                          4.79 kB │ gzip:  1.52 kB
2026-10-05T22:14:57.6239193Z .svelte-kit/output/server/entries/pages/login/_page.svelte.js                                                   4.81 kB │ gzip:  1.65 kB
2026-10-05T22:14:57.6239714Z .svelte-kit/output/server/entries/pages/menus/_page.svelte.js                                                   4.98 kB │ gzip:  1.55 kB
2026-10-05T22:14:57.6240219Z .svelte-kit/output/server/chunks/namespace.js                                                                   5.00 kB │ gzip:  1.68 kB
2026-10-05T22:14:57.6240706Z .svelte-kit/output/server/chunks/index-server.js                                                                5.16 kB │ gzip:  1.87 kB
2026-10-05T22:14:57.6241361Z .svelte-kit/output/server/chunks/manifest.js                                                                    5.25 kB │ gzip:  1.96 kB
2026-10-05T22:14:57.6241902Z .svelte-kit/output/server/entries/endpoints/api/content/_collection_/_id_/terms/_taxonomy_/_server.ts.js        5.29 kB │ gzip:  1.54 kB
2026-10-05T22:14:57.6242495Z .svelte-kit/output/server/entries/pages/content/_collection_/_id_/_page.svelte.js                               5.37 kB │ gzip:  1.40 kB
2026-10-05T22:14:57.6243049Z .svelte-kit/output/server/chunks/migration-provider.js                                                          5.68 kB │ gzip:  2.10 kB
2026-10-05T22:14:57.6243554Z .svelte-kit/output/server/chunks/auth.remote.js                                                                 5.88 kB │ gzip:  1.74 kB
2026-10-05T22:14:57.6244033Z .svelte-kit/output/server/chunks/client.js                                                                      5.98 kB │ gzip:  2.38 kB
2026-10-05T22:14:57.6244513Z .svelte-kit/output/server/chunks/schemas2.js                                                                    5.99 kB │ gzip:  1.66 kB
2026-10-05T22:14:57.6245160Z .svelte-kit/output/server/chunks/MenuDialog.js                                                                  6.05 kB │ gzip:  1.45 kB
2026-10-05T22:14:57.6245928Z .svelte-kit/output/server/entries/pages/schema/_page.svelte.js                                                  6.39 kB │ gzip:  1.82 kB
2026-10-05T22:14:57.6246635Z .svelte-kit/output/server/chunks/exports.js                                                                     6.90 kB │ gzip:  2.18 kB
2026-10-05T22:14:57.6247392Z .svelte-kit/output/server/entries/pages/schema/_manage/_page.svelte.js                                          6.99 kB │ gzip:  2.04 kB
2026-10-05T22:14:57.6248221Z .svelte-kit/output/server/chunks/admin.js                                                                       7.21 kB │ gzip:  1.77 kB
2026-10-05T22:14:57.6248937Z .svelte-kit/output/server/chunks/zod-generator.js                                                               7.30 kB │ gzip:  2.48 kB
2026-10-05T22:14:57.6249705Z .svelte-kit/output/server/entries/endpoints/api/calendar/_server.ts.js                                          7.89 kB │ gzip:  3.16 kB
2026-10-05T22:14:57.6250528Z .svelte-kit/output/server/entries/pages/trash/_collection_/_page.svelte.js                                      9.18 kB │ gzip:  2.68 kB
2026-10-05T22:14:57.6251293Z .svelte-kit/output/server/chunks/routing.js                                                                     9.39 kB │ gzip:  3.13 kB
2026-10-05T22:14:57.6252065Z .svelte-kit/output/server/entries/pages/content/_collection_/_page.svelte.js                                    9.56 kB │ gzip:  1.87 kB
2026-10-05T22:14:57.6252843Z .svelte-kit/output/server/chunks/i18n-resolve.js                                                                9.77 kB │ gzip:  3.81 kB
2026-10-05T22:14:57.6253567Z .svelte-kit/output/server/chunks/taxonomies.js                                                                  9.92 kB │ gzip:  3.58 kB
2026-10-05T22:14:57.6254329Z .svelte-kit/output/server/entries/pages/redirects/_page.svelte.js                                              10.08 kB │ gzip:  2.74 kB
2026-10-05T22:14:57.6255144Z .svelte-kit/output/server/chunks/schemas4.js                                                                   10.23 kB │ gzip:  2.61 kB
2026-10-05T22:14:57.6255926Z .svelte-kit/output/server/entries/endpoints/api/taxonomies/bulk-tag/_server.ts.js                              10.52 kB │ gzip:  3.15 kB
2026-10-05T22:14:57.6256708Z .svelte-kit/output/server/chunks/shared.js                                                                     11.15 kB │ gzip:  3.49 kB
2026-10-05T22:14:57.6257433Z .svelte-kit/output/server/chunks/object-cache.js                                                               11.39 kB │ gzip:  4.01 kB
2026-10-05T22:14:57.6258770Z .svelte-kit/output/server/chunks/schemas.js                                                                    11.98 kB │ gzip:  3.88 kB
2026-10-05T22:14:57.6259568Z .svelte-kit/output/server/entries/pages/content/_collection_/_id_/workflow/_page.svelte.js                     12.84 kB │ gzip:  2.27 kB
2026-10-05T22:14:57.6260439Z .svelte-kit/output/server/entries/pages/widgets/_page.svelte.js                                                13.24 kB │ gzip:  3.31 kB
2026-10-05T22:14:57.6261227Z .svelte-kit/output/server/chunks/schema.remote.js                                                              13.32 kB │ gzip:  3.37 kB
2026-10-05T22:14:57.6261967Z .svelte-kit/output/server/chunks/WorkspaceShell.js                                                             13.48 kB │ gzip:  3.54 kB
2026-10-05T22:14:57.6262735Z .svelte-kit/output/server/entries/pages/comments/_page.svelte.js                                               13.74 kB │ gzip:  3.66 kB
2026-10-05T22:14:57.6263523Z .svelte-kit/output/server/entries/pages/menus/_name_/_page.svelte.js                                           20.48 kB │ gzip:  5.21 kB
2026-10-05T22:14:57.6264325Z .svelte-kit/output/server/entries/pages/schema/_collection_/_page.svelte.js                                    20.66 kB │ gzip:  3.59 kB
2026-10-05T22:14:57.6265105Z .svelte-kit/output/server/chunks/content.remote.js                                                             20.90 kB │ gzip:  4.48 kB
2026-10-05T22:14:57.6265916Z .svelte-kit/output/server/chunks/collection-indexes.js                                                         21.94 kB │ gzip:  5.84 kB
2026-10-05T22:14:57.6266650Z .svelte-kit/output/server/chunks/registry.js                                                                   23.17 kB │ gzip:  5.91 kB
2026-10-05T22:14:57.6267364Z .svelte-kit/output/server/chunks/http.js                                                                       24.75 kB │ gzip:  7.34 kB
2026-10-05T22:14:57.6268153Z .svelte-kit/output/server/chunks/error.js                                                                      26.57 kB │ gzip:  5.92 kB
2026-10-05T22:14:57.6268855Z .svelte-kit/output/server/chunks/parse.js                                                                      28.03 kB │ gzip:  6.49 kB
2026-10-05T22:14:57.6269576Z .svelte-kit/output/server/chunks/repository.js                                                                 28.50 kB │ gzip:  8.02 kB
2026-10-05T22:14:57.6270323Z .svelte-kit/output/server/chunks/handlers2.js                                                                  30.53 kB │ gzip:  7.65 kB
2026-10-05T22:14:57.6271077Z .svelte-kit/output/server/chunks/sql-recognition.js                                                            30.55 kB │ gzip:  4.86 kB
2026-10-05T22:14:57.6271727Z .svelte-kit/output/server/chunks/schema2.js                                                                    30.93 kB │ gzip:  9.94 kB
2026-10-05T22:14:57.6272206Z .svelte-kit/output/server/chunks/handlers.js                                                                   34.24 kB │ gzip:  7.90 kB
2026-10-05T22:14:57.6272701Z .svelte-kit/output/server/chunks/identity-request.js                                                           35.41 kB │ gzip:  9.03 kB
2026-10-05T22:14:57.6273193Z .svelte-kit/output/server/chunks/runtime.js                                                                    36.87 kB │ gzip:  9.71 kB
2026-10-05T22:14:57.6273726Z .svelte-kit/output/server/chunks/request3.js                                                                   36.99 kB │ gzip:  9.55 kB
2026-10-05T22:14:57.6274203Z .svelte-kit/output/server/chunks/utils.js                                                                      37.43 kB │ gzip: 10.84 kB
2026-10-05T22:14:57.6274684Z .svelte-kit/output/server/entries/hooks.server.js                                                              37.44 kB │ gzip: 11.65 kB
2026-10-05T22:14:57.6275175Z .svelte-kit/output/server/chunks/internal2.js                                                                  38.13 kB │ gzip: 10.44 kB
2026-10-05T22:14:57.6275674Z .svelte-kit/output/server/chunks/ContentTypeEditor.js                                                          44.31 kB │ gzip:  8.57 kB
2026-10-05T22:14:57.6276168Z .svelte-kit/output/server/chunks/artifacts.js                                                                  51.29 kB │ gzip: 15.22 kB
2026-10-05T22:14:57.6276658Z .svelte-kit/output/server/chunks/bylines.js                                                                    51.61 kB │ gzip: 14.23 kB
2026-10-05T22:14:57.6277134Z .svelte-kit/output/server/chunks/request2.js                                                                   52.19 kB │ gzip: 15.18 kB
2026-10-05T22:14:57.6277609Z .svelte-kit/output/server/chunks/remote.js                                                                     55.47 kB │ gzip: 12.15 kB
2026-10-05T22:14:57.6278198Z .svelte-kit/output/server/chunks/service.js                                                                    82.20 kB │ gzip: 18.79 kB
2026-10-05T22:14:57.6278679Z .svelte-kit/output/server/chunks/migrations.js                                                                101.42 kB │ gzip: 23.91 kB
2026-10-05T22:14:57.6279165Z .svelte-kit/output/server/chunks/content.js                                                                   114.23 kB │ gzip: 26.83 kB
2026-10-05T22:14:57.6279684Z .svelte-kit/output/server/chunks/async.js                                                                     122.67 kB │ gzip: 32.04 kB
2026-10-05T22:14:57.6280146Z .svelte-kit/output/server/index.js                                                                            132.46 kB │ gzip: 33.28 kB
2026-10-05T22:14:57.6280617Z .svelte-kit/output/server/chunks/EditorForm.js                                                                149.68 kB │ gzip: 39.92 kB
2026-10-05T22:14:57.6281102Z .svelte-kit/output/server/chunks/registry2.js                                                                 162.17 kB │ gzip: 30.31 kB
2026-10-05T22:14:57.6281317Z 
2026-10-05T22:14:57.6281421Z [32m✓ built in 5.73s[39m
2026-10-05T22:14:57.6281516Z 
2026-10-05T22:14:57.6281654Z Run npm run preview to preview your production build locally.
2026-10-05T22:14:57.6281799Z 
2026-10-05T22:14:57.6281879Z > Using @sveltejs/adapter-auto
2026-10-05T22:14:57.6282324Z   Could not detect a supported production environment. See https://svelte.dev/docs/kit/adapters to learn how to configure your app to run on the platform of your choosing
2026-10-05T22:14:57.6282718Z   ✔ done
2026-10-05T22:14:57.6919290Z ##[group]Run timeout --kill-after=30s 180s pnpm test:browser
2026-10-05T22:14:57.6919597Z [36;1mtimeout --kill-after=30s 180s pnpm test:browser[0m
2026-10-05T22:14:57.6951016Z shell: /usr/bin/bash -e {0}
2026-10-05T22:14:57.6951160Z env:
2026-10-05T22:14:57.6951310Z   PNPM_HOME: /home/runner/setup-pnpm/node_modules/.bin
2026-10-05T22:14:57.6951494Z   DEBUG: pw:browser,pw:webserver
2026-10-05T22:14:57.6951637Z ##[endgroup]
2026-10-05T22:14:57.7092778Z $ playwright test
2026-10-05T22:14:58.5258894Z 2026-10-05T22:14:58.525Z pw:webserver HTTP GET: http://127.0.0.1:4173/
2026-10-05T22:14:58.5290608Z 2026-10-05T22:14:58.528Z pw:webserver Error while checking if http://127.0.0.1:4173/ is available: connect ECONNREFUSED 127.0.0.1:4173
2026-10-05T22:14:58.5291415Z 2026-10-05T22:14:58.529Z pw:webserver Starting WebServer process exec node node_modules/vite/bin/vite.js preview --host 127.0.0.1 --port 4173 --strictPort...
2026-10-05T22:14:58.5307972Z 2026-10-05T22:14:58.530Z pw:webserver Process started
2026-10-05T22:14:58.5309144Z 2026-10-05T22:14:58.530Z pw:webserver Waiting for availability...
2026-10-05T22:14:58.5309990Z 2026-10-05T22:14:58.530Z pw:webserver HTTP GET: http://127.0.0.1:4173/
2026-10-05T22:14:58.5319037Z 2026-10-05T22:14:58.531Z pw:webserver Error while checking if http://127.0.0.1:4173/ is available: connect ECONNREFUSED 127.0.0.1:4173
2026-10-05T22:14:58.5319661Z 2026-10-05T22:14:58.531Z pw:webserver Waiting 100ms
2026-10-05T22:14:58.6349685Z 2026-10-05T22:14:58.632Z pw:webserver HTTP GET: http://127.0.0.1:4173/
2026-10-05T22:14:58.6350678Z 2026-10-05T22:14:58.633Z pw:webserver Error while checking if http://127.0.0.1:4173/ is available: connect ECONNREFUSED 127.0.0.1:4173
2026-10-05T22:14:58.6351420Z 2026-10-05T22:14:58.633Z pw:webserver Waiting 250ms
2026-10-05T22:14:58.8841824Z 2026-10-05T22:14:58.883Z pw:webserver HTTP GET: http://127.0.0.1:4173/
2026-10-05T22:14:58.8852716Z 2026-10-05T22:14:58.884Z pw:webserver Error while checking if http://127.0.0.1:4173/ is available: connect ECONNREFUSED 127.0.0.1:4173
2026-10-05T22:14:58.8853447Z 2026-10-05T22:14:58.885Z pw:webserver Waiting 500ms
2026-10-05T22:14:58.9225834Z [WebServer]   ➜  Local:   http://127.0.0.1:4173/
2026-10-05T22:14:59.3863540Z 2026-10-05T22:14:59.386Z pw:webserver HTTP GET: http://127.0.0.1:4173/
2026-10-05T22:14:59.4403318Z 2026-10-05T22:14:59.440Z pw:webserver HTTP Status: 200
2026-10-05T22:14:59.4439050Z 2026-10-05T22:14:59.441Z pw:webserver WebServer available
2026-10-05T22:14:59.4440342Z 2026-10-05T22:14:59.441Z pw:webserver HTTP GET: http://127.0.0.1:4174/cms
2026-10-05T22:14:59.4442757Z 2026-10-05T22:14:59.444Z pw:webserver Error while checking if http://127.0.0.1:4174/cms is available: connect ECONNREFUSED 127.0.0.1:4174
2026-10-05T22:14:59.4443436Z 2026-10-05T22:14:59.444Z pw:webserver Starting WebServer process exec node tests/helpers/basepath-server.mjs...
2026-10-05T22:14:59.4459499Z 2026-10-05T22:14:59.445Z pw:webserver Process started
2026-10-05T22:14:59.4459943Z 2026-10-05T22:14:59.445Z pw:webserver Waiting for availability...
2026-10-05T22:14:59.4460426Z 2026-10-05T22:14:59.445Z pw:webserver HTTP GET: http://127.0.0.1:4174/cms
2026-10-05T22:14:59.4465762Z 2026-10-05T22:14:59.446Z pw:webserver Error while checking if http://127.0.0.1:4174/cms is available: connect ECONNREFUSED 127.0.0.1:4174
2026-10-05T22:14:59.4466458Z 2026-10-05T22:14:59.446Z pw:webserver Waiting 100ms
2026-10-05T22:14:59.5473676Z 2026-10-05T22:14:59.546Z pw:webserver HTTP GET: http://127.0.0.1:4174/cms
2026-10-05T22:14:59.5489897Z 2026-10-05T22:14:59.548Z pw:webserver Error while checking if http://127.0.0.1:4174/cms is available: connect ECONNREFUSED 127.0.0.1:4174
2026-10-05T22:14:59.5491832Z 2026-10-05T22:14:59.548Z pw:webserver Waiting 250ms
2026-10-05T22:14:59.8009724Z 2026-10-05T22:14:59.800Z pw:webserver HTTP GET: http://127.0.0.1:4174/cms
2026-10-05T22:14:59.8018650Z 2026-10-05T22:14:59.801Z pw:webserver Error while checking if http://127.0.0.1:4174/cms is available: connect ECONNREFUSED 127.0.0.1:4174
2026-10-05T22:14:59.8019575Z 2026-10-05T22:14:59.801Z pw:webserver Waiting 500ms
2026-10-05T22:14:59.9652068Z [WebServer] vite v8.3.2 building ssr environment for production...
2026-10-05T22:14:59.9742364Z [WebServer] transforming...
2026-10-05T22:15:00.3046901Z 2026-10-05T22:15:00.302Z pw:webserver HTTP GET: http://127.0.0.1:4174/cms
2026-10-05T22:15:00.3047879Z 2026-10-05T22:15:00.303Z pw:webserver Error while checking if http://127.0.0.1:4174/cms is available: connect ECONNREFUSED 127.0.0.1:4174
2026-10-05T22:15:00.3048643Z 2026-10-05T22:15:00.303Z pw:webserver Waiting 1000ms
2026-10-05T22:15:00.7257338Z [WebServer] ✓ 745 modules transformed.
2026-10-05T22:15:00.7950614Z [WebServer] rendering chunks...
2026-10-05T22:15:01.3049873Z 2026-10-05T22:15:01.304Z pw:webserver HTTP GET: http://127.0.0.1:4174/cms
2026-10-05T22:15:01.3056431Z 2026-10-05T22:15:01.305Z pw:webserver Error while checking if http://127.0.0.1:4174/cms is available: connect ECONNREFUSED 127.0.0.1:4174
2026-10-05T22:15:01.3057613Z 2026-10-05T22:15:01.305Z pw:webserver Waiting 1000ms
2026-10-05T22:15:01.4659070Z [WebServer] vite v8.3.2 building client environment for production...
2026-10-05T22:15:01.4710223Z [WebServer] transforming...
2026-10-05T22:15:02.2318201Z [WebServer] ✓ 742 modules transformed.
2026-10-05T22:15:02.2952979Z [WebServer] rendering chunks...
2026-10-05T22:15:02.3099638Z 2026-10-05T22:15:02.306Z pw:webserver HTTP GET: http://127.0.0.1:4174/cms
2026-10-05T22:15:02.3100826Z 2026-10-05T22:15:02.307Z pw:webserver Error while checking if http://127.0.0.1:4174/cms is available: connect ECONNREFUSED 127.0.0.1:4174
2026-10-05T22:15:02.3129001Z 2026-10-05T22:15:02.307Z pw:webserver Waiting 1000ms
2026-10-05T22:15:02.4051238Z [WebServer] computing gzip size...
2026-10-05T22:15:02.4135898Z [WebServer] .svelte-kit/output/client/_app/version.json                                       0.02 kB │ gzip:   0.04 kB
2026-10-05T22:15:02.4136797Z [WebServer] .svelte-kit/output/client/.vite/manifest.json                                    18.59 kB │ gzip:   2.20 kB
2026-10-05T22:15:02.4137336Z [WebServer] .svelte-kit/output/client/_app/immutable/assets/24.DrcXZYa3.css                   0.17 kB │ gzip:   0.13 kB
2026-10-05T22:15:02.4137884Z [WebServer] .svelte-kit/output/client/_app/immutable/assets/MenuDialog.CSb6g0e0.css           0.20 kB │ gzip:   0.17 kB
2026-10-05T22:15:02.4138572Z [WebServer] .svelte-kit/output/client/_app/immutable/assets/7.Dcp-D_B2.css                    0.22 kB │ gzip:   0.15 kB
2026-10-05T22:15:02.4139093Z [WebServer] .svelte-kit/output/client/_app/immutable/assets/25.gKqYElxg.css                   0.36 kB │ gzip:   0.22 kB
2026-10-05T22:15:02.4139630Z [WebServer] .svelte-kit/output/client/_app/immutable/assets/DraftPreview.fwW3PV90.css         0.48 kB │ gzip:   0.25 kB
2026-10-05T22:15:02.4140165Z [WebServer] .svelte-kit/output/client/_app/immutable/assets/19.CyTVIvfE.css                   0.54 kB │ gzip:   0.26 kB
2026-10-05T22:15:02.4140700Z [WebServer] .svelte-kit/output/client/_app/immutable/assets/9.CVJ5M564.css                    0.57 kB │ gzip:   0.29 kB
2026-10-05T22:15:02.4141218Z [WebServer] .svelte-kit/output/client/_app/immutable/assets/17.B4jjrLtW.css                   0.68 kB │ gzip:   0.31 kB
2026-10-05T22:15:02.4141839Z [WebServer] .svelte-kit/output/client/_app/immutable/assets/14.CccxuyKJ.css                   0.70 kB │ gzip:   0.35 kB
2026-10-05T22:15:02.4142446Z [WebServer] .svelte-kit/output/client/_app/immutable/assets/ContentTypeEditor.BP8dJX1x.css    1.57 kB │ gzip:   0.55 kB
2026-10-05T22:15:02.4143075Z [WebServer] .svelte-kit/output/client/_app/immutable/assets/18.DYOooGE9.css                   1.60 kB │ gzip:   0.40 kB
2026-10-05T22:15:02.4143957Z [WebServer] .svelte-kit/output/client/_app/immutable/assets/15.C1Ra8cmf.css                   2.18 kB │ gzip:   0.68 kB
2026-10-05T22:15:02.4144824Z [WebServer] .svelte-kit/output/client/_app/immutable/assets/16.CvGkr_1p.css                   2.27 kB │ gzip:   0.85 kB
2026-10-05T22:15:02.4146686Z [WebServer] [MODULE_LEVEL_DIRECTIVE] The semantics of the module level directive "use client" in "../../home/runner/work/cms/cms/node_modules/.pnpm/@tanstack+react-query@5.90.21_react@19.3.0/node_modules/@tanstack/react-query/build/modern/useQueries.js" may not be preserved when bundling.
2026-10-05T22:15:02.4148546Z [WebServer]    ╭─[ ../../home/runner/work/cms/cms/node_modules/.pnpm/@tanstack+react-query@5.90.21_react@19.3.0/node_modules/@tanstack/react-query/build/modern/useQueries.js:1:1 ]
2026-10-05T22:15:02.4149199Z [WebServer]    │
2026-10-05T22:15:02.4149467Z [WebServer]  1 │ "use client";
2026-10-05T22:15:02.4149810Z [WebServer]    │ ──────┬──────  
2026-10-05T22:15:02.4150243Z [WebServer]    │       ╰──────── module level directive may not be preserved
2026-10-05T22:15:02.4150484Z [WebServer]    │ 
2026-10-05T22:15:02.4151010Z [WebServer]    │ Help: For more information, see https://rolldown.rs/in-depth/directives#other-directives
2026-10-05T22:15:02.4151586Z [WebServer] ───╯
2026-10-05T22:15:02.4151758Z [WebServer] 
2026-10-05T22:15:02.4152022Z [WebServer] [plugin builtin:vite-reporter] 
2026-10-05T22:15:02.4152447Z [WebServer] (!) Some chunks are larger than 500 kB after minification. Consider:
2026-10-05T22:15:02.4152954Z [WebServer] - Using dynamic import() to code-split the application
2026-10-05T22:15:02.4153531Z [WebServer] - Use build.rolldownOptions.output.codeSplitting to improve chunking: https://rolldown.rs/reference/OutputOptions.codeSplitting
2026-10-05T22:15:02.4154102Z [WebServer] - Adjust chunk size limit for this warning via build.chunkSizeWarningLimit.
2026-10-05T22:15:02.4155255Z [WebServer] [MODULE_LEVEL_DIRECTIVE] The semantics of the module level directive "use client" in "../../home/runner/work/cms/cms/node_modules/.pnpm/@tanstack+react-query@5.90.21_react@19.3.0/node_modules/@tanstack/react-query/build/modern/HydrationBoundary.js" may not be preserved when bundling.
2026-10-05T22:15:02.4157047Z [WebServer]    ╭─[ ../../home/runner/work/cms/cms/node_modules/.pnpm/@tanstack+react-query@5.90.21_react@19.3.0/node_modules/@tanstack/react-query/build/modern/HydrationBoundary.js:1:1 ]
2026-10-05T22:15:02.4157747Z [WebServer]    │
2026-10-05T22:15:02.4157999Z [WebServer]  1 │ "use client";
2026-10-05T22:15:02.4158353Z [WebServer]    │ ──────┬──────  
2026-10-05T22:15:02.4158625Z [WebServer]    │       ╰──────── module level directive may not be preserved
2026-10-05T22:15:02.4158846Z [WebServer]    │ 
2026-10-05T22:15:02.4159193Z [WebServer]    │ Help: For more information, see https://rolldown.rs/in-depth/directives#other-directives
2026-10-05T22:15:02.4159469Z [WebServer] ───╯
2026-10-05T22:15:02.4159588Z [WebServer] 
2026-10-05T22:15:02.4160271Z [WebServer] [MODULE_LEVEL_DIRECTIVE] The semantics of the module level directive "use client" in "../../home/runner/work/cms/cms/node_modules/.pnpm/@tanstack+react-query@5.90.21_react@19.3.0/node_modules/@tanstack/react-query/build/modern/useQuery.js" may not be preserved when bundling.
2026-10-05T22:15:02.4162069Z [WebServer]    ╭─[ ../../home/runner/work/cms/cms/node_modules/.pnpm/@tanstack+react-query@5.90.21_react@19.3.0/node_modules/@tanstack/react-query/build/modern/useQuery.js:1:1 ]
2026-10-05T22:15:02.4162697Z [WebServer]    │
2026-10-05T22:15:02.4162956Z [WebServer]  1 │ "use client";
2026-10-05T22:15:02.4163256Z [WebServer]    │ ──────┬──────  
2026-10-05T22:15:02.4163699Z [WebServer]    │       ╰──────── module level directive may not be preserved
2026-10-05T22:15:02.4164058Z [WebServer]    │ 
2026-10-05T22:15:02.4164631Z [WebServer]    │ Help: For more information, see https://rolldown.rs/in-depth/directives#other-directives
2026-10-05T22:15:02.4165098Z [WebServer] ───╯
2026-10-05T22:15:02.4165286Z [WebServer] 
2026-10-05T22:15:02.4165916Z [WebServer] .svelte-kit/output/client/_app/immutable/assets/admin.CSBm7Oz-.css                2.57 kB │ gzip:   0.88 kB
2026-10-05T22:15:02.4166829Z [WebServer] .svelte-kit/output/client/_app/immutable/assets/8.D2HNaFcR.css                    3.13 kB │ gzip:   0.93 kB
2026-10-05T22:15:02.4167959Z [WebServer] .svelte-kit/output/client/_app/immutable/assets/WorkspaceShell.CG4u5kwz.css      37.08 kB │ gzip:   5.01 kB
2026-10-05T22:15:02.4169049Z [WebServer] .svelte-kit/output/client/_app/immutable/assets/EditorForm.B0LBbpI5.css         144.85 kB │ gzip:  23.99 kB
2026-10-05T22:15:02.4169798Z [WebServer] .svelte-kit/output/client/_app/immutable/chunks/D5V5qyEH.js                       0.02 kB │ gzip:   0.04 kB
2026-10-05T22:15:02.4170323Z [WebServer] .svelte-kit/output/client/_app/immutable/nodes/0.DxrFE0f_.js                      0.06 kB │ gzip:   0.08 kB
2026-10-05T22:15:02.4170840Z [WebServer] .svelte-kit/output/client/_app/immutable/nodes/2.DxrFE0f_.js                      0.06 kB │ gzip:   0.08 kB
2026-10-05T22:15:02.4171356Z [WebServer] .svelte-kit/output/client/_app/immutable/nodes/3.DxrFE0f_.js                      0.06 kB │ gzip:   0.08 kB
2026-10-05T22:15:02.4171873Z [WebServer] .svelte-kit/output/client/_app/immutable/nodes/4.DxrFE0f_.js                      0.06 kB │ gzip:   0.08 kB
2026-10-05T22:15:02.4172480Z [WebServer] .svelte-kit/output/client/_app/immutable/nodes/6.DxrFE0f_.js                      0.06 kB │ gzip:   0.08 kB
2026-10-05T22:15:02.4173002Z [WebServer] .svelte-kit/output/client/_app/immutable/entry/start.CqhGlk7A.js                  0.08 kB │ gzip:   0.09 kB
2026-10-05T22:15:02.4173524Z [WebServer] .svelte-kit/output/client/_app/immutable/chunks/Ccner0Qj.js                       0.10 kB │ gzip:   0.11 kB
2026-10-05T22:15:02.4174040Z [WebServer] .svelte-kit/output/client/_app/immutable/chunks/DunHv0dH.js                       0.15 kB │ gzip:   0.14 kB
2026-10-05T22:15:02.4174561Z [WebServer] .svelte-kit/output/client/_app/immutable/chunks/DpTP038-.js                       0.15 kB │ gzip:   0.14 kB
2026-10-05T22:15:02.4175075Z [WebServer] .svelte-kit/output/client/_app/immutable/chunks/BeMOnYEs.js                       0.25 kB │ gzip:   0.19 kB
2026-10-05T22:15:02.4175595Z [WebServer] .svelte-kit/output/client/_app/immutable/chunks/f2u4oxAQ.js                       0.29 kB │ gzip:   0.16 kB
2026-10-05T22:15:02.4176126Z [WebServer] .svelte-kit/output/client/_app/immutable/chunks/Buej-FR5.js                       0.34 kB │ gzip:   0.19 kB
2026-10-05T22:15:02.4176641Z [WebServer] .svelte-kit/output/client/_app/immutable/nodes/1.rQdXAyJl.js                      0.35 kB │ gzip:   0.25 kB
2026-10-05T22:15:02.4177159Z [WebServer] .svelte-kit/output/client/_app/immutable/chunks/BVRzpmXd.js                       0.44 kB │ gzip:   0.22 kB
2026-10-05T22:15:02.4177672Z [WebServer] .svelte-kit/output/client/_app/immutable/nodes/5.jki98kBV.js                      0.47 kB │ gzip:   0.30 kB
2026-10-05T22:15:02.4178376Z [WebServer] .svelte-kit/output/client/_app/immutable/chunks/CVxkVKuJ.js                       0.66 kB │ gzip:   0.44 kB
2026-10-05T22:15:02.4178927Z [WebServer] .svelte-kit/output/client/_app/immutable/nodes/21.DG6mYo9o.js                     1.12 kB │ gzip:   0.69 kB
2026-10-05T22:15:02.4179447Z [WebServer] .svelte-kit/output/client/_app/immutable/chunks/Bjy-W4x2.js                       1.36 kB │ gzip:   0.65 kB
2026-10-05T22:15:02.4179969Z [WebServer] .svelte-kit/output/client/_app/immutable/chunks/BaNbYf_w.js                       1.39 kB │ gzip:   0.75 kB
2026-10-05T22:15:02.4180489Z [WebServer] .svelte-kit/output/client/_app/immutable/chunks/CuFtG3in.js                       1.51 kB │ gzip:   0.76 kB
2026-10-05T22:15:02.4181010Z [WebServer] .svelte-kit/output/client/_app/immutable/nodes/7.CmpcZIMs.js                      1.86 kB │ gzip:   1.03 kB
2026-10-05T22:15:02.4181527Z [WebServer] .svelte-kit/output/client/_app/immutable/nodes/20.BFTDupG0.js                     1.89 kB │ gzip:   1.00 kB
2026-10-05T22:15:02.4182047Z [WebServer] .svelte-kit/output/client/_app/immutable/chunks/1iOZuCRD.js                       1.97 kB │ gzip:   0.76 kB
2026-10-05T22:15:02.4182564Z [WebServer] .svelte-kit/output/client/_app/immutable/chunks/BJDjyuUl.js                       2.45 kB │ gzip:   1.26 kB
2026-10-05T22:15:02.4183087Z [WebServer] .svelte-kit/output/client/_app/immutable/chunks/CUJkI13R.js                       2.82 kB │ gzip:   1.23 kB
2026-10-05T22:15:02.4183660Z [WebServer] .svelte-kit/output/client/_app/immutable/nodes/11.OZwZ152R.js                     3.00 kB │ gzip:   1.36 kB
2026-10-05T22:15:02.4184173Z [WebServer] .svelte-kit/output/client/_app/immutable/nodes/24.D1kaWUHL.js                     3.08 kB │ gzip:   1.53 kB
2026-10-05T22:15:02.4184687Z [WebServer] .svelte-kit/output/client/_app/immutable/chunks/_EH5-1ID.js                       3.17 kB │ gzip:   1.30 kB
2026-10-05T22:15:02.4185225Z [WebServer] .svelte-kit/output/client/_app/immutable/nodes/13.BJO1_cRt.js                     3.42 kB │ gzip:   1.65 kB
2026-10-05T22:15:02.4185739Z [WebServer] .svelte-kit/output/client/_app/immutable/chunks/bQZV-NU0.js                       3.51 kB │ gzip:   1.20 kB
2026-10-05T22:15:02.4186257Z [WebServer] .svelte-kit/output/client/_app/immutable/chunks/YUYkfrSe.js                       3.92 kB │ gzip:   1.21 kB
2026-10-05T22:15:02.4186930Z [WebServer] .svelte-kit/output/client/_app/immutable/nodes/9.C7NSIT_U.js                      4.33 kB │ gzip:   1.95 kB
2026-10-05T22:15:02.4187450Z [WebServer] .svelte-kit/output/client/_app/immutable/nodes/17.BA9roOp1.js                     5.35 kB │ gzip:   2.18 kB
2026-10-05T22:15:02.4188128Z [WebServer] .svelte-kit/output/client/_app/immutable/nodes/12.Lks6GTZS.js                     5.90 kB │ gzip:   2.00 kB
2026-10-05T22:15:02.4188717Z [WebServer] .svelte-kit/output/client/_app/immutable/nodes/23.BwoBcW3H.js                     5.91 kB │ gzip:   2.63 kB
2026-10-05T22:15:02.4189290Z [WebServer] .svelte-kit/output/client/_app/immutable/nodes/14.DduQZLCC.js                     6.03 kB │ gzip:   2.51 kB
2026-10-05T22:15:02.4189852Z [WebServer] .svelte-kit/output/client/_app/immutable/nodes/10.DQcuzZ0G.js                     6.14 kB │ gzip:   2.17 kB
2026-10-05T22:15:02.4190542Z [WebServer] .svelte-kit/output/client/_app/immutable/nodes/25.DcfXofQ_.js                     6.49 kB │ gzip:   2.66 kB
2026-10-05T22:15:02.4191426Z [WebServer] .svelte-kit/output/client/_app/immutable/nodes/19.CE4fr3G7.js                     7.85 kB │ gzip:   3.23 kB
2026-10-05T22:15:02.4192297Z [WebServer] .svelte-kit/output/client/_app/immutable/nodes/22.oRUfBqm2.js                     8.10 kB │ gzip:   3.36 kB
2026-10-05T22:15:02.4193188Z [WebServer] .svelte-kit/output/client/_app/immutable/entry/app.BxnLX2nM.js                    9.50 kB │ gzip:   3.05 kB
2026-10-05T22:15:02.4193870Z [WebServer] .svelte-kit/output/client/_app/immutable/nodes/26.B74ERuqy.js                    13.95 kB │ gzip:   5.13 kB
2026-10-05T22:15:02.4194439Z [WebServer] .svelte-kit/output/client/_app/immutable/nodes/16.D8SWGvq1.js                    14.47 kB │ gzip:   5.05 kB
2026-10-05T22:15:02.4195049Z [WebServer] .svelte-kit/output/client/_app/immutable/nodes/8.D5Rk0VK7.js                     15.61 kB │ gzip:   5.44 kB
2026-10-05T22:15:02.4195673Z [WebServer] .svelte-kit/output/client/_app/immutable/chunks/DbOdAQIV.js                      16.72 kB │ gzip:   6.39 kB
2026-10-05T22:15:02.4196254Z [WebServer] .svelte-kit/output/client/_app/immutable/nodes/18.CWzBYrEP.js                    17.87 kB │ gzip:   5.00 kB
2026-10-05T22:15:02.4196872Z [WebServer] .svelte-kit/output/client/_app/immutable/chunks/t6Uqm_Z9.js                      32.96 kB │ gzip:  13.28 kB
2026-10-05T22:15:02.4197388Z [WebServer] .svelte-kit/output/client/_app/immutable/chunks/BG2SoKnR.js                      39.95 kB │ gzip:  12.04 kB
2026-10-05T22:15:02.4197907Z [WebServer] .svelte-kit/output/client/_app/immutable/chunks/Dkvp3sD9.js                      43.62 kB │ gzip:  16.00 kB
2026-10-05T22:15:02.4198563Z [WebServer] .svelte-kit/output/client/_app/immutable/nodes/15.DQ6yRX_3.js                    50.85 kB │ gzip:  15.82 kB
2026-10-05T22:15:02.4199081Z [WebServer] .svelte-kit/output/client/_app/immutable/chunks/7mCf775m.js                      59.08 kB │ gzip:  22.35 kB
2026-10-05T22:15:02.4199598Z [WebServer] .svelte-kit/output/client/_app/immutable/chunks/DqKn7mrq.js                     471.30 kB │ gzip: 163.86 kB
2026-10-05T22:15:02.4200208Z [WebServer] .svelte-kit/output/client/_app/immutable/chunks/DUqheHUm.js                     796.56 kB │ gzip: 255.76 kB
2026-10-05T22:15:02.4200608Z [WebServer] 
2026-10-05T22:15:02.4201531Z [WebServer] [MODULE_LEVEL_DIRECTIVE] The semantics of the module level directive "use client" in "../../home/runner/work/cms/cms/node_modules/.pnpm/@tanstack+react-query@5.90.21_react@19.3.0/node_modules/@tanstack/react-query/build/modern/IsRestoringProvider.js" may not be preserved when bundling.
2026-10-05T22:15:02.4202562Z [WebServer]    ╭─[ ../../home/runner/work/cms/cms/node_modules/.pnpm/@tanstack+react-query@5.90.21_react@19.3.0/node_modules/@tanstack/react-query/build/modern/IsRestoringProvider.js:1:1 ]
2026-10-05T22:15:02.4202977Z [WebServer]    │
2026-10-05T22:15:02.4203147Z [WebServer]  1 │ "use client";
2026-10-05T22:15:02.4203340Z [WebServer]    │ ──────┬──────  
2026-10-05T22:15:02.4203611Z [WebServer]    │       ╰──────── module level directive may not be preserved
2026-10-05T22:15:02.4203894Z [WebServer]    │ 
2026-10-05T22:15:02.4204234Z [WebServer]    │ Help: For more information, see https://rolldown.rs/in-depth/directives#other-directives
2026-10-05T22:15:02.4204510Z [WebServer] ───╯
2026-10-05T22:15:02.4204632Z [WebServer] 
2026-10-05T22:15:02.4205336Z [WebServer] [MODULE_LEVEL_DIRECTIVE] The semantics of the module level directive "use client" in "../../home/runner/work/cms/cms/node_modules/.pnpm/@tanstack+react-query@5.90.21_react@19.3.0/node_modules/@tanstack/react-query/build/modern/useSuspenseQuery.js" may not be preserved when bundling.
2026-10-05T22:15:02.4206531Z [WebServer]    ╭─[ ../../home/runner/work/cms/cms/node_modules/.pnpm/@tanstack+react-query@5.90.21_react@19.3.0/node_modules/@tanstack/react-query/build/modern/useSuspenseQuery.js:1:1 ]
2026-10-05T22:15:02.4206930Z [WebServer]    │
2026-10-05T22:15:02.4207090Z [WebServer]  1 │ "use client";
2026-10-05T22:15:02.4207334Z [WebServer]    │ ──────┬──────  
2026-10-05T22:15:02.4207610Z [WebServer]    │       ╰──────── module level directive may not be preserved
2026-10-05T22:15:02.4207830Z [WebServer]    │ 
2026-10-05T22:15:02.4208315Z [WebServer]    │ Help: For more information, see https://rolldown.rs/in-depth/directives#other-directives
2026-10-05T22:15:02.4208596Z [WebServer] ───╯
2026-10-05T22:15:02.4208751Z [WebServer] 
2026-10-05T22:15:02.4209534Z [WebServer] [MODULE_LEVEL_DIRECTIVE] The semantics of the module level directive "use client" in "../../home/runner/work/cms/cms/node_modules/.pnpm/@tanstack+react-query@5.90.21_react@19.3.0/node_modules/@tanstack/react-query/build/modern/QueryErrorResetBoundary.js" may not be preserved when bundling.
2026-10-05T22:15:02.4210716Z [WebServer]    ╭─[ ../../home/runner/work/cms/cms/node_modules/.pnpm/@tanstack+react-query@5.90.21_react@19.3.0/node_modules/@tanstack/react-query/build/modern/QueryErrorResetBoundary.js:1:1 ]
2026-10-05T22:15:02.4211186Z [WebServer]    │
2026-10-05T22:15:02.4211349Z [WebServer]  1 │ "use client";
2026-10-05T22:15:02.4211537Z [WebServer]    │ ──────┬──────  
2026-10-05T22:15:02.4211858Z [WebServer]    │       ╰──────── module level directive may not be preserved
2026-10-05T22:15:02.4212075Z [WebServer]    │ 
2026-10-05T22:15:02.4212400Z [WebServer]    │ Help: For more information, see https://rolldown.rs/in-depth/directives#other-directives
2026-10-05T22:15:02.4212728Z [WebServer] ───╯
2026-10-05T22:15:02.4212842Z [WebServer] 
2026-10-05T22:15:02.4213594Z [WebServer] [MODULE_LEVEL_DIRECTIVE] The semantics of the module level directive "use client" in "../../home/runner/work/cms/cms/node_modules/.pnpm/@tanstack+react-query@5.90.21_react@19.3.0/node_modules/@tanstack/react-query/build/modern/useMutationState.js" may not be preserved when bundling.
2026-10-05T22:15:02.4214630Z [WebServer]    ╭─[ ../../home/runner/work/cms/cms/node_modules/.pnpm/@tanstack+react-query@5.90.21_react@19.3.0/node_modules/@tanstack/react-query/build/modern/useMutationState.js:1:1 ]
2026-10-05T22:15:02.4215081Z [WebServer]    │
2026-10-05T22:15:02.4215245Z [WebServer]  1 │ "use client";
2026-10-05T22:15:02.4215431Z [WebServer]    │ ──────┬──────  
2026-10-05T22:15:02.4215808Z [WebServer]    │       ╰──────── module level directive may not be preserved
2026-10-05T22:15:02.4216028Z [WebServer]    │ 
2026-10-05T22:15:02.4216407Z [WebServer]    │ Help: For more information, see https://rolldown.rs/in-depth/directives#other-directives
2026-10-05T22:15:02.4216684Z [WebServer] ───╯
2026-10-05T22:15:02.4216802Z [WebServer] 
2026-10-05T22:15:02.4217578Z [WebServer] [MODULE_LEVEL_DIRECTIVE] The semantics of the module level directive "use client" in "../../home/runner/work/cms/cms/node_modules/.pnpm/@tanstack+react-query@5.90.21_react@19.3.0/node_modules/@tanstack/react-query/build/modern/useSuspenseInfiniteQuery.js" may not be preserved when bundling.
2026-10-05T22:15:02.4218774Z [WebServer]    ╭─[ ../../home/runner/work/cms/cms/node_modules/.pnpm/@tanstack+react-query@5.90.21_react@19.3.0/node_modules/@tanstack/react-query/build/modern/useSuspenseInfiniteQuery.js:1:1 ]
2026-10-05T22:15:02.4219294Z [WebServer]    │
2026-10-05T22:15:02.4219449Z [WebServer]  1 │ "use client";
2026-10-05T22:15:02.4219668Z [WebServer]    │ ──────┬──────  
2026-10-05T22:15:02.4219950Z [WebServer]    │       ╰──────── module level directive may not be preserved
2026-10-05T22:15:02.4220168Z [WebServer]    │ 
2026-10-05T22:15:02.4220546Z [WebServer]    │ Help: For more information, see https://rolldown.rs/in-depth/directives#other-directives
2026-10-05T22:15:02.4220820Z [WebServer] ───╯
2026-10-05T22:15:02.4220934Z [WebServer] 
2026-10-05T22:15:02.4221695Z [WebServer] [MODULE_LEVEL_DIRECTIVE] The semantics of the module level directive "use client" in "../../home/runner/work/cms/cms/node_modules/.pnpm/@tanstack+react-query@5.90.21_react@19.3.0/node_modules/@tanstack/react-query/build/modern/useSuspenseQueries.js" may not be preserved when bundling.
2026-10-05T22:15:02.4222798Z [WebServer]    ╭─[ ../../home/runner/work/cms/cms/node_modules/.pnpm/@tanstack+react-query@5.90.21_react@19.3.0/node_modules/@tanstack/react-query/build/modern/useSuspenseQueries.js:1:1 ]
2026-10-05T22:15:02.4223200Z [WebServer]    │
2026-10-05T22:15:02.4223361Z [WebServer]  1 │ "use client";
2026-10-05T22:15:02.4223597Z [WebServer]    │ ──────┬──────  
2026-10-05T22:15:02.4223856Z [WebServer]    │       ╰──────── module level directive may not be preserved
2026-10-05T22:15:02.4224068Z [WebServer]    │ 
2026-10-05T22:15:02.4224446Z [WebServer]    │ Help: For more information, see https://rolldown.rs/in-depth/directives#other-directives
2026-10-05T22:15:02.4224716Z [WebServer] ───╯
2026-10-05T22:15:02.4224828Z [WebServer] 
2026-10-05T22:15:02.4225566Z [WebServer] [MODULE_LEVEL_DIRECTIVE] The semantics of the module level directive "use client" in "../../home/runner/work/cms/cms/node_modules/.pnpm/@tanstack+react-query@5.90.21_react@19.3.0/node_modules/@tanstack/react-query/build/modern/useIsFetching.js" may not be preserved when bundling.
2026-10-05T22:15:02.4226638Z [WebServer]    ╭─[ ../../home/runner/work/cms/cms/node_modules/.pnpm/@tanstack+react-query@5.90.21_react@19.3.0/node_modules/@tanstack/react-query/build/modern/useIsFetching.js:1:1 ]
2026-10-05T22:15:02.4227049Z [WebServer]    │
2026-10-05T22:15:02.4227246Z [WebServer]  1 │ "use client";
2026-10-05T22:15:02.4227438Z [WebServer]    │ ──────┬──────  
2026-10-05T22:15:02.4227695Z [WebServer]    │       ╰──────── module level directive may not be preserved
2026-10-05T22:15:02.4227911Z [WebServer]    │ 
2026-10-05T22:15:02.4228403Z [WebServer]    │ Help: For more information, see https://rolldown.rs/in-depth/directives#other-directives
2026-10-05T22:15:02.4228675Z [WebServer] ───╯
2026-10-05T22:15:02.4228852Z [WebServer] 
2026-10-05T22:15:02.4229607Z [WebServer] [MODULE_LEVEL_DIRECTIVE] The semantics of the module level directive "use client" in "../../home/runner/work/cms/cms/node_modules/.pnpm/@tanstack+react-query@5.90.21_react@19.3.0/node_modules/@tanstack/react-query/build/modern/QueryClientProvider.js" may not be preserved when bundling.
2026-10-05T22:15:02.4230741Z [WebServer]    ╭─[ ../../home/runner/work/cms/cms/node_modules/.pnpm/@tanstack+react-query@5.90.21_react@19.3.0/node_modules/@tanstack/react-query/build/modern/QueryClientProvider.js:1:1 ]
2026-10-05T22:15:02.4231196Z [WebServer]    │
2026-10-05T22:15:02.4231352Z [WebServer]  1 │ "use client";
2026-10-05T22:15:02.4231536Z [WebServer]    │ ──────┬──────  
2026-10-05T22:15:02.4231847Z [WebServer]    │       ╰──────── module level directive may not be preserved
2026-10-05T22:15:02.4232063Z [WebServer]    │ 
2026-10-05T22:15:02.4232385Z [WebServer]    │ Help: For more information, see https://rolldown.rs/in-depth/directives#other-directives
2026-10-05T22:15:02.4232715Z [WebServer] ───╯
2026-10-05T22:15:02.4232829Z [WebServer] 
2026-10-05T22:15:02.4233554Z [WebServer] [MODULE_LEVEL_DIRECTIVE] The semantics of the module level directive "use client" in "../../home/runner/work/cms/cms/node_modules/.pnpm/@tanstack+react-query@5.90.21_react@19.3.0/node_modules/@tanstack/react-query/build/modern/useMutation.js" may not be preserved when bundling.
2026-10-05T22:15:02.4234574Z [WebServer]    ╭─[ ../../home/runner/work/cms/cms/node_modules/.pnpm/@tanstack+react-query@5.90.21_react@19.3.0/node_modules/@tanstack/react-query/build/modern/useMutation.js:1:1 ]
2026-10-05T22:15:02.4235009Z [WebServer]    │
2026-10-05T22:15:02.4235164Z [WebServer]  1 │ "use client";
2026-10-05T22:15:02.4235346Z [WebServer]    │ ──────┬──────  
2026-10-05T22:15:02.4235660Z [WebServer]    │       ╰──────── module level directive may not be preserved
2026-10-05T22:15:02.4235874Z [WebServer]    │ 
2026-10-05T22:15:02.4236195Z [WebServer]    │ Help: For more information, see https://rolldown.rs/in-depth/directives#other-directives
2026-10-05T22:15:02.4236523Z [WebServer] ───╯
2026-10-05T22:15:02.4236636Z [WebServer] 
2026-10-05T22:15:02.4237382Z [WebServer] [MODULE_LEVEL_DIRECTIVE] The semantics of the module level directive "use client" in "../../home/runner/work/cms/cms/node_modules/.pnpm/@tanstack+react-query@5.90.21_react@19.3.0/node_modules/@tanstack/react-query/build/modern/useInfiniteQuery.js" may not be preserved when bundling.
2026-10-05T22:15:02.4238526Z [WebServer]    ╭─[ ../../home/runner/work/cms/cms/node_modules/.pnpm/@tanstack+react-query@5.90.21_react@19.3.0/node_modules/@tanstack/react-query/build/modern/useInfiniteQuery.js:1:1 ]
2026-10-05T22:15:02.4238973Z [WebServer]    │
2026-10-05T22:15:02.4239127Z [WebServer]  1 │ "use client";
2026-10-05T22:15:02.4239309Z [WebServer]    │ ──────┬──────  
2026-10-05T22:15:02.4239569Z [WebServer]    │       ╰──────── module level directive may not be preserved
2026-10-05T22:15:02.4239839Z [WebServer]    │ 
2026-10-05T22:15:02.4240158Z [WebServer]    │ Help: For more information, see https://rolldown.rs/in-depth/directives#other-directives
2026-10-05T22:15:02.4240481Z [WebServer] ───╯
2026-10-05T22:15:02.4240601Z [WebServer] 
2026-10-05T22:15:02.4241376Z [WebServer] [MODULE_LEVEL_DIRECTIVE] The semantics of the module level directive "use client" in "../../home/runner/work/cms/cms/node_modules/.pnpm/@tanstack+react-query@5.90.21_react@19.3.0/node_modules/@tanstack/react-query/build/modern/useBaseQuery.js" may not be preserved when bundling.
2026-10-05T22:15:02.4242466Z [WebServer]    ╭─[ ../../home/runner/work/cms/cms/node_modules/.pnpm/@tanstack+react-query@5.90.21_react@19.3.0/node_modules/@tanstack/react-query/build/modern/useBaseQuery.js:1:1 ]
2026-10-05T22:15:02.4243067Z [WebServer]    │
2026-10-05T22:15:02.4243220Z [WebServer]  1 │ "use client";
2026-10-05T22:15:02.4243405Z [WebServer]    │ ──────┬──────  
2026-10-05T22:15:02.4243662Z [WebServer]    │       ╰──────── module level directive may not be preserved
2026-10-05T22:15:02.4243875Z [WebServer]    │ 
2026-10-05T22:15:02.4244193Z [WebServer]    │ Help: For more information, see https://rolldown.rs/in-depth/directives#other-directives
2026-10-05T22:15:02.4244465Z [WebServer] ───╯
2026-10-05T22:15:02.4244577Z [WebServer] 
2026-10-05T22:15:02.4245277Z [WebServer] [MODULE_LEVEL_DIRECTIVE] The semantics of the module level directive "use client" in "../../home/runner/work/cms/cms/node_modules/.pnpm/@tanstack+react-query@5.90.21_react@19.3.0/node_modules/@tanstack/react-query/build/modern/errorBoundaryUtils.js" may not be preserved when bundling.
2026-10-05T22:15:02.4246308Z [WebServer]    ╭─[ ../../home/runner/work/cms/cms/node_modules/.pnpm/@tanstack+react-query@5.90.21_react@19.3.0/node_modules/@tanstack/react-query/build/modern/errorBoundaryUtils.js:1:1 ]
2026-10-05T22:15:02.4246704Z [WebServer]    │
2026-10-05T22:15:02.4246859Z [WebServer]  1 │ "use client";
2026-10-05T22:15:02.4247042Z [WebServer]    │ ──────┬──────  
2026-10-05T22:15:02.4247301Z [WebServer]    │       ╰──────── module level directive may not be preserved
2026-10-05T22:15:02.4247515Z [WebServer]    │ 
2026-10-05T22:15:02.4247834Z [WebServer]    │ Help: For more information, see https://rolldown.rs/in-depth/directives#other-directives
2026-10-05T22:15:02.4248228Z [WebServer] ───╯
2026-10-05T22:15:02.4248341Z [WebServer] 
2026-10-05T22:15:02.4248496Z [WebServer] ✓ built in 951ms
2026-10-05T22:15:02.9669548Z [WebServer] computing gzip size...
2026-10-05T22:15:02.9736581Z [WebServer] .svelte-kit/output/server/.vite/manifest.json                                                                  60.93 kB │ gzip:  5.81 kB
2026-10-05T22:15:02.9737336Z [WebServer] .svelte-kit/output/server/_app/immutable/assets/_page.DrcXZYa3.css                                              0.17 kB │ gzip:  0.13 kB
2026-10-05T22:15:02.9737960Z [WebServer] .svelte-kit/output/server/_app/immutable/assets/MenuDialog.CSb6g0e0.css                                         0.20 kB │ gzip:  0.17 kB
2026-10-05T22:15:02.9738726Z [WebServer] .svelte-kit/output/server/_app/immutable/assets/_page.Dcp-D_B2.css                                              0.22 kB │ gzip:  0.15 kB
2026-10-05T22:15:02.9739328Z [WebServer] .svelte-kit/output/server/_app/immutable/assets/_page.gKqYElxg.css                                              0.36 kB │ gzip:  0.22 kB
2026-10-05T22:15:02.9739952Z [WebServer] .svelte-kit/output/server/_app/immutable/assets/DraftPreview.fwW3PV90.css                                       0.48 kB │ gzip:  0.25 kB
2026-10-05T22:15:02.9740588Z [WebServer] .svelte-kit/output/server/_app/immutable/assets/_page.CyTVIvfE.css                                              0.54 kB │ gzip:  0.26 kB
2026-10-05T22:15:02.9741190Z [WebServer] .svelte-kit/output/server/_app/immutable/assets/_page.CVJ5M564.css                                              0.57 kB │ gzip:  0.29 kB
2026-10-05T22:15:02.9741785Z [WebServer] .svelte-kit/output/server/_app/immutable/assets/_page.B4jjrLtW.css                                              0.68 kB │ gzip:  0.31 kB
2026-10-05T22:15:02.9742380Z [WebServer] .svelte-kit/output/server/_app/immutable/assets/_page.CccxuyKJ.css                                              0.70 kB │ gzip:  0.35 kB
2026-10-05T22:15:02.9743002Z [WebServer] .svelte-kit/output/server/_app/immutable/assets/ContentTypeEditor.BP8dJX1x.css                                  1.57 kB │ gzip:  0.55 kB
2026-10-05T22:15:02.9744071Z [WebServer] .svelte-kit/output/server/_app/immutable/assets/_page.DYOooGE9.css                                              1.60 kB │ gzip:  0.40 kB
2026-10-05T22:15:02.9744712Z [WebServer] .svelte-kit/output/server/_app/immutable/assets/_page.C1Ra8cmf.css                                              2.18 kB │ gzip:  0.68 kB
2026-10-05T22:15:02.9745308Z [WebServer] .svelte-kit/output/server/_app/immutable/assets/_page.CvGkr_1p.css                                              2.27 kB │ gzip:  0.85 kB
2026-10-05T22:15:02.9745904Z [WebServer] .svelte-kit/output/server/_app/immutable/assets/admin.CSBm7Oz-.css                                              2.57 kB │ gzip:  0.88 kB
2026-10-05T22:15:02.9746499Z [WebServer] .svelte-kit/output/server/_app/immutable/assets/_page.D2HNaFcR.css                                              3.13 kB │ gzip:  0.93 kB
2026-10-05T22:15:02.9747326Z [WebServer] .svelte-kit/output/server/_app/immutable/assets/WorkspaceShell.CG4u5kwz.css                                    37.08 kB │ gzip:  5.01 kB
2026-10-05T22:15:02.9748166Z [WebServer] .svelte-kit/output/server/_app/immutable/assets/EditorForm.C-5vBWNT.css                                       140.63 kB │ gzip: 23.84 kB
2026-10-05T22:15:02.9748766Z [WebServer] .svelte-kit/output/server/chunks/navigation.js                                                                  0.03 kB │ gzip:  0.05 kB
2026-10-05T22:15:02.9749317Z [WebServer] .svelte-kit/output/server/chunks/repository2.js                                                                 0.09 kB │ gzip:  0.08 kB
2026-10-05T22:15:02.9749869Z [WebServer] .svelte-kit/output/server/chunks/taxonomies2.js                                                                 0.09 kB │ gzip:  0.08 kB
2026-10-05T22:15:02.9750412Z [WebServer] .svelte-kit/output/server/chunks/chunks.js                                                                      0.10 kB │ gzip:  0.09 kB
2026-10-05T22:15:02.9750949Z [WebServer] .svelte-kit/output/server/remote-entry.js                                                                       0.16 kB │ gzip:  0.12 kB
2026-10-05T22:15:02.9751521Z [WebServer] .svelte-kit/output/server/chunks/server.js                                                                      0.16 kB │ gzip:  0.12 kB
2026-10-05T22:15:02.9752071Z [WebServer] .svelte-kit/output/server/chunks/transaction2.js                                                                0.19 kB │ gzip:  0.15 kB
2026-10-05T22:15:02.9752662Z [WebServer] .svelte-kit/output/server/entries/endpoints/api/comments/_server.ts.js                                          0.20 kB │ gzip:  0.16 kB
2026-10-05T22:15:02.9753280Z [WebServer] .svelte-kit/output/server/entries/endpoints/api/admin/comments/_server.ts.js                                    0.21 kB │ gzip:  0.16 kB
2026-10-05T22:15:02.9753887Z [WebServer] .svelte-kit/output/server/entries/pages/_page.server.ts.js                                                      0.22 kB │ gzip:  0.16 kB
2026-10-05T22:15:02.9754439Z [WebServer] .svelte-kit/output/server/env.js                                                                                0.22 kB │ gzip:  0.14 kB
2026-10-05T22:15:02.9754980Z [WebServer] .svelte-kit/output/server/chunks/remote-4cga8b.js                                                               0.22 kB │ gzip:  0.14 kB
2026-10-05T22:15:02.9755639Z [WebServer] .svelte-kit/output/server/entries/endpoints/api/redirects/404s/summary/_server.ts.js                            0.22 kB │ gzip:  0.17 kB
2026-10-05T22:15:02.9756315Z [WebServer] .svelte-kit/output/server/entries/endpoints/api/admin/comments/bulk/_server.ts.js                               0.22 kB │ gzip:  0.17 kB
2026-10-05T22:15:02.9756908Z [WebServer] .svelte-kit/output/server/chunks/navigation2.js                                                                 0.22 kB │ gzip:  0.17 kB
2026-10-05T22:15:02.9757512Z [WebServer] .svelte-kit/output/server/entries/endpoints/api/admin/comments/counts/_server.ts.js                             0.22 kB │ gzip:  0.17 kB
2026-10-05T22:15:02.9758305Z [WebServer] .svelte-kit/output/server/chunks/remote-5e9re.js                                                                0.23 kB │ gzip:  0.14 kB
2026-10-05T22:15:02.9759071Z [WebServer] .svelte-kit/output/server/chunks/remote-6z7yaa.js                                                               0.23 kB │ gzip:  0.14 kB
2026-10-05T22:15:02.9759661Z [WebServer] .svelte-kit/output/server/entries/pages/redirects/_page.server.ts.js                                            0.23 kB │ gzip:  0.18 kB
2026-10-05T22:15:02.9760681Z [WebServer] .svelte-kit/output/server/entries/endpoints/api/admin/comments/_id_/status/_server.ts.js                        0.23 kB │ gzip:  0.17 kB
2026-10-05T22:15:02.9761468Z [WebServer] .svelte-kit/output/server/chunks/remote-1ghd0c5.js                                                              0.24 kB │ gzip:  0.15 kB
2026-10-05T22:15:02.9762031Z [WebServer] .svelte-kit/output/server/chunks/remote-126fj8m.js                                                              0.24 kB │ gzip:  0.15 kB
2026-10-05T22:15:02.9762714Z [WebServer] .svelte-kit/output/server/entries/pages/content/_collection_/_layout.server.ts.js                               0.24 kB │ gzip:  0.18 kB
2026-10-05T22:15:02.9763555Z [WebServer] .svelte-kit/output/server/entries/endpoints/api/comments/_collection_/_contentId_/_server.ts.js                 0.25 kB │ gzip:  0.18 kB
2026-10-05T22:15:02.9764329Z [WebServer] .svelte-kit/output/server/chunks/remote-15ax3ep.js                                                              0.26 kB │ gzip:  0.15 kB
2026-10-05T22:15:02.9765273Z [WebServer] .svelte-kit/output/server/entries/endpoints/api/admin/comments/settings/_collection_/_server.ts.js              0.26 kB │ gzip:  0.17 kB
2026-10-05T22:15:02.9766178Z [WebServer] .svelte-kit/output/server/entries/endpoints/api/redirects/_server.ts.js                                         0.26 kB │ gzip:  0.18 kB
2026-10-05T22:15:02.9766785Z [WebServer] .svelte-kit/output/server/chunks/object-cache-configuration.js                                                  0.27 kB │ gzip:  0.19 kB
2026-10-05T22:15:02.9767594Z [WebServer] .svelte-kit/output/server/entries/endpoints/api/comments/_collection_/_contentId_/reactions/_server.ts.js       0.27 kB │ gzip:  0.18 kB
2026-10-05T22:15:02.9768515Z [WebServer] .svelte-kit/output/server/chunks/contract.js                                                                    0.28 kB │ gzip:  0.19 kB
2026-10-05T22:15:02.9769181Z [WebServer] .svelte-kit/output/server/entries/endpoints/api/schema/block-types/_server.ts.js                                0.28 kB │ gzip:  0.21 kB
2026-10-05T22:15:02.9770215Z [WebServer] .svelte-kit/output/server/entries/endpoints/api/content-picker/manifest/_server.ts.js                           0.28 kB │ gzip:  0.20 kB
2026-10-05T22:15:02.9771164Z [WebServer] .svelte-kit/output/server/chunks/env.js                                                                         0.28 kB │ gzip:  0.17 kB
2026-10-05T22:15:02.9772112Z [WebServer] .svelte-kit/output/server/entries/endpoints/api/admin/comments/_id_/_server.ts.js                               0.29 kB │ gzip:  0.19 kB
2026-10-05T22:15:02.9773186Z [WebServer] .svelte-kit/output/server/entries/endpoints/api/content-picker/collections/_server.ts.js                        0.32 kB │ gzip:  0.22 kB
2026-10-05T22:15:02.9774252Z [WebServer] .svelte-kit/output/server/entries/endpoints/api/schema/collections/reorder/_server.ts.js                        0.32 kB │ gzip:  0.23 kB
2026-10-05T22:15:02.9775297Z [WebServer] .svelte-kit/output/server/entries/endpoints/api/setup/status/_server.ts.js                                      0.33 kB │ gzip:  0.23 kB
2026-10-05T22:15:02.9776324Z [WebServer] .svelte-kit/output/server/entries/endpoints/api/redirects/_id_/_server.ts.js                                    0.33 kB │ gzip:  0.20 kB
2026-10-05T22:15:02.9777350Z [WebServer] .svelte-kit/output/server/entries/endpoints/api/redirects/404s/_server.ts.js                                    0.34 kB │ gzip:  0.20 kB
2026-10-05T22:15:02.9778553Z [WebServer] .svelte-kit/output/server/entries/pages/widgets/_page.server.ts.js                                              0.36 kB │ gzip:  0.23 kB
2026-10-05T22:15:02.9779534Z [WebServer] .svelte-kit/output/server/entries/pages/sections/_layout.server.ts.js                                           0.36 kB │ gzip:  0.23 kB
2026-10-05T22:15:02.9780564Z [WebServer] .svelte-kit/output/server/entries/endpoints/api/content-picker/content/_collection_/_server.ts.js               0.36 kB │ gzip:  0.24 kB
2026-10-05T22:15:02.9781772Z [WebServer] .svelte-kit/output/server/entries/endpoints/api/schema/collections/_collection_/fields/reorder/_server.ts.js    0.40 kB │ gzip:  0.26 kB
2026-10-05T22:15:02.9782761Z [WebServer] .svelte-kit/output/server/internal.js                                                                           0.40 kB │ gzip:  0.19 kB
2026-10-05T22:15:02.9783723Z [WebServer] .svelte-kit/output/server/entries/endpoints/api/schema/collections/_server.ts.js                                0.42 kB │ gzip:  0.25 kB
2026-10-05T22:15:02.9784811Z [WebServer] .svelte-kit/output/server/entries/fallbacks/layout.svelte.js                                                    0.45 kB │ gzip:  0.31 kB
2026-10-05T22:15:02.9785900Z [WebServer] .svelte-kit/output/server/entries/endpoints/api/schema/collections/_collection_/fields/_server.ts.js            0.45 kB │ gzip:  0.29 kB
2026-10-05T22:15:02.9786963Z [WebServer] .svelte-kit/output/server/chunks/collection-slugs-state.js                                                      0.48 kB │ gzip:  0.29 kB
2026-10-05T22:15:02.9787936Z [WebServer] .svelte-kit/output/server/chunks/authorize.js                                                                   0.49 kB │ gzip:  0.32 kB
2026-10-05T22:15:02.9788962Z [WebServer] .svelte-kit/output/server/chunks/context.js                                                                     0.50 kB │ gzip:  0.29 kB
2026-10-05T22:15:02.9789900Z [WebServer] .svelte-kit/output/server/chunks/deferred-tasks.js                                                              0.50 kB │ gzip:  0.29 kB
2026-10-05T22:15:02.9790842Z [WebServer] .svelte-kit/output/server/chunks/chrome-tags.js                                                                 0.52 kB │ gzip:  0.33 kB
2026-10-05T22:15:02.9791849Z [WebServer] .svelte-kit/output/server/entries/endpoints/api/auth/me/_server.ts.js                                           0.53 kB │ gzip:  0.32 kB
2026-10-05T22:15:02.9792970Z [WebServer] .svelte-kit/output/server/entries/endpoints/api/schema/collections/_collection_/fields/_field_/_server.ts.js    0.54 kB │ gzip:  0.30 kB
2026-10-05T22:15:02.9794034Z [WebServer] .svelte-kit/output/server/chunks/chunks2.js                                                                     0.56 kB │ gzip:  0.39 kB
2026-10-05T22:15:02.9795015Z [WebServer] .svelte-kit/output/server/entries/fallbacks/error.svelte.js                                                     0.59 kB │ gzip:  0.36 kB
2026-10-05T22:15:02.9796099Z [WebServer] .svelte-kit/output/server/entries/endpoints/api/auth/passkey/options/_server.ts.js                              0.60 kB │ gzip:  0.34 kB
2026-10-05T22:15:02.9797278Z [WebServer] .svelte-kit/output/server/entries/pages/comments/settings/_collection_/_page.server.ts.js                       0.61 kB │ gzip:  0.35 kB
2026-10-05T22:15:02.9798465Z [WebServer] .svelte-kit/output/server/entries/pages/schema/_layout.server.ts.js                                             0.61 kB │ gzip:  0.36 kB
2026-10-05T22:15:02.9799558Z [WebServer] .svelte-kit/output/server/entries/pages/schema/_manage/_layout.svelte.js                                        0.63 kB │ gzip:  0.32 kB
2026-10-05T22:15:02.9800601Z [WebServer] .svelte-kit/output/server/chunks/current-user.js                                                                0.66 kB │ gzip:  0.38 kB
2026-10-05T22:15:02.9801686Z [WebServer] .svelte-kit/output/server/entries/pages/content/_collection_/_id_/workflow/_page.server.ts.js                   0.67 kB │ gzip:  0.32 kB
2026-10-05T22:15:02.9802947Z [WebServer] .svelte-kit/output/server/entries/endpoints/api/schema/collections/_collection_/_server.ts.js                   0.70 kB │ gzip:  0.35 kB
2026-10-05T22:15:02.9803951Z [WebServer] .svelte-kit/output/server/chunks/host.js                                                                        0.75 kB │ gzip:  0.37 kB
2026-10-05T22:15:02.9804788Z [WebServer] .svelte-kit/output/server/chunks/editor-display.js                                                              0.77 kB │ gzip:  0.37 kB
2026-10-05T22:15:02.9805645Z [WebServer] .svelte-kit/output/server/chunks/store.js                                                                       0.78 kB │ gzip:  0.42 kB
2026-10-05T22:15:02.9806347Z [WebServer] .svelte-kit/output/server/entries/pages/trash/_collection_/_page.server.ts.js                                   0.79 kB │ gzip:  0.41 kB
2026-10-05T22:15:02.9806981Z [WebServer] .svelte-kit/output/server/entries/endpoints/api/setup/admin/verify/_server.ts.js                                0.83 kB │ gzip:  0.43 kB
2026-10-05T22:15:02.9807655Z [WebServer] .svelte-kit/output/server/entries/pages/menus/_layout.server.ts.js                                              0.85 kB │ gzip:  0.48 kB
2026-10-05T22:15:02.9808404Z [WebServer] .svelte-kit/output/server/entries/endpoints/api/setup/admin/_server.ts.js                                       0.87 kB │ gzip:  0.46 kB
2026-10-05T22:15:02.9809025Z [WebServer] .svelte-kit/output/server/entries/endpoints/api/menus/_name_/items/_server.ts.js                                0.89 kB │ gzip:  0.45 kB
2026-10-05T22:15:02.9809653Z [WebServer] .svelte-kit/output/server/entries/endpoints/api/menus/_name_/reorder/_server.ts.js                              0.90 kB │ gzip:  0.45 kB
2026-10-05T22:15:02.9810298Z [WebServer] .svelte-kit/output/server/entries/endpoints/api/byline-fields/_slug_/usage/_server.ts.js                        0.91 kB │ gzip:  0.47 kB
2026-10-05T22:15:02.9810903Z [WebServer] .svelte-kit/output/server/chunks/i18n-config.js                                                                 0.93 kB │ gzip:  0.49 kB
2026-10-05T22:15:02.9811460Z [WebServer] .svelte-kit/output/server/chunks/widgets.js                                                                     0.95 kB │ gzip:  0.47 kB
2026-10-05T22:15:02.9812031Z [WebServer] .svelte-kit/output/server/entries/endpoints/api/menus/_server.ts.js                                             1.01 kB │ gzip:  0.47 kB
2026-10-05T22:15:02.9812663Z [WebServer] .svelte-kit/output/server/entries/endpoints/api/taxonomies/_name_/translations/_server.ts.js                    1.04 kB │ gzip:  0.51 kB
2026-10-05T22:15:02.9813269Z [WebServer] .svelte-kit/output/server/chunks/status.js                                                                      1.04 kB │ gzip:  0.55 kB
2026-10-05T22:15:02.9813818Z [WebServer] .svelte-kit/output/server/chunks/transaction.js                                                                 1.06 kB │ gzip:  0.50 kB
2026-10-05T22:15:02.9814420Z [WebServer] .svelte-kit/output/server/entries/endpoints/api/byline-fields/reorder/_server.ts.js                             1.08 kB │ gzip:  0.47 kB
2026-10-05T22:15:02.9815024Z [WebServer] .svelte-kit/output/server/chunks/write-plan.js                                                                  1.13 kB │ gzip:  0.56 kB
2026-10-05T22:15:02.9815620Z [WebServer] .svelte-kit/output/server/entries/endpoints/api/taxonomies/_name_/reorder/_server.ts.js                         1.14 kB │ gzip:  0.52 kB
2026-10-05T22:15:02.9816220Z [WebServer] .svelte-kit/output/server/chunks/context2.js                                                                    1.18 kB │ gzip:  0.67 kB
2026-10-05T22:15:02.9816762Z [WebServer] .svelte-kit/output/server/chunks/paths.js                                                                       1.18 kB │ gzip:  0.66 kB
2026-10-05T22:15:02.9817337Z [WebServer] .svelte-kit/output/server/entries/endpoints/api/auth/logout/_server.ts.js                                       1.28 kB │ gzip:  0.62 kB
2026-10-05T22:15:02.9817922Z [WebServer] .svelte-kit/output/server/chunks/request.js                                                                     1.30 kB │ gzip:  0.68 kB
2026-10-05T22:15:02.9818619Z [WebServer] .svelte-kit/output/server/chunks/namespaces.js                                                                  1.34 kB │ gzip:  0.63 kB
2026-10-05T22:15:02.9819206Z [WebServer] .svelte-kit/output/server/entries/endpoints/api/taxonomies/_server.ts.js                                        1.36 kB │ gzip:  0.57 kB
2026-10-05T22:15:02.9819784Z [WebServer] .svelte-kit/output/server/chunks/internal.js                                                                    1.37 kB │ gzip:  0.56 kB
2026-10-05T22:15:02.9820373Z [WebServer] .svelte-kit/output/server/entries/endpoints/api/auth/passkey/verify/_server.ts.js                               1.39 kB │ gzip:  0.63 kB
2026-10-05T22:15:02.9820962Z [WebServer] .svelte-kit/output/server/chunks/base64.js                                                                      1.41 kB │ gzip:  0.65 kB
2026-10-05T22:15:02.9821568Z [WebServer] .svelte-kit/output/server/chunks/embed-messages.source.js                                                       1.47 kB │ gzip:  0.79 kB
2026-10-05T22:15:02.9822181Z [WebServer] .svelte-kit/output/server/entries/endpoints/api/menus/_name_/items/_id_/_server.ts.js                           1.47 kB │ gzip:  0.55 kB
2026-10-05T22:15:02.9822783Z [WebServer] .svelte-kit/output/server/chunks/identity-schemas.js                                                            1.48 kB │ gzip:  0.55 kB
2026-10-05T22:15:02.9823373Z [WebServer] .svelte-kit/output/server/entries/pages/sections/_slug_/_page.svelte.js                                         1.50 kB │ gzip:  0.58 kB
2026-10-05T22:15:02.9823987Z [WebServer] .svelte-kit/output/server/entries/endpoints/api/menus/_name_/_server.ts.js                                      1.52 kB │ gzip:  0.52 kB
2026-10-05T22:15:02.9824613Z [WebServer] .svelte-kit/output/server/entries/endpoints/api/taxonomies/_name_/terms/_server.ts.js                           1.59 kB │ gzip:  0.63 kB
2026-10-05T22:15:02.9825255Z [WebServer] .svelte-kit/output/server/entries/endpoints/api/byline-fields/_server.ts.js                                     1.64 kB │ gzip:  0.59 kB
2026-10-05T22:15:02.9825861Z [WebServer] .svelte-kit/output/server/chunks/atomic-query-loop.js                                                           1.66 kB │ gzip:  0.73 kB
2026-10-05T22:15:02.9826458Z [WebServer] .svelte-kit/output/server/entries/pages/schema/_manage/new/_page.svelte.js                                      1.67 kB │ gzip:  0.73 kB
2026-10-05T22:15:02.9827095Z [WebServer] .svelte-kit/output/server/entries/endpoints/api/menus/_name_/translations/_server.ts.js                         1.70 kB │ gzip:  0.68 kB
2026-10-05T22:15:02.9827691Z [WebServer] .svelte-kit/output/server/chunks/slugify.js                                                                     1.77 kB │ gzip:  0.91 kB
2026-10-05T22:15:02.9828357Z [WebServer] .svelte-kit/output/server/entries/hooks.universal.js                                                            1.77 kB │ gzip:  0.73 kB
2026-10-05T22:15:02.9828931Z [WebServer] .svelte-kit/output/server/chunks/migrations2.js                                                                 1.78 kB │ gzip:  0.67 kB
2026-10-05T22:15:02.9829478Z [WebServer] .svelte-kit/output/server/chunks/parse2.js                                                                      1.85 kB │ gzip:  0.90 kB
2026-10-05T22:15:02.9830030Z [WebServer] .svelte-kit/output/server/chunks/DraftPreview.js                                                                1.88 kB │ gzip:  0.78 kB
2026-10-05T22:15:02.9830611Z [WebServer] .svelte-kit/output/server/entries/endpoints/api/sections/_server.ts.js                                          1.88 kB │ gzip:  0.64 kB
2026-10-05T22:15:02.9831192Z [WebServer] .svelte-kit/output/server/chunks/schemas5.js                                                                    1.91 kB │ gzip:  0.49 kB
2026-10-05T22:15:02.9831757Z [WebServer] .svelte-kit/output/server/chunks/SectionPickerModal.js                                                          1.94 kB │ gzip:  0.75 kB
2026-10-05T22:15:02.9832370Z [WebServer] .svelte-kit/output/server/chunks/workspace.remote.js                                                            1.95 kB │ gzip:  0.77 kB
2026-10-05T22:15:02.9832925Z [WebServer] .svelte-kit/output/server/chunks/readiness.js                                                                   1.98 kB │ gzip:  0.92 kB
2026-10-05T22:15:02.9833474Z [WebServer] .svelte-kit/output/server/chunks/db-errors.js                                                                   2.01 kB │ gzip:  0.97 kB
2026-10-05T22:15:02.9834051Z [WebServer] .svelte-kit/output/server/entries/pages/comments/_page.server.ts.js                                             2.02 kB │ gzip:  0.86 kB
2026-10-05T22:15:02.9834632Z [WebServer] .svelte-kit/output/server/chunks/validate2.js                                                                   2.05 kB │ gzip:  0.95 kB
2026-10-05T22:15:02.9835269Z [WebServer] .svelte-kit/output/server/entries/endpoints/api/widget-areas/_name_/reorder/_server.ts.js                       2.06 kB │ gzip:  0.87 kB
2026-10-05T22:15:02.9835873Z [WebServer] .svelte-kit/output/server/chunks/validate.js                                                                    2.08 kB │ gzip:  0.97 kB
2026-10-05T22:15:02.9836441Z [WebServer] .svelte-kit/output/server/chunks/editor-autosave.remote.js                                                      2.10 kB │ gzip:  0.74 kB
2026-10-05T22:15:02.9837056Z [WebServer] .svelte-kit/output/server/entries/endpoints/api/widget-components/_server.ts.js                                 2.13 kB │ gzip:  0.77 kB
2026-10-05T22:15:02.9837651Z [WebServer] .svelte-kit/output/server/chunks/init-lock.js                                                                   2.15 kB │ gzip:  1.00 kB
2026-10-05T22:15:02.9838305Z [WebServer] .svelte-kit/output/server/chunks/turnstile.js                                                                   2.20 kB │ gzip:  1.13 kB
2026-10-05T22:15:02.9838899Z [WebServer] .svelte-kit/output/server/entries/endpoints/api/taxonomies/_name_/_server.ts.js                                 2.23 kB │ gzip:  0.69 kB
2026-10-05T22:15:02.9839526Z [WebServer] .svelte-kit/output/server/entries/endpoints/api/widget-areas/_name_/_server.ts.js                               2.36 kB │ gzip:  0.80 kB
2026-10-05T22:15:02.9840177Z [WebServer] .svelte-kit/output/server/entries/endpoints/api/taxonomies/_name_/terms/_slug_/translations/_server.ts.js       2.39 kB │ gzip:  0.81 kB
2026-10-05T22:15:02.9840830Z [WebServer] .svelte-kit/output/server/entries/endpoints/api/byline-fields/_slug_/_server.ts.js                              2.40 kB │ gzip:  0.69 kB
2026-10-05T22:15:02.9841509Z [WebServer] .svelte-kit/output/server/entries/endpoints/api/widget-areas/_name_/widgets/_server.ts.js                       2.41 kB │ gzip:  0.99 kB
2026-10-05T22:15:02.9842552Z [WebServer] .svelte-kit/output/server/chunks/BlockSettings.js                                                               2.42 kB │ gzip:  0.90 kB
2026-10-05T22:15:02.9843454Z [WebServer] .svelte-kit/output/server/entries/endpoints/api/taxonomies/_name_/terms/_slug_/_server.ts.js                    2.44 kB │ gzip:  0.69 kB
2026-10-05T22:15:02.9844345Z [WebServer] .svelte-kit/output/server/chunks/passkey-browser.js                                                             2.46 kB │ gzip:  0.78 kB
2026-10-05T22:15:02.9845155Z [WebServer] .svelte-kit/output/server/chunks/schema.js                                                                      2.51 kB │ gzip:  0.76 kB
2026-10-05T22:15:02.9845989Z [WebServer] .svelte-kit/output/server/entries/pages/sections/_page.svelte.js                                                2.52 kB │ gzip:  0.87 kB
2026-10-05T22:15:02.9846828Z [WebServer] .svelte-kit/output/server/chunks/admin-http.js                                                                  2.53 kB │ gzip:  1.11 kB
2026-10-05T22:15:02.9847707Z [WebServer] .svelte-kit/output/server/entries/endpoints/api/bylines/_id_/translations/_server.ts.js                         2.54 kB │ gzip:  0.91 kB
2026-10-05T22:15:02.9848747Z [WebServer] .svelte-kit/output/server/entries/pages/_page.svelte.js                                                         2.60 kB │ gzip:  1.05 kB
2026-10-05T22:15:02.9849625Z [WebServer] .svelte-kit/output/server/entries/pages/schema/_manage/_collection_/_page.svelte.js                             2.63 kB │ gzip:  0.98 kB
2026-10-05T22:15:02.9850482Z [WebServer] .svelte-kit/output/server/chunks/http2.js                                                                       2.64 kB │ gzip:  1.19 kB
2026-10-05T22:15:02.9851362Z [WebServer] .svelte-kit/output/server/chunks/session.js                                                                     2.65 kB │ gzip:  1.10 kB
2026-10-05T22:15:02.9852209Z [WebServer] .svelte-kit/output/server/entries/endpoints/api/sections/_slug_/_server.ts.js                                   2.66 kB │ gzip:  0.71 kB
2026-10-05T22:15:02.9853164Z [WebServer] .svelte-kit/output/server/entries/endpoints/api/widget-areas/_server.ts.js                                      2.69 kB │ gzip:  0.99 kB
2026-10-05T22:15:02.9854006Z [WebServer] .svelte-kit/output/server/chunks/state.js                                                                       2.77 kB │ gzip:  1.15 kB
2026-10-05T22:15:02.9854816Z [WebServer] .svelte-kit/output/server/chunks/CodeEditor.js                                                                  2.79 kB │ gzip:  1.08 kB
2026-10-05T22:15:02.9855672Z [WebServer] .svelte-kit/output/server/entries/endpoints/api/bylines/_server.ts.js                                           2.88 kB │ gzip:  1.08 kB
2026-10-05T22:15:02.9856524Z [WebServer] .svelte-kit/output/server/chunks/types2.js                                                                      2.92 kB │ gzip:  1.23 kB
2026-10-05T22:15:02.9857341Z [WebServer] .svelte-kit/output/server/chunks/schema-common.js                                                               2.93 kB │ gzip:  1.32 kB
2026-10-05T22:15:02.9857928Z [WebServer] .svelte-kit/output/server/entries/endpoints/api/bylines/_id_/_server.ts.js                                      2.98 kB │ gzip:  0.99 kB
2026-10-05T22:15:02.9858652Z [WebServer] .svelte-kit/output/server/chunks/settings.js                                                                    2.99 kB │ gzip:  1.21 kB
2026-10-05T22:15:02.9859194Z [WebServer] .svelte-kit/output/server/chunks/types3.js                                                                      3.32 kB │ gzip:  1.38 kB
2026-10-05T22:15:02.9859752Z [WebServer] .svelte-kit/output/server/chunks/taxonomy-migrations.js                                                         3.35 kB │ gzip:  0.96 kB
2026-10-05T22:15:02.9860329Z [WebServer] .svelte-kit/output/server/chunks/dialect-helpers.js                                                             3.47 kB │ gzip:  1.51 kB
2026-10-05T22:15:02.9860872Z [WebServer] .svelte-kit/output/server/chunks/d1.js                                                                          3.51 kB │ gzip:  1.19 kB
2026-10-05T22:15:02.9861421Z [WebServer] .svelte-kit/output/server/chunks/field-handlers.js                                                              3.67 kB │ gzip:  0.93 kB
2026-10-05T22:15:02.9862037Z [WebServer] .svelte-kit/output/server/entries/endpoints/api/widget-areas/_name_/widgets/_id_/_server.ts.js                  3.85 kB │ gzip:  1.08 kB
2026-10-05T22:15:02.9862634Z [WebServer] .svelte-kit/output/server/chunks/types.js                                                                       3.90 kB │ gzip:  1.62 kB
2026-10-05T22:15:02.9863170Z [WebServer] .svelte-kit/output/server/chunks/node.js                                                                        3.93 kB │ gzip:  1.45 kB
2026-10-05T22:15:02.9863705Z [WebServer] .svelte-kit/output/server/chunks/request4.js                                                                    4.24 kB │ gzip:  1.74 kB
2026-10-05T22:15:02.9864271Z [WebServer] .svelte-kit/output/server/entries/pages/setup/_page.svelte.js                                                   4.41 kB │ gzip:  1.60 kB
2026-10-05T22:15:02.9864893Z [WebServer] .svelte-kit/output/server/chunks/runtime-client.js                                                              4.44 kB │ gzip:  1.43 kB
2026-10-05T22:15:02.9865444Z [WebServer] .svelte-kit/output/server/chunks/schemas3.js                                                                    4.54 kB │ gzip:  1.50 kB
2026-10-05T22:15:02.9866040Z [WebServer] .svelte-kit/output/server/entries/pages/comments/settings/_collection_/_page.svelte.js                          4.79 kB │ gzip:  1.52 kB
2026-10-05T22:15:02.9866656Z [WebServer] .svelte-kit/output/server/entries/pages/login/_page.svelte.js                                                   4.81 kB │ gzip:  1.65 kB
2026-10-05T22:15:02.9867239Z [WebServer] .svelte-kit/output/server/entries/pages/menus/_page.svelte.js                                                   4.98 kB │ gzip:  1.55 kB
2026-10-05T22:15:02.9867866Z [WebServer] .svelte-kit/output/server/chunks/namespace.js                                                                   5.00 kB │ gzip:  1.68 kB
2026-10-05T22:15:02.9868539Z [WebServer] .svelte-kit/output/server/chunks/manifest.js                                                                    5.25 kB │ gzip:  1.96 kB
2026-10-05T22:15:02.9869086Z [WebServer] .svelte-kit/output/server/chunks/index-server.js                                                                5.28 kB │ gzip:  1.89 kB
2026-10-05T22:15:02.9869698Z [WebServer] .svelte-kit/output/server/entries/endpoints/api/content/_collection_/_id_/terms/_taxonomy_/_server.ts.js        5.29 kB │ gzip:  1.54 kB
2026-10-05T22:15:02.9870343Z [WebServer] .svelte-kit/output/server/entries/pages/content/_collection_/_id_/_page.svelte.js                               5.37 kB │ gzip:  1.40 kB
2026-10-05T22:15:02.9870950Z [WebServer] .svelte-kit/output/server/chunks/migration-provider.js                                                          5.68 kB │ gzip:  2.10 kB
2026-10-05T22:15:02.9871514Z [WebServer] .svelte-kit/output/server/chunks/auth.remote.js                                                                 5.88 kB │ gzip:  1.74 kB
2026-10-05T22:15:02.9872060Z [WebServer] .svelte-kit/output/server/chunks/schemas2.js                                                                    5.99 kB │ gzip:  1.66 kB
2026-10-05T22:15:02.9872601Z [WebServer] .svelte-kit/output/server/chunks/client.js                                                                      6.05 kB │ gzip:  2.40 kB
2026-10-05T22:15:02.9873144Z [WebServer] .svelte-kit/output/server/chunks/MenuDialog.js                                                                  6.05 kB │ gzip:  1.45 kB
2026-10-05T22:15:02.9873717Z [WebServer] .svelte-kit/output/server/entries/pages/schema/_page.svelte.js                                                  6.39 kB │ gzip:  1.82 kB
2026-10-05T22:15:02.9874311Z [WebServer] .svelte-kit/output/server/entries/pages/schema/_manage/_page.svelte.js                                          6.99 kB │ gzip:  2.04 kB
2026-10-05T22:15:02.9874891Z [WebServer] .svelte-kit/output/server/chunks/exports.js                                                                     7.06 kB │ gzip:  2.20 kB
2026-10-05T22:15:02.9875432Z [WebServer] .svelte-kit/output/server/chunks/admin.js                                                                       7.21 kB │ gzip:  1.77 kB
2026-10-05T22:15:02.9875974Z [WebServer] .svelte-kit/output/server/chunks/zod-generator.js                                                               7.30 kB │ gzip:  2.48 kB
2026-10-05T22:15:02.9876555Z [WebServer] .svelte-kit/output/server/entries/endpoints/api/calendar/_server.ts.js                                          7.89 kB │ gzip:  3.16 kB
2026-10-05T22:15:02.9877171Z [WebServer] .svelte-kit/output/server/entries/pages/trash/_collection_/_page.svelte.js                                      9.18 kB │ gzip:  2.68 kB
2026-10-05T22:15:02.9877746Z [WebServer] .svelte-kit/output/server/chunks/routing.js                                                                     9.48 kB │ gzip:  3.15 kB
2026-10-05T22:15:02.9878656Z [WebServer] .svelte-kit/output/server/entries/pages/content/_collection_/_page.svelte.js                                    9.56 kB │ gzip:  1.87 kB
2026-10-05T22:15:02.9879590Z [WebServer] .svelte-kit/output/server/chunks/i18n-resolve.js                                                                9.77 kB │ gzip:  3.81 kB
2026-10-05T22:15:02.9880563Z [WebServer] .svelte-kit/output/server/chunks/taxonomies.js                                                                  9.92 kB │ gzip:  3.58 kB
2026-10-05T22:15:02.9881214Z [WebServer] .svelte-kit/output/server/entries/pages/redirects/_page.svelte.js                                              10.08 kB │ gzip:  2.74 kB
2026-10-05T22:15:02.9881783Z [WebServer] .svelte-kit/output/server/chunks/schemas4.js                                                                   10.23 kB │ gzip:  2.61 kB
2026-10-05T22:15:02.9882414Z [WebServer] .svelte-kit/output/server/entries/endpoints/api/taxonomies/bulk-tag/_server.ts.js                              10.52 kB │ gzip:  3.15 kB
2026-10-05T22:15:02.9882996Z [WebServer] .svelte-kit/output/server/chunks/shared.js                                                                     11.28 kB │ gzip:  3.51 kB
2026-10-05T22:15:02.9883538Z [WebServer] .svelte-kit/output/server/chunks/object-cache.js                                                               11.39 kB │ gzip:  4.01 kB
2026-10-05T22:15:02.9884086Z [WebServer] .svelte-kit/output/server/chunks/schemas.js                                                                    11.98 kB │ gzip:  3.88 kB
2026-10-05T22:15:02.9884676Z [WebServer] .svelte-kit/output/server/entries/pages/content/_collection_/_id_/workflow/_page.svelte.js                     12.84 kB │ gzip:  2.27 kB
2026-10-05T22:15:02.9885289Z [WebServer] .svelte-kit/output/server/entries/pages/widgets/_page.svelte.js                                                13.24 kB │ gzip:  3.31 kB
2026-10-05T22:15:02.9885866Z [WebServer] .svelte-kit/output/server/chunks/schema.remote.js                                                              13.32 kB │ gzip:  3.37 kB
2026-10-05T22:15:02.9886419Z [WebServer] .svelte-kit/output/server/chunks/WorkspaceShell.js                                                             13.48 kB │ gzip:  3.54 kB
2026-10-05T22:15:02.9886991Z [WebServer] .svelte-kit/output/server/entries/pages/comments/_page.svelte.js                                               13.74 kB │ gzip:  3.66 kB
2026-10-05T22:15:02.9887578Z [WebServer] .svelte-kit/output/server/entries/pages/menus/_name_/_page.svelte.js                                           20.48 kB │ gzip:  5.21 kB
2026-10-05T22:15:02.9888350Z [WebServer] .svelte-kit/output/server/entries/pages/schema/_collection_/_page.svelte.js                                    20.66 kB │ gzip:  3.59 kB
2026-10-05T22:15:02.9888933Z [WebServer] .svelte-kit/output/server/chunks/content.remote.js                                                             20.90 kB │ gzip:  4.48 kB
2026-10-05T22:15:02.9889505Z [WebServer] .svelte-kit/output/server/chunks/collection-indexes.js                                                         21.94 kB │ gzip:  5.84 kB
2026-10-05T22:15:02.9890065Z [WebServer] .svelte-kit/output/server/chunks/registry.js                                                                   23.17 kB │ gzip:  5.91 kB
2026-10-05T22:15:02.9890595Z [WebServer] .svelte-kit/output/server/chunks/http.js                                                                       24.75 kB │ gzip:  7.34 kB
2026-10-05T22:15:02.9891121Z [WebServer] .svelte-kit/output/server/chunks/error.js                                                                      26.57 kB │ gzip:  5.92 kB
2026-10-05T22:15:02.9891654Z [WebServer] .svelte-kit/output/server/chunks/parse.js                                                                      28.03 kB │ gzip:  6.49 kB
2026-10-05T22:15:02.9892194Z [WebServer] .svelte-kit/output/server/chunks/repository.js                                                                 28.50 kB │ gzip:  8.02 kB
2026-10-05T22:15:02.9892782Z [WebServer] .svelte-kit/output/server/chunks/handlers2.js                                                                  30.53 kB │ gzip:  7.65 kB
2026-10-05T22:15:02.9893335Z [WebServer] .svelte-kit/output/server/chunks/sql-recognition.js                                                            30.55 kB │ gzip:  4.86 kB
2026-10-05T22:15:02.9893882Z [WebServer] .svelte-kit/output/server/chunks/schema2.js                                                                    30.93 kB │ gzip:  9.94 kB
2026-10-05T22:15:02.9894425Z [WebServer] .svelte-kit/output/server/chunks/handlers.js                                                                   34.24 kB │ gzip:  7.90 kB
2026-10-05T22:15:02.9894979Z [WebServer] .svelte-kit/output/server/chunks/identity-request.js                                                           35.41 kB │ gzip:  9.03 kB
2026-10-05T22:15:02.9895567Z [WebServer] .svelte-kit/output/server/chunks/runtime.js                                                                    36.87 kB │ gzip:  9.71 kB
2026-10-05T22:15:02.9896113Z [WebServer] .svelte-kit/output/server/chunks/request3.js                                                                   36.99 kB │ gzip:  9.55 kB
2026-10-05T22:15:02.9896660Z [WebServer] .svelte-kit/output/server/entries/hooks.server.js                                                              37.44 kB │ gzip: 11.65 kB
2026-10-05T22:15:02.9897205Z [WebServer] .svelte-kit/output/server/chunks/utils.js                                                                      37.62 kB │ gzip: 10.86 kB
2026-10-05T22:15:02.9897747Z [WebServer] .svelte-kit/output/server/chunks/internal2.js                                                                  38.35 kB │ gzip: 10.46 kB
2026-10-05T22:15:02.9898579Z [WebServer] .svelte-kit/output/server/chunks/ContentTypeEditor.js                                                          44.31 kB │ gzip:  8.57 kB
2026-10-05T22:15:02.9899229Z [WebServer] .svelte-kit/output/server/chunks/artifacts.js                                                                  51.29 kB │ gzip: 15.22 kB
2026-10-05T22:15:02.9899780Z [WebServer] .svelte-kit/output/server/chunks/bylines.js                                                                    51.61 kB │ gzip: 14.23 kB
2026-10-05T22:15:02.9900319Z [WebServer] .svelte-kit/output/server/chunks/request2.js                                                                   52.19 kB │ gzip: 15.18 kB
2026-10-05T22:15:02.9900857Z [WebServer] .svelte-kit/output/server/chunks/remote.js                                                                     55.69 kB │ gzip: 12.17 kB
2026-10-05T22:15:02.9901392Z [WebServer] .svelte-kit/output/server/chunks/service.js                                                                    82.20 kB │ gzip: 18.79 kB
2026-10-05T22:15:02.9901938Z [WebServer] .svelte-kit/output/server/chunks/migrations.js                                                                101.42 kB │ gzip: 23.91 kB
2026-10-05T22:15:02.9902487Z [WebServer] .svelte-kit/output/server/chunks/content.js                                                                   114.23 kB │ gzip: 26.83 kB
2026-10-05T22:15:02.9903021Z [WebServer] .svelte-kit/output/server/chunks/async.js                                                                     123.63 kB │ gzip: 32.08 kB
2026-10-05T22:15:02.9903544Z [WebServer] .svelte-kit/output/server/index.js                                                                            133.23 kB │ gzip: 33.32 kB
2026-10-05T22:15:02.9904073Z [WebServer] .svelte-kit/output/server/chunks/EditorForm.js                                                                149.68 kB │ gzip: 39.92 kB
2026-10-05T22:15:02.9904620Z [WebServer] .svelte-kit/output/server/chunks/registry2.js                                                                 162.17 kB │ gzip: 30.31 kB
2026-10-05T22:15:02.9904907Z [WebServer] 
2026-10-05T22:15:02.9905253Z [WebServer] [PLUGIN_TIMINGS] JavaScript callbacks ran for 2.9s of this 3.0s build (96%).
2026-10-05T22:15:02.9905793Z [WebServer] The slowest callbacks, timed inside each callback (the wait before a callback starts is excluded, the time it awaits is included):
2026-10-05T22:15:02.9906257Z [WebServer]   - plugin vite-plugin-sveltekit-compile writeBundle (70%, 2.1s, 1 call)
2026-10-05T22:15:02.9906643Z [WebServer] Additional callback time came from the callbacks below and from callbacks under 1s.
2026-10-05T22:15:02.9907250Z [WebServer] 1 callback is listed without a time. Its calls overlapped, so the time inside one call includes work from other calls. To find its cost, profile the build with `node --cpu-prof`:
2026-10-05T22:15:02.9907756Z [WebServer]   - plugin vite-plugin-sveltekit-guard resolveId (2434 calls)
2026-10-05T22:15:02.9908262Z [WebServer] See https://rolldown.rs/reference/InputOptions.checks#bundlertimings for more details.
2026-10-05T22:15:02.9908526Z [WebServer] 
2026-10-05T22:15:02.9908750Z [WebServer] ✓ built in 3.01s
2026-10-05T22:15:02.9908894Z [WebServer] 
2026-10-05T22:15:02.9909114Z [WebServer] Run npm run preview to preview your production build locally.
2026-10-05T22:15:02.9909319Z [WebServer] 
2026-10-05T22:15:02.9909474Z [WebServer] > Using @sveltejs/adapter-auto
2026-10-05T22:15:02.9909979Z [WebServer]   Could not detect a supported production environment. See https://svelte.dev/docs/kit/adapters to learn how to configure your app to run on the platform of your choosing
2026-10-05T22:15:02.9910398Z [WebServer]   ✔ done
2026-10-05T22:15:03.3091623Z 2026-10-05T22:15:03.308Z pw:webserver HTTP GET: http://127.0.0.1:4174/cms
2026-10-05T22:15:03.3098386Z 2026-10-05T22:15:03.309Z pw:webserver Error while checking if http://127.0.0.1:4174/cms is available: connect ECONNREFUSED 127.0.0.1:4174
2026-10-05T22:15:03.3098861Z 2026-10-05T22:15:03.309Z pw:webserver Waiting 1000ms
2026-10-05T22:15:03.3930411Z [WebServer]   ➜  Local:   http://127.0.0.1:4174/cms
2026-10-05T22:15:04.3095856Z 2026-10-05T22:15:04.309Z pw:webserver HTTP GET: http://127.0.0.1:4174/cms
2026-10-05T22:15:04.3635367Z 2026-10-05T22:15:04.363Z pw:webserver HTTP Status: 200
2026-10-05T22:15:04.3637247Z 2026-10-05T22:15:04.363Z pw:webserver WebServer available
2026-10-05T22:15:05.7784301Z 
2026-10-05T22:15:05.7784836Z Running 65 tests using 1 worker
2026-10-05T22:15:06.8625698Z   pw:browser <launching> /home/runner/.cache/ms-playwright/chromium_headless_shell-1243/chrome-headless-shell-linux64/chrome-headless-shell --disable-field-trial-config --disable-background-networking --disable-background-timer-throttling --disable-backgrounding-occluded-windows --disable-back-forward-cache --disable-breakpad --disable-client-side-phishing-detection --disable-component-extensions-with-background-pages --disable-component-update --no-default-browser-check --disable-default-apps --disable-dev-shm-usage --disable-edgeupdater --disable-extensions --disable-features=AvoidUnnecessaryBeforeUnloadCheckSync,DestroyProfileOnBrowserClose,DialMediaRouteProvider,GlobalMediaControls,HttpsUpgrades,LensOverlay,MediaRouter,PaintHolding,ThirdPartyStoragePartitioning,BlockOriginHeaderModificationOnRedirect,Translate,AutoDeElevate,OptimizationHints,msForceBrowserSignIn,msEdgeUpdateLaunchServicesPreferredVersion --enable-features=CDPScreenshotNewSurface --allow-pre-commit-input --disable-hang-monitor --disable-ipc-flooding-protection --disable-popup-blocking --disable-prompt-on-repost --disable-renderer-backgrounding --disable-updater-scheduler --force-color-profile=srgb --metrics-recording-only --no-first-run --password-store=basic --use-mock-keychain --no-service-autorun --export-tagged-pdf --disable-search-engine-choice-screen --unsafely-disable-devtools-self-xss-warnings --edge-skip-compat-layer-relaunch --disable-infobars --disable-search-engine-choice-screen --disable-sync --enable-unsafe-swiftshader --headless --hide-scrollbars --mute-audio --blink-settings=primaryHoverType=2,availableHoverTypes=2,primaryPointerType=4,availablePointerTypes=4 --user-data-dir=/tmp/playwright_chromiumdev_profile-ovwbVZ --remote-debugging-pipe --no-startup-window +0ms
2026-10-05T22:15:06.8721407Z   pw:browser <launched> pid=3988 +6ms
2026-10-05T22:15:06.9095066Z   pw:browser [pid=3988][err] [1005/221506.892386:ERROR:dbus/bus.cc:405] Failed to connect to the bus: Could not parse server address: Unknown address type (examples of valid types are "tcp" and on UNIX "unix") +42ms
2026-10-05T22:15:06.9160040Z   pw:browser [pid=3988][err] [1005/221506.900435:ERROR:dbus/object_proxy.cc:572] Failed to call method: org.freedesktop.DBus.NameHasOwner: object_path= /org/freedesktop/DBus: unknown error type:  +0ms
2026-10-05T22:15:06.9199695Z   pw:browser [pid=3988][err] [1005/221506.900616:ERROR:dbus/bus.cc:405] Failed to connect to the bus: Could not parse server address: Unknown address type (examples of valid types are "tcp" and on UNIX "unix") +1ms
2026-10-05T22:15:06.9201839Z   pw:browser [pid=3988][err] [1005/221506.902262:ERROR:dbus/object_proxy.cc:572] Failed to call method: org.freedesktop.DBus.NameHasOwner: object_path= /org/freedesktop/DBus: unknown error type:  +0ms
2026-10-05T22:15:06.9203413Z   pw:browser [pid=3988][err] [1005/221506.906281:WARNING:media/gpu/vaapi/vaapi_wrapper.cc:1660] drmGetDevices2() has not found any devices +0ms
2026-10-05T22:15:06.9204682Z   pw:browser [pid=3988][err] [1005/221506.907495:WARNING:sandbox/policy/linux/sandbox_linux.cc:405] InitializeSandbox() called with multiple threads in process gpu-process. +0ms
2026-10-05T22:15:30.9386675Z   pw:browser [pid=3988][err] [1005/221530.937230:INFO:CONSOLE:934] "[vite] connecting...", source: http://127.0.0.1:37855/@vite/client (934) +24s
2026-10-05T22:15:30.9530219Z   pw:browser [pid=3988][err] [1005/221530.950862:INFO:CONSOLE:1047] "[vite] connected.", source: http://127.0.0.1:37855/@vite/client (1047) +13ms
2026-10-05T22:15:31.2536950Z   pw:browser [pid=3988][err] [1005/221531.252727:INFO:CONSOLE:1082] "[vite] server connection lost. Polling for restart...", source: http://127.0.0.1:37855/@vite/client (1082) +303ms
2026-10-05T22:15:50.6614425Z   pw:browser [pid=3988][err] [1005/221550.660729:INFO:CONSOLE:12] "Avoid using `history.pushState(...)` and `history.replaceState(...)` as these will conflict with SvelteKit's router. Use the `pushState` and `replaceState` imports from `$app/navigation` instead.", source: http://127.0.0.1:46213/cms/_app/immutable/chunks/BKzR2_uu.js (12) +19s
2026-10-05T22:15:50.7065025Z   pw:browser [pid=3988][err] [1005/221550.704798:INFO:CONSOLE:12] "[svelte] await_waterfall
2026-10-05T22:15:50.7067146Z   pw:browser [pid=3988][err] An async derived, `loadedNavigation` (src/​lib/​ui/​WorkspaceShell.svelte:19:27) was not read immediately after it resolved. This often indicates an unnecessary waterfall, which can slow down your app
2026-10-05T22:15:50.7070757Z   pw:browser [pid=3988][err] https://svelte.dev/e/await_waterfall font-weight: bold font-weight: normal", source: http://127.0.0.1:46213/cms/_app/immutable/chunks/BKzR2_uu.js (12) +0ms
2026-10-05T22:15:50.8050134Z   pw:browser [pid=3988][err] [1005/221550.803768:INFO:CONSOLE:12] "[svelte] await_waterfall
2026-10-05T22:15:50.8052210Z   pw:browser [pid=3988][err] An async derived, `loadedNavigation` (src/​lib/​ui/​WorkspaceShell.svelte:19:27) was not read immediately after it resolved. This often indicates an unnecessary waterfall, which can slow down your app
2026-10-05T22:15:50.8053684Z   pw:browser [pid=3988][err] https://svelte.dev/e/await_waterfall font-weight: bold font-weight: normal", source: http://127.0.0.1:46213/cms/_app/immutable/chunks/BKzR2_uu.js (12) +0ms
2026-10-05T22:15:50.8905595Z   pw:browser [pid=3988][err] [1005/221550.889081:INFO:CONSOLE:12] "[svelte] await_waterfall
2026-10-05T22:15:50.8906818Z   pw:browser [pid=3988][err] An async derived, `loadedNavigation` (src/​lib/​ui/​WorkspaceShell.svelte:19:27) was not read immediately after it resolved. This often indicates an unnecessary waterfall, which can slow down your app
2026-10-05T22:15:50.8908205Z   pw:browser [pid=3988][err] https://svelte.dev/e/await_waterfall font-weight: bold font-weight: normal", source: http://127.0.0.1:46213/cms/_app/immutable/chunks/BKzR2_uu.js (12) +0ms
2026-10-05T22:15:50.9924924Z   pw:browser [pid=3988][err] [1005/221550.991774:INFO:CONSOLE:12] "[svelte] await_waterfall
2026-10-05T22:15:50.9926382Z   pw:browser [pid=3988][err] An async derived, `loadedNavigation` (src/​lib/​ui/​WorkspaceShell.svelte:19:27) was not read immediately after it resolved. This often indicates an unnecessary waterfall, which can slow down your app
2026-10-05T22:15:50.9927922Z   pw:browser [pid=3988][err] https://svelte.dev/e/await_waterfall font-weight: bold font-weight: normal", source: http://127.0.0.1:46213/cms/_app/immutable/chunks/BKzR2_uu.js (12) +0ms
2026-10-05T22:15:51.1477632Z   pw:browser [pid=3988][err] [1005/221551.147236:INFO:CONSOLE:12] "[svelte] await_waterfall
2026-10-05T22:15:51.1479165Z   pw:browser [pid=3988][err] An async derived, `loadedNavigation` (src/​lib/​ui/​WorkspaceShell.svelte:19:27) was not read immediately after it resolved. This often indicates an unnecessary waterfall, which can slow down your app
2026-10-05T22:15:51.1480664Z   pw:browser [pid=3988][err] https://svelte.dev/e/await_waterfall font-weight: bold font-weight: normal", source: http://127.0.0.1:46213/cms/_app/immutable/chunks/BKzR2_uu.js (12) +0ms
2026-10-05T22:15:51.2507804Z   pw:browser [pid=3988][err] [1005/221551.249943:INFO:CONSOLE:12] "[svelte] await_waterfall
2026-10-05T22:15:51.2509653Z   pw:browser [pid=3988][err] An async derived, `loadedNavigation` (src/​lib/​ui/​WorkspaceShell.svelte:19:27) was not read immediately after it resolved. This often indicates an unnecessary waterfall, which can slow down your app
2026-10-05T22:15:51.2510484Z   pw:browser [pid=3988][err] https://svelte.dev/e/await_waterfall font-weight: bold font-weight: normal", source: http://127.0.0.1:46213/cms/_app/immutable/chunks/BKzR2_uu.js (12) +0ms
2026-10-05T22:15:51.3165868Z   pw:browser [pid=3988][err] [1005/221551.315912:INFO:CONSOLE:12] "[svelte] await_waterfall
2026-10-05T22:15:51.3169325Z   pw:browser [pid=3988][err] An async derived, `loadedNavigation` (src/​lib/​ui/​WorkspaceShell.svelte:19:27) was not read immediately after it resolved. This often indicates an unnecessary waterfall, which can slow down your app
2026-10-05T22:15:51.3170344Z   pw:browser [pid=3988][err] https://svelte.dev/e/await_waterfall font-weight: bold font-weight: normal", source: http://127.0.0.1:46213/cms/_app/immutable/chunks/BKzR2_uu.js (12) +0ms
2026-10-05T22:15:51.3837278Z   pw:browser [pid=3988][err] [1005/221551.383189:INFO:CONSOLE:12] "[svelte] await_waterfall
2026-10-05T22:15:51.3838691Z   pw:browser [pid=3988][err] An async derived, `loadedNavigation` (src/​lib/​ui/​WorkspaceShell.svelte:19:27) was not read immediately after it resolved. This often indicates an unnecessary waterfall, which can slow down your app
2026-10-05T22:15:51.3839961Z   pw:browser [pid=3988][err] https://svelte.dev/e/await_waterfall font-weight: bold font-weight: normal", source: http://127.0.0.1:46213/cms/_app/immutable/chunks/BKzR2_uu.js (12) +0ms
2026-10-05T22:15:51.5588404Z   pw:browser [pid=3988][err] [1005/221551.558210:INFO:CONSOLE:12] "[svelte] await_waterfall
2026-10-05T22:15:51.5589999Z   pw:browser [pid=3988][err] An async derived, `loadedNavigation` (src/​lib/​ui/​WorkspaceShell.svelte:19:27) was not read immediately after it resolved. This often indicates an unnecessary waterfall, which can slow down your app
2026-10-05T22:15:51.5590922Z   pw:browser [pid=3988][err] https://svelte.dev/e/await_waterfall font-weight: bold font-weight: normal", source: http://127.0.0.1:46213/cms/_app/immutable/chunks/BKzR2_uu.js (12) +0ms
2026-10-05T22:15:51.9490810Z   pw:browser [pid=3988][err] [1005/221551.948320:INFO:CONSOLE:12] "Avoid using `history.pushState(...)` and `history.replaceState(...)` as these will conflict with SvelteKit's router. Use the `pushState` and `replaceState` imports from `$app/navigation` instead.", source: http://127.0.0.1:36607/cms/_app/immutable/chunks/BKzR2_uu.js (12) +390ms
2026-10-05T22:15:51.9821239Z   pw:browser [pid=3988][err] [1005/221551.980982:INFO:CONSOLE:12] "[svelte] await_waterfall
2026-10-05T22:15:51.9822792Z   pw:browser [pid=3988][err] An async derived, `loadedNavigation` (src/​lib/​ui/​WorkspaceShell.svelte:19:27) was not read immediately after it resolved. This often indicates an unnecessary waterfall, which can slow down your app
2026-10-05T22:15:51.9823858Z   pw:browser [pid=3988][err] https://svelte.dev/e/await_waterfall font-weight: bold font-weight: normal", source: http://127.0.0.1:36607/cms/_app/immutable/chunks/BKzR2_uu.js (12) +0ms
2026-10-05T22:16:00.5645673Z   pw:browser [pid=3988][err] [1005/221600.563374:INFO:CONSOLE:934] "[vite] connecting...", source: http://127.0.0.1:34873/@vite/client (934) +9s
2026-10-05T22:16:00.5669597Z   pw:browser [pid=3988][err] [1005/221600.566325:INFO:CONSOLE:1047] "[vite] connected.", source: http://127.0.0.1:34873/@vite/client (1047) +3ms
2026-10-05T22:16:17.0450133Z   pw:browser [pid=3988][err] [1005/221617.036381:INFO:CONSOLE:934] "[vite] connecting...", source: http://127.0.0.1:32931/@vite/client (934) +16s
2026-10-05T22:16:17.0559614Z   pw:browser [pid=3988][err] [1005/221617.051339:INFO:CONSOLE:1047] "[vite] connected.", source: http://127.0.0.1:32931/@vite/client (1047) +10ms
2026-10-05T22:16:17.0924858Z   pw:browser [pid=3988][err] [1005/221617.091519:INFO:CONSOLE:25] "[svelte] await_waterfall
2026-10-05T22:16:17.0926730Z   pw:browser [pid=3988][err] An async derived, `loadedNavigation` (src/​lib/​ui/​WorkspaceShell.svelte:19:27) was not read immediately after it resolved. This often indicates an unnecessary waterfall, which can slow down your app
2026-10-05T22:16:17.0928502Z   pw:browser [pid=3988][err] https://svelte.dev/e/await_waterfall font-weight: bold font-weight: normal", source: http://127.0.0.1:32931/@fs/tmp/cms-workspace-vite-DvUGQk/deps/warnings-DKDLWUBC.js?v=27708546 (25) +0ms
2026-10-05T22:16:17.1773954Z   pw:browser [pid=3988][err] [1005/221617.175929:INFO:CONSOLE:934] "[vite] connecting...", source: http://127.0.0.1:32931/@vite/client (934) +84ms
2026-10-05T22:16:17.1830202Z   pw:browser [pid=3988][err] [1005/221617.182204:INFO:CONSOLE:1047] "[vite] connected.", source: http://127.0.0.1:32931/@vite/client (1047) +6ms
2026-10-05T22:16:17.1993056Z   pw:browser [pid=3988][err] [1005/221617.198712:INFO:CONSOLE:25] "[svelte] await_waterfall
2026-10-05T22:16:17.1994639Z   pw:browser [pid=3988][err] An async derived, `loadedNavigation` (src/​lib/​ui/​WorkspaceShell.svelte:19:27) was not read immediately after it resolved. This often indicates an unnecessary waterfall, which can slow down your app
2026-10-05T22:16:17.1996150Z   pw:browser [pid=3988][err] https://svelte.dev/e/await_waterfall font-weight: bold font-weight: normal", source: http://127.0.0.1:32931/@fs/tmp/cms-workspace-vite-DvUGQk/deps/warnings-DKDLWUBC.js?v=27708546 (25) +0ms
2026-10-05T22:16:17.3453318Z   pw:browser [pid=3988][err] [1005/221617.344573:INFO:CONSOLE:934] "[vite] connecting...", source: http://127.0.0.1:32931/@vite/client (934) +146ms
2026-10-05T22:16:17.3776313Z   pw:browser [pid=3988][err] [1005/221617.376368:INFO:CONSOLE:1047] "[vite] connected.", source: http://127.0.0.1:32931/@vite/client (1047) +33ms
2026-10-05T22:16:17.3929262Z   pw:browser [pid=3988][err] [1005/221617.392365:INFO:CONSOLE:25] "[svelte] await_waterfall
2026-10-05T22:16:17.3930744Z   pw:browser [pid=3988][err] An async derived, `loadedNavigation` (src/​lib/​ui/​WorkspaceShell.svelte:19:27) was not read immediately after it resolved. This often indicates an unnecessary waterfall, which can slow down your app
2026-10-05T22:16:17.3933246Z   pw:browser [pid=3988][err] https://svelte.dev/e/await_waterfall font-weight: bold font-weight: normal", source: http://127.0.0.1:32931/@fs/tmp/cms-workspace-vite-DvUGQk/deps/warnings-DKDLWUBC.js?v=27708546 (25) +0ms
2026-10-05T22:16:36.7894275Z   pw:browser [pid=3988] <gracefully close start> +19s
2026-10-05T22:16:36.8023604Z   pw:browser [pid=3988] <process did exit: exitCode=0, signal=null> +13ms
2026-10-05T22:16:36.8024109Z   pw:browser [pid=3988] starting temporary directories cleanup +0ms
2026-10-05T22:16:36.8040283Z   pw:browser [pid=3988] finished temporary directories cleanup +1ms
2026-10-05T22:16:36.8041015Z   pw:browser [pid=3988] <gracefully close end> +0ms
2026-10-05T22:16:36.8786804Z 2026-10-05T22:16:36.878Z pw:webserver Terminating the WebServer
2026-10-05T22:16:36.8866301Z 2026-10-05T22:16:36.886Z pw:webserver Terminated the WebServer
2026-10-05T22:16:36.8866775Z 2026-10-05T22:16:36.886Z pw:webserver Terminating the WebServer
2026-10-05T22:16:36.8940135Z 2026-10-05T22:16:36.893Z pw:webserver Terminated the WebServer
2026-10-05T22:16:36.8947131Z ·································································
2026-10-05T22:16:36.8951369Z   65 passed (1.6m)
2026-10-05T22:16:36.8968423Z ##[notice]  65 passed (1.6m)
2026-10-05T22:16:36.9740969Z ##[group]Run pnpm build:node
2026-10-05T22:16:36.9741229Z [36;1mpnpm build:node[0m
2026-10-05T22:16:36.9771596Z shell: /usr/bin/bash -e {0}
2026-10-05T22:16:36.9771740Z env:
2026-10-05T22:16:36.9771886Z   PNPM_HOME: /home/runner/setup-pnpm/node_modules/.bin
2026-10-05T22:16:36.9772167Z ##[endgroup]
2026-10-05T22:16:36.9899364Z $ SVELTERY_ADAPTER=node vite build && node scripts/build-revision-maintenance.mjs node && node scripts/build-doctor.mjs
2026-10-05T22:16:37.3653410Z [36mvite v8.3.2 [32mbuilding ssr environment for production...[36m[39m
2026-10-05T22:16:37.4105481Z transforming...
2026-10-05T22:16:38.1575624Z ✓ 745 modules transformed.
2026-10-05T22:16:38.2220681Z rendering chunks...
2026-10-05T22:16:38.9207790Z [36mvite v8.3.2 [32mbuilding client environment for production...[36m[39m
2026-10-05T22:16:38.9249553Z transforming...
2026-10-05T22:16:39.6291866Z ✓ 742 modules transformed.
2026-10-05T22:16:39.6901822Z rendering chunks...
2026-10-05T22:16:39.7869467Z computing gzip size...
2026-10-05T22:16:39.7950382Z .svelte-kit/output/client/_app/version.json                                       0.02 kB │ gzip:   0.04 kB
2026-10-05T22:16:39.7951160Z .svelte-kit/output/client/.vite/manifest.json                                    18.53 kB │ gzip:   2.19 kB
2026-10-05T22:16:39.7951968Z .svelte-kit/output/client/_app/immutable/assets/24.DrcXZYa3.css                   0.17 kB │ gzip:   0.13 kB
2026-10-05T22:16:39.7952772Z .svelte-kit/output/client/_app/immutable/assets/MenuDialog.CSb6g0e0.css           0.20 kB │ gzip:   0.17 kB
2026-10-05T22:16:39.7953338Z .svelte-kit/output/client/_app/immutable/assets/7.Dcp-D_B2.css                    0.22 kB │ gzip:   0.15 kB
2026-10-05T22:16:39.7953792Z .svelte-kit/output/client/_app/immutable/assets/25.gKqYElxg.css                   0.36 kB │ gzip:   0.22 kB
2026-10-05T22:16:39.7954252Z .svelte-kit/output/client/_app/immutable/assets/DraftPreview.fwW3PV90.css         0.48 kB │ gzip:   0.25 kB
2026-10-05T22:16:39.7954719Z .svelte-kit/output/client/_app/immutable/assets/19.CyTVIvfE.css                   0.54 kB │ gzip:   0.26 kB
2026-10-05T22:16:39.7955165Z .svelte-kit/output/client/_app/immutable/assets/9.CVJ5M564.css                    0.57 kB │ gzip:   0.29 kB
2026-10-05T22:16:39.7955619Z .svelte-kit/output/client/_app/immutable/assets/17.B4jjrLtW.css                   0.68 kB │ gzip:   0.31 kB
2026-10-05T22:16:39.7956072Z .svelte-kit/output/client/_app/immutable/assets/14.CccxuyKJ.css                   0.70 kB │ gzip:   0.35 kB
2026-10-05T22:16:39.7956535Z .svelte-kit/output/client/_app/immutable/assets/ContentTypeEditor.BP8dJX1x.css    1.57 kB │ gzip:   0.55 kB
2026-10-05T22:16:39.7957220Z .svelte-kit/output/client/_app/immutable/assets/18.DYOooGE9.css                   1.60 kB │ gzip:   0.40 kB
2026-10-05T22:16:39.7957913Z .svelte-kit/output/client/_app/immutable/assets/15.C1Ra8cmf.css                   2.18 kB │ gzip:   0.68 kB
2026-10-05T22:16:39.7958753Z .svelte-kit/output/client/_app/immutable/assets/16.CvGkr_1p.css                   2.27 kB │ gzip:   0.85 kB
2026-10-05T22:16:39.7959511Z .svelte-kit/output/client/_app/immutable/assets/admin.CSBm7Oz-.css                2.57 kB │ gzip:   0.88 kB
2026-10-05T22:16:39.7960288Z .svelte-kit/output/client/_app/immutable/assets/8.D2HNaFcR.css                    3.13 kB │ gzip:   0.93 kB
2026-10-05T22:16:39.7961375Z .svelte-kit/output/client/_app/immutable/assets/WorkspaceShell.CG4u5kwz.css      37.08 kB │ gzip:   5.01 kB
2026-10-05T22:16:39.7962217Z .svelte-kit/output/client/_app/immutable/assets/EditorForm.B0LBbpI5.css         144.85 kB │ gzip:  23.99 kB
2026-10-05T22:16:39.7962950Z .svelte-kit/output/client/_app/immutable/chunks/DmczzCN6.js                       0.02 kB │ gzip:   0.04 kB
2026-10-05T22:16:39.7963740Z .svelte-kit/output/client/_app/immutable/nodes/0.DxrFE0f_.js                      0.06 kB │ gzip:   0.08 kB
2026-10-05T22:16:39.7964525Z .svelte-kit/output/client/_app/immutable/nodes/2.DxrFE0f_.js                      0.06 kB │ gzip:   0.08 kB
2026-10-05T22:16:39.7965492Z .svelte-kit/output/client/_app/immutable/nodes/3.DxrFE0f_.js                      0.06 kB │ gzip:   0.08 kB
2026-10-05T22:16:39.7966303Z .svelte-kit/output/client/_app/immutable/nodes/4.DxrFE0f_.js                      0.06 kB │ gzip:   0.08 kB
2026-10-05T22:16:39.7967175Z .svelte-kit/output/client/_app/immutable/nodes/6.DxrFE0f_.js                      0.06 kB │ gzip:   0.08 kB
2026-10-05T22:16:39.7967809Z .svelte-kit/output/client/_app/immutable/entry/start.DG0y_0jl.js                  0.08 kB │ gzip:   0.09 kB
2026-10-05T22:16:39.7968548Z .svelte-kit/output/client/_app/immutable/chunks/Ccner0Qj.js                       0.10 kB │ gzip:   0.11 kB
2026-10-05T22:16:39.7969108Z .svelte-kit/output/client/_app/immutable/chunks/DunHv0dH.js                       0.15 kB │ gzip:   0.14 kB
2026-10-05T22:16:39.7969547Z .svelte-kit/output/client/_app/immutable/chunks/Bp6CoYnG.js                       0.15 kB │ gzip:   0.14 kB
2026-10-05T22:16:39.7970000Z .svelte-kit/output/client/_app/immutable/chunks/BeMOnYEs.js                       0.25 kB │ gzip:   0.19 kB
2026-10-05T22:16:39.7970442Z .svelte-kit/output/client/_app/immutable/chunks/yISm4NCE.js                       0.29 kB │ gzip:   0.16 kB
2026-10-05T22:16:39.7970881Z .svelte-kit/output/client/_app/immutable/chunks/T5ymJMyp.js                       0.34 kB │ gzip:   0.19 kB
2026-10-05T22:16:39.7971331Z .svelte-kit/output/client/_app/immutable/nodes/1.Bzj8Leh3.js                      0.35 kB │ gzip:   0.25 kB
2026-10-05T22:16:39.7971770Z .svelte-kit/output/client/_app/immutable/chunks/CfoWwvBn.js                       0.44 kB │ gzip:   0.21 kB
2026-10-05T22:16:39.7972231Z .svelte-kit/output/client/_app/immutable/nodes/5.52ydUlfu.js                      0.47 kB │ gzip:   0.30 kB
2026-10-05T22:16:39.7972674Z .svelte-kit/output/client/_app/immutable/chunks/CVxkVKuJ.js                       0.66 kB │ gzip:   0.44 kB
2026-10-05T22:16:39.7973118Z .svelte-kit/output/client/_app/immutable/nodes/21.n6mqfS_C.js                     1.12 kB │ gzip:   0.69 kB
2026-10-05T22:16:39.7973561Z .svelte-kit/output/client/_app/immutable/chunks/Bjy-W4x2.js                       1.36 kB │ gzip:   0.65 kB
2026-10-05T22:16:39.7974001Z .svelte-kit/output/client/_app/immutable/chunks/BaNbYf_w.js                       1.39 kB │ gzip:   0.75 kB
2026-10-05T22:16:39.7974441Z .svelte-kit/output/client/_app/immutable/chunks/CuFtG3in.js                       1.51 kB │ gzip:   0.76 kB
2026-10-05T22:16:39.7974882Z .svelte-kit/output/client/_app/immutable/nodes/7.DM12j0Sa.js                      1.86 kB │ gzip:   1.03 kB
2026-10-05T22:16:39.7975325Z .svelte-kit/output/client/_app/immutable/nodes/20.B-HVzGf8.js                     1.89 kB │ gzip:   1.00 kB
2026-10-05T22:16:39.7975983Z .svelte-kit/output/client/_app/immutable/chunks/SErdhdNz.js                       1.97 kB │ gzip:   0.75 kB
2026-10-05T22:16:39.7976547Z .svelte-kit/output/client/_app/immutable/chunks/DpQiZ1xC.js                       2.45 kB │ gzip:   1.26 kB
2026-10-05T22:16:39.7977066Z .svelte-kit/output/client/_app/immutable/chunks/CUJkI13R.js                       2.82 kB │ gzip:   1.23 kB
2026-10-05T22:16:39.7977823Z .svelte-kit/output/client/_app/immutable/nodes/11.DWHTuUgq.js                     3.00 kB │ gzip:   1.36 kB
2026-10-05T22:16:39.7978694Z .svelte-kit/output/client/_app/immutable/nodes/24.R6mgs1hA.js                     3.08 kB │ gzip:   1.53 kB
2026-10-05T22:16:39.7979569Z .svelte-kit/output/client/_app/immutable/chunks/CAfe62dD.js                       3.17 kB │ gzip:   1.30 kB
2026-10-05T22:16:39.7980299Z .svelte-kit/output/client/_app/immutable/nodes/13.X6S-aEGN.js                     3.42 kB │ gzip:   1.65 kB
2026-10-05T22:16:39.7981036Z .svelte-kit/output/client/_app/immutable/chunks/bQZV-NU0.js                       3.51 kB │ gzip:   1.20 kB
2026-10-05T22:16:39.7981796Z .svelte-kit/output/client/_app/immutable/chunks/BxJqGLvY.js                       3.92 kB │ gzip:   1.21 kB
2026-10-05T22:16:39.7982532Z .svelte-kit/output/client/_app/immutable/nodes/9.jzYcVfsa.js                      4.33 kB │ gzip:   1.95 kB
2026-10-05T22:16:39.7983448Z .svelte-kit/output/client/_app/immutable/nodes/17.DPuv_n2X.js                     5.35 kB │ gzip:   2.18 kB
2026-10-05T22:16:39.7984228Z .svelte-kit/output/client/_app/immutable/nodes/12.KqU3fsI7.js                     5.90 kB │ gzip:   2.00 kB
2026-10-05T22:16:39.7985028Z .svelte-kit/output/client/_app/immutable/nodes/23.B7kUO2O-.js                     5.91 kB │ gzip:   2.63 kB
2026-10-05T22:16:39.7985805Z .svelte-kit/output/client/_app/immutable/nodes/14.C7vqg1dH.js                     6.03 kB │ gzip:   2.51 kB
2026-10-05T22:16:39.7986570Z .svelte-kit/output/client/_app/immutable/nodes/10.7n9fXoR-.js                     6.14 kB │ gzip:   2.17 kB
2026-10-05T22:16:39.7987302Z .svelte-kit/output/client/_app/immutable/nodes/25.C8a0Tz2T.js                     6.49 kB │ gzip:   2.65 kB
2026-10-05T22:16:39.7988223Z .svelte-kit/output/client/_app/immutable/nodes/19.ZYgqZC-1.js                     7.85 kB │ gzip:   3.23 kB
2026-10-05T22:16:39.7988989Z .svelte-kit/output/client/_app/immutable/nodes/22.B1JguxV7.js                     8.10 kB │ gzip:   3.36 kB
2026-10-05T22:16:39.7989699Z .svelte-kit/output/client/_app/immutable/entry/app.DAFjTUnW.js                    9.50 kB │ gzip:   3.05 kB
2026-10-05T22:16:39.7990463Z .svelte-kit/output/client/_app/immutable/nodes/26.DaEVJjar.js                    13.95 kB │ gzip:   5.13 kB
2026-10-05T22:16:39.7991230Z .svelte-kit/output/client/_app/immutable/nodes/16.DKMqW_RZ.js                    14.47 kB │ gzip:   5.05 kB
2026-10-05T22:16:39.7991974Z .svelte-kit/output/client/_app/immutable/nodes/8.C5xYb6rh.js                     15.61 kB │ gzip:   5.44 kB
2026-10-05T22:16:39.7992780Z .svelte-kit/output/client/_app/immutable/chunks/BhDk8hoX.js                      16.72 kB │ gzip:   6.39 kB
2026-10-05T22:16:39.7993575Z .svelte-kit/output/client/_app/immutable/nodes/18.ibW1h1TZ.js                    17.87 kB │ gzip:   4.99 kB
2026-10-05T22:16:39.7994367Z .svelte-kit/output/client/_app/immutable/chunks/DHfPlv2j.js                      32.96 kB │ gzip:  13.28 kB
2026-10-05T22:16:39.7995133Z .svelte-kit/output/client/_app/immutable/chunks/Vq6eFA8E.js                      39.95 kB │ gzip:  12.03 kB
2026-10-05T22:16:39.7995842Z .svelte-kit/output/client/_app/immutable/chunks/Dg5UKN1C.js                      43.62 kB │ gzip:  15.99 kB
2026-10-05T22:16:39.7996552Z .svelte-kit/output/client/_app/immutable/nodes/15.CqCAVY73.js                    50.85 kB │ gzip:  15.82 kB
2026-10-05T22:16:39.7997273Z .svelte-kit/output/client/_app/immutable/chunks/7mCf775m.js                      59.08 kB │ gzip:  22.35 kB
2026-10-05T22:16:39.7998002Z .svelte-kit/output/client/_app/immutable/chunks/ZTXzO8Ma.js                     471.30 kB │ gzip: 163.86 kB
2026-10-05T22:16:39.7998977Z .svelte-kit/output/client/_app/immutable/chunks/Bia8bfdk.js                     796.56 kB │ gzip: 255.77 kB
2026-10-05T22:16:39.7999321Z 
2026-10-05T22:16:39.8000619Z [33m[33m[MODULE_LEVEL_DIRECTIVE] [0mThe semantics of the module level directive "use client" in "node_modules/.pnpm/@tanstack+react-query@5.90.21_react@19.3.0/node_modules/@tanstack/react-query/build/modern/useSuspenseQuery.js" may not be preserved when bundling.
2026-10-05T22:16:39.8002239Z    [38;5;246m╭[0m[38;5;246m─[0m[38;5;246m[[0m node_modules/.pnpm/@tanstack+react-query@5.90.21_react@19.3.0/node_modules/@tanstack/react-query/build/modern/useSuspenseQuery.js:1:1 [38;5;246m][0m
2026-10-05T22:16:39.8003040Z    [38;5;246m│[0m
2026-10-05T22:16:39.8003291Z  [38;5;246m1 │[0m "use client";
2026-10-05T22:16:39.8003585Z  [38;5;240m  │[0m ──────┬──────  
2026-10-05T22:16:39.8004009Z  [38;5;240m  │[0m       ╰──────── module level directive may not be preserved
2026-10-05T22:16:39.8004357Z  [38;5;240m  │[0m 
2026-10-05T22:16:39.8004920Z  [38;5;240m  │[0m [38;5;115mHelp[0m: For more information, see https://rolldown.rs/in-depth/directives#other-directives
2026-10-05T22:16:39.8005431Z [38;5;246m───╯[0m
2026-10-05T22:16:39.8005630Z [39m
2026-10-05T22:16:39.8005889Z [33m[plugin builtin:vite-reporter] 
2026-10-05T22:16:39.8006356Z (!) Some chunks are larger than 500 kB after minification. Consider:
2026-10-05T22:16:39.8006782Z - Using dynamic import() to code-split the application
2026-10-05T22:16:39.8007498Z - Use build.rolldownOptions.output.codeSplitting to improve chunking: https://rolldown.rs/reference/OutputOptions.codeSplitting
2026-10-05T22:16:39.8008430Z - Adjust chunk size limit for this warning via build.chunkSizeWarningLimit.[39m
2026-10-05T22:16:39.8009878Z [33m[33m[MODULE_LEVEL_DIRECTIVE] [0mThe semantics of the module level directive "use client" in "node_modules/.pnpm/@tanstack+react-query@5.90.21_react@19.3.0/node_modules/@tanstack/react-query/build/modern/useSuspenseQueries.js" may not be preserved when bundling.
2026-10-05T22:16:39.8011485Z    [38;5;246m╭[0m[38;5;246m─[0m[38;5;246m[[0m node_modules/.pnpm/@tanstack+react-query@5.90.21_react@19.3.0/node_modules/@tanstack/react-query/build/modern/useSuspenseQueries.js:1:1 [38;5;246m][0m
2026-10-05T22:16:39.8012186Z    [38;5;246m│[0m
2026-10-05T22:16:39.8012438Z  [38;5;246m1 │[0m "use client";
2026-10-05T22:16:39.8012726Z  [38;5;240m  │[0m ──────┬──────  
2026-10-05T22:16:39.8013134Z  [38;5;240m  │[0m       ╰──────── module level directive may not be preserved
2026-10-05T22:16:39.8013472Z  [38;5;240m  │[0m 
2026-10-05T22:16:39.8014015Z  [38;5;240m  │[0m [38;5;115mHelp[0m: For more information, see https://rolldown.rs/in-depth/directives#other-directives
2026-10-05T22:16:39.8014456Z [38;5;246m───╯[0m
2026-10-05T22:16:39.8014648Z [39m
2026-10-05T22:16:39.8015878Z [33m[33m[MODULE_LEVEL_DIRECTIVE] [0mThe semantics of the module level directive "use client" in "node_modules/.pnpm/@tanstack+react-query@5.90.21_react@19.3.0/node_modules/@tanstack/react-query/build/modern/IsRestoringProvider.js" may not be preserved when bundling.
2026-10-05T22:16:39.8017421Z    [38;5;246m╭[0m[38;5;246m─[0m[38;5;246m[[0m node_modules/.pnpm/@tanstack+react-query@5.90.21_react@19.3.0/node_modules/@tanstack/react-query/build/modern/IsRestoringProvider.js:1:1 [38;5;246m][0m
2026-10-05T22:16:39.8018210Z    [38;5;246m│[0m
2026-10-05T22:16:39.8018439Z  [38;5;246m1 │[0m "use client";
2026-10-05T22:16:39.8018705Z  [38;5;240m  │[0m ──────┬──────  
2026-10-05T22:16:39.8019085Z  [38;5;240m  │[0m       ╰──────── module level directive may not be preserved
2026-10-05T22:16:39.8019424Z  [38;5;240m  │[0m 
2026-10-05T22:16:39.8019959Z  [38;5;240m  │[0m [38;5;115mHelp[0m: For more information, see https://rolldown.rs/in-depth/directives#other-directives
2026-10-05T22:16:39.8020434Z [38;5;246m───╯[0m
2026-10-05T22:16:39.8020616Z [39m
2026-10-05T22:16:39.8021719Z [33m[33m[MODULE_LEVEL_DIRECTIVE] [0mThe semantics of the module level directive "use client" in "node_modules/.pnpm/@tanstack+react-query@5.90.21_react@19.3.0/node_modules/@tanstack/react-query/build/modern/useQuery.js" may not be preserved when bundling.
2026-10-05T22:16:39.8022787Z    [38;5;246m╭[0m[38;5;246m─[0m[38;5;246m[[0m node_modules/.pnpm/@tanstack+react-query@5.90.21_react@19.3.0/node_modules/@tanstack/react-query/build/modern/useQuery.js:1:1 [38;5;246m][0m
2026-10-05T22:16:39.8023167Z    [38;5;246m│[0m
2026-10-05T22:16:39.8023315Z  [38;5;246m1 │[0m "use client";
2026-10-05T22:16:39.8023496Z  [38;5;240m  │[0m ──────┬──────  
2026-10-05T22:16:39.8023852Z  [38;5;240m  │[0m       ╰──────── module level directive may not be preserved
2026-10-05T22:16:39.8024123Z  [38;5;240m  │[0m 
2026-10-05T22:16:39.8024606Z  [38;5;240m  │[0m [38;5;115mHelp[0m: For more information, see https://rolldown.rs/in-depth/directives#other-directives
2026-10-05T22:16:39.8025065Z [38;5;246m───╯[0m
2026-10-05T22:16:39.8025262Z [39m
2026-10-05T22:16:39.8026284Z [33m[33m[MODULE_LEVEL_DIRECTIVE] [0mThe semantics of the module level directive "use client" in "node_modules/.pnpm/@tanstack+react-query@5.90.21_react@19.3.0/node_modules/@tanstack/react-query/build/modern/useQueries.js" may not be preserved when bundling.
2026-10-05T22:16:39.8027195Z    [38;5;246m╭[0m[38;5;246m─[0m[38;5;246m[[0m node_modules/.pnpm/@tanstack+react-query@5.90.21_react@19.3.0/node_modules/@tanstack/react-query/build/modern/useQueries.js:1:1 [38;5;246m][0m
2026-10-05T22:16:39.8027574Z    [38;5;246m│[0m
2026-10-05T22:16:39.8027725Z  [38;5;246m1 │[0m "use client";
2026-10-05T22:16:39.8027902Z  [38;5;240m  │[0m ──────┬──────  
2026-10-05T22:16:39.8028300Z  [38;5;240m  │[0m       ╰──────── module level directive may not be preserved
2026-10-05T22:16:39.8028504Z  [38;5;240m  │[0m 
2026-10-05T22:16:39.8028820Z  [38;5;240m  │[0m [38;5;115mHelp[0m: For more information, see https://rolldown.rs/in-depth/directives#other-directives
2026-10-05T22:16:39.8029102Z [38;5;246m───╯[0m
2026-10-05T22:16:39.8029224Z [39m
2026-10-05T22:16:39.8029937Z [33m[33m[MODULE_LEVEL_DIRECTIVE] [0mThe semantics of the module level directive "use client" in "node_modules/.pnpm/@tanstack+react-query@5.90.21_react@19.3.0/node_modules/@tanstack/react-query/build/modern/useSuspenseInfiniteQuery.js" may not be preserved when bundling.
2026-10-05T22:16:39.8030865Z    [38;5;246m╭[0m[38;5;246m─[0m[38;5;246m[[0m node_modules/.pnpm/@tanstack+react-query@5.90.21_react@19.3.0/node_modules/@tanstack/react-query/build/modern/useSuspenseInfiniteQuery.js:1:1 [38;5;246m][0m
2026-10-05T22:16:39.8031282Z    [38;5;246m│[0m
2026-10-05T22:16:39.8031426Z  [38;5;246m1 │[0m "use client";
2026-10-05T22:16:39.8031599Z  [38;5;240m  │[0m ──────┬──────  
2026-10-05T22:16:39.8031832Z  [38;5;240m  │[0m       ╰──────── module level directive may not be preserved
2026-10-05T22:16:39.8032028Z  [38;5;240m  │[0m 
2026-10-05T22:16:39.8032343Z  [38;5;240m  │[0m [38;5;115mHelp[0m: For more information, see https://rolldown.rs/in-depth/directives#other-directives
2026-10-05T22:16:39.8032624Z [38;5;246m───╯[0m
2026-10-05T22:16:39.8032741Z [39m
2026-10-05T22:16:39.8033449Z [33m[33m[MODULE_LEVEL_DIRECTIVE] [0mThe semantics of the module level directive "use client" in "node_modules/.pnpm/@tanstack+react-query@5.90.21_react@19.3.0/node_modules/@tanstack/react-query/build/modern/QueryErrorResetBoundary.js" may not be preserved when bundling.
2026-10-05T22:16:39.8034353Z    [38;5;246m╭[0m[38;5;246m─[0m[38;5;246m[[0m node_modules/.pnpm/@tanstack+react-query@5.90.21_react@19.3.0/node_modules/@tanstack/react-query/build/modern/QueryErrorResetBoundary.js:1:1 [38;5;246m][0m
2026-10-05T22:16:39.8034763Z    [38;5;246m│[0m
2026-10-05T22:16:39.8034908Z  [38;5;246m1 │[0m "use client";
2026-10-05T22:16:39.8035074Z  [38;5;240m  │[0m ──────┬──────  
2026-10-05T22:16:39.8035305Z  [38;5;240m  │[0m       ╰──────── module level directive may not be preserved
2026-10-05T22:16:39.8035503Z  [38;5;240m  │[0m 
2026-10-05T22:16:39.8035816Z  [38;5;240m  │[0m [38;5;115mHelp[0m: For more information, see https://rolldown.rs/in-depth/directives#other-directives
2026-10-05T22:16:39.8036096Z [38;5;246m───╯[0m
2026-10-05T22:16:39.8036219Z [39m
2026-10-05T22:16:39.8036912Z [33m[33m[MODULE_LEVEL_DIRECTIVE] [0mThe semantics of the module level directive "use client" in "node_modules/.pnpm/@tanstack+react-query@5.90.21_react@19.3.0/node_modules/@tanstack/react-query/build/modern/QueryClientProvider.js" may not be preserved when bundling.
2026-10-05T22:16:39.8037795Z    [38;5;246m╭[0m[38;5;246m─[0m[38;5;246m[[0m node_modules/.pnpm/@tanstack+react-query@5.90.21_react@19.3.0/node_modules/@tanstack/react-query/build/modern/QueryClientProvider.js:1:1 [38;5;246m][0m
2026-10-05T22:16:39.8038367Z    [38;5;246m│[0m
2026-10-05T22:16:39.8038511Z  [38;5;246m1 │[0m "use client";
2026-10-05T22:16:39.8038684Z  [38;5;240m  │[0m ──────┬──────  
2026-10-05T22:16:39.8038916Z  [38;5;240m  │[0m       ╰──────── module level directive may not be preserved
2026-10-05T22:16:39.8039118Z  [38;5;240m  │[0m 
2026-10-05T22:16:39.8039435Z  [38;5;240m  │[0m [38;5;115mHelp[0m: For more information, see https://rolldown.rs/in-depth/directives#other-directives
2026-10-05T22:16:39.8039716Z [38;5;246m───╯[0m
2026-10-05T22:16:39.8039834Z [39m
2026-10-05T22:16:39.8040554Z [33m[33m[MODULE_LEVEL_DIRECTIVE] [0mThe semantics of the module level directive "use client" in "node_modules/.pnpm/@tanstack+react-query@5.90.21_react@19.3.0/node_modules/@tanstack/react-query/build/modern/useIsFetching.js" may not be preserved when bundling.
2026-10-05T22:16:39.8041409Z    [38;5;246m╭[0m[38;5;246m─[0m[38;5;246m[[0m node_modules/.pnpm/@tanstack+react-query@5.90.21_react@19.3.0/node_modules/@tanstack/react-query/build/modern/useIsFetching.js:1:1 [38;5;246m][0m
2026-10-05T22:16:39.8041789Z    [38;5;246m│[0m
2026-10-05T22:16:39.8041934Z  [38;5;246m1 │[0m "use client";
2026-10-05T22:16:39.8042104Z  [38;5;240m  │[0m ──────┬──────  
2026-10-05T22:16:39.8042337Z  [38;5;240m  │[0m       ╰──────── module level directive may not be preserved
2026-10-05T22:16:39.8042538Z  [38;5;240m  │[0m 
2026-10-05T22:16:39.8042851Z  [38;5;240m  │[0m [38;5;115mHelp[0m: For more information, see https://rolldown.rs/in-depth/directives#other-directives
2026-10-05T22:16:39.8043132Z [38;5;246m───╯[0m
2026-10-05T22:16:39.8043258Z [39m
2026-10-05T22:16:39.8043937Z [33m[33m[MODULE_LEVEL_DIRECTIVE] [0mThe semantics of the module level directive "use client" in "node_modules/.pnpm/@tanstack+react-query@5.90.21_react@19.3.0/node_modules/@tanstack/react-query/build/modern/useInfiniteQuery.js" may not be preserved when bundling.
2026-10-05T22:16:39.8044817Z    [38;5;246m╭[0m[38;5;246m─[0m[38;5;246m[[0m node_modules/.pnpm/@tanstack+react-query@5.90.21_react@19.3.0/node_modules/@tanstack/react-query/build/modern/useInfiniteQuery.js:1:1 [38;5;246m][0m
2026-10-05T22:16:39.8045205Z    [38;5;246m│[0m
2026-10-05T22:16:39.8045346Z  [38;5;246m1 │[0m "use client";
2026-10-05T22:16:39.8045516Z  [38;5;240m  │[0m ──────┬──────  
2026-10-05T22:16:39.8045745Z  [38;5;240m  │[0m       ╰──────── module level directive may not be preserved
2026-10-05T22:16:39.8045940Z  [38;5;240m  │[0m 
2026-10-05T22:16:39.8046253Z  [38;5;240m  │[0m [38;5;115mHelp[0m: For more information, see https://rolldown.rs/in-depth/directives#other-directives
2026-10-05T22:16:39.8046538Z [38;5;246m───╯[0m
2026-10-05T22:16:39.8046655Z [39m
2026-10-05T22:16:39.8047337Z [33m[33m[MODULE_LEVEL_DIRECTIVE] [0mThe semantics of the module level directive "use client" in "node_modules/.pnpm/@tanstack+react-query@5.90.21_react@19.3.0/node_modules/@tanstack/react-query/build/modern/HydrationBoundary.js" may not be preserved when bundling.
2026-10-05T22:16:39.8048312Z    [38;5;246m╭[0m[38;5;246m─[0m[38;5;246m[[0m node_modules/.pnpm/@tanstack+react-query@5.90.21_react@19.3.0/node_modules/@tanstack/react-query/build/modern/HydrationBoundary.js:1:1 [38;5;246m][0m
2026-10-05T22:16:39.8048702Z    [38;5;246m│[0m
2026-10-05T22:16:39.8048847Z  [38;5;246m1 │[0m "use client";
2026-10-05T22:16:39.8049014Z  [38;5;240m  │[0m ──────┬──────  
2026-10-05T22:16:39.8049245Z  [38;5;240m  │[0m       ╰──────── module level directive may not be preserved
2026-10-05T22:16:39.8049443Z  [38;5;240m  │[0m 
2026-10-05T22:16:39.8049758Z  [38;5;240m  │[0m [38;5;115mHelp[0m: For more information, see https://rolldown.rs/in-depth/directives#other-directives
2026-10-05T22:16:39.8050058Z [38;5;246m───╯[0m
2026-10-05T22:16:39.8050178Z [39m
2026-10-05T22:16:39.8050843Z [33m[33m[MODULE_LEVEL_DIRECTIVE] [0mThe semantics of the module level directive "use client" in "node_modules/.pnpm/@tanstack+react-query@5.90.21_react@19.3.0/node_modules/@tanstack/react-query/build/modern/useMutation.js" may not be preserved when bundling.
2026-10-05T22:16:39.8051732Z    [38;5;246m╭[0m[38;5;246m─[0m[38;5;246m[[0m node_modules/.pnpm/@tanstack+react-query@5.90.21_react@19.3.0/node_modules/@tanstack/react-query/build/modern/useMutation.js:1:1 [38;5;246m][0m
2026-10-05T22:16:39.8052112Z    [38;5;246m│[0m
2026-10-05T22:16:39.8052254Z  [38;5;246m1 │[0m "use client";
2026-10-05T22:16:39.8052425Z  [38;5;240m  │[0m ──────┬──────  
2026-10-05T22:16:39.8052658Z  [38;5;240m  │[0m       ╰──────── module level directive may not be preserved
2026-10-05T22:16:39.8052853Z  [38;5;240m  │[0m 
2026-10-05T22:16:39.8053213Z  [38;5;240m  │[0m [38;5;115mHelp[0m: For more information, see https://rolldown.rs/in-depth/directives#other-directives
2026-10-05T22:16:39.8053492Z [38;5;246m───╯[0m
2026-10-05T22:16:39.8053609Z [39m
2026-10-05T22:16:39.8054291Z [33m[33m[MODULE_LEVEL_DIRECTIVE] [0mThe semantics of the module level directive "use client" in "node_modules/.pnpm/@tanstack+react-query@5.90.21_react@19.3.0/node_modules/@tanstack/react-query/build/modern/useMutationState.js" may not be preserved when bundling.
2026-10-05T22:16:39.8055154Z    [38;5;246m╭[0m[38;5;246m─[0m[38;5;246m[[0m node_modules/.pnpm/@tanstack+react-query@5.90.21_react@19.3.0/node_modules/@tanstack/react-query/build/modern/useMutationState.js:1:1 [38;5;246m][0m
2026-10-05T22:16:39.8055539Z    [38;5;246m│[0m
2026-10-05T22:16:39.8055685Z  [38;5;246m1 │[0m "use client";
2026-10-05T22:16:39.8055856Z  [38;5;240m  │[0m ──────┬──────  
2026-10-05T22:16:39.8056092Z  [38;5;240m  │[0m       ╰──────── module level directive may not be preserved
2026-10-05T22:16:39.8056290Z  [38;5;240m  │[0m 
2026-10-05T22:16:39.8056600Z  [38;5;240m  │[0m [38;5;115mHelp[0m: For more information, see https://rolldown.rs/in-depth/directives#other-directives
2026-10-05T22:16:39.8056882Z [38;5;246m───╯[0m
2026-10-05T22:16:39.8057002Z [39m
2026-10-05T22:16:39.8057686Z [33m[33m[MODULE_LEVEL_DIRECTIVE] [0mThe semantics of the module level directive "use client" in "node_modules/.pnpm/@tanstack+react-query@5.90.21_react@19.3.0/node_modules/@tanstack/react-query/build/modern/errorBoundaryUtils.js" may not be preserved when bundling.
2026-10-05T22:16:39.8058699Z    [38;5;246m╭[0m[38;5;246m─[0m[38;5;246m[[0m node_modules/.pnpm/@tanstack+react-query@5.90.21_react@19.3.0/node_modules/@tanstack/react-query/build/modern/errorBoundaryUtils.js:1:1 [38;5;246m][0m
2026-10-05T22:16:39.8059092Z    [38;5;246m│[0m
2026-10-05T22:16:39.8059234Z  [38;5;246m1 │[0m "use client";
2026-10-05T22:16:39.8059403Z  [38;5;240m  │[0m ──────┬──────  
2026-10-05T22:16:39.8059638Z  [38;5;240m  │[0m       ╰──────── module level directive may not be preserved
2026-10-05T22:16:39.8059832Z  [38;5;240m  │[0m 
2026-10-05T22:16:39.8060145Z  [38;5;240m  │[0m [38;5;115mHelp[0m: For more information, see https://rolldown.rs/in-depth/directives#other-directives
2026-10-05T22:16:39.8060468Z [38;5;246m───╯[0m
2026-10-05T22:16:39.8060583Z [39m
2026-10-05T22:16:39.8061247Z [33m[33m[MODULE_LEVEL_DIRECTIVE] [0mThe semantics of the module level directive "use client" in "node_modules/.pnpm/@tanstack+react-query@5.90.21_react@19.3.0/node_modules/@tanstack/react-query/build/modern/useBaseQuery.js" may not be preserved when bundling.
2026-10-05T22:16:39.8062088Z    [38;5;246m╭[0m[38;5;246m─[0m[38;5;246m[[0m node_modules/.pnpm/@tanstack+react-query@5.90.21_react@19.3.0/node_modules/@tanstack/react-query/build/modern/useBaseQuery.js:1:1 [38;5;246m][0m
2026-10-05T22:16:39.8062463Z    [38;5;246m│[0m
2026-10-05T22:16:39.8062606Z  [38;5;246m1 │[0m "use client";
2026-10-05T22:16:39.8062812Z  [38;5;240m  │[0m ──────┬──────  
2026-10-05T22:16:39.8063042Z  [38;5;240m  │[0m       ╰──────── module level directive may not be preserved
2026-10-05T22:16:39.8063238Z  [38;5;240m  │[0m 
2026-10-05T22:16:39.8063553Z  [38;5;240m  │[0m [38;5;115mHelp[0m: For more information, see https://rolldown.rs/in-depth/directives#other-directives
2026-10-05T22:16:39.8063832Z [38;5;246m───╯[0m
2026-10-05T22:16:39.8063953Z [39m
2026-10-05T22:16:39.8064091Z [32m✓ built in 877ms[39m
2026-10-05T22:16:40.3537847Z computing gzip size...
2026-10-05T22:16:40.3622365Z .svelte-kit/output/server/.vite/manifest.json                                                                  60.68 kB │ gzip:  5.78 kB
2026-10-05T22:16:40.3623226Z .svelte-kit/output/server/_app/immutable/assets/_page.DrcXZYa3.css                                              0.17 kB │ gzip:  0.13 kB
2026-10-05T22:16:40.3624121Z .svelte-kit/output/server/_app/immutable/assets/MenuDialog.CSb6g0e0.css                                         0.20 kB │ gzip:  0.17 kB
2026-10-05T22:16:40.3624671Z .svelte-kit/output/server/_app/immutable/assets/_page.Dcp-D_B2.css                                              0.22 kB │ gzip:  0.15 kB
2026-10-05T22:16:40.3625202Z .svelte-kit/output/server/_app/immutable/assets/_page.gKqYElxg.css                                              0.36 kB │ gzip:  0.22 kB
2026-10-05T22:16:40.3625764Z .svelte-kit/output/server/_app/immutable/assets/DraftPreview.fwW3PV90.css                                       0.48 kB │ gzip:  0.25 kB
2026-10-05T22:16:40.3626314Z .svelte-kit/output/server/_app/immutable/assets/_page.CyTVIvfE.css                                              0.54 kB │ gzip:  0.26 kB
2026-10-05T22:16:40.3626844Z .svelte-kit/output/server/_app/immutable/assets/_page.CVJ5M564.css                                              0.57 kB │ gzip:  0.29 kB
2026-10-05T22:16:40.3627378Z .svelte-kit/output/server/_app/immutable/assets/_page.B4jjrLtW.css                                              0.68 kB │ gzip:  0.31 kB
2026-10-05T22:16:40.3627909Z .svelte-kit/output/server/_app/immutable/assets/_page.CccxuyKJ.css                                              0.70 kB │ gzip:  0.35 kB
2026-10-05T22:16:40.3628625Z .svelte-kit/output/server/_app/immutable/assets/ContentTypeEditor.BP8dJX1x.css                                  1.57 kB │ gzip:  0.55 kB
2026-10-05T22:16:40.3629187Z .svelte-kit/output/server/_app/immutable/assets/_page.DYOooGE9.css                                              1.60 kB │ gzip:  0.40 kB
2026-10-05T22:16:40.3629713Z .svelte-kit/output/server/_app/immutable/assets/_page.C1Ra8cmf.css                                              2.18 kB │ gzip:  0.68 kB
2026-10-05T22:16:40.3630236Z .svelte-kit/output/server/_app/immutable/assets/_page.CvGkr_1p.css                                              2.27 kB │ gzip:  0.85 kB
2026-10-05T22:16:40.3630767Z .svelte-kit/output/server/_app/immutable/assets/admin.CSBm7Oz-.css                                              2.57 kB │ gzip:  0.88 kB
2026-10-05T22:16:40.3631306Z .svelte-kit/output/server/_app/immutable/assets/_page.D2HNaFcR.css                                              3.13 kB │ gzip:  0.93 kB
2026-10-05T22:16:40.3631851Z .svelte-kit/output/server/_app/immutable/assets/WorkspaceShell.CG4u5kwz.css                                    37.08 kB │ gzip:  5.01 kB
2026-10-05T22:16:40.3632595Z .svelte-kit/output/server/_app/immutable/assets/EditorForm.C-5vBWNT.css                                       140.63 kB │ gzip: 23.84 kB
2026-10-05T22:16:40.3633170Z .svelte-kit/output/server/chunks/navigation.js                                                                  0.03 kB │ gzip:  0.05 kB
2026-10-05T22:16:40.3634009Z .svelte-kit/output/server/chunks/repository2.js                                                                 0.09 kB │ gzip:  0.08 kB
2026-10-05T22:16:40.3634804Z .svelte-kit/output/server/chunks/taxonomies2.js                                                                 0.09 kB │ gzip:  0.08 kB
2026-10-05T22:16:40.3635591Z .svelte-kit/output/server/chunks/chunks.js                                                                      0.10 kB │ gzip:  0.09 kB
2026-10-05T22:16:40.3636066Z .svelte-kit/output/server/remote-entry.js                                                                       0.16 kB │ gzip:  0.12 kB
2026-10-05T22:16:40.3636544Z .svelte-kit/output/server/chunks/server.js                                                                      0.16 kB │ gzip:  0.12 kB
2026-10-05T22:16:40.3637032Z .svelte-kit/output/server/chunks/transaction2.js                                                                0.19 kB │ gzip:  0.15 kB
2026-10-05T22:16:40.3637677Z .svelte-kit/output/server/entries/endpoints/api/comments/_server.ts.js                                          0.20 kB │ gzip:  0.16 kB
2026-10-05T22:16:40.3638332Z .svelte-kit/output/server/entries/endpoints/api/admin/comments/_server.ts.js                                    0.21 kB │ gzip:  0.16 kB
2026-10-05T22:16:40.3638873Z .svelte-kit/output/server/entries/pages/_page.server.ts.js                                                      0.22 kB │ gzip:  0.16 kB
2026-10-05T22:16:40.3639342Z .svelte-kit/output/server/env.js                                                                                0.22 kB │ gzip:  0.14 kB
2026-10-05T22:16:40.3639850Z .svelte-kit/output/server/chunks/remote-4cga8b.js                                                               0.22 kB │ gzip:  0.14 kB
2026-10-05T22:16:40.3640380Z .svelte-kit/output/server/entries/endpoints/api/redirects/404s/summary/_server.ts.js                            0.22 kB │ gzip:  0.17 kB
2026-10-05T22:16:40.3640945Z .svelte-kit/output/server/entries/endpoints/api/admin/comments/bulk/_server.ts.js                               0.22 kB │ gzip:  0.17 kB
2026-10-05T22:16:40.3641465Z .svelte-kit/output/server/chunks/navigation2.js                                                                 0.22 kB │ gzip:  0.17 kB
2026-10-05T22:16:40.3641994Z .svelte-kit/output/server/entries/endpoints/api/admin/comments/counts/_server.ts.js                             0.22 kB │ gzip:  0.17 kB
2026-10-05T22:16:40.3642529Z .svelte-kit/output/server/chunks/remote-5e9re.js                                                                0.23 kB │ gzip:  0.14 kB
2026-10-05T22:16:40.3643014Z .svelte-kit/output/server/chunks/remote-6z7yaa.js                                                               0.23 kB │ gzip:  0.14 kB
2026-10-05T22:16:40.3643525Z .svelte-kit/output/server/entries/pages/redirects/_page.server.ts.js                                            0.23 kB │ gzip:  0.18 kB
2026-10-05T22:16:40.3644074Z .svelte-kit/output/server/entries/endpoints/api/admin/comments/_id_/status/_server.ts.js                        0.23 kB │ gzip:  0.17 kB
2026-10-05T22:16:40.3644615Z .svelte-kit/output/server/chunks/remote-1ghd0c5.js                                                              0.24 kB │ gzip:  0.15 kB
2026-10-05T22:16:40.3645113Z .svelte-kit/output/server/chunks/remote-126fj8m.js                                                              0.24 kB │ gzip:  0.15 kB
2026-10-05T22:16:40.3645633Z .svelte-kit/output/server/entries/pages/content/_collection_/_layout.server.ts.js                               0.24 kB │ gzip:  0.18 kB
2026-10-05T22:16:40.3646200Z .svelte-kit/output/server/entries/endpoints/api/comments/_collection_/_contentId_/_server.ts.js                 0.25 kB │ gzip:  0.18 kB
2026-10-05T22:16:40.3646879Z .svelte-kit/output/server/chunks/remote-15ax3ep.js                                                              0.26 kB │ gzip:  0.15 kB
2026-10-05T22:16:40.3647421Z .svelte-kit/output/server/entries/endpoints/api/admin/comments/settings/_collection_/_server.ts.js              0.26 kB │ gzip:  0.17 kB
2026-10-05T22:16:40.3647988Z .svelte-kit/output/server/entries/endpoints/api/redirects/_server.ts.js                                         0.26 kB │ gzip:  0.18 kB
2026-10-05T22:16:40.3648690Z .svelte-kit/output/server/chunks/object-cache-configuration.js                                                  0.27 kB │ gzip:  0.19 kB
2026-10-05T22:16:40.3649533Z .svelte-kit/output/server/entries/endpoints/api/comments/_collection_/_contentId_/reactions/_server.ts.js       0.27 kB │ gzip:  0.18 kB
2026-10-05T22:16:40.3650175Z .svelte-kit/output/server/chunks/contract.js                                                                    0.28 kB │ gzip:  0.19 kB
2026-10-05T22:16:40.3650704Z .svelte-kit/output/server/entries/endpoints/api/schema/block-types/_server.ts.js                                0.28 kB │ gzip:  0.21 kB
2026-10-05T22:16:40.3651272Z .svelte-kit/output/server/entries/endpoints/api/content-picker/manifest/_server.ts.js                           0.28 kB │ gzip:  0.20 kB
2026-10-05T22:16:40.3651789Z .svelte-kit/output/server/chunks/env.js                                                                         0.28 kB │ gzip:  0.17 kB
2026-10-05T22:16:40.3652381Z .svelte-kit/output/server/entries/endpoints/api/admin/comments/_id_/_server.ts.js                               0.29 kB │ gzip:  0.19 kB
2026-10-05T22:16:40.3652963Z .svelte-kit/output/server/entries/endpoints/api/content-picker/collections/_server.ts.js                        0.32 kB │ gzip:  0.22 kB
2026-10-05T22:16:40.3653545Z .svelte-kit/output/server/entries/endpoints/api/schema/collections/reorder/_server.ts.js                        0.32 kB │ gzip:  0.23 kB
2026-10-05T22:16:40.3654112Z .svelte-kit/output/server/entries/endpoints/api/setup/status/_server.ts.js                                      0.33 kB │ gzip:  0.23 kB
2026-10-05T22:16:40.3654656Z .svelte-kit/output/server/entries/endpoints/api/redirects/_id_/_server.ts.js                                    0.33 kB │ gzip:  0.20 kB
2026-10-05T22:16:40.3655201Z .svelte-kit/output/server/entries/endpoints/api/redirects/404s/_server.ts.js                                    0.34 kB │ gzip:  0.20 kB
2026-10-05T22:16:40.3655736Z .svelte-kit/output/server/entries/pages/widgets/_page.server.ts.js                                              0.36 kB │ gzip:  0.23 kB
2026-10-05T22:16:40.3656269Z .svelte-kit/output/server/entries/pages/sections/_layout.server.ts.js                                           0.36 kB │ gzip:  0.23 kB
2026-10-05T22:16:40.3656831Z .svelte-kit/output/server/entries/endpoints/api/content-picker/content/_collection_/_server.ts.js               0.36 kB │ gzip:  0.24 kB
2026-10-05T22:16:40.3657429Z .svelte-kit/output/server/entries/endpoints/api/schema/collections/_collection_/fields/reorder/_server.ts.js    0.40 kB │ gzip:  0.26 kB
2026-10-05T22:16:40.3657957Z .svelte-kit/output/server/internal.js                                                                           0.40 kB │ gzip:  0.19 kB
2026-10-05T22:16:40.3658552Z .svelte-kit/output/server/entries/fallbacks/layout.svelte.js                                                    0.42 kB │ gzip:  0.30 kB
2026-10-05T22:16:40.3659087Z .svelte-kit/output/server/entries/endpoints/api/schema/collections/_server.ts.js                                0.42 kB │ gzip:  0.25 kB
2026-10-05T22:16:40.3659737Z .svelte-kit/output/server/entries/endpoints/api/schema/collections/_collection_/fields/_server.ts.js            0.45 kB │ gzip:  0.29 kB
2026-10-05T22:16:40.3660294Z .svelte-kit/output/server/chunks/collection-slugs-state.js                                                      0.48 kB │ gzip:  0.29 kB
2026-10-05T22:16:40.3660839Z .svelte-kit/output/server/chunks/authorize.js                                                                   0.49 kB │ gzip:  0.32 kB
2026-10-05T22:16:40.3661309Z .svelte-kit/output/server/chunks/context.js                                                                     0.50 kB │ gzip:  0.29 kB
2026-10-05T22:16:40.3661794Z .svelte-kit/output/server/chunks/deferred-tasks.js                                                              0.50 kB │ gzip:  0.29 kB
2026-10-05T22:16:40.3662277Z .svelte-kit/output/server/chunks/chrome-tags.js                                                                 0.52 kB │ gzip:  0.33 kB
2026-10-05T22:16:40.3662818Z .svelte-kit/output/server/entries/endpoints/api/auth/me/_server.ts.js                                           0.53 kB │ gzip:  0.32 kB
2026-10-05T22:16:40.3663381Z .svelte-kit/output/server/entries/endpoints/api/schema/collections/_collection_/fields/_field_/_server.ts.js    0.54 kB │ gzip:  0.30 kB
2026-10-05T22:16:40.3663939Z .svelte-kit/output/server/entries/fallbacks/error.svelte.js                                                     0.56 kB │ gzip:  0.35 kB
2026-10-05T22:16:40.3664427Z .svelte-kit/output/server/chunks/chunks2.js                                                                     0.56 kB │ gzip:  0.39 kB
2026-10-05T22:16:40.3664947Z .svelte-kit/output/server/entries/endpoints/api/auth/passkey/options/_server.ts.js                              0.60 kB │ gzip:  0.34 kB
2026-10-05T22:16:40.3665520Z .svelte-kit/output/server/entries/pages/comments/settings/_collection_/_page.server.ts.js                       0.61 kB │ gzip:  0.35 kB
2026-10-05T22:16:40.3666080Z .svelte-kit/output/server/entries/pages/schema/_layout.server.ts.js                                             0.61 kB │ gzip:  0.36 kB
2026-10-05T22:16:40.3666609Z .svelte-kit/output/server/entries/pages/schema/_manage/_layout.svelte.js                                        0.63 kB │ gzip:  0.32 kB
2026-10-05T22:16:40.3667121Z .svelte-kit/output/server/chunks/current-user.js                                                                0.66 kB │ gzip:  0.38 kB
2026-10-05T22:16:40.3667663Z .svelte-kit/output/server/entries/pages/content/_collection_/_id_/workflow/_page.server.ts.js                   0.67 kB │ gzip:  0.32 kB
2026-10-05T22:16:40.3668397Z .svelte-kit/output/server/entries/endpoints/api/schema/collections/_collection_/_server.ts.js                   0.70 kB │ gzip:  0.35 kB
2026-10-05T22:16:40.3668919Z .svelte-kit/output/server/chunks/host.js                                                                        0.75 kB │ gzip:  0.37 kB
2026-10-05T22:16:40.3669401Z .svelte-kit/output/server/chunks/editor-display.js                                                              0.77 kB │ gzip:  0.37 kB
2026-10-05T22:16:40.3669874Z .svelte-kit/output/server/chunks/store.js                                                                       0.78 kB │ gzip:  0.42 kB
2026-10-05T22:16:40.3670380Z .svelte-kit/output/server/entries/pages/trash/_collection_/_page.server.ts.js                                   0.79 kB │ gzip:  0.41 kB
2026-10-05T22:16:40.3670940Z .svelte-kit/output/server/entries/endpoints/api/setup/admin/verify/_server.ts.js                                0.83 kB │ gzip:  0.43 kB
2026-10-05T22:16:40.3671505Z .svelte-kit/output/server/entries/pages/menus/_layout.server.ts.js                                              0.85 kB │ gzip:  0.48 kB
2026-10-05T22:16:40.3672041Z .svelte-kit/output/server/entries/endpoints/api/setup/admin/_server.ts.js                                       0.87 kB │ gzip:  0.46 kB
2026-10-05T22:16:40.3672584Z .svelte-kit/output/server/entries/endpoints/api/menus/_name_/items/_server.ts.js                                0.89 kB │ gzip:  0.45 kB
2026-10-05T22:16:40.3673140Z .svelte-kit/output/server/entries/endpoints/api/menus/_name_/reorder/_server.ts.js                              0.90 kB │ gzip:  0.45 kB
2026-10-05T22:16:40.3673709Z .svelte-kit/output/server/entries/endpoints/api/byline-fields/_slug_/usage/_server.ts.js                        0.91 kB │ gzip:  0.47 kB
2026-10-05T22:16:40.3674284Z .svelte-kit/output/server/chunks/i18n-config.js                                                                 0.93 kB │ gzip:  0.49 kB
2026-10-05T22:16:40.3674763Z .svelte-kit/output/server/chunks/widgets.js                                                                     0.95 kB │ gzip:  0.47 kB
2026-10-05T22:16:40.3675259Z .svelte-kit/output/server/entries/endpoints/api/menus/_server.ts.js                                             1.01 kB │ gzip:  0.47 kB
2026-10-05T22:16:40.3675814Z .svelte-kit/output/server/entries/endpoints/api/taxonomies/_name_/translations/_server.ts.js                    1.04 kB │ gzip:  0.51 kB
2026-10-05T22:16:40.3676378Z .svelte-kit/output/server/chunks/status.js                                                                      1.04 kB │ gzip:  0.55 kB
2026-10-05T22:16:40.3676880Z .svelte-kit/output/server/chunks/transaction.js                                                                 1.06 kB │ gzip:  0.50 kB
2026-10-05T22:16:40.3677412Z .svelte-kit/output/server/entries/endpoints/api/byline-fields/reorder/_server.ts.js                             1.08 kB │ gzip:  0.47 kB
2026-10-05T22:16:40.3677936Z .svelte-kit/output/server/chunks/write-plan.js                                                                  1.13 kB │ gzip:  0.56 kB
2026-10-05T22:16:40.3678592Z .svelte-kit/output/server/entries/endpoints/api/taxonomies/_name_/reorder/_server.ts.js                         1.14 kB │ gzip:  0.52 kB
2026-10-05T22:16:40.3679110Z .svelte-kit/output/server/chunks/paths.js                                                                       1.15 kB │ gzip:  0.64 kB
2026-10-05T22:16:40.3679585Z .svelte-kit/output/server/chunks/context2.js                                                                    1.18 kB │ gzip:  0.67 kB
2026-10-05T22:16:40.3680091Z .svelte-kit/output/server/entries/endpoints/api/auth/logout/_server.ts.js                                       1.28 kB │ gzip:  0.62 kB
2026-10-05T22:16:40.3680603Z .svelte-kit/output/server/chunks/request.js                                                                     1.30 kB │ gzip:  0.68 kB
2026-10-05T22:16:40.3681074Z .svelte-kit/output/server/chunks/internal.js                                                                    1.30 kB │ gzip:  0.54 kB
2026-10-05T22:16:40.3681549Z .svelte-kit/output/server/chunks/namespaces.js                                                                  1.34 kB │ gzip:  0.63 kB
2026-10-05T22:16:40.3682061Z .svelte-kit/output/server/entries/endpoints/api/taxonomies/_server.ts.js                                        1.36 kB │ gzip:  0.57 kB
2026-10-05T22:16:40.3682614Z .svelte-kit/output/server/entries/endpoints/api/auth/passkey/verify/_server.ts.js                               1.39 kB │ gzip:  0.63 kB
2026-10-05T22:16:40.3683129Z .svelte-kit/output/server/chunks/base64.js                                                                      1.41 kB │ gzip:  0.65 kB
2026-10-05T22:16:40.3683621Z .svelte-kit/output/server/chunks/embed-messages.source.js                                                       1.47 kB │ gzip:  0.79 kB
2026-10-05T22:16:40.3684422Z .svelte-kit/output/server/entries/endpoints/api/menus/_name_/items/_id_/_server.ts.js                           1.47 kB │ gzip:  0.55 kB
2026-10-05T22:16:40.3685339Z .svelte-kit/output/server/chunks/identity-schemas.js                                                            1.48 kB │ gzip:  0.55 kB
2026-10-05T22:16:40.3686220Z .svelte-kit/output/server/entries/pages/sections/_slug_/_page.svelte.js                                         1.50 kB │ gzip:  0.58 kB
2026-10-05T22:16:40.3687152Z .svelte-kit/output/server/entries/endpoints/api/menus/_name_/_server.ts.js                                      1.52 kB │ gzip:  0.52 kB
2026-10-05T22:16:40.3687744Z .svelte-kit/output/server/entries/endpoints/api/taxonomies/_name_/terms/_server.ts.js                           1.59 kB │ gzip:  0.63 kB
2026-10-05T22:16:40.3688461Z .svelte-kit/output/server/entries/endpoints/api/byline-fields/_server.ts.js                                     1.64 kB │ gzip:  0.59 kB
2026-10-05T22:16:40.3689092Z .svelte-kit/output/server/chunks/atomic-query-loop.js                                                           1.66 kB │ gzip:  0.73 kB
2026-10-05T22:16:40.3689761Z .svelte-kit/output/server/entries/pages/schema/_manage/new/_page.svelte.js                                      1.67 kB │ gzip:  0.73 kB
2026-10-05T22:16:40.3690512Z .svelte-kit/output/server/entries/endpoints/api/menus/_name_/translations/_server.ts.js                         1.70 kB │ gzip:  0.68 kB
2026-10-05T22:16:40.3691096Z .svelte-kit/output/server/chunks/slugify.js                                                                     1.77 kB │ gzip:  0.91 kB
2026-10-05T22:16:40.3691583Z .svelte-kit/output/server/entries/hooks.universal.js                                                            1.77 kB │ gzip:  0.73 kB
2026-10-05T22:16:40.3692078Z .svelte-kit/output/server/chunks/migrations2.js                                                                 1.78 kB │ gzip:  0.67 kB
2026-10-05T22:16:40.3692568Z .svelte-kit/output/server/chunks/parse2.js                                                                      1.85 kB │ gzip:  0.90 kB
2026-10-05T22:16:40.3693050Z .svelte-kit/output/server/chunks/DraftPreview.js                                                                1.88 kB │ gzip:  0.78 kB
2026-10-05T22:16:40.3693570Z .svelte-kit/output/server/entries/endpoints/api/sections/_server.ts.js                                          1.88 kB │ gzip:  0.64 kB
2026-10-05T22:16:40.3694082Z .svelte-kit/output/server/chunks/schemas5.js                                                                    1.91 kB │ gzip:  0.49 kB
2026-10-05T22:16:40.3694585Z .svelte-kit/output/server/chunks/SectionPickerModal.js                                                          1.94 kB │ gzip:  0.75 kB
2026-10-05T22:16:40.3695090Z .svelte-kit/output/server/chunks/workspace.remote.js                                                            1.95 kB │ gzip:  0.77 kB
2026-10-05T22:16:40.3695585Z .svelte-kit/output/server/chunks/readiness.js                                                                   1.98 kB │ gzip:  0.92 kB
2026-10-05T22:16:40.3696062Z .svelte-kit/output/server/chunks/db-errors.js                                                                   2.01 kB │ gzip:  0.97 kB
2026-10-05T22:16:40.3696568Z .svelte-kit/output/server/entries/pages/comments/_page.server.ts.js                                             2.02 kB │ gzip:  0.86 kB
2026-10-05T22:16:40.3697074Z .svelte-kit/output/server/chunks/validate2.js                                                                   2.05 kB │ gzip:  0.95 kB
2026-10-05T22:16:40.3712975Z .svelte-kit/output/server/entries/endpoints/api/widget-areas/_name_/reorder/_server.ts.js                       2.06 kB │ gzip:  0.87 kB
2026-10-05T22:16:40.3713832Z .svelte-kit/output/server/chunks/validate.js                                                                    2.08 kB │ gzip:  0.97 kB
2026-10-05T22:16:40.3714713Z .svelte-kit/output/server/chunks/editor-autosave.remote.js                                                      2.10 kB │ gzip:  0.74 kB
2026-10-05T22:16:40.3715357Z .svelte-kit/output/server/entries/endpoints/api/widget-components/_server.ts.js                                 2.13 kB │ gzip:  0.77 kB
2026-10-05T22:16:40.3715891Z .svelte-kit/output/server/chunks/init-lock.js                                                                   2.15 kB │ gzip:  1.00 kB
2026-10-05T22:16:40.3716385Z .svelte-kit/output/server/chunks/turnstile.js                                                                   2.20 kB │ gzip:  1.13 kB
2026-10-05T22:16:40.3716916Z .svelte-kit/output/server/entries/endpoints/api/taxonomies/_name_/_server.ts.js                                 2.23 kB │ gzip:  0.69 kB
2026-10-05T22:16:40.3717481Z .svelte-kit/output/server/entries/endpoints/api/widget-areas/_name_/_server.ts.js                               2.36 kB │ gzip:  0.80 kB
2026-10-05T22:16:40.3718627Z .svelte-kit/output/server/entries/endpoints/api/taxonomies/_name_/terms/_slug_/translations/_server.ts.js       2.39 kB │ gzip:  0.81 kB
2026-10-05T22:16:40.3719346Z .svelte-kit/output/server/entries/endpoints/api/byline-fields/_slug_/_server.ts.js                              2.40 kB │ gzip:  0.69 kB
2026-10-05T22:16:40.3719924Z .svelte-kit/output/server/entries/endpoints/api/widget-areas/_name_/widgets/_server.ts.js                       2.41 kB │ gzip:  0.99 kB
2026-10-05T22:16:40.3720470Z .svelte-kit/output/server/chunks/BlockSettings.js                                                               2.42 kB │ gzip:  0.90 kB
2026-10-05T22:16:40.3721069Z .svelte-kit/output/server/entries/endpoints/api/taxonomies/_name_/terms/_slug_/_server.ts.js                    2.44 kB │ gzip:  0.69 kB
2026-10-05T22:16:40.3721622Z .svelte-kit/output/server/chunks/passkey-browser.js                                                             2.46 kB │ gzip:  0.78 kB
2026-10-05T22:16:40.3722125Z .svelte-kit/output/server/chunks/schema.js                                                                      2.51 kB │ gzip:  0.76 kB
2026-10-05T22:16:40.3722657Z .svelte-kit/output/server/entries/pages/sections/_page.svelte.js                                                2.52 kB │ gzip:  0.87 kB
2026-10-05T22:16:40.3723450Z .svelte-kit/output/server/chunks/admin-http.js                                                                  2.53 kB │ gzip:  1.11 kB
2026-10-05T22:16:40.3724059Z .svelte-kit/output/server/entries/endpoints/api/bylines/_id_/translations/_server.ts.js                         2.54 kB │ gzip:  0.91 kB
2026-10-05T22:16:40.3724899Z .svelte-kit/output/server/entries/pages/_page.svelte.js                                                         2.60 kB │ gzip:  1.05 kB
2026-10-05T22:16:40.3725449Z .svelte-kit/output/server/entries/pages/schema/_manage/_collection_/_page.svelte.js                             2.63 kB │ gzip:  0.98 kB
2026-10-05T22:16:40.3725971Z .svelte-kit/output/server/chunks/http2.js                                                                       2.64 kB │ gzip:  1.19 kB
2026-10-05T22:16:40.3726549Z .svelte-kit/output/server/chunks/session.js                                                                     2.65 kB │ gzip:  1.10 kB
2026-10-05T22:16:40.3727379Z .svelte-kit/output/server/entries/endpoints/api/sections/_slug_/_server.ts.js                                   2.66 kB │ gzip:  0.71 kB
2026-10-05T22:16:40.3728417Z .svelte-kit/output/server/entries/endpoints/api/widget-areas/_server.ts.js                                      2.69 kB │ gzip:  0.99 kB
2026-10-05T22:16:40.3729283Z .svelte-kit/output/server/chunks/state.js                                                                       2.71 kB │ gzip:  1.13 kB
2026-10-05T22:16:40.3730067Z .svelte-kit/output/server/chunks/CodeEditor.js                                                                  2.79 kB │ gzip:  1.08 kB
2026-10-05T22:16:40.3730890Z .svelte-kit/output/server/entries/endpoints/api/bylines/_server.ts.js                                           2.88 kB │ gzip:  1.08 kB
2026-10-05T22:16:40.3731704Z .svelte-kit/output/server/chunks/types2.js                                                                      2.92 kB │ gzip:  1.23 kB
2026-10-05T22:16:40.3732471Z .svelte-kit/output/server/chunks/schema-common.js                                                               2.93 kB │ gzip:  1.32 kB
2026-10-05T22:16:40.3733322Z .svelte-kit/output/server/entries/endpoints/api/bylines/_id_/_server.ts.js                                      2.98 kB │ gzip:  0.99 kB
2026-10-05T22:16:40.3734158Z .svelte-kit/output/server/chunks/settings.js                                                                    2.99 kB │ gzip:  1.21 kB
2026-10-05T22:16:40.3734965Z .svelte-kit/output/server/chunks/types3.js                                                                      3.32 kB │ gzip:  1.38 kB
2026-10-05T22:16:40.3735820Z .svelte-kit/output/server/chunks/taxonomy-migrations.js                                                         3.35 kB │ gzip:  0.96 kB
2026-10-05T22:16:40.3736860Z .svelte-kit/output/server/chunks/dialect-helpers.js                                                             3.47 kB │ gzip:  1.51 kB
2026-10-05T22:16:40.3737680Z .svelte-kit/output/server/chunks/d1.js                                                                          3.51 kB │ gzip:  1.19 kB
2026-10-05T22:16:40.3738674Z .svelte-kit/output/server/chunks/field-handlers.js                                                              3.67 kB │ gzip:  0.93 kB
2026-10-05T22:16:40.3739354Z .svelte-kit/output/server/entries/endpoints/api/widget-areas/_name_/widgets/_id_/_server.ts.js                  3.85 kB │ gzip:  1.08 kB
2026-10-05T22:16:40.3740397Z .svelte-kit/output/server/chunks/types.js                                                                       3.90 kB │ gzip:  1.62 kB
2026-10-05T22:16:40.3741015Z .svelte-kit/output/server/chunks/node.js                                                                        3.93 kB │ gzip:  1.45 kB
2026-10-05T22:16:40.3741875Z .svelte-kit/output/server/chunks/request4.js                                                                    4.24 kB │ gzip:  1.74 kB
2026-10-05T22:16:40.3742434Z .svelte-kit/output/server/entries/pages/setup/_page.svelte.js                                                   4.41 kB │ gzip:  1.60 kB
2026-10-05T22:16:40.3742943Z .svelte-kit/output/server/chunks/runtime-client.js                                                              4.44 kB │ gzip:  1.43 kB
2026-10-05T22:16:40.3743521Z .svelte-kit/output/server/chunks/schemas3.js                                                                    4.54 kB │ gzip:  1.50 kB
2026-10-05T22:16:40.3744302Z .svelte-kit/output/server/entries/pages/comments/settings/_collection_/_page.svelte.js                          4.79 kB │ gzip:  1.52 kB
2026-10-05T22:16:40.3745171Z .svelte-kit/output/server/entries/pages/login/_page.svelte.js                                                   4.81 kB │ gzip:  1.65 kB
2026-10-05T22:16:40.3745927Z .svelte-kit/output/server/entries/pages/menus/_page.svelte.js                                                   4.98 kB │ gzip:  1.55 kB
2026-10-05T22:16:40.3746791Z .svelte-kit/output/server/chunks/namespace.js                                                                   5.00 kB │ gzip:  1.68 kB
2026-10-05T22:16:40.3747645Z .svelte-kit/output/server/chunks/index-server.js                                                                5.16 kB │ gzip:  1.87 kB
2026-10-05T22:16:40.3748579Z .svelte-kit/output/server/chunks/manifest.js                                                                    5.25 kB │ gzip:  1.96 kB
2026-10-05T22:16:40.3749131Z .svelte-kit/output/server/entries/endpoints/api/content/_collection_/_id_/terms/_taxonomy_/_server.ts.js        5.29 kB │ gzip:  1.54 kB
2026-10-05T22:16:40.3749709Z .svelte-kit/output/server/entries/pages/content/_collection_/_id_/_page.svelte.js                               5.37 kB │ gzip:  1.40 kB
2026-10-05T22:16:40.3750259Z .svelte-kit/output/server/chunks/migration-provider.js                                                          5.68 kB │ gzip:  2.10 kB
2026-10-05T22:16:40.3750973Z .svelte-kit/output/server/chunks/auth.remote.js                                                                 5.88 kB │ gzip:  1.74 kB
2026-10-05T22:16:40.3751808Z .svelte-kit/output/server/chunks/client.js                                                                      5.98 kB │ gzip:  2.38 kB
2026-10-05T22:16:40.3752630Z .svelte-kit/output/server/chunks/schemas2.js                                                                    5.99 kB │ gzip:  1.66 kB
2026-10-05T22:16:40.3753462Z .svelte-kit/output/server/chunks/MenuDialog.js                                                                  6.05 kB │ gzip:  1.45 kB
2026-10-05T22:16:40.3754353Z .svelte-kit/output/server/entries/pages/schema/_page.svelte.js                                                  6.39 kB │ gzip:  1.82 kB
2026-10-05T22:16:40.3755219Z .svelte-kit/output/server/chunks/exports.js                                                                     6.90 kB │ gzip:  2.18 kB
2026-10-05T22:16:40.3756024Z .svelte-kit/output/server/entries/pages/schema/_manage/_page.svelte.js                                          6.99 kB │ gzip:  2.04 kB
2026-10-05T22:16:40.3756536Z .svelte-kit/output/server/chunks/admin.js                                                                       7.21 kB │ gzip:  1.77 kB
2026-10-05T22:16:40.3757018Z .svelte-kit/output/server/chunks/zod-generator.js                                                               7.30 kB │ gzip:  2.48 kB
2026-10-05T22:16:40.3757542Z .svelte-kit/output/server/entries/endpoints/api/calendar/_server.ts.js                                          7.89 kB │ gzip:  3.16 kB
2026-10-05T22:16:40.3758289Z .svelte-kit/output/server/entries/pages/trash/_collection_/_page.svelte.js                                      9.18 kB │ gzip:  2.68 kB
2026-10-05T22:16:40.3758805Z .svelte-kit/output/server/chunks/routing.js                                                                     9.39 kB │ gzip:  3.13 kB
2026-10-05T22:16:40.3759330Z .svelte-kit/output/server/entries/pages/content/_collection_/_page.svelte.js                                    9.56 kB │ gzip:  1.87 kB
2026-10-05T22:16:40.3759853Z .svelte-kit/output/server/chunks/i18n-resolve.js                                                                9.77 kB │ gzip:  3.81 kB
2026-10-05T22:16:40.3760343Z .svelte-kit/output/server/chunks/taxonomies.js                                                                  9.92 kB │ gzip:  3.58 kB
2026-10-05T22:16:40.3760855Z .svelte-kit/output/server/entries/pages/redirects/_page.svelte.js                                              10.08 kB │ gzip:  2.74 kB
2026-10-05T22:16:40.3761366Z .svelte-kit/output/server/chunks/schemas4.js                                                                   10.23 kB │ gzip:  2.61 kB
2026-10-05T22:16:40.3761889Z .svelte-kit/output/server/entries/endpoints/api/taxonomies/bulk-tag/_server.ts.js                              10.52 kB │ gzip:  3.15 kB
2026-10-05T22:16:40.3762418Z .svelte-kit/output/server/chunks/shared.js                                                                     11.15 kB │ gzip:  3.49 kB
2026-10-05T22:16:40.3762904Z .svelte-kit/output/server/chunks/object-cache.js                                                               11.39 kB │ gzip:  4.01 kB
2026-10-05T22:16:40.3763390Z .svelte-kit/output/server/chunks/schemas.js                                                                    11.98 kB │ gzip:  3.88 kB
2026-10-05T22:16:40.3763923Z .svelte-kit/output/server/entries/pages/content/_collection_/_id_/workflow/_page.svelte.js                     12.84 kB │ gzip:  2.27 kB
2026-10-05T22:16:40.3764483Z .svelte-kit/output/server/entries/pages/widgets/_page.svelte.js                                                13.24 kB │ gzip:  3.31 kB
2026-10-05T22:16:40.3764996Z .svelte-kit/output/server/chunks/schema.remote.js                                                              13.32 kB │ gzip:  3.37 kB
2026-10-05T22:16:40.3765516Z .svelte-kit/output/server/chunks/WorkspaceShell.js                                                             13.48 kB │ gzip:  3.54 kB
2026-10-05T22:16:40.3766026Z .svelte-kit/output/server/entries/pages/comments/_page.svelte.js                                               13.74 kB │ gzip:  3.66 kB
2026-10-05T22:16:40.3766552Z .svelte-kit/output/server/entries/pages/menus/_name_/_page.svelte.js                                           20.48 kB │ gzip:  5.21 kB
2026-10-05T22:16:40.3767095Z .svelte-kit/output/server/entries/pages/schema/_collection_/_page.svelte.js                                    20.66 kB │ gzip:  3.59 kB
2026-10-05T22:16:40.3767621Z .svelte-kit/output/server/chunks/content.remote.js                                                             20.90 kB │ gzip:  4.48 kB
2026-10-05T22:16:40.3768242Z .svelte-kit/output/server/chunks/collection-indexes.js                                                         21.94 kB │ gzip:  5.84 kB
2026-10-05T22:16:40.3768782Z .svelte-kit/output/server/chunks/registry.js                                                                   23.17 kB │ gzip:  5.91 kB
2026-10-05T22:16:40.3769593Z .svelte-kit/output/server/chunks/http.js                                                                       24.75 kB │ gzip:  7.34 kB
2026-10-05T22:16:40.3770409Z .svelte-kit/output/server/chunks/error.js                                                                      26.57 kB │ gzip:  5.92 kB
2026-10-05T22:16:40.3771227Z .svelte-kit/output/server/chunks/parse.js                                                                      28.03 kB │ gzip:  6.49 kB
2026-10-05T22:16:40.3772175Z .svelte-kit/output/server/chunks/repository.js                                                                 28.50 kB │ gzip:  8.02 kB
2026-10-05T22:16:40.3773042Z .svelte-kit/output/server/chunks/handlers2.js                                                                  30.53 kB │ gzip:  7.65 kB
2026-10-05T22:16:40.3773977Z .svelte-kit/output/server/chunks/sql-recognition.js                                                            30.55 kB │ gzip:  4.86 kB
2026-10-05T22:16:40.3774856Z .svelte-kit/output/server/chunks/schema2.js                                                                    30.93 kB │ gzip:  9.94 kB
2026-10-05T22:16:40.3775710Z .svelte-kit/output/server/chunks/handlers.js                                                                   34.24 kB │ gzip:  7.90 kB
2026-10-05T22:16:40.3776587Z .svelte-kit/output/server/chunks/identity-request.js                                                           35.41 kB │ gzip:  9.03 kB
2026-10-05T22:16:40.3777481Z .svelte-kit/output/server/chunks/runtime.js                                                                    36.87 kB │ gzip:  9.71 kB
2026-10-05T22:16:40.3778463Z .svelte-kit/output/server/chunks/request3.js                                                                   36.99 kB │ gzip:  9.55 kB
2026-10-05T22:16:40.3779315Z .svelte-kit/output/server/chunks/utils.js                                                                      37.43 kB │ gzip: 10.84 kB
2026-10-05T22:16:40.3780190Z .svelte-kit/output/server/entries/hooks.server.js                                                              37.44 kB │ gzip: 11.65 kB
2026-10-05T22:16:40.3781057Z .svelte-kit/output/server/chunks/internal2.js                                                                  38.13 kB │ gzip: 10.44 kB
2026-10-05T22:16:40.3781923Z .svelte-kit/output/server/chunks/ContentTypeEditor.js                                                          44.31 kB │ gzip:  8.57 kB
2026-10-05T22:16:40.3782783Z .svelte-kit/output/server/chunks/artifacts.js                                                                  51.29 kB │ gzip: 15.22 kB
2026-10-05T22:16:40.3783627Z .svelte-kit/output/server/chunks/bylines.js                                                                    51.61 kB │ gzip: 14.23 kB
2026-10-05T22:16:40.3784457Z .svelte-kit/output/server/chunks/request2.js                                                                   52.19 kB │ gzip: 15.18 kB
2026-10-05T22:16:40.3785311Z .svelte-kit/output/server/chunks/remote.js                                                                     55.47 kB │ gzip: 12.15 kB
2026-10-05T22:16:40.3786126Z .svelte-kit/output/server/chunks/service.js                                                                    82.20 kB │ gzip: 18.79 kB
2026-10-05T22:16:40.3786974Z .svelte-kit/output/server/chunks/migrations.js                                                                101.42 kB │ gzip: 23.91 kB
2026-10-05T22:16:40.3787819Z .svelte-kit/output/server/chunks/content.js                                                                   114.23 kB │ gzip: 26.83 kB
2026-10-05T22:16:40.3788779Z .svelte-kit/output/server/chunks/async.js                                                                     122.67 kB │ gzip: 32.04 kB
2026-10-05T22:16:40.3789610Z .svelte-kit/output/server/index.js                                                                            132.46 kB │ gzip: 33.28 kB
2026-10-05T22:16:40.3790553Z .svelte-kit/output/server/chunks/EditorForm.js                                                                149.68 kB │ gzip: 39.92 kB
2026-10-05T22:16:40.3791366Z .svelte-kit/output/server/chunks/registry2.js                                                                 162.17 kB │ gzip: 30.31 kB
2026-10-05T22:16:40.3791718Z 
2026-10-05T22:16:40.3791874Z [32m✓ built in 3.00s[39m
2026-10-05T22:16:40.3792018Z 
2026-10-05T22:16:40.3792236Z Run npm run preview to preview your production build locally.
2026-10-05T22:16:40.3792486Z 
2026-10-05T22:16:40.3792616Z > Using @sveltejs/adapter-node
2026-10-05T22:16:42.1195801Z "node:sqlite" is imported by ".svelte-kit/output/server/chunks/node.js", but could not be resolved – treating it as an external dependency.
2026-10-05T22:16:42.1290777Z node_modules/.pnpm/@tanstack+react-query@5.90.21_react@19.3.0/node_modules/@tanstack/react-query/build/modern/useSuspenseQuery.js (1:0): Module level directives cause errors when bundled, "use client" in "node_modules/.pnpm/@tanstack+react-query@5.90.21_react@19.3.0/node_modules/@tanstack/react-query/build/modern/useSuspenseQuery.js" was ignored.
2026-10-05T22:16:42.1293460Z node_modules/.pnpm/@tanstack+react-query@5.90.21_react@19.3.0/node_modules/@tanstack/react-query/build/modern/useQuery.js (1:0): Module level directives cause errors when bundled, "use client" in "node_modules/.pnpm/@tanstack+react-query@5.90.21_react@19.3.0/node_modules/@tanstack/react-query/build/modern/useQuery.js" was ignored.
2026-10-05T22:16:42.1295795Z node_modules/.pnpm/@tanstack+react-query@5.90.21_react@19.3.0/node_modules/@tanstack/react-query/build/modern/useQueries.js (1:0): Module level directives cause errors when bundled, "use client" in "node_modules/.pnpm/@tanstack+react-query@5.90.21_react@19.3.0/node_modules/@tanstack/react-query/build/modern/useQueries.js" was ignored.
2026-10-05T22:16:42.1301648Z node_modules/.pnpm/@tanstack+react-query@5.90.21_react@19.3.0/node_modules/@tanstack/react-query/build/modern/useSuspenseQueries.js (1:0): Module level directives cause errors when bundled, "use client" in "node_modules/.pnpm/@tanstack+react-query@5.90.21_react@19.3.0/node_modules/@tanstack/react-query/build/modern/useSuspenseQueries.js" was ignored.
2026-10-05T22:16:42.1304159Z node_modules/.pnpm/@tanstack+react-query@5.90.21_react@19.3.0/node_modules/@tanstack/react-query/build/modern/useSuspenseInfiniteQuery.js (1:0): Module level directives cause errors when bundled, "use client" in "node_modules/.pnpm/@tanstack+react-query@5.90.21_react@19.3.0/node_modules/@tanstack/react-query/build/modern/useSuspenseInfiniteQuery.js" was ignored.
2026-10-05T22:16:42.1306657Z node_modules/.pnpm/@tanstack+react-query@5.90.21_react@19.3.0/node_modules/@tanstack/react-query/build/modern/QueryClientProvider.js (1:0): Module level directives cause errors when bundled, "use client" in "node_modules/.pnpm/@tanstack+react-query@5.90.21_react@19.3.0/node_modules/@tanstack/react-query/build/modern/QueryClientProvider.js" was ignored.
2026-10-05T22:16:42.1309292Z node_modules/.pnpm/@tanstack+react-query@5.90.21_react@19.3.0/node_modules/@tanstack/react-query/build/modern/QueryErrorResetBoundary.js (1:0): Module level directives cause errors when bundled, "use client" in "node_modules/.pnpm/@tanstack+react-query@5.90.21_react@19.3.0/node_modules/@tanstack/react-query/build/modern/QueryErrorResetBoundary.js" was ignored.
2026-10-05T22:16:42.1311715Z node_modules/.pnpm/@tanstack+react-query@5.90.21_react@19.3.0/node_modules/@tanstack/react-query/build/modern/useIsFetching.js (1:0): Module level directives cause errors when bundled, "use client" in "node_modules/.pnpm/@tanstack+react-query@5.90.21_react@19.3.0/node_modules/@tanstack/react-query/build/modern/useIsFetching.js" was ignored.
2026-10-05T22:16:42.1314065Z node_modules/.pnpm/@tanstack+react-query@5.90.21_react@19.3.0/node_modules/@tanstack/react-query/build/modern/useMutation.js (1:0): Module level directives cause errors when bundled, "use client" in "node_modules/.pnpm/@tanstack+react-query@5.90.21_react@19.3.0/node_modules/@tanstack/react-query/build/modern/useMutation.js" was ignored.
2026-10-05T22:16:42.1316668Z node_modules/.pnpm/@tanstack+react-query@5.90.21_react@19.3.0/node_modules/@tanstack/react-query/build/modern/useMutationState.js (1:0): Module level directives cause errors when bundled, "use client" in "node_modules/.pnpm/@tanstack+react-query@5.90.21_react@19.3.0/node_modules/@tanstack/react-query/build/modern/useMutationState.js" was ignored.
2026-10-05T22:16:42.1319358Z node_modules/.pnpm/@tanstack+react-query@5.90.21_react@19.3.0/node_modules/@tanstack/react-query/build/modern/HydrationBoundary.js (1:0): Module level directives cause errors when bundled, "use client" in "node_modules/.pnpm/@tanstack+react-query@5.90.21_react@19.3.0/node_modules/@tanstack/react-query/build/modern/HydrationBoundary.js" was ignored.
2026-10-05T22:16:42.1321803Z node_modules/.pnpm/@tanstack+react-query@5.90.21_react@19.3.0/node_modules/@tanstack/react-query/build/modern/IsRestoringProvider.js (1:0): Module level directives cause errors when bundled, "use client" in "node_modules/.pnpm/@tanstack+react-query@5.90.21_react@19.3.0/node_modules/@tanstack/react-query/build/modern/IsRestoringProvider.js" was ignored.
2026-10-05T22:16:42.1324269Z node_modules/.pnpm/@tanstack+react-query@5.90.21_react@19.3.0/node_modules/@tanstack/react-query/build/modern/useInfiniteQuery.js (1:0): Module level directives cause errors when bundled, "use client" in "node_modules/.pnpm/@tanstack+react-query@5.90.21_react@19.3.0/node_modules/@tanstack/react-query/build/modern/useInfiniteQuery.js" was ignored.
2026-10-05T22:16:42.1474367Z node_modules/.pnpm/@tanstack+react-query@5.90.21_react@19.3.0/node_modules/@tanstack/react-query/build/modern/useBaseQuery.js (1:0): Module level directives cause errors when bundled, "use client" in "node_modules/.pnpm/@tanstack+react-query@5.90.21_react@19.3.0/node_modules/@tanstack/react-query/build/modern/useBaseQuery.js" was ignored.
2026-10-05T22:16:42.1479343Z node_modules/.pnpm/@tanstack+react-query@5.90.21_react@19.3.0/node_modules/@tanstack/react-query/build/modern/errorBoundaryUtils.js (1:0): Module level directives cause errors when bundled, "use client" in "node_modules/.pnpm/@tanstack+react-query@5.90.21_react@19.3.0/node_modules/@tanstack/react-query/build/modern/errorBoundaryUtils.js" was ignored.
2026-10-05T22:16:43.0588885Z Generated an empty chunk: "chunks/env.js".
2026-10-05T22:16:43.3302211Z   ✔ done
2026-10-05T22:16:43.4960133Z [warn] `inlineDynamicImports` option is deprecated, please use `codeSplitting: false` instead.
2026-10-05T22:16:43.6426861Z [warn] `inlineDynamicImports` option is deprecated, please use `codeSplitting: false` instead.
2026-10-05T22:16:43.6865799Z ##[group]Run timeout --kill-after=30s 180s pnpm test:browser
2026-10-05T22:16:43.6866074Z [36;1mtimeout --kill-after=30s 180s pnpm test:browser[0m
2026-10-05T22:16:43.6897310Z shell: /usr/bin/bash -e {0}
2026-10-05T22:16:43.6897456Z env:
2026-10-05T22:16:43.6897617Z   PNPM_HOME: /home/runner/setup-pnpm/node_modules/.bin
2026-10-05T22:16:43.6897796Z   SVELTERY_BROWSER_TARGET: node
2026-10-05T22:16:43.6897944Z   DEBUG: pw:browser,pw:webserver
2026-10-05T22:16:43.6898207Z ##[endgroup]
2026-10-05T22:16:43.7027851Z $ playwright test
2026-10-05T22:16:44.0194976Z 2026-10-05T22:16:44.019Z pw:webserver HTTP GET: http://127.0.0.1:4173/
2026-10-05T22:16:44.0225711Z 2026-10-05T22:16:44.022Z pw:webserver Error while checking if http://127.0.0.1:4173/ is available: connect ECONNREFUSED 127.0.0.1:4173
2026-10-05T22:16:44.0226525Z 2026-10-05T22:16:44.022Z pw:webserver Starting WebServer process exec node build/node/index.js...
2026-10-05T22:16:44.0242686Z 2026-10-05T22:16:44.024Z pw:webserver Process started
2026-10-05T22:16:44.0244910Z 2026-10-05T22:16:44.024Z pw:webserver Waiting for availability...
2026-10-05T22:16:44.0245503Z 2026-10-05T22:16:44.024Z pw:webserver HTTP GET: http://127.0.0.1:4173/
2026-10-05T22:16:44.0255500Z 2026-10-05T22:16:44.025Z pw:webserver Error while checking if http://127.0.0.1:4173/ is available: connect ECONNREFUSED 127.0.0.1:4173
2026-10-05T22:16:44.0256433Z 2026-10-05T22:16:44.025Z pw:webserver Waiting 100ms
2026-10-05T22:16:44.1261600Z 2026-10-05T22:16:44.125Z pw:webserver HTTP GET: http://127.0.0.1:4173/
2026-10-05T22:16:44.1267597Z 2026-10-05T22:16:44.126Z pw:webserver Error while checking if http://127.0.0.1:4173/ is available: connect ECONNREFUSED 127.0.0.1:4173
2026-10-05T22:16:44.1268396Z 2026-10-05T22:16:44.126Z pw:webserver Waiting 250ms
2026-10-05T22:16:44.1388900Z [WebServer] Listening on http://127.0.0.1:4173
2026-10-05T22:16:44.3766953Z 2026-10-05T22:16:44.376Z pw:webserver HTTP GET: http://127.0.0.1:4173/
2026-10-05T22:16:44.4332848Z 2026-10-05T22:16:44.433Z pw:webserver HTTP Status: 200
2026-10-05T22:16:44.4340743Z 2026-10-05T22:16:44.434Z pw:webserver WebServer available
2026-10-05T22:16:44.4341472Z 2026-10-05T22:16:44.434Z pw:webserver HTTP GET: http://127.0.0.1:4174/cms
2026-10-05T22:16:44.4347054Z 2026-10-05T22:16:44.434Z pw:webserver Error while checking if http://127.0.0.1:4174/cms is available: connect ECONNREFUSED 127.0.0.1:4174
2026-10-05T22:16:44.4347897Z 2026-10-05T22:16:44.434Z pw:webserver Starting WebServer process exec node tests/helpers/basepath-server.mjs...
2026-10-05T22:16:44.4362014Z 2026-10-05T22:16:44.436Z pw:webserver Process started
2026-10-05T22:16:44.4362494Z 2026-10-05T22:16:44.436Z pw:webserver Waiting for availability...
2026-10-05T22:16:44.4362990Z 2026-10-05T22:16:44.436Z pw:webserver HTTP GET: http://127.0.0.1:4174/cms
2026-10-05T22:16:44.4367341Z 2026-10-05T22:16:44.436Z pw:webserver Error while checking if http://127.0.0.1:4174/cms is available: connect ECONNREFUSED 127.0.0.1:4174
2026-10-05T22:16:44.4368042Z 2026-10-05T22:16:44.436Z pw:webserver Waiting 100ms
2026-10-05T22:16:44.5370821Z 2026-10-05T22:16:44.536Z pw:webserver HTTP GET: http://127.0.0.1:4174/cms
2026-10-05T22:16:44.5378316Z 2026-10-05T22:16:44.537Z pw:webserver Error while checking if http://127.0.0.1:4174/cms is available: connect ECONNREFUSED 127.0.0.1:4174
2026-10-05T22:16:44.5379041Z 2026-10-05T22:16:44.537Z pw:webserver Waiting 250ms
2026-10-05T22:16:44.7876073Z 2026-10-05T22:16:44.787Z pw:webserver HTTP GET: http://127.0.0.1:4174/cms
2026-10-05T22:16:44.7884229Z 2026-10-05T22:16:44.788Z pw:webserver Error while checking if http://127.0.0.1:4174/cms is available: connect ECONNREFUSED 127.0.0.1:4174
2026-10-05T22:16:44.7884692Z 2026-10-05T22:16:44.788Z pw:webserver Waiting 500ms
2026-10-05T22:16:44.9157407Z [WebServer] vite v8.3.2 building ssr environment for production...
2026-10-05T22:16:44.9235759Z [WebServer] transforming...
2026-10-05T22:16:45.2904018Z 2026-10-05T22:16:45.289Z pw:webserver HTTP GET: http://127.0.0.1:4174/cms
2026-10-05T22:16:45.2905377Z 2026-10-05T22:16:45.290Z pw:webserver Error while checking if http://127.0.0.1:4174/cms is available: connect ECONNREFUSED 127.0.0.1:4174
2026-10-05T22:16:45.2906029Z 2026-10-05T22:16:45.290Z pw:webserver Waiting 1000ms
2026-10-05T22:16:45.6886254Z [WebServer] ✓ 745 modules transformed.
2026-10-05T22:16:45.7520172Z [WebServer] rendering chunks...
2026-10-05T22:16:46.2908382Z 2026-10-05T22:16:46.290Z pw:webserver HTTP GET: http://127.0.0.1:4174/cms
2026-10-05T22:16:46.2916344Z 2026-10-05T22:16:46.291Z pw:webserver Error while checking if http://127.0.0.1:4174/cms is available: connect ECONNREFUSED 127.0.0.1:4174
2026-10-05T22:16:46.2917164Z 2026-10-05T22:16:46.291Z pw:webserver Waiting 1000ms
2026-10-05T22:16:46.4189807Z [WebServer] vite v8.3.2 building client environment for production...
2026-10-05T22:16:46.4234451Z [WebServer] transforming...
2026-10-05T22:16:47.1262617Z [WebServer] ✓ 742 modules transformed.
2026-10-05T22:16:47.1893821Z [WebServer] rendering chunks...
2026-10-05T22:16:47.2917287Z 2026-10-05T22:16:47.291Z pw:webserver HTTP GET: http://127.0.0.1:4174/cms
2026-10-05T22:16:47.2927074Z 2026-10-05T22:16:47.292Z pw:webserver Error while checking if http://127.0.0.1:4174/cms is available: connect ECONNREFUSED 127.0.0.1:4174
2026-10-05T22:16:47.2928046Z 2026-10-05T22:16:47.292Z pw:webserver Waiting 1000ms
2026-10-05T22:16:47.3078956Z [WebServer] computing gzip size...
2026-10-05T22:16:47.3410688Z [WebServer] .svelte-kit/output/client/_app/version.json                                       0.02 kB │ gzip:   0.04 kB
2026-10-05T22:16:47.3411276Z [WebServer] .svelte-kit/output/client/.vite/manifest.json                                    18.59 kB │ gzip:   2.21 kB
2026-10-05T22:16:47.3411794Z [WebServer] .svelte-kit/output/client/_app/immutable/assets/24.DrcXZYa3.css                   0.17 kB │ gzip:   0.13 kB
2026-10-05T22:16:47.3412328Z [WebServer] .svelte-kit/output/client/_app/immutable/assets/MenuDialog.CSb6g0e0.css           0.20 kB │ gzip:   0.17 kB
2026-10-05T22:16:47.3412902Z [WebServer] .svelte-kit/output/client/_app/immutable/assets/7.Dcp-D_B2.css                    0.22 kB │ gzip:   0.15 kB
2026-10-05T22:16:47.3413416Z [WebServer] .svelte-kit/output/client/_app/immutable/assets/25.gKqYElxg.css                   0.36 kB │ gzip:   0.22 kB
2026-10-05T22:16:47.3414050Z [WebServer] .svelte-kit/output/client/_app/immutable/assets/DraftPreview.fwW3PV90.css         0.48 kB │ gzip:   0.25 kB
2026-10-05T22:16:47.3414652Z [WebServer] .svelte-kit/output/client/_app/immutable/assets/19.CyTVIvfE.css                   0.54 kB │ gzip:   0.26 kB
2026-10-05T22:16:47.3415227Z [WebServer] .svelte-kit/output/client/_app/immutable/assets/9.CVJ5M564.css                    0.57 kB │ gzip:   0.29 kB
2026-10-05T22:16:47.3416046Z [WebServer] .svelte-kit/output/client/_app/immutable/assets/17.B4jjrLtW.css                   0.68 kB │ gzip:   0.31 kB
2026-10-05T22:16:47.3416904Z [WebServer] .svelte-kit/output/client/_app/immutable/assets/14.CccxuyKJ.css                   0.70 kB │ gzip:   0.35 kB
2026-10-05T22:16:47.3417521Z [WebServer] .svelte-kit/output/client/_app/immutable/assets/ContentTypeEditor.BP8dJX1x.css    1.57 kB │ gzip:   0.55 kB
2026-10-05T22:16:47.3418261Z [WebServer] .svelte-kit/output/client/_app/immutable/assets/18.DYOooGE9.css                   1.60 kB │ gzip:   0.40 kB
2026-10-05T22:16:47.3418931Z [WebServer] .svelte-kit/output/client/_app/immutable/assets/15.C1Ra8cmf.css                   2.18 kB │ gzip:   0.68 kB
2026-10-05T22:16:47.3419793Z [WebServer] .svelte-kit/output/client/_app/immutable/assets/16.CvGkr_1p.css                   2.27 kB │ gzip:   0.85 kB
2026-10-05T22:16:47.3420557Z [WebServer] .svelte-kit/output/client/_app/immutable/assets/admin.CSBm7Oz-.css                2.57 kB │ gzip:   0.88 kB
2026-10-05T22:16:47.3421405Z [WebServer] .svelte-kit/output/client/_app/immutable/assets/8.D2HNaFcR.css                    3.13 kB │ gzip:   0.93 kB
2026-10-05T22:16:47.3421989Z [WebServer] .svelte-kit/output/client/_app/immutable/assets/WorkspaceShell.CG4u5kwz.css      37.08 kB │ gzip:   5.01 kB
2026-10-05T22:16:47.3423024Z [WebServer] .svelte-kit/output/client/_app/immutable/assets/EditorForm.B0LBbpI5.css         144.85 kB │ gzip:  23.99 kB
2026-10-05T22:16:47.3423931Z [WebServer] .svelte-kit/output/client/_app/immutable/chunks/DiV2Xo5J.js                       0.02 kB │ gzip:   0.04 kB
2026-10-05T22:16:47.3424830Z [WebServer] .svelte-kit/output/client/_app/immutable/nodes/0.DxrFE0f_.js                      0.06 kB │ gzip:   0.08 kB
2026-10-05T22:16:47.3425668Z [WebServer] .svelte-kit/output/client/_app/immutable/nodes/2.DxrFE0f_.js                      0.06 kB │ gzip:   0.08 kB
2026-10-05T22:16:47.3426494Z [WebServer] .svelte-kit/output/client/_app/immutable/nodes/3.DxrFE0f_.js                      0.06 kB │ gzip:   0.08 kB
2026-10-05T22:16:47.3427339Z [WebServer] .svelte-kit/output/client/_app/immutable/nodes/4.DxrFE0f_.js                      0.06 kB │ gzip:   0.08 kB
2026-10-05T22:16:47.3428348Z [WebServer] .svelte-kit/output/client/_app/immutable/nodes/6.DxrFE0f_.js                      0.06 kB │ gzip:   0.08 kB
2026-10-05T22:16:47.3429252Z [WebServer] .svelte-kit/output/client/_app/immutable/entry/start.Ce_NrcJV.js                  0.08 kB │ gzip:   0.09 kB
2026-10-05T22:16:47.3430170Z [WebServer] .svelte-kit/output/client/_app/immutable/chunks/Ccner0Qj.js                       0.10 kB │ gzip:   0.11 kB
2026-10-05T22:16:47.3431329Z [WebServer] .svelte-kit/output/client/_app/immutable/chunks/DunHv0dH.js                       0.15 kB │ gzip:   0.14 kB
2026-10-05T22:16:47.3432026Z [WebServer] .svelte-kit/output/client/_app/immutable/chunks/Da1HY6Zg.js                       0.15 kB │ gzip:   0.14 kB
2026-10-05T22:16:47.3432539Z [WebServer] .svelte-kit/output/client/_app/immutable/chunks/BeMOnYEs.js                       0.25 kB │ gzip:   0.19 kB
2026-10-05T22:16:47.3433049Z [WebServer] .svelte-kit/output/client/_app/immutable/chunks/BQhHrQte.js                       0.29 kB │ gzip:   0.16 kB
2026-10-05T22:16:47.3433566Z [WebServer] .svelte-kit/output/client/_app/immutable/chunks/C5EOlxIL.js                       0.34 kB │ gzip:   0.19 kB
2026-10-05T22:16:47.3434419Z [WebServer] .svelte-kit/output/client/_app/immutable/nodes/1.BRBT5DfA.js                      0.35 kB │ gzip:   0.25 kB
2026-10-05T22:16:47.3435294Z [WebServer] .svelte-kit/output/client/_app/immutable/chunks/CrRXVGWG.js                       0.44 kB │ gzip:   0.22 kB
2026-10-05T22:16:47.3436140Z [WebServer] .svelte-kit/output/client/_app/immutable/nodes/5.DLFsByk1.js                      0.47 kB │ gzip:   0.30 kB
2026-10-05T22:16:47.3437001Z [WebServer] .svelte-kit/output/client/_app/immutable/chunks/CVxkVKuJ.js                       0.66 kB │ gzip:   0.44 kB
2026-10-05T22:16:47.3437863Z [WebServer] .svelte-kit/output/client/_app/immutable/nodes/21.Chxu5I5i.js                     1.12 kB │ gzip:   0.69 kB
2026-10-05T22:16:47.3438951Z [WebServer] .svelte-kit/output/client/_app/immutable/chunks/Bjy-W4x2.js                       1.36 kB │ gzip:   0.65 kB
2026-10-05T22:16:47.3439815Z [WebServer] .svelte-kit/output/client/_app/immutable/chunks/BaNbYf_w.js                       1.39 kB │ gzip:   0.75 kB
2026-10-05T22:16:47.3440676Z [WebServer] .svelte-kit/output/client/_app/immutable/chunks/CuFtG3in.js                       1.51 kB │ gzip:   0.76 kB
2026-10-05T22:16:47.3441538Z [WebServer] .svelte-kit/output/client/_app/immutable/nodes/7.Ci_vA7k7.js                      1.86 kB │ gzip:   1.03 kB
2026-10-05T22:16:47.3442407Z [WebServer] .svelte-kit/output/client/_app/immutable/nodes/20.CgCnPAsf.js                     1.89 kB │ gzip:   1.00 kB
2026-10-05T22:16:47.3443263Z [WebServer] .svelte-kit/output/client/_app/immutable/chunks/D7R5D8hK.js                       1.97 kB │ gzip:   0.76 kB
2026-10-05T22:16:47.3443819Z [WebServer] .svelte-kit/output/client/_app/immutable/chunks/B1pEjv14.js                       2.45 kB │ gzip:   1.26 kB
2026-10-05T22:16:47.3444328Z [WebServer] .svelte-kit/output/client/_app/immutable/chunks/CUJkI13R.js                       2.82 kB │ gzip:   1.23 kB
2026-10-05T22:16:47.3444976Z [WebServer] .svelte-kit/output/client/_app/immutable/nodes/11.BlyKh6rf.js                     3.00 kB │ gzip:   1.36 kB
2026-10-05T22:16:47.3445489Z [WebServer] .svelte-kit/output/client/_app/immutable/nodes/24.COAo-9EZ.js                     3.08 kB │ gzip:   1.54 kB
2026-10-05T22:16:47.3446006Z [WebServer] .svelte-kit/output/client/_app/immutable/chunks/BCKASFm_.js                       3.17 kB │ gzip:   1.30 kB
2026-10-05T22:16:47.3446536Z [WebServer] .svelte-kit/output/client/_app/immutable/nodes/13.Dp6MSYfD.js                     3.42 kB │ gzip:   1.65 kB
2026-10-05T22:16:47.3447049Z [WebServer] .svelte-kit/output/client/_app/immutable/chunks/bQZV-NU0.js                       3.51 kB │ gzip:   1.20 kB
2026-10-05T22:16:47.3447555Z [WebServer] .svelte-kit/output/client/_app/immutable/chunks/CQdGegYA.js                       3.92 kB │ gzip:   1.21 kB
2026-10-05T22:16:47.3448219Z [WebServer] .svelte-kit/output/client/_app/immutable/nodes/9.DmYYYPlE.js                      4.33 kB │ gzip:   1.95 kB
2026-10-05T22:16:47.3448773Z [WebServer] .svelte-kit/output/client/_app/immutable/nodes/17.V3LuHXJp.js                     5.35 kB │ gzip:   2.18 kB
2026-10-05T22:16:47.3449284Z [WebServer] .svelte-kit/output/client/_app/immutable/nodes/12.eOVNwHI5.js                     5.90 kB │ gzip:   1.99 kB
2026-10-05T22:16:47.3449795Z [WebServer] .svelte-kit/output/client/_app/immutable/nodes/23.DUjlgbEG.js                     5.91 kB │ gzip:   2.63 kB
2026-10-05T22:16:47.3450369Z [WebServer] .svelte-kit/output/client/_app/immutable/nodes/14.Dnl6lA9n.js                     6.03 kB │ gzip:   2.51 kB
2026-10-05T22:16:47.3450878Z [WebServer] .svelte-kit/output/client/_app/immutable/nodes/10.zqnGNcjX.js                     6.14 kB │ gzip:   2.17 kB
2026-10-05T22:16:47.3451384Z [WebServer] .svelte-kit/output/client/_app/immutable/nodes/25.DUncEHlp.js                     6.49 kB │ gzip:   2.65 kB
2026-10-05T22:16:47.3451888Z [WebServer] .svelte-kit/output/client/_app/immutable/nodes/19.Cymc_b7V.js                     7.85 kB │ gzip:   3.23 kB
2026-10-05T22:16:47.3452403Z [WebServer] .svelte-kit/output/client/_app/immutable/nodes/22.DgZ0IuHh.js                     8.10 kB │ gzip:   3.36 kB
2026-10-05T22:16:47.3452913Z [WebServer] .svelte-kit/output/client/_app/immutable/entry/app.DCgWL8da.js                    9.50 kB │ gzip:   3.05 kB
2026-10-05T22:16:47.3453428Z [WebServer] .svelte-kit/output/client/_app/immutable/nodes/26.D0bjBSA0.js                    13.95 kB │ gzip:   5.13 kB
2026-10-05T22:16:47.3453938Z [WebServer] .svelte-kit/output/client/_app/immutable/nodes/16.EuifMgvi.js                    14.47 kB │ gzip:   5.06 kB
2026-10-05T22:16:47.3454445Z [WebServer] .svelte-kit/output/client/_app/immutable/nodes/8.DH0ZEYAC.js                     15.61 kB │ gzip:   5.45 kB
2026-10-05T22:16:47.3454952Z [WebServer] .svelte-kit/output/client/_app/immutable/chunks/DmVUxXaH.js                      16.72 kB │ gzip:   6.39 kB
2026-10-05T22:16:47.3455466Z [WebServer] .svelte-kit/output/client/_app/immutable/nodes/18.f7l0oR3Y.js                    17.87 kB │ gzip:   4.99 kB
2026-10-05T22:16:47.3455978Z [WebServer] .svelte-kit/output/client/_app/immutable/chunks/CtZitHXH.js                      32.96 kB │ gzip:  13.28 kB
2026-10-05T22:16:47.3456614Z [WebServer] .svelte-kit/output/client/_app/immutable/chunks/DSJLyCvK.js                      39.95 kB │ gzip:  12.03 kB
2026-10-05T22:16:47.3457144Z [WebServer] .svelte-kit/output/client/_app/immutable/chunks/B2W7DgLc.js                      43.62 kB │ gzip:  15.99 kB
2026-10-05T22:16:47.3457717Z [WebServer] .svelte-kit/output/client/_app/immutable/nodes/15.BmH5kXXG.js                    50.85 kB │ gzip:  15.82 kB
2026-10-05T22:16:47.3458421Z [WebServer] .svelte-kit/output/client/_app/immutable/chunks/7mCf775m.js                      59.08 kB │ gzip:  22.35 kB
2026-10-05T22:16:47.3459072Z [WebServer] .svelte-kit/output/client/_app/immutable/chunks/tkKQUxa7.js                     471.30 kB │ gzip: 163.86 kB
2026-10-05T22:16:47.3459584Z [WebServer] .svelte-kit/output/client/_app/immutable/chunks/SM2WEYKr.js                     796.56 kB │ gzip: 255.76 kB
2026-10-05T22:16:47.3459912Z [WebServer] 
2026-10-05T22:16:47.3460754Z [WebServer] [MODULE_LEVEL_DIRECTIVE] The semantics of the module level directive "use client" in "../../home/runner/work/cms/cms/node_modules/.pnpm/@tanstack+react-query@5.90.21_react@19.3.0/node_modules/@tanstack/react-query/build/modern/useSuspenseQuery.js" may not be preserved when bundling.
2026-10-05T22:16:47.3461932Z [WebServer]    ╭─[ ../../home/runner/work/cms/cms/node_modules/.pnpm/@tanstack+react-query@5.90.21_react@19.3.0/node_modules/@tanstack/react-query/build/modern/useSuspenseQuery.js:1:1 ]
2026-10-05T22:16:47.3462388Z [WebServer]    │
2026-10-05T22:16:47.3462562Z [WebServer]  1 │ "use client";
2026-10-05T22:16:47.3462754Z [WebServer]    │ ──────┬──────  
2026-10-05T22:16:47.3463081Z [WebServer]    │       ╰──────── module level directive may not be preserved
2026-10-05T22:16:47.3463307Z [WebServer]    │ 
2026-10-05T22:16:47.3463655Z [WebServer]    │ Help: For more information, see https://rolldown.rs/in-depth/directives#other-directives
2026-10-05T22:16:47.3463983Z [WebServer] ───╯
2026-10-05T22:16:47.3464104Z [WebServer] 
2026-10-05T22:16:47.3464302Z [WebServer] [plugin builtin:vite-reporter] 
2026-10-05T22:16:47.3464583Z [WebServer] (!) Some chunks are larger than 500 kB after minification. Consider:
2026-10-05T22:16:47.3465045Z [WebServer] - Using dynamic import() to code-split the application
2026-10-05T22:16:47.3465566Z [WebServer] - Use build.rolldownOptions.output.codeSplitting to improve chunking: https://rolldown.rs/reference/OutputOptions.codeSplitting
2026-10-05T22:16:47.3466091Z [WebServer] - Adjust chunk size limit for this warning via build.chunkSizeWarningLimit.
2026-10-05T22:16:47.3467017Z [WebServer] [MODULE_LEVEL_DIRECTIVE] The semantics of the module level directive "use client" in "../../home/runner/work/cms/cms/node_modules/.pnpm/@tanstack+react-query@5.90.21_react@19.3.0/node_modules/@tanstack/react-query/build/modern/useQuery.js" may not be preserved when bundling.
2026-10-05T22:16:47.3468337Z [WebServer]    ╭─[ ../../home/runner/work/cms/cms/node_modules/.pnpm/@tanstack+react-query@5.90.21_react@19.3.0/node_modules/@tanstack/react-query/build/modern/useQuery.js:1:1 ]
2026-10-05T22:16:47.3468716Z [WebServer]    │
2026-10-05T22:16:47.3468878Z [WebServer]  1 │ "use client";
2026-10-05T22:16:47.3469070Z [WebServer]    │ ──────┬──────  
2026-10-05T22:16:47.3469333Z [WebServer]    │       ╰──────── module level directive may not be preserved
2026-10-05T22:16:47.3469553Z [WebServer]    │ 
2026-10-05T22:16:47.3469879Z [WebServer]    │ Help: For more information, see https://rolldown.rs/in-depth/directives#other-directives
2026-10-05T22:16:47.3470149Z [WebServer] ───╯
2026-10-05T22:16:47.3470268Z [WebServer] 
2026-10-05T22:16:47.3471064Z [WebServer] [MODULE_LEVEL_DIRECTIVE] The semantics of the module level directive "use client" in "../../home/runner/work/cms/cms/node_modules/.pnpm/@tanstack+react-query@5.90.21_react@19.3.0/node_modules/@tanstack/react-query/build/modern/HydrationBoundary.js" may not be preserved when bundling.
2026-10-05T22:16:47.3472048Z [WebServer]    ╭─[ ../../home/runner/work/cms/cms/node_modules/.pnpm/@tanstack+react-query@5.90.21_react@19.3.0/node_modules/@tanstack/react-query/build/modern/HydrationBoundary.js:1:1 ]
2026-10-05T22:16:47.3472443Z [WebServer]    │
2026-10-05T22:16:47.3472604Z [WebServer]  1 │ "use client";
2026-10-05T22:16:47.3472787Z [WebServer]    │ ──────┬──────  
2026-10-05T22:16:47.3473050Z [WebServer]    │       ╰──────── module level directive may not be preserved
2026-10-05T22:16:47.3473263Z [WebServer]    │ 
2026-10-05T22:16:47.3473588Z [WebServer]    │ Help: For more information, see https://rolldown.rs/in-depth/directives#other-directives
2026-10-05T22:16:47.3473860Z [WebServer] ───╯
2026-10-05T22:16:47.3473975Z [WebServer] 
2026-10-05T22:16:47.3474726Z [WebServer] [MODULE_LEVEL_DIRECTIVE] The semantics of the module level directive "use client" in "../../home/runner/work/cms/cms/node_modules/.pnpm/@tanstack+react-query@5.90.21_react@19.3.0/node_modules/@tanstack/react-query/build/modern/QueryErrorResetBoundary.js" may not be preserved when bundling.
2026-10-05T22:16:47.3475736Z [WebServer]    ╭─[ ../../home/runner/work/cms/cms/node_modules/.pnpm/@tanstack+react-query@5.90.21_react@19.3.0/node_modules/@tanstack/react-query/build/modern/QueryErrorResetBoundary.js:1:1 ]
2026-10-05T22:16:47.3476145Z [WebServer]    │
2026-10-05T22:16:47.3476300Z [WebServer]  1 │ "use client";
2026-10-05T22:16:47.3476482Z [WebServer]    │ ──────┬──────  
2026-10-05T22:16:47.3476740Z [WebServer]    │       ╰──────── module level directive may not be preserved
2026-10-05T22:16:47.3476953Z [WebServer]    │ 
2026-10-05T22:16:47.3477272Z [WebServer]    │ Help: For more information, see https://rolldown.rs/in-depth/directives#other-directives
2026-10-05T22:16:47.3477540Z [WebServer] ───╯
2026-10-05T22:16:47.3477652Z [WebServer] 
2026-10-05T22:16:47.3478491Z [WebServer] [MODULE_LEVEL_DIRECTIVE] The semantics of the module level directive "use client" in "../../home/runner/work/cms/cms/node_modules/.pnpm/@tanstack+react-query@5.90.21_react@19.3.0/node_modules/@tanstack/react-query/build/modern/useSuspenseInfiniteQuery.js" may not be preserved when bundling.
2026-10-05T22:16:47.3480019Z [WebServer]    ╭─[ ../../home/runner/work/cms/cms/node_modules/.pnpm/@tanstack+react-query@5.90.21_react@19.3.0/node_modules/@tanstack/react-query/build/modern/useSuspenseInfiniteQuery.js:1:1 ]
2026-10-05T22:16:47.3480596Z [WebServer]    │
2026-10-05T22:16:47.3480749Z [WebServer]  1 │ "use client";
2026-10-05T22:16:47.3480931Z [WebServer]    │ ──────┬──────  
2026-10-05T22:16:47.3481189Z [WebServer]    │       ╰──────── module level directive may not be preserved
2026-10-05T22:16:47.3481404Z [WebServer]    │ 
2026-10-05T22:16:47.3481722Z [WebServer]    │ Help: For more information, see https://rolldown.rs/in-depth/directives#other-directives
2026-10-05T22:16:47.3481987Z [WebServer] ───╯
2026-10-05T22:16:47.3482101Z [WebServer] 
2026-10-05T22:16:47.3482781Z [WebServer] [MODULE_LEVEL_DIRECTIVE] The semantics of the module level directive "use client" in "../../home/runner/work/cms/cms/node_modules/.pnpm/@tanstack+react-query@5.90.21_react@19.3.0/node_modules/@tanstack/react-query/build/modern/useIsFetching.js" may not be preserved when bundling.
2026-10-05T22:16:47.3483740Z [WebServer]    ╭─[ ../../home/runner/work/cms/cms/node_modules/.pnpm/@tanstack+react-query@5.90.21_react@19.3.0/node_modules/@tanstack/react-query/build/modern/useIsFetching.js:1:1 ]
2026-10-05T22:16:47.3484129Z [WebServer]    │
2026-10-05T22:16:47.3484281Z [WebServer]  1 │ "use client";
2026-10-05T22:16:47.3484461Z [WebServer]    │ ──────┬──────  
2026-10-05T22:16:47.3484719Z [WebServer]    │       ╰──────── module level directive may not be preserved
2026-10-05T22:16:47.3484932Z [WebServer]    │ 
2026-10-05T22:16:47.3485246Z [WebServer]    │ Help: For more information, see https://rolldown.rs/in-depth/directives#other-directives
2026-10-05T22:16:47.3485516Z [WebServer] ───╯
2026-10-05T22:16:47.3485627Z [WebServer] 
2026-10-05T22:16:47.3486347Z [WebServer] [MODULE_LEVEL_DIRECTIVE] The semantics of the module level directive "use client" in "../../home/runner/work/cms/cms/node_modules/.pnpm/@tanstack+react-query@5.90.21_react@19.3.0/node_modules/@tanstack/react-query/build/modern/QueryClientProvider.js" may not be preserved when bundling.
2026-10-05T22:16:47.3487338Z [WebServer]    ╭─[ ../../home/runner/work/cms/cms/node_modules/.pnpm/@tanstack+react-query@5.90.21_react@19.3.0/node_modules/@tanstack/react-query/build/modern/QueryClientProvider.js:1:1 ]
2026-10-05T22:16:47.3487730Z [WebServer]    │
2026-10-05T22:16:47.3487885Z [WebServer]  1 │ "use client";
2026-10-05T22:16:47.3488170Z [WebServer]    │ ──────┬──────  
2026-10-05T22:16:47.3488453Z [WebServer]    │       ╰──────── module level directive may not be preserved
2026-10-05T22:16:47.3488664Z [WebServer]    │ 
2026-10-05T22:16:47.3488981Z [WebServer]    │ Help: For more information, see https://rolldown.rs/in-depth/directives#other-directives
2026-10-05T22:16:47.3489245Z [WebServer] ───╯
2026-10-05T22:16:47.3489406Z [WebServer] 
2026-10-05T22:16:47.3490093Z [WebServer] [MODULE_LEVEL_DIRECTIVE] The semantics of the module level directive "use client" in "../../home/runner/work/cms/cms/node_modules/.pnpm/@tanstack+react-query@5.90.21_react@19.3.0/node_modules/@tanstack/react-query/build/modern/useInfiniteQuery.js" may not be preserved when bundling.
2026-10-05T22:16:47.3491113Z [WebServer]    ╭─[ ../../home/runner/work/cms/cms/node_modules/.pnpm/@tanstack+react-query@5.90.21_react@19.3.0/node_modules/@tanstack/react-query/build/modern/useInfiniteQuery.js:1:1 ]
2026-10-05T22:16:47.3491500Z [WebServer]    │
2026-10-05T22:16:47.3491653Z [WebServer]  1 │ "use client";
2026-10-05T22:16:47.3491833Z [WebServer]    │ ──────┬──────  
2026-10-05T22:16:47.3492089Z [WebServer]    │       ╰──────── module level directive may not be preserved
2026-10-05T22:16:47.3492305Z [WebServer]    │ 
2026-10-05T22:16:47.3492621Z [WebServer]    │ Help: For more information, see https://rolldown.rs/in-depth/directives#other-directives
2026-10-05T22:16:47.3492890Z [WebServer] ───╯
2026-10-05T22:16:47.3493005Z [WebServer] 
2026-10-05T22:16:47.3493683Z [WebServer] [MODULE_LEVEL_DIRECTIVE] The semantics of the module level directive "use client" in "../../home/runner/work/cms/cms/node_modules/.pnpm/@tanstack+react-query@5.90.21_react@19.3.0/node_modules/@tanstack/react-query/build/modern/useQueries.js" may not be preserved when bundling.
2026-10-05T22:16:47.3494638Z [WebServer]    ╭─[ ../../home/runner/work/cms/cms/node_modules/.pnpm/@tanstack+react-query@5.90.21_react@19.3.0/node_modules/@tanstack/react-query/build/modern/useQueries.js:1:1 ]
2026-10-05T22:16:47.3495013Z [WebServer]    │
2026-10-05T22:16:47.3495165Z [WebServer]  1 │ "use client";
2026-10-05T22:16:47.3495344Z [WebServer]    │ ──────┬──────  
2026-10-05T22:16:47.3495628Z [WebServer]    │       ╰──────── module level directive may not be preserved
2026-10-05T22:16:47.3495839Z [WebServer]    │ 
2026-10-05T22:16:47.3496158Z [WebServer]    │ Help: For more information, see https://rolldown.rs/in-depth/directives#other-directives
2026-10-05T22:16:47.3496427Z [WebServer] ───╯
2026-10-05T22:16:47.3496541Z [WebServer] 
2026-10-05T22:16:47.3497223Z [WebServer] [MODULE_LEVEL_DIRECTIVE] The semantics of the module level directive "use client" in "../../home/runner/work/cms/cms/node_modules/.pnpm/@tanstack+react-query@5.90.21_react@19.3.0/node_modules/@tanstack/react-query/build/modern/useSuspenseQueries.js" may not be preserved when bundling.
2026-10-05T22:16:47.3498265Z [WebServer]    ╭─[ ../../home/runner/work/cms/cms/node_modules/.pnpm/@tanstack+react-query@5.90.21_react@19.3.0/node_modules/@tanstack/react-query/build/modern/useSuspenseQueries.js:1:1 ]
2026-10-05T22:16:47.3498659Z [WebServer]    │
2026-10-05T22:16:47.3498813Z [WebServer]  1 │ "use client";
2026-10-05T22:16:47.3498992Z [WebServer]    │ ──────┬──────  
2026-10-05T22:16:47.3499247Z [WebServer]    │       ╰──────── module level directive may not be preserved
2026-10-05T22:16:47.3499455Z [WebServer]    │ 
2026-10-05T22:16:47.3499778Z [WebServer]    │ Help: For more information, see https://rolldown.rs/in-depth/directives#other-directives
2026-10-05T22:16:47.3500046Z [WebServer] ───╯
2026-10-05T22:16:47.3500156Z [WebServer] 
2026-10-05T22:16:47.3500850Z [WebServer] [MODULE_LEVEL_DIRECTIVE] The semantics of the module level directive "use client" in "../../home/runner/work/cms/cms/node_modules/.pnpm/@tanstack+react-query@5.90.21_react@19.3.0/node_modules/@tanstack/react-query/build/modern/IsRestoringProvider.js" may not be preserved when bundling.
2026-10-05T22:16:47.3501834Z [WebServer]    ╭─[ ../../home/runner/work/cms/cms/node_modules/.pnpm/@tanstack+react-query@5.90.21_react@19.3.0/node_modules/@tanstack/react-query/build/modern/IsRestoringProvider.js:1:1 ]
2026-10-05T22:16:47.3502232Z [WebServer]    │
2026-10-05T22:16:47.3502383Z [WebServer]  1 │ "use client";
2026-10-05T22:16:47.3502561Z [WebServer]    │ ──────┬──────  
2026-10-05T22:16:47.3502818Z [WebServer]    │       ╰──────── module level directive may not be preserved
2026-10-05T22:16:47.3503076Z [WebServer]    │ 
2026-10-05T22:16:47.3503391Z [WebServer]    │ Help: For more information, see https://rolldown.rs/in-depth/directives#other-directives
2026-10-05T22:16:47.3503660Z [WebServer] ───╯
2026-10-05T22:16:47.3503773Z [WebServer] 
2026-10-05T22:16:47.3504488Z [WebServer] [MODULE_LEVEL_DIRECTIVE] The semantics of the module level directive "use client" in "../../home/runner/work/cms/cms/node_modules/.pnpm/@tanstack+react-query@5.90.21_react@19.3.0/node_modules/@tanstack/react-query/build/modern/useMutationState.js" may not be preserved when bundling.
2026-10-05T22:16:47.3505459Z [WebServer]    ╭─[ ../../home/runner/work/cms/cms/node_modules/.pnpm/@tanstack+react-query@5.90.21_react@19.3.0/node_modules/@tanstack/react-query/build/modern/useMutationState.js:1:1 ]
2026-10-05T22:16:47.3505846Z [WebServer]    │
2026-10-05T22:16:47.3505999Z [WebServer]  1 │ "use client";
2026-10-05T22:16:47.3506179Z [WebServer]    │ ──────┬──────  
2026-10-05T22:16:47.3506439Z [WebServer]    │       ╰──────── module level directive may not be preserved
2026-10-05T22:16:47.3506648Z [WebServer]    │ 
2026-10-05T22:16:47.3506963Z [WebServer]    │ Help: For more information, see https://rolldown.rs/in-depth/directives#other-directives
2026-10-05T22:16:47.3507233Z [WebServer] ───╯
2026-10-05T22:16:47.3507350Z [WebServer] 
2026-10-05T22:16:47.3508028Z [WebServer] [MODULE_LEVEL_DIRECTIVE] The semantics of the module level directive "use client" in "../../home/runner/work/cms/cms/node_modules/.pnpm/@tanstack+react-query@5.90.21_react@19.3.0/node_modules/@tanstack/react-query/build/modern/useMutation.js" may not be preserved when bundling.
2026-10-05T22:16:47.3509034Z [WebServer]    ╭─[ ../../home/runner/work/cms/cms/node_modules/.pnpm/@tanstack+react-query@5.90.21_react@19.3.0/node_modules/@tanstack/react-query/build/modern/useMutation.js:1:1 ]
2026-10-05T22:16:47.3509412Z [WebServer]    │
2026-10-05T22:16:47.3509566Z [WebServer]  1 │ "use client";
2026-10-05T22:16:47.3509745Z [WebServer]    │ ──────┬──────  
2026-10-05T22:16:47.3510006Z [WebServer]    │       ╰──────── module level directive may not be preserved
2026-10-05T22:16:47.3510216Z [WebServer]    │ 
2026-10-05T22:16:47.3510531Z [WebServer]    │ Help: For more information, see https://rolldown.rs/in-depth/directives#other-directives
2026-10-05T22:16:47.3510801Z [WebServer] ───╯
2026-10-05T22:16:47.3510914Z [WebServer] 
2026-10-05T22:16:47.3511585Z [WebServer] [MODULE_LEVEL_DIRECTIVE] The semantics of the module level directive "use client" in "../../home/runner/work/cms/cms/node_modules/.pnpm/@tanstack+react-query@5.90.21_react@19.3.0/node_modules/@tanstack/react-query/build/modern/useBaseQuery.js" may not be preserved when bundling.
2026-10-05T22:16:47.3512538Z [WebServer]    ╭─[ ../../home/runner/work/cms/cms/node_modules/.pnpm/@tanstack+react-query@5.90.21_react@19.3.0/node_modules/@tanstack/react-query/build/modern/useBaseQuery.js:1:1 ]
2026-10-05T22:16:47.3512923Z [WebServer]    │
2026-10-05T22:16:47.3513078Z [WebServer]  1 │ "use client";
2026-10-05T22:16:47.3513308Z [WebServer]    │ ──────┬──────  
2026-10-05T22:16:47.3513563Z [WebServer]    │       ╰──────── module level directive may not be preserved
2026-10-05T22:16:47.3513776Z [WebServer]    │ 
2026-10-05T22:16:47.3514090Z [WebServer]    │ Help: For more information, see https://rolldown.rs/in-depth/directives#other-directives
2026-10-05T22:16:47.3514363Z [WebServer] ───╯
2026-10-05T22:16:47.3514477Z [WebServer] 
2026-10-05T22:16:47.3515166Z [WebServer] [MODULE_LEVEL_DIRECTIVE] The semantics of the module level directive "use client" in "../../home/runner/work/cms/cms/node_modules/.pnpm/@tanstack+react-query@5.90.21_react@19.3.0/node_modules/@tanstack/react-query/build/modern/errorBoundaryUtils.js" may not be preserved when bundling.
2026-10-05T22:16:47.3516159Z [WebServer]    ╭─[ ../../home/runner/work/cms/cms/node_modules/.pnpm/@tanstack+react-query@5.90.21_react@19.3.0/node_modules/@tanstack/react-query/build/modern/errorBoundaryUtils.js:1:1 ]
2026-10-05T22:16:47.3516557Z [WebServer]    │
2026-10-05T22:16:47.3516712Z [WebServer]  1 │ "use client";
2026-10-05T22:16:47.3516893Z [WebServer]    │ ──────┬──────  
2026-10-05T22:16:47.3517147Z [WebServer]    │       ╰──────── module level directive may not be preserved
2026-10-05T22:16:47.3517356Z [WebServer]    │ 
2026-10-05T22:16:47.3517708Z [WebServer]    │ Help: For more information, see https://rolldown.rs/in-depth/directives#other-directives
2026-10-05T22:16:47.3517975Z [WebServer] ───╯
2026-10-05T22:16:47.3518148Z [WebServer] 
2026-10-05T22:16:47.3518297Z [WebServer] ✓ built in 925ms
2026-10-05T22:16:47.8717914Z [WebServer] computing gzip size...
2026-10-05T22:16:47.8818545Z [WebServer] .svelte-kit/output/server/.vite/manifest.json                                                                  60.93 kB │ gzip:  5.81 kB
2026-10-05T22:16:47.8819469Z [WebServer] .svelte-kit/output/server/_app/immutable/assets/_page.DrcXZYa3.css                                              0.17 kB │ gzip:  0.13 kB
2026-10-05T22:16:47.8820475Z [WebServer] .svelte-kit/output/server/_app/immutable/assets/MenuDialog.CSb6g0e0.css                                         0.20 kB │ gzip:  0.17 kB
2026-10-05T22:16:47.8821453Z [WebServer] .svelte-kit/output/server/_app/immutable/assets/_page.Dcp-D_B2.css                                              0.22 kB │ gzip:  0.15 kB
2026-10-05T22:16:47.8822430Z [WebServer] .svelte-kit/output/server/_app/immutable/assets/_page.gKqYElxg.css                                              0.36 kB │ gzip:  0.22 kB
2026-10-05T22:16:47.8823402Z [WebServer] .svelte-kit/output/server/_app/immutable/assets/DraftPreview.fwW3PV90.css                                       0.48 kB │ gzip:  0.25 kB
2026-10-05T22:16:47.8824374Z [WebServer] .svelte-kit/output/server/_app/immutable/assets/_page.CyTVIvfE.css                                              0.54 kB │ gzip:  0.26 kB
2026-10-05T22:16:47.8825309Z [WebServer] .svelte-kit/output/server/_app/immutable/assets/_page.CVJ5M564.css                                              0.57 kB │ gzip:  0.29 kB
2026-10-05T22:16:47.8826251Z [WebServer] .svelte-kit/output/server/_app/immutable/assets/_page.B4jjrLtW.css                                              0.68 kB │ gzip:  0.31 kB
2026-10-05T22:16:47.8827047Z [WebServer] .svelte-kit/output/server/_app/immutable/assets/_page.CccxuyKJ.css                                              0.70 kB │ gzip:  0.35 kB
2026-10-05T22:16:47.8827666Z [WebServer] .svelte-kit/output/server/_app/immutable/assets/ContentTypeEditor.BP8dJX1x.css                                  1.57 kB │ gzip:  0.55 kB
2026-10-05T22:16:47.8828453Z [WebServer] .svelte-kit/output/server/_app/immutable/assets/_page.DYOooGE9.css                                              1.60 kB │ gzip:  0.40 kB
2026-10-05T22:16:47.8829040Z [WebServer] .svelte-kit/output/server/_app/immutable/assets/_page.C1Ra8cmf.css                                              2.18 kB │ gzip:  0.68 kB
2026-10-05T22:16:47.8830031Z [WebServer] .svelte-kit/output/server/_app/immutable/assets/_page.CvGkr_1p.css                                              2.27 kB │ gzip:  0.85 kB
2026-10-05T22:16:47.8830632Z [WebServer] .svelte-kit/output/server/_app/immutable/assets/admin.CSBm7Oz-.css                                              2.57 kB │ gzip:  0.88 kB
2026-10-05T22:16:47.8831220Z [WebServer] .svelte-kit/output/server/_app/immutable/assets/_page.D2HNaFcR.css                                              3.13 kB │ gzip:  0.93 kB
2026-10-05T22:16:47.8831829Z [WebServer] .svelte-kit/output/server/_app/immutable/assets/WorkspaceShell.CG4u5kwz.css                                    37.08 kB │ gzip:  5.01 kB
2026-10-05T22:16:47.8832446Z [WebServer] .svelte-kit/output/server/_app/immutable/assets/EditorForm.C-5vBWNT.css                                       140.63 kB │ gzip: 23.84 kB
2026-10-05T22:16:47.8833025Z [WebServer] .svelte-kit/output/server/chunks/navigation.js                                                                  0.03 kB │ gzip:  0.05 kB
2026-10-05T22:16:47.8833578Z [WebServer] .svelte-kit/output/server/chunks/repository2.js                                                                 0.09 kB │ gzip:  0.08 kB
2026-10-05T22:16:47.8834121Z [WebServer] .svelte-kit/output/server/chunks/taxonomies2.js                                                                 0.09 kB │ gzip:  0.08 kB
2026-10-05T22:16:47.8834661Z [WebServer] .svelte-kit/output/server/chunks/chunks.js                                                                      0.10 kB │ gzip:  0.09 kB
2026-10-05T22:16:47.8835272Z [WebServer] .svelte-kit/output/server/remote-entry.js                                                                       0.16 kB │ gzip:  0.12 kB
2026-10-05T22:16:47.8835796Z [WebServer] .svelte-kit/output/server/chunks/server.js                                                                      0.16 kB │ gzip:  0.12 kB
2026-10-05T22:16:47.8836338Z [WebServer] .svelte-kit/output/server/chunks/transaction2.js                                                                0.19 kB │ gzip:  0.15 kB
2026-10-05T22:16:47.8836921Z [WebServer] .svelte-kit/output/server/entries/endpoints/api/comments/_server.ts.js                                          0.20 kB │ gzip:  0.16 kB
2026-10-05T22:16:47.8837529Z [WebServer] .svelte-kit/output/server/entries/endpoints/api/admin/comments/_server.ts.js                                    0.21 kB │ gzip:  0.16 kB
2026-10-05T22:16:47.8838317Z [WebServer] .svelte-kit/output/server/entries/pages/_page.server.ts.js                                                      0.22 kB │ gzip:  0.16 kB
2026-10-05T22:16:47.8838943Z [WebServer] .svelte-kit/output/server/env.js                                                                                0.22 kB │ gzip:  0.14 kB
2026-10-05T22:16:47.8839475Z [WebServer] .svelte-kit/output/server/chunks/remote-4cga8b.js                                                               0.22 kB │ gzip:  0.14 kB
2026-10-05T22:16:47.8840071Z [WebServer] .svelte-kit/output/server/entries/endpoints/api/redirects/404s/summary/_server.ts.js                            0.22 kB │ gzip:  0.17 kB
2026-10-05T22:16:47.8840718Z [WebServer] .svelte-kit/output/server/entries/endpoints/api/admin/comments/bulk/_server.ts.js                               0.22 kB │ gzip:  0.17 kB
2026-10-05T22:16:47.8841307Z [WebServer] .svelte-kit/output/server/chunks/navigation2.js                                                                 0.22 kB │ gzip:  0.17 kB
2026-10-05T22:16:47.8842148Z [WebServer] .svelte-kit/output/server/entries/endpoints/api/admin/comments/counts/_server.ts.js                             0.22 kB │ gzip:  0.17 kB
2026-10-05T22:16:47.8842741Z [WebServer] .svelte-kit/output/server/chunks/remote-5e9re.js                                                                0.23 kB │ gzip:  0.14 kB
2026-10-05T22:16:47.8843292Z [WebServer] .svelte-kit/output/server/chunks/remote-6z7yaa.js                                                               0.23 kB │ gzip:  0.14 kB
2026-10-05T22:16:47.8843948Z [WebServer] .svelte-kit/output/server/entries/pages/redirects/_page.server.ts.js                                            0.23 kB │ gzip:  0.18 kB
2026-10-05T22:16:47.8844616Z [WebServer] .svelte-kit/output/server/entries/endpoints/api/admin/comments/_id_/status/_server.ts.js                        0.23 kB │ gzip:  0.17 kB
2026-10-05T22:16:47.8845218Z [WebServer] .svelte-kit/output/server/chunks/remote-1ghd0c5.js                                                              0.24 kB │ gzip:  0.15 kB
2026-10-05T22:16:47.8845777Z [WebServer] .svelte-kit/output/server/chunks/remote-126fj8m.js                                                              0.24 kB │ gzip:  0.15 kB
2026-10-05T22:16:47.8846372Z [WebServer] .svelte-kit/output/server/entries/pages/content/_collection_/_layout.server.ts.js                               0.24 kB │ gzip:  0.18 kB
2026-10-05T22:16:47.8847331Z [WebServer] .svelte-kit/output/server/entries/endpoints/api/comments/_collection_/_contentId_/_server.ts.js                 0.25 kB │ gzip:  0.18 kB
2026-10-05T22:16:47.8848007Z [WebServer] .svelte-kit/output/server/chunks/remote-15ax3ep.js                                                              0.26 kB │ gzip:  0.15 kB
2026-10-05T22:16:47.8848761Z [WebServer] .svelte-kit/output/server/entries/endpoints/api/admin/comments/settings/_collection_/_server.ts.js              0.26 kB │ gzip:  0.17 kB
2026-10-05T22:16:47.8849390Z [WebServer] .svelte-kit/output/server/entries/endpoints/api/redirects/_server.ts.js                                         0.26 kB │ gzip:  0.18 kB
2026-10-05T22:16:47.8850043Z [WebServer] .svelte-kit/output/server/chunks/object-cache-configuration.js                                                  0.27 kB │ gzip:  0.19 kB
2026-10-05T22:16:47.8850665Z [WebServer] .svelte-kit/output/server/entries/endpoints/api/comments/_collection_/_contentId_/reactions/_server.ts.js       0.27 kB │ gzip:  0.18 kB
2026-10-05T22:16:47.8851259Z [WebServer] .svelte-kit/output/server/chunks/contract.js                                                                    0.28 kB │ gzip:  0.19 kB
2026-10-05T22:16:47.8851846Z [WebServer] .svelte-kit/output/server/entries/endpoints/api/schema/block-types/_server.ts.js                                0.28 kB │ gzip:  0.21 kB
2026-10-05T22:16:47.8852481Z [WebServer] .svelte-kit/output/server/entries/endpoints/api/content-picker/manifest/_server.ts.js                           0.28 kB │ gzip:  0.20 kB
2026-10-05T22:16:47.8853071Z [WebServer] .svelte-kit/output/server/chunks/env.js                                                                         0.28 kB │ gzip:  0.17 kB
2026-10-05T22:16:47.8853646Z [WebServer] .svelte-kit/output/server/entries/endpoints/api/admin/comments/_id_/_server.ts.js                               0.29 kB │ gzip:  0.19 kB
2026-10-05T22:16:47.8854284Z [WebServer] .svelte-kit/output/server/entries/endpoints/api/content-picker/collections/_server.ts.js                        0.32 kB │ gzip:  0.22 kB
2026-10-05T22:16:47.8854931Z [WebServer] .svelte-kit/output/server/entries/endpoints/api/schema/collections/reorder/_server.ts.js                        0.32 kB │ gzip:  0.23 kB
2026-10-05T22:16:47.8855558Z [WebServer] .svelte-kit/output/server/entries/endpoints/api/setup/status/_server.ts.js                                      0.33 kB │ gzip:  0.23 kB
2026-10-05T22:16:47.8856162Z [WebServer] .svelte-kit/output/server/entries/endpoints/api/redirects/_id_/_server.ts.js                                    0.33 kB │ gzip:  0.20 kB
2026-10-05T22:16:47.8856774Z [WebServer] .svelte-kit/output/server/entries/endpoints/api/redirects/404s/_server.ts.js                                    0.34 kB │ gzip:  0.20 kB
2026-10-05T22:16:47.8857371Z [WebServer] .svelte-kit/output/server/entries/pages/widgets/_page.server.ts.js                                              0.36 kB │ gzip:  0.23 kB
2026-10-05T22:16:47.8857964Z [WebServer] .svelte-kit/output/server/entries/pages/sections/_layout.server.ts.js                                           0.36 kB │ gzip:  0.23 kB
2026-10-05T22:16:47.8858685Z [WebServer] .svelte-kit/output/server/entries/endpoints/api/content-picker/content/_collection_/_server.ts.js               0.36 kB │ gzip:  0.24 kB
2026-10-05T22:16:47.8859345Z [WebServer] .svelte-kit/output/server/entries/endpoints/api/schema/collections/_collection_/fields/reorder/_server.ts.js    0.40 kB │ gzip:  0.26 kB
2026-10-05T22:16:47.8859938Z [WebServer] .svelte-kit/output/server/internal.js                                                                           0.40 kB │ gzip:  0.19 kB
2026-10-05T22:16:47.8860510Z [WebServer] .svelte-kit/output/server/entries/endpoints/api/schema/collections/_server.ts.js                                0.42 kB │ gzip:  0.25 kB
2026-10-05T22:16:47.8861107Z [WebServer] .svelte-kit/output/server/entries/fallbacks/layout.svelte.js                                                    0.45 kB │ gzip:  0.31 kB
2026-10-05T22:16:47.8861728Z [WebServer] .svelte-kit/output/server/entries/endpoints/api/schema/collections/_collection_/fields/_server.ts.js            0.45 kB │ gzip:  0.29 kB
2026-10-05T22:16:47.8862349Z [WebServer] .svelte-kit/output/server/chunks/collection-slugs-state.js                                                      0.48 kB │ gzip:  0.29 kB
2026-10-05T22:16:47.8862906Z [WebServer] .svelte-kit/output/server/chunks/authorize.js                                                                   0.49 kB │ gzip:  0.32 kB
2026-10-05T22:16:47.8877922Z [WebServer] .svelte-kit/output/server/chunks/context.js                                                                     0.50 kB │ gzip:  0.29 kB
2026-10-05T22:16:47.8878820Z [WebServer] .svelte-kit/output/server/chunks/deferred-tasks.js                                                              0.50 kB │ gzip:  0.29 kB
2026-10-05T22:16:47.8879394Z [WebServer] .svelte-kit/output/server/chunks/chrome-tags.js                                                                 0.52 kB │ gzip:  0.33 kB
2026-10-05T22:16:47.8879973Z [WebServer] .svelte-kit/output/server/entries/endpoints/api/auth/me/_server.ts.js                                           0.53 kB │ gzip:  0.32 kB
2026-10-05T22:16:47.8880618Z [WebServer] .svelte-kit/output/server/entries/endpoints/api/schema/collections/_collection_/fields/_field_/_server.ts.js    0.54 kB │ gzip:  0.30 kB
2026-10-05T22:16:47.8881235Z [WebServer] .svelte-kit/output/server/chunks/chunks2.js                                                                     0.56 kB │ gzip:  0.39 kB
2026-10-05T22:16:47.8881804Z [WebServer] .svelte-kit/output/server/entries/fallbacks/error.svelte.js                                                     0.59 kB │ gzip:  0.36 kB
2026-10-05T22:16:47.8882418Z [WebServer] .svelte-kit/output/server/entries/endpoints/api/auth/passkey/options/_server.ts.js                              0.60 kB │ gzip:  0.34 kB
2026-10-05T22:16:47.8883073Z [WebServer] .svelte-kit/output/server/entries/pages/comments/settings/_collection_/_page.server.ts.js                       0.61 kB │ gzip:  0.35 kB
2026-10-05T22:16:47.8883698Z [WebServer] .svelte-kit/output/server/entries/pages/schema/_layout.server.ts.js                                             0.61 kB │ gzip:  0.36 kB
2026-10-05T22:16:47.8884314Z [WebServer] .svelte-kit/output/server/entries/pages/schema/_manage/_layout.svelte.js                                        0.63 kB │ gzip:  0.32 kB
2026-10-05T22:16:47.8884899Z [WebServer] .svelte-kit/output/server/chunks/current-user.js                                                                0.66 kB │ gzip:  0.38 kB
2026-10-05T22:16:47.8885510Z [WebServer] .svelte-kit/output/server/entries/pages/content/_collection_/_id_/workflow/_page.server.ts.js                   0.67 kB │ gzip:  0.32 kB
2026-10-05T22:16:47.8886171Z [WebServer] .svelte-kit/output/server/entries/endpoints/api/schema/collections/_collection_/_server.ts.js                   0.70 kB │ gzip:  0.35 kB
2026-10-05T22:16:47.8886763Z [WebServer] .svelte-kit/output/server/chunks/host.js                                                                        0.75 kB │ gzip:  0.37 kB
2026-10-05T22:16:47.8887358Z [WebServer] .svelte-kit/output/server/chunks/editor-display.js                                                              0.77 kB │ gzip:  0.37 kB
2026-10-05T22:16:47.8887898Z [WebServer] .svelte-kit/output/server/chunks/store.js                                                                       0.78 kB │ gzip:  0.42 kB
2026-10-05T22:16:47.8888594Z [WebServer] .svelte-kit/output/server/entries/pages/trash/_collection_/_page.server.ts.js                                   0.79 kB │ gzip:  0.41 kB
2026-10-05T22:16:47.8889223Z [WebServer] .svelte-kit/output/server/entries/endpoints/api/setup/admin/verify/_server.ts.js                                0.83 kB │ gzip:  0.43 kB
2026-10-05T22:16:47.8889836Z [WebServer] .svelte-kit/output/server/entries/pages/menus/_layout.server.ts.js                                              0.85 kB │ gzip:  0.48 kB
2026-10-05T22:16:47.8890435Z [WebServer] .svelte-kit/output/server/entries/endpoints/api/setup/admin/_server.ts.js                                       0.87 kB │ gzip:  0.46 kB
2026-10-05T22:16:47.8891057Z [WebServer] .svelte-kit/output/server/entries/endpoints/api/menus/_name_/items/_server.ts.js                                0.89 kB │ gzip:  0.45 kB
2026-10-05T22:16:47.8891680Z [WebServer] .svelte-kit/output/server/entries/endpoints/api/menus/_name_/reorder/_server.ts.js                              0.90 kB │ gzip:  0.45 kB
2026-10-05T22:16:47.8892319Z [WebServer] .svelte-kit/output/server/entries/endpoints/api/byline-fields/_slug_/usage/_server.ts.js                        0.91 kB │ gzip:  0.47 kB
2026-10-05T22:16:47.8892968Z [WebServer] .svelte-kit/output/server/chunks/i18n-config.js                                                                 0.93 kB │ gzip:  0.49 kB
2026-10-05T22:16:47.8893507Z [WebServer] .svelte-kit/output/server/chunks/widgets.js                                                                     0.95 kB │ gzip:  0.47 kB
2026-10-05T22:16:47.8894073Z [WebServer] .svelte-kit/output/server/entries/endpoints/api/menus/_server.ts.js                                             1.01 kB │ gzip:  0.47 kB
2026-10-05T22:16:47.8894699Z [WebServer] .svelte-kit/output/server/entries/endpoints/api/taxonomies/_name_/translations/_server.ts.js                    1.04 kB │ gzip:  0.51 kB
2026-10-05T22:16:47.8895295Z [WebServer] .svelte-kit/output/server/chunks/status.js                                                                      1.04 kB │ gzip:  0.55 kB
2026-10-05T22:16:47.8895843Z [WebServer] .svelte-kit/output/server/chunks/transaction.js                                                                 1.06 kB │ gzip:  0.50 kB
2026-10-05T22:16:47.8896439Z [WebServer] .svelte-kit/output/server/entries/endpoints/api/byline-fields/reorder/_server.ts.js                             1.08 kB │ gzip:  0.47 kB
2026-10-05T22:16:47.8897032Z [WebServer] .svelte-kit/output/server/chunks/write-plan.js                                                                  1.13 kB │ gzip:  0.56 kB
2026-10-05T22:16:47.8897625Z [WebServer] .svelte-kit/output/server/entries/endpoints/api/taxonomies/_name_/reorder/_server.ts.js                         1.14 kB │ gzip:  0.52 kB
2026-10-05T22:16:47.8898327Z [WebServer] .svelte-kit/output/server/chunks/context2.js                                                                    1.18 kB │ gzip:  0.67 kB
2026-10-05T22:16:47.8898866Z [WebServer] .svelte-kit/output/server/chunks/paths.js                                                                       1.18 kB │ gzip:  0.66 kB
2026-10-05T22:16:47.8899438Z [WebServer] .svelte-kit/output/server/entries/endpoints/api/auth/logout/_server.ts.js                                       1.28 kB │ gzip:  0.62 kB
2026-10-05T22:16:47.8900012Z [WebServer] .svelte-kit/output/server/chunks/request.js                                                                     1.30 kB │ gzip:  0.68 kB
2026-10-05T22:16:47.8900551Z [WebServer] .svelte-kit/output/server/chunks/namespaces.js                                                                  1.34 kB │ gzip:  0.63 kB
2026-10-05T22:16:47.8901165Z [WebServer] .svelte-kit/output/server/entries/endpoints/api/taxonomies/_server.ts.js                                        1.36 kB │ gzip:  0.57 kB
2026-10-05T22:16:47.8901742Z [WebServer] .svelte-kit/output/server/chunks/internal.js                                                                    1.37 kB │ gzip:  0.56 kB
2026-10-05T22:16:47.8902325Z [WebServer] .svelte-kit/output/server/entries/endpoints/api/auth/passkey/verify/_server.ts.js                               1.39 kB │ gzip:  0.63 kB
2026-10-05T22:16:47.8902913Z [WebServer] .svelte-kit/output/server/chunks/base64.js                                                                      1.41 kB │ gzip:  0.65 kB
2026-10-05T22:16:47.8903555Z [WebServer] .svelte-kit/output/server/chunks/embed-messages.source.js                                                       1.47 kB │ gzip:  0.79 kB
2026-10-05T22:16:47.8904154Z [WebServer] .svelte-kit/output/server/entries/endpoints/api/menus/_name_/items/_id_/_server.ts.js                           1.47 kB │ gzip:  0.55 kB
2026-10-05T22:16:47.8904758Z [WebServer] .svelte-kit/output/server/chunks/identity-schemas.js                                                            1.48 kB │ gzip:  0.55 kB
2026-10-05T22:16:47.8905339Z [WebServer] .svelte-kit/output/server/entries/pages/sections/_slug_/_page.svelte.js                                         1.50 kB │ gzip:  0.58 kB
2026-10-05T22:16:47.8905941Z [WebServer] .svelte-kit/output/server/entries/endpoints/api/menus/_name_/_server.ts.js                                      1.52 kB │ gzip:  0.52 kB
2026-10-05T22:16:47.8906604Z [WebServer] .svelte-kit/output/server/entries/endpoints/api/taxonomies/_name_/terms/_server.ts.js                           1.59 kB │ gzip:  0.63 kB
2026-10-05T22:16:47.8907232Z [WebServer] .svelte-kit/output/server/entries/endpoints/api/byline-fields/_server.ts.js                                     1.64 kB │ gzip:  0.59 kB
2026-10-05T22:16:47.8907834Z [WebServer] .svelte-kit/output/server/chunks/atomic-query-loop.js                                                           1.66 kB │ gzip:  0.73 kB
2026-10-05T22:16:47.8908554Z [WebServer] .svelte-kit/output/server/entries/pages/schema/_manage/new/_page.svelte.js                                      1.67 kB │ gzip:  0.73 kB
2026-10-05T22:16:47.8909181Z [WebServer] .svelte-kit/output/server/entries/endpoints/api/menus/_name_/translations/_server.ts.js                         1.70 kB │ gzip:  0.68 kB
2026-10-05T22:16:47.8909777Z [WebServer] .svelte-kit/output/server/chunks/slugify.js                                                                     1.77 kB │ gzip:  0.91 kB
2026-10-05T22:16:47.8910324Z [WebServer] .svelte-kit/output/server/entries/hooks.universal.js                                                            1.77 kB │ gzip:  0.73 kB
2026-10-05T22:16:47.8910879Z [WebServer] .svelte-kit/output/server/chunks/migrations2.js                                                                 1.78 kB │ gzip:  0.67 kB
2026-10-05T22:16:47.8911420Z [WebServer] .svelte-kit/output/server/chunks/parse2.js                                                                      1.85 kB │ gzip:  0.90 kB
2026-10-05T22:16:47.8911961Z [WebServer] .svelte-kit/output/server/chunks/DraftPreview.js                                                                1.88 kB │ gzip:  0.78 kB
2026-10-05T22:16:47.8912802Z [WebServer] .svelte-kit/output/server/entries/endpoints/api/sections/_server.ts.js                                          1.88 kB │ gzip:  0.64 kB
2026-10-05T22:16:47.8913694Z [WebServer] .svelte-kit/output/server/chunks/schemas5.js                                                                    1.91 kB │ gzip:  0.49 kB
2026-10-05T22:16:47.8914555Z [WebServer] .svelte-kit/output/server/chunks/SectionPickerModal.js                                                          1.94 kB │ gzip:  0.75 kB
2026-10-05T22:16:47.8915439Z [WebServer] .svelte-kit/output/server/chunks/workspace.remote.js                                                            1.95 kB │ gzip:  0.77 kB
2026-10-05T22:16:47.8916355Z [WebServer] .svelte-kit/output/server/chunks/readiness.js                                                                   1.98 kB │ gzip:  0.92 kB
2026-10-05T22:16:47.8917196Z [WebServer] .svelte-kit/output/server/chunks/db-errors.js                                                                   2.01 kB │ gzip:  0.97 kB
2026-10-05T22:16:47.8918159Z [WebServer] .svelte-kit/output/server/entries/pages/comments/_page.server.ts.js                                             2.02 kB │ gzip:  0.86 kB
2026-10-05T22:16:47.8919082Z [WebServer] .svelte-kit/output/server/chunks/validate2.js                                                                   2.05 kB │ gzip:  0.95 kB
2026-10-05T22:16:47.8920004Z [WebServer] .svelte-kit/output/server/entries/endpoints/api/widget-areas/_name_/reorder/_server.ts.js                       2.06 kB │ gzip:  0.87 kB
2026-10-05T22:16:47.8920921Z [WebServer] .svelte-kit/output/server/chunks/validate.js                                                                    2.08 kB │ gzip:  0.97 kB
2026-10-05T22:16:47.8921759Z [WebServer] .svelte-kit/output/server/chunks/editor-autosave.remote.js                                                      2.10 kB │ gzip:  0.74 kB
2026-10-05T22:16:47.8922662Z [WebServer] .svelte-kit/output/server/entries/endpoints/api/widget-components/_server.ts.js                                 2.13 kB │ gzip:  0.77 kB
2026-10-05T22:16:47.8923556Z [WebServer] .svelte-kit/output/server/chunks/init-lock.js                                                                   2.15 kB │ gzip:  1.00 kB
2026-10-05T22:16:47.8924382Z [WebServer] .svelte-kit/output/server/chunks/turnstile.js                                                                   2.20 kB │ gzip:  1.13 kB
2026-10-05T22:16:47.8925265Z [WebServer] .svelte-kit/output/server/entries/endpoints/api/taxonomies/_name_/_server.ts.js                                 2.23 kB │ gzip:  0.69 kB
2026-10-05T22:16:47.8926204Z [WebServer] .svelte-kit/output/server/entries/endpoints/api/widget-areas/_name_/_server.ts.js                               2.36 kB │ gzip:  0.80 kB
2026-10-05T22:16:47.8927222Z [WebServer] .svelte-kit/output/server/entries/endpoints/api/taxonomies/_name_/terms/_slug_/translations/_server.ts.js       2.39 kB │ gzip:  0.81 kB
2026-10-05T22:16:47.8928245Z [WebServer] .svelte-kit/output/server/entries/endpoints/api/byline-fields/_slug_/_server.ts.js                              2.40 kB │ gzip:  0.69 kB
2026-10-05T22:16:47.8929187Z [WebServer] .svelte-kit/output/server/entries/endpoints/api/widget-areas/_name_/widgets/_server.ts.js                       2.41 kB │ gzip:  0.99 kB
2026-10-05T22:16:47.8930074Z [WebServer] .svelte-kit/output/server/chunks/BlockSettings.js                                                               2.42 kB │ gzip:  0.90 kB
2026-10-05T22:16:47.8931002Z [WebServer] .svelte-kit/output/server/entries/endpoints/api/taxonomies/_name_/terms/_slug_/_server.ts.js                    2.44 kB │ gzip:  0.69 kB
2026-10-05T22:16:47.8931941Z [WebServer] .svelte-kit/output/server/chunks/passkey-browser.js                                                             2.46 kB │ gzip:  0.78 kB
2026-10-05T22:16:47.8932794Z [WebServer] .svelte-kit/output/server/chunks/schema.js                                                                      2.51 kB │ gzip:  0.76 kB
2026-10-05T22:16:47.8933668Z [WebServer] .svelte-kit/output/server/entries/pages/sections/_page.svelte.js                                                2.52 kB │ gzip:  0.87 kB
2026-10-05T22:16:47.8934543Z [WebServer] .svelte-kit/output/server/chunks/admin-http.js                                                                  2.53 kB │ gzip:  1.11 kB
2026-10-05T22:16:47.8935457Z [WebServer] .svelte-kit/output/server/entries/endpoints/api/bylines/_id_/translations/_server.ts.js                         2.54 kB │ gzip:  0.91 kB
2026-10-05T22:16:47.8936391Z [WebServer] .svelte-kit/output/server/entries/pages/_page.svelte.js                                                         2.60 kB │ gzip:  1.05 kB
2026-10-05T22:16:47.8937369Z [WebServer] .svelte-kit/output/server/entries/pages/schema/_manage/_collection_/_page.svelte.js                             2.63 kB │ gzip:  0.98 kB
2026-10-05T22:16:47.8938979Z [WebServer] .svelte-kit/output/server/chunks/http2.js                                                                       2.64 kB │ gzip:  1.19 kB
2026-10-05T22:16:47.8939789Z [WebServer] .svelte-kit/output/server/chunks/session.js                                                                     2.65 kB │ gzip:  1.10 kB
2026-10-05T22:16:47.8940719Z [WebServer] .svelte-kit/output/server/entries/endpoints/api/sections/_slug_/_server.ts.js                                   2.66 kB │ gzip:  0.71 kB
2026-10-05T22:16:47.8941660Z [WebServer] .svelte-kit/output/server/entries/endpoints/api/widget-areas/_server.ts.js                                      2.69 kB │ gzip:  0.99 kB
2026-10-05T22:16:47.8942509Z [WebServer] .svelte-kit/output/server/chunks/state.js                                                                       2.77 kB │ gzip:  1.15 kB
2026-10-05T22:16:47.8943327Z [WebServer] .svelte-kit/output/server/chunks/CodeEditor.js                                                                  2.79 kB │ gzip:  1.08 kB
2026-10-05T22:16:47.8944177Z [WebServer] .svelte-kit/output/server/entries/endpoints/api/bylines/_server.ts.js                                           2.88 kB │ gzip:  1.08 kB
2026-10-05T22:16:47.8945024Z [WebServer] .svelte-kit/output/server/chunks/types2.js                                                                      2.92 kB │ gzip:  1.23 kB
2026-10-05T22:16:47.8945866Z [WebServer] .svelte-kit/output/server/chunks/schema-common.js                                                               2.93 kB │ gzip:  1.32 kB
2026-10-05T22:16:47.8946487Z [WebServer] .svelte-kit/output/server/entries/endpoints/api/bylines/_id_/_server.ts.js                                      2.98 kB │ gzip:  0.99 kB
2026-10-05T22:16:47.8947053Z [WebServer] .svelte-kit/output/server/chunks/settings.js                                                                    2.99 kB │ gzip:  1.21 kB
2026-10-05T22:16:47.8947592Z [WebServer] .svelte-kit/output/server/chunks/types3.js                                                                      3.32 kB │ gzip:  1.38 kB
2026-10-05T22:16:47.8948274Z [WebServer] .svelte-kit/output/server/chunks/taxonomy-migrations.js                                                         3.35 kB │ gzip:  0.96 kB
2026-10-05T22:16:47.8948845Z [WebServer] .svelte-kit/output/server/chunks/dialect-helpers.js                                                             3.47 kB │ gzip:  1.51 kB
2026-10-05T22:16:47.8949388Z [WebServer] .svelte-kit/output/server/chunks/d1.js                                                                          3.51 kB │ gzip:  1.19 kB
2026-10-05T22:16:47.8949923Z [WebServer] .svelte-kit/output/server/chunks/field-handlers.js                                                              3.67 kB │ gzip:  0.93 kB
2026-10-05T22:16:47.8950523Z [WebServer] .svelte-kit/output/server/entries/endpoints/api/widget-areas/_name_/widgets/_id_/_server.ts.js                  3.85 kB │ gzip:  1.08 kB
2026-10-05T22:16:47.8951113Z [WebServer] .svelte-kit/output/server/chunks/types.js                                                                       3.90 kB │ gzip:  1.62 kB
2026-10-05T22:16:47.8951640Z [WebServer] .svelte-kit/output/server/chunks/node.js                                                                        3.93 kB │ gzip:  1.45 kB
2026-10-05T22:16:47.8952166Z [WebServer] .svelte-kit/output/server/chunks/request4.js                                                                    4.24 kB │ gzip:  1.74 kB
2026-10-05T22:16:47.8952718Z [WebServer] .svelte-kit/output/server/entries/pages/setup/_page.svelte.js                                                   4.41 kB │ gzip:  1.60 kB
2026-10-05T22:16:47.8953276Z [WebServer] .svelte-kit/output/server/chunks/runtime-client.js                                                              4.44 kB │ gzip:  1.43 kB
2026-10-05T22:16:47.8953863Z [WebServer] .svelte-kit/output/server/chunks/schemas3.js                                                                    4.54 kB │ gzip:  1.50 kB
2026-10-05T22:16:47.8954450Z [WebServer] .svelte-kit/output/server/entries/pages/comments/settings/_collection_/_page.svelte.js                          4.79 kB │ gzip:  1.52 kB
2026-10-05T22:16:47.8955053Z [WebServer] .svelte-kit/output/server/entries/pages/login/_page.svelte.js                                                   4.81 kB │ gzip:  1.65 kB
2026-10-05T22:16:47.8955661Z [WebServer] .svelte-kit/output/server/entries/pages/menus/_page.svelte.js                                                   4.98 kB │ gzip:  1.55 kB
2026-10-05T22:16:47.8956213Z [WebServer] .svelte-kit/output/server/chunks/namespace.js                                                                   5.00 kB │ gzip:  1.68 kB
2026-10-05T22:16:47.8956744Z [WebServer] .svelte-kit/output/server/chunks/manifest.js                                                                    5.25 kB │ gzip:  1.96 kB
2026-10-05T22:16:47.8957285Z [WebServer] .svelte-kit/output/server/chunks/index-server.js                                                                5.28 kB │ gzip:  1.89 kB
2026-10-05T22:16:47.8957881Z [WebServer] .svelte-kit/output/server/entries/endpoints/api/content/_collection_/_id_/terms/_taxonomy_/_server.ts.js        5.29 kB │ gzip:  1.54 kB
2026-10-05T22:16:47.8958804Z [WebServer] .svelte-kit/output/server/entries/pages/content/_collection_/_id_/_page.svelte.js                               5.37 kB │ gzip:  1.40 kB
2026-10-05T22:16:47.8959398Z [WebServer] .svelte-kit/output/server/chunks/migration-provider.js                                                          5.68 kB │ gzip:  2.10 kB
2026-10-05T22:16:47.8959946Z [WebServer] .svelte-kit/output/server/chunks/auth.remote.js                                                                 5.88 kB │ gzip:  1.74 kB
2026-10-05T22:16:47.8960479Z [WebServer] .svelte-kit/output/server/chunks/schemas2.js                                                                    5.99 kB │ gzip:  1.66 kB
2026-10-05T22:16:47.8961009Z [WebServer] .svelte-kit/output/server/chunks/client.js                                                                      6.05 kB │ gzip:  2.40 kB
2026-10-05T22:16:47.8961537Z [WebServer] .svelte-kit/output/server/chunks/MenuDialog.js                                                                  6.05 kB │ gzip:  1.45 kB
2026-10-05T22:16:47.8962103Z [WebServer] .svelte-kit/output/server/entries/pages/schema/_page.svelte.js                                                  6.39 kB │ gzip:  1.82 kB
2026-10-05T22:16:47.8962691Z [WebServer] .svelte-kit/output/server/entries/pages/schema/_manage/_page.svelte.js                                          6.99 kB │ gzip:  2.04 kB
2026-10-05T22:16:47.8963249Z [WebServer] .svelte-kit/output/server/chunks/exports.js                                                                     7.06 kB │ gzip:  2.20 kB
2026-10-05T22:16:47.8963776Z [WebServer] .svelte-kit/output/server/chunks/admin.js                                                                       7.21 kB │ gzip:  1.77 kB
2026-10-05T22:16:47.8964315Z [WebServer] .svelte-kit/output/server/chunks/zod-generator.js                                                               7.30 kB │ gzip:  2.48 kB
2026-10-05T22:16:47.8964890Z [WebServer] .svelte-kit/output/server/entries/endpoints/api/calendar/_server.ts.js                                          7.89 kB │ gzip:  3.16 kB
2026-10-05T22:16:47.8965494Z [WebServer] .svelte-kit/output/server/entries/pages/trash/_collection_/_page.svelte.js                                      9.18 kB │ gzip:  2.68 kB
2026-10-05T22:16:47.8966058Z [WebServer] .svelte-kit/output/server/chunks/routing.js                                                                     9.48 kB │ gzip:  3.15 kB
2026-10-05T22:16:47.8966623Z [WebServer] .svelte-kit/output/server/entries/pages/content/_collection_/_page.svelte.js                                    9.56 kB │ gzip:  1.87 kB
2026-10-05T22:16:47.8967238Z [WebServer] .svelte-kit/output/server/chunks/i18n-resolve.js                                                                9.77 kB │ gzip:  3.81 kB
2026-10-05T22:16:47.8967778Z [WebServer] .svelte-kit/output/server/chunks/taxonomies.js                                                                  9.92 kB │ gzip:  3.58 kB
2026-10-05T22:16:47.8968488Z [WebServer] .svelte-kit/output/server/entries/pages/redirects/_page.svelte.js                                              10.08 kB │ gzip:  2.74 kB
2026-10-05T22:16:47.8969078Z [WebServer] .svelte-kit/output/server/chunks/schemas4.js                                                                   10.23 kB │ gzip:  2.61 kB
2026-10-05T22:16:47.8969659Z [WebServer] .svelte-kit/output/server/entries/endpoints/api/taxonomies/bulk-tag/_server.ts.js                              10.52 kB │ gzip:  3.15 kB
2026-10-05T22:16:47.8970236Z [WebServer] .svelte-kit/output/server/chunks/shared.js                                                                     11.28 kB │ gzip:  3.51 kB
2026-10-05T22:16:47.8970771Z [WebServer] .svelte-kit/output/server/chunks/object-cache.js                                                               11.39 kB │ gzip:  4.01 kB
2026-10-05T22:16:47.8971314Z [WebServer] .svelte-kit/output/server/chunks/schemas.js                                                                    11.98 kB │ gzip:  3.88 kB
2026-10-05T22:16:47.8971895Z [WebServer] .svelte-kit/output/server/entries/pages/content/_collection_/_id_/workflow/_page.svelte.js                     12.84 kB │ gzip:  2.27 kB
2026-10-05T22:16:47.8972510Z [WebServer] .svelte-kit/output/server/entries/pages/widgets/_page.svelte.js                                                13.24 kB │ gzip:  3.31 kB
2026-10-05T22:16:47.8973075Z [WebServer] .svelte-kit/output/server/chunks/schema.remote.js                                                              13.32 kB │ gzip:  3.37 kB
2026-10-05T22:16:47.8973621Z [WebServer] .svelte-kit/output/server/chunks/WorkspaceShell.js                                                             13.48 kB │ gzip:  3.54 kB
2026-10-05T22:16:47.8974195Z [WebServer] .svelte-kit/output/server/entries/pages/comments/_page.svelte.js                                               13.74 kB │ gzip:  3.66 kB
2026-10-05T22:16:47.8974779Z [WebServer] .svelte-kit/output/server/entries/pages/menus/_name_/_page.svelte.js                                           20.48 kB │ gzip:  5.21 kB
2026-10-05T22:16:47.8975378Z [WebServer] .svelte-kit/output/server/entries/pages/schema/_collection_/_page.svelte.js                                    20.66 kB │ gzip:  3.59 kB
2026-10-05T22:16:47.8975950Z [WebServer] .svelte-kit/output/server/chunks/content.remote.js                                                             20.90 kB │ gzip:  4.48 kB
2026-10-05T22:16:47.8976502Z [WebServer] .svelte-kit/output/server/chunks/collection-indexes.js                                                         21.94 kB │ gzip:  5.84 kB
2026-10-05T22:16:47.8977051Z [WebServer] .svelte-kit/output/server/chunks/registry.js                                                                   23.17 kB │ gzip:  5.91 kB
2026-10-05T22:16:47.8977578Z [WebServer] .svelte-kit/output/server/chunks/http.js                                                                       24.75 kB │ gzip:  7.34 kB
2026-10-05T22:16:47.8978249Z [WebServer] .svelte-kit/output/server/chunks/error.js                                                                      26.57 kB │ gzip:  5.92 kB
2026-10-05T22:16:47.8978783Z [WebServer] .svelte-kit/output/server/chunks/parse.js                                                                      28.03 kB │ gzip:  6.49 kB
2026-10-05T22:16:47.8979310Z [WebServer] .svelte-kit/output/server/chunks/repository.js                                                                 28.50 kB │ gzip:  8.02 kB
2026-10-05T22:16:47.8979847Z [WebServer] .svelte-kit/output/server/chunks/handlers2.js                                                                  30.53 kB │ gzip:  7.65 kB
2026-10-05T22:16:47.8980390Z [WebServer] .svelte-kit/output/server/chunks/sql-recognition.js                                                            30.55 kB │ gzip:  4.86 kB
2026-10-05T22:16:47.8980967Z [WebServer] .svelte-kit/output/server/chunks/schema2.js                                                                    30.93 kB │ gzip:  9.94 kB
2026-10-05T22:16:47.8981500Z [WebServer] .svelte-kit/output/server/chunks/handlers.js                                                                   34.24 kB │ gzip:  7.90 kB
2026-10-05T22:16:47.8982079Z [WebServer] .svelte-kit/output/server/chunks/identity-request.js                                                           35.41 kB │ gzip:  9.03 kB
2026-10-05T22:16:47.8982622Z [WebServer] .svelte-kit/output/server/chunks/runtime.js                                                                    36.87 kB │ gzip:  9.71 kB
2026-10-05T22:16:47.8983152Z [WebServer] .svelte-kit/output/server/chunks/request3.js                                                                   36.99 kB │ gzip:  9.55 kB
2026-10-05T22:16:47.8983691Z [WebServer] .svelte-kit/output/server/entries/hooks.server.js                                                              37.44 kB │ gzip: 11.65 kB
2026-10-05T22:16:47.8984225Z [WebServer] .svelte-kit/output/server/chunks/utils.js                                                                      37.62 kB │ gzip: 10.86 kB
2026-10-05T22:16:47.8984753Z [WebServer] .svelte-kit/output/server/chunks/internal2.js                                                                  38.35 kB │ gzip: 10.46 kB
2026-10-05T22:16:47.8985305Z [WebServer] .svelte-kit/output/server/chunks/ContentTypeEditor.js                                                          44.31 kB │ gzip:  8.57 kB
2026-10-05T22:16:47.8985855Z [WebServer] .svelte-kit/output/server/chunks/artifacts.js                                                                  51.29 kB │ gzip: 15.22 kB
2026-10-05T22:16:47.8986385Z [WebServer] .svelte-kit/output/server/chunks/bylines.js                                                                    51.61 kB │ gzip: 14.23 kB
2026-10-05T22:16:47.8986922Z [WebServer] .svelte-kit/output/server/chunks/request2.js                                                                   52.19 kB │ gzip: 15.18 kB
2026-10-05T22:16:47.8987450Z [WebServer] .svelte-kit/output/server/chunks/remote.js                                                                     55.69 kB │ gzip: 12.17 kB
2026-10-05T22:16:47.8987980Z [WebServer] .svelte-kit/output/server/chunks/service.js                                                                    82.20 kB │ gzip: 18.79 kB
2026-10-05T22:16:47.8988634Z [WebServer] .svelte-kit/output/server/chunks/migrations.js                                                                101.42 kB │ gzip: 23.91 kB
2026-10-05T22:16:47.8989257Z [WebServer] .svelte-kit/output/server/chunks/content.js                                                                   114.23 kB │ gzip: 26.83 kB
2026-10-05T22:16:47.8989780Z [WebServer] .svelte-kit/output/server/chunks/async.js                                                                     123.63 kB │ gzip: 32.08 kB
2026-10-05T22:16:47.8990302Z [WebServer] .svelte-kit/output/server/index.js                                                                            133.23 kB │ gzip: 33.32 kB
2026-10-05T22:16:47.8990823Z [WebServer] .svelte-kit/output/server/chunks/EditorForm.js                                                                149.68 kB │ gzip: 39.92 kB
2026-10-05T22:16:47.8991368Z [WebServer] .svelte-kit/output/server/chunks/registry2.js                                                                 162.17 kB │ gzip: 30.31 kB
2026-10-05T22:16:47.8991653Z [WebServer] 
2026-10-05T22:16:47.8991815Z [WebServer] ✓ built in 2.97s
2026-10-05T22:16:47.8991959Z [WebServer] 
2026-10-05T22:16:47.8992177Z [WebServer] Run npm run preview to preview your production build locally.
2026-10-05T22:16:47.8992400Z [WebServer] 
2026-10-05T22:16:47.8992559Z [WebServer] > Using @sveltejs/adapter-auto
2026-10-05T22:16:47.8993114Z [WebServer]   Could not detect a supported production environment. See https://svelte.dev/docs/kit/adapters to learn how to configure your app to run on the platform of your choosing
2026-10-05T22:16:47.8993540Z [WebServer]   ✔ done
2026-10-05T22:16:48.2869267Z [WebServer]   ➜  Local:   http://127.0.0.1:4174/cms
2026-10-05T22:16:48.2920232Z 2026-10-05T22:16:48.291Z pw:webserver HTTP GET: http://127.0.0.1:4174/cms
2026-10-05T22:16:48.3334725Z 2026-10-05T22:16:48.333Z pw:webserver HTTP Status: 200
2026-10-05T22:16:48.3337588Z 2026-10-05T22:16:48.333Z pw:webserver WebServer available
2026-10-05T22:16:48.8015296Z 
2026-10-05T22:16:48.8015975Z Running 65 tests using 1 worker
2026-10-05T22:16:49.8259238Z   pw:browser <launching> /home/runner/.cache/ms-playwright/chromium_headless_shell-1243/chrome-headless-shell-linux64/chrome-headless-shell --disable-field-trial-config --disable-background-networking --disable-background-timer-throttling --disable-backgrounding-occluded-windows --disable-back-forward-cache --disable-breakpad --disable-client-side-phishing-detection --disable-component-extensions-with-background-pages --disable-component-update --no-default-browser-check --disable-default-apps --disable-dev-shm-usage --disable-edgeupdater --disable-extensions --disable-features=AvoidUnnecessaryBeforeUnloadCheckSync,DestroyProfileOnBrowserClose,DialMediaRouteProvider,GlobalMediaControls,HttpsUpgrades,LensOverlay,MediaRouter,PaintHolding,ThirdPartyStoragePartitioning,BlockOriginHeaderModificationOnRedirect,Translate,AutoDeElevate,OptimizationHints,msForceBrowserSignIn,msEdgeUpdateLaunchServicesPreferredVersion --enable-features=CDPScreenshotNewSurface --allow-pre-commit-input --disable-hang-monitor --disable-ipc-flooding-protection --disable-popup-blocking --disable-prompt-on-repost --disable-renderer-backgrounding --disable-updater-scheduler --force-color-profile=srgb --metrics-recording-only --no-first-run --password-store=basic --use-mock-keychain --no-service-autorun --export-tagged-pdf --disable-search-engine-choice-screen --unsafely-disable-devtools-self-xss-warnings --edge-skip-compat-layer-relaunch --disable-infobars --disable-search-engine-choice-screen --disable-sync --enable-unsafe-swiftshader --headless --hide-scrollbars --mute-audio --blink-settings=primaryHoverType=2,availableHoverTypes=2,primaryPointerType=4,availablePointerTypes=4 --user-data-dir=/tmp/playwright_chromiumdev_profile-T04IVh --remote-debugging-pipe --no-startup-window +0ms
2026-10-05T22:16:49.8386988Z   pw:browser <launched> pid=5507 +10ms
2026-10-05T22:16:49.8780177Z   pw:browser [pid=5507][err] [1005/221649.873368:ERROR:dbus/bus.cc:405] Failed to connect to the bus: Could not parse server address: Unknown address type (examples of valid types are "tcp" and on UNIX "unix") +43ms
2026-10-05T22:16:49.8781661Z   pw:browser [pid=5507][err] [1005/221649.876386:ERROR:dbus/object_proxy.cc:572] Failed to call method: org.freedesktop.DBus.NameHasOwner: object_path= /org/freedesktop/DBus: unknown error type:  +1ms
2026-10-05T22:16:49.8783057Z   pw:browser [pid=5507][err] [1005/221649.876878:ERROR:dbus/bus.cc:405] Failed to connect to the bus: Could not parse server address: Unknown address type (examples of valid types are "tcp" and on UNIX "unix") +0ms
2026-10-05T22:16:49.8809654Z   pw:browser [pid=5507][err] [1005/221649.876894:ERROR:dbus/object_proxy.cc:572] Failed to call method: org.freedesktop.DBus.NameHasOwner: object_path= /org/freedesktop/DBus: unknown error type:  +0ms
2026-10-05T22:16:49.8865025Z   pw:browser [pid=5507][err] [1005/221649.883682:WARNING:media/gpu/vaapi/vaapi_wrapper.cc:1660] drmGetDevices2() has not found any devices +8ms
2026-10-05T22:16:49.8883474Z   pw:browser [pid=5507][err] [1005/221649.884747:WARNING:sandbox/policy/linux/sandbox_linux.cc:405] InitializeSandbox() called with multiple threads in process gpu-process. +0ms
2026-10-05T22:17:19.6461369Z   pw:browser [pid=5507][err] [1005/221719.645376:INFO:CONSOLE:934] "[vite] connecting...", source: http://127.0.0.1:39095/@vite/client (934) +30s
2026-10-05T22:17:19.6589017Z   pw:browser [pid=5507][err] [1005/221719.657972:INFO:CONSOLE:1047] "[vite] connected.", source: http://127.0.0.1:39095/@vite/client (1047) +13ms
2026-10-05T22:17:19.9664692Z   pw:browser [pid=5507][err] [1005/221719.965304:INFO:CONSOLE:1082] "[vite] server connection lost. Polling for restart...", source: http://127.0.0.1:39095/@vite/client (1082) +308ms
2026-10-05T22:17:29.5843147Z   pw:browser [pid=5507][err] [1005/221729.582434:INFO:CONSOLE:1] "Uncaught TypeError: Failed to fetch", source: http://localhost:37621/_app/immutable/chunks/7mCf775m.js (1) +10s
2026-10-05T22:17:29.5846190Z   pw:browser [pid=5507][err] [1005/221729.582521:INFO:CONSOLE:1] "Uncaught TypeError: Failed to fetch", source: http://localhost:37621/_app/immutable/chunks/7mCf775m.js (1) +0ms
2026-10-05T22:17:39.4076321Z   pw:browser [pid=5507][err] [1005/221739.407065:INFO:CONSOLE:12] "Avoid using `history.pushState(...)` and `history.replaceState(...)` as these will conflict with SvelteKit's router. Use the `pushState` and `replaceState` imports from `$app/navigation` instead.", source: http://127.0.0.1:46219/cms/_app/immutable/chunks/CGyzdG3B.js (12) +10s
2026-10-05T22:17:39.4452477Z   pw:browser [pid=5507][err] [1005/221739.443658:INFO:CONSOLE:12] "[svelte] await_waterfall
2026-10-05T22:17:39.4454341Z   pw:browser [pid=5507][err] An async derived, `loadedNavigation` (src/​lib/​ui/​WorkspaceShell.svelte:19:27) was not read immediately after it resolved. This often indicates an unnecessary waterfall, which can slow down your app
2026-10-05T22:17:39.4455774Z   pw:browser [pid=5507][err] https://svelte.dev/e/await_waterfall font-weight: bold font-weight: normal", source: http://127.0.0.1:46219/cms/_app/immutable/chunks/CGyzdG3B.js (12) +0ms
2026-10-05T22:17:39.5506834Z   pw:browser [pid=5507][err] [1005/221739.548884:INFO:CONSOLE:12] "[svelte] await_waterfall
2026-10-05T22:17:39.5516275Z   pw:browser [pid=5507][err] An async derived, `loadedNavigation` (src/​lib/​ui/​WorkspaceShell.svelte:19:27) was not read immediately after it resolved. This often indicates an unnecessary waterfall, which can slow down your app
2026-10-05T22:17:39.5517348Z   pw:browser [pid=5507][err] https://svelte.dev/e/await_waterfall font-weight: bold font-weight: normal", source: http://127.0.0.1:46219/cms/_app/immutable/chunks/CGyzdG3B.js (12) +0ms
2026-10-05T22:17:39.6436903Z   pw:browser [pid=5507][err] [1005/221739.642786:INFO:CONSOLE:12] "[svelte] await_waterfall
2026-10-05T22:17:39.6439090Z   pw:browser [pid=5507][err] An async derived, `loadedNavigation` (src/​lib/​ui/​WorkspaceShell.svelte:19:27) was not read immediately after it resolved. This often indicates an unnecessary waterfall, which can slow down your app
2026-10-05T22:17:39.6440763Z   pw:browser [pid=5507][err] https://svelte.dev/e/await_waterfall font-weight: bold font-weight: normal", source: http://127.0.0.1:46219/cms/_app/immutable/chunks/CGyzdG3B.js (12) +0ms
2026-10-05T22:17:39.7360202Z   pw:browser [pid=5507][err] [1005/221739.735534:INFO:CONSOLE:12] "[svelte] await_waterfall
2026-10-05T22:17:39.7361805Z   pw:browser [pid=5507][err] An async derived, `loadedNavigation` (src/​lib/​ui/​WorkspaceShell.svelte:19:27) was not read immediately after it resolved. This often indicates an unnecessary waterfall, which can slow down your app
2026-10-05T22:17:39.7362697Z   pw:browser [pid=5507][err] https://svelte.dev/e/await_waterfall font-weight: bold font-weight: normal", source: http://127.0.0.1:46219/cms/_app/immutable/chunks/CGyzdG3B.js (12) +0ms
2026-10-05T22:17:39.9096527Z   pw:browser [pid=5507][err] [1005/221739.909140:INFO:CONSOLE:12] "[svelte] await_waterfall
2026-10-05T22:17:39.9098509Z   pw:browser [pid=5507][err] An async derived, `loadedNavigation` (src/​lib/​ui/​WorkspaceShell.svelte:19:27) was not read immediately after it resolved. This often indicates an unnecessary waterfall, which can slow down your app
2026-10-05T22:17:39.9099990Z   pw:browser [pid=5507][err] https://svelte.dev/e/await_waterfall font-weight: bold font-weight: normal", source: http://127.0.0.1:46219/cms/_app/immutable/chunks/CGyzdG3B.js (12) +0ms
2026-10-05T22:17:40.0165631Z   pw:browser [pid=5507][err] [1005/221740.015584:INFO:CONSOLE:12] "[svelte] await_waterfall
2026-10-05T22:17:40.0167483Z   pw:browser [pid=5507][err] An async derived, `loadedNavigation` (src/​lib/​ui/​WorkspaceShell.svelte:19:27) was not read immediately after it resolved. This often indicates an unnecessary waterfall, which can slow down your app
2026-10-05T22:17:40.0168997Z   pw:browser [pid=5507][err] https://svelte.dev/e/await_waterfall font-weight: bold font-weight: normal", source: http://127.0.0.1:46219/cms/_app/immutable/chunks/CGyzdG3B.js (12) +0ms
2026-10-05T22:17:40.0784878Z   pw:browser [pid=5507][err] [1005/221740.077271:INFO:CONSOLE:12] "[svelte] await_waterfall
2026-10-05T22:17:40.0786450Z   pw:browser [pid=5507][err] An async derived, `loadedNavigation` (src/​lib/​ui/​WorkspaceShell.svelte:19:27) was not read immediately after it resolved. This often indicates an unnecessary waterfall, which can slow down your app
2026-10-05T22:17:40.0787846Z   pw:browser [pid=5507][err] https://svelte.dev/e/await_waterfall font-weight: bold font-weight: normal", source: http://127.0.0.1:46219/cms/_app/immutable/chunks/CGyzdG3B.js (12) +0ms
2026-10-05T22:17:40.1460163Z   pw:browser [pid=5507][err] [1005/221740.145408:INFO:CONSOLE:12] "[svelte] await_waterfall
2026-10-05T22:17:40.1461539Z   pw:browser [pid=5507][err] An async derived, `loadedNavigation` (src/​lib/​ui/​WorkspaceShell.svelte:19:27) was not read immediately after it resolved. This often indicates an unnecessary waterfall, which can slow down your app
2026-10-05T22:17:40.1462683Z   pw:browser [pid=5507][err] https://svelte.dev/e/await_waterfall font-weight: bold font-weight: normal", source: http://127.0.0.1:46219/cms/_app/immutable/chunks/CGyzdG3B.js (12) +0ms
2026-10-05T22:17:40.3383402Z   pw:browser [pid=5507][err] [1005/221740.337280:INFO:CONSOLE:12] "[svelte] await_waterfall
2026-10-05T22:17:40.3384655Z   pw:browser [pid=5507][err] An async derived, `loadedNavigation` (src/​lib/​ui/​WorkspaceShell.svelte:19:27) was not read immediately after it resolved. This often indicates an unnecessary waterfall, which can slow down your app
2026-10-05T22:17:40.3385679Z   pw:browser [pid=5507][err] https://svelte.dev/e/await_waterfall font-weight: bold font-weight: normal", source: http://127.0.0.1:46219/cms/_app/immutable/chunks/CGyzdG3B.js (12) +0ms
2026-10-05T22:17:40.7341111Z   pw:browser [pid=5507][err] [1005/221740.733454:INFO:CONSOLE:12] "Avoid using `history.pushState(...)` and `history.replaceState(...)` as these will conflict with SvelteKit's router. Use the `pushState` and `replaceState` imports from `$app/navigation` instead.", source: http://127.0.0.1:36947/cms/_app/immutable/chunks/CGyzdG3B.js (12) +395ms
2026-10-05T22:17:40.7661552Z   pw:browser [pid=5507][err] [1005/221740.765118:INFO:CONSOLE:12] "[svelte] await_waterfall
2026-10-05T22:17:40.7669951Z   pw:browser [pid=5507][err] An async derived, `loadedNavigation` (src/​lib/​ui/​WorkspaceShell.svelte:19:27) was not read immediately after it resolved. This often indicates an unnecessary waterfall, which can slow down your app
2026-10-05T22:17:40.7671301Z   pw:browser [pid=5507][err] https://svelte.dev/e/await_waterfall font-weight: bold font-weight: normal", source: http://127.0.0.1:36947/cms/_app/immutable/chunks/CGyzdG3B.js (12) +0ms
2026-10-05T22:17:52.4139870Z   pw:browser [pid=5507][err] [1005/221752.412440:INFO:CONSOLE:934] "[vite] connecting...", source: http://127.0.0.1:37049/@vite/client (934) +12s
2026-10-05T22:17:52.4251457Z   pw:browser [pid=5507][err] [1005/221752.424051:INFO:CONSOLE:1047] "[vite] connected.", source: http://127.0.0.1:37049/@vite/client (1047) +12ms
2026-10-05T22:18:18.5261132Z   pw:browser [pid=5507][err] [1005/221818.524194:INFO:CONSOLE:934] "[vite] connecting...", source: http://127.0.0.1:46207/@vite/client (934) +26s
2026-10-05T22:18:18.5375017Z   pw:browser [pid=5507][err] [1005/221818.536305:INFO:CONSOLE:1047] "[vite] connected.", source: http://127.0.0.1:46207/@vite/client (1047) +12ms
2026-10-05T22:18:18.5689549Z   pw:browser [pid=5507][err] [1005/221818.567687:INFO:CONSOLE:25] "[svelte] await_waterfall
2026-10-05T22:18:18.5691775Z   pw:browser [pid=5507][err] An async derived, `loadedNavigation` (src/​lib/​ui/​WorkspaceShell.svelte:19:27) was not read immediately after it resolved. This often indicates an unnecessary waterfall, which can slow down your app
2026-10-05T22:18:18.5693407Z   pw:browser [pid=5507][err] https://svelte.dev/e/await_waterfall font-weight: bold font-weight: normal", source: http://127.0.0.1:46207/@fs/tmp/cms-workspace-vite-TTz3TQ/deps/warnings-DKDLWUBC.js?v=28deefaf (25) +0ms
2026-10-05T22:18:18.6254565Z   pw:browser [pid=5507][err] [1005/221818.624954:INFO:CONSOLE:934] "[vite] connecting...", source: http://127.0.0.1:46207/@vite/client (934) +57ms
2026-10-05T22:18:18.6629997Z   pw:browser [pid=5507][err] [1005/221818.660078:INFO:CONSOLE:1047] "[vite] connected.", source: http://127.0.0.1:46207/@vite/client (1047) +36ms
2026-10-05T22:18:18.6815084Z   pw:browser [pid=5507][err] [1005/221818.680938:INFO:CONSOLE:25] "[svelte] await_waterfall
2026-10-05T22:18:18.6816695Z   pw:browser [pid=5507][err] An async derived, `loadedNavigation` (src/​lib/​ui/​WorkspaceShell.svelte:19:27) was not read immediately after it resolved. This often indicates an unnecessary waterfall, which can slow down your app
2026-10-05T22:18:18.6818284Z   pw:browser [pid=5507][err] https://svelte.dev/e/await_waterfall font-weight: bold font-weight: normal", source: http://127.0.0.1:46207/@fs/tmp/cms-workspace-vite-TTz3TQ/deps/warnings-DKDLWUBC.js?v=28deefaf (25) +0ms
2026-10-05T22:18:18.8271601Z   pw:browser [pid=5507][err] [1005/221818.825950:INFO:CONSOLE:934] "[vite] connecting...", source: http://127.0.0.1:46207/@vite/client (934) +145ms
2026-10-05T22:18:18.8619158Z   pw:browser [pid=5507][err] [1005/221818.859317:INFO:CONSOLE:1047] "[vite] connected.", source: http://127.0.0.1:46207/@vite/client (1047) +35ms
2026-10-05T22:18:18.8767023Z   pw:browser [pid=5507][err] [1005/221818.875565:INFO:CONSOLE:25] "[svelte] await_waterfall
2026-10-05T22:18:18.8780805Z   pw:browser [pid=5507][err] An async derived, `loadedNavigation` (src/​lib/​ui/​WorkspaceShell.svelte:19:27) was not read immediately after it resolved. This often indicates an unnecessary waterfall, which can slow down your app
2026-10-05T22:18:18.8781836Z   pw:browser [pid=5507][err] https://svelte.dev/e/await_waterfall font-weight: bold font-weight: normal", source: http://127.0.0.1:46207/@fs/tmp/cms-workspace-vite-TTz3TQ/deps/warnings-DKDLWUBC.js?v=28deefaf (25) +0ms
2026-10-05T22:18:38.3157091Z   pw:browser [pid=5507] <gracefully close start> +19s
2026-10-05T22:18:38.3285602Z   pw:browser [pid=5507] <process did exit: exitCode=0, signal=null> +13ms
2026-10-05T22:18:38.3286156Z   pw:browser [pid=5507] starting temporary directories cleanup +0ms
2026-10-05T22:18:38.3302782Z   pw:browser [pid=5507] finished temporary directories cleanup +2ms
2026-10-05T22:18:38.3303107Z   pw:browser [pid=5507] <gracefully close end> +0ms
2026-10-05T22:18:38.4024886Z 2026-10-05T22:18:38.402Z pw:webserver Terminating the WebServer
2026-10-05T22:18:38.4120118Z 2026-10-05T22:18:38.411Z pw:webserver Terminated the WebServer
2026-10-05T22:18:38.4120780Z 2026-10-05T22:18:38.411Z pw:webserver Terminating the WebServer
2026-10-05T22:18:38.4165633Z 2026-10-05T22:18:38.416Z pw:webserver Terminated the WebServer
2026-10-05T22:18:38.4173718Z ·································································
2026-10-05T22:18:38.4178169Z   65 passed (1.9m)
2026-10-05T22:18:38.4181139Z ##[notice]  65 passed (1.9m)
2026-10-05T22:18:38.5245814Z Post job cleanup.
2026-10-05T22:18:38.5954173Z (node:6822) [DEP0040] DeprecationWarning: The `punycode` module is deprecated. Please use a userland alternative instead.
2026-10-05T22:18:38.5954644Z (Use `node --trace-deprecation ...` to show where the warning was created)
2026-10-05T22:18:38.5956118Z Cache hit occurred on the primary key node-cache-Linux-x64-pnpm-1b2c24200cfd1316e3dce863a9b3fb0280999a2d25c6d06742c40f0c6929ea4d, not saving cache.
2026-10-05T22:18:38.6020636Z Post job cleanup.
2026-10-05T22:18:38.6871497Z Pruning is unnecessary.
2026-10-05T22:18:38.6981556Z Post job cleanup.
2026-10-05T22:18:38.7509952Z [command]/usr/bin/git version
2026-10-05T22:18:38.7538590Z git version 2.55.0
2026-10-05T22:18:38.7563792Z Temporarily overriding HOME='/home/runner/work/_temp/4ec6825a-3fb1-4afa-9f82-1b82c1ced07b' before making global git config changes
2026-10-05T22:18:38.7564505Z Adding repository directory to the temporary git global config as a safe directory
2026-10-05T22:18:38.7567157Z [command]/usr/bin/git config --global --add safe.directory /home/runner/work/cms/cms
2026-10-05T22:18:38.7589755Z [command]/usr/bin/git config --local --name-only --get-regexp core\.sshCommand
2026-10-05T22:18:38.7607900Z [command]/usr/bin/git submodule foreach --recursive sh -c "git config --local --name-only --get-regexp 'core\.sshCommand' && git config --local --unset-all 'core.sshCommand' || :"
2026-10-05T22:18:38.7734929Z [command]/usr/bin/git config --local --name-only --get-regexp http\.https\:\/\/github\.com\/\.extraheader
2026-10-05T22:18:38.7748463Z http.https://github.com/.extraheader
2026-10-05T22:18:38.7764482Z [command]/usr/bin/git config --local --unset-all http.https://github.com/.extraheader
2026-10-05T22:18:38.7780958Z [command]/usr/bin/git submodule foreach --recursive sh -c "git config --local --name-only --get-regexp 'http\.https\:\/\/github\.com\/\.extraheader' && git config --local --unset-all 'http.https://github.com/.extraheader' || :"
2026-10-05T22:18:38.7904185Z [command]/usr/bin/git config --local --name-only --get-regexp ^includeIf\.gitdir:
2026-10-05T22:18:38.7930424Z [command]/usr/bin/git submodule foreach --recursive git config --local --show-origin --name-only --get-regexp remote.origin.url
2026-10-05T22:18:38.8149734Z Cleaning up orphan processes
2026-10-05T22:18:38.8314752Z ##[warning]Node.js 20 is deprecated. The following actions target Node.js 20 but are being forced to run on Node.js 24: actions/checkout@v4, actions/setup-node@v4, pnpm/action-setup@v4. For more information see: https://github.blog/changelog/2025-09-19-deprecation-of-node-20-on-github-actions-runners/
