2026-10-05T22:13:50.7115053Z Current runner version: '2.337.0'
2026-10-05T22:13:50.7138806Z ##[group]Runner Image Provisioner
2026-10-05T22:13:50.7139709Z Hosted Compute Agent
2026-10-05T22:13:50.7140323Z Version: 20260901.588
2026-10-05T22:13:50.7140929Z Commit: f88ec8081b781fac6c440065ac7ff9e710ce3d0b
2026-10-05T22:13:50.7141865Z Build Date: 2026-09-01T19:56:44Z
2026-10-05T22:13:50.7142505Z Worker ID: {4c889973-1673-4e27-a320-07375e8dff32}
2026-10-05T22:13:50.7143214Z Azure Region: northcentralus
2026-10-05T22:13:50.7143813Z ##[endgroup]
2026-10-05T22:13:50.7145024Z ##[group]Operating System
2026-10-05T22:13:50.7145640Z Ubuntu
2026-10-05T22:13:50.7146141Z 24.04.5
2026-10-05T22:13:50.7146634Z LTS
2026-10-05T22:13:50.7147193Z ##[endgroup]
2026-10-05T22:13:50.7147694Z ##[group]Runner Image
2026-10-05T22:13:50.7148289Z Image: ubuntu-24.04
2026-10-05T22:13:50.7148825Z Version: 20260927.320.1
2026-10-05T22:13:50.7150006Z Included Software: https://github.com/actions/runner-images/blob/ubuntu24/20260927.320/images/ubuntu/Ubuntu2404-Readme.md
2026-10-05T22:13:50.7151961Z Image Release: https://github.com/actions/runner-images/releases/tag/ubuntu24%2F20260927.320
2026-10-05T22:13:50.7152887Z ##[endgroup]
2026-10-05T22:13:50.7153955Z ##[group]GITHUB_TOKEN Permissions
2026-10-05T22:13:50.7156215Z Contents: read
2026-10-05T22:13:50.7156779Z Metadata: read
2026-10-05T22:13:50.7157337Z ##[endgroup]
2026-10-05T22:13:50.7159309Z Secret source: Actions
2026-10-05T22:13:50.7160222Z Cache mode: write
2026-10-05T22:13:50.7160895Z Prepare workflow directory
2026-10-05T22:13:50.7472566Z Prepare all required actions
2026-10-05T22:13:50.7520975Z Getting action download info
2026-10-05T22:13:51.0567715Z Download action repository 'actions/checkout@v4' (SHA:11d5960a326750d5838078e36cf38b85af677262)
2026-10-05T22:13:51.1559649Z Download action repository 'pnpm/action-setup@v4' (SHA:b906affcce14559ad1aafd4ab0e942779e9f58b1)
2026-10-05T22:13:51.6468451Z Download action repository 'actions/setup-node@v4' (SHA:49933ea5288caeca8642d1e84afbd3f7d6820020)
2026-10-05T22:13:51.8461562Z Complete job name: validate-services
2026-10-05T22:13:51.9126996Z ##[group]Run actions/checkout@v4
2026-10-05T22:13:51.9127873Z with:
2026-10-05T22:13:51.9128411Z   repository: sveltery/cms
2026-10-05T22:13:51.9132330Z   token: ***
2026-10-05T22:13:51.9132925Z   ssh-strict: true
2026-10-05T22:13:51.9133439Z   ssh-user: git
2026-10-05T22:13:51.9133962Z   persist-credentials: true
2026-10-05T22:13:51.9134522Z   clean: true
2026-10-05T22:13:51.9135065Z   sparse-checkout-cone-mode: true
2026-10-05T22:13:51.9135662Z   fetch-depth: 1
2026-10-05T22:13:51.9136156Z   fetch-tags: false
2026-10-05T22:13:51.9136649Z   show-progress: true
2026-10-05T22:13:51.9137186Z   lfs: false
2026-10-05T22:13:51.9137689Z   submodules: false
2026-10-05T22:13:51.9138262Z   set-safe-directory: true
2026-10-05T22:13:51.9138827Z   allow-unsafe-pr-checkout: false
2026-10-05T22:13:51.9139581Z ##[endgroup]
2026-10-05T22:13:52.0134120Z Syncing repository: sveltery/cms
2026-10-05T22:13:52.0136801Z ##[group]Getting Git version info
2026-10-05T22:13:52.0137992Z Working directory is '/home/runner/work/cms/cms'
2026-10-05T22:13:52.0139581Z [command]/usr/bin/git version
2026-10-05T22:13:52.0232321Z git version 2.55.0
2026-10-05T22:13:52.0251484Z ##[endgroup]
2026-10-05T22:13:52.0266019Z Temporarily overriding HOME='/home/runner/work/_temp/1748e95d-d77d-4642-83c0-e15f0de16da8' before making global git config changes
2026-10-05T22:13:52.0268358Z Adding repository directory to the temporary git global config as a safe directory
2026-10-05T22:13:52.0271626Z [command]/usr/bin/git config --global --add safe.directory /home/runner/work/cms/cms
2026-10-05T22:13:52.0323778Z Deleting the contents of '/home/runner/work/cms/cms'
2026-10-05T22:13:52.0328697Z ##[group]Initializing the repository
2026-10-05T22:13:52.0333861Z [command]/usr/bin/git init /home/runner/work/cms/cms
2026-10-05T22:13:52.0446283Z hint: Using 'master' as the name for the initial branch. This default branch name
2026-10-05T22:13:52.0447504Z hint: will change to "main" in Git 3.0. To configure the initial branch name
2026-10-05T22:13:52.0448807Z hint: to use in all of your new repositories, which will suppress this warning,
2026-10-05T22:13:52.0449622Z hint: call:
2026-10-05T22:13:52.0450155Z hint:
2026-10-05T22:13:52.0450749Z hint: 	git config --global init.defaultBranch <name>
2026-10-05T22:13:52.0451640Z hint:
2026-10-05T22:13:52.0452524Z hint: Names commonly chosen instead of 'master' are 'main', 'trunk' and
2026-10-05T22:13:52.0453866Z hint: 'development'. The just-created branch can be renamed via this command:
2026-10-05T22:13:52.0455032Z hint:
2026-10-05T22:13:52.0455739Z hint: 	git branch -m <name>
2026-10-05T22:13:52.0456312Z hint:
2026-10-05T22:13:52.0456983Z hint: Disable this message with "git config set advice.defaultBranchName false"
2026-10-05T22:13:52.0458054Z Initialized empty Git repository in /home/runner/work/cms/cms/.git/
2026-10-05T22:13:52.0467650Z [command]/usr/bin/git remote add origin https://github.com/sveltery/cms
2026-10-05T22:13:52.0665801Z ##[endgroup]
2026-10-05T22:13:52.0667409Z ##[group]Disabling automatic garbage collection
2026-10-05T22:13:52.0676703Z [command]/usr/bin/git config --local gc.auto 0
2026-10-05T22:13:52.0702627Z ##[endgroup]
2026-10-05T22:13:52.0704139Z ##[group]Setting up auth
2026-10-05T22:13:52.0713651Z [command]/usr/bin/git config --local --name-only --get-regexp core\.sshCommand
2026-10-05T22:13:52.0759273Z [command]/usr/bin/git submodule foreach --recursive sh -c "git config --local --name-only --get-regexp 'core\.sshCommand' && git config --local --unset-all 'core.sshCommand' || :"
2026-10-05T22:13:52.1095763Z [command]/usr/bin/git config --local --name-only --get-regexp http\.https\:\/\/github\.com\/\.extraheader
2026-10-05T22:13:52.1124493Z [command]/usr/bin/git submodule foreach --recursive sh -c "git config --local --name-only --get-regexp 'http\.https\:\/\/github\.com\/\.extraheader' && git config --local --unset-all 'http.https://github.com/.extraheader' || :"
2026-10-05T22:13:52.1305329Z [command]/usr/bin/git config --local --name-only --get-regexp ^includeIf\.gitdir:
2026-10-05T22:13:52.1334782Z [command]/usr/bin/git submodule foreach --recursive git config --local --show-origin --name-only --get-regexp remote.origin.url
2026-10-05T22:13:52.1514324Z [command]/usr/bin/git config --local http.https://github.com/.extraheader AUTHORIZATION: basic ***
2026-10-05T22:13:52.1552205Z ##[endgroup]
2026-10-05T22:13:52.1553338Z ##[group]Fetching the repository
2026-10-05T22:13:52.1560801Z [command]/usr/bin/git -c protocol.version=2 fetch --no-tags --prune --no-recurse-submodules --depth=1 origin +073f62235ac8662b7c6eb4ec0ea3182efd9cc1b8:refs/remotes/pull/115/merge
2026-10-05T22:13:53.2952016Z From https://github.com/sveltery/cms
2026-10-05T22:13:53.2954306Z  * [new ref]         073f62235ac8662b7c6eb4ec0ea3182efd9cc1b8 -> pull/115/merge
2026-10-05T22:13:53.2958485Z ##[endgroup]
2026-10-05T22:13:53.2960182Z ##[group]Determining the checkout info
2026-10-05T22:13:53.2962111Z ##[endgroup]
2026-10-05T22:13:53.2963722Z [command]/usr/bin/git sparse-checkout disable
2026-10-05T22:13:53.3015346Z [command]/usr/bin/git config --local --unset-all extensions.worktreeConfig
2026-10-05T22:13:53.3048278Z ##[group]Checking out the ref
2026-10-05T22:13:53.3050595Z [command]/usr/bin/git checkout --progress --force refs/remotes/pull/115/merge
2026-10-05T22:13:53.5887695Z Note: switching to 'refs/remotes/pull/115/merge'.
2026-10-05T22:13:53.5888139Z 
2026-10-05T22:13:53.5888405Z You are in 'detached HEAD' state. You can look around, make experimental
2026-10-05T22:13:53.5888984Z changes and commit them, and you can discard any commits you make in this
2026-10-05T22:13:53.5889539Z state without impacting any branches by switching back to a branch.
2026-10-05T22:13:53.5889864Z 
2026-10-05T22:13:53.5890119Z If you want to create a new branch to retain commits you create, you may
2026-10-05T22:13:53.5890654Z do so (now or later) by using -c with the switch command. Example:
2026-10-05T22:13:53.5890932Z 
2026-10-05T22:13:53.5891087Z   git switch -c <new-branch-name>
2026-10-05T22:13:53.5891985Z 
2026-10-05T22:13:53.5892187Z Or undo this operation with:
2026-10-05T22:13:53.5892387Z 
2026-10-05T22:13:53.5892524Z   git switch -
2026-10-05T22:13:53.5892775Z 
2026-10-05T22:13:53.5893082Z Turn off this advice by setting config variable advice.detachedHead to false
2026-10-05T22:13:53.5893398Z 
2026-10-05T22:13:53.5893792Z HEAD is now at 073f622 Merge a65d72e4facc3a3b4e12ad41c5830a0515f944f9 into 028dce4a9d71d47f9b9c9bb3e96d7496d11b70ec
2026-10-05T22:13:53.6071625Z ##[endgroup]
2026-10-05T22:13:53.6111799Z [command]/usr/bin/git log -1 --format=%H
2026-10-05T22:13:53.6134326Z 073f62235ac8662b7c6eb4ec0ea3182efd9cc1b8
2026-10-05T22:13:53.6363137Z ##[group]Run pnpm/action-setup@v4
2026-10-05T22:13:53.6363493Z with:
2026-10-05T22:13:53.6363763Z   version: 12.6.0
2026-10-05T22:13:53.6364045Z   dest: ~/setup-pnpm
2026-10-05T22:13:53.6364326Z   run_install: null
2026-10-05T22:13:53.6364592Z   cache: false
2026-10-05T22:13:53.6364872Z   cache_dependency_path: pnpm-lock.yaml
2026-10-05T22:13:53.6365256Z   package_json_file: package.json
2026-10-05T22:13:53.6365558Z   standalone: false
2026-10-05T22:13:53.6365830Z ##[endgroup]
2026-10-05T22:13:53.7730837Z ##[group]Running self-installer...
2026-10-05T22:13:54.1703931Z (node:2309) [DEP0169] DeprecationWarning: `url.parse()` behavior is not standardized and prone to errors that have security implications. Use the WHATWG URL API instead. CVEs are not issued for `url.parse()` vulnerabilities.
2026-10-05T22:13:54.1705557Z (Use `node --trace-deprecation ...` to show where the warning was created)
2026-10-05T22:13:54.3327557Z Progress: resolved 1, reused 0, downloaded 0, added 0
2026-10-05T22:13:54.4653950Z Packages: +3
2026-10-05T22:13:54.4654482Z +++
2026-10-05T22:13:55.1999704Z Progress: resolved 15, reused 0, downloaded 3, added 3, done
2026-10-05T22:13:55.2196843Z .../.pnpm/pnpm@12.6.0/node_modules/pnpm preinstall$ node install.js
2026-10-05T22:13:58.7880022Z .../.pnpm/pnpm@12.6.0/node_modules/pnpm preinstall: Done
2026-10-05T22:13:58.7884913Z .../.pnpm/pnpm@12.6.0/node_modules/pnpm postinstall$ node install.js
2026-10-05T22:13:58.8277770Z .../.pnpm/pnpm@12.6.0/node_modules/pnpm postinstall: Done
2026-10-05T22:14:00.2846486Z 
2026-10-05T22:14:00.2847040Z dependencies:
2026-10-05T22:14:00.2848106Z + pnpm 12.6.0 (12.9.1 is available)
2026-10-05T22:14:00.2848354Z 
2026-10-05T22:14:00.2876883Z Done in 6.3s
2026-10-05T22:14:00.3107186Z ##[endgroup]
2026-10-05T22:14:00.3107642Z Installation Completed!
2026-10-05T22:14:00.3285038Z ##[group]Run actions/setup-node@v4
2026-10-05T22:14:00.3285380Z with:
2026-10-05T22:14:00.3285632Z   node-version: 24
2026-10-05T22:14:00.3285868Z   cache: pnpm
2026-10-05T22:14:00.3286122Z   always-auth: false
2026-10-05T22:14:00.3286374Z   check-latest: false
2026-10-05T22:14:00.3288480Z   token: ***
2026-10-05T22:14:00.3288710Z env:
2026-10-05T22:14:00.3288982Z   PNPM_HOME: /home/runner/setup-pnpm/node_modules/.bin
2026-10-05T22:14:00.3289313Z ##[endgroup]
2026-10-05T22:14:00.4707084Z Found in cache @ /opt/hostedtoolcache/node/24.21.0/x64
2026-10-05T22:14:00.4710732Z (node:2339) [DEP0040] DeprecationWarning: The `punycode` module is deprecated. Please use a userland alternative instead.
2026-10-05T22:14:00.4711723Z (Use `node --trace-deprecation ...` to show where the warning was created)
2026-10-05T22:14:00.4713538Z ##[group]Environment details
2026-10-05T22:14:03.6834919Z node: v24.21.0
2026-10-05T22:14:03.6835341Z npm: 11.19.0
2026-10-05T22:14:03.6835545Z yarn: 1.22.22
2026-10-05T22:14:03.6836662Z ##[endgroup]
2026-10-05T22:14:03.6859383Z [command]/home/runner/setup-pnpm/node_modules/.bin/pnpm store path --silent
2026-10-05T22:14:03.7002534Z /home/runner/setup-pnpm/node_modules/.bin/store/v11
2026-10-05T22:14:03.8158304Z Cache hit for: node-cache-Linux-x64-pnpm-1b2c24200cfd1316e3dce863a9b3fb0280999a2d25c6d06742c40f0c6929ea4d
2026-10-05T22:14:03.8257058Z (node:2339) [DEP0169] DeprecationWarning: `url.parse()` behavior is not standardized and prone to errors that have security implications. Use the WHATWG URL API instead. CVEs are not issued for `url.parse()` vulnerabilities.
2026-10-05T22:14:04.9438325Z Received 134217728 of 179827376 (74.6%), 127.6 MBs/sec
2026-10-05T22:14:05.0931163Z Received 179827376 of 179827376 (100.0%), 148.9 MBs/sec
2026-10-05T22:14:05.0932492Z Cache Size: ~171 MB (179827376 B)
2026-10-05T22:14:05.1060163Z [command]/usr/bin/tar -xf /home/runner/work/_temp/4335e74f-d167-441a-a439-508b9bf2fc88/cache.tzst -P -C /home/runner/work/cms/cms --use-compress-program unzstd
2026-10-05T22:14:06.3308312Z Cache restored successfully
2026-10-05T22:14:06.3404774Z Cache restored from key: node-cache-Linux-x64-pnpm-1b2c24200cfd1316e3dce863a9b3fb0280999a2d25c6d06742c40f0c6929ea4d
2026-10-05T22:14:06.3554555Z ##[group]Run node --test tests/ci/normal-validation.test.mjs
2026-10-05T22:14:06.3555042Z [36;1mnode --test tests/ci/normal-validation.test.mjs[0m
2026-10-05T22:14:06.3809399Z shell: /usr/bin/bash -e {0}
2026-10-05T22:14:06.3809681Z env:
2026-10-05T22:14:06.3809958Z   PNPM_HOME: /home/runner/setup-pnpm/node_modules/.bin
2026-10-05T22:14:06.3810280Z ##[endgroup]
2026-10-05T22:14:07.3197180Z ✔ normal work uses separate sequential bounded jobs at the same reviewed checkout (2.519674ms)
2026-10-05T22:14:07.3206592Z ✔ required validate runs after every outcome and forwards every mandatory result (0.370931ms)
2026-10-05T22:14:07.3220283Z ✔ local bootstrap and the entire secured browser job remain byte-exact (0.933235ms)
2026-10-05T22:14:07.3221648Z ✔ services executes its complete original command boundary and frozen prerequisite (10.535211ms)
2026-10-05T22:14:07.3222571Z ✔ services stops at pnpm install --frozen-lockfile and preserves its failure status (6.238628ms)
2026-10-05T22:14:07.3223680Z ✔ services stops at pnpm check and preserves its failure status (7.189124ms)
2026-10-05T22:14:07.3224438Z ✔ services stops at pnpm test and preserves its failure status (8.095265ms)
2026-10-05T22:14:07.3225487Z ✔ source executes its complete original command boundary and frozen prerequisite (10.522977ms)
2026-10-05T22:14:07.3226475Z ✔ source stops at pnpm install --frozen-lockfile and preserves its failure status (6.279738ms)
2026-10-05T22:14:07.3227871Z ✔ source stops at pnpm test:source-ports and preserves its failure status (7.381499ms)
2026-10-05T22:14:07.3232340Z ✔ source stops at node node_modules/typescript/bin/tsc --project tsconfig.source-ports.json and preserves its failure status (8.165535ms)
2026-10-05T22:14:07.3234007Z ✔ source stops at pnpm test:ui-source and preserves its failure status (9.469471ms)
2026-10-05T22:14:07.3235229Z ✔ source stops at pnpm test:date-time and preserves its failure status (10.473384ms)
2026-10-05T22:14:07.3238608Z ✔ hosting executes its complete original command boundary and frozen prerequisite (12.497677ms)
2026-10-05T22:14:07.3239650Z ✔ hosting stops at pnpm install --frozen-lockfile and preserves its failure status (6.200213ms)
2026-10-05T22:14:07.3240304Z ✔ hosting stops at pnpm build and preserves its failure status (7.553664ms)
2026-10-05T22:14:07.3240933Z ✔ hosting stops at pnpm test:production and preserves its failure status (12.277413ms)
2026-10-05T22:14:07.3241849Z ✔ hosting stops at pnpm package:node and preserves its failure status (9.802975ms)
2026-10-05T22:14:07.3242461Z ✔ hosting stops at pnpm test:node and preserves its failure status (10.756543ms)
2026-10-05T22:14:07.3243092Z ✔ hosting stops at pnpm build:cloudflare and preserves its failure status (11.896928ms)
2026-10-05T22:14:07.3243755Z ✔ hosting stops at pnpm test:cloudflare and preserves its failure status (12.608257ms)
2026-10-05T22:14:07.3244519Z ✔ ordered phases execute all thirteen original commands exactly once plus two isolated frozen installs (31.713913ms)
2026-10-05T22:14:07.3245303Z ✔ unknown or missing phase rejects before executing any prerequisite or workload (4.606075ms)
2026-10-05T22:14:07.3245961Z ✔ required aggregate succeeds only after all three normal jobs succeed (29.432215ms)
2026-10-05T22:14:07.3246769Z ✔ required aggregate fails closed for failure, cancellation, skipping, empty and unknown results in each job (425.840262ms)
2026-10-05T22:14:07.3247811Z ✔ missing or extra mandatory aggregate results are rejected (113.494761ms)
2026-10-05T22:14:07.3333697Z ℹ tests 26
2026-10-05T22:14:07.3334064Z ℹ suites 0
2026-10-05T22:14:07.3334393Z ℹ pass 26
2026-10-05T22:14:07.3334620Z ℹ fail 0
2026-10-05T22:14:07.3334864Z ℹ cancelled 0
2026-10-05T22:14:07.3335159Z ℹ skipped 0
2026-10-05T22:14:07.3335406Z ℹ todo 0
2026-10-05T22:14:07.3335705Z ℹ duration_ms 876.357788
2026-10-05T22:14:07.3430322Z ##[group]Run sh scripts/ci-validation-phase.sh services
2026-10-05T22:14:07.3430734Z [36;1msh scripts/ci-validation-phase.sh services[0m
2026-10-05T22:14:07.3473727Z shell: /usr/bin/bash -e {0}
2026-10-05T22:14:07.3474013Z env:
2026-10-05T22:14:07.3474276Z   PNPM_HOME: /home/runner/setup-pnpm/node_modules/.bin
2026-10-05T22:14:07.3474580Z ##[endgroup]
2026-10-05T22:14:07.3931920Z 
2026-10-05T22:14:07.3932957Z [validate] start: frozen dependency install
2026-10-05T22:14:07.4357209Z ? Verifying lockfile against supply-chain policies (636 entries)...
2026-10-05T22:14:07.6003736Z Packages are hard linked from the content-addressable store to the virtual store.
2026-10-05T22:14:07.6005866Z   Content-addressable store is at: /home/runner/setup-pnpm/node_modules/.bin/store/v11
2026-10-05T22:14:07.6006887Z   Virtual store is at:             node_modules/.pnpm
2026-10-05T22:14:10.4487688Z ✓ Lockfile passes supply-chain policies (636 entries in 3s)
2026-10-05T22:14:10.4488510Z Lockfile is up to date, resolution step is skipped
2026-10-05T22:14:10.4582011Z Packages: +505
2026-10-05T22:14:10.4583064Z ++++++++++++++++++++++++++++++++++++++++++++++++++++++++++++++++++++++++++++++++
2026-10-05T22:14:10.5038398Z Progress: resolved 505, reused 505, downloaded 0, added 505, done
2026-10-05T22:14:10.8027264Z . prepare$ svelte-kit sync
2026-10-05T22:14:11.8921351Z . prepare: Done
2026-10-05T22:14:11.8932272Z 
2026-10-05T22:14:11.8933352Z dependencies:
2026-10-05T22:14:11.8939037Z + @codemirror/autocomplete 6.20.3
2026-10-05T22:14:11.8939660Z + @codemirror/commands 6.10.4
2026-10-05T22:14:11.8940170Z + @codemirror/lang-css 6.3.1
2026-10-05T22:14:11.8940636Z + @codemirror/lang-html 6.4.12
2026-10-05T22:14:11.8941071Z + @codemirror/lang-javascript 6.2.5
2026-10-05T22:14:11.8941676Z + @codemirror/language 6.12.4
2026-10-05T22:14:11.8942060Z + @codemirror/state 6.7.1
2026-10-05T22:14:11.8942484Z + @codemirror/view 6.43.8
2026-10-05T22:14:11.8942825Z + @lezer/highlight 1.2.3
2026-10-05T22:14:11.8943251Z + @oslojs/crypto 1.0.1
2026-10-05T22:14:11.8943653Z + @oslojs/encoding 1.1.0
2026-10-05T22:14:11.8944032Z + @oslojs/webauthn 1.0.0
2026-10-05T22:14:11.8944375Z + @tiptap/core 3.20.0
2026-10-05T22:14:11.8944865Z + @tiptap/extension-character-count 3.20.0
2026-10-05T22:14:11.8945385Z + @tiptap/extension-code 3.20.0
2026-10-05T22:14:11.8945897Z + @tiptap/extension-code-block-lowlight 3.20.0
2026-10-05T22:14:11.8946399Z + @tiptap/extension-focus 3.20.0
2026-10-05T22:14:11.8946832Z + @tiptap/extension-link 3.20.0
2026-10-05T22:14:11.8947290Z + @tiptap/extension-list 3.20.0
2026-10-05T22:14:11.8947809Z + @tiptap/extension-placeholder 3.20.0
2026-10-05T22:14:11.8948277Z + @tiptap/extension-subscript 3.20.0
2026-10-05T22:14:11.8948788Z + @tiptap/extension-superscript 3.20.0
2026-10-05T22:14:11.8949248Z + @tiptap/extension-table 3.20.0
2026-10-05T22:14:11.8949740Z + @tiptap/extension-table-cell 3.20.0
2026-10-05T22:14:11.8950218Z + @tiptap/extension-table-header 3.20.0
2026-10-05T22:14:11.8950737Z + @tiptap/extension-table-row 3.20.0
2026-10-05T22:14:11.8951310Z + @tiptap/extension-text-align 3.20.0
2026-10-05T22:14:11.8951850Z + @tiptap/extension-typography 3.20.0
2026-10-05T22:14:11.8952240Z + @tiptap/pm 3.20.0
2026-10-05T22:14:11.8952632Z + @tiptap/starter-kit 3.20.0
2026-10-05T22:14:11.8953058Z + @tiptap/suggestion 3.20.0
2026-10-05T22:14:11.8953552Z + @wordpress/block-serialization-default-parser 5.38.0
2026-10-05T22:14:11.8954016Z + blurhash 2.0.5
2026-10-05T22:14:11.8954649Z + cn 0.2.2
2026-10-05T22:14:11.8955028Z + date-fns 4.1.0
2026-10-05T22:14:11.8955340Z + dompurify 3.3.2
2026-10-05T22:14:11.8955999Z + highlight.js 11.11.2
2026-10-05T22:14:11.8956324Z + image-size 2.0.2
2026-10-05T22:14:11.8956609Z + jpeg-js 0.4.4
2026-10-05T22:14:11.8956923Z + jsonc-parser 3.3.1
2026-10-05T22:14:11.8957209Z + kysely 0.29.2
2026-10-05T22:14:11.8957493Z + lowlight 3.3.0
2026-10-05T22:14:11.8957835Z + mime 4.1.0
2026-10-05T22:14:11.8958106Z + parse5 7.3.0
2026-10-05T22:14:11.8958404Z + smol-toml 1.6.0
2026-10-05T22:14:11.8958861Z + ulidx 2.4.1
2026-10-05T22:14:11.8959206Z + upng-js 2.1.0
2026-10-05T22:14:11.8959486Z + valibot 1.5.0
2026-10-05T22:14:11.8959751Z + zod 4.5.4
2026-10-05T22:14:11.8959910Z 
2026-10-05T22:14:11.8960046Z devDependencies:
2026-10-05T22:14:11.8960358Z + @babel/core 7.29.7
2026-10-05T22:14:11.8960688Z + @cloudflare/kumo 2.6.0
2026-10-05T22:14:11.8961101Z + @cloudflare/workers-types 4.20260507.1
2026-10-05T22:14:11.8972245Z + @lingui/babel-plugin-lingui-macro 5.9.5
2026-10-05T22:14:11.8972723Z + @lingui/conf 5.9.5
2026-10-05T22:14:11.8973045Z + @lingui/core 5.9.5
2026-10-05T22:14:11.8973404Z + @lingui/react 5.9.5
2026-10-05T22:14:11.8973759Z + @playwright/test 1.63.0
2026-10-05T22:14:11.8974056Z + @sveltejs/adapter-auto 7.0.1
2026-10-05T22:14:11.8974642Z + @sveltejs/adapter-cloudflare 7.2.9
2026-10-05T22:14:11.8975184Z + @sveltejs/adapter-node 5.5.7
2026-10-05T22:14:11.8975599Z + @sveltejs/kit 2.70.3
2026-10-05T22:14:11.8976120Z + @sveltejs/vite-plugin-svelte 7.3.1
2026-10-05T22:14:11.8976469Z + @tanstack/react-query 5.90.21
2026-10-05T22:14:11.8976820Z + @tanstack/react-router 1.163.2
2026-10-05T22:14:11.8977418Z + @testing-library/react 16.3.2
2026-10-05T22:14:11.8977904Z + @tiptap/react 3.20.0
2026-10-05T22:14:11.8978143Z + @types/jsdom 30.0.0
2026-10-05T22:14:11.8978380Z + @types/node 24.19.0
2026-10-05T22:14:11.8978634Z + @types/react 19.3.0
2026-10-05T22:14:11.8978868Z + @types/react-dom 19.3.0
2026-10-05T22:14:11.8979151Z + @vitest/browser-playwright 4.1.10
2026-10-05T22:14:11.8979470Z + devalue 5.9.4
2026-10-05T22:14:11.8979953Z + jsdom 30.1.1
2026-10-05T22:14:11.8980318Z + miniflare 4.20260507.1
2026-10-05T22:14:11.8980835Z + pg 8.18.0
2026-10-05T22:14:11.8981040Z + react 19.3.0
2026-10-05T22:14:11.8981561Z + react-dom 19.3.0
2026-10-05T22:14:11.8981870Z + svelte 5.57.1
2026-10-05T22:14:11.8982180Z + svelte-check 4.7.6
2026-10-05T22:14:11.8982504Z + typescript 6.0.3
2026-10-05T22:14:11.8982841Z + vite 8.3.2
2026-10-05T22:14:11.8983098Z + vitest 4.1.10
2026-10-05T22:14:11.8983334Z + vitest-browser-react 2.2.0
2026-10-05T22:14:11.8983790Z + wrangler 4.99.0
2026-10-05T22:14:11.8983922Z 
2026-10-05T22:14:11.8984108Z Done in 4.5s using pnpm v12.6.0
2026-10-05T22:14:11.9142118Z [validate] finished: frozen dependency install
2026-10-05T22:14:11.9142425Z 
2026-10-05T22:14:11.9142609Z [validate] start: type and Svelte checks
2026-10-05T22:14:11.9288866Z $ svelte-kit sync && svelte-check --tsconfig ./tsconfig.json
2026-10-05T22:14:40.6533354Z Loading svelte-check in workspace: /home/runner/work/cms/cms
2026-10-05T22:14:40.6533983Z Getting Svelte diagnostics...
2026-10-05T22:14:40.6534286Z 
2026-10-05T22:14:40.6628327Z [32msvelte-check found 0 errors and 0 warnings
2026-10-05T22:14:40.7329182Z [39m[validate] finished: type and Svelte checks
2026-10-05T22:14:40.7329577Z 
2026-10-05T22:14:40.7329857Z [validate] start: service tests
2026-10-05T22:14:40.7478834Z $ node --test tests/*.test.ts
2026-10-05T22:14:40.9830474Z ✔ local: cookie flags preserve Astro production defaults and deletion scope (2.328714ms)
2026-10-05T22:14:40.9832214Z ✔ local SvelteKit substitution: same-origin session mutations need no custom header (42.358126ms)
2026-10-05T22:14:40.9834165Z ✔ local SvelteKit substitution: custom headers never override a missing or foreign origin (5.519272ms)
2026-10-05T22:14:40.9840988Z ✔ local: safe methods pass origin guard; bad server origin configuration cannot admit mutations (0.636841ms)
2026-10-05T22:14:40.9852336Z ✔ local: invalid runtime role and prototype permission keys fail closed (0.435892ms)
2026-10-05T22:14:40.9870020Z ✔ local: missing and insufficient principals throw the exact permission error codes (1.444835ms)
2026-10-05T22:14:41.0081487Z ✔ returns the session user when the read resolves [session-user.test.ts:11] (2.983878ms)
2026-10-05T22:14:41.0114805Z ✔ returns undefined when there is no session [session-user.test.ts:17] (0.244853ms)
2026-10-05T22:14:41.0142833Z ✔ falls back to undefined instead of hanging when the read never settles [session-user.test.ts:23] (19.758292ms)
2026-10-05T22:14:41.0144853Z ✔ fails closed to undefined when the read rejects [session-user.test.ts:30] (0.826097ms)
2026-10-05T22:14:41.0154943Z ✔ local: resolver catches synchronous throws and anchors pending reads (0.704756ms)
2026-10-05T22:14:41.0156124Z ✔ local: SHA-256 hashes decoded token bytes with the upstream encoding (8.180815ms)
2026-10-05T22:14:41.0157393Z ✔ local: session resolution returns only a frozen current database identity and role (2.22058ms)
2026-10-05T22:14:41.0158743Z ✔ local: no cookie/store and malformed cookies incur zero storage calls (0.431535ms)
2026-10-05T22:14:41.0159912Z ✔ local: expiry denies at and beyond the exact boundary without renewal (3.644199ms)
2026-10-05T22:14:41.0160927Z ✔ local: missing, disabled and invalid records all deny (4.968307ms)
2026-10-05T22:14:41.0162093Z ✔ local: current role changes are observed on every resolution (4.487618ms)
2026-10-05T22:14:41.0163148Z ✔ local: revocation invalidates the same credential and is idempotent (1.571911ms)
2026-10-05T22:14:41.0164342Z ✔ local: failed revocation propagates, while failed/stalled resolution denies (21.990404ms)
2026-10-05T22:14:41.0165589Z ✔ local: a session that expires while its store read is pending cannot authenticate (0.773765ms)
2026-10-05T22:14:41.0167051Z ✔ local: public hashing and resolution reject noncanonical trailing bits before storage (3.618691ms)
2026-10-05T22:14:41.0168313Z ✔ local: stalled digest remains inside the resolver timeout and request lifetime (20.854051ms)
2026-10-05T22:14:41.1595155Z ✔ local Node SQLite: empty auth schema creates no account, credential or default admin (28.62024ms)
2026-10-05T22:14:41.2063594Z ✔ local Node SQLite: current role, disabled/deleted users, expiry and revocation across reopen (49.004707ms)
2026-10-05T22:14:41.2234388Z ▶ rbac
2026-10-05T22:14:41.2262568Z   ▶ hasPermission
2026-10-05T22:14:41.2282562Z     ✔ returns false for null user [rbac.ts:15] (3.076103ms)
2026-10-05T22:14:41.2322737Z     ✔ returns false for undefined user [rbac.ts:19] (0.201808ms)
2026-10-05T22:14:41.2352516Z     ✔ allows subscriber to read content [rbac.ts:23] (0.205243ms)
2026-10-05T22:14:41.2382206Z     ✔ denies subscriber from creating content [rbac.ts:27] (0.403126ms)
2026-10-05T22:14:41.2412180Z     ✔ allows contributor to create content [rbac.ts:31] (0.231317ms)
2026-10-05T22:14:41.2462237Z     ✔ allows admin to do anything [rbac.ts:35] (0.33341ms)
2026-10-05T22:14:41.2488151Z     ✔ denies editor from managing users [rbac.ts:43] (1.329166ms)
2026-10-05T22:14:41.2512171Z     ✔ allows author to edit own media [rbac.ts:47] (0.202948ms)
2026-10-05T22:14:41.2512943Z     ✔ denies contributor from editing media [rbac.ts:51] (0.545018ms)
2026-10-05T22:14:41.2682276Z     ✔ allows editor to edit any media [rbac.ts:55] (0.825344ms)
2026-10-05T22:14:41.2742633Z     ✔ denies author from editing any media [rbac.ts:59] (0.177549ms)
2026-10-05T22:14:41.2765541Z     ✔ denies subscriber from reading drafts [rbac.ts:65] (0.117117ms)
2026-10-05T22:14:41.2766795Z     ✔ allows contributor to read drafts [rbac.ts:69] (0.702782ms)
2026-10-05T22:14:41.2796185Z     ✔ allows editor to read drafts [rbac.ts:73] (0.128758ms)
2026-10-05T22:14:41.2822189Z   ✔ hasPermission (10.753557ms)
2026-10-05T22:14:41.2851913Z   ▶ requirePermission
2026-10-05T22:14:41.2881957Z     ✔ throws for null user [rbac.ts:79] (0.793718ms)
2026-10-05T22:14:41.2882608Z     ✔ throws unauthorized for missing user [rbac.ts:83] (0.222831ms)
2026-10-05T22:14:41.2912605Z     ✔ throws forbidden for insufficient permissions [rbac.ts:92] (0.148555ms)
2026-10-05T22:14:41.2942418Z     ✔ does not throw for sufficient permissions [rbac.ts:101] (0.186284ms)
2026-10-05T22:14:41.2953231Z   ✔ requirePermission (1.617918ms)
2026-10-05T22:14:41.2972202Z   ▶ canActOnOwn
2026-10-05T22:14:41.3002655Z     ✔ allows action on own resource with own permission [rbac.ts:109] (0.23029ms)
2026-10-05T22:14:41.3032556Z     ✔ denies action on others resource without any permission [rbac.ts:113] (0.087579ms)
2026-10-05T22:14:41.3042181Z     ✔ allows editor to edit any resource [rbac.ts:117] (0.104214ms)
2026-10-05T22:14:41.3062810Z     ✔ allows author to edit own media [rbac.ts:122] (0.082476ms)
2026-10-05T22:14:41.3092386Z     ✔ denies author from editing others media [rbac.ts:126] (0.071443ms)
2026-10-05T22:14:41.3106515Z     ✔ denies contributor from editing any media (including own) [rbac.ts:130] (0.077896ms)
2026-10-05T22:14:41.3107628Z     ✔ allows editor to edit any media [rbac.ts:135] (0.278849ms)
2026-10-05T22:14:41.3136423Z     ✔ F17: empty-string ownerId is not treated as 'owned by user with id '' [rbac.ts:140] (0.119206ms)
2026-10-05T22:14:41.3146588Z   ✔ canActOnOwn (1.390059ms)
2026-10-05T22:14:41.3175864Z   ▶ requirePermissionOnResource
2026-10-05T22:14:41.3195165Z     ✔ allows author to edit own content [rbac.ts:169] (0.168897ms)
2026-10-05T22:14:41.3222554Z     ✔ throws for author editing others content [rbac.ts:176] (0.357389ms)
2026-10-05T22:14:41.3252401Z   ✔ requirePermissionOnResource (0.801103ms)
2026-10-05T22:14:41.3265150Z ✔ rbac (15.584188ms)
2026-10-05T22:14:42.0193182Z ✔ local workerd: portable auth core runs without nodejs_compat or a persistence adapter (375.040619ms)
2026-10-05T22:14:42.1654766Z (node:2961) ExperimentalWarning: stripTypeScriptTypes is an experimental feature and might change at any time
2026-10-05T22:14:42.1680033Z (Use `node --trace-warnings ...` to show where the warning was created)
2026-10-05T22:14:45.5995895Z ✔ raw D1: structured insert uses only its actual atomic capability (3439.722009ms)
2026-10-05T22:14:48.6565414Z ✔ raw D1: structured update uses only its actual atomic capability (3058.425833ms)
2026-10-05T22:14:51.6541028Z ✔ raw D1: structured delete uses only its actual atomic capability (2997.487354ms)
2026-10-05T22:14:54.7216014Z ✔ raw D1: whole Source delete uses only its actual atomic capability (3066.799873ms)
2026-10-05T22:14:57.8944437Z ✔ raw D1: whole Source reorder uses only its actual atomic capability (3172.929755ms)
2026-10-05T22:15:01.9274956Z ✔ raw D1: whole Source pivot replacement uses only its actual atomic capability (4032.044161ms)
2026-10-05T22:15:05.2461711Z ✔ raw D1: whole Source structure save uses only its actual atomic capability (3320.116676ms)
2026-10-05T22:15:07.1245636Z ✔ raw D1: ordinary option storage and whole taxonomy reads remain available (1876.814611ms)
2026-10-05T22:15:10.4197483Z ✔ scoped D1: structured insert uses only its actual atomic capability (3294.633464ms)
2026-10-05T22:15:13.6707973Z ✔ scoped D1: structured update uses only its actual atomic capability (3251.977201ms)
2026-10-05T22:15:16.9150152Z ✔ scoped D1: structured delete uses only its actual atomic capability (3242.568263ms)
2026-10-05T22:15:20.1832552Z ✔ scoped D1: whole Source delete uses only its actual atomic capability (3269.953153ms)
2026-10-05T22:15:23.6140710Z ✔ scoped D1: whole Source reorder uses only its actual atomic capability (3430.421406ms)
2026-10-05T22:15:26.9938373Z ✔ scoped D1: whole Source pivot replacement uses only its actual atomic capability (3380.585646ms)
2026-10-05T22:15:30.3205132Z ✔ scoped D1: whole Source structure save uses only its actual atomic capability (3325.706055ms)
2026-10-05T22:15:32.0587178Z ✔ scoped D1: ordinary option storage and whole taxonomy reads remain available (1740.332037ms)
2026-10-05T22:15:32.1213667Z ✔ Node: genuine v5 upgrade and persisted v16 reopen preserve content and operator objects (240.034377ms)
2026-10-05T22:15:32.1215229Z ✔ Node: a future Source-named trigger collision is refused before any startup write (84.910579ms)
2026-10-05T22:15:32.1219394Z ✔ Node: a real late-batch SQLite failure rolls back the complete v0→16 installation (99.521013ms)
2026-10-05T22:15:32.1222476Z ✔ Node: a real late-batch SQLite failure rolls back the complete v4→16 installation (99.964664ms)
2026-10-05T22:15:32.1224768Z ✔ raw D1: genuine v5 upgrade and persisted v16 reopen preserve content and operator objects (2831.68617ms)
2026-10-05T22:15:32.1226162Z ✔ raw D1: a future Source-named trigger collision is refused before any startup write (1133.411159ms)
2026-10-05T22:15:32.1227755Z ✔ raw D1: a real late-batch SQLite failure rolls back the complete v0→16 installation (3031.264903ms)
2026-10-05T22:15:32.1229157Z ✔ raw D1: a real late-batch SQLite failure rolls back the complete v4→16 installation (3821.248235ms)
2026-10-05T22:15:32.1234183Z ✔ scoped D1: genuine v5 upgrade and persisted v16 reopen preserve content and operator objects (2866.234185ms)
2026-10-05T22:15:32.1235714Z ✔ scoped D1: a future Source-named trigger collision is refused before any startup write (1228.227397ms)
2026-10-05T22:15:32.1237269Z ✔ scoped D1: a real late-batch SQLite failure rolls back the complete v0→16 installation (3597.41402ms)
2026-10-05T22:15:32.1238617Z ✔ scoped D1: a real late-batch SQLite failure rolls back the complete v4→16 installation (4517.921799ms)
2026-10-05T22:15:32.1239629Z ✔ Node: actual existing and newly created content tables receive Source031 byline indexes (209.217263ms)
2026-10-05T22:15:32.1240663Z ✔ Node: a converted legacy reference remains usable after actual persisted reopen and startup (111.540273ms)
2026-10-05T22:15:32.1242302Z ✔ raw D1: actual existing and newly created content tables receive Source031 byline indexes (2712.663224ms)
2026-10-05T22:15:32.1243842Z ✔ raw D1: a converted legacy reference remains usable after actual persisted reopen and startup (3249.428658ms)
2026-10-05T22:15:32.1245165Z ✔ scoped D1: actual existing and newly created content tables receive Source031 byline indexes (2687.677713ms)
2026-10-05T22:15:32.1246523Z ✔ scoped D1: a converted legacy reference remains usable after actual persisted reopen and startup (3293.392613ms)
2026-10-05T22:15:32.1247580Z ✔ Node: actual redirect host persists its Source loop cache in canonical options (62.402202ms)
2026-10-05T22:15:32.1248354Z ✔ Node: actual menu loader resolves a real canonical taxonomy term (28.739397ms)
2026-10-05T22:15:32.1249115Z ✔ raw D1: actual redirect host persists its Source loop cache in canonical options (1280.472488ms)
2026-10-05T22:15:32.1249826Z ✔ raw D1: actual menu loader resolves a real canonical taxonomy term (1266.728947ms)
2026-10-05T22:15:32.1250580Z ✔ scoped D1: actual redirect host persists its Source loop cache in canonical options (1167.453626ms)
2026-10-05T22:15:32.1251715Z ✔ scoped D1: actual menu loader resolves a real canonical taxonomy term (2073.573233ms)
2026-10-05T22:15:32.1253132Z ✔ Node: complete declared startup census fits D1's100-bind budget and preserves real namespace values (35.86258ms)
2026-10-05T22:15:32.1254426Z ✔ raw D1: complete declared startup census fits D1's100-bind budget and preserves real namespace values (506.150563ms)
2026-10-05T22:15:32.1255747Z ✔ scoped D1: complete declared startup census fits D1's100-bind budget and preserves real namespace values (414.371833ms)
2026-10-05T22:15:32.1256794Z ✔ Node: ordinary startup satisfies actual Menu storage readiness (69.275177ms)
2026-10-05T22:15:32.1257437Z ✔ Node: ordinary startup satisfies actual sections storage readiness (62.723238ms)
2026-10-05T22:15:32.1258360Z ✔ Node: ordinary startup satisfies actual widgets storage readiness (39.753757ms)
2026-10-05T22:15:32.1259132Z ✔ Node: ordinary startup satisfies actual Comments and runtime-dependency readiness (43.69605ms)
2026-10-05T22:15:32.1259876Z ✔ Node: ordinary startup satisfies actual Redirect publication storage readiness (37.499663ms)
2026-10-05T22:15:32.1260547Z ✔ raw D1: ordinary startup satisfies actual Menu storage readiness (1851.774304ms)
2026-10-05T22:15:32.1261289Z ✔ raw D1: ordinary startup satisfies actual sections storage readiness (1731.409443ms)
2026-10-05T22:15:32.1261969Z ✔ raw D1: ordinary startup satisfies actual widgets storage readiness (1665.740967ms)
2026-10-05T22:15:32.1262952Z ✔ raw D1: ordinary startup satisfies actual Comments and runtime-dependency readiness (1733.622331ms)
2026-10-05T22:15:32.1263777Z ✔ raw D1: ordinary startup satisfies actual Redirect publication storage readiness (1679.698628ms)
2026-10-05T22:15:32.1264801Z ✔ scoped D1: ordinary startup satisfies actual Menu storage readiness (1814.870944ms)
2026-10-05T22:15:32.1265991Z ✔ scoped D1: ordinary startup satisfies actual sections storage readiness (1748.863836ms)
2026-10-05T22:15:32.1267075Z ✔ scoped D1: ordinary startup satisfies actual widgets storage readiness (1759.466433ms)
2026-10-05T22:15:32.1268270Z ✔ scoped D1: ordinary startup satisfies actual Comments and runtime-dependency readiness (1743.007951ms)
2026-10-05T22:15:32.1269522Z ✔ scoped D1: ordinary startup satisfies actual Redirect publication storage readiness (1739.320706ms)
2026-10-05T22:15:32.1270773Z ✔ Node: actual public Sections/Widgets factory SQL recognizes its genuine persisted SQLite objects (51.960709ms)
2026-10-05T22:15:32.1272396Z ✔ Node: a real quoted timestamp default remains distinct from the public Menu expression (10.693225ms)
2026-10-05T22:15:32.1273548Z ✔ Node: an actual Redirect trigger retains its observable literal whitespace (26.252015ms)
2026-10-05T22:15:32.1274802Z ✔ raw D1: actual public Sections/Widgets factory SQL recognizes its genuine persisted SQLite objects (515.543324ms)
2026-10-05T22:15:32.1276007Z ✔ raw D1: a real quoted timestamp default remains distinct from the public Menu expression (407.980766ms)
2026-10-05T22:15:32.1277050Z ✔ raw D1: an actual Redirect trigger retains its observable literal whitespace (842.025038ms)
2026-10-05T22:15:32.1278238Z ✔ scoped D1: actual public Sections/Widgets factory SQL recognizes its genuine persisted SQLite objects (478.456579ms)
2026-10-05T22:15:32.1279465Z ✔ scoped D1: a real quoted timestamp default remains distinct from the public Menu expression (398.705719ms)
2026-10-05T22:15:32.1280625Z ✔ scoped D1: an actual Redirect trigger retains its observable literal whitespace (841.447041ms)
2026-10-05T22:15:33.2215778Z ✔ Node: ordinary canonical startup installs actual contiguous providers through 16 (48.296894ms)
2026-10-05T22:15:33.2217246Z ✔ Node: fresh ordinary startup makes media and byline prerequisites storage available (82.255299ms)
2026-10-05T22:15:33.2218525Z ✔ Node: fresh ordinary startup makes directed content links storage available (64.306603ms)
2026-10-05T22:15:33.2219766Z ✔ Node: fresh ordinary startup makes menus storage available (51.442253ms)
2026-10-05T22:15:33.2221159Z ✔ Node: fresh ordinary startup makes sections and site widgets storage available (54.089744ms)
2026-10-05T22:15:33.2222681Z ✔ Node: fresh ordinary startup makes comments and moderation storage available (42.619258ms)
2026-10-05T22:15:33.2223817Z ✔ Node: fresh ordinary startup makes redirects storage available (44.379241ms)
2026-10-05T22:15:33.2225573Z ✔ raw D1: ordinary canonical startup installs actual contiguous providers through 16 (1834.830448ms)
2026-10-05T22:15:33.2226909Z ✔ raw D1: fresh ordinary startup makes media and byline prerequisites storage available (1768.21352ms)
2026-10-05T22:15:33.2228102Z ✔ raw D1: fresh ordinary startup makes directed content links storage available (1827.333559ms)
2026-10-05T22:15:33.2229217Z ✔ raw D1: fresh ordinary startup makes menus storage available (1885.210003ms)
2026-10-05T22:15:33.2230282Z ✔ raw D1: fresh ordinary startup makes sections and site widgets storage available (1794.702402ms)
2026-10-05T22:15:33.2231678Z ✔ raw D1: fresh ordinary startup makes comments and moderation storage available (1863.067555ms)
2026-10-05T22:15:33.2232847Z ✔ raw D1: fresh ordinary startup makes redirects storage available (1918.194392ms)
2026-10-05T22:15:33.2234139Z ✔ scoped D1: ordinary canonical startup installs actual contiguous providers through 16 (1728.450978ms)
2026-10-05T22:15:33.2236125Z ✔ scoped D1: fresh ordinary startup makes media and byline prerequisites storage available (1796.243852ms)
2026-10-05T22:15:33.2237538Z ✔ scoped D1: fresh ordinary startup makes directed content links storage available (1882.383969ms)
2026-10-05T22:15:33.2238901Z ✔ scoped D1: fresh ordinary startup makes menus storage available (1808.912338ms)
2026-10-05T22:15:33.2239940Z ✔ scoped D1: fresh ordinary startup makes sections and site widgets storage available (1968.516937ms)
2026-10-05T22:15:35.2303757Z ✔ scoped D1: fresh ordinary startup makes comments and moderation storage available (2009.862971ms)
2026-10-05T22:15:37.1807733Z ✔ scoped D1: fresh ordinary startup makes redirects storage available (1951.57898ms)
2026-10-05T22:15:37.2262236Z ✔ Node SQLite: a lowercase declared future trigger refuses startup before any write (90.10578ms)
2026-10-05T22:15:37.2264790Z ✔ Node SQLite: a uppercase declared future trigger refuses startup before any write (30.173306ms)
2026-10-05T22:15:37.2266744Z ✔ raw D1: a lowercase declared future trigger refuses startup before any write (2432.326117ms)
2026-10-05T22:15:37.2268101Z ✔ raw D1: a uppercase declared future trigger refuses startup before any write (2235.466475ms)
2026-10-05T22:15:37.2269113Z ✔ scoped D1: a lowercase declared future trigger refuses startup before any write (2305.449374ms)
2026-10-05T22:15:37.2270031Z ✔ scoped D1: a uppercase declared future trigger refuses startup before any write (2362.244204ms)
2026-10-05T22:15:39.9907130Z (node:3699) ExperimentalWarning: stripTypeScriptTypes is an experimental feature and might change at any time
2026-10-05T22:15:39.9908518Z (Use `node --trace-warnings ...` to show where the warning was created)
2026-10-05T22:15:39.9909952Z ✔ Node SQLite: ordinary options persist across normal installation and reopen (158.271751ms)
2026-10-05T22:15:39.9912784Z ✔ Node SQLite: real taxonomy seeds defaults indexes and group pivot semantics (54.379351ms)
2026-10-05T22:15:39.9914094Z ✔ Node SQLite: normal v5 upgrade preserves every field and exact operator SQL (125.160263ms)
2026-10-05T22:15:39.9925716Z ✔ Node SQLite: failed normal metadata upgrade rolls back all providers and preserves v5 values (42.173122ms)
2026-10-05T22:15:39.9927256Z ✔ Node SQLite: external metadata foreign keys refuse the normal upgrade before writes (32.004531ms)
2026-10-05T22:15:39.9928525Z ✔ Node SQLite: missing or changed owned trigger refuses normal readiness without writes (98.669159ms)
2026-10-05T22:15:39.9929777Z ✔ raw D1: ordinary options persist across normal installation and reopen (2053.298391ms)
2026-10-05T22:15:39.9930992Z ✔ raw D1: real taxonomy seeds defaults indexes and group pivot semantics (1821.913075ms)
2026-10-05T22:15:39.9932462Z ✔ raw D1: normal v5 upgrade preserves every field and exact operator SQL (2778.762086ms)
2026-10-05T22:15:42.3482096Z ✔ raw D1: failed normal metadata upgrade rolls back all providers and preserves v5 values (2357.852133ms)
2026-10-05T22:15:43.1484012Z ✔ raw D1: external metadata foreign keys refuse the normal upgrade before writes (800.580455ms)
2026-10-05T22:15:44.9558727Z ✔ raw D1: missing or changed owned trigger refuses normal readiness without writes (1806.993704ms)
2026-10-05T22:15:46.9760119Z ✔ scoped D1: ordinary options persist across normal installation and reopen (2018.17486ms)
2026-10-05T22:15:48.8176202Z ✔ scoped D1: real taxonomy seeds defaults indexes and group pivot semantics (1843.728332ms)
2026-10-05T22:15:51.5888150Z ✔ scoped D1: normal v5 upgrade preserves every field and exact operator SQL (2771.242933ms)
2026-10-05T22:15:54.0703896Z ✔ scoped D1: failed normal metadata upgrade rolls back all providers and preserves v5 values (2480.518664ms)
2026-10-05T22:15:54.9353507Z ✔ scoped D1: external metadata foreign keys refuse the normal upgrade before writes (865.75972ms)
2026-10-05T22:15:56.9213344Z ✔ scoped D1: missing or changed owned trigger refuses normal readiness without writes (1986.392358ms)
2026-10-05T22:15:56.9698646Z ✔ Node SQLite: normal installer applies real contiguous providers through eight (96.313124ms)
2026-10-05T22:15:56.9700832Z ✔ Node SQLite: normal installation enables actual settings and taxonomy storage (31.790944ms)
2026-10-05T22:15:56.9702922Z ✔ Node SQLite: normal metadata upgrade enables the Source collection field cascade (31.270159ms)
2026-10-05T22:15:56.9704225Z ✔ raw D1: normal installer applies real contiguous providers through eight (2026.250568ms)
2026-10-05T22:15:56.9705362Z ✔ raw D1: normal installation enables actual settings and taxonomy storage (1737.126056ms)
2026-10-05T22:15:56.9706938Z ✔ raw D1: normal metadata upgrade enables the Source collection field cascade (1843.131381ms)
2026-10-05T22:15:56.9731939Z ✔ scoped D1: normal installer applies real contiguous providers through eight (1909.804561ms)
2026-10-05T22:15:56.9771380Z ✔ scoped D1: normal installation enables actual settings and taxonomy storage (1758.657133ms)
2026-10-05T22:15:56.9772577Z ✔ scoped D1: normal metadata upgrade enables the Source collection field cascade (1762.567445ms)
2026-10-05T22:15:56.9773753Z ✔ Node: canonical upgrade carries an existing legacy reference into directed group edges (146.238903ms)
2026-10-05T22:15:56.9774882Z ✔ raw D1: canonical upgrade carries an existing legacy reference into directed group edges (3317.558344ms)
2026-10-05T22:15:56.9776012Z ✔ scoped D1: canonical upgrade carries an existing legacy reference into directed group edges (3443.826735ms)
2026-10-05T22:15:56.9777183Z ✔ Node SQLite: normal option and plugin storage revision triggers retain actual Source values (159.975721ms)
2026-10-05T22:15:56.9778303Z ✔ raw D1: normal option and plugin storage revision triggers retain actual Source values (2126.68361ms)
2026-10-05T22:15:56.9779401Z ✔ scoped D1: normal option and plugin storage revision triggers retain actual Source values (2025.87603ms)
2026-10-05T22:15:56.9780366Z ✔ arbitrary generated field identifiers retain historical quote equivalence (1.949398ms)
2026-10-05T22:15:56.9781491Z ✔ arbitrary generated fields retain quote equivalence in a complete table (0.495863ms)
2026-10-05T22:15:56.9782436Z ✔ a default matching a known column name retains double-quoted literal bytes (0.240048ms)
2026-10-05T22:15:56.9783364Z ✔ a known schema name in a quoted SELECT expression retains literal bytes (0.467307ms)
2026-10-05T22:15:56.9784463Z ✔ canonical schema comparison retains embedded double quotes in single-quoted defaults (1.983418ms)
2026-10-05T22:15:56.9785711Z ✔ canonical schema comparison distinguishes a double-quoted timestamp literal from the expression (0.376958ms)
2026-10-05T22:15:56.9786924Z ✔ canonical schema comparison preserves whitespace inside single-quoted defaults (0.246017ms)
2026-10-05T22:15:56.9788000Z ✔ canonical schema comparison preserves doubled single quotes and enclosed whitespace (0.430861ms)
2026-10-05T22:15:56.9789077Z ✔ canonical schema comparison preserves Unicode nonbreaking whitespace outside literals (0.256309ms)
2026-10-05T22:15:56.9790143Z ✔ canonical schema comparison preserves vertical-tab token boundaries outside literals (0.248462ms)
2026-10-05T22:15:56.9793893Z ✔ canonical schema comparison still accepts known quoted native identifiers and SQLite ASCII whitespace (0.508315ms)
2026-10-05T22:15:56.9795145Z ✔ native atomic batch follows queued reads and commits the completed write bookmark (false) (70.965949ms)
2026-10-05T22:15:56.9796090Z ✔ native atomic batch issued before reads remains first (false) (62.926498ms)
2026-10-05T22:15:56.9797039Z ✔ failed native atomic batch rejects its caller and leaves later reads ordered (false) (62.303303ms)
2026-10-05T22:15:56.9799628Z ✔ native atomic batch follows queued reads and commits the completed write bookmark (true) (42.088584ms)
2026-10-05T22:15:56.9801158Z ✔ native atomic batch issued before reads remains first (true) (40.986001ms)
2026-10-05T22:15:56.9802238Z ✔ failed native atomic batch rejects its caller and leaves later reads ordered (true) (41.029335ms)
2026-10-05T22:15:56.9803447Z ✔ throwing native resolve preserves its completed D1 write bookmark in Kit's outer error response (false) (2012.377936ms)
2026-10-05T22:15:56.9804718Z ✔ throwing native resolve preserves its completed D1 write bookmark in Kit's outer error response (true) (1873.291579ms)
2026-10-05T22:15:56.9806393Z ✔ native D1 runtime scopes each request and commits its authenticated bookmark (2013.700485ms)
2026-10-05T22:15:56.9807356Z ✔ Cloudflare host settings use the trusted binding configuration for D1 Sessions (0.700209ms)
2026-10-05T22:15:56.9808410Z ✔ real D1 authenticates on raw storage before scoping and applies write/bookmark constraints (1946.198072ms)
2026-10-05T22:16:00.5576444Z ✔ Node: 103 persisted drafts paginate without duplicates after storage reopens (382.364208ms)
2026-10-05T22:16:00.5623212Z ✔ D1: 103 persisted drafts paginate without duplicates after storage reopens (8917.940272ms)
2026-10-05T22:16:00.6312582Z ✔ Node: registry.test.ts:234: should update a collection (61.07423ms)
2026-10-05T22:16:00.6350082Z ✔ Node: registry.test.ts:248: touches updatedAt for an empty update (38.638029ms)
2026-10-05T22:16:00.6382544Z ✔ Node: registry.test.ts:336: should throw when updating non-existent collection (33.067313ms)
2026-10-05T22:16:00.6383838Z ✔ D1: registry.test.ts:234: should update a collection (423.077189ms)
2026-10-05T22:16:00.6412614Z ✔ D1: registry.test.ts:248: touches updatedAt for an empty update (303.694791ms)
2026-10-05T22:16:00.6415114Z ✔ D1: registry.test.ts:336: should throw when updating non-existent collection (244.820705ms)
2026-10-05T22:16:00.6418256Z ✔ workerd: collection metadata service runs on the actual D1 binding without nodejs_compat (864.318514ms)
2026-10-05T22:16:00.7802425Z ✔ collection update: permission precedes hostile input and every storage access (2.788681ms)
2026-10-05T22:16:00.7804567Z ✔ Node: metadata partial updates preserve omissions, undefined and explicit [] without schema DDL/version changes (86.019805ms)
2026-10-05T22:16:00.7806265Z ✔ Node: strict bounded metadata/preconditions reject before storage and preserve every row (35.113592ms)
2026-10-05T22:16:00.7807892Z ✔ Node: empty updates strictly advance timestamp even with a frozen clock and stale CAS never writes (43.145248ms)
2026-10-05T22:16:00.7809508Z ✔ Node: changed schema version conflicts and missing collections report NOT_FOUND without writes (49.240076ms)
2026-10-05T22:16:00.7810986Z ✔ Node: race between preflight and actual SQL cannot overwrite another metadata update (38.741496ms)
2026-10-05T22:16:00.7812603Z ✔ Node: unexpected storage failures retain their error and roll back metadata (47.210819ms)
2026-10-05T22:16:00.7814435Z ✔ Node: update returns its own committed row when another writer commits before the adapter returns (58.849902ms)
2026-10-05T22:16:00.7815924Z ✔ Node: metadata survives storage/runtime restart and prior timestamp stays stale (126.193107ms)
2026-10-05T22:16:00.7818651Z ✔ D1: metadata partial updates preserve omissions, undefined and explicit [] without schema DDL/version changes (466.246781ms)
2026-10-05T22:16:00.7820228Z ✔ D1: strict bounded metadata/preconditions reject before storage and preserve every row (311.334827ms)
2026-10-05T22:16:00.7822489Z ✔ D1: empty updates strictly advance timestamp even with a frozen clock and stale CAS never writes (361.520716ms)
2026-10-05T22:16:00.7824233Z ✔ D1: changed schema version conflicts and missing collections report NOT_FOUND without writes (343.272349ms)
2026-10-05T22:16:00.7826169Z ✔ D1: race between preflight and actual SQL cannot overwrite another metadata update (282.208093ms)
2026-10-05T22:16:00.7828484Z ✔ D1: unexpected storage failures retain their error and roll back metadata (307.529926ms)
2026-10-05T22:16:00.7830238Z ✔ D1: update returns its own committed row when another writer commits before the adapter returns (369.960781ms)
2026-10-05T22:16:01.5129131Z ✔ D1: metadata survives storage/runtime restart and prior timestamp stays stale (734.185947ms)
2026-10-05T22:16:01.5564743Z ✔ comments Node SQLite readiness preserves SQL literals: correct (20.774597ms)
2026-10-05T22:16:01.5583384Z ✔ comments Node SQLite readiness preserves SQL literals: default case (8.143146ms)
2026-10-05T22:16:01.5605980Z ✔ comments Node SQLite readiness preserves SQL literals: default whitespace (13.109446ms)
2026-10-05T22:16:01.5642730Z ✔ comments Node SQLite readiness preserves SQL literals: partial index case (8.376864ms)
2026-10-05T22:16:01.5672609Z ✔ comments Node SQLite readiness preserves SQL literals: collection default case (7.492776ms)
2026-10-05T22:16:01.5674232Z ✔ comments Node SQLite readiness preserves SQL literals: source auto approval default (5.877025ms)
2026-10-05T22:16:01.5679714Z ✔ comments Node SQLite readiness preserves SQL literals: comments quoted timestamp (7.723339ms)
2026-10-05T22:16:01.5681452Z ✔ comments Node SQLite readiness preserves SQL literals: reactions quoted timestamp (7.15863ms)
2026-10-05T22:16:01.5682894Z ✔ comments Node SQLite readiness preserves SQL literals: multiword type (7.192092ms)
2026-10-05T22:16:01.5685878Z ✔ comments Node SQLite readiness preserves SQL literals: non-ASCII type whitespace (7.377791ms)
2026-10-05T22:16:01.5687418Z ✔ comments Node SQLite readiness preserves SQL literals: collection Unicode type (7.758448ms)
2026-10-05T22:16:01.5688707Z ✔ comments raw D1 readiness preserves SQL literals: correct (1129.089155ms)
2026-10-05T22:16:01.5690180Z ✔ comments raw D1 readiness preserves SQL literals: default case (82.185543ms)
2026-10-05T22:16:01.5691883Z ✔ comments raw D1 readiness preserves SQL literals: default whitespace (82.174648ms)
2026-10-05T22:16:01.5693290Z ✔ comments raw D1 readiness preserves SQL literals: partial index case (89.264915ms)
2026-10-05T22:16:01.5694576Z ✔ comments raw D1 readiness preserves SQL literals: collection default case (111.517357ms)
2026-10-05T22:16:01.5696023Z ✔ comments raw D1 readiness preserves SQL literals: source auto approval default (96.489112ms)
2026-10-05T22:16:01.5697410Z ✔ comments raw D1 readiness preserves SQL literals: comments quoted timestamp (78.790476ms)
2026-10-05T22:16:01.5699028Z ✔ comments raw D1 readiness preserves SQL literals: reactions quoted timestamp (89.376896ms)
2026-10-05T22:16:01.5700186Z ✔ comments raw D1 readiness preserves SQL literals: multiword type (81.396787ms)
2026-10-05T22:16:01.5731770Z ✔ comments raw D1 readiness preserves SQL literals: non-ASCII type whitespace (77.094211ms)
2026-10-05T22:16:01.5763251Z ✔ comments raw D1 readiness preserves SQL literals: collection Unicode type (75.826386ms)
2026-10-05T22:16:02.4340097Z ✔ comments Node SQLite readiness refuses missing options before requests (15.305257ms)
2026-10-05T22:16:02.4353449Z ✔ comments Node SQLite readiness refuses missing rate limits before requests (6.89861ms)
2026-10-05T22:16:02.4354906Z ✔ comments raw D1 readiness refuses missing options before requests (1194.35675ms)
2026-10-05T22:16:02.5117213Z ✔ comments raw D1 readiness refuses missing rate limits before requests (78.450284ms)
2026-10-05T22:16:02.8301647Z ✔ ordinary content workspace exposes the real Comments inbox (233.321282ms)
2026-10-05T22:16:02.8333365Z ✔ ordinary content workspace exposes both installed Sections and Widgets (1.413497ms)
2026-10-05T22:16:02.8372792Z ✔ common management links retain the pinned Comments Menus Redirects Widgets Sections order (2.259561ms)
2026-10-05T22:16:02.8374757Z ✔ Comments remains selected while editing actual collection comment settings (1.147363ms)
2026-10-05T22:16:02.8378602Z ✔ Sections remains selected on its actual section editor route (1.041682ms)
2026-10-05T22:16:02.8382061Z ✔ all installed management links resolve the application base with the current descendant selected (1.234394ms)
2026-10-05T22:16:02.8384011Z ✔ the pinned editor-level navigation hides administrator Redirects even when read capability is present (1.103405ms)
2026-10-05T22:16:02.8385652Z ✔ read capabilities below the pinned editor display floor expose no management links (0.98741ms)
2026-10-05T22:16:02.8387261Z ✔ Redirects selection follows the current real route without requiring an activePage override (1.505892ms)
2026-10-05T22:16:02.8390981Z ✔ missing feature routes remain absent even for an administrator (1.204689ms)
2026-10-05T22:16:02.8392638Z ✔ schema administration and visible collections remain reachable alongside common navigation (1.012126ms)
2026-10-05T22:16:02.8393984Z ✔ anonymous presentation has no management links (0.807533ms)
2026-10-05T22:16:02.8395693Z ✔ content_update response data reflects the new title (136.531681ms)
2026-10-05T22:16:02.8396749Z ✔ content_get returns the latest draft data after update (102.292102ms)
2026-10-05T22:16:02.8397945Z ✔ multiple sequential updates all reflect on read (98.842725ms)
2026-10-05T22:16:02.8399389Z ✔ publishing a draft makes its data the new live data on read (97.606837ms)
2026-10-05T22:16:02.8400767Z ✔ partial updates merge with current draft (only title changes, body preserved) (105.898049ms)
2026-10-05T22:16:02.8432653Z ✔ content_update on collection without revisions support reflects on read (49.439072ms)
2026-10-05T22:16:02.8453341Z ✔ liveData is undefined when there is no draft revision (46.671209ms)
2026-10-05T22:16:02.8482662Z ✔ liveData carries the published values when a draft revision exists (54.377159ms)
2026-10-05T22:16:04.1231671Z ✔ Node: domain null slug remains distinct with omitted data (85.814352ms)
2026-10-05T22:16:04.1254357Z ✔ Node: domain empty string slug remains distinct with omitted data (36.921893ms)
2026-10-05T22:16:04.1272181Z ✔ Node: domain null slug remains distinct with explicit empty data (40.557588ms)
2026-10-05T22:16:04.1281804Z ✔ Node: domain empty string slug remains distinct with explicit empty data (34.397748ms)
2026-10-05T22:16:04.1290921Z ✔ D1: domain null slug remains distinct with omitted data (1484.90454ms)
2026-10-05T22:16:04.5381893Z ✔ D1: domain empty string slug remains distinct with omitted data (412.111436ms)
2026-10-05T22:16:05.0121764Z ✔ D1: domain null slug remains distinct with explicit empty data (476.204834ms)
2026-10-05T22:16:05.4721162Z ✔ D1: domain empty string slug remains distinct with explicit empty data (461.746129ms)
2026-10-05T22:16:05.8753551Z ✔ Node: ordinary list and count retain indexed constructor own-key filters (100.874109ms)
2026-10-05T22:16:05.8782967Z ✔ Node: ordinary list and count retain indexed prototype own-key filters (59.995143ms)
2026-10-05T22:16:05.8784767Z ✔ D1: ordinary list and count retain indexed constructor own-key filters (1521.116573ms)
2026-10-05T22:16:05.8812780Z ✔ D1: ordinary list and count retain indexed prototype own-key filters (349.614424ms)
2026-10-05T22:16:05.9163180Z ✔ filters by author (127.73628ms)
2026-10-05T22:16:05.9168575Z ✔ passes indexed custom-field filters through the list handler (87.248873ms)
2026-10-05T22:16:05.9176508Z ✔ reports a missing collection the same way with and without field filters (73.097114ms)
2026-10-05T22:16:05.9212462Z ✔ reports a missing collection ahead of an invalid field filter name (72.701077ms)
2026-10-05T22:16:05.9242523Z ✔ reports a missing collection ahead of an oversized filter set (65.502989ms)
2026-10-05T22:16:05.9244320Z ✔ rejects an oversized filter set on a collection that exists (92.540992ms)
2026-10-05T22:16:05.9272591Z ✔ rejects an invalid field filter name on a collection that exists (80.593045ms)
2026-10-05T22:16:05.9299621Z ✔ filters by an inclusive createdAt date range (76.29437ms)
2026-10-05T22:16:05.9332595Z ✔ normalizes offset-bearing date bounds before comparing canonical storage (89.167378ms)
2026-10-05T22:16:05.9334160Z ✔ includes a boundary timestamp when the upper bound is end-of-day (74.972959ms)
2026-10-05T22:16:05.9362328Z ✔ treats a date-only upper bound as inclusive of the whole day (56.839415ms)
2026-10-05T22:16:05.9392843Z ✔ supports an open-ended (from-only) range (61.730136ms)
2026-10-05T22:16:05.9412539Z ✔ combines author and date range filters (63.083693ms)
2026-10-05T22:16:05.9452059Z ✔ ignores a date range with no field (83.20462ms)
2026-10-05T22:16:05.9453179Z ✔ a publishedAt range excludes never-published rows (69.025164ms)
2026-10-05T22:16:05.9482491Z ✔ content_get on a trashed item returns NOT_FOUND (not the item) (115.370808ms)
2026-10-05T22:16:05.9507692Z ✔ content_list does NOT include trashed items by default (85.012696ms)
2026-10-05T22:16:05.9562569Z ✔ content_list_trashed returns only trashed items (64.640758ms)
2026-10-05T22:16:05.9564131Z ✔ content_update on a trashed item is rejected (item not visible) (59.584918ms)
2026-10-05T22:16:05.9592235Z ✔ content_publish on a trashed item is rejected (51.570348ms)
2026-10-05T22:16:06.6088730Z [emdash] draft hydration failed: Error: no such table: _cms_revisions
2026-10-05T22:16:06.6098663Z     at NodeSqliteCompatDatabase.prepare (file:///home/runner/work/cms/cms/src/lib/server/database/node-sqlite-compat.ts:82:36)
2026-10-05T22:16:06.6101685Z     at SqliteConnection.executeQuery (file:///home/runner/work/cms/cms/node_modules/.pnpm/kysely@0.29.2/node_modules/kysely/dist/dialect/sqlite/sqlite-driver.js:58:31)
2026-10-05T22:16:06.6103709Z     at file:///home/runner/work/cms/cms/node_modules/.pnpm/kysely@0.29.2/node_modules/kysely/dist/query-executor/query-executor-base.js:39:41
2026-10-05T22:16:06.6105808Z     at DefaultConnectionProvider.provideConnection (file:///home/runner/work/cms/cms/node_modules/.pnpm/kysely@0.29.2/node_modules/kysely/dist/driver/default-connection-provider.js:10:26)
2026-10-05T22:16:06.6108164Z     at async DefaultQueryExecutor.executeQuery (file:///home/runner/work/cms/cms/node_modules/.pnpm/kysely@0.29.2/node_modules/kysely/dist/query-executor/query-executor-base.js:38:28)
2026-10-05T22:16:06.6110381Z     at async SelectQueryBuilderImpl.execute (file:///home/runner/work/cms/cms/node_modules/.pnpm/kysely@0.29.2/node_modules/kysely/dist/query-builder/select-query-builder.js:318:24)
2026-10-05T22:16:06.6113005Z     at async SelectQueryBuilderImpl.executeTakeFirst (file:///home/runner/work/cms/cms/node_modules/.pnpm/kysely@0.29.2/node_modules/kysely/dist/query-builder/select-query-builder.js:322:26)
2026-10-05T22:16:06.6115107Z     at async RevisionRepository.findById (file:///home/runner/work/cms/cms/src/lib/server/database/lifecycle/upstream/database/repositories/revision.ts:103:15)
2026-10-05T22:16:06.6116808Z     at async hydrate (file:///home/runner/work/cms/cms/src/lib/server/database/content-service.ts:40:19)
2026-10-05T22:16:06.6123069Z     at async file:///home/runner/work/cms/cms/tests/content-composition-read-fault.test.ts:31:50 {
2026-10-05T22:16:06.6127299Z   code: 'ERR_SQLITE_ERROR',
2026-10-05T22:16:06.6128174Z   errcode: 1,
2026-10-05T22:16:06.6128824Z   errstr: 'SQL logic error'
2026-10-05T22:16:06.6129451Z }
2026-10-05T22:16:06.6886731Z [emdash] draft hydration failed: Error: no such table: _cms_revisions
2026-10-05T22:16:06.6890491Z     at NodeSqliteCompatDatabase.prepare (file:///home/runner/work/cms/cms/src/lib/server/database/node-sqlite-compat.ts:82:36)
2026-10-05T22:16:06.6892904Z     at SqliteConnection.executeQuery (file:///home/runner/work/cms/cms/node_modules/.pnpm/kysely@0.29.2/node_modules/kysely/dist/dialect/sqlite/sqlite-driver.js:58:31)
2026-10-05T22:16:06.6894924Z     at file:///home/runner/work/cms/cms/node_modules/.pnpm/kysely@0.29.2/node_modules/kysely/dist/query-executor/query-executor-base.js:39:41
2026-10-05T22:16:06.6896826Z     at DefaultConnectionProvider.provideConnection (file:///home/runner/work/cms/cms/node_modules/.pnpm/kysely@0.29.2/node_modules/kysely/dist/driver/default-connection-provider.js:10:26)
2026-10-05T22:16:06.6899169Z     at async DefaultQueryExecutor.executeQuery (file:///home/runner/work/cms/cms/node_modules/.pnpm/kysely@0.29.2/node_modules/kysely/dist/query-executor/query-executor-base.js:38:28)
2026-10-05T22:16:06.6901519Z     at async SelectQueryBuilderImpl.execute (file:///home/runner/work/cms/cms/node_modules/.pnpm/kysely@0.29.2/node_modules/kysely/dist/query-builder/select-query-builder.js:318:24)
2026-10-05T22:16:06.6903786Z     at async SelectQueryBuilderImpl.executeTakeFirst (file:///home/runner/work/cms/cms/node_modules/.pnpm/kysely@0.29.2/node_modules/kysely/dist/query-builder/select-query-builder.js:322:26)
2026-10-05T22:16:06.6905960Z     at async RevisionRepository.findById (file:///home/runner/work/cms/cms/src/lib/server/database/lifecycle/upstream/database/repositories/revision.ts:103:15)
2026-10-05T22:16:06.6909953Z     at async hydrate (file:///home/runner/work/cms/cms/src/lib/server/database/content-service.ts:40:19)
2026-10-05T22:16:06.6912292Z     at async Object.getTrashedContent (file:///home/runner/work/cms/cms/src/lib/server/database/content-service.ts:106:65) {
2026-10-05T22:16:06.6913475Z   code: 'ERR_SQLITE_ERROR',
2026-10-05T22:16:06.6914115Z   errcode: 1,
2026-10-05T22:16:06.6914660Z   errstr: 'SQL logic error'
2026-10-05T22:16:06.6915293Z }
2026-10-05T22:16:06.6990133Z ✔ Node: ordinary active read falls back to stored live values when only revision hydration fails (96.77649ms)
2026-10-05T22:16:06.7013037Z ✔ Node: ordinary trash read falls back to stored live values when only revision hydration fails (75.357648ms)
2026-10-05T22:16:08.2763747Z [emdash] draft hydration failed: Error: D1_ERROR: no such table: _cms_revisions: SQLITE_ERROR
2026-10-05T22:16:08.2765449Z     at Error (file:///home/runner/work/cms/cms/tests/helpers/async-d1-storage.ts:41:19)
2026-10-05T22:16:08.2767036Z     at hydrate (file:///home/runner/work/cms/cms/node_modules/.pnpm/devalue@5.9.4/node_modules/devalue/src/parse.js:107:24)
2026-10-05T22:16:08.2769786Z     at hydrate (file:///home/runner/work/cms/cms/node_modules/.pnpm/devalue@5.9.4/node_modules/devalue/src/parse.js:271:26)
2026-10-05T22:16:08.2771613Z     at unflatten (file:///home/runner/work/cms/cms/node_modules/.pnpm/devalue@5.9.4/node_modules/devalue/src/parse.js:278:9)
2026-10-05T22:16:08.2772745Z     ... 3 lines matching cause stack trace ...
2026-10-05T22:16:08.2773758Z     at async execute (file:///home/runner/work/cms/cms/tests/helpers/async-d1-storage.ts:56:18)
2026-10-05T22:16:08.2774847Z     at async D1Connection.executeQuery (file:///home/runner/work/cms/cms/src/lib/server/database/d1.ts:55:29)
2026-10-05T22:16:08.2776316Z     at async file:///home/runner/work/cms/cms/node_modules/.pnpm/kysely@0.29.2/node_modules/kysely/dist/query-executor/query-executor-base.js:39:24 {
2026-10-05T22:16:08.2779162Z   [cause]: Error: no such table: _cms_revisions: SQLITE_ERROR
2026-10-05T22:16:08.2780261Z       at Error (file:///home/runner/work/cms/cms/tests/helpers/async-d1-storage.ts:41:19)
2026-10-05T22:16:08.2781774Z       at hydrate (file:///home/runner/work/cms/cms/node_modules/.pnpm/devalue@5.9.4/node_modules/devalue/src/parse.js:107:24)
2026-10-05T22:16:08.2783188Z       at hydrate (file:///home/runner/work/cms/cms/node_modules/.pnpm/devalue@5.9.4/node_modules/devalue/src/parse.js:271:26)
2026-10-05T22:16:08.2784754Z       at hydrate (file:///home/runner/work/cms/cms/node_modules/.pnpm/devalue@5.9.4/node_modules/devalue/src/parse.js:107:32)
2026-10-05T22:16:08.2786182Z       at hydrate (file:///home/runner/work/cms/cms/node_modules/.pnpm/devalue@5.9.4/node_modules/devalue/src/parse.js:271:26)
2026-10-05T22:16:08.2787707Z       at unflatten (file:///home/runner/work/cms/cms/node_modules/.pnpm/devalue@5.9.4/node_modules/devalue/src/parse.js:278:9)
2026-10-05T22:16:08.2789264Z       at parse (file:///home/runner/work/cms/cms/node_modules/.pnpm/devalue@5.9.4/node_modules/devalue/src/parse.js:21:9)
2026-10-05T22:16:08.2790514Z       at file:///home/runner/work/cms/cms/tests/helpers/async-d1-storage.ts:51:21
2026-10-05T22:16:08.2791847Z       at process.processTicksAndRejections (node:internal/process/task_queues:104:5)
2026-10-05T22:16:08.2793054Z       at async execute (file:///home/runner/work/cms/cms/tests/helpers/async-d1-storage.ts:56:18) {
2026-10-05T22:16:08.2794035Z     [cause]: undefined
2026-10-05T22:16:08.2794589Z   }
2026-10-05T22:16:08.2795106Z }
2026-10-05T22:16:08.3144155Z ✔ D1: ordinary active read falls back to stored live values when only revision hydration fails (1612.510921ms)
2026-10-05T22:16:08.7388138Z [emdash] draft hydration failed: Error: D1_ERROR: no such table: _cms_revisions: SQLITE_ERROR
2026-10-05T22:16:08.7392056Z     at Error (file:///home/runner/work/cms/cms/tests/helpers/async-d1-storage.ts:41:19)
2026-10-05T22:16:08.7393483Z     at hydrate (file:///home/runner/work/cms/cms/node_modules/.pnpm/devalue@5.9.4/node_modules/devalue/src/parse.js:107:24)
2026-10-05T22:16:08.7394984Z     at hydrate (file:///home/runner/work/cms/cms/node_modules/.pnpm/devalue@5.9.4/node_modules/devalue/src/parse.js:271:26)
2026-10-05T22:16:08.7396776Z     at unflatten (file:///home/runner/work/cms/cms/node_modules/.pnpm/devalue@5.9.4/node_modules/devalue/src/parse.js:278:9)
2026-10-05T22:16:08.7397846Z     ... 3 lines matching cause stack trace ...
2026-10-05T22:16:08.7399408Z     at async execute (file:///home/runner/work/cms/cms/tests/helpers/async-d1-storage.ts:56:18)
2026-10-05T22:16:08.7400896Z     at async D1Connection.executeQuery (file:///home/runner/work/cms/cms/src/lib/server/database/d1.ts:55:29)
2026-10-05T22:16:08.7402648Z     at async file:///home/runner/work/cms/cms/node_modules/.pnpm/kysely@0.29.2/node_modules/kysely/dist/query-executor/query-executor-base.js:39:24 {
2026-10-05T22:16:08.7403861Z   [cause]: Error: no such table: _cms_revisions: SQLITE_ERROR
2026-10-05T22:16:08.7404933Z       at Error (file:///home/runner/work/cms/cms/tests/helpers/async-d1-storage.ts:41:19)
2026-10-05T22:16:08.7406211Z       at hydrate (file:///home/runner/work/cms/cms/node_modules/.pnpm/devalue@5.9.4/node_modules/devalue/src/parse.js:107:24)
2026-10-05T22:16:08.7407709Z       at hydrate (file:///home/runner/work/cms/cms/node_modules/.pnpm/devalue@5.9.4/node_modules/devalue/src/parse.js:271:26)
2026-10-05T22:16:08.7409226Z       at hydrate (file:///home/runner/work/cms/cms/node_modules/.pnpm/devalue@5.9.4/node_modules/devalue/src/parse.js:107:32)
2026-10-05T22:16:08.7410791Z       at hydrate (file:///home/runner/work/cms/cms/node_modules/.pnpm/devalue@5.9.4/node_modules/devalue/src/parse.js:271:26)
2026-10-05T22:16:08.7412534Z       at unflatten (file:///home/runner/work/cms/cms/node_modules/.pnpm/devalue@5.9.4/node_modules/devalue/src/parse.js:278:9)
2026-10-05T22:16:08.7417808Z       at parse (file:///home/runner/work/cms/cms/node_modules/.pnpm/devalue@5.9.4/node_modules/devalue/src/parse.js:21:9)
2026-10-05T22:16:08.7419156Z       at file:///home/runner/work/cms/cms/tests/helpers/async-d1-storage.ts:51:21
2026-10-05T22:16:08.7420335Z       at process.processTicksAndRejections (node:internal/process/task_queues:104:5)
2026-10-05T22:16:08.7421667Z       at async execute (file:///home/runner/work/cms/cms/tests/helpers/async-d1-storage.ts:56:18) {
2026-10-05T22:16:08.7422507Z     [cause]: undefined
2026-10-05T22:16:08.7423003Z   }
2026-10-05T22:16:08.7423476Z }
2026-10-05T22:16:08.7646913Z ✔ D1: ordinary trash read falls back to stored live values when only revision hydration fails (456.068164ms)
2026-10-05T22:16:09.1549323Z ✔ generic draft save updates revisions and rejects stale mutations (140.374793ms)
2026-10-05T22:16:09.1578042Z ✔ generic published save updates revisions and rejects stale mutations (89.273233ms)
2026-10-05T22:16:09.1579667Z ✔ generic draft trash restore retains draft revision and clears live publication (98.100494ms)
2026-10-05T22:16:09.1589277Z ✔ generic published trash restore retains draft revision and clears live publication (96.097652ms)
2026-10-05T22:16:09.1590941Z ✔ generic ownership, null ownership and read-draft capability remain trusted gates (78.224745ms)
2026-10-05T22:16:09.1592927Z ✔ generic lists remain bounded summaries and skipRevision retains only the newest pending autosave (84.511092ms)
2026-10-05T22:16:09.1594736Z ✔ generic create denies anonymous before storage initialization (0.600109ms)
2026-10-05T22:16:09.1595961Z ✔ generic create denies reader before storage initialization (0.142974ms)
2026-10-05T22:16:09.1602230Z ▶ findMany complete basic/total declarations
2026-10-05T22:16:09.1603263Z   ✔ should return all content by default (128.146814ms)
2026-10-05T22:16:09.1604222Z   ✔ should filter by status (115.767221ms)
2026-10-05T22:16:09.1605058Z   ✔ should filter by authorId (76.049633ms)
2026-10-05T22:16:09.1605906Z   ✔ should filter by both status and authorId (106.384439ms)
2026-10-05T22:16:09.1606749Z   ✔ should apply limit (89.393167ms)
2026-10-05T22:16:09.1607620Z   ✔ should support cursor pagination (94.919807ms)
2026-10-05T22:16:09.1608619Z   ✔ should not include nextCursor when no more items (101.008774ms)
2026-10-05T22:16:09.1609746Z   ✔ should order by createdAt desc by default (87.514694ms)
2026-10-05T22:16:09.1610950Z   ✔ should support custom ordering (73.021793ms)
2026-10-05T22:16:09.1611962Z   ✔ should default limit to 50 (236.297634ms)
2026-10-05T22:16:09.1612732Z   ✔ should cap limit at 100 (59.841167ms)
2026-10-05T22:16:09.1613615Z   ✔ should not include soft-deleted content (81.112724ms)
2026-10-05T22:16:09.1614597Z   ✔ should return empty array when no items match (82.196506ms)
2026-10-05T22:16:09.1615786Z   ✔ reports total rows regardless of limit (87.672592ms)
2026-10-05T22:16:09.1616678Z   ✔ total respects the where clause (100.805392ms)
2026-10-05T22:16:09.1617571Z   ✔ total stays stable across cursor pages (82.985531ms)
2026-10-05T22:16:09.1618595Z ✔ findMany complete basic/total declarations (1606.443026ms)
2026-10-05T22:16:09.1619450Z ▶ count complete declarations
2026-10-05T22:16:09.1620344Z   ✔ should count all content of a type (103.838335ms)
2026-10-05T22:16:09.1621160Z   ✔ should count by status (113.638309ms)
2026-10-05T22:16:09.1622107Z   ✔ should count by authorId (103.692859ms)
2026-10-05T22:16:09.1623100Z   ✔ should count by both status and authorId (114.037493ms)
2026-10-05T22:16:09.1623943Z   ✔ should return 0 when no items match (102.905083ms)
2026-10-05T22:16:09.1624874Z   ✔ should not count soft-deleted content (111.486937ms)
2026-10-05T22:16:09.1625705Z ✔ count complete declarations (650.532483ms)
2026-10-05T22:16:09.7420990Z ✔ Node: ordinary slug-only save changes live metadata without a draft (99.345935ms)
2026-10-05T22:16:09.7422892Z ✔ Node: ordinary explicit empty-data save stages a slug (70.859349ms)
2026-10-05T22:16:09.7424157Z [emdash:redirects] publishing redirect artifacts failed: Error: driver has already been destroyed
2026-10-05T22:16:09.7426185Z     at RuntimeDriver.acquireConnection (file:///home/runner/work/cms/cms/node_modules/.pnpm/kysely@0.29.2/node_modules/kysely/dist/driver/runtime-driver.js:44:19)
2026-10-05T22:16:09.7428310Z     at DefaultConnectionProvider.provideConnection (file:///home/runner/work/cms/cms/node_modules/.pnpm/kysely@0.29.2/node_modules/kysely/dist/driver/default-connection-provider.js:8:47)
2026-10-05T22:16:09.7432225Z     at DefaultQueryExecutor.provideConnection (file:///home/runner/work/cms/cms/node_modules/.pnpm/kysely@0.29.2/node_modules/kysely/dist/query-executor/default-query-executor.js:20:41)
2026-10-05T22:16:09.7438585Z     at TransactionBuilder.execute (file:///home/runner/work/cms/cms/node_modules/.pnpm/kysely@0.29.2/node_modules/kysely/dist/kysely.js:672:37)
2026-10-05T22:16:09.7440759Z     at withTransaction (file:///home/runner/work/cms/cms/src/lib/server/database/lifecycle/upstream/database/transaction.ts:63:41)
2026-10-05T22:16:09.7442629Z     at publishRedirectArtifacts (file:///home/runner/work/cms/cms/src/lib/server/redirects/artifacts.ts:185:8)
2026-10-05T22:16:09.7444113Z     at async publishRedirectChanges (file:///home/runner/work/cms/cms/src/lib/server/redirects/artifacts.ts:277:3)
2026-10-05T22:16:09.7445918Z ✔ D1: ordinary slug-only save changes live metadata without a draft (1603.754892ms)
2026-10-05T22:16:10.2658159Z ✔ D1: ordinary explicit empty-data save stages a slug (526.220571ms)
2026-10-05T22:16:10.5954204Z ✔ lists only the trashed entries in the requested locale (177.72925ms)
2026-10-05T22:16:10.5992924Z ✔ lists every locale when no locale is given (112.941266ms)
2026-10-05T22:16:10.6027226Z ✔ returns each item's locale so the trash list can display it (98.637906ms)
2026-10-05T22:16:10.6032987Z ✔ counts only the trashed entries in the requested locale (96.673797ms)
2026-10-05T22:16:10.6062976Z ✔ revision tokens bind collection, entry and locale without using updatedAt as a wire precondition (5.158884ms)
2026-10-05T22:16:10.6092637Z ✔ wire inputs carry schema data and reject caller identity, system columns and raw revisions (1.825256ms)
2026-10-05T22:16:10.6782790Z ✔ local database: actual D1 values and atomic rollback use zero synchronous waits (354.72834ms)
2026-10-05T22:16:10.6784891Z ✔ collection update: actual D1 values and atomic rollback use zero synchronous waits (219.398174ms)
2026-10-05T22:16:10.6788358Z ✔ local database: custom Worker dispatch retains request data and the same actual DB (128.623839ms)
2026-10-05T22:16:11.8070229Z ✔ direct fixtures: original persistent DB identifiers remain separate across restart (1129.169022ms)
2026-10-05T22:16:17.3799752Z ✔ fresh D1 fixtures keep separate real databases while sharing their runtime (1124.808144ms)
2026-10-05T22:16:17.3846610Z ✔ closing one D1 fixture rejects stale queries and leaves its peer intact (42.103057ms)
2026-10-05T22:16:17.3855752Z ✔ D1 runtime groups rotate after 256 distinct databases without recycling a closed database (5955.273785ms)
2026-10-05T22:16:17.6848504Z ✔ persistent D1 fixtures retain their dedicated runtime and actual data across restart (305.873153ms)
2026-10-05T22:16:18.0135243Z ✔ control: installed Miniflare proxy exposes the delayed prior-notification race (351.850517ms)
2026-10-05T22:16:18.0138850Z ✔ D1 fixture matches each response when a prior synchronous notification arrives late (1014.406678ms)
2026-10-05T22:16:18.0140777Z ✔ D1 fixture executes queries and atomic batches without synchronously blocking Node (24.942446ms)
2026-10-05T22:16:18.0143212Z ✔ D1 fixture preserves actual D1 parameters, result metadata and malformed-batch rollback (179.870062ms)
2026-10-05T22:16:18.0144854Z ✔ D1 fixture owns disposal and preserves isolated real D1 storage across restart (247.336161ms)
2026-10-05T22:16:18.0146386Z ✔ source: raw binding reports supportsMultipleConnections: true (1.271924ms)
2026-10-05T22:16:18.0147794Z ✔ source: lets concurrent queries overlap instead of serializing behind a mutex (8.623397ms)
2026-10-05T22:16:18.0149318Z ✔ source: raw adapter declares the compound SELECT ceiling (1.235343ms)
2026-10-05T22:16:18.0150383Z ✔ source: raw adapter exposes atomic batches (0.238941ms)
2026-10-05T22:16:18.0151883Z ✔ source: forwards compiled statements to one binding batch and maps results (16.08832ms)
2026-10-05T22:16:18.0153330Z ✔ source: preserves DELETE RETURNING rows through the raw binding dialect (5.393743ms)
2026-10-05T22:16:18.0154655Z ✔ local: an unsettled first binding read does not block the next query (11.842428ms)
2026-10-05T22:16:18.2800614Z ✔ Node: equivalent schema, scalar, CAS, soft-delete and persisted session contract (153.913974ms)
2026-10-05T22:16:18.2804869Z ✔ Node: failed batch rolls back DML and CREATE/ALTER/DROP DDL (2.230232ms)
2026-10-05T22:16:18.2810037Z ✔ Node: fresh/v1 auth failures roll back all DDL and migration markers (154.308005ms)
2026-10-05T22:16:18.2811878Z ✔ Node: incomplete/future migration state fails without repair (124.447022ms)
2026-10-05T22:16:18.2813364Z ✔ D1: equivalent schema, scalar, CAS, soft-delete and persisted session contract (989.812837ms)
2026-10-05T22:16:18.2814743Z ✔ D1: failed batch rolls back DML and CREATE/ALTER/DROP DDL (135.419305ms)
2026-10-05T22:16:18.2815963Z ✔ D1: fresh/v1 auth failures roll back all DDL and migration markers (1452.498019ms)
2026-10-05T22:16:18.2817173Z ✔ D1: incomplete/future migration state fails without repair (1302.103561ms)
2026-10-05T22:16:18.2818669Z ✔ D1: deterministic stale fresh/v1 callers recover the actual binding error envelope (957.555854ms)
2026-10-05T22:16:18.6430310Z ✔ D1: concurrent same-slug creators map the real UNIQUE envelope to COLLECTION_EXISTS (362.287652ms)
2026-10-05T22:16:19.1349832Z ✔ D1: startup accepts a complete upgrade between actual preflight reads (492.85681ms)
2026-10-05T22:16:19.2876802Z ✔ D1: one actual batch forwards parameters/order, RETURNING rows, zero/positive changes and insert IDs (152.289543ms)
2026-10-05T22:16:19.4983723Z ✔ D1: unrelated envelopes do not turn into successful migration race recovery (208.067709ms)
2026-10-05T22:16:19.4992845Z ✔ local: envelope classifier keeps Node messages and ignores lookalike/unknown D1 formats (0.467762ms)
2026-10-05T22:16:19.6101037Z ✔ D1: callback transactions, streaming and general introspection reject explicitly (113.375358ms)
2026-10-05T22:16:19.9203927Z ✔ D1: raw parameter variants retain binding support/rejections without Node normalization (309.013255ms)
2026-10-05T22:16:21.0583490Z ✔ D1 and Node: v1 content and hashed sessions persist across close/reopen and revocation (1130.048551ms)
2026-10-05T22:16:21.9111541Z ✔ local workerd: real D1-backed CMS/session core runs without nodejs_compat (862.8296ms)
2026-10-05T22:16:21.9952467Z ▶ ported openNodeSqliteDatabase
2026-10-05T22:16:21.9953534Z   ✔ implements the statement contract Kysely uses (7.129212ms)
2026-10-05T22:16:21.9956549Z   ✔ supports direct statement calls (0.839127ms)
2026-10-05T22:16:21.9984481Z   ✔ can be closed more than once (0.716891ms)
2026-10-05T22:16:21.9985914Z   ✔ normalizes supported positional values without shifting parameters (0.789523ms)
2026-10-05T22:16:21.9987152Z   ✔ rejects an unsupported plain object before executing the statement (1.253256ms)
2026-10-05T22:16:21.9988377Z   ✔ rejects an unsupported array before executing the statement (0.596756ms)
2026-10-05T22:16:21.9989539Z   ✔ rejects an unsupported date before executing the statement (0.499746ms)
2026-10-05T22:16:21.9990805Z   ✔ rejects an unsupported boxed number before executing the statement (0.463011ms)
2026-10-05T22:16:21.9992286Z   ✔ applies connection defaults without changing the journal mode (3.922727ms)
2026-10-05T22:16:21.9993330Z   ✔ switches to WAL with NORMAL synchronization when requested (4.091609ms)
2026-10-05T22:16:21.9994645Z   ✔ keeps NORMAL synchronization when reopening an existing WAL database without the option (9.401888ms)
2026-10-05T22:16:21.9995772Z ✔ ported openNodeSqliteDatabase (32.3194ms)
2026-10-05T22:16:21.9996630Z ▶ ported EmDash SchemaRegistry assertions
2026-10-05T22:16:21.9997904Z   ✔ should create a collection (70.21762ms)
2026-10-05T22:16:21.9999017Z   ✔ F14: defaults supports to ['drafts', 'revisions'] when undefined (37.509842ms)
2026-10-05T22:16:22.0000210Z   ✔ F14: preserves explicit empty supports array (opt-out) (37.224969ms)
2026-10-05T22:16:22.0001545Z   ✔ should create the content table when creating a collection (29.128855ms)
2026-10-05T22:16:22.0002852Z   ✔ rejects an unregistered content table with a structured conflict (26.17312ms)
2026-10-05T22:16:22.0003943Z   ✔ should list collections (34.802289ms)
2026-10-05T22:16:22.0004812Z   ✔ should get a collection by slug (32.372406ms)
2026-10-05T22:16:22.0005724Z   ✔ should return null for non-existent collection (29.299407ms)
2026-10-05T22:16:22.0006805Z   ✔ should throw when creating duplicate collection (30.196065ms)
2026-10-05T22:16:22.0007816Z   ✔ should add column to content table when creating field (39.633059ms)
2026-10-05T22:16:22.0008798Z   ✔ should get a field by slug (39.705049ms)
2026-10-05T22:16:22.0009685Z   ✔ should reject reserved field slugs (21.932311ms)
2026-10-05T22:16:22.0010683Z ✔ ported EmDash SchemaRegistry assertions (430.856876ms)
2026-10-05T22:16:22.0011918Z ▶ ported EmDash ContentRepository draft assertions
2026-10-05T22:16:22.0012912Z   ✔ should create content with minimal data (47.329368ms)
2026-10-05T22:16:22.0013755Z   ✔ should throw error for duplicate type+slug (53.708169ms)
2026-10-05T22:16:22.0014769Z   ✔ should allow same slug for different types (42.762334ms)
2026-10-05T22:16:22.0015557Z   ✔ should allow null slug (38.324083ms)
2026-10-05T22:16:22.0016316Z   ✔ should generate unique ID (43.403017ms)
2026-10-05T22:16:22.0017063Z   ✔ should find content by ID (36.945921ms)
2026-10-05T22:16:22.0017938Z   ✔ should return null for non-existent ID (42.040858ms)
2026-10-05T22:16:22.0018972Z   ✔ should return null when type doesn't match (47.122285ms)
2026-10-05T22:16:22.0019988Z ✔ ported EmDash ContentRepository draft assertions (352.505185ms)
2026-10-05T22:16:22.0021714Z ✔ mutation authorization precedes hostile input access and storage; permitted callers still validate (5.585499ms)
2026-10-05T22:16:22.0023191Z ✔ system migration, additive field and drafts survive close/reopen (152.696718ms)
2026-10-05T22:16:22.0024373Z ✔ independent additive DDL failure rolls back metadata and schema guard (54.034541ms)
2026-10-05T22:16:22.0025378Z ✔ batch failures roll back both DDL and DML (39.174205ms)
2026-10-05T22:16:22.0026987Z ✔ SQL identifiers, unknown/system fields and client ownership claims are rejected; quoted values remain inert (51.508557ms)
2026-10-05T22:16:22.0028573Z ✔ database constraints enforce required NULL, locale slug uniqueness and foreign keys; unique is metadata and service validates lengths (57.047424ms)
2026-10-05T22:16:22.0030209Z ✔ anonymous/empty principals and missing permissions fail closed before any query (1.663549ms)
2026-10-05T22:16:22.0031633Z ✔ owner permissions use persisted author; any permission permits another author (49.607988ms)
2026-10-05T22:16:22.0033346Z ✔ two independent connections competing from the same revision yield exactly one successful update (74.508051ms)
2026-10-05T22:16:22.0034670Z ✔ schema version conflicts and field bounds preserve existing definitions (135.079628ms)
2026-10-05T22:16:22.0036389Z ✔ summary query excludes large bodies, clamps pages, orders ties, scopes locales and validates cursors (319.186207ms)
2026-10-05T22:16:22.0038390Z ✔ unique flags remain metadata across collection/field underscore boundaries (46.729404ms)
2026-10-05T22:16:22.0040177Z ✔ field length semantics preserve pinned Unicode codepoints and embedded NUL (62.232025ms)
2026-10-05T22:16:22.0043356Z ✔ migrations reject unknown versions and unmanaged system tables without mutation (4.477425ms)
2026-10-05T22:16:22.0053026Z ✔ schema defaults reject NUL before DDL while escaped quotes remain inert (48.374946ms)
2026-10-05T22:16:22.0054527Z ✔ cursor OR branches keep locale and trash filters when titles and slugs are null (58.919288ms)
2026-10-05T22:16:22.0056307Z ✔ concurrent same-slug collection creation reports a sanitized conflict and preserves unrelated failures (74.884475ms)
2026-10-05T22:16:22.0057934Z ✔ version-one migration markers reject missing system tables without repair or mutation (125.798544ms)
2026-10-05T22:16:22.0088983Z ✔ same-slug creation at the collection cap still reports duplicate while new slugs report the bound (601.807321ms)
2026-10-05T22:16:22.0880806Z ✔ doctor returns actionable JSON failure without creating a missing database (460.804401ms)
2026-10-05T22:16:22.0902621Z ✔ doctor reads the real installed migrations, collection and empty identity tables without writes (589.398092ms)
2026-10-05T22:16:22.0931992Z ✔ doctor reports pending migrations from the actual registered provider universe (521.600223ms)
2026-10-05T22:16:22.0933788Z ✔ doctor does not accept unknown or gapped native migration records as fully applied (576.782952ms)
2026-10-05T22:16:22.0935420Z ✔ doctor reports actual orphaned content tables without including ordinary operator tables (545.824263ms)
2026-10-05T22:16:22.0937132Z ✔ doctor detects noncanonical persisted content and nested/revision datetimes without repairing them (590.080684ms)
2026-10-05T22:16:22.0938578Z ✔ doctor reports invalid datetime data as an inspection failure (581.102075ms)
2026-10-05T22:16:22.0939990Z ✔ doctor combines actual Native Worker wiring diagnostics with a missing local database (435.217733ms)
2026-10-05T22:16:22.5838653Z ✔ doctor provides Native TOML trigger guidance for a real maintenance handler (496.752893ms)
2026-10-05T22:16:23.1448378Z ✔ doctor reports JSONC locations and does not print configuration values (560.767636ms)
2026-10-05T22:16:23.5957080Z ✔ doctor reports TOML locations without including configuration source excerpts (449.944066ms)
2026-10-05T22:16:24.1123749Z ✔ doctor accepts explicit database paths and prints native human-readable summaries (516.713827ms)
2026-10-05T22:16:25.0984133Z ✔ doctor rejects invalid flags with a useful usage error (986.817643ms)
2026-10-05T22:16:25.1144393Z ▶ draft preview applies defaults only to absent persisted keys
2026-10-05T22:16:25.1145504Z   ✔ string, schema default: absent key (2.452026ms)
2026-10-05T22:16:25.1146372Z   ✔ string, schema default: explicit null (0.352545ms)
2026-10-05T22:16:25.1147295Z   ✔ string, schema default: empty string (0.258456ms)
2026-10-05T22:16:25.1148064Z   ✔ string, schema default: false (0.199157ms)
2026-10-05T22:16:25.1148846Z   ✔ string, schema default: zero (0.222268ms)
2026-10-05T22:16:25.1149844Z   ✔ string, schema default: stored string (0.14598ms)
2026-10-05T22:16:25.1150565Z   ✔ string, schema default: inherited key (0.560002ms)
2026-10-05T22:16:25.1151692Z   ✔ string, absent default: absent key (0.220155ms)
2026-10-05T22:16:25.1152612Z   ✔ string, absent default: explicit null (0.208127ms)
2026-10-05T22:16:25.1153716Z   ✔ string, absent default: empty string (0.294197ms)
2026-10-05T22:16:25.1154662Z   ✔ string, absent default: false (0.140999ms)
2026-10-05T22:16:25.1155530Z   ✔ string, absent default: zero (0.156184ms)
2026-10-05T22:16:25.1156486Z   ✔ string, absent default: stored string (0.103197ms)
2026-10-05T22:16:25.1157325Z   ✔ string, absent default: inherited key (2.237132ms)
2026-10-05T22:16:25.1158206Z   ✔ string, null default: absent key (0.386157ms)
2026-10-05T22:16:25.1159022Z   ✔ string, null default: explicit null (0.170596ms)
2026-10-05T22:16:25.1160042Z   ✔ string, null default: empty string (0.09138ms)
2026-10-05T22:16:25.1160947Z   ✔ string, null default: false (0.094915ms)
2026-10-05T22:16:25.1161881Z   ✔ string, null default: zero (0.123538ms)
2026-10-05T22:16:25.1162625Z   ✔ string, null default: stored string (0.083651ms)
2026-10-05T22:16:25.1163488Z   ✔ string, null default: inherited key (0.088165ms)
2026-10-05T22:16:25.1164272Z   ✔ text, schema default: absent key (0.192268ms)
2026-10-05T22:16:25.1165069Z   ✔ text, schema default: explicit null (0.171369ms)
2026-10-05T22:16:25.1165922Z   ✔ text, schema default: empty string (0.109723ms)
2026-10-05T22:16:25.1166646Z   ✔ text, schema default: false (0.099703ms)
2026-10-05T22:16:25.1167613Z   ✔ text, schema default: zero (0.099002ms)
2026-10-05T22:16:25.1168508Z   ✔ text, schema default: stored string (0.101773ms)
2026-10-05T22:16:25.1169384Z   ✔ text, schema default: inherited key (0.096644ms)
2026-10-05T22:16:25.1170249Z   ✔ text, absent default: absent key (0.122278ms)
2026-10-05T22:16:25.1171048Z   ✔ text, absent default: explicit null (0.085731ms)
2026-10-05T22:16:25.1172158Z   ✔ text, absent default: empty string (0.065914ms)
2026-10-05T22:16:25.1172964Z   ✔ text, absent default: false (0.058014ms)
2026-10-05T22:16:25.1173695Z   ✔ text, absent default: zero (0.054604ms)
2026-10-05T22:16:25.1174488Z   ✔ text, absent default: stored string (0.055434ms)
2026-10-05T22:16:25.1175201Z   ✔ text, absent default: inherited key (0.065983ms)
2026-10-05T22:16:25.1176083Z   ✔ text, null default: absent key (0.056529ms)
2026-10-05T22:16:25.1176879Z   ✔ text, null default: explicit null (0.072386ms)
2026-10-05T22:16:25.1177686Z   ✔ text, null default: empty string (0.056127ms)
2026-10-05T22:16:25.1178445Z   ✔ text, null default: false (0.054501ms)
2026-10-05T22:16:25.1179347Z   ✔ text, null default: zero (0.093554ms)
2026-10-05T22:16:25.1180182Z   ✔ text, null default: stored string (0.082493ms)
2026-10-05T22:16:25.1181094Z   ✔ text, null default: inherited key (0.092245ms)
2026-10-05T22:16:25.1182146Z   ✔ string, constructor: absent (0.313182ms)
2026-10-05T22:16:25.1183154Z   ✔ string, constructor: inherited (0.148085ms)
2026-10-05T22:16:25.1183881Z   ✔ string, constructor: own (0.077265ms)
2026-10-05T22:16:25.1184516Z   ✔ string, constructor: null (0.07721ms)
2026-10-05T22:16:25.1185211Z   ✔ string, prototype: absent (0.161248ms)
2026-10-05T22:16:25.1185928Z   ✔ string, prototype: inherited (0.11627ms)
2026-10-05T22:16:25.1186599Z   ✔ string, prototype: own (0.075192ms)
2026-10-05T22:16:25.1187673Z   ✔ string, prototype: null (0.065821ms)
2026-10-05T22:16:25.1188347Z   ✔ text, constructor: absent (0.176647ms)
2026-10-05T22:16:25.1189037Z   ✔ text, constructor: inherited (0.092026ms)
2026-10-05T22:16:25.1189712Z   ✔ text, constructor: own (0.064688ms)
2026-10-05T22:16:25.1190329Z   ✔ text, constructor: null (0.05602ms)
2026-10-05T22:16:25.1190954Z   ✔ text, prototype: absent (0.060946ms)
2026-10-05T22:16:25.1191821Z   ✔ text, prototype: inherited (0.083561ms)
2026-10-05T22:16:25.1192572Z   ✔ text, prototype: own (0.059132ms)
2026-10-05T22:16:25.1193322Z   ✔ text, prototype: null (0.059418ms)
2026-10-05T22:16:25.1194332Z ✔ draft preview applies defaults only to absent persisted keys (141.290378ms)
2026-10-05T22:16:25.1195519Z ✔ local D1: locales, concurrent restore, retained data and persisted restart (1269.733118ms)
2026-10-05T22:16:25.1197301Z ✔ local D1: SQL ownership predicate and batch rollback protect retained trash (819.645374ms)
2026-10-05T22:16:25.1198920Z ✔ Node: schema changed after restore preflight rolls back the guard and leaves trash intact (73.016351ms)
2026-10-05T22:16:25.1200394Z ✔ D1: schema changed after restore preflight rolls back the guard and leaves trash intact (811.60857ms)
2026-10-05T22:16:25.3063932Z ✔ Node: concurrent v1 trash index installers preserve rows and reach complete v2 (254.06676ms)
2026-10-05T22:16:25.3093178Z ✔ Node: v1 wrong same-name objects reject migration without mutation (88.642598ms)
2026-10-05T22:16:25.3094570Z ✔ Node: v1 incompatible index appearing after preflight rejects and rolls back installer changes (41.751248ms)
2026-10-05T22:16:25.3109459Z ✔ Node: concurrent v2 trash index installers preserve rows and reach complete v2 (194.082722ms)
2026-10-05T22:16:25.3111362Z ✔ Node: v2 wrong same-name objects reject migration without mutation (349.67017ms)
2026-10-05T22:16:25.3114197Z ✔ Node: v2 incompatible index appearing after preflight rejects and rolls back installer changes (144.93718ms)
2026-10-05T22:16:25.3115919Z ✔ Node: v1 trash index batch failure rolls back auth DDL, marker upgrade and index together (104.93128ms)
2026-10-05T22:16:25.3117533Z ✔ Node: invalid known auth states reject before any trash index installer batch (183.790424ms)
2026-10-05T22:16:25.3119339Z ✔ Node: backfilled existing index and retained trash survive storage restart with unchanged schema metadata (120.847229ms)
2026-10-05T22:16:25.3120975Z ✔ D1: concurrent v1 trash index installers preserve rows and reach complete v2 (1011.77033ms)
2026-10-05T22:16:27.1005459Z ✔ D1: v1 wrong same-name objects reject migration without mutation (1799.065676ms)
2026-10-05T22:16:27.6620633Z ✔ D1: v1 incompatible index appearing after preflight rejects and rolls back installer changes (561.583302ms)
2026-10-05T22:16:28.2959419Z ✔ D1: concurrent v2 trash index installers preserve rows and reach complete v2 (633.655476ms)
2026-10-05T22:16:32.0933629Z ✔ D1: v2 wrong same-name objects reject migration without mutation (3794.75796ms)
2026-10-05T22:16:33.1196089Z ✔ D1: v2 incompatible index appearing after preflight rejects and rolls back installer changes (1028.905734ms)
2026-10-05T22:16:33.8201125Z ✔ D1: v1 trash index batch failure rolls back auth DDL, marker upgrade and index together (698.274144ms)
2026-10-05T22:16:36.0863246Z ✔ D1: invalid known auth states reject before any trash index installer batch (2267.769291ms)
2026-10-05T22:16:37.2663618Z ✔ D1: backfilled existing index and retained trash survive storage restart with unchanged schema metadata (1178.125436ms)
2026-10-05T22:16:37.3180398Z ✔ Node: one-row all-locale trash plan matches the complete pinned Source index set (87.705967ms)
2026-10-05T22:16:37.3183492Z ✔ Node: explicit migration adds missing trash indexes idempotently without changing retained data or schema metadata (130.159035ms)
2026-10-05T22:16:37.3189304Z ✔ Node: index batch failure rolls back every newly added index and leaves marker/data unchanged (86.631187ms)
2026-10-05T22:16:37.3191498Z ✔ D1: one-row all-locale trash plan matches the complete pinned Source index set (558.320089ms)
2026-10-05T22:16:37.3193622Z ✔ D1: explicit migration adds missing trash indexes idempotently without changing retained data or schema metadata (763.111586ms)
2026-10-05T22:16:37.3195847Z ✔ D1: index batch failure rolls back every newly added index and leaves marker/data unchanged (742.765051ms)
2026-10-05T22:16:37.3197495Z ✔ Node: synthetic mixed-status fixture excludes active and published rows before pagination (79.125408ms)
2026-10-05T22:16:37.3198840Z ▶ Node: 103 retained drafts paginate through repository/service and survive reopen
2026-10-05T22:16:37.3200153Z   ✔ default 50, cap 100 and last returned row produce honest continuation (3.157793ms)
2026-10-05T22:16:37.3201585Z   ✔ full default, custom and repository walks have no duplicates or missing tied rows (22.012756ms)
2026-10-05T22:16:37.3203064Z   ✔ omitted locale includes all locales and each exact-locale walk remains complete (13.496881ms)
2026-10-05T22:16:37.3204424Z   ✔ empty cursor is first page; exact terminal and beyond-terminal pages omit continuation (3.311614ms)
2026-10-05T22:16:37.3205737Z   ✔ malformed cursors report INVALID_CURSOR at both repository and service boundaries (1.110329ms)
2026-10-05T22:16:37.3206848Z   ✔ saved later page resumes after a storage reopen (11.439905ms)
2026-10-05T22:16:37.3209169Z   ✔ restoring a later-page row retains data, rejects stale tokens and survives reopen (16.537678ms)
2026-10-05T22:16:37.3219254Z ✔ Node: 103 retained drafts paginate through repository/service and survive reopen (555.425649ms)
2026-10-05T22:16:37.3220936Z ✔ D1: synthetic mixed-status fixture excludes active and published rows before pagination (556.137245ms)
2026-10-05T22:16:37.3223197Z ▶ D1: 103 retained drafts paginate through repository/service and survive reopen
2026-10-05T22:16:37.3224349Z   ✔ default 50, cap 100 and last returned row produce honest continuation (46.176078ms)
2026-10-05T22:16:37.3225572Z   ✔ full default, custom and repository walks have no duplicates or missing tied rows (198.688112ms)
2026-10-05T22:16:37.3226760Z   ✔ omitted locale includes all locales and each exact-locale walk remains complete (293.655959ms)
2026-10-05T22:16:37.3227987Z   ✔ empty cursor is first page; exact terminal and beyond-terminal pages omit continuation (53.888265ms)
2026-10-05T22:16:37.3229251Z   ✔ malformed cursors report INVALID_CURSOR at both repository and service boundaries (0.813121ms)
2026-10-05T22:16:37.3230297Z   ✔ saved later page resumes after a storage reopen (191.18187ms)
2026-10-05T22:16:37.3231498Z   ✔ restoring a later-page row retains data, rejects stale tokens and survives reopen (317.521312ms)
2026-10-05T22:16:37.3232852Z ✔ D1: 103 retained drafts paginate through repository/service and survive reopen (6483.982171ms)
2026-10-05T22:16:37.3235200Z ✔ supplemental cursor wire uses UTF-8 standard base64 and preserves upstream string-only validation (0.540903ms)
2026-10-05T22:16:37.3236507Z ✔ supplemental direct cursor decode rejects empty/malformed/oversized input with a short domain error (1.70094ms)
2026-10-05T22:16:37.3238918Z ✔ Node: adapted trash-locale-filter.test.ts:57/65/75 value assertions (91.48586ms)
2026-10-05T22:16:37.3240480Z ✔ D1: adapted trash-locale-filter.test.ts:57/65/75 value assertions (715.492378ms)
2026-10-05T22:16:37.3241934Z ✔ workerd: draft restore uses actual D1 without nodejs_compat, with one concurrent CAS winner (908.776772ms)
2026-10-05T22:16:37.3243269Z ✔ draft trash: authorization precedes hostile input and every storage access (3.266423ms)
2026-10-05T22:16:37.3244302Z ✔ draft trash: permitted malformed bounded inputs reject before storage (5.316817ms)
2026-10-05T22:16:37.3245861Z ✔ Node draft trash: explicit locale scopes, omitted locale includes every locale and item locale is retained (102.656544ms)
2026-10-05T22:16:37.3247240Z ✔ Node draft trash: default 50 and cap 100, deletedAt/id descending, bounded body-free summaries (431.247302ms)
2026-10-05T22:16:37.3248509Z ✔ Node draft trash: restore retains stored columns and returns refreshed CAS even with frozen time (47.977365ms)
2026-10-05T22:16:37.3249938Z ✔ Node draft trash: restore uses edit-own/any, persisted nonempty owner and no delete requirement (43.806851ms)
2026-10-05T22:16:37.3251598Z ✔ Node draft trash: stale tokens conflict without writes, active restore conflicts and missing restores are NOT_FOUND (53.58208ms)
2026-10-05T22:16:37.3253369Z ✔ Node draft trash: two real SQLite connections restoring the same token yield one success and one conflict (78.062101ms)
2026-10-05T22:16:37.3254737Z ✔ Node draft trash: SQL owner predicate rejects ownership changed after authorized preflight on another connection (78.895932ms)
2026-10-05T22:16:37.3256337Z ✔ Node draft trash: SQL CAS rejects restore won by another connection after preflight (67.363726ms)
2026-10-05T22:16:37.3257790Z ✔ Node draft trash: restore returns its committed row when another connection writes before batch returns (68.722812ms)
2026-10-05T22:16:37.3259241Z ✔ Node draft trash: unexpected storage errors roll back restore and guard rows (43.288239ms)
2026-10-05T22:16:37.3260798Z ✔ Node draft trash: trashed data and restored revision survive real storage restart; prior token remains stale (147.222784ms)
2026-10-05T22:16:46.3916373Z ✔ Node source: five collection output, manifest-build.test.ts:537 (101.155971ms)
2026-10-05T22:16:46.3918417Z ✔ Node supplemental: 0/1/50/51/100 boundaries preserve ordered projection with bounded reads (228.754927ms)
2026-10-05T22:16:46.3920074Z ✔ Node supplemental: each collection retains its 32-field cap, including ignored malformed rows (62.579082ms)
2026-10-05T22:16:46.3921998Z ✔ Node supplemental: authorization precedes SQL; constructor fields remain unparsed; errors propagate (32.164244ms)
2026-10-05T22:16:46.3924738Z ✔ Node supplemental: uncached collection and field changes appear on the next read (32.929641ms)
2026-10-05T22:16:46.3927402Z ✔ D1 source: five collection output, manifest-build.test.ts:537 (2984.644589ms)
2026-10-05T22:16:46.3929226Z ✔ D1 supplemental: 0/1/50/51/100 boundaries preserve ordered projection with bounded reads (11648.660228ms)
2026-10-05T22:16:48.7735548Z ✔ D1 supplemental: each collection retains its 32-field cap, including ignored malformed rows (2379.454273ms)
2026-10-05T22:16:50.8427954Z ✔ D1 supplemental: authorization precedes SQL; constructor fields remain unparsed; errors propagate (2070.06895ms)
2026-10-05T22:16:52.5203412Z ✔ D1 supplemental: uncached collection and field changes appear on the next read (1667.225191ms)
2026-10-05T22:16:53.0902923Z ✔ workerd supplemental: manifest executes on the actual local D1 binding without nodejs_compat (582.061572ms)
2026-10-05T22:16:53.2021804Z ✔ source: includes manual collections that have no fields (67.801001ms)
2026-10-05T22:16:53.2074517Z ✔ source subset: forwards declared validation on scalar fields and omits absent validation (48.388546ms)
2026-10-05T22:16:53.2104997Z ✔ source: reflects schema mutations immediately with no cross-runtime cache (33.372669ms)
2026-10-05T22:16:53.2142626Z ✔ manifest requires draft-read before querying; administrative schema policy is unchanged (1.384526ms)
2026-10-05T22:16:53.2172849Z ✔ least-disclosure projection excludes storage/admin/default/content values and respects registry bounds (784.133195ms)
2026-10-05T22:16:53.2174450Z ✔ pinned manifest limitation: a manual constructor collection is omitted pending a separate upstream-behavior fix (49.104007ms)
2026-10-05T22:16:53.2176281Z ✔ Node: partial registry.test.ts:668 existing-field label/order expectations (67.360171ms)
2026-10-05T22:16:53.2213548Z ✔ Node: adapted MCP schema.test.ts:1003 preserves concurrent partial field updates (55.093534ms)
2026-10-05T22:16:53.2242724Z ✔ Node: supplemental paired 12-layout metadata-default change preserves raw/content omitted inserts (257.243382ms)
2026-10-05T22:16:53.2265597Z ✔ Node: supplemental field-update validation observation applies to future writes and leaves old content readable (49.12258ms)
2026-10-05T22:16:53.2312431Z ✔ D1: partial registry.test.ts:668 existing-field label/order expectations (1355.757701ms)
2026-10-05T22:16:53.2340463Z ✔ D1: adapted MCP schema.test.ts:1003 preserves concurrent partial field updates (302.50424ms)
2026-10-05T22:16:53.2392995Z ✔ D1: supplemental paired 12-layout metadata-default change preserves raw/content omitted inserts (2860.268056ms)
2026-10-05T22:16:53.2394979Z ✔ D1: supplemental field-update validation observation applies to future writes and leaves old content readable (321.33753ms)
2026-10-05T22:16:53.2396543Z ✔ field edit: schema permission precedes hostile input and storage (2.984458ms)
2026-10-05T22:16:53.2398055Z ✔ Node: field metadata persists across reopen without DDL, content, token or collection changes (110.83103ms)
2026-10-05T22:16:53.2432664Z ✔ Node: supplied-key edits preserve omissions; validation replaces and null/empty remain distinct (83.025132ms)
2026-10-05T22:16:53.2453356Z ✔ Node: invalid and out-of-scope metadata fails without writes (98.559337ms)
2026-10-05T22:16:53.2483312Z ✔ Node: independent concurrent partial edits preserve both writes and each operation's own receipt (53.744574ms)
2026-10-05T22:16:53.2509929Z ✔ Node: independent storage handles make concurrent supplied-key edits without a shared mutex (60.619608ms)
2026-10-05T22:16:53.2533406Z ✔ Node: legacy metadata edits preserve divergent SQL defaults, required layout, unique indexes and stored NULL across reopen (79.567232ms)
2026-10-05T22:16:53.2563117Z ✔ Node: validation tightening affects future supplied writes while old content remains readable (60.563064ms)
2026-10-05T22:16:53.2585776Z ✔ Node: edited defaults stay metadata; omitted raw/content inserts retain physical required defaults and optional NULL (44.333486ms)
2026-10-05T22:16:53.2622828Z ✔ Node: failures during/after metadata UPDATE roll back every change and retain storage errors (50.797482ms)
2026-10-05T22:16:53.2625020Z ✔ Node: field replacement between preflight and commit preserves the replacement identity (44.710114ms)
2026-10-05T22:16:53.2662777Z ✔ D1: field metadata persists across reopen without DDL, content, token or collection changes (767.176993ms)
2026-10-05T22:16:53.2666860Z ✔ D1: supplied-key edits preserve omissions; validation replaces and null/empty remain distinct (1395.504809ms)
2026-10-05T22:16:53.2692379Z ✔ D1: invalid and out-of-scope metadata fails without writes (1416.775972ms)
2026-10-05T22:16:53.2717784Z ✔ D1: independent concurrent partial edits preserve both writes and each operation's own receipt (331.983137ms)
2026-10-05T22:16:53.2719258Z ✔ D1: independent storage handles make concurrent supplied-key edits without a shared mutex (2352.860326ms)
2026-10-05T22:16:53.2720803Z ✔ D1: legacy metadata edits preserve divergent SQL defaults, required layout, unique indexes and stored NULL across reopen (764.14545ms)
2026-10-05T22:16:53.2722386Z ✔ D1: validation tightening affects future supplied writes while old content remains readable (1398.969278ms)
2026-10-05T22:16:53.2724087Z ✔ D1: edited defaults stay metadata; omitted raw/content inserts retain physical required defaults and optional NULL (444.381814ms)
2026-10-05T22:16:53.2725956Z ✔ D1: failures during/after metadata UPDATE roll back every change and retain storage errors (374.122179ms)
2026-10-05T22:16:53.2727952Z ✔ D1: field replacement between preflight and commit preserves the replacement identity (316.590531ms)
2026-10-05T22:16:53.2730147Z ✔ field label conversion accepts absent/matching Kit instance ids and removes them before the service (3.41707ms)
2026-10-05T22:16:53.2732436Z ✔ field label form requires exact pair identity, a nonempty string and rejects broader field properties (1.00046ms)
2026-10-05T22:16:53.2733885Z ✔ field label: permission precedes hostile input and all storage access (3.429527ms)
2026-10-05T22:16:53.2736045Z ✔ Node: selected partial registry.test.ts:668 label assertion (83.902206ms)
2026-10-05T22:16:53.2737647Z ✔ Node: string/text labels persist across restart while all other metadata, DDL, indexes, content and tokens remain unchanged (79.880451ms)
2026-10-05T22:16:53.2739999Z ✔ Node: strict label-only validation rejects extra properties and invalid targets before storage without writes (73.995625ms)
2026-10-05T22:16:53.2741718Z ✔ Node: whitespace and labels longer than 200 characters retain the pinned nonempty-only contract (52.185582ms)
2026-10-05T22:16:53.2743209Z ✔ Node: schema:manage alone can relabel and schema/content readers cannot mutate any row (50.366839ms)
2026-10-05T22:16:53.2744732Z ✔ Node: identical labels are successful no-op values and same-field concurrent edits are last-writer-wins (55.120215ms)
2026-10-05T22:16:53.2746242Z ✔ Node: independent fields keep separate results and do not change each other's attributes (50.168183ms)
2026-10-05T22:16:53.2747752Z ✔ Node: a pre-label collection metadata token remains valid and metadata forms cannot overwrite field labels (56.500814ms)
2026-10-05T22:16:53.2749318Z ✔ Node: metadata writes between label preflight and commit neither conflict nor lose either update (46.981349ms)
2026-10-05T22:16:53.2750897Z ✔ Node: label writes during metadata preflight leave metadata CAS valid and preserve both updates (42.659712ms)
2026-10-05T22:16:53.2752649Z ✔ Node: additive fields coexist with label edits even when schema version changes after preflight (44.93648ms)
2026-10-05T22:16:53.2754230Z ✔ Node: collection/field target pairs isolate same-slug fields and missing targets write nothing (63.954617ms)
2026-10-05T22:16:53.2755811Z ✔ Node: deletion of a field after preflight cannot relabel a different identity or report success (44.844556ms)
2026-10-05T22:16:53.2757398Z ✔ Node: replacement of a field after preflight cannot relabel a different identity or report success (45.371051ms)
2026-10-05T22:16:53.2758962Z ✔ Node: replacement of a collection and its same-slug fields after preflight preserves the replacement identities (52.831186ms)
2026-10-05T22:16:53.2760405Z ✔ Node: failures during and after the label UPDATE roll back every row and retain unexpected storage errors (44.723289ms)
2026-10-05T22:16:53.2762204Z ✔ Node: the returned field belongs to this atomic write even when another label commits before the adapter returns (39.295018ms)
2026-10-05T22:16:53.2764026Z ✔ Node: relabeling legacy columns retains divergent defaults, required layout, unique indexes and stored NULL values (89.242381ms)
2026-10-05T22:16:53.2765375Z ✔ D1: selected partial registry.test.ts:668 label assertion (1236.334937ms)
2026-10-05T22:16:53.2766940Z ✔ D1: string/text labels persist across restart while all other metadata, DDL, indexes, content and tokens remain unchanged (774.435011ms)
2026-10-05T22:16:53.2768564Z ✔ D1: strict label-only validation rejects extra properties and invalid targets before storage without writes (1230.778665ms)
2026-10-05T22:16:53.2770137Z ✔ D1: whitespace and labels longer than 200 characters retain the pinned nonempty-only contract (350.266409ms)
2026-10-05T22:16:53.2771693Z ✔ D1: schema:manage alone can relabel and schema/content readers cannot mutate any row (405.001526ms)
2026-10-05T22:16:53.2773197Z ✔ D1: identical labels are successful no-op values and same-field concurrent edits are last-writer-wins (381.158152ms)
2026-10-05T22:16:53.2774687Z ✔ D1: independent fields keep separate results and do not change each other's attributes (261.807596ms)
2026-10-05T22:16:53.2776131Z ✔ D1: a pre-label collection metadata token remains valid and metadata forms cannot overwrite field labels (338.37484ms)
2026-10-05T22:16:53.2777769Z ✔ D1: metadata writes between label preflight and commit neither conflict nor lose either update (351.269147ms)
2026-10-05T22:16:53.2779227Z ✔ D1: label writes during metadata preflight leave metadata CAS valid and preserve both updates (358.864788ms)
2026-10-05T22:16:53.2780853Z ✔ D1: additive fields coexist with label edits even when schema version changes after preflight (456.398642ms)
2026-10-05T22:16:53.2782843Z ✔ D1: collection/field target pairs isolate same-slug fields and missing targets write nothing (460.64909ms)
2026-10-05T22:16:53.2784359Z ✔ D1: deletion of a field after preflight cannot relabel a different identity or report success (306.583328ms)
2026-10-05T22:16:53.2786218Z ✔ D1: replacement of a field after preflight cannot relabel a different identity or report success (408.708589ms)
2026-10-05T22:16:53.2787888Z ✔ D1: replacement of a collection and its same-slug fields after preflight preserves the replacement identities (349.145493ms)
2026-10-05T22:16:53.2789656Z ✔ D1: failures during and after the label UPDATE roll back every row and retain unexpected storage errors (391.494544ms)
2026-10-05T22:16:53.2791675Z ✔ D1: the returned field belongs to this atomic write even when another label commits before the adapter returns (259.529003ms)
2026-10-05T22:16:53.2793613Z ✔ D1: relabeling legacy columns retains divergent defaults, required layout, unique indexes and stored NULL values (745.320677ms)
2026-10-05T22:16:53.2795250Z ✔ options keep modes omit every domain metadata key, including submitted displayed values (5.878431ms)
2026-10-05T22:16:53.2796861Z ✔ options set keys independently; label/default strings retain whitespace, empty default and unrestricted length (1.180956ms)
2026-10-05T22:16:53.2798942Z ✔ validation native modes distinguish omission, null and empty replacement; one-sided bounds are independent (0.783951ms)
2026-10-05T22:16:53.2800733Z ✔ native instance and selected values validate without introducing omitted metadata or unsupported edits (1.255976ms)
2026-10-05T22:16:53.2802872Z ✔ options component owns a distinct registered instance with direct native spreads and explicit hidden values (10.047858ms)
2026-10-05T22:16:53.2804627Z ✔ actual content service preserves arrays/media/numeric/boolean values through create/read/update (102.143455ms)
2026-10-05T22:16:53.2806142Z ✔ actual content service reports every enum and numeric validation issue (56.748418ms)
2026-10-05T22:16:53.2807538Z ✔ pinned constructor omission bug is preserved at the actual content service (67.324699ms)
2026-10-05T22:16:53.2808484Z ▶ Zod Generator
2026-10-05T22:16:53.2809202Z   ▶ generateFieldSchema
2026-10-05T22:16:53.2810014Z     ✔ should generate string schema (3.587294ms)
2026-10-05T22:16:53.2810921Z     ✔ should generate number schema (0.99748ms)
2026-10-05T22:16:53.2811979Z     ✔ should generate integer schema (1.497271ms)
2026-10-05T22:16:53.2812784Z     ✔ should generate boolean schema (1.723511ms)
2026-10-05T22:16:53.2813689Z     ✔ should coerce stored 0/1 booleans to real booleans (1.018225ms)
2026-10-05T22:16:53.2814912Z     ✔ should preserve `.default(false)` chaining through the boolean preprocess (1.604585ms)
2026-10-05T22:16:53.2816166Z     ✔ should accept stored 0/1 booleans in partial-mode validation (4.330885ms)
2026-10-05T22:16:53.2817221Z     ✔ should generate url schema (1.225711ms)
2026-10-05T22:16:53.2818168Z     ✔ rejects url field value %j [dataset 0] (0.723582ms)
2026-10-05T22:16:53.2819082Z     ✔ rejects url field value %j [dataset 1] (0.470651ms)
2026-10-05T22:16:53.2820034Z     ✔ rejects url field value %j [dataset 2] (0.34392ms)
2026-10-05T22:16:53.2821015Z     ✔ rejects url field value %j [dataset 3] (0.313631ms)
2026-10-05T22:16:53.2821974Z     ✔ rejects url field value %j [dataset 4] (0.274692ms)
2026-10-05T22:16:53.2822888Z     ✔ rejects url field value %j [dataset 5] (0.334281ms)
2026-10-05T22:16:53.2823786Z     ✔ applies custom string validation to url fields (1.467172ms)
2026-10-05T22:16:53.2824787Z     ✔ should generate select schema with options (1.200228ms)
2026-10-05T22:16:53.2825703Z     ✔ should generate multiSelect schema (1.075535ms)
2026-10-05T22:16:53.2826607Z     ✔ should generate portableText schema (1.649421ms)
2026-10-05T22:16:53.2827539Z     ✔ should generate image schema (3.227868ms)
2026-10-05T22:16:53.2828593Z     ✔ accepts a dark variant on an image field and rejects a malformed one (4.439143ms)
2026-10-05T22:16:53.2830206Z     ✔ should make field optional when required is false (0.386335ms)
2026-10-05T22:16:53.2831137Z     ✔ should apply default value (0.321358ms)
2026-10-05T22:16:53.2832379Z     ✔ should apply string validation rules (0.831632ms)
2026-10-05T22:16:53.2833332Z     ✔ should apply number validation rules (0.858877ms)
2026-10-05T22:16:53.2834358Z   ✔ generateFieldSchema (36.516786ms)
2026-10-05T22:16:53.2835087Z   ▶ generateZodSchema
2026-10-05T22:16:53.2836026Z     ✔ should generate schema for collection with multiple fields (1.21777ms)
2026-10-05T22:16:53.2836974Z   ✔ generateZodSchema (1.338481ms)
2026-10-05T22:16:53.2837690Z   ▶ validateContent
2026-10-05T22:16:53.2838489Z     ✔ should return success for valid data (0.694119ms)
2026-10-05T22:16:53.2839349Z     ✔ should return errors for invalid data (0.587972ms)
2026-10-05T22:16:53.2840179Z   ✔ validateContent (1.411312ms)
2026-10-05T22:16:53.2840846Z   ▶ generateTypeScript
2026-10-05T22:16:53.2841827Z     ✔ should generate TypeScript interface (0.718266ms)
2026-10-05T22:16:53.2842730Z   ✔ generateTypeScript (0.848288ms)
2026-10-05T22:16:53.2843527Z   ▶ interface names derive from the singularized slug
2026-10-05T22:16:53.2844530Z     ✔ uses the slug, ignoring an arbitrary human label (0.545991ms)
2026-10-05T22:16:53.2845600Z     ✔ keeps names unique when singularization collapses two slugs (0.544686ms)
2026-10-05T22:16:53.2846799Z     ✔ keeps names unique when a suffixed name collides with another slug (0.292881ms)
2026-10-05T22:16:53.2847959Z     ✔ singularizes and PascalCases multi-word slugs (0.266318ms)
2026-10-05T22:16:53.2849272Z     ✔ singularizes a plural slug to describe a single entry (0.204319ms)
2026-10-05T22:16:53.2850342Z     ✔ leaves an already-singular slug unchanged (0.122274ms)
2026-10-05T22:16:53.2851494Z     ✔ references the same interface names in the EmDashCollections map (0.150212ms)
2026-10-05T22:16:53.2852767Z     ✔ includes BylineSummary in generated interface imports and byline property (0.113152ms)
2026-10-05T22:16:53.2854001Z   ✔ interface names derive from the singularized slug (2.610019ms)
2026-10-05T22:16:53.2854889Z   ▶ blocks fields in generated types
2026-10-05T22:16:53.2855789Z     ✔ emits retained version, per-type, and field unions (9.974702ms)
2026-10-05T22:16:53.2856718Z   ✔ blocks fields in generated types (10.087269ms)
2026-10-05T22:16:53.2857570Z   ▶ repeater fields in generated types
2026-10-05T22:16:53.2858389Z     ✔ builds a row object array from subFields (0.686109ms)
2026-10-05T22:16:53.2859550Z     ✔ types a sub-field that is not required as nullable (0.203597ms)
2026-10-05T22:16:53.2860547Z     ✔ enumerates the options of a select sub-field (0.246538ms)
2026-10-05T22:16:53.2861724Z     ✔ emits the media literal for an image sub-field (0.255563ms)
2026-10-05T22:16:53.2862905Z     ✔ maps a %s sub-field [dataset 0] (0.148643ms)
2026-10-05T22:16:53.2863708Z     ✔ maps a %s sub-field [dataset 1] (0.076387ms)
2026-10-05T22:16:53.2864619Z     ✔ maps a %s sub-field [dataset 2] (0.225785ms)
2026-10-05T22:16:53.2865507Z     ✔ maps a %s sub-field [dataset 3] (0.09924ms)
2026-10-05T22:16:53.2866364Z     ✔ maps a %s sub-field [dataset 4] (0.120215ms)
2026-10-05T22:16:53.2867221Z     ✔ maps a %s sub-field [dataset 5] (0.122283ms)
2026-10-05T22:16:53.2868034Z     ✔ maps a %s sub-field [dataset 6] (0.086725ms)
2026-10-05T22:16:53.2868853Z     ✔ maps a %s sub-field [dataset 7] (0.118286ms)
2026-10-05T22:16:53.2869717Z     ✔ maps a %s sub-field [dataset 8] (0.082148ms)
2026-10-05T22:16:53.2870672Z     ✔ falls back to unknown when subFields is absent (0.134626ms)
2026-10-05T22:16:53.2871989Z     ✔ falls back to unknown when subFields is empty (0.077307ms)
2026-10-05T22:16:53.2873033Z     ✔ falls back to unknown when subFields is %j [dataset 0] (0.07931ms)
2026-10-05T22:16:53.2874084Z     ✔ falls back to unknown when subFields is %j [dataset 1] (0.089342ms)
2026-10-05T22:16:53.2875152Z     ✔ falls back to unknown when subFields is %j [dataset 2] (0.114352ms)
2026-10-05T22:16:53.2876401Z     ✔ falls back to unknown when subFields is %j [dataset 3] (0.077568ms)
2026-10-05T22:16:53.2877419Z     ✔ falls back to unknown when subFields is %j [dataset 4] (0.102089ms)
2026-10-05T22:16:53.2878396Z     ▶ sub-field slugs that are not bare identifiers
2026-10-05T22:16:53.2879346Z       ✔ emits a parseable declaration file for %j [dataset 0] (7.42205ms)
2026-10-05T22:16:53.2880580Z       ✔ emits a parseable declaration file for %j [dataset 1] (1.366874ms)
2026-10-05T22:16:53.2881767Z       ✔ emits a parseable declaration file for %j [dataset 2] (0.771655ms)
2026-10-05T22:16:53.2882840Z       ✔ emits a parseable declaration file for %j [dataset 3] (2.016323ms)
2026-10-05T22:16:53.2883882Z       ✔ does not let a slug restructure the emitted type (1.823994ms)
2026-10-05T22:16:53.2884839Z     ✔ sub-field slugs that are not bare identifiers (13.747369ms)
2026-10-05T22:16:53.2885803Z     ▶ duplicate sub-field slugs
2026-10-05T22:16:53.2886551Z       ✔ declares a duplicated slug once (1.37245ms)
2026-10-05T22:16:53.2887582Z       ✔ keeps the last declaration of a duplicated slug (0.900061ms)
2026-10-05T22:16:53.2888522Z       ✔ declares the members the row schema accepts (1.594695ms)
2026-10-05T22:16:53.2889342Z     ✔ duplicate sub-field slugs (4.105609ms)
2026-10-05T22:16:53.2890249Z     ✔ keeps a required repeater non-optional (0.140036ms)
2026-10-05T22:16:53.2891093Z   ✔ repeater fields in generated types (21.938476ms)
2026-10-05T22:16:53.2892230Z   ▶ reference fields
2026-10-05T22:16:53.2893185Z     ✔ validates a field with no relation as the entry id string it stores (0.758312ms)
2026-10-05T22:16:53.2894313Z     ✔ leaves a field bound to a relation out of the data schema (0.279801ms)
2026-10-05T22:16:53.2895456Z     ✔ types a field with no relation as a string and omits a bound one (0.132814ms)
2026-10-05T22:16:53.2896433Z   ✔ reference fields (1.360512ms)
2026-10-05T22:16:53.2897178Z   ▶ reference interfaces in the generated file
2026-10-05T22:16:53.2898176Z     ✔ emits a page per bound field, typed to the target collection (0.424832ms)
2026-10-05T22:16:53.2899503Z     ✔ registers the references interface under EmDashCollectionReferences (0.219347ms)
2026-10-05T22:16:53.2900869Z     ✔ imports ReferencePage only when a bound reference field exists (0.230795ms)
2026-10-05T22:16:53.2902397Z     ✔ emits nothing for a collection whose reference fields are all unbound (0.130476ms)
2026-10-05T22:16:53.2903631Z     ✔ leaves the page un-narrowed when the target is not in the file (0.099924ms)
2026-10-05T22:16:53.2904735Z   ✔ reference interfaces in the generated file (1.299015ms)
2026-10-05T22:16:53.2905558Z ✔ Zod Generator (78.334254ms)
2026-10-05T22:16:53.2906204Z ▶ SchemaRegistry
2026-10-05T22:16:53.2906861Z   ▶ Collection Operations
2026-10-05T22:16:53.2907589Z     ✔ should create a collection (71.180164ms)
2026-10-05T22:16:53.2908702Z     ✔ F14: defaults supports to ['drafts', 'revisions'] when undefined (32.991946ms)
2026-10-05T22:16:53.2909798Z     ✔ F14: preserves explicit empty supports array (opt-out) (32.498922ms)
2026-10-05T22:16:53.2910955Z     ✔ defaults collections to routable and preserves explicit opt-out (29.311347ms)
2026-10-05T22:16:53.2912266Z     ✔ should create the content table when creating a collection (39.934467ms)
2026-10-05T22:16:53.2913429Z     ✔ rejects an unregistered content table with a structured conflict (33.596174ms)
2026-10-05T22:16:53.2914516Z     ✔ should list collections (37.511958ms)
2026-10-05T22:16:53.2916363Z     ▶ sidebar sort order
2026-10-05T22:16:53.2917260Z       ✔ has no explicit order by default (35.842514ms)
2026-10-05T22:16:53.2918492Z       ✔ lists explicitly ordered collections first, then the rest alphabetically (40.680877ms)
2026-10-05T22:16:53.2919843Z       ✔ applies the same order to listCollectionsWithFields (the manifest path) (37.296047ms)
2026-10-05T22:16:53.2921390Z       ✔ reorderCollections assigns positions in the given order (32.425746ms)
2026-10-05T22:16:53.2922832Z       ✔ reorderCollections clears the position of collections left out (29.834792ms)
2026-10-05T22:16:53.2924388Z       ✔ reorderCollections rejects unknown slugs without touching the order (38.210926ms)
2026-10-05T22:16:53.2925554Z       ✔ reorderCollections rejects duplicate slugs (32.672619ms)
2026-10-05T22:16:53.2926884Z       ✔ update preserves the position when sortOrder is omitted, and clears it on null (31.389988ms)
2026-10-05T22:16:53.2928433Z       ✔ rejects `reorder` as a collection slug (shadowed by the reorder route) (29.854887ms)
2026-10-05T22:16:53.2929403Z     ✔ sidebar sort order (309.380376ms)
2026-10-05T22:16:53.2930272Z     ✔ should get a collection by slug (33.31975ms)
2026-10-05T22:16:53.2931453Z     ✔ should return null for non-existent collection (30.712661ms)
2026-10-05T22:16:53.2932335Z     ✔ should update a collection (32.442959ms)
2026-10-05T22:16:53.2933153Z     ✔ touches updatedAt for an empty update (30.133116ms)
2026-10-05T22:16:53.2934070Z     ✔ collections are visible in the sidebar by default (31.105068ms)
2026-10-05T22:16:53.2935004Z     ✔ creates a collection hidden from the sidebar (32.163272ms)
2026-10-05T22:16:53.2935903Z     ✔ toggles hidden on an existing collection (34.385579ms)
2026-10-05T22:16:53.2936814Z     ✔ preserves hidden when an update omits it (29.049328ms)
2026-10-05T22:16:53.2937727Z     ✔ groups a collection into a sidebar folder and moves it back inline (33.780936ms)
2026-10-05T22:16:53.2938673Z     ✔ clears a collection icon with an empty string (34.907401ms)
2026-10-05T22:16:53.2939524Z     ✔ persists collection admin list columns (31.6615ms)
2026-10-05T22:16:53.2940454Z     ✔ should throw when updating non-existent collection (30.967538ms)
2026-10-05T22:16:53.2941505Z     ✔ should delete a collection (31.141009ms)
2026-10-05T22:16:53.2942508Z     ✔ should throw when creating duplicate collection (31.152293ms)
2026-10-05T22:16:53.2943465Z     ✔ should reject reserved collection slugs (29.610954ms)
2026-10-05T22:16:53.2944378Z     ✔ should validate collection slug format (32.251991ms)
2026-10-05T22:16:53.2945285Z   ✔ Collection Operations (1098.562064ms)
2026-10-05T22:16:53.2946003Z   ▶ Field Operations
2026-10-05T22:16:53.2947002Z     ✔ preserves unsupported stored field types instead of treating them as strings (40.414823ms)
2026-10-05T22:16:53.2949527Z     ✔ preserves unsupported stored repeater sub-field types (36.498047ms)
2026-10-05T22:16:53.2950495Z     ✔ should create a field (35.397349ms)
2026-10-05T22:16:53.2951768Z     ✔ keeps an indexed field's physical index in sync (41.620803ms)
2026-10-05T22:16:53.2953241Z     ✔ keeps metadata and its physical index aligned when indexed changes from %s to %s during concurrent updates [dataset 0] (39.773894ms)
2026-10-05T22:16:53.2955025Z     ✔ keeps metadata and its physical index aligned when indexed changes from %s to %s during concurrent updates [dataset 1] (33.102885ms)
2026-10-05T22:16:53.2956561Z     ✔ drops the index when an indexed field moves to a type that cannot carry one (34.551487ms)
2026-10-05T22:16:53.2957866Z     ✔ reuses an existing generated index when enabling indexed metadata (36.220708ms)
2026-10-05T22:16:53.2959107Z     ✔ uses the generated index for indexed custom field ordering (32.43111ms)
2026-10-05T22:16:53.2960079Z     ✔ rejects indexes for non-scalar fields (36.189064ms)
2026-10-05T22:16:53.2961335Z     ✔ should add column to content table when creating field (37.276101ms)
2026-10-05T22:16:53.2962293Z     ✔ should list fields for a collection (37.807268ms)
2026-10-05T22:16:53.2963147Z     ✔ should get a field by slug (31.755909ms)
2026-10-05T22:16:53.2963931Z     ✔ should update a field (34.137389ms)
2026-10-05T22:16:53.2964970Z     ✔ updates a field type when the column affinity is unchanged (#1397) (35.352902ms)
2026-10-05T22:16:53.2966208Z     ✔ rejects a field type change that would alter the column type (#1397) (31.542948ms)
2026-10-05T22:16:53.2967278Z     ✔ should delete a field (46.176195ms)
2026-10-05T22:16:53.2968168Z     ✔ should reject reserved field slugs (45.733183ms)
2026-10-05T22:16:53.2969170Z     ✔ should map field types to correct column types (69.080402ms)
2026-10-05T22:16:53.2970351Z     ✔ should reorder fields (46.67823ms)
2026-10-05T22:16:53.2971149Z   ✔ Field Operations (783.541663ms)
2026-10-05T22:16:53.2972096Z   ▶ Collection with Fields
2026-10-05T22:16:53.2972908Z     ✔ should get collection with all fields (36.874512ms)
2026-10-05T22:16:53.2973918Z     ✔ should cascade delete fields when deleting collection (38.833707ms)
2026-10-05T22:16:53.2975123Z   ✔ Collection with Fields (75.958456ms)
2026-10-05T22:16:53.2975948Z ✔ SchemaRegistry (1958.710115ms)
2026-10-05T22:16:54.1027565Z ✔ Node: create derives SEO support unless explicitly overridden (61.893098ms)
2026-10-05T22:16:54.1053287Z ✔ Node: update derives supplied SEO support while preserving explicit and omitted values (50.1332ms)
2026-10-05T22:16:54.1083005Z ✔ Node: collection reorder touches listed and cleared timestamps without a version bump and rejects stale CAS (74.620533ms)
2026-10-05T22:16:54.1085218Z ✔ Node: deleting titleField clears its pointer and touches only that collection timestamp without a version bump (69.501884ms)
2026-10-05T22:16:54.1143006Z ✔ Node: deleting dateField clears its pointer and touches only that collection timestamp without a version bump (44.233712ms)
2026-10-05T22:16:54.1172642Z ✔ Node: deleting an unreferenced field leaves collection metadata timestamps intact (48.663945ms)
2026-10-05T22:16:54.1232704Z ✔ Node: actual create and partial update reject nested lossy JSON with zero persisted changes (52.819435ms)
2026-10-05T22:16:55.4321409Z ✔ D1: create derives SEO support unless explicitly overridden (1332.623679ms)
2026-10-05T22:16:55.7002916Z ✔ D1: update derives supplied SEO support while preserving explicit and omitted values (269.150366ms)
2026-10-05T22:16:55.9834047Z ✔ D1: collection reorder touches listed and cleared timestamps without a version bump and rejects stale CAS (282.435774ms)
2026-10-05T22:16:56.2723450Z ✔ D1: deleting titleField clears its pointer and touches only that collection timestamp without a version bump (289.103663ms)
2026-10-05T22:16:56.5474049Z ✔ D1: deleting dateField clears its pointer and touches only that collection timestamp without a version bump (274.219776ms)
2026-10-05T22:16:56.7513248Z ✔ D1: deleting an unreferenced field leaves collection metadata timestamps intact (205.86702ms)
2026-10-05T22:16:56.9917363Z ✔ D1: actual create and partial update reject nested lossy JSON with zero persisted changes (242.079888ms)
2026-10-05T22:16:57.3015943Z ✔ the persisted registry creates every pinned EmDash 1.1.0 field type (156.054279ms)
2026-10-05T22:16:57.3017662Z ✔ defaults collections to routable and preserves explicit opt-out (43.088023ms)
2026-10-05T22:16:57.3020446Z ✔ version 1 metadata upgrade retains physical columns, rows, and divergent legacy defaults (166.830979ms)
2026-10-05T22:16:57.3022482Z ✔ version 2 metadata upgrade retains physical columns, rows, and divergent legacy defaults (97.826247ms)
2026-10-05T22:16:57.3024078Z ✔ failure during each new metadata/identity DDL restores the exact legacy schema and rows (401.28165ms)
2026-10-05T22:16:57.3025806Z ✔ incomplete identity layouts and temporary metadata objects reject without repair (149.212992ms)
2026-10-05T22:16:57.3027578Z ✔ own JSON keys round-trip with normal prototypes and no global mutation (4.03976ms)
2026-10-05T22:16:57.3028857Z ✔ custom transport cannot disguise lossy JSON, cycles, getters or custom objects (0.639953ms)
2026-10-05T22:16:57.3030128Z ✔ malformed custom decoder data fails without exposing the supplied value (0.79037ms)
2026-10-05T22:16:57.3643358Z [emdash:redirects] publishing redirect artifacts failed: Error: database is not open
2026-10-05T22:16:57.3645350Z     at NodeSqliteCompatDatabase.prepare (file:///home/runner/work/cms/cms/src/lib/server/database/node-sqlite-compat.ts:82:36)
2026-10-05T22:16:57.3670366Z     at SqliteConnection.executeQuery (file:///home/runner/work/cms/cms/node_modules/.pnpm/kysely@0.29.2/node_modules/kysely/dist/dialect/sqlite/sqlite-driver.js:58:31)
2026-10-05T22:16:57.3674361Z     at file:///home/runner/work/cms/cms/node_modules/.pnpm/kysely@0.29.2/node_modules/kysely/dist/query-executor/query-executor-base.js:39:41
2026-10-05T22:16:57.3677263Z     at DefaultConnectionProvider.provideConnection (file:///home/runner/work/cms/cms/node_modules/.pnpm/kysely@0.29.2/node_modules/kysely/dist/driver/default-connection-provider.js:10:26)
2026-10-05T22:16:57.3739655Z     at async DefaultQueryExecutor.executeQuery (file:///home/runner/work/cms/cms/node_modules/.pnpm/kysely@0.29.2/node_modules/kysely/dist/query-executor/query-executor-base.js:38:28)
2026-10-05T22:16:57.3762080Z     at async SelectQueryBuilderImpl.execute (file:///home/runner/work/cms/cms/node_modules/.pnpm/kysely@0.29.2/node_modules/kysely/dist/query-builder/select-query-builder.js:318:24)
2026-10-05T22:16:57.3797047Z     at async SelectQueryBuilderImpl.executeTakeFirst (file:///home/runner/work/cms/cms/node_modules/.pnpm/kysely@0.29.2/node_modules/kysely/dist/query-builder/select-query-builder.js:322:26)
2026-10-05T22:16:57.3798701Z     at async publishRedirectArtifacts (file:///home/runner/work/cms/cms/src/lib/server/redirects/artifacts.ts:156:16)
2026-10-05T22:16:57.3802498Z     at async publishRedirectChanges (file:///home/runner/work/cms/cms/src/lib/server/redirects/artifacts.ts:277:3) {
2026-10-05T22:16:57.3803471Z   code: 'ERR_INVALID_STATE'
2026-10-05T22:16:57.3804163Z }
2026-10-05T22:16:57.3805374Z ✔ Node: live metadata saves keep staged data and slug unpublished (110.234983ms)
2026-10-05T22:16:57.3806546Z ✔ Node: revision restore cannot replace a save before-refetch (77.110528ms)
2026-10-05T22:16:57.3810844Z ✔ Node: revision restore cannot replace a save after-refetch (62.082711ms)
2026-10-05T22:16:57.3824315Z ✔ Node: plain restore cannot replace a save before-refetch (56.954478ms)
2026-10-05T22:16:57.3826473Z ✔ Node: plain restore cannot replace a save after-refetch (52.988018ms)
2026-10-05T22:16:57.3834775Z [emdash:redirects] publishing redirect artifacts failed: Error: driver has already been destroyed
2026-10-05T22:16:57.3836563Z     at RuntimeDriver.acquireConnection (file:///home/runner/work/cms/cms/node_modules/.pnpm/kysely@0.29.2/node_modules/kysely/dist/driver/runtime-driver.js:44:19)
2026-10-05T22:16:57.3838681Z     at DefaultConnectionProvider.provideConnection (file:///home/runner/work/cms/cms/node_modules/.pnpm/kysely@0.29.2/node_modules/kysely/dist/driver/default-connection-provider.js:8:47)
2026-10-05T22:16:57.3841916Z     at DefaultQueryExecutor.provideConnection (file:///home/runner/work/cms/cms/node_modules/.pnpm/kysely@0.29.2/node_modules/kysely/dist/query-executor/default-query-executor.js:20:41)
2026-10-05T22:16:57.3844137Z     at DefaultQueryExecutor.executeQuery (file:///home/runner/work/cms/cms/node_modules/.pnpm/kysely@0.29.2/node_modules/kysely/dist/query-executor/query-executor-base.js:38:39)
2026-10-05T22:16:57.3846256Z     at SelectQueryBuilderImpl.execute (file:///home/runner/work/cms/cms/node_modules/.pnpm/kysely@0.29.2/node_modules/kysely/dist/query-builder/select-query-builder.js:318:51)
2026-10-05T22:16:57.3848191Z     at publishRedirectArtifacts (file:///home/runner/work/cms/cms/src/lib/server/redirects/artifacts.ts:170:4)
2026-10-05T22:16:57.3849555Z     at process.processTicksAndRejections (node:internal/process/task_queues:104:5)
2026-10-05T22:16:57.3851052Z     at async publishRedirectChanges (file:///home/runner/work/cms/cms/src/lib/server/redirects/artifacts.ts:277:3)
2026-10-05T22:16:57.3852636Z ✔ D1: live metadata saves keep staged data and slug unpublished (1609.580774ms)
2026-10-05T22:16:57.3854217Z ✔ D1: revision restore cannot replace a save before-refetch (439.749192ms)
2026-10-05T22:16:57.3855287Z ✔ D1: revision restore cannot replace a save after-refetch (404.38185ms)
2026-10-05T22:16:57.7708231Z ✔ D1: plain restore cannot replace a save before-refetch (409.134313ms)
2026-10-05T22:16:58.2109603Z ✔ D1: plain restore cannot replace a save after-refetch (442.208974ms)
2026-10-05T22:16:58.5808282Z ✔ Node: fresh canonical startup publishes, stages, rolls back and retains history on reopen (210.344463ms)
2026-10-05T22:16:58.5810869Z ✔ Node: v4 canonical startup publishes, stages, rolls back and retains history on reopen (123.461025ms)
2026-10-05T22:16:58.5812723Z ✔ D1: fresh canonical startup publishes, stages, rolls back and retains history on reopen (1279.076861ms)
2026-10-05T22:16:58.5814322Z ✔ D1: v4 canonical startup publishes, stages, rolls back and retains history on reopen (1277.555296ms)
2026-10-05T22:16:59.0988793Z (node:5729) ExperimentalWarning: stripTypeScriptTypes is an experimental feature and might change at any time
2026-10-05T22:16:59.0993544Z (Use `node --trace-warnings ...` to show where the warning was created)
2026-10-05T22:16:59.0997335Z ✔ Node: real later metadata replacement is accepted on canonical restart (22.739027ms)
2026-10-05T22:16:59.0999218Z ✔ Node: malformed latest static metadata rejects before dynamic descriptors (10.158505ms)
2026-10-05T22:16:59.1001108Z ✔ D1: real later metadata replacement is accepted on canonical restart (1097.25244ms)
2026-10-05T22:16:59.1645845Z ✔ D1: malformed latest static metadata rejects before dynamic descriptors (68.639371ms)
2026-10-05T22:16:59.4753970Z ▶ packages/core/tests/integration/content/blank-array-field.test.ts
2026-10-05T22:16:59.4843321Z   ✔ saves blank strings as null on create (102.486166ms)
2026-10-05T22:16:59.4889514Z   ✔ saves an entry read back with a stored blank body (92.445363ms)
2026-10-05T22:16:59.4922933Z   ✔ still rejects a blank body on a required field (82.714695ms)
2026-10-05T22:16:59.4932855Z ✔ packages/core/tests/integration/content/blank-array-field.test.ts (279.064704ms)
2026-10-05T22:16:59.4935300Z ▶ packages/core/tests/integration/content/deleted-field-stranded-entry.test.ts
2026-10-05T22:16:59.4936673Z   ✔ publishes the existing draft without another save (92.803384ms)
2026-10-05T22:16:59.4938030Z ✔ packages/core/tests/integration/content/deleted-field-stranded-entry.test.ts (93.016649ms)
2026-10-05T22:17:00.5832296Z (node:5766) ExperimentalWarning: stripTypeScriptTypes is an experimental feature and might change at any time
2026-10-05T22:17:00.5834103Z (Use `node --trace-warnings ...` to show where the warning was created)
2026-10-05T22:17:00.5877600Z ✔ Node: exact managed version-suffix FTS survives restart, index repair and live effects (60.113845ms)
2026-10-05T22:17:00.5880860Z ✔ Node: complete source group may precede config or remain disabled (39.752334ms)
2026-10-05T22:17:00.5883004Z ✔ Node: incomplete, spoofed and malformed managed ownership rejects without startup writes (190.96315ms)
2026-10-05T22:17:00.5884666Z ✔ Node: managed group, trigger and metadata races abort before index backfill (203.307344ms)
2026-10-05T22:17:00.5886220Z ✔ Node: unrelated operator and live search row writes remain allowed during backfill (15.85355ms)
2026-10-05T22:17:00.5887686Z ✔ Node: maximum declared fields fit the native D1 binding budget during backfill (78.641302ms)
2026-10-05T22:17:00.5889082Z ✔ Node: every orphan version-suffix companion rejects preflight (272.078765ms)
2026-10-05T22:17:00.5890988Z ✔ Node: every orphan version-suffix companion rejects batch races (339.327609ms)
2026-10-05T22:17:00.5895200Z ✔ Node: separate namespace companion lookalikes remain ordinary operators (19.433347ms)
2026-10-05T22:17:02.2604090Z ✔ D1: exact managed version-suffix FTS survives restart, index repair and live effects (1676.492682ms)
2026-10-05T22:17:02.6888619Z ✔ D1: complete source group may precede config or remain disabled (429.662657ms)
2026-10-05T22:17:05.6855616Z ✔ D1: incomplete, spoofed and malformed managed ownership rejects without startup writes (2996.611886ms)
2026-10-05T22:17:08.4900000Z ✔ D1: managed group, trigger and metadata races abort before index backfill (2804.126334ms)
2026-10-05T22:17:08.8118963Z ✔ D1: unrelated operator and live search row writes remain allowed during backfill (321.785078ms)
2026-10-05T22:17:10.0111036Z ✔ D1: maximum declared fields fit the native D1 binding budget during backfill (1198.903216ms)
2026-10-05T22:17:14.6738401Z ✔ D1: every orphan version-suffix companion rejects preflight (4662.576505ms)
2026-10-05T22:17:20.0516759Z ✔ D1: every orphan version-suffix companion rejects batch races (5378.098471ms)
2026-10-05T22:17:20.3917955Z ✔ D1: separate namespace companion lookalikes remain ordinary operators (341.065494ms)
2026-10-05T22:17:20.7612732Z ✔ Node: invalid mixed publication date preserves the pinned partial draft commit (110.323891ms)
2026-10-05T22:17:20.7623457Z [revisions] Failed to prune revisions for post/01M4728HGYRDKE4W62JY6TXMQZ: Error: review prune fault
2026-10-05T22:17:20.7624482Z     at Object.run (file:///home/runner/work/cms/cms/src/lib/server/database/node-sqlite-compat.ts:87:38)
2026-10-05T22:17:20.7626275Z     at SqliteConnection.executeQuery (file:///home/runner/work/cms/cms/node_modules/.pnpm/kysely@0.29.2/node_modules/kysely/dist/dialect/sqlite/sqlite-driver.js:64:51)
2026-10-05T22:17:20.7627826Z     at file:///home/runner/work/cms/cms/node_modules/.pnpm/kysely@0.29.2/node_modules/kysely/dist/query-executor/query-executor-base.js:39:41
2026-10-05T22:17:20.7629846Z     at DefaultConnectionProvider.provideConnection (file:///home/runner/work/cms/cms/node_modules/.pnpm/kysely@0.29.2/node_modules/kysely/dist/driver/default-connection-provider.js:10:26)
2026-10-05T22:17:20.7632390Z     at async DefaultQueryExecutor.executeQuery (file:///home/runner/work/cms/cms/node_modules/.pnpm/kysely@0.29.2/node_modules/kysely/dist/query-executor/query-executor-base.js:38:28)
2026-10-05T22:17:20.7634490Z     at async RevisionRepository.pruneOldRevisions (file:///home/runner/work/cms/cms/src/lib/server/database/lifecycle/upstream/database/repositories/revision.ts:305:18)
2026-10-05T22:17:20.7636751Z     at async RevisionRepository.pruneQueuedEntry (file:///home/runner/work/cms/cms/src/lib/server/database/lifecycle/upstream/database/repositories/revision.ts:327:18)
2026-10-05T22:17:20.7638511Z     at async task (file:///home/runner/work/cms/cms/src/lib/server/database/lifecycle/service.ts:117:12)
2026-10-05T22:17:20.7640086Z     at async Object.flush (file:///home/runner/work/cms/cms/tests/lifecycle-review-regressions.test.ts:27:61)
2026-10-05T22:17:20.7641858Z     at async TestContext.<anonymous> (file:///home/runner/work/cms/cms/tests/lifecycle-review-regressions.test.ts:125:12) {
2026-10-05T22:17:20.7642761Z   code: 'ERR_SQLITE_ERROR',
2026-10-05T22:17:20.7643276Z   errcode: 1811,
2026-10-05T22:17:20.7643664Z   errstr: 'constraint failed'
2026-10-05T22:17:20.7644162Z }
2026-10-05T22:17:20.7645114Z [revisions] Failed to schedule pruning for post/01M4728HKXNNMXBZCZWNWW31RH: Error: no such column: missing_capture_column
2026-10-05T22:17:20.7646480Z     at NodeSqliteCompatDatabase.prepare (file:///home/runner/work/cms/cms/src/lib/server/database/node-sqlite-compat.ts:82:36)
2026-10-05T22:17:20.7648096Z     at SqliteConnection.executeQuery (file:///home/runner/work/cms/cms/node_modules/.pnpm/kysely@0.29.2/node_modules/kysely/dist/dialect/sqlite/sqlite-driver.js:58:31)
2026-10-05T22:17:20.7649181Z     at file:///home/runner/work/cms/cms/node_modules/.pnpm/kysely@0.29.2/node_modules/kysely/dist/query-executor/query-executor-base.js:39:41
2026-10-05T22:17:20.7650354Z     at DefaultConnectionProvider.provideConnection (file:///home/runner/work/cms/cms/node_modules/.pnpm/kysely@0.29.2/node_modules/kysely/dist/driver/default-connection-provider.js:10:26)
2026-10-05T22:17:20.7651909Z     at async DefaultQueryExecutor.executeQuery (file:///home/runner/work/cms/cms/node_modules/.pnpm/kysely@0.29.2/node_modules/kysely/dist/query-executor/query-executor-base.js:38:28)
2026-10-05T22:17:20.7653419Z     at async Object.unpublish (file:///home/runner/work/cms/cms/src/lib/server/database/lifecycle/service.ts:316:23)
2026-10-05T22:17:20.7654618Z     at async TestContext.<anonymous> (file:///home/runner/work/cms/cms/tests/lifecycle-review-regressions.test.ts:158:19)
2026-10-05T22:17:20.7655617Z     at async Test.run (node:internal/test_runner/test:1409:7)
2026-10-05T22:17:20.7656505Z     at async Test.processPendingSubtests (node:internal/test_runner/test:974:7) {
2026-10-05T22:17:20.7657156Z   code: 'ERR_SQLITE_ERROR',
2026-10-05T22:17:20.7657942Z   errcode: 1,
2026-10-05T22:17:20.7658366Z   errstr: 'SQL logic error'
2026-10-05T22:17:20.7658845Z }
2026-10-05T22:17:20.7659808Z ✔ Node: slug-only update preserves the pinned public runtime live write (58.008158ms)
2026-10-05T22:17:20.7660912Z ✔ Node: unpublish cycles drain actual queued history at the source retention cap (381.382754ms)
2026-10-05T22:17:20.7662650Z ✔ Node: accepted ISO metadata SQL fault preserves the pinned mixed draft commit (49.695438ms)
2026-10-05T22:17:20.7663801Z ✔ Node: unpublish pruning preserves a newer queued boundary and the current draft (104.306818ms)
2026-10-05T22:17:20.7665047Z ✔ Node: accepted unpublish isolates a real prune fault and retains queued work for retry (72.602787ms)
2026-10-05T22:17:20.7666153Z ✔ Node: a real queue-capture SELECT fault cannot reject an accepted unpublish (71.148353ms)
2026-10-05T22:17:20.7667361Z ✔ D1: invalid mixed publication date preserves the pinned partial draft commit (1495.353474ms)
2026-10-05T22:17:20.7668401Z ✔ D1: slug-only update preserves the pinned public runtime live write (394.084117ms)
2026-10-05T22:17:20.7669528Z ✔ D1: unpublish cycles drain actual queued history at the source retention cap (7561.79786ms)
2026-10-05T22:17:20.7670627Z ✔ D1: accepted ISO metadata SQL fault preserves the pinned mixed draft commit (378.046556ms)
2026-10-05T22:17:20.7671668Z ✔ D1: unpublish pruning preserves a newer queued boundary and the current draft (1533.614568ms)
2026-10-05T22:17:20.7673501Z [revisions] Failed to prune revisions for post/01M4728WYS287HHZCNY89E6FRW: Error: D1_ERROR: review prune fault: SQLITE_CONSTRAINT (extended: SQLITE_CONSTRAINT_TRIGGER)
2026-10-05T22:17:20.7674803Z     at Error (file:///home/runner/work/cms/cms/tests/helpers/async-d1-storage.ts:41:19)
2026-10-05T22:17:20.7675561Z     at hydrate (file:///home/runner/work/cms/cms/node_modules/.pnpm/devalue@5.9.4/node_modules/devalue/src/parse.js:107:24)
2026-10-05T22:17:20.7676431Z     at hydrate (file:///home/runner/work/cms/cms/node_modules/.pnpm/devalue@5.9.4/node_modules/devalue/src/parse.js:271:26)
2026-10-05T22:17:20.7677217Z     at unflatten (file:///home/runner/work/cms/cms/node_modules/.pnpm/devalue@5.9.4/node_modules/devalue/src/parse.js:278:9)
2026-10-05T22:17:20.7677883Z     ... 3 lines matching cause stack trace ...
2026-10-05T22:17:20.7678450Z     at async execute (file:///home/runner/work/cms/cms/tests/helpers/async-d1-storage.ts:56:18)
2026-10-05T22:17:20.7679169Z     at async D1Connection.executeQuery (file:///home/runner/work/cms/cms/src/lib/server/database/d1.ts:55:29)
2026-10-05T22:17:20.7680052Z     at async file:///home/runner/work/cms/cms/node_modules/.pnpm/kysely@0.29.2/node_modules/kysely/dist/query-executor/query-executor-base.js:39:24 {
2026-10-05T22:17:20.7680838Z   [cause]: Error: review prune fault: SQLITE_CONSTRAINT (extended: SQLITE_CONSTRAINT_TRIGGER)
2026-10-05T22:17:20.7681806Z       at Error (file:///home/runner/work/cms/cms/tests/helpers/async-d1-storage.ts:41:19)
2026-10-05T22:17:20.7682827Z       at hydrate (file:///home/runner/work/cms/cms/node_modules/.pnpm/devalue@5.9.4/node_modules/devalue/src/parse.js:107:24)
2026-10-05T22:17:20.7684061Z       at hydrate (file:///home/runner/work/cms/cms/node_modules/.pnpm/devalue@5.9.4/node_modules/devalue/src/parse.js:271:26)
2026-10-05T22:17:20.7685164Z       at hydrate (file:///home/runner/work/cms/cms/node_modules/.pnpm/devalue@5.9.4/node_modules/devalue/src/parse.js:107:32)
2026-10-05T22:17:20.7686358Z       at hydrate (file:///home/runner/work/cms/cms/node_modules/.pnpm/devalue@5.9.4/node_modules/devalue/src/parse.js:271:26)
2026-10-05T22:17:20.7687609Z       at unflatten (file:///home/runner/work/cms/cms/node_modules/.pnpm/devalue@5.9.4/node_modules/devalue/src/parse.js:278:9)
2026-10-05T22:17:20.7688741Z       at parse (file:///home/runner/work/cms/cms/node_modules/.pnpm/devalue@5.9.4/node_modules/devalue/src/parse.js:21:9)
2026-10-05T22:17:20.7690065Z       at file:///home/runner/work/cms/cms/tests/helpers/async-d1-storage.ts:51:21
2026-10-05T22:17:20.7690974Z       at process.processTicksAndRejections (node:internal/process/task_queues:104:5)
2026-10-05T22:17:20.7692473Z       at async execute (file:///home/runner/work/cms/cms/tests/helpers/async-d1-storage.ts:56:18) {
2026-10-05T22:17:20.7693185Z     [cause]: undefined
2026-10-05T22:17:20.7693642Z   }
2026-10-05T22:17:20.7694003Z }
2026-10-05T22:17:20.7695084Z ✔ D1: accepted unpublish isolates a real prune fault and retains queued work for retry (1575.920343ms)
2026-10-05T22:17:20.7696835Z [revisions] Failed to schedule pruning for post/01M4728YDR7VJ579EY7PKDKYF4: Error: D1_ERROR: no such column: missing_capture_column at offset 7: SQLITE_ERROR
2026-10-05T22:17:20.7698094Z     at Error (file:///home/runner/work/cms/cms/tests/helpers/async-d1-storage.ts:41:19)
2026-10-05T22:17:20.7699275Z     at hydrate (file:///home/runner/work/cms/cms/node_modules/.pnpm/devalue@5.9.4/node_modules/devalue/src/parse.js:107:24)
2026-10-05T22:17:20.7700492Z     at hydrate (file:///home/runner/work/cms/cms/node_modules/.pnpm/devalue@5.9.4/node_modules/devalue/src/parse.js:271:26)
2026-10-05T22:17:20.7702067Z     at unflatten (file:///home/runner/work/cms/cms/node_modules/.pnpm/devalue@5.9.4/node_modules/devalue/src/parse.js:278:9)
2026-10-05T22:17:20.7702885Z     ... 3 lines matching cause stack trace ...
2026-10-05T22:17:20.7703621Z     at async execute (file:///home/runner/work/cms/cms/tests/helpers/async-d1-storage.ts:56:18)
2026-10-05T22:17:20.7704766Z     at async D1Connection.executeQuery (file:///home/runner/work/cms/cms/src/lib/server/database/d1.ts:55:29)
2026-10-05T22:17:20.7705992Z     at async file:///home/runner/work/cms/cms/node_modules/.pnpm/kysely@0.29.2/node_modules/kysely/dist/query-executor/query-executor-base.js:39:24 {
2026-10-05T22:17:20.7708600Z   [cause]: Error: no such column: missing_capture_column at offset 7: SQLITE_ERROR
2026-10-05T22:17:20.7709479Z       at Error (file:///home/runner/work/cms/cms/tests/helpers/async-d1-storage.ts:41:19)
2026-10-05T22:17:20.7710555Z       at hydrate (file:///home/runner/work/cms/cms/node_modules/.pnpm/devalue@5.9.4/node_modules/devalue/src/parse.js:107:24)
2026-10-05T22:17:20.7712054Z       at hydrate (file:///home/runner/work/cms/cms/node_modules/.pnpm/devalue@5.9.4/node_modules/devalue/src/parse.js:271:26)
2026-10-05T22:17:20.7713458Z       at hydrate (file:///home/runner/work/cms/cms/node_modules/.pnpm/devalue@5.9.4/node_modules/devalue/src/parse.js:107:32)
2026-10-05T22:17:20.7714690Z       at hydrate (file:///home/runner/work/cms/cms/node_modules/.pnpm/devalue@5.9.4/node_modules/devalue/src/parse.js:271:26)
2026-10-05T22:17:20.7715547Z       at unflatten (file:///home/runner/work/cms/cms/node_modules/.pnpm/devalue@5.9.4/node_modules/devalue/src/parse.js:278:9)
2026-10-05T22:17:20.7716368Z       at parse (file:///home/runner/work/cms/cms/node_modules/.pnpm/devalue@5.9.4/node_modules/devalue/src/parse.js:21:9)
2026-10-05T22:17:20.7717848Z       at file:///home/runner/work/cms/cms/tests/helpers/async-d1-storage.ts:51:21
2026-10-05T22:17:20.7718537Z       at process.processTicksAndRejections (node:internal/process/task_queues:104:5)
2026-10-05T22:17:20.7719529Z       at async execute (file:///home/runner/work/cms/cms/tests/helpers/async-d1-storage.ts:56:18) {
2026-10-05T22:17:20.7720207Z     [cause]: undefined
2026-10-05T22:17:20.7720643Z   }
2026-10-05T22:17:20.7721011Z }
2026-10-05T22:17:20.7722146Z ✔ D1: a real queue-capture SELECT fault cannot reject an accepted unpublish (361.557291ms)
2026-10-05T22:17:20.7723526Z [revisions] Failed to schedule pruning for post/01M4728H884E1BSRMTVVYQRAB6: Error: native synchronous scheduler fault
2026-10-05T22:17:20.7724849Z     at TestContext.<anonymous> (file:///home/runner/work/cms/cms/tests/lifecycle-scheduling-regressions.test.ts:35:30)
2026-10-05T22:17:20.7725966Z     at async Test.run (node:internal/test_runner/test:1409:7)
2026-10-05T22:17:20.7726759Z     at async startSubtestAfterBootstrap (node:internal/test_runner/harness:387:3)
2026-10-05T22:17:20.7727955Z [revisions] Failed to schedule pruning for post/01M4728HB6HPK1Z1JXCR84V2SP: Error: native synchronous scheduler fault
2026-10-05T22:17:20.7729425Z     at TestContext.<anonymous> (file:///home/runner/work/cms/cms/tests/lifecycle-scheduling-regressions.test.ts:35:30)
2026-10-05T22:17:20.7730520Z     at async Test.run (node:internal/test_runner/test:1409:7)
2026-10-05T22:17:20.7731577Z     at async Test.processPendingSubtests (node:internal/test_runner/test:974:7)
2026-10-05T22:17:20.7732504Z [revisions] Failed to schedule pruning for post/01M4728HEBPVG4HXY865C7RXHA: Error: native synchronous scheduler fault
2026-10-05T22:17:20.7733406Z     at TestContext.<anonymous> (file:///home/runner/work/cms/cms/tests/lifecycle-scheduling-regressions.test.ts:35:30)
2026-10-05T22:17:20.7734043Z     at async Test.run (node:internal/test_runner/test:1409:7)
2026-10-05T22:17:20.7734594Z     at async Test.processPendingSubtests (node:internal/test_runner/test:974:7)
2026-10-05T22:17:20.7735409Z [revisions] Failed to schedule pruning for post/01M4728HGWF452K1FC58VQ0CFS: Error: native synchronous scheduler fault
2026-10-05T22:17:20.7736217Z     at TestContext.<anonymous> (file:///home/runner/work/cms/cms/tests/lifecycle-scheduling-regressions.test.ts:35:30)
2026-10-05T22:17:20.7736858Z     at async Test.run (node:internal/test_runner/test:1409:7)
2026-10-05T22:17:20.7737397Z     at async Test.processPendingSubtests (node:internal/test_runner/test:974:7)
2026-10-05T22:17:20.7738234Z ✔ Node: save survives scheduler failure and queued work retries (118.801862ms)
2026-10-05T22:17:20.7738942Z ✔ Node: restore-draft survives scheduler failure and queued work retries (87.686849ms)
2026-10-05T22:17:20.7739705Z ✔ Node: restore-plain survives scheduler failure and queued work retries (96.578491ms)
2026-10-05T22:17:20.7740405Z ✔ Node: unpublish survives scheduler failure and queued work retries (71.328237ms)
2026-10-05T22:17:20.7741649Z [revisions] Failed to schedule pruning for post/01M4728JVTM45NRW4MFB4X0AM8: Error: native synchronous scheduler fault
2026-10-05T22:17:20.7742925Z     at TestContext.<anonymous> (file:///home/runner/work/cms/cms/tests/lifecycle-scheduling-regressions.test.ts:35:30)
2026-10-05T22:17:20.7743937Z     at process.processTicksAndRejections (node:internal/process/task_queues:104:5)
2026-10-05T22:17:20.7744806Z     at async Test.run (node:internal/test_runner/test:1409:7)
2026-10-05T22:17:20.7745578Z     at async Test.processPendingSubtests (node:internal/test_runner/test:974:7)
2026-10-05T22:17:20.7746671Z ✔ D1: save survives scheduler failure and queued work retries (2936.333302ms)
2026-10-05T22:17:20.7747916Z [revisions] Failed to schedule pruning for post/01M4728MMN7TX25WXFNB10DQKN: Error: native synchronous scheduler fault
2026-10-05T22:17:20.7749158Z     at TestContext.<anonymous> (file:///home/runner/work/cms/cms/tests/lifecycle-scheduling-regressions.test.ts:35:30)
2026-10-05T22:17:20.7750359Z     at process.processTicksAndRejections (node:internal/process/task_queues:104:5)
2026-10-05T22:17:20.7751309Z     at async Test.run (node:internal/test_runner/test:1409:7)
2026-10-05T22:17:20.7752175Z     at async Test.processPendingSubtests (node:internal/test_runner/test:974:7)
2026-10-05T22:17:20.7753384Z ✔ D1: restore-draft survives scheduler failure and queued work retries (1566.823323ms)
2026-10-05T22:17:20.7754642Z [revisions] Failed to schedule pruning for post/01M4728P4M0XW8SFB63KJ8PN56: Error: native synchronous scheduler fault
2026-10-05T22:17:20.7755959Z     at TestContext.<anonymous> (file:///home/runner/work/cms/cms/tests/lifecycle-scheduling-regressions.test.ts:35:30)
2026-10-05T22:17:20.7757123Z     at process.processTicksAndRejections (node:internal/process/task_queues:104:5)
2026-10-05T22:17:20.7758054Z     at async Test.run (node:internal/test_runner/test:1409:7)
2026-10-05T22:17:20.7758876Z     at async Test.processPendingSubtests (node:internal/test_runner/test:974:7)
2026-10-05T22:17:20.7760083Z ✔ D1: restore-plain survives scheduler failure and queued work retries (1499.898261ms)
2026-10-05T22:17:20.7761476Z [revisions] Failed to schedule pruning for post/01M4728QMCBPKFJSYX2YNC7PWN: Error: native synchronous scheduler fault
2026-10-05T22:17:20.7763117Z     at TestContext.<anonymous> (file:///home/runner/work/cms/cms/tests/lifecycle-scheduling-regressions.test.ts:35:30)
2026-10-05T22:17:20.7764188Z     at process.processTicksAndRejections (node:internal/process/task_queues:104:5)
2026-10-05T22:17:20.7764957Z     at async Test.run (node:internal/test_runner/test:1409:7)
2026-10-05T22:17:20.7765942Z     at async Test.processPendingSubtests (node:internal/test_runner/test:974:7)
2026-10-05T22:17:20.7767100Z ✔ D1: unpublish survives scheduler failure and queued work retries (1483.85181ms)
2026-10-05T22:17:20.7768320Z ✔ Node: staged slug collision preserves its public code and both complete entries (100.917913ms)
2026-10-05T22:17:20.7769597Z ✔ D1: staged slug collision preserves its public code and both complete entries (1563.138661ms)
2026-10-05T22:17:20.7770785Z ✔ Node: forward cross-collection and self-reference triggers survive the complete rebuild (158.962811ms)
2026-10-05T22:17:20.7772556Z ✔ Node: reverse cross-collection and self-reference triggers survive the complete rebuild (97.161712ms)
2026-10-05T22:17:20.7773872Z ✔ Node: unchanged-owner cross-collection and self-reference triggers survive the complete rebuild (106.28223ms)
2026-10-05T22:17:20.7775236Z ✔ D1: forward cross-collection and self-reference triggers survive the complete rebuild (2502.644937ms)
2026-10-05T22:17:20.7776539Z ✔ D1: reverse cross-collection and self-reference triggers survive the complete rebuild (1510.376886ms)
2026-10-05T22:17:20.7777880Z ✔ D1: unchanged-owner cross-collection and self-reference triggers survive the complete rebuild (1421.572832ms)
2026-10-05T22:17:20.8352863Z ✔ Node: preinstalled view content dependency rejects without writes (43.752459ms)
2026-10-05T22:17:20.8354132Z ✔ Node: race view content dependency rejects without writes (43.589173ms)
2026-10-05T22:17:20.8373203Z ✔ Node: preinstalled external-trigger content dependency rejects without writes (16.47105ms)
2026-10-05T22:17:20.8375146Z ✔ Node: race external-trigger content dependency rejects without writes (37.333877ms)
2026-10-05T22:17:20.8376997Z ✔ Node: qualified, joined, grouped and mutating content dependencies reject unchanged (124.385153ms)
2026-10-05T22:17:20.8378782Z ✔ Node: unrelated operator views, triggers, CTE names, literals and comments remain unchanged (77.112706ms)
2026-10-05T22:17:20.8380295Z ✔ D1: preinstalled view content dependency rejects without writes (1201.058716ms)
2026-10-05T22:17:20.8381717Z ✔ D1: race view content dependency rejects without writes (516.322697ms)
2026-10-05T22:17:20.8383126Z ✔ D1: preinstalled external-trigger content dependency rejects without writes (288.636441ms)
2026-10-05T22:17:20.8384730Z ✔ D1: race external-trigger content dependency rejects without writes (460.830816ms)
2026-10-05T22:17:20.8387698Z ✔ D1: qualified, joined, grouped and mutating content dependencies reject unchanged (2184.907322ms)
2026-10-05T22:17:20.8389818Z ✔ D1: unrelated operator views, triggers, CTE names, literals and comments remain unchanged (710.101726ms)
2026-10-05T22:17:21.1892022Z ✔ Node: existing-table rejects fresh orphan content without migration writes (22.215968ms)
2026-10-05T22:17:21.1933107Z ✔ Node: existing-view rejects fresh orphan content without migration writes (6.997088ms)
2026-10-05T22:17:21.1952572Z ✔ Node: race-table rejects fresh orphan content without migration writes (21.298518ms)
2026-10-05T22:17:21.1954051Z ✔ D1: existing-table rejects fresh orphan content without migration writes (1019.396159ms)
2026-10-05T22:17:21.1955585Z ✔ D1: existing-view rejects fresh orphan content without migration writes (48.802208ms)
2026-10-05T22:17:21.1956905Z ✔ D1: race-table rejects fresh orphan content without migration writes (138.342921ms)
2026-10-05T22:17:23.7123970Z ✔ Node: fresh preinstalled reserved table names reject in both cases (34.024053ms)
2026-10-05T22:17:23.7132569Z ✔ Node: fresh preinstalled reserved view names reject in both cases (9.624491ms)
2026-10-05T22:17:23.7162696Z ✔ Node: fresh preinstalled reserved index names reject in both cases (11.569568ms)
2026-10-05T22:17:23.7192007Z ✔ Node: fresh racing reserved table names reject in both cases (31.353536ms)
2026-10-05T22:17:23.7193482Z ✔ Node: fresh racing reserved view names reject in both cases (21.716662ms)
2026-10-05T22:17:23.7194892Z ✔ Node: fresh racing reserved index names reject in both cases (16.705689ms)
2026-10-05T22:17:23.7196669Z ✔ Node: fresh content-like operator trigger names occupy a separate namespace (158.637853ms)
2026-10-05T22:17:23.7198055Z ✔ Node: v4 preinstalled reserved table names reject in both cases (47.794799ms)
2026-10-05T22:17:23.7199317Z ✔ Node: v4 preinstalled reserved view names reject in both cases (53.138272ms)
2026-10-05T22:17:23.7200709Z ✔ Node: v4 preinstalled reserved index names reject in both cases (39.190618ms)
2026-10-05T22:17:23.7202182Z ✔ Node: v4 racing reserved table names reject in both cases (64.537833ms)
2026-10-05T22:17:23.7203418Z ✔ Node: v4 racing reserved view names reject in both cases (100.76039ms)
2026-10-05T22:17:23.7204621Z ✔ Node: v4 racing reserved index names reject in both cases (68.91626ms)
2026-10-05T22:17:23.7206084Z ✔ Node: v4 content-like operator trigger names occupy a separate namespace (347.259471ms)
2026-10-05T22:17:23.7207538Z ✔ Node: v5 preinstalled reserved table names reject in both cases (24.218821ms)
2026-10-05T22:17:23.7208775Z ✔ Node: v5 preinstalled reserved view names reject in both cases (22.286399ms)
2026-10-05T22:17:23.7210128Z ✔ Node: v5 preinstalled reserved index names reject in both cases (21.926134ms)
2026-10-05T22:17:23.7211470Z ✔ Node: v5 racing reserved table names reject in both cases (46.077221ms)
2026-10-05T22:17:23.7212699Z ✔ Node: v5 racing reserved view names reject in both cases (41.208756ms)
2026-10-05T22:17:23.7213906Z ✔ Node: v5 racing reserved index names reject in both cases (54.626551ms)
2026-10-05T22:17:23.7215130Z ✔ Node: v5 content-like operator trigger names occupy a separate namespace (280.357543ms)
2026-10-05T22:17:23.7216466Z ✔ Node: v8 preinstalled reserved table names reject in both cases (53.526065ms)
2026-10-05T22:17:23.7217804Z ✔ Node: v8 preinstalled reserved view names reject in both cases (53.83357ms)
2026-10-05T22:17:23.7219051Z ✔ Node: v8 preinstalled reserved index names reject in both cases (57.564492ms)
2026-10-05T22:17:23.7220164Z ✔ Node: v8 racing reserved table names reject in both cases (85.756089ms)
2026-10-05T22:17:23.7226600Z ✔ Node: v8 racing reserved view names reject in both cases (94.369841ms)
2026-10-05T22:17:23.7227997Z ✔ Node: v8 racing reserved index names reject in both cases (109.424801ms)
2026-10-05T22:17:23.7229217Z ✔ Node: v8 content-like operator trigger names occupy a separate namespace (297.285503ms)
2026-10-05T22:17:23.7230683Z ✔ Node: v4 attached mixed-case trigger owners retain original SQL and effects (70.403522ms)
2026-10-05T22:17:23.7232169Z ✔ Node: v4 preinstalled orphan field metadata rejects without writes (22.753601ms)
2026-10-05T22:17:23.7233406Z ✔ Node: v4 racing orphan field metadata rejects without writes (31.234352ms)
2026-10-05T22:17:23.7234934Z ✔ Node: v4 unmanaged operator FK violations do not reject valid CMS metadata (69.813253ms)
2026-10-05T22:17:23.7236241Z ✔ Node: v5 attached mixed-case trigger owners retain original SQL and effects (88.34742ms)
2026-10-05T22:17:23.7237625Z ✔ Node: v5 preinstalled orphan field metadata rejects without writes (16.312501ms)
2026-10-05T22:17:23.7238815Z ✔ Node: v5 racing orphan field metadata rejects without writes (26.355997ms)
2026-10-05T22:17:23.7240132Z ✔ Node: v5 unmanaged operator FK violations do not reject valid CMS metadata (64.33049ms)
2026-10-05T22:17:23.7241706Z ✔ Node: v8 attached mixed-case trigger owners retain original SQL and effects (56.799986ms)
2026-10-05T22:17:23.7243099Z ✔ Node: v8 preinstalled orphan field metadata rejects without writes (27.56058ms)
2026-10-05T22:17:23.7244217Z ✔ Node: v8 racing orphan field metadata rejects without writes (34.644642ms)
2026-10-05T22:17:23.7245423Z ✔ Node: v8 unmanaged operator FK violations do not reject valid CMS metadata (58.686471ms)
2026-10-05T22:17:24.9753466Z ✔ D1: fresh preinstalled reserved table names reject in both cases (1266.610973ms)
2026-10-05T22:17:25.1670387Z ✔ D1: fresh preinstalled reserved view names reject in both cases (192.442089ms)
2026-10-05T22:17:25.3232664Z ✔ D1: fresh preinstalled reserved index names reject in both cases (156.06725ms)
2026-10-05T22:17:25.6353854Z ✔ D1: fresh racing reserved table names reject in both cases (312.311928ms)
2026-10-05T22:17:25.9206388Z ✔ D1: fresh racing reserved view names reject in both cases (285.297728ms)
2026-10-05T22:17:26.1950019Z ✔ D1: fresh racing reserved index names reject in both cases (274.502485ms)
2026-10-05T22:17:27.2381689Z ✔ D1: fresh content-like operator trigger names occupy a separate namespace (1043.307524ms)
2026-10-05T22:17:27.9050695Z ✔ D1: v4 preinstalled reserved table names reject in both cases (667.301288ms)
2026-10-05T22:17:28.5370365Z ✔ D1: v4 preinstalled reserved view names reject in both cases (631.747877ms)
2026-10-05T22:17:29.3130290Z ✔ D1: v4 preinstalled reserved index names reject in both cases (775.424092ms)
2026-10-05T22:17:30.5140982Z ✔ D1: v4 racing reserved table names reject in both cases (1201.009602ms)
2026-10-05T22:17:31.5973804Z ✔ D1: v4 racing reserved view names reject in both cases (1083.746219ms)
2026-10-05T22:17:32.7270975Z ✔ D1: v4 racing reserved index names reject in both cases (1129.532642ms)
2026-10-05T22:17:35.4822744Z ✔ D1: v4 content-like operator trigger names occupy a separate namespace (2754.922058ms)
2026-10-05T22:17:36.1543381Z ✔ D1: v5 preinstalled reserved table names reject in both cases (671.521099ms)
2026-10-05T22:17:36.8186227Z ✔ D1: v5 preinstalled reserved view names reject in both cases (663.701475ms)
2026-10-05T22:17:37.4710431Z ✔ D1: v5 preinstalled reserved index names reject in both cases (652.710053ms)
2026-10-05T22:17:38.7881546Z ✔ D1: v5 racing reserved table names reject in both cases (1317.994262ms)
2026-10-05T22:17:39.9170897Z ✔ D1: v5 racing reserved view names reject in both cases (1128.280765ms)
2026-10-05T22:17:41.0786535Z ✔ D1: v5 racing reserved index names reject in both cases (1160.637567ms)
2026-10-05T22:17:43.8735429Z ✔ D1: v5 content-like operator trigger names occupy a separate namespace (2795.884882ms)
2026-10-05T22:17:44.8188883Z ✔ D1: v8 preinstalled reserved table names reject in both cases (945.432073ms)
2026-10-05T22:17:45.7713001Z ✔ D1: v8 preinstalled reserved view names reject in both cases (952.149301ms)
2026-10-05T22:17:46.6782695Z ✔ D1: v8 preinstalled reserved index names reject in both cases (906.78951ms)
2026-10-05T22:17:48.3038795Z ✔ D1: v8 racing reserved table names reject in both cases (1623.663446ms)
2026-10-05T22:17:49.8828685Z ✔ D1: v8 racing reserved view names reject in both cases (1580.312909ms)
2026-10-05T22:17:51.4545076Z ✔ D1: v8 racing reserved index names reject in both cases (1571.83419ms)
2026-10-05T22:17:54.5622046Z ✔ D1: v8 content-like operator trigger names occupy a separate namespace (3108.198764ms)
2026-10-05T22:17:55.3463093Z ✔ D1: v4 attached mixed-case trigger owners retain original SQL and effects (783.988328ms)
2026-10-05T22:17:55.6419756Z ✔ D1: v4 preinstalled orphan field metadata rejects without writes (295.776311ms)
2026-10-05T22:17:56.1437374Z ✔ D1: v4 racing orphan field metadata rejects without writes (501.842089ms)
2026-10-05T22:17:56.7470407Z ✔ D1: v4 unmanaged operator FK violations do not reject valid CMS metadata (603.034078ms)
2026-10-05T22:17:57.5118387Z ✔ D1: v5 attached mixed-case trigger owners retain original SQL and effects (764.004255ms)
2026-10-05T22:17:57.8035043Z ✔ D1: v5 preinstalled orphan field metadata rejects without writes (291.729135ms)
2026-10-05T22:17:58.2837179Z ✔ D1: v5 racing orphan field metadata rejects without writes (480.652192ms)
2026-10-05T22:17:58.9515961Z ✔ D1: v5 unmanaged operator FK violations do not reject valid CMS metadata (665.80637ms)
2026-10-05T22:17:59.7274251Z ✔ D1: v8 attached mixed-case trigger owners retain original SQL and effects (776.657353ms)
2026-10-05T22:18:00.2127724Z ✔ D1: v8 preinstalled orphan field metadata rejects without writes (486.351251ms)
2026-10-05T22:18:00.9742623Z ✔ D1: v8 racing orphan field metadata rejects without writes (761.592675ms)
2026-10-05T22:18:01.7687865Z ✔ D1: v8 unmanaged operator FK violations do not reject valid CMS metadata (794.866852ms)
2026-10-05T22:18:02.1477816Z ✔ Node: literal reserved prefix allows acms_tool already present (126.874411ms)
2026-10-05T22:18:02.1495384Z ✔ Node: literal reserved prefix allows acms_tool arriving before fresh batch (77.018071ms)
2026-10-05T22:18:02.1506881Z ✔ Node: literal reserved prefix allows xcmsZoperator already present (55.108854ms)
2026-10-05T22:18:02.1508304Z ✔ Node: literal reserved prefix allows xcmsZoperator arriving before fresh batch (34.022301ms)
2026-10-05T22:18:02.1509573Z ✔ D1: literal reserved prefix allows acms_tool already present (1289.006531ms)
2026-10-05T22:18:02.1510731Z ✔ D1: literal reserved prefix allows acms_tool arriving before fresh batch (204.990148ms)
2026-10-05T22:18:02.1512200Z ✔ D1: literal reserved prefix allows xcmsZoperator already present (141.50545ms)
2026-10-05T22:18:02.1513444Z ✔ D1: literal reserved prefix allows xcmsZoperator arriving before fresh batch (181.930264ms)
2026-10-05T22:18:02.1514713Z ✔ Node: literal reserved prefix still rejects _cms_partial without startup writes (7.264207ms)
2026-10-05T22:18:02.1515877Z ✔ Node: literal reserved prefix still rejects _CMS_PARTIAL without startup writes (1.747013ms)
2026-10-05T22:18:02.1516961Z ✔ D1: literal reserved prefix still rejects _cms_partial without startup writes (24.148772ms)
2026-10-05T22:18:02.1518056Z ✔ D1: literal reserved prefix still rejects _CMS_PARTIAL without startup writes (18.856672ms)
2026-10-05T22:18:02.1519048Z ✔ Node: uppercase orphan table rejects without migration writes (24.321103ms)
2026-10-05T22:18:02.1520012Z ✔ Node: uppercase orphan view rejects without migration writes (7.109619ms)
2026-10-05T22:18:02.1521141Z ✔ Node: uppercase orphan race-table rejects without migration writes (25.644982ms)
2026-10-05T22:18:02.1522680Z ✔ Node: fresh preserves an unrelated operator FK with an ec_note column (86.671366ms)
2026-10-05T22:18:02.1523692Z ✔ Node: v4 preserves an unrelated operator FK with an ec_note column (94.748634ms)
2026-10-05T22:18:02.1524981Z ✔ Node: actual quoted/comment-separated inbound content FKs and their races preserve every row (107.922235ms)
2026-10-05T22:18:02.1526370Z ✔ Node: operator FK comments and escaped literals mentioning content remain unmanaged (88.167584ms)
2026-10-05T22:18:02.1527453Z ✔ D1: uppercase orphan table rejects without migration writes (1012.862393ms)
2026-10-05T22:18:02.1528426Z ✔ D1: uppercase orphan view rejects without migration writes (55.545393ms)
2026-10-05T22:18:02.1529457Z ✔ D1: uppercase orphan race-table rejects without migration writes (122.79603ms)
2026-10-05T22:18:02.1530416Z ✔ D1: fresh preserves an unrelated operator FK with an ec_note column (605.755275ms)
2026-10-05T22:18:02.1531714Z ✔ D1: v4 preserves an unrelated operator FK with an ec_note column (748.983722ms)
2026-10-05T22:18:02.1533273Z ✔ D1: actual quoted/comment-separated inbound content FKs and their races preserve every row (2054.910146ms)
2026-10-05T22:18:02.1534698Z ✔ D1: operator FK comments and escaped literals mentioning content remain unmanaged (879.185537ms)
2026-10-05T22:18:21.7069468Z ✔ Node: v0 every validated static prerequisite DDL is guarded before startup writes (167.807343ms)
2026-10-05T22:18:21.7101514Z ✔ Node: v0 every not-yet-installed static name remains absent until the guarded upgrade (849.84571ms)
2026-10-05T22:18:21.7103044Z ✔ Node: v0 future static names use SQLite case-insensitive shared namespace (1052.4873ms)
2026-10-05T22:18:21.7119389Z ✔ Node: v0 intermediate metadata/lifecycle names cannot appear before startup writes (25.285678ms)
2026-10-05T22:18:21.7125158Z ✔ Node: v0 ordinary operator writes remain outside the prerequisite snapshot (62.618021ms)
2026-10-05T22:18:21.7167673Z ✔ Node: v1 every validated static prerequisite DDL is guarded before startup writes (43.255186ms)
2026-10-05T22:18:21.7170021Z ✔ Node: v1 every not-yet-installed static name remains absent until the guarded upgrade (1295.821782ms)
2026-10-05T22:18:21.7171892Z ✔ Node: v1 future static names use SQLite case-insensitive shared namespace (1824.99393ms)
2026-10-05T22:18:21.7173325Z ✔ Node: v1 intermediate metadata/lifecycle names cannot appear before startup writes (46.388131ms)
2026-10-05T22:18:21.7174737Z ✔ Node: v1 raced marker rows and missing marker table reject unchanged (14.809123ms)
2026-10-05T22:18:21.7176102Z ✔ Node: v1 ordinary operator writes remain outside the prerequisite snapshot (48.122244ms)
2026-10-05T22:18:21.7177463Z ✔ Node: v2 every validated static prerequisite DDL is guarded before startup writes (71.186656ms)
2026-10-05T22:18:21.7178964Z ✔ Node: v2 every not-yet-installed static name remains absent until the guarded upgrade (1483.583128ms)
2026-10-05T22:18:21.7180198Z ✔ Node: v2 future static names use SQLite case-insensitive shared namespace (2052.090184ms)
2026-10-05T22:18:21.7181610Z ✔ Node: v2 intermediate metadata/lifecycle names cannot appear before startup writes (61.557676ms)
2026-10-05T22:18:21.7183050Z ✔ Node: v2 raced marker rows and missing marker table reject unchanged (17.877532ms)
2026-10-05T22:18:21.7184212Z ✔ Node: v2 ordinary operator writes remain outside the prerequisite snapshot (56.573572ms)
2026-10-05T22:18:21.7185393Z ✔ Node: v2 mutable auth roles, sessions and profiles are not DDL prerequisites (46.281889ms)
2026-10-05T22:18:21.7186715Z ✔ Node: v3 every validated static prerequisite DDL is guarded before startup writes (75.197635ms)
2026-10-05T22:18:21.7188117Z ✔ Node: v3 every not-yet-installed static name remains absent until the guarded upgrade (1680.988974ms)
2026-10-05T22:18:21.7189365Z ✔ Node: v3 future static names use SQLite case-insensitive shared namespace (2585.5952ms)
2026-10-05T22:18:21.7190712Z ✔ Node: v3 intermediate metadata/lifecycle names cannot appear before startup writes (71.147445ms)
2026-10-05T22:18:21.7192726Z ✔ Node: v3 raced marker rows and missing marker table reject unchanged (30.385787ms)
2026-10-05T22:18:21.7223894Z ✔ Node: v3 ordinary operator writes remain outside the prerequisite snapshot (44.952075ms)
2026-10-05T22:18:21.7225213Z ✔ Node: v3 mutable auth roles, sessions and profiles are not DDL prerequisites (46.59712ms)
2026-10-05T22:18:21.7226570Z ✔ Node: v4 every validated static prerequisite DDL is guarded before startup writes (332.601927ms)
2026-10-05T22:18:21.7228086Z ✔ Node: v4 every not-yet-installed static name remains absent until the guarded upgrade (2722.655803ms)
2026-10-05T22:18:21.7229328Z ✔ Node: v4 future static names use SQLite case-insensitive shared namespace (4136.203772ms)
2026-10-05T22:18:21.7230656Z ✔ Node: v4 intermediate metadata/lifecycle names cannot appear before startup writes (106.070714ms)
2026-10-05T22:18:21.7232047Z ✔ Node: v4 raced marker rows and missing marker table reject unchanged (44.389043ms)
2026-10-05T22:18:21.7233272Z ✔ Node: v4 ordinary operator writes remain outside the prerequisite snapshot (56.559353ms)
2026-10-05T22:18:21.7234807Z ✔ Node: v4 mutable auth roles, sessions and profiles are not DDL prerequisites (63.436763ms)
2026-10-05T22:18:21.7236126Z ✔ Node: v5 every validated static prerequisite DDL is guarded before startup writes (321.091575ms)
2026-10-05T22:18:21.7237445Z ✔ Node: v5 intermediate metadata/lifecycle names cannot appear before startup writes (102.845692ms)
2026-10-05T22:18:21.7238853Z ✔ Node: v5 raced marker rows and missing marker table reject unchanged (32.111596ms)
2026-10-05T22:18:21.7240075Z ✔ Node: v5 ordinary operator writes remain outside the prerequisite snapshot (54.73925ms)
2026-10-05T22:18:21.7241398Z ✔ Node: v5 mutable auth roles, sessions and profiles are not DDL prerequisites (53.433416ms)
2026-10-05T22:18:21.7242449Z ✔ D1: v0 every validated static prerequisite DDL is guarded before startup writes (2663.535974ms)
2026-10-05T22:18:21.7243644Z ✔ D1: v0 every not-yet-installed static name remains absent until the guarded upgrade (12115.145458ms)
2026-10-05T22:18:21.7244803Z ✔ D1: v0 future static names use SQLite case-insensitive shared namespace (20511.166706ms)
2026-10-05T22:18:22.2403723Z ✔ D1: v0 intermediate metadata/lifecycle names cannot appear before startup writes (533.675981ms)
2026-10-05T22:18:22.4345979Z ✔ D1: v0 ordinary operator writes remain outside the prerequisite snapshot (194.57861ms)
2026-10-05T22:18:23.1987728Z ✔ D1: v1 every validated static prerequisite DDL is guarded before startup writes (763.014161ms)
2026-10-05T22:18:50.8569376Z ✔ D1: v1 every not-yet-installed static name remains absent until the guarded upgrade (27657.577342ms)
2026-10-05T22:19:29.8038056Z ✔ D1: v1 future static names use SQLite case-insensitive shared namespace (38948.762717ms)
2026-10-05T22:19:30.8183561Z ✔ D1: v1 intermediate metadata/lifecycle names cannot appear before startup writes (1013.47076ms)
2026-10-05T22:19:31.1023634Z ✔ D1: v1 raced marker rows and missing marker table reject unchanged (284.528633ms)
2026-10-05T22:19:31.3232503Z ✔ D1: v1 ordinary operator writes remain outside the prerequisite snapshot (220.960354ms)
2026-10-05T22:19:32.7047261Z ✔ D1: v2 every validated static prerequisite DDL is guarded before startup writes (1381.660492ms)
2026-10-05T22:20:03.2733733Z ✔ D1: v2 every not-yet-installed static name remains absent until the guarded upgrade (30563.033928ms)
2026-10-05T22:20:46.3305233Z ✔ D1: v2 future static names use SQLite case-insensitive shared namespace (43062.822153ms)
2026-10-05T22:20:47.0634906Z ✔ D1: v2 intermediate metadata/lifecycle names cannot appear before startup writes (732.906717ms)
2026-10-05T22:20:47.2766222Z ✔ D1: v2 raced marker rows and missing marker table reject unchanged (212.615882ms)
2026-10-05T22:20:47.4423187Z ✔ D1: v2 ordinary operator writes remain outside the prerequisite snapshot (166.099336ms)
2026-10-05T22:20:47.5796525Z ✔ D1: v2 mutable auth roles, sessions and profiles are not DDL prerequisites (137.27108ms)
2026-10-05T22:20:48.6214268Z ✔ D1: v3 every validated static prerequisite DDL is guarded before startup writes (1041.889307ms)
2026-10-05T22:21:09.5464874Z ✔ D1: v3 every not-yet-installed static name remains absent until the guarded upgrade (20924.799726ms)
2026-10-05T22:21:40.3694658Z ✔ D1: v3 future static names use SQLite case-insensitive shared namespace (30823.093997ms)
2026-10-05T22:21:41.1757806Z ✔ D1: v3 intermediate metadata/lifecycle names cannot appear before startup writes (806.246597ms)
2026-10-05T22:21:41.4237643Z ✔ D1: v3 raced marker rows and missing marker table reject unchanged (247.925677ms)
2026-10-05T22:21:41.5751046Z ✔ D1: v3 ordinary operator writes remain outside the prerequisite snapshot (151.42927ms)
2026-10-05T22:21:41.7404960Z ✔ D1: v3 mutable auth roles, sessions and profiles are not DDL prerequisites (165.210071ms)
2026-10-05T22:21:45.4762034Z ✔ D1: v4 every validated static prerequisite DDL is guarded before startup writes (3735.357544ms)
2026-10-05T22:22:21.6846281Z ✔ D1: v4 every not-yet-installed static name remains absent until the guarded upgrade (36208.434769ms)
2026-10-05T22:23:19.2981460Z ✔ D1: v4 future static names use SQLite case-insensitive shared namespace (57613.561386ms)
2026-10-05T22:23:20.7812672Z ✔ D1: v4 intermediate metadata/lifecycle names cannot appear before startup writes (1483.108219ms)
2026-10-05T22:23:21.3112233Z ✔ D1: v4 raced marker rows and missing marker table reject unchanged (529.775308ms)
2026-10-05T22:23:21.5587825Z ✔ D1: v4 ordinary operator writes remain outside the prerequisite snapshot (247.590511ms)
2026-10-05T22:23:21.8308639Z ✔ D1: v4 mutable auth roles, sessions and profiles are not DDL prerequisites (271.868659ms)
2026-10-05T22:23:26.2556982Z ✔ D1: v5 every validated static prerequisite DDL is guarded before startup writes (4424.849005ms)
2026-10-05T22:23:27.6755744Z ✔ D1: v5 intermediate metadata/lifecycle names cannot appear before startup writes (1419.886021ms)
2026-10-05T22:23:28.1682210Z ✔ D1: v5 raced marker rows and missing marker table reject unchanged (492.52176ms)
2026-10-05T22:23:28.4157977Z ✔ D1: v5 ordinary operator writes remain outside the prerequisite snapshot (247.609173ms)
2026-10-05T22:23:28.6603311Z ✔ D1: v5 mutable auth roles, sessions and profiles are not DDL prerequisites (244.817818ms)
2026-10-05T22:23:28.9980735Z ✔ Node: quoted legacy systems without field literal upgrade without rewriting field literals (138.299392ms)
2026-10-05T22:23:28.9982650Z ✔ Node: quoted legacy systems with leading literal upgrade without rewriting field literals (76.689707ms)
2026-10-05T22:23:28.9984299Z ✔ Node: unquoted legacy systems with leading literal upgrade without rewriting field literals (69.958931ms)
2026-10-05T22:23:28.9985903Z ✔ D1: quoted legacy systems without field literal upgrade without rewriting field literals (1826.642013ms)
2026-10-05T22:23:28.9987287Z ✔ D1: quoted legacy systems with leading literal upgrade without rewriting field literals (910.618609ms)
2026-10-05T22:23:28.9988724Z ✔ D1: unquoted legacy systems with leading literal upgrade without rewriting field literals (955.38246ms)
2026-10-05T22:23:28.9990299Z ✔ Node: fresh canonical startup creates all lifecycle system columns and atomically stores revision pointers (122.731554ms)
2026-10-05T22:23:28.9992241Z ✔ Node: immutable v1/v2 layouts reach canonical v8 after frozen v5 with legacy data, metadata and foreign keys intact (144.546504ms)
2026-10-05T22:23:28.9993822Z ✔ Node: v4 upgrade preserves rows, tokens, physical defaults, indexes, triggers and auth metadata on reopen (155.368413ms)
2026-10-05T22:23:28.9995328Z ✔ Node: unsupported legacy and partially installed layouts reject with no writes (159.015607ms)
2026-10-05T22:23:28.9996792Z ✔ Node: latest layouts validate required content columns and every static lifecycle object without repair (340.31917ms)
2026-10-05T22:23:28.9998248Z ✔ Node: failure after each lifecycle rebuild stage rolls back DDL, markers and rows (378.875915ms)
2026-10-05T22:23:28.9999495Z ✔ Node: fresh and legacy concurrent startup share one complete migration winner (191.969918ms)
2026-10-05T22:23:29.0000769Z ✔ Node: a content schema write between preflight and batch cannot be overwritten (43.12146ms)
2026-10-05T22:23:29.0002428Z ✔ D1: fresh canonical startup creates all lifecycle system columns and atomically stores revision pointers (1194.594394ms)
2026-10-05T22:23:29.0004032Z ✔ D1: immutable v1/v2 layouts reach canonical v8 after frozen v5 with legacy data, metadata and foreign keys intact (809.754132ms)
2026-10-05T22:23:29.0005614Z ✔ D1: v4 upgrade preserves rows, tokens, physical defaults, indexes, triggers and auth metadata on reopen (1193.763336ms)
2026-10-05T22:23:29.0007073Z ✔ D1: unsupported legacy and partially installed layouts reject with no writes (3459.625607ms)
2026-10-05T22:23:29.0008559Z ✔ D1: latest layouts validate required content columns and every static lifecycle object without repair (3439.631274ms)
2026-10-05T22:23:29.0010057Z ✔ D1: failure after each lifecycle rebuild stage rolls back DDL, markers and rows (4596.061783ms)
2026-10-05T22:23:29.0011421Z ✔ D1: fresh and legacy concurrent startup share one complete migration winner (1043.939397ms)
2026-10-05T22:23:29.0013201Z ✔ D1: a content schema write between preflight and batch cannot be overwritten (1506.703105ms)
2026-10-05T22:23:29.0014548Z ✔ Node fresh: should create all tables from migrations [revisions-only scope] (61.40748ms)
2026-10-05T22:23:29.0015836Z ✔ Node fresh: should create content with all fields [status/author storage scope] (50.957293ms)
2026-10-05T22:23:29.0017266Z ✔ Node fresh: should persist primaryBylineId on create [column storage scope] (40.562351ms)
2026-10-05T22:23:29.0018557Z ✔ Node v4: should create all tables from migrations [revisions-only scope] (53.0484ms)
2026-10-05T22:23:29.0019943Z ✔ Node v4: should create content with all fields [status/author storage scope] (50.632167ms)
2026-10-05T22:23:29.0021112Z ✔ Node v4: should persist primaryBylineId on create [column storage scope] (54.845199ms)
2026-10-05T22:23:29.0023458Z ✔ D1 fresh: should create all tables from migrations [revisions-only scope] (1182.093027ms)
2026-10-05T22:23:29.0024818Z ✔ D1 fresh: should create content with all fields [status/author storage scope] (222.970723ms)
2026-10-05T22:23:29.0026324Z ✔ D1 fresh: should persist primaryBylineId on create [column storage scope] (196.413499ms)
2026-10-05T22:23:29.0027703Z ✔ D1 v4: should create all tables from migrations [revisions-only scope] (309.219884ms)
2026-10-05T22:23:29.0029097Z ✔ D1 v4: should create content with all fields [status/author storage scope] (358.814095ms)
2026-10-05T22:23:29.0030450Z ✔ D1 v4: should persist primaryBylineId on create [column storage scope] (343.116905ms)
2026-10-05T22:23:29.0031957Z ▶ packages/core/tests/integration/content/draft-save-live-content-changed.test.ts
2026-10-05T22:23:29.0033135Z   ✔ is false for draft-only data save on revision collections (105.911151ms)
2026-10-05T22:23:29.0034289Z   ✔ is false when data+slug are staged as a draft revision (69.747652ms)
2026-10-05T22:23:29.0035290Z   ✔ is true when live metadata changes on a revision collection (61.320825ms)
2026-10-05T22:23:29.0036326Z   ✔ defaults unclassified update fields to live-changing (54.723455ms)
2026-10-05T22:23:29.0037437Z   ✔ is true for data updates on collections without revisions (56.284ms)
2026-10-05T22:23:29.0038738Z ✔ packages/core/tests/integration/content/draft-save-live-content-changed.test.ts (350.02595ms)
2026-10-05T22:23:29.0040055Z ▶ packages/core/tests/integration/content/draft-save-updated-at.test.ts
2026-10-05T22:23:29.0041016Z   ✔ Save (draft staging) on a published entry does not bump updated_at (53.405594ms)
2026-10-05T22:23:29.0042170Z   ✔ Autosave (skipRevision) on an existing draft does not bump updated_at (73.038218ms)
2026-10-05T22:23:29.0043295Z   ✔ Discard Draft restores updated_at from before the draft saves (52.924773ms)
2026-10-05T22:23:29.0044373Z   ✔ a subsequent Publish advances updated_at exactly once (59.683734ms)
2026-10-05T22:23:29.0045411Z   ✔ draft-only saves still bump version so _rev concurrency detection keeps working (58.292974ms)
2026-10-05T22:23:29.0046690Z   ✔ Restore Revision (to draft) on a published entry does not bump updated_at (57.43974ms)
2026-10-05T22:23:29.0047894Z   ✔ collections without revision support keep the bump-on-write behavior (52.416997ms)
2026-10-05T22:23:29.0049090Z ✔ packages/core/tests/integration/content/draft-save-updated-at.test.ts (408.285642ms)
2026-10-05T22:23:29.0050205Z ▶ packages/core/tests/unit/api/publish-revision-cas.test.ts
2026-10-05T22:23:29.0051142Z   ✔ publishes only the expected revision and returns the next _rev (55.993797ms)
2026-10-05T22:23:29.0052548Z   ✔ rejects an approved revision after a newer draft save without mutating live or draft (57.599291ms)
2026-10-05T22:23:29.0053633Z   ✔ allows only one of two concurrent publishes for the same _rev (51.38842ms)
2026-10-05T22:23:29.0054695Z   ✔ supports conditional publish for a collection without revisions (56.755772ms)
2026-10-05T22:23:29.0055807Z   ✔ applies the same revision condition to unpublish and discard-draft (51.229101ms)
2026-10-05T22:23:29.0056848Z   ✔ keeps revisionless publish calls backward compatible (47.36279ms)
2026-10-05T22:23:29.0058059Z   ✔ rejects malformed revision conditions as conflicts (43.898471ms)
2026-10-05T22:23:29.0059102Z ✔ packages/core/tests/unit/api/publish-revision-cas.test.ts (365.090636ms)
2026-10-05T22:23:29.0060192Z ▶ packages/core/tests/integration/content/atomic-publication.test.ts
2026-10-05T22:23:29.0061100Z   ✔ rolls back every promoted column when the staged slug constraint rejects (54.257397ms)
2026-10-05T22:23:29.0062408Z   ✔ never leaves a dangling pointer when staging races guarded revision deletion (51.311248ms)
2026-10-05T22:23:29.0063464Z ✔ packages/core/tests/integration/content/atomic-publication.test.ts (105.9363ms)
2026-10-05T22:23:29.0064503Z ▶ packages/core/tests/integration/content/revision-retention.test.ts
2026-10-05T22:23:29.0065512Z   ✔ bounds history through request-lifetime work without a scheduled tick (75.72626ms)
2026-10-05T22:23:29.0066786Z ✔ packages/core/tests/integration/content/revision-retention.test.ts (75.866345ms)
2026-10-05T22:23:29.0068034Z ✔ node: replacing items rolls back deletion and partial insertion on SQL failure (29.360211ms)
2026-10-05T22:23:29.0069113Z ✔ node: an absent menu cannot receive orphan items (7.201507ms)
2026-10-05T22:23:29.0070146Z ✔ node: reordering ignores foreign menu items and retains the requested menu scope (12.209225ms)
2026-10-05T22:23:29.0071590Z ✔ node: a failed reorder rolls back earlier updates in the same operation (8.991211ms)
2026-10-05T22:23:29.0072692Z ✔ node: cloning failure leaves neither a partial translation nor cloned items (10.083701ms)
2026-10-05T22:23:29.0073834Z ✔ node: replacing one locale leaves the other translation intact (18.535629ms)
2026-10-05T22:23:29.0075062Z ✔ raw-d1: replacing items rolls back deletion and partial insertion on SQL failure (795.409076ms)
2026-10-05T22:23:29.0076193Z ✔ raw-d1: an absent menu cannot receive orphan items (595.373299ms)
2026-10-05T22:23:29.0077318Z ✔ raw-d1: reordering ignores foreign menu items and retains the requested menu scope (649.693904ms)
2026-10-05T22:23:29.0078662Z ✔ raw-d1: a failed reorder rolls back earlier updates in the same operation (624.753319ms)
2026-10-05T22:23:29.0079944Z ✔ raw-d1: cloning failure leaves neither a partial translation nor cloned items (845.093636ms)
2026-10-05T22:23:29.0081018Z ✔ raw-d1: replacing one locale leaves the other translation intact (745.554144ms)
2026-10-05T22:23:29.0082626Z ✔ scoped-d1: replacing items rolls back deletion and partial insertion on SQL failure (729.816441ms)
2026-10-05T22:23:29.0083777Z ✔ scoped-d1: an absent menu cannot receive orphan items (626.016183ms)
2026-10-05T22:23:29.0084951Z ✔ scoped-d1: reordering ignores foreign menu items and retains the requested menu scope (790.413204ms)
2026-10-05T22:23:29.0086220Z ✔ scoped-d1: a failed reorder rolls back earlier updates in the same operation (902.404483ms)
2026-10-05T22:23:29.0087308Z ✔ scoped-d1: cloning failure leaves neither a partial translation nor cloned items (819.953335ms)
2026-10-05T22:23:29.0088606Z ✔ scoped-d1: replacing one locale leaves the other translation intact (750.227197ms)
2026-10-05T22:23:29.0089786Z ✔ raw-d1: cloning refuses a source edited item during its batch (774.98479ms)
2026-10-05T22:23:29.0090972Z ✔ raw-d1: cloning refuses a source moved item during its batch (755.578072ms)
2026-10-05T22:23:29.0092263Z ✔ raw-d1: cloning refuses a source reordered item during its batch (753.555076ms)
2026-10-05T22:23:29.0093425Z ✔ raw-d1: cloning refuses a source deleted source during its batch (714.699179ms)
2026-10-05T22:23:29.0094529Z ✔ scoped-d1: cloning refuses a source edited item during its batch (738.702609ms)
2026-10-05T22:23:29.0095707Z ✔ scoped-d1: cloning refuses a source moved item during its batch (736.006476ms)
2026-10-05T22:23:29.0096894Z ✔ scoped-d1: cloning refuses a source reordered item during its batch (739.534431ms)
2026-10-05T22:23:29.0098012Z ✔ scoped-d1: cloning refuses a source deleted source during its batch (811.964785ms)
2026-10-05T22:23:29.0099159Z ✔ native menu cache hints preserve the pinned Source tag value (1.017406ms)
2026-10-05T22:23:29.0100426Z ✔ real D1 menu create succeeds and persists (736.498931ms)
2026-10-05T22:23:29.0101565Z ✔ real D1 atomic replacement preserves hierarchy and removes old rows (633.117606ms)
2026-10-05T22:23:29.0102832Z ✔ real D1 translation cloning retains logical item groups and parent links (695.963867ms)
2026-10-05T22:23:29.0103962Z ✔ real D1 reorder and explicit menu deletion persist without cascade FKs (691.586771ms)
2026-10-05T22:23:29.0105275Z ✔ node: native menu routes persist CRUD, hierarchy, locale and error envelopes (84.230098ms)
2026-10-05T22:23:29.0106466Z ✔ d1: native menu routes persist CRUD, hierarchy, locale and error envelopes (1518.545543ms)
2026-10-05T22:23:29.0107391Z ✔ node: menu readiness accepts only the complete owned schema and never installs it (28.357686ms)
2026-10-05T22:23:29.0108714Z ✔ d1: menu readiness accepts only the complete owned schema and never installs it (1120.269594ms)
2026-10-05T22:23:29.0109889Z ✔ node: menu readiness preserves embedded double quotes in locale defaults (12.192254ms)
2026-10-05T22:23:29.0111733Z ✔ node: menu readiness preserves repeated literal whitespace in locale defaults (10.922154ms)
2026-10-05T22:23:29.0113107Z ✔ node: menu readiness preserves escaped single quote followed by double quotes in locale defaults (12.017622ms)
2026-10-05T22:23:29.0114313Z ✔ d1: menu readiness preserves embedded double quotes in locale defaults (845.151417ms)
2026-10-05T22:23:29.0115415Z ✔ d1: menu readiness preserves repeated literal whitespace in locale defaults (799.326387ms)
2026-10-05T22:23:29.0116652Z ✔ d1: menu readiness preserves escaped single quote followed by double quotes in locale defaults (850.092689ms)
2026-10-05T22:23:29.0117878Z ✔ node: menu readiness distinguishes a quoted timestamp default from the SQL expression (13.125915ms)
2026-10-05T22:23:29.0119040Z ✔ d1: menu readiness distinguishes a quoted timestamp default from the SQL expression (802.989176ms)
2026-10-05T22:23:29.0120171Z ✔ actual native menu handler lists empty persisted storage successfully (15.81738ms)
2026-10-05T22:23:29.0121341Z ✔ actual native menu handler persists a menu and its translation identity (11.756632ms)
2026-10-05T22:23:29.0122536Z ✔ compiled login retains signed-in workspace controls alongside the legacy warning (68.940294ms)
2026-10-05T22:23:29.0123673Z ✔ compiled login retains the native sign-out form alongside the legacy warning (0.742685ms)
2026-10-05T22:23:29.0124818Z ✔ compiled signed-out legacy login keeps the warning and blocks all unavailable controls (0.430852ms)
2026-10-05T22:23:29.0126023Z ✔ compiled healthy signed-in login keeps the existing workspace and sign-out controls (0.577114ms)
2026-10-05T22:23:29.0127125Z ✔ auth JSON parser rejects declared oversized body before reading (optional=false) (24.36203ms)
2026-10-05T22:23:29.0128212Z ✔ auth JSON parser rejects declared oversized body before reading (optional=true) (0.6345ms)
2026-10-05T22:23:29.0129364Z ✔ optional auth JSON parser retains pinned unreadable-body default (1.573762ms)
2026-10-05T22:23:29.0130434Z ✔ auth JSON parser retains pinned invalid JSON error code (0.948701ms)
2026-10-05T22:23:29.0131641Z ✔ Node: passkey options probabilistically delete expired counters and preserve current counters (54.746479ms)
2026-10-05T22:23:29.0132945Z ✔ D1: passkey options probabilistically delete expired counters and preserve current counters (1120.283222ms)
2026-10-05T22:23:29.0134361Z ✔ base-prefixed production routes resolve SSR navigation targets and retain denial boundaries (10528.58235ms)
2026-10-05T22:23:29.0135639Z ✔ creation distinguishes omitted pattern from selected literal empty and untrimmed regex sources (4.368692ms)
2026-10-05T22:23:29.0136989Z ✔ validation keep/set/clear preserve replacement, explicit empty and absent-pattern semantics (1.250434ms)
2026-10-05T22:23:29.0138269Z ✔ malformed or missing selected pattern reports the native pattern field before the callback (2.42508ms)
2026-10-05T22:23:29.0139651Z ✔ replacement preserves unchanged textarea-normalized sources using untrusted JSON snapshots (8.597388ms)
2026-10-05T22:23:29.0141162Z ✔ compiled scalar preview displays values without an HTML regex constraint (71.743101ms)
2026-10-05T22:23:29.0142430Z ✔ pattern metadata syntax is a string source, including empty, with a localized malformed-pattern issue (3.044426ms)
2026-10-05T22:23:29.0143294Z ✔ Node/string: adapted all-fields.test.ts:58 should enforce pattern (74.5337ms)
2026-10-05T22:23:29.0144242Z ✔ Node/text: adapted all-fields.test.ts:58 should enforce pattern (51.178017ms)
2026-10-05T22:23:29.0145534Z ✔ Node: pattern metadata persists, projects unchanged and replaces without changing content, defaults, DDL or tokens (153.431746ms)
2026-10-05T22:23:29.0146829Z ✔ Node: full/partial supplied string patterns preserve null, omission, metadata defaults and legacy other-field writes (2657.779818ms)
2026-10-05T22:23:29.0148588Z ✔ Node: pattern sources use JavaScript search semantics without trimming, implicit anchors or flags (74.915434ms)
2026-10-05T22:23:29.0149694Z ✔ Node: invalid schema requests write nothing; malformed legacy regex eagerly throws while read/projection/trash remain available (240.140566ms)
2026-10-05T22:23:29.0150564Z ✔ D1/string: adapted all-fields.test.ts:58 should enforce pattern (1299.368745ms)
2026-10-05T22:23:29.0151445Z ✔ D1/text: adapted all-fields.test.ts:58 should enforce pattern (251.199492ms)
2026-10-05T22:23:29.0152388Z ✔ D1: pattern metadata persists, projects unchanged and replaces without changing content, defaults, DDL or tokens (1551.202193ms)
2026-10-05T22:23:29.0153441Z ✔ D1: full/partial supplied string patterns preserve null, omission, metadata defaults and legacy other-field writes (41428.312619ms)
2026-10-05T22:23:29.0154406Z ✔ D1: pattern sources use JavaScript search semantics without trimming, implicit anchors or flags (507.498094ms)
2026-10-05T22:23:29.0155421Z ✔ D1: invalid schema requests write nothing; malformed legacy regex eagerly throws while read/projection/trash remain available (2704.8307ms)
2026-10-05T22:23:29.0156408Z ✔ preview fields preserve descriptor metadata and own entry order while mapping scalar kinds (1.850856ms)
2026-10-05T22:23:29.0157344Z ✔ preview fields preserve supplied defaults, null validation and future metadata without mutating inputs (0.409067ms)
2026-10-05T22:23:29.0158239Z ✔ ordinary node equal public URLs still acquire and release Source lease without redirect writes (51.796051ms)
2026-10-05T22:23:29.0159013Z ✔ ordinary node equal public URLs preserve Source occupied lease refusal (666.657374ms)
2026-10-05T22:23:29.0159876Z ✔ ordinary raw equal public URLs still acquire and release Source lease without redirect writes (1612.438975ms)
2026-10-05T22:23:29.0160664Z ✔ ordinary raw equal public URLs preserve Source occupied lease refusal (2444.587392ms)
2026-10-05T22:23:29.0161860Z ✔ ordinary scoped equal public URLs still acquire and release Source lease without redirect writes (1554.631362ms)
2026-10-05T22:23:29.0162728Z ✔ ordinary scoped equal public URLs preserve Source occupied lease refusal (2419.004918ms)
2026-10-05T22:23:29.0163514Z ✔ ordinary node held redirect lease preserves Source busy error and full rollback (386.627711ms)
2026-10-05T22:23:29.0164315Z ✔ ordinary node changed lease generation rolls shadow removal and content back (27.518233ms)
2026-10-05T22:23:29.0165118Z ✔ ordinary node partial redirect schema refuses the content save before writing (19.70204ms)
2026-10-05T22:23:29.0165935Z ✔ ordinary node stale content CAS does not write a redirect or change the externally updated version (21.926543ms)
2026-10-05T22:23:29.0166901Z ✔ ordinary node existing redirect timestamp follows Source JS Date for Tue, 01 Jan 2030 00:00:00 GMT (34.216152ms)
2026-10-05T22:23:29.0167799Z ✔ ordinary node existing redirect timestamp follows Source JS Date for 2030-01-01T00:00:00.1235Z (22.201888ms)
2026-10-05T22:23:29.0168625Z ✔ ordinary node existing redirect timestamp follows Source JS Date for not-a-date (20.770248ms)
2026-10-05T22:23:29.0169438Z ✔ ordinary raw held redirect lease preserves Source busy error and full rollback (2334.212872ms)
2026-10-05T22:23:29.0170349Z ✔ ordinary raw changed lease generation rolls shadow removal and content back (1583.357463ms)
2026-10-05T22:23:29.0171123Z ✔ ordinary raw partial redirect schema refuses the content save before writing (1385.200582ms)
2026-10-05T22:23:29.0172875Z ✔ ordinary raw stale content CAS does not write a redirect or change the externally updated version (1565.241785ms)
2026-10-05T22:23:29.0174488Z ✔ ordinary raw existing redirect timestamp follows Source JS Date for Tue, 01 Jan 2030 00:00:00 GMT (1640.972137ms)
2026-10-05T22:23:29.0175854Z ✔ ordinary raw existing redirect timestamp follows Source JS Date for 2030-01-01T00:00:00.1235Z (1623.039558ms)
2026-10-05T22:23:29.0177245Z ✔ ordinary raw existing redirect timestamp follows Source JS Date for not-a-date (1794.325009ms)
2026-10-05T22:23:29.0178548Z ✔ ordinary scoped held redirect lease preserves Source busy error and full rollback (2510.552583ms)
2026-10-05T22:23:29.0179711Z ✔ ordinary scoped changed lease generation rolls shadow removal and content back (1624.24472ms)
2026-10-05T22:23:29.0180574Z ✔ ordinary scoped partial redirect schema refuses the content save before writing (1415.157467ms)
2026-10-05T22:23:29.0181845Z ✔ ordinary scoped stale content CAS does not write a redirect or change the externally updated version (1486.156193ms)
2026-10-05T22:23:29.0182939Z ✔ ordinary scoped existing redirect timestamp follows Source JS Date for Tue, 01 Jan 2030 00:00:00 GMT (1729.697939ms)
2026-10-05T22:23:29.0183967Z ✔ ordinary scoped existing redirect timestamp follows Source JS Date for 2030-01-01T00:00:00.1235Z (1584.100288ms)
2026-10-05T22:23:29.0184836Z ✔ ordinary scoped existing redirect timestamp follows Source JS Date for not-a-date (1634.613894ms)
2026-10-05T22:23:29.0185691Z ✔ actual raw D1 content save commits redirects and collapses/reverts its chain (2191.637568ms)
2026-10-05T22:23:29.0186489Z ✔ actual raw D1 redirect failure rolls content back in the same physical batch (1658.397753ms)
2026-10-05T22:23:29.0187291Z ✔ actual raw D1 occupied redirect lease refuses the whole content save (2134.12241ms)
2026-10-05T22:23:29.0188089Z ✔ actual scoped D1 content save commits redirects and collapses/reverts its chain (2012.143209ms)
2026-10-05T22:23:29.0188888Z ✔ actual scoped D1 redirect failure rolls content back in the same physical batch (1629.915385ms)
2026-10-05T22:23:29.0189704Z ✔ actual scoped D1 occupied redirect lease refuses the whole content save (2087.10391ms)
2026-10-05T22:23:29.0190468Z ✔ actual content service slug save persists and publishes its automatic redirect (68.421562ms)
2026-10-05T22:23:29.0192542Z ✔ actual successive content saves collapse chains and a reverted slug stays reachable (44.430784ms)
2026-10-05T22:23:29.0193349Z ✔ redirect write failure rolls the actual content save back (30.801231ms)
2026-10-05T22:23:29.0194030Z ✔ a surviving locale holder keeps the old public path available (26.569314ms)
2026-10-05T22:23:29.0194783Z ✔ staging a draft revision leaves live slug and redirects untouched (25.753764ms)
2026-10-05T22:23:29.0195823Z ✔ content updates on current canonical storage preserve zero-redirect-table behavior (16.18134ms)
2026-10-05T22:23:29.0196999Z ✔ ordinary occupied lease precedes invalid stored timestamp as in Source repository (702.319862ms)
2026-10-05T22:23:29.0197882Z ✔ ordinary selected-row snapshot change rolls back then prepares the real replacement state (34.802506ms)
2026-10-05T22:23:29.0198865Z ✔ ordinary changing selected-row snapshot exhausts exactly five complete attempts with native conflict (40.39897ms)
2026-10-05T22:23:29.0199855Z ✔ ordinary legacy null redirect timestamp follows Source JS acceptance with an exact null snapshot (31.396172ms)
2026-10-05T22:23:29.0200819Z ✔ ordinary interrupted Source guard migration preserves nullable raw configuration revision (30.947538ms)
2026-10-05T22:23:29.0201924Z ✔ native deferred task host handoff cannot synchronously reject its caller (159.371983ms)
2026-10-05T22:23:29.0202635Z ✔ public redirect caches keep independent databases separate (64.603707ms)
2026-10-05T22:23:29.0203567Z ✔ published writes invalidate the cache through a real database wrapper (19.134793ms)
2026-10-05T22:23:29.0204430Z ✔ ordinary node publishing an already-live changed staged slug commits and publishes its redirect (76.485728ms)
2026-10-05T22:23:29.0205295Z ✔ ordinary node redirect write refusal rolls back publication and retains the actual draft (39.798214ms)
2026-10-05T22:23:29.0206311Z ✔ ordinary node reconciled post-commit transport failure still publishes the actual redirect (56.302591ms)
2026-10-05T22:23:29.0207198Z ✔ ordinary node unconfirmed pre-commit transport failure cannot publish content or artifacts (49.99084ms)
2026-10-05T22:23:29.0208080Z ✔ ordinary node first publish promotes its draft without creating or publishing a redirect (30.996615ms)
2026-10-05T22:23:29.0209026Z ✔ ordinary raw publishing an already-live changed staged slug commits and publishes its redirect (2124.195159ms)
2026-10-05T22:23:29.0209906Z ✔ ordinary raw redirect write refusal rolls back publication and retains the actual draft (1839.578842ms)
2026-10-05T22:23:29.0210826Z ✔ ordinary raw reconciled post-commit transport failure still publishes the actual redirect (1943.511261ms)
2026-10-05T22:23:29.0211995Z ✔ ordinary raw unconfirmed pre-commit transport failure cannot publish content or artifacts (1829.852949ms)
2026-10-05T22:23:29.0212949Z ✔ ordinary raw first publish promotes its draft without creating or publishing a redirect (1622.438116ms)
2026-10-05T22:23:29.0213885Z ✔ ordinary scoped publishing an already-live changed staged slug commits and publishes its redirect (1983.821551ms)
2026-10-05T22:23:29.0214810Z ✔ ordinary scoped redirect write refusal rolls back publication and retains the actual draft (1936.505349ms)
2026-10-05T22:23:29.0215715Z ✔ ordinary scoped reconciled post-commit transport failure still publishes the actual redirect (2016.552402ms)
2026-10-05T22:23:29.0216666Z ✔ ordinary scoped unconfirmed pre-commit transport failure cannot publish content or artifacts (1927.075488ms)
2026-10-05T22:23:29.0217623Z ✔ ordinary scoped first publish promotes its draft without creating or publishing a redirect (1560.260963ms)
2026-10-05T22:23:29.0218536Z ✔ actual trusted redirect HTTP transport creates, lists, edits and deletes through Source handlers (89.100113ms)
2026-10-05T22:23:29.0219477Z ✔ actual redirect HTTP parsing preserves Source JSON, path and pagination diagnostics (29.489857ms)
2026-10-05T22:23:29.0220319Z ✔ actual redirect HTTP 404 summary, pruning and clearing mutate real stored paths (21.19402ms)
2026-10-05T22:23:29.0221406Z ✔ actual historical5 redirect HTTP storage returns 503 without creating redirect tables (7.765654ms)
2026-10-05T22:23:29.0222446Z ✔ actual raw D1 trusted redirect HTTP CRUD and 404 transport reaches persisted rows (1673.124271ms)
2026-10-05T22:23:29.0223364Z ✔ actual scoped D1 trusted redirect HTTP CRUD and 404 transport reaches persisted rows (1562.586355ms)
2026-10-05T22:23:29.0224265Z ✔ anonymous scoped D1 redirects retain deferred hits and deduplicated misses (2037.836471ms)
2026-10-05T22:23:29.0225051Z ✔ real D1 publishes large sharded rules and preserves pattern order (3008.211454ms)
2026-10-05T22:23:29.0225783Z ✔ real D1 repairs and serves a published redirect generation (910.807794ms)
2026-10-05T22:23:29.0226467Z ✔ public exact redirect precedes the page resolver (125.527094ms)
2026-10-05T22:23:29.0227096Z ✔ public pattern redirects preserve captured paths (57.694043ms)
2026-10-05T22:23:29.0227742Z ✔ terminal rules return Gone without a Location header (49.149768ms)
2026-10-05T22:23:29.0228523Z ✔ public misses create a persisted deduplicated 404 log without changing the response (48.752022ms)
2026-10-05T22:23:29.0229475Z [2m10:19:25 PM[22m [36m[1m[vite][22m[39m [90m[2m(client)[22m[39m Forced re-optimization of dependencies
2026-10-05T22:23:29.0230319Z [2m10:19:27 PM[22m [36m[1m[vite][22m[39m [90m[2m(client)[22m[39m [optimizer] scanning dependencies...
2026-10-05T22:23:29.0231021Z ▶ development HTTP remote boundaries fail closed
2026-10-05T22:23:29.0232155Z   ✔ the route handles unavailable content and owns a disabled collection-qualified form (1251.356478ms)
2026-10-05T22:23:29.0232972Z   ✔ valid anonymous schema/content reads return 401 envelopes (59.975507ms)
2026-10-05T22:23:29.0233675Z   ✔ valid anonymous mutations deny access and client claims are rejected (37.795205ms)
2026-10-05T22:23:29.0234235Z Remote function schema validation failed: [
2026-10-05T22:23:29.0234745Z   {
2026-10-05T22:23:29.0235073Z     kind: 'schema',
2026-10-05T22:23:29.0235409Z     type: 'string',
2026-10-05T22:23:29.0235784Z     input: 1,
2026-10-05T22:23:29.0236087Z     expected: 'string',
2026-10-05T22:23:29.0236451Z     received: '1',
2026-10-05T22:23:29.0236884Z     message: 'Invalid type: Expected string but received 1',
2026-10-05T22:23:29.0237364Z     requirement: undefined,
2026-10-05T22:23:29.0237705Z     path: [ [Object] ],
2026-10-05T22:23:29.0238016Z     issues: undefined,
2026-10-05T22:23:29.0238402Z     lang: undefined,
2026-10-05T22:23:29.0238760Z     abortEarly: undefined,
2026-10-05T22:23:29.0239131Z     abortPipeEarly: undefined
2026-10-05T22:23:29.0239507Z   }
2026-10-05T22:23:29.0239792Z ]
2026-10-05T22:23:29.0240186Z Remote function schema validation failed: [
2026-10-05T22:23:29.0240579Z   {
2026-10-05T22:23:29.0240903Z     kind: 'validation',
2026-10-05T22:23:29.0241611Z     type: 'min_length',
2026-10-05T22:23:29.0242006Z     input: '',
2026-10-05T22:23:29.0242337Z     expected: '>=1',
2026-10-05T22:23:29.0242630Z     received: '0',
2026-10-05T22:23:29.0243081Z     message: 'Invalid length: Expected >=1 but received 0',
2026-10-05T22:23:29.0243482Z     requirement: 1,
2026-10-05T22:23:29.0243806Z     path: [ [Object] ],
2026-10-05T22:23:29.0244143Z     issues: undefined,
2026-10-05T22:23:29.0244490Z     lang: undefined,
2026-10-05T22:23:29.0244809Z     abortEarly: undefined,
2026-10-05T22:23:29.0245136Z     abortPipeEarly: undefined
2026-10-05T22:23:29.0245527Z   }
2026-10-05T22:23:29.0245796Z ]
2026-10-05T22:23:29.0246145Z Remote function schema validation failed: [
2026-10-05T22:23:29.0246553Z   {
2026-10-05T22:23:29.0246912Z     kind: 'validation',
2026-10-05T22:23:29.0247266Z     type: 'max_length',
2026-10-05T22:23:29.0248128Z     input: 'xxxxxxxxxxxxxxxxxxxxxxxxxxxxxxxxxxxxxxxxxxxxxxxxxxxxxxxxxxxxxxxxxxxxxxxxxxxxxxxxxxxxxxxxxxxxxxxxxxxxxxxxxxxxxxxxxxxxxxxxxxxxxxxxx',
2026-10-05T22:23:29.0248980Z     expected: '<=128',
2026-10-05T22:23:29.0249295Z     received: '129',
2026-10-05T22:23:29.0249784Z     message: 'Invalid length: Expected <=128 but received 129',
2026-10-05T22:23:29.0250193Z     requirement: 128,
2026-10-05T22:23:29.0250489Z     path: [ [Object] ],
2026-10-05T22:23:29.0250853Z     issues: undefined,
2026-10-05T22:23:29.0251158Z     lang: undefined,
2026-10-05T22:23:29.0251702Z     abortEarly: undefined,
2026-10-05T22:23:29.0252069Z     abortPipeEarly: undefined
2026-10-05T22:23:29.0252395Z   }
2026-10-05T22:23:29.0252685Z ]
2026-10-05T22:23:29.0253325Z   ✔ query schemas reject invalid collection-qualified arguments before authorization (17.119868ms)
2026-10-05T22:23:29.0254188Z   ✔ decoded form validation identifies the rejected collection, data or revision field (21.289048ms)
2026-10-05T22:23:29.0254891Z ✔ development HTTP remote boundaries fail closed (5405.021699ms)
2026-10-05T22:23:29.0255798Z ✔ Node: required/optional string/text defaults and cleared bounds preserve exact submitted/omitted validation (4106.927581ms)
2026-10-05T22:23:29.0256852Z ✔ Node: legacy required empty/null values remain readable and untouched by omitted patches, trash, restore and reopen (173.406267ms)
2026-10-05T22:23:29.0257867Z ✔ D1: required/optional string/text defaults and cleared bounds preserve exact submitted/omitted validation (56825.293556ms)
2026-10-05T22:23:29.0258972Z ✔ D1: legacy required empty/null values remain readable and untouched by omitted patches, trash, restore and reopen (1891.495735ms)
2026-10-05T22:23:29.0259850Z ✔ Node: global maintenance consumes the oldest ten snapshots across collections (91.703586ms)
2026-10-05T22:23:29.0260824Z ✔ Node: an actual prune SQL failure leaves that entry queued and continues the batch (121.241209ms)
2026-10-05T22:23:29.0261737Z ✔ Node: a later queue write survives global snapshot acknowledgement (56.364561ms)
2026-10-05T22:23:29.0262486Z ✔ Node: an empty global queue never reads or deletes revision history (31.946804ms)
2026-10-05T22:23:29.0263322Z ✔ Node: global pruning keeps older protected live and draft pointers (74.338417ms)
2026-10-05T22:23:29.0264056Z ✔ D1: global maintenance consumes the oldest ten snapshots across collections (1671.795809ms)
2026-10-05T22:23:29.0265005Z ✔ D1: an actual prune SQL failure leaves that entry queued and continues the batch (2834.72481ms)
2026-10-05T22:23:29.0265753Z ✔ D1: a later queue write survives global snapshot acknowledgement (1496.297466ms)
2026-10-05T22:23:29.0266525Z ✔ D1: an empty global queue never reads or deletes revision history (202.79819ms)
2026-10-05T22:23:29.0267206Z ✔ D1: global pruning keeps older protected live and draft pointers (1425.422806ms)
2026-10-05T22:23:29.0268057Z ✔ Node: the trusted maintenance entry opens real persistent storage and can run again after restart (242.779521ms)
2026-10-05T22:23:29.0269093Z ✔ D1: the trusted maintenance entry uses the actual Worker D1 binding and persists across runtime reopen (1692.97463ms)
2026-10-05T22:23:29.0270053Z ✔ Worker: a trusted scheduled handler must expose actual revision maintenance without a public route (0.411485ms)
2026-10-05T22:23:29.0271014Z ✔ RV1: whole Source callbacks and namespace-only coordinator retain their recorded hashes (401.274725ms)
2026-10-05T22:23:29.0272095Z ▶ RV1 reference Node complete repository pruning callbacks
2026-10-05T22:23:29.0272785Z   ✔ does not delete a revision inserted after the queued prune snapshot (139.647449ms)
2026-10-05T22:23:29.0273615Z   ✔ prunes through the queued revision while preserving referenced live and draft revisions (113.811712ms)
2026-10-05T22:23:29.0274424Z ✔ RV1 reference Node complete repository pruning callbacks (254.985638ms)
2026-10-05T22:23:29.0275022Z ▶ RV1 reference D1 complete repository pruning callbacks
2026-10-05T22:23:29.0275642Z   ✔ does not delete a revision inserted after the queued prune snapshot (2652.872917ms)
2026-10-05T22:23:29.0276416Z   ✔ prunes through the queued revision while preserving referenced live and draft revisions (1533.185619ms)
2026-10-05T22:23:29.0277182Z ✔ RV1 reference D1 complete repository pruning callbacks (4186.554117ms)
2026-10-05T22:23:29.0277820Z ▶ RV1 product Node complete repository pruning callbacks
2026-10-05T22:23:29.0278427Z   ✔ does not delete a revision inserted after the queued prune snapshot (95.728924ms)
2026-10-05T22:23:29.0279176Z   ✔ prunes through the queued revision while preserving referenced live and draft revisions (102.362561ms)
2026-10-05T22:23:29.0280004Z ✔ RV1 product Node complete repository pruning callbacks (198.954583ms)
2026-10-05T22:23:29.0280576Z ▶ RV1 product D1 complete repository pruning callbacks
2026-10-05T22:23:29.0281513Z   ✔ does not delete a revision inserted after the queued prune snapshot (1435.778023ms)
2026-10-05T22:23:29.0282355Z   ✔ prunes through the queued revision while preserving referenced live and draft revisions (1467.487129ms)
2026-10-05T22:23:29.0283118Z ✔ RV1 product D1 complete repository pruning callbacks (2903.96358ms)
2026-10-05T22:23:29.0283694Z ▶ RV1 reference complete cleanup callbacks
2026-10-05T22:23:29.0284117Z   ▶ Revision Pruning
2026-10-05T22:23:29.0284641Z     ✔ prunes old revisions keeping the most recent N (294.661082ms)
2026-10-05T22:23:29.0285288Z     ✔ is a no-op when revision count is at or below keepCount (63.443372ms)
2026-10-05T22:23:29.0286031Z     ✔ prunes eligible history while preserving old live and current draft revisions (81.436704ms)
2026-10-05T22:23:29.0286613Z   ✔ Revision Pruning (441.061947ms)
2026-10-05T22:23:29.0287059Z   ▶ Scheduled cleanup revision projection
2026-10-05T22:23:29.0287576Z     ✔ prunes revision entries queued by revision writes (88.874639ms)
2026-10-05T22:23:29.0288147Z     ✔ processes the oldest queued revision entries first (58.087927ms)
2026-10-05T22:23:29.0288882Z     ✔ does not query the full revision history (33.007478ms)
2026-10-05T22:23:29.0289393Z   ✔ Scheduled cleanup revision projection (180.455253ms)
2026-10-05T22:23:29.0289929Z ✔ RV1 reference complete cleanup callbacks (622.288323ms)
2026-10-05T22:23:29.0290450Z ▶ RV1 product complete cleanup callbacks
2026-10-05T22:23:29.0290809Z   ▶ Revision Pruning
2026-10-05T22:23:29.0291714Z     ✔ prunes old revisions keeping the most recent N (217.668638ms)
2026-10-05T22:23:29.0292339Z     ✔ is a no-op when revision count is at or below keepCount (56.768325ms)
2026-10-05T22:23:29.0293095Z     ✔ prunes eligible history while preserving old live and current draft revisions (69.485076ms)
2026-10-05T22:23:29.0293645Z   ✔ Revision Pruning (344.527695ms)
2026-10-05T22:23:29.0294114Z   ▶ Scheduled cleanup revision projection
2026-10-05T22:23:29.0294624Z     ✔ prunes revision entries queued by revision writes (86.064585ms)
2026-10-05T22:23:29.0295201Z     ✔ processes the oldest queued revision entries first (81.336216ms)
2026-10-05T22:23:29.0295795Z     ✔ does not query the full revision history (23.782262ms)
2026-10-05T22:23:29.0296318Z   ✔ Scheduled cleanup revision projection (191.454317ms)
2026-10-05T22:23:29.0296838Z ✔ RV1 product complete cleanup callbacks (536.217529ms)
2026-10-05T22:23:29.0297506Z [warn] `inlineDynamicImports` option is deprecated, please use `codeSplitting: false` instead.
2026-10-05T22:23:29.0298123Z [33m
2026-10-05T22:23:29.0298888Z [1m(!)[22m outDir [37m[2m/tmp/cms-revision-scheduled-ri1s5O/build[22m[33m is not inside project root and will not be emptied.
2026-10-05T22:23:29.0299571Z Use --emptyOutDir to override.
2026-10-05T22:23:29.0299926Z [39m
2026-10-05T22:23:29.0300596Z ✔ workerd: a real scheduled event anchors global pruning and keeps persistent D1 state across restart (1303.744075ms)
2026-10-05T22:23:29.0301661Z ✔ sqlite.test.ts:25 — configured runtime opens a fresh database file in WAL mode (124.373036ms)
2026-10-05T22:23:29.0302536Z ✔ configured storage persists content and resolves current trusted roles across runtime restart (140.709019ms)
2026-10-05T22:23:29.0303444Z ✔ unconfigured runtime clears foreign locals and creates no trusted presentation or identity (0.792712ms)
2026-10-05T22:23:29.0304334Z ✔ concurrent first requests share a migrated adapter while sessions remain request-specific (45.094503ms)
2026-10-05T22:23:29.0305152Z ✔ runtime rejects untrusted or malformed origins before opening configured storage (3.05837ms)
2026-10-05T22:23:29.0305988Z ✔ runtime host configuration opts into one persistent adapter and trusted public origin (0.906726ms)
2026-10-05T22:23:29.0306837Z ✔ configured runtime migrates the persistent database before resolving an anonymous session (32.640392ms)
2026-10-05T22:23:29.0307751Z ✔ trusted D1 platform configuration migrates local storage, resolves fresh roles and forwards request waitUntil (2280.817282ms)
2026-10-05T22:23:29.0308703Z ✔ runtime close prevents an in-flight configuration from opening a new database afterward (6.73721ms)
2026-10-05T22:23:29.0309592Z ✔ all close callers await an already-started migration and its request cannot use the closing adapter (1812.085011ms)
2026-10-05T22:23:29.0310477Z ✔ the actual fixture listener obtains its first port without a released reservation (185.620436ms)
2026-10-05T22:23:29.0311392Z ✔ independent ordinary fixtures keep distinct directly bound listeners (181.856708ms)
2026-10-05T22:23:29.0312249Z ✔ a genuine process restart retains the reported trusted origin and releases its listener (188.71297ms)
2026-10-05T22:23:29.0313098Z ✔ Node: 24 paired scalar DDL/metadata/omission/NULL/duplicate cases survive restart (968.8745ms)
2026-10-05T22:23:29.0314137Z ✔ Node: opening a legacy table preserves divergent defaults/indexes and stored values (55.89307ms)
2026-10-05T22:23:29.0315003Z ✔ Node: authorized future fields retain stale/racing schema CAS and independent DDL rollback (52.158996ms)
2026-10-05T22:23:29.0316002Z ✔ Node: metadata defaults and unenforced uniqueness round-trip through content; required empty strings are rejected (49.746512ms)
2026-10-05T22:23:29.0316976Z ✔ D1: 24 paired scalar DDL/metadata/omission/NULL/duplicate cases survive restart (11291.233021ms)
2026-10-05T22:23:29.0317752Z ✔ D1: opening a legacy table preserves divergent defaults/indexes and stored values (407.025624ms)
2026-10-05T22:23:29.0318735Z ✔ D1: authorized future fields retain stale/racing schema CAS and independent DDL rollback (1239.610875ms)
2026-10-05T22:23:29.0319685Z ✔ D1: metadata defaults and unenforced uniqueness round-trip through content; required empty strings are rejected (366.46265ms)
2026-10-05T22:23:29.0320550Z ✔ native form instance keys match the collection and never enter service inputs (6.670204ms)
2026-10-05T22:23:29.0321659Z ✔ native supports preserve omission, explicit empty arrays and supported flags (0.945123ms)
2026-10-05T22:23:29.0322401Z ✔ decimal strings convert safely while blank optional bounds stay omitted (1.5089ms)
2026-10-05T22:23:29.0323293Z ✔ native field validation gives bound/default issue paths that block the handler (1.739908ms)
2026-10-05T22:23:29.0324043Z ✔ client claims and content revision tokens remain invalid schema form inputs (0.798115ms)
2026-10-05T22:23:29.0324852Z ✔ Node schema administration orders and deletes through the existing service and atomic registry (70.180287ms)
2026-10-05T22:23:29.0325860Z ✔ D1 schema administration orders and deletes through the existing service and atomic registry (1308.718881ms)
2026-10-05T22:23:29.0326671Z ✔ schema field builder reads the actual canonical block type and version inventory (37.64095ms)
2026-10-05T22:23:29.0327489Z ✔ schema controls need a trusted valid manager, explicit mutation opt-in and storage (2.144749ms)
2026-10-05T22:23:29.0328398Z ✔ UI capability denies invalid or unauthorized principals before configuration and storage inspection (0.478984ms)
2026-10-05T22:23:29.0329216Z ✔ Node: registry.test.ts:37: should create a collection (6 assertions) (65.00258ms)
2026-10-05T22:23:29.0330024Z ✔ Node: registry.test.ts:53: defaults supports when undefined (1 assertions) (37.920068ms)
2026-10-05T22:23:29.0330824Z ✔ Node: registry.test.ts:63: preserves explicit empty supports opt-out (1 assertions) (32.624993ms)
2026-10-05T22:23:29.0331774Z ✔ Node: registry.test.ts:86: creates the content table (1 assertions) (32.48714ms)
2026-10-05T22:23:29.0332551Z ✔ Node: registry.test.ts:113: lists collections sorted by slug (2 assertions) (39.854283ms)
2026-10-05T22:23:29.0333326Z ✔ Node: registry.test.ts:351: rejects duplicate collections (1 assertions) (33.295599ms)
2026-10-05T22:23:29.0334074Z ✔ Node: registry.test.ts:359: rejects reserved collection slugs (2 assertions) (28.655348ms)
2026-10-05T22:23:29.0334893Z ✔ Node: registry.test.ts:369: validates collection slug format (3 assertions) (29.067155ms)
2026-10-05T22:23:29.0335650Z ✔ Node: registry.test.ts:439: creates a required string field (5 assertions) (32.047318ms)
2026-10-05T22:23:29.0336391Z ✔ Node: registry.test.ts:610: adds the physical content column (1 assertions) (36.751552ms)
2026-10-05T22:23:29.0337203Z ✔ Node: registry.test.ts:654: gets a field by slug with validation (2 assertions) (35.312739ms)
2026-10-05T22:23:29.0337952Z ✔ D1: registry.test.ts:37: should create a collection (6 assertions) (1164.691014ms)
2026-10-05T22:23:29.0338691Z ✔ D1: registry.test.ts:53: defaults supports when undefined (1 assertions) (138.141864ms)
2026-10-05T22:23:29.0339527Z ✔ D1: registry.test.ts:63: preserves explicit empty supports opt-out (1 assertions) (154.848986ms)
2026-10-05T22:23:29.0340266Z ✔ D1: registry.test.ts:86: creates the content table (1 assertions) (132.927618ms)
2026-10-05T22:23:29.0341057Z ✔ D1: registry.test.ts:113: lists collections sorted by slug (2 assertions) (169.370717ms)
2026-10-05T22:23:29.0341917Z ✔ D1: registry.test.ts:351: rejects duplicate collections (1 assertions) (139.203023ms)
2026-10-05T22:23:29.0342679Z ✔ D1: registry.test.ts:359: rejects reserved collection slugs (2 assertions) (102.675925ms)
2026-10-05T22:23:29.0343559Z ✔ D1: registry.test.ts:369: validates collection slug format (3 assertions) (93.014546ms)
2026-10-05T22:23:29.0344805Z ✔ D1: registry.test.ts:439: creates a required string field (5 assertions) (183.835764ms)
2026-10-05T22:23:29.0345567Z ✔ D1: registry.test.ts:610: adds the physical content column (1 assertions) (176.920067ms)
2026-10-05T22:23:29.0346407Z ✔ D1: registry.test.ts:654: gets a field by slug with validation (2 assertions) (196.436888ms)
2026-10-05T22:23:29.0347197Z ✔ schema service checks permission before touching storage or parsing inputs (2.878701ms)
2026-10-05T22:23:29.0348078Z ✔ coalescing actual D1 refuses registered dynamic operations before flushing, preparing or enqueuing (201.423741ms)
2026-10-05T22:23:29.0349078Z ✔ coalescing actual D1 refuses serialized dynamic operations before flushing, preparing or enqueuing (149.350379ms)
2026-10-05T22:23:29.0349976Z ✔ coalescing actual D1 ordinary atomic writes and real result positions remain intact (130.877949ms)
2026-10-05T22:23:29.0350719Z ✔ node: recognizes exactly the complete source-managed group (10.216276ms)
2026-10-05T22:23:29.0351689Z ✔ d1: recognizes exactly the complete source-managed group (2.982366ms)
2026-10-05T22:23:29.0352361Z ✔ SEC1 uncompressed public-coordinate bytes: x=zero, y=zero (1.302842ms)
2026-10-05T22:23:29.0353081Z ✔ SEC1 uncompressed public-coordinate bytes: x=zero, y=one-byte (0.29211ms)
2026-10-05T22:23:29.0353795Z ✔ SEC1 uncompressed public-coordinate bytes: x=zero, y=31-byte (0.280357ms)
2026-10-05T22:23:29.0354457Z ✔ SEC1 uncompressed public-coordinate bytes: x=zero, y=32-byte (0.176666ms)
2026-10-05T22:23:29.0355161Z ✔ SEC1 uncompressed public-coordinate bytes: x=one-byte, y=zero (0.209856ms)
2026-10-05T22:23:29.0355840Z ✔ SEC1 uncompressed public-coordinate bytes: x=one-byte, y=one-byte (0.165243ms)
2026-10-05T22:23:29.0356585Z ✔ SEC1 uncompressed public-coordinate bytes: x=one-byte, y=31-byte (0.372611ms)
2026-10-05T22:23:29.0357306Z ✔ SEC1 uncompressed public-coordinate bytes: x=one-byte, y=32-byte (0.251311ms)
2026-10-05T22:23:29.0358004Z ✔ SEC1 uncompressed public-coordinate bytes: x=31-byte, y=zero (2.145511ms)
2026-10-05T22:23:29.0358651Z ✔ SEC1 uncompressed public-coordinate bytes: x=31-byte, y=one-byte (0.280757ms)
2026-10-05T22:23:29.0359347Z ✔ SEC1 uncompressed public-coordinate bytes: x=31-byte, y=31-byte (0.130843ms)
2026-10-05T22:23:29.0360041Z ✔ SEC1 uncompressed public-coordinate bytes: x=31-byte, y=32-byte (1.327732ms)
2026-10-05T22:23:29.0360678Z ✔ SEC1 uncompressed public-coordinate bytes: x=32-byte, y=zero (0.118957ms)
2026-10-05T22:23:29.0361540Z ✔ SEC1 uncompressed public-coordinate bytes: x=32-byte, y=one-byte (0.06374ms)
2026-10-05T22:23:29.0362209Z ✔ SEC1 uncompressed public-coordinate bytes: x=32-byte, y=31-byte (0.055609ms)
2026-10-05T22:23:29.0362886Z ✔ SEC1 uncompressed public-coordinate bytes: x=32-byte, y=32-byte (0.06096ms)
2026-10-05T22:23:29.0363629Z ✔ SEC1 uncompressed public-coordinate bytes: public NIST P-256 generator (0.060088ms)
2026-10-05T22:23:29.0364470Z ✔ Node: final pinned Source021 sections are ready without obsolete category objects (14.300527ms)
2026-10-05T22:23:29.0365281Z ✔ D1: final pinned Source021 sections are ready without obsolete category objects (1001.234967ms)
2026-10-05T22:23:29.0366019Z ✔ content palette insertion carries the pinned default title (1.525796ms)
2026-10-05T22:23:29.0366646Z ✔ menu palette insertion carries the pinned default title (0.193032ms)
2026-10-05T22:23:29.0367377Z ✔ component palette insertion leaves prop defaults to the renderer until actually edited (0.33683ms)
2026-10-05T22:23:29.0368262Z ✔ Node: sections readiness rejects a quoted timestamp literal in place of the Source expression (9.637153ms)
2026-10-05T22:23:29.0369125Z ✔ Node: widgets readiness rejects a quoted timestamp literal in place of the Source expression (4.450406ms)
2026-10-05T22:23:29.0370007Z ✔ D1: sections readiness rejects a quoted timestamp literal in place of the Source expression (980.553854ms)
2026-10-05T22:23:29.0370883Z ✔ D1: widgets readiness rejects a quoted timestamp literal in place of the Source expression (63.926622ms)
2026-10-05T22:23:29.0371886Z ✔ Node: sections readiness rejects non-SQLite NBSP that swallows a timestamp default into the column type (1.895204ms)
2026-10-05T22:23:29.0372861Z ✔ Node: widgets readiness rejects non-SQLite NBSP that swallows a timestamp default into the column type (1.384003ms)
2026-10-05T22:23:29.0373878Z ✔ D1: sections readiness rejects non-SQLite NBSP that swallows a timestamp default into the column type (24.531146ms)
2026-10-05T22:23:29.0374796Z ✔ D1: widgets readiness rejects non-SQLite NBSP that swallows a timestamp default into the column type (40.030185ms)
2026-10-05T22:23:29.0375759Z ✔ Node: sections readiness rejects when double quotes remain inside a different SQL default literal (6.917018ms)
2026-10-05T22:23:29.0376559Z ✔ Node: sections readiness rejects when literal case remains significant (3.094695ms)
2026-10-05T22:23:29.0377365Z ✔ Node: sections readiness rejects when literal whitespace remains significant (1.804682ms)
2026-10-05T22:23:29.0378239Z ✔ Node: sections readiness rejects when doubled single-quote escaping remains inside the literal (1.527904ms)
2026-10-05T22:23:29.0379172Z ✔ Node: sections readiness accepts CREATE keyword case, identifier quoting and outside-literal whitespace (2.729255ms)
2026-10-05T22:23:29.0380154Z ✔ D1: sections readiness rejects when double quotes remain inside a different SQL default literal (975.587851ms)
2026-10-05T22:23:29.0380922Z ✔ D1: sections readiness rejects when literal case remains significant (43.768032ms)
2026-10-05T22:23:29.0381779Z ✔ D1: sections readiness rejects when literal whitespace remains significant (27.13362ms)
2026-10-05T22:23:29.0382666Z ✔ D1: sections readiness rejects when doubled single-quote escaping remains inside the literal (30.628144ms)
2026-10-05T22:23:29.0383594Z ✔ D1: sections readiness accepts CREATE keyword case, identifier quoting and outside-literal whitespace (22.880766ms)
2026-10-05T22:23:29.0384505Z ✔ Node: actual complete Source DDL is ready and absent/partial storage is never silently installed (18.235999ms)
2026-10-05T22:23:29.0385450Z ✔ D1: actual complete Source DDL is ready and absent/partial storage is never silently installed (1093.850874ms)
2026-10-05T22:23:29.0386180Z ✔ native SEO API exists: ../src/lib/seo/meta.ts (8.815322ms)
2026-10-05T22:23:29.0386774Z ✔ native SEO API exists: ../src/lib/seo/contributions.ts (3.513498ms)
2026-10-05T22:23:29.0387425Z ✔ native SEO API exists: ../src/lib/seo/metadata.ts (8.22948ms)
2026-10-05T22:23:29.0388022Z ✔ native SEO API exists: ../src/lib/server/seo/panel.ts (6.730825ms)
2026-10-05T22:23:29.0388753Z ✔ native head renders the supplied document title and description safely (200.15101ms)
2026-10-05T22:23:29.0389460Z ✔ native head renders the canonical, noindex and Open Graph URL (13.0958ms)
2026-10-05T22:23:29.0390137Z ✔ native head keeps page title distinct from the suffixed document title (11.003777ms)
2026-10-05T22:23:29.0390932Z ✔ native head renders configured verification and the default social image (11.336285ms)
2026-10-05T22:23:29.0392088Z ✔ native head applies supplied contribution precedence before base metadata (8.151783ms)
2026-10-05T22:23:29.0392970Z ✔ native head embeds one safe JSON-LD script with the original structured values (10.94751ms)
2026-10-05T22:23:29.0393883Z ✔ server bridge derives the supported content and publication permissions from a current role (2.582181ms)
2026-10-05T22:23:29.0395022Z ✔ request-scoped cookie resolution observes role changes, revocation and expiry, with writes disabled by default (121.494883ms)
2026-10-05T22:23:29.0395969Z ✔ unconfigured handle clears stale locals and does not open or migrate storage (0.734893ms)
2026-10-05T22:23:29.0396808Z ✔ clean migration registers empty auth tables and version two, and is idempotent (96.433134ms)
2026-10-05T22:23:29.0397736Z ✔ version-one upgrade preserves definitions/drafts across migration and restart (126.148616ms)
2026-10-05T22:23:29.0398507Z ✔ incomplete, untracked and future migration states reject without repair (213.557622ms)
2026-10-05T22:23:29.0399298Z ✔ failed auth DDL or marker commits roll back the entire clean/upgrade batch (155.134605ms)
2026-10-05T22:23:29.0400025Z ✔ two independent clean and upgrade callers reach a fully migrated database (160.248984ms)
2026-10-05T22:23:29.0400821Z ✔ startup accepts a complete concurrent upgrade between its preflight reads (73.25222ms)
2026-10-05T22:23:29.0401716Z ✔ Node: empty trash counts zero; adapted upstream locale count values are 1 scoped/3 all (93.248668ms)
2026-10-05T22:23:29.0402521Z ✔ Node: counts exceed page caps, change after trash/restore and persist across reopen (464.671867ms)
2026-10-05T22:23:29.0403342Z ✔ Node: count predicate retains the draft-only bound on synthetic mixed statuses (36.68214ms)
2026-10-05T22:23:29.0404105Z ✔ Node: count input is scoped and strict, and reads require both existing permissions (41.700208ms)
2026-10-05T22:23:29.0406065Z ✔ D1: empty trash counts zero; adapted upstream locale count values are 1 scoped/3 all (746.253591ms)
2026-10-05T22:23:29.0406902Z ✔ D1: counts exceed page caps, change after trash/restore and persist across reopen (4872.346533ms)
2026-10-05T22:23:29.0407650Z ✔ D1: count predicate retains the draft-only bound on synthetic mixed statuses (215.899038ms)
2026-10-05T22:23:29.0408439Z ✔ D1: count input is scoped and strict, and reads require both existing permissions (233.878518ms)
2026-10-05T22:23:29.0409547Z ✔ 913cb1bb9b7f08c3ff0d258b4420e53835b6a58e:packages/core/tests/unit/database/repositories/cursor.test.ts:10 — round-trips a valid cursor (2.501189ms)
2026-10-05T22:23:29.0410813Z ✔ 913cb1bb9b7f08c3ff0d258b4420e53835b6a58e:packages/core/tests/unit/database/repositories/cursor.test.ts:16 — throws InvalidCursorError on empty string (0.66517ms)
2026-10-05T22:23:29.0412214Z ✔ 913cb1bb9b7f08c3ff0d258b4420e53835b6a58e:packages/core/tests/unit/database/repositories/cursor.test.ts:20 — throws InvalidCursorError on non-base64 input (0.360944ms)
2026-10-05T22:23:29.0413536Z ✔ 913cb1bb9b7f08c3ff0d258b4420e53835b6a58e:packages/core/tests/unit/database/repositories/cursor.test.ts:24 — throws InvalidCursorError on base64 of malformed JSON (0.29019ms)
2026-10-05T22:23:29.0414931Z ✔ 913cb1bb9b7f08c3ff0d258b4420e53835b6a58e:packages/core/tests/unit/database/repositories/cursor.test.ts:29 — throws InvalidCursorError on base64 JSON missing required fields (0.244406ms)
2026-10-05T22:23:29.0416316Z ✔ 913cb1bb9b7f08c3ff0d258b4420e53835b6a58e:packages/core/tests/unit/database/repositories/cursor.test.ts:34 — throws InvalidCursorError when id is not a string (0.253267ms)
2026-10-05T22:23:29.0417706Z ✔ 913cb1bb9b7f08c3ff0d258b4420e53835b6a58e:packages/core/tests/unit/database/repositories/cursor.test.ts:39 — rejects oversized cursors before attempting to decode (DoS guard) (0.154103ms)
2026-10-05T22:23:29.0419131Z ✔ 913cb1bb9b7f08c3ff0d258b4420e53835b6a58e:packages/core/tests/unit/database/repositories/cursor.test.ts:49 — error message truncates very long cursors (0.522582ms)
2026-10-05T22:23:29.0420115Z ✔ supplemental: UTF-8 standard-base64 round trip retains Unicode values (0.713459ms)
2026-10-05T22:23:29.0421018Z ✔ supplemental: empty fields, arbitrary timestamp/ID and extra context remain accepted (0.665226ms)
2026-10-05T22:23:29.0421917Z ✔ supplemental: decoder bound accepts 4096 characters and rejects 4100 (1.270745ms)
2026-10-05T22:23:29.0422662Z ✔ supplemental: non-object JSON and non-string orderValue remain invalid (0.837895ms)
2026-10-05T22:23:29.0423487Z ✔ supplemental: message truncation retains the exact first 47 characters (0.158224ms)
2026-10-05T22:23:29.0424275Z ✔ Node: navigation reads actual persisted descriptors and refreshed metadata (61.873063ms)
2026-10-05T22:23:29.0425013Z ✔ D1: navigation reads actual persisted descriptors and refreshed metadata (1175.846848ms)
2026-10-05T22:23:29.0425749Z ✔ anonymous and denied navigation avoids all storage inspection (0.687434ms)
2026-10-05T22:23:29.0426554Z ✔ authenticated unconfigured navigation preserves the principal and explicit storage availability (0.261001ms)
2026-10-05T22:23:29.0427394Z ✔ non-GET page rendering preserves principal display state without inspecting storage (1.826992ms)
2026-10-05T22:23:29.0428234Z ✔ shell provides a keyboard skip link to its actual main landmark (171.160203ms)
2026-10-05T22:23:29.0429006Z ✔ shell renders persisted collection descriptors while omitting hidden collections (2.310659ms)
2026-10-05T22:23:29.0429889Z ✔ authenticated principals without schema permission have no administration link (1.346537ms)
2026-10-05T22:23:29.0430659Z ✔ grouped collection navigation is a real accessible disclosure (0.966038ms)
2026-10-05T22:23:29.0431686Z ✔ collection navigation resolves the application base and actual active descendant path (0.98598ms)
2026-10-05T22:23:29.0432538Z ✔ shell has an accessible navigation toggle and controlled sidebar landmark (1.098705ms)
2026-10-05T22:23:29.0433296Z ✔ unavailable feature families are not advertised as working destinations (0.85601ms)
2026-10-05T22:23:29.0434162Z ✔ Node editor saves an actual scalar draft, publishes separately and recovers trash after restart (145.387025ms)
2026-10-05T22:23:29.0435107Z ✔ D1 editor saves an actual scalar draft, publishes separately and recovers trash after restart (1204.649432ms)
2026-10-05T22:23:29.0436039Z ✔ an accepted in-flight snapshot advances only its own baseline and preserves later keystrokes (0.68627ms)
2026-10-05T22:23:29.0436877Z ✔ a background refresh preserves a dirty writer copy and its stale comparison token (0.257505ms)
2026-10-05T22:23:29.0437725Z ✔ a conflict keeps the writer copy and stops autosave until an explicit save-anyway choice (0.735145ms)
2026-10-05T22:23:29.0438549Z ✔ terminal validation rejection stays dirty and is not autosaved again until content changes (0.60429ms)
2026-10-05T22:23:29.0439330Z ✔ pending submissions and read-only permissions cannot call a mutation twice (0.361883ms)
2026-10-05T22:23:29.0439901Z ℹ tests 1498
2026-10-05T22:23:29.0440211Z ℹ suites 44
2026-10-05T22:23:29.0440514Z ℹ pass 1498
2026-10-05T22:23:29.0440872Z ℹ fail 0
2026-10-05T22:23:29.0441160Z ℹ cancelled 0
2026-10-05T22:23:29.0441724Z ℹ skipped 0
2026-10-05T22:23:29.0442021Z ℹ todo 0
2026-10-05T22:23:29.0442414Z ℹ duration_ms 528229.134435
2026-10-05T22:23:29.0442797Z [validate] finished: service tests
2026-10-05T22:23:29.0532438Z Post job cleanup.
2026-10-05T22:23:29.1826163Z (node:7996) [DEP0040] DeprecationWarning: The `punycode` module is deprecated. Please use a userland alternative instead.
2026-10-05T22:23:29.1827136Z (Use `node --trace-deprecation ...` to show where the warning was created)
2026-10-05T22:23:29.1830314Z Cache hit occurred on the primary key node-cache-Linux-x64-pnpm-1b2c24200cfd1316e3dce863a9b3fb0280999a2d25c6d06742c40f0c6929ea4d, not saving cache.
2026-10-05T22:23:29.2154656Z Post job cleanup.
2026-10-05T22:23:29.3622120Z Pruning is unnecessary.
2026-10-05T22:23:29.3831453Z Post job cleanup.
2026-10-05T22:23:29.4777457Z [command]/usr/bin/git version
2026-10-05T22:23:29.4821556Z git version 2.55.0
2026-10-05T22:23:29.4866129Z Temporarily overriding HOME='/home/runner/work/_temp/fcb315b3-4714-4b11-b484-1229175a8804' before making global git config changes
2026-10-05T22:23:29.4868243Z Adding repository directory to the temporary git global config as a safe directory
2026-10-05T22:23:29.4872564Z [command]/usr/bin/git config --global --add safe.directory /home/runner/work/cms/cms
2026-10-05T22:23:29.4920828Z [command]/usr/bin/git config --local --name-only --get-regexp core\.sshCommand
2026-10-05T22:23:29.4960081Z [command]/usr/bin/git submodule foreach --recursive sh -c "git config --local --name-only --get-regexp 'core\.sshCommand' && git config --local --unset-all 'core.sshCommand' || :"
2026-10-05T22:23:29.5199513Z [command]/usr/bin/git config --local --name-only --get-regexp http\.https\:\/\/github\.com\/\.extraheader
2026-10-05T22:23:29.5232337Z http.https://github.com/.extraheader
2026-10-05T22:23:29.5244825Z [command]/usr/bin/git config --local --unset-all http.https://github.com/.extraheader
2026-10-05T22:23:29.5284758Z [command]/usr/bin/git submodule foreach --recursive sh -c "git config --local --name-only --get-regexp 'http\.https\:\/\/github\.com\/\.extraheader' && git config --local --unset-all 'http.https://github.com/.extraheader' || :"
2026-10-05T22:23:29.5524372Z [command]/usr/bin/git config --local --name-only --get-regexp ^includeIf\.gitdir:
2026-10-05T22:23:29.5555307Z [command]/usr/bin/git submodule foreach --recursive git config --local --show-origin --name-only --get-regexp remote.origin.url
2026-10-05T22:23:29.6007082Z Cleaning up orphan processes
2026-10-05T22:23:29.6317277Z ##[warning]Node.js 20 is deprecated. The following actions target Node.js 20 but are being forced to run on Node.js 24: actions/checkout@v4, actions/setup-node@v4, pnpm/action-setup@v4. For more information see: https://github.blog/changelog/2025-09-19-deprecation-of-node-20-on-github-actions-runners/
